Starting to train (PyTorch).
  [diag] log10|dL/dh_t| hist bins=60 range=(-12.50,-11.50) mean=-12.00 p50=-12.00 p05=-12.00 p95=-12.00
  [diag] sat-dist hist bins=60 sat<0.05=0.0% mean=0.907 p10=0.908 p90=0.908
Iter 0000020: train nll 1.807, valid error 100.000%, best valid error 100.000%, avg grad norm   1.661, avg grad norm (post clip)   0.052, rho_Whh  0.71, Omega  0.00, alpha  0.000, steps in the past 0.000, valid nll 1.708
  [diag] log10|dL/dh_t| hist bins=60 range=(-12.50,-11.50) mean=-12.00 p50=-12.00 p05=-12.00 p95=-12.00
  [diag] sat-dist hist bins=60 sat<0.05=0.0% mean=0.906 p10=0.907 p90=0.907
Iter 0000040: train nll 1.702, valid error 100.000%, best valid error 100.000%, avg grad norm   1.637, avg grad norm (post clip)   0.053, rho_Whh  0.71, Omega  0.00, alpha  0.000, steps in the past 0.000, valid nll 1.691
  [diag] log10|dL/dh_t| hist bins=60 range=(-12.50,-11.50) mean=-12.00 p50=-12.00 p05=-12.00 p95=-12.00
  [diag] sat-dist hist bins=60 sat<0.05=0.0% mean=0.905 p10=0.905 p90=0.905
Iter 0000060: train nll 1.685, valid error 100.000%, best valid error 100.000%, avg grad norm   1.643, avg grad norm (post clip)   0.053, rho_Whh  0.71, Omega  0.00, alpha  0.000, steps in the past 0.000, valid nll 1.674
  [diag] log10|dL/dh_t| hist bins=60 range=(-12.50,-11.50) mean=-12.00 p50=-12.00 p05=-12.00 p95=-12.00
  [diag] sat-dist hist bins=60 sat<0.05=0.0% mean=0.903 p10=0.903 p90=0.903
Iter 0000080: train nll 1.670, valid error 100.000%, best valid error 100.000%, avg grad norm   1.641, avg grad norm (post clip)   0.053, rho_Whh  0.71, Omega  0.00, alpha  0.000, steps in the past 0.000, valid nll 1.657
  [diag] log10|dL/dh_t| hist bins=60 range=(-12.50,-11.50) mean=-12.00 p50=-12.00 p05=-12.00 p95=-12.00
  [diag] sat-dist hist bins=60 sat<0.05=0.0% mean=0.900 p10=0.900 p90=0.900
Iter 0000100: train nll 1.654, valid error 100.000%, best valid error 100.000%, avg grad norm   1.644, avg grad norm (post clip)   0.053, rho_Whh  0.71, Omega  0.00, alpha  0.000, steps in the past 0.000, valid nll 1.640
  [diag] log10|dL/dh_t| hist bins=60 range=(-12.50,-11.50) mean=-12.00 p50=-12.00 p05=-12.00 p95=-12.00
  [diag] sat-dist hist bins=60 sat<0.05=0.0% mean=0.897 p10=0.897 p90=0.897
Iter 0000120: train nll 1.642, valid error 100.000%, best valid error 100.000%, avg grad norm   1.609, avg grad norm (post clip)   0.053, rho_Whh  0.71, Omega  0.00, alpha  0.000, steps in the past 0.000, valid nll 1.623
  [diag] log10|dL/dh_t| hist bins=60 range=(-12.50,-11.50) mean=-12.00 p50=-12.00 p05=-12.00 p95=-12.00
  [diag] sat-dist hist bins=60 sat<0.05=0.0% mean=0.895 p10=0.894 p90=0.894
Iter 0000140: train nll 1.627, valid error 100.000%, best valid error 100.000%, avg grad norm   1.613, avg grad norm (post clip)   0.053, rho_Whh  0.71, Omega  0.00, alpha  0.000, steps in the past 0.000, valid nll 1.606
  [diag] log10|dL/dh_t| hist bins=60 range=(-12.50,-11.50) mean=-12.00 p50=-12.00 p05=-12.00 p95=-12.00
  [diag] sat-dist hist bins=60 sat<0.05=0.0% mean=0.892 p10=0.891 p90=0.892
Iter 0000160: train nll 1.600, valid error 100.000%, best valid error 100.000%, avg grad norm   1.716, avg grad norm (post clip)   0.053, rho_Whh  0.71, Omega  0.00, alpha  0.000, steps in the past 0.000, valid nll 1.589
  [diag] log10|dL/dh_t| hist bins=60 range=(-12.50,-11.50) mean=-12.00 p50=-12.00 p05=-12.00 p95=-12.00
  [diag] sat-dist hist bins=60 sat<0.05=0.0% mean=0.889 p10=0.888 p90=0.890
Iter 0000180: train nll 1.585, valid error 100.000%, best valid error 100.000%, avg grad norm   1.710, avg grad norm (post clip)   0.053, rho_Whh  0.71, Omega  0.00, alpha  0.000, steps in the past 0.000, valid nll 1.572
  [diag] log10|dL/dh_t| hist bins=60 range=(-12.50,-11.50) mean=-12.00 p50=-12.00 p05=-12.00 p95=-12.00
  [diag] sat-dist hist bins=60 sat<0.05=0.0% mean=0.886 p10=0.884 p90=0.887
Iter 0000200: train nll 1.566, valid error 100.000%, best valid error 100.000%, avg grad norm   1.741, avg grad norm (post clip)   0.053, rho_Whh  0.71, Omega  0.00, alpha  0.000, steps in the past 0.000, valid nll 1.554
  [diag] log10|dL/dh_t| hist bins=60 range=(-12.50,-11.50) mean=-12.00 p50=-12.00 p05=-12.00 p95=-12.00
  [diag] sat-dist hist bins=60 sat<0.05=0.0% mean=0.882 p10=0.881 p90=0.884
Iter 0000220: train nll 1.560, valid error 100.000%, best valid error 100.000%, avg grad norm   1.683, avg grad norm (post clip)   0.053, rho_Whh  0.71, Omega  0.00, alpha  0.000, steps in the past 0.000, valid nll 1.536
  [diag] log10|dL/dh_t| hist bins=60 range=(-12.50,-11.50) mean=-12.00 p50=-12.00 p05=-12.00 p95=-12.00
  [diag] sat-dist hist bins=60 sat<0.05=0.0% mean=0.879 p10=0.878 p90=0.880
Iter 0000240: train nll 1.537, valid error 100.000%, best valid error 100.000%, avg grad norm   1.737, avg grad norm (post clip)   0.053, rho_Whh  0.71, Omega  0.00, alpha  0.000, steps in the past 0.000, valid nll 1.518
  [diag] log10|dL/dh_t| hist bins=60 range=(-12.50,-11.50) mean=-12.00 p50=-12.00 p05=-12.00 p95=-12.00
  [diag] sat-dist hist bins=60 sat<0.05=0.0% mean=0.876 p10=0.874 p90=0.877
Iter 0000260: train nll 1.528, valid error 100.000%, best valid error 100.000%, avg grad norm   1.707, avg grad norm (post clip)   0.053, rho_Whh  0.71, Omega  0.00, alpha  0.000, steps in the past 0.000, valid nll 1.500
  [diag] log10|dL/dh_t| hist bins=60 range=(-12.50,-11.50) mean=-12.00 p50=-12.00 p05=-12.00 p95=-12.00
  [diag] sat-dist hist bins=60 sat<0.05=0.0% mean=0.872 p10=0.870 p90=0.873
Iter 0000280: train nll 1.500, valid error 100.000%, best valid error 100.000%, avg grad norm   1.792, avg grad norm (post clip)   0.053, rho_Whh  0.71, Omega  0.00, alpha  0.000, steps in the past 0.000, valid nll 1.481
  [diag] log10|dL/dh_t| hist bins=60 range=(-12.50,-11.50) mean=-12.00 p50=-12.00 p05=-12.00 p95=-12.00
  [diag] sat-dist hist bins=60 sat<0.05=0.0% mean=0.868 p10=0.866 p90=0.870
Iter 0000300: train nll 1.479, valid error 100.000%, best valid error 100.000%, avg grad norm   1.831, avg grad norm (post clip)   0.053, rho_Whh  0.71, Omega  0.00, alpha  0.000, steps in the past 0.000, valid nll 1.463
  [diag] log10|dL/dh_t| hist bins=60 range=(-12.50,-11.50) mean=-12.00 p50=-12.00 p05=-12.00 p95=-12.00
  [diag] sat-dist hist bins=60 sat<0.05=0.0% mean=0.864 p10=0.861 p90=0.866
Iter 0000320: train nll 1.465, valid error 100.000%, best valid error 100.000%, avg grad norm   1.832, avg grad norm (post clip)   0.053, rho_Whh  0.71, Omega  0.00, alpha  0.000, steps in the past 0.000, valid nll 1.444
  [diag] log10|dL/dh_t| hist bins=60 range=(-12.50,-11.50) mean=-12.00 p50=-12.00 p05=-12.00 p95=-12.00
  [diag] sat-dist hist bins=60 sat<0.05=0.0% mean=0.860 p10=0.857 p90=0.862
Iter 0000340: train nll 1.453, valid error 100.000%, best valid error 100.000%, avg grad norm   1.819, avg grad norm (post clip)   0.053, rho_Whh  0.71, Omega  0.00, alpha  0.000, steps in the past 0.000, valid nll 1.424
  [diag] log10|dL/dh_t| hist bins=60 range=(-12.50,-11.50) mean=-12.00 p50=-12.00 p05=-12.00 p95=-12.00
  [diag] sat-dist hist bins=60 sat<0.05=0.0% mean=0.855 p10=0.852 p90=0.857
Iter 0000360: train nll 1.429, valid error 100.000%, best valid error 100.000%, avg grad norm   1.875, avg grad norm (post clip)   0.053, rho_Whh  0.71, Omega  0.00, alpha  0.000, steps in the past 0.000, valid nll 1.405
  [diag] log10|dL/dh_t| hist bins=60 range=(-12.50,-11.50) mean=-12.00 p50=-12.00 p05=-12.00 p95=-12.00
  [diag] sat-dist hist bins=60 sat<0.05=0.0% mean=0.851 p10=0.847 p90=0.853
Iter 0000380: train nll 1.409, valid error 100.000%, best valid error 100.000%, avg grad norm   1.905, avg grad norm (post clip)   0.053, rho_Whh  0.72, Omega  0.00, alpha  0.000, steps in the past 0.000, valid nll 1.385
  [diag] log10|dL/dh_t| hist bins=60 range=(-12.50,-11.50) mean=-12.00 p50=-12.00 p05=-12.00 p95=-12.00
  [diag] sat-dist hist bins=60 sat<0.05=0.0% mean=0.846 p10=0.842 p90=0.848
Iter 0000400: train nll 1.394, valid error 100.000%, best valid error 100.000%, avg grad norm   1.914, avg grad norm (post clip)   0.053, rho_Whh  0.72, Omega  0.00, alpha  0.000, steps in the past 0.000, valid nll 1.365
  [diag] log10|dL/dh_t| hist bins=60 range=(-12.50,-11.50) mean=-12.00 p50=-12.00 p05=-12.00 p95=-12.00
  [diag] sat-dist hist bins=60 sat<0.05=0.0% mean=0.842 p10=0.837 p90=0.844
Iter 0000420: train nll 1.375, valid error 100.000%, best valid error 100.000%, avg grad norm   1.939, avg grad norm (post clip)   0.053, rho_Whh  0.73, Omega  0.00, alpha  0.000, steps in the past 0.000, valid nll 1.345
  [diag] log10|dL/dh_t| hist bins=60 range=(-12.50,-11.50) mean=-12.00 p50=-12.00 p05=-12.00 p95=-12.00
  [diag] sat-dist hist bins=60 sat<0.05=0.0% mean=0.837 p10=0.832 p90=0.839
Iter 0000440: train nll 1.350, valid error 100.000%, best valid error 100.000%, avg grad norm   1.985, avg grad norm (post clip)   0.053, rho_Whh  0.74, Omega  0.00, alpha  0.000, steps in the past 0.000, valid nll 1.324
  [diag] log10|dL/dh_t| hist bins=60 range=(-12.50,-11.50) mean=-12.00 p50=-12.00 p05=-12.00 p95=-12.00
  [diag] sat-dist hist bins=60 sat<0.05=0.0% mean=0.832 p10=0.827 p90=0.834
Iter 0000460: train nll 1.344, valid error 100.000%, best valid error 100.000%, avg grad norm   1.948, avg grad norm (post clip)   0.053, rho_Whh  0.74, Omega  0.00, alpha  0.000, steps in the past 0.000, valid nll 1.303
  [diag] log10|dL/dh_t| hist bins=60 range=(-12.50,-11.50) mean=-12.00 p50=-12.00 p05=-12.00 p95=-12.00
  [diag] sat-dist hist bins=60 sat<0.05=0.0% mean=0.827 p10=0.822 p90=0.829
Iter 0000480: train nll 1.313, valid error 100.000%, best valid error 100.000%, avg grad norm   2.021, avg grad norm (post clip)   0.053, rho_Whh  0.75, Omega  0.00, alpha  0.000, steps in the past 0.000, valid nll 1.282
  [diag] log10|dL/dh_t| hist bins=60 range=(-12.50,-11.50) mean=-12.00 p50=-12.00 p05=-12.00 p95=-12.00
  [diag] sat-dist hist bins=60 sat<0.05=0.0% mean=0.822 p10=0.816 p90=0.824
Iter 0000500: train nll 1.294, valid error 100.000%, best valid error 100.000%, avg grad norm   2.041, avg grad norm (post clip)   0.053, rho_Whh  0.76, Omega  0.00, alpha  0.000, steps in the past 0.000, valid nll 1.261
  [diag] log10|dL/dh_t| hist bins=60 range=(-12.50,-11.50) mean=-12.00 p50=-12.00 p05=-12.00 p95=-12.00
  [diag] sat-dist hist bins=60 sat<0.05=0.0% mean=0.816 p10=0.811 p90=0.818
Iter 0000520: train nll 1.271, valid error 100.000%, best valid error 100.000%, avg grad norm   2.072, avg grad norm (post clip)   0.053, rho_Whh  0.76, Omega  0.00, alpha  0.000, steps in the past 0.000, valid nll 1.239
  [diag] log10|dL/dh_t| hist bins=60 range=(-12.50,-11.50) mean=-12.00 p50=-12.00 p05=-12.00 p95=-12.00
  [diag] sat-dist hist bins=60 sat<0.05=0.0% mean=0.811 p10=0.805 p90=0.813
Iter 0000540: train nll 1.254, valid error 100.000%, best valid error 100.000%, avg grad norm   2.077, avg grad norm (post clip)   0.053, rho_Whh  0.77, Omega  0.00, alpha  0.000, steps in the past 0.000, valid nll 1.217
  [diag] log10|dL/dh_t| hist bins=60 range=(-12.50,-11.50) mean=-12.00 p50=-12.00 p05=-12.00 p95=-12.00
  [diag] sat-dist hist bins=60 sat<0.05=0.0% mean=0.805 p10=0.799 p90=0.807
Iter 0000560: train nll 1.235, valid error 100.000%, best valid error 100.000%, avg grad norm   2.092, avg grad norm (post clip)   0.053, rho_Whh  0.78, Omega  0.00, alpha  0.000, steps in the past 0.000, valid nll 1.195
  [diag] log10|dL/dh_t| hist bins=60 range=(-12.50,-11.50) mean=-12.00 p50=-12.00 p05=-12.00 p95=-12.00
  [diag] sat-dist hist bins=60 sat<0.05=0.0% mean=0.800 p10=0.793 p90=0.802
Iter 0000580: train nll 1.200, valid error 100.000%, best valid error 100.000%, avg grad norm   2.164, avg grad norm (post clip)   0.053, rho_Whh  0.78, Omega  0.00, alpha  0.000, steps in the past 0.000, valid nll 1.173
  [diag] log10|dL/dh_t| hist bins=60 range=(-12.50,-11.50) mean=-12.00 p50=-12.00 p05=-12.00 p95=-12.00
  [diag] sat-dist hist bins=60 sat<0.05=0.0% mean=0.794 p10=0.787 p90=0.796
Iter 0000600: train nll 1.179, valid error 100.000%, best valid error 100.000%, avg grad norm   2.174, avg grad norm (post clip)   0.053, rho_Whh  0.79, Omega  0.00, alpha  0.000, steps in the past 0.000, valid nll 1.151
  [diag] log10|dL/dh_t| hist bins=60 range=(-12.50,-11.50) mean=-12.00 p50=-12.00 p05=-12.00 p95=-12.00
  [diag] sat-dist hist bins=60 sat<0.05=0.0% mean=0.788 p10=0.781 p90=0.790
Iter 0000620: train nll 1.170, valid error 100.000%, best valid error 100.000%, avg grad norm   2.139, avg grad norm (post clip)   0.053, rho_Whh  0.80, Omega  0.00, alpha  0.000, steps in the past 0.000, valid nll 1.128
  [diag] log10|dL/dh_t| hist bins=60 range=(-12.50,-11.50) mean=-12.00 p50=-12.00 p05=-12.00 p95=-12.00
  [diag] sat-dist hist bins=60 sat<0.05=0.0% mean=0.782 p10=0.775 p90=0.784
Iter 0000640: train nll 1.143, valid error 100.000%, best valid error 100.000%, avg grad norm   2.169, avg grad norm (post clip)   0.053, rho_Whh  0.80, Omega  0.00, alpha  0.000, steps in the past 0.000, valid nll 1.106
  [diag] log10|dL/dh_t| hist bins=60 range=(-12.50,-11.50) mean=-12.00 p50=-12.00 p05=-12.00 p95=-12.00
  [diag] sat-dist hist bins=60 sat<0.05=0.0% mean=0.776 p10=0.769 p90=0.778
Iter 0000660: train nll 1.119, valid error 100.000%, best valid error 100.000%, avg grad norm   2.181, avg grad norm (post clip)   0.053, rho_Whh  0.81, Omega  0.00, alpha  0.000, steps in the past 0.000, valid nll 1.083
  [diag] log10|dL/dh_t| hist bins=60 range=(-12.50,-11.50) mean=-12.00 p50=-12.00 p05=-12.00 p95=-12.00
  [diag] sat-dist hist bins=60 sat<0.05=0.0% mean=0.770 p10=0.762 p90=0.771
Iter 0000680: train nll 1.096, valid error 100.000%, best valid error 100.000%, avg grad norm   2.190, avg grad norm (post clip)   0.053, rho_Whh  0.82, Omega  0.00, alpha  0.000, steps in the past 0.000, valid nll 1.060
  [diag] log10|dL/dh_t| hist bins=60 range=(-12.50,-11.50) mean=-12.00 p50=-12.00 p05=-12.00 p95=-12.00
  [diag] sat-dist hist bins=60 sat<0.05=0.0% mean=0.764 p10=0.756 p90=0.765
Iter 0000700: train nll 1.067, valid error 100.000%, best valid error 100.000%, avg grad norm   2.217, avg grad norm (post clip)   0.053, rho_Whh  0.83, Omega  0.00, alpha  0.000, steps in the past 0.000, valid nll 1.038
  [diag] log10|dL/dh_t| hist bins=60 range=(-12.50,-11.50) mean=-12.00 p50=-12.00 p05=-12.00 p95=-12.00
  [diag] sat-dist hist bins=60 sat<0.05=0.0% mean=0.758 p10=0.749 p90=0.759
Iter 0000720: train nll 1.062, valid error 100.000%, best valid error 100.000%, avg grad norm   2.156, avg grad norm (post clip)   0.053, rho_Whh  0.83, Omega  0.00, alpha  0.000, steps in the past 0.000, valid nll 1.015
  [diag] log10|dL/dh_t| hist bins=60 range=(-12.50,-11.50) mean=-12.00 p50=-12.00 p05=-12.00 p95=-12.00
  [diag] sat-dist hist bins=60 sat<0.05=0.0% mean=0.752 p10=0.743 p90=0.752
Iter 0000740: train nll 1.025, valid error 100.000%, best valid error 100.000%, avg grad norm   2.200, avg grad norm (post clip)   0.053, rho_Whh  0.84, Omega  0.00, alpha  0.000, steps in the past 0.000, valid nll 0.992
  [diag] log10|dL/dh_t| hist bins=60 range=(-12.50,-11.50) mean=-12.00 p50=-12.00 p05=-12.00 p95=-12.00
  [diag] sat-dist hist bins=60 sat<0.05=0.0% mean=0.746 p10=0.736 p90=0.746
Iter 0000760: train nll 1.015, valid error 100.000%, best valid error 100.000%, avg grad norm   2.155, avg grad norm (post clip)   0.053, rho_Whh  0.85, Omega  0.00, alpha  0.000, steps in the past 0.000, valid nll 0.970
  [diag] log10|dL/dh_t| hist bins=60 range=(-12.50,-11.50) mean=-12.00 p50=-12.00 p05=-12.00 p95=-12.00
  [diag] sat-dist hist bins=60 sat<0.05=0.0% mean=0.739 p10=0.730 p90=0.739
Iter 0000780: train nll 0.987, valid error 100.000%, best valid error 100.000%, avg grad norm   2.162, avg grad norm (post clip)   0.053, rho_Whh  0.86, Omega  0.00, alpha  0.000, steps in the past 0.000, valid nll 0.947
  [diag] log10|dL/dh_t| hist bins=60 range=(-12.50,-11.50) mean=-12.00 p50=-12.00 p05=-12.00 p95=-12.00
  [diag] sat-dist hist bins=60 sat<0.05=0.0% mean=0.733 p10=0.723 p90=0.733
Iter 0000800: train nll 0.966, valid error 100.000%, best valid error 100.000%, avg grad norm   2.146, avg grad norm (post clip)   0.053, rho_Whh  0.86, Omega  0.00, alpha  0.000, steps in the past 0.000, valid nll 0.925
  [diag] log10|dL/dh_t| hist bins=60 range=(-12.50,-11.50) mean=-12.00 p50=-12.00 p05=-12.00 p95=-12.00
  [diag] sat-dist hist bins=60 sat<0.05=0.0% mean=0.727 p10=0.717 p90=0.726
Iter 0000820: train nll 0.952, valid error 100.000%, best valid error 100.000%, avg grad norm   2.106, avg grad norm (post clip)   0.053, rho_Whh  0.87, Omega  0.00, alpha  0.000, steps in the past 0.000, valid nll 0.903
  [diag] log10|dL/dh_t| hist bins=60 range=(-12.50,-11.50) mean=-12.00 p50=-12.00 p05=-12.00 p95=-12.00
  [diag] sat-dist hist bins=60 sat<0.05=0.0% mean=0.721 p10=0.710 p90=0.720
Iter 0000840: train nll 0.940, valid error 100.000%, best valid error 100.000%, avg grad norm   2.061, avg grad norm (post clip)   0.053, rho_Whh  0.88, Omega  0.00, alpha  0.000, steps in the past 0.000, valid nll 0.881
  [diag] log10|dL/dh_t| hist bins=60 range=(-12.50,-11.50) mean=-12.00 p50=-12.00 p05=-12.00 p95=-12.00
  [diag] sat-dist hist bins=60 sat<0.05=0.0% mean=0.714 p10=0.704 p90=0.713
Iter 0000860: train nll 0.907, valid error 100.000%, best valid error 100.000%, avg grad norm   2.069, avg grad norm (post clip)   0.053, rho_Whh  0.88, Omega  0.00, alpha  0.000, steps in the past 0.000, valid nll 0.859
  [diag] log10|dL/dh_t| hist bins=60 range=(-12.50,-11.50) mean=-12.00 p50=-12.00 p05=-12.00 p95=-12.00
  [diag] sat-dist hist bins=60 sat<0.05=0.0% mean=0.708 p10=0.697 p90=0.706
Iter 0000880: train nll 0.894, valid error 100.000%, best valid error 100.000%, avg grad norm   2.024, avg grad norm (post clip)   0.053, rho_Whh  0.89, Omega  0.00, alpha  0.000, steps in the past 0.000, valid nll 0.838
  [diag] log10|dL/dh_t| hist bins=60 range=(-12.50,-11.50) mean=-12.00 p50=-12.00 p05=-12.00 p95=-12.00
  [diag] sat-dist hist bins=60 sat<0.05=0.0% mean=0.702 p10=0.691 p90=0.700
Iter 0000900: train nll 0.852, valid error 100.000%, best valid error 100.000%, avg grad norm   2.048, avg grad norm (post clip)   0.053, rho_Whh  0.90, Omega  0.00, alpha  0.000, steps in the past 0.000, valid nll 0.817
  [diag] log10|dL/dh_t| hist bins=60 range=(-12.50,-11.50) mean=-12.00 p50=-12.00 p05=-12.00 p95=-12.00
  [diag] sat-dist hist bins=60 sat<0.05=0.0% mean=0.696 p10=0.685 p90=0.693
Iter 0000920: train nll 0.833, valid error 100.000%, best valid error 100.000%, avg grad norm   2.013, avg grad norm (post clip)   0.053, rho_Whh  0.90, Omega  0.00, alpha  0.000, steps in the past 0.000, valid nll 0.796
  [diag] log10|dL/dh_t| hist bins=60 range=(-12.50,-11.50) mean=-12.00 p50=-12.00 p05=-12.00 p95=-12.00
  [diag] sat-dist hist bins=60 sat<0.05=0.0% mean=0.690 p10=0.678 p90=0.687
Iter 0000940: train nll 0.819, valid error 100.000%, best valid error 100.000%, avg grad norm   1.963, avg grad norm (post clip)   0.053, rho_Whh  0.91, Omega  0.00, alpha  0.000, steps in the past 0.000, valid nll 0.776
  [diag] log10|dL/dh_t| hist bins=60 range=(-12.50,-11.50) mean=-12.00 p50=-12.00 p05=-12.00 p95=-12.00
  [diag] sat-dist hist bins=60 sat<0.05=0.0% mean=0.684 p10=0.672 p90=0.680
Iter 0000960: train nll 0.811, valid error 100.000%, best valid error 100.000%, avg grad norm   1.899, avg grad norm (post clip)   0.053, rho_Whh  0.92, Omega  0.00, alpha  0.000, steps in the past 0.000, valid nll 0.756
  [diag] log10|dL/dh_t| hist bins=60 range=(-12.50,-11.50) mean=-12.00 p50=-12.00 p05=-12.00 p95=-12.00
  [diag] sat-dist hist bins=60 sat<0.05=0.0% mean=0.678 p10=0.666 p90=0.674
Iter 0000980: train nll 0.774, valid error 100.000%, best valid error 100.000%, avg grad norm   1.898, avg grad norm (post clip)   0.053, rho_Whh  0.93, Omega  0.00, alpha  0.000, steps in the past 0.000, valid nll 0.736
  [diag] log10|dL/dh_t| hist bins=60 range=(-12.50,-11.50) mean=-12.00 p50=-12.00 p05=-12.00 p95=-12.00
  [diag] sat-dist hist bins=60 sat<0.05=0.0% mean=0.672 p10=0.660 p90=0.668
Iter 0001000: train nll 0.785, valid error 100.000%, best valid error 100.000%, avg grad norm   1.795, avg grad norm (post clip)   0.053, rho_Whh  0.93, Omega  0.00, alpha  0.000, steps in the past 0.000, valid nll 0.717
  [diag] log10|dL/dh_t| hist bins=60 range=(-12.50,-11.50) mean=-12.00 p50=-12.00 p05=-12.00 p95=-12.00
  [diag] sat-dist hist bins=60 sat<0.05=0.0% mean=0.666 p10=0.654 p90=0.661
Iter 0001020: train nll 0.746, valid error 100.000%, best valid error 100.000%, avg grad norm   1.794, avg grad norm (post clip)   0.053, rho_Whh  0.94, Omega  0.00, alpha  0.000, steps in the past 0.000, valid nll 0.699
  [diag] log10|dL/dh_t| hist bins=60 range=(-12.50,-11.50) mean=-12.00 p50=-12.00 p05=-12.00 p95=-12.00
  [diag] sat-dist hist bins=60 sat<0.05=0.0% mean=0.660 p10=0.648 p90=0.655
Iter 0001040: train nll 0.752, valid error 100.000%, best valid error 100.000%, avg grad norm   1.702, avg grad norm (post clip)   0.053, rho_Whh  0.95, Omega  0.00, alpha  0.000, steps in the past 0.000, valid nll 0.680
  [diag] log10|dL/dh_t| hist bins=60 range=(-12.50,-11.50) mean=-12.00 p50=-12.00 p05=-12.00 p95=-12.00
  [diag] sat-dist hist bins=60 sat<0.05=0.0% mean=0.655 p10=0.642 p90=0.649
Iter 0001060: train nll 0.685, valid error 100.000%, best valid error 100.000%, avg grad norm   1.749, avg grad norm (post clip)   0.053, rho_Whh  0.95, Omega  0.00, alpha  0.000, steps in the past 0.000, valid nll 0.663
  [diag] log10|dL/dh_t| hist bins=60 range=(-12.50,-11.50) mean=-12.00 p50=-12.00 p05=-12.00 p95=-12.00
  [diag] sat-dist hist bins=60 sat<0.05=0.0% mean=0.649 p10=0.636 p90=0.643
Iter 0001080: train nll 0.693, valid error 100.000%, best valid error 100.000%, avg grad norm   1.653, avg grad norm (post clip)   0.053, rho_Whh  0.96, Omega  0.00, alpha  0.000, steps in the past 0.000, valid nll 0.646
  [diag] log10|dL/dh_t| hist bins=60 range=(-12.50,-11.50) mean=-12.00 p50=-12.00 p05=-12.00 p95=-12.00
  [diag] sat-dist hist bins=60 sat<0.05=0.0% mean=0.643 p10=0.630 p90=0.636
Iter 0001100: train nll 0.696, valid error 100.000%, best valid error 100.000%, avg grad norm   1.573, avg grad norm (post clip)   0.053, rho_Whh  0.97, Omega  0.00, alpha  0.000, steps in the past 0.000, valid nll 0.629
  [diag] log10|dL/dh_t| hist bins=60 range=(-12.50,-11.50) mean=-12.00 p50=-12.00 p05=-12.00 p95=-12.00
  [diag] sat-dist hist bins=60 sat<0.05=0.0% mean=0.638 p10=0.625 p90=0.630
Iter 0001120: train nll 0.703, valid error 100.000%, best valid error 100.000%, avg grad norm   1.483, avg grad norm (post clip)   0.053, rho_Whh  0.97, Omega  0.00, alpha  0.000, steps in the past 0.000, valid nll 0.613
  [diag] log10|dL/dh_t| hist bins=60 range=(-12.50,-11.50) mean=-12.00 p50=-12.00 p05=-12.00 p95=-12.00
  [diag] sat-dist hist bins=60 sat<0.05=0.0% mean=0.632 p10=0.619 p90=0.625
Iter 0001140: train nll 0.640, valid error 100.000%, best valid error 100.000%, avg grad norm   1.511, avg grad norm (post clip)   0.053, rho_Whh  0.98, Omega  0.00, alpha  0.000, steps in the past 0.000, valid nll 0.597
  [diag] log10|dL/dh_t| hist bins=60 range=(-12.50,-11.50) mean=-12.00 p50=-12.00 p05=-12.00 p95=-12.00
  [diag] sat-dist hist bins=60 sat<0.05=0.0% mean=0.627 p10=0.613 p90=0.619
Iter 0001160: train nll 0.607, valid error 100.000%, best valid error 100.000%, avg grad norm   1.489, avg grad norm (post clip)   0.053, rho_Whh  0.98, Omega  0.00, alpha  0.000, steps in the past 0.000, valid nll 0.582
  [diag] log10|dL/dh_t| hist bins=60 range=(-12.50,-11.50) mean=-12.00 p50=-12.00 p05=-12.00 p95=-12.00
  [diag] sat-dist hist bins=60 sat<0.05=0.0% mean=0.621 p10=0.608 p90=0.613
Iter 0001180: train nll 0.617, valid error 100.000%, best valid error 100.000%, avg grad norm   1.395, avg grad norm (post clip)   0.053, rho_Whh  0.99, Omega  0.00, alpha  0.000, steps in the past 0.000, valid nll 0.567
  [diag] log10|dL/dh_t| hist bins=60 range=(-12.50,-11.50) mean=-12.00 p50=-12.00 p05=-12.00 p95=-12.00
  [diag] sat-dist hist bins=60 sat<0.05=0.0% mean=0.616 p10=0.602 p90=0.608
Iter 0001200: train nll 0.616, valid error 100.000%, best valid error 100.000%, avg grad norm   1.326, avg grad norm (post clip)   0.053, rho_Whh  1.00, Omega  0.00, alpha  0.000, steps in the past 0.000, valid nll 0.553
  [diag] log10|dL/dh_t| hist bins=60 range=(-12.50,-11.50) mean=-12.00 p50=-12.00 p05=-12.00 p95=-12.00
  [diag] sat-dist hist bins=60 sat<0.05=0.0% mean=0.611 p10=0.597 p90=0.602
Iter 0001220: train nll 0.591, valid error 100.000%, best valid error 100.000%, avg grad norm   1.288, avg grad norm (post clip)   0.053, rho_Whh  1.00, Omega  0.00, alpha  0.000, steps in the past 0.000, valid nll 0.540
  [diag] log10|dL/dh_t| hist bins=60 range=(-12.50,-11.50) mean=-12.00 p50=-12.00 p05=-12.00 p95=-12.00
  [diag] sat-dist hist bins=60 sat<0.05=0.0% mean=0.605 p10=0.592 p90=0.597
Iter 0001240: train nll 0.591, valid error 100.000%, best valid error 100.000%, avg grad norm   1.219, avg grad norm (post clip)   0.053, rho_Whh  1.01, Omega  0.00, alpha  0.000, steps in the past 0.000, valid nll 0.527
  [diag] log10|dL/dh_t| hist bins=60 range=(-12.50,-11.50) mean=-12.00 p50=-12.00 p05=-12.00 p95=-12.00
  [diag] sat-dist hist bins=60 sat<0.05=0.0% mean=0.600 p10=0.587 p90=0.591
Iter 0001260: train nll 0.570, valid error 100.000%, best valid error 100.000%, avg grad norm   1.179, avg grad norm (post clip)   0.053, rho_Whh  1.01, Omega  0.00, alpha  0.000, steps in the past 0.000, valid nll 0.515
  [diag] log10|dL/dh_t| hist bins=60 range=(-12.50,-11.50) mean=-12.00 p50=-12.00 p05=-12.00 p95=-12.00
  [diag] sat-dist hist bins=60 sat<0.05=0.0% mean=0.595 p10=0.582 p90=0.586
Iter 0001280: train nll 0.574, valid error 100.000%, best valid error 100.000%, avg grad norm   1.105, avg grad norm (post clip)   0.053, rho_Whh  1.02, Omega  0.00, alpha  0.000, steps in the past 0.000, valid nll 0.503
  [diag] log10|dL/dh_t| hist bins=60 range=(-12.50,-11.50) mean=-12.00 p50=-12.00 p05=-12.00 p95=-12.00
  [diag] sat-dist hist bins=60 sat<0.05=0.0% mean=0.590 p10=0.577 p90=0.581
Iter 0001300: train nll 0.540, valid error 100.000%, best valid error 100.000%, avg grad norm   1.085, avg grad norm (post clip)   0.053, rho_Whh  1.03, Omega  0.00, alpha  0.000, steps in the past 0.000, valid nll 0.491
  [diag] log10|dL/dh_t| hist bins=60 range=(-12.50,-11.50) mean=-12.00 p50=-12.00 p05=-12.00 p95=-12.00
  [diag] sat-dist hist bins=60 sat<0.05=0.0% mean=0.585 p10=0.572 p90=0.576
Iter 0001320: train nll 0.554, valid error 100.000%, best valid error 100.000%, avg grad norm   1.004, avg grad norm (post clip)   0.053, rho_Whh  1.03, Omega  0.00, alpha  0.000, steps in the past 0.000, valid nll 0.481
  [diag] log10|dL/dh_t| hist bins=60 range=(-12.50,-11.50) mean=-12.00 p50=-12.00 p05=-12.00 p95=-12.00
  [diag] sat-dist hist bins=60 sat<0.05=0.0% mean=0.580 p10=0.567 p90=0.571
Iter 0001340: train nll 0.543, valid error 100.000%, best valid error 100.000%, avg grad norm   0.953, avg grad norm (post clip)   0.053, rho_Whh  1.04, Omega  0.00, alpha  0.000, steps in the past 0.000, valid nll 0.470
  [diag] log10|dL/dh_t| hist bins=60 range=(-12.50,-11.50) mean=-12.00 p50=-12.00 p05=-12.00 p95=-12.00
  [diag] sat-dist hist bins=60 sat<0.05=0.0% mean=0.575 p10=0.562 p90=0.566
Iter 0001360: train nll 0.553, valid error 100.000%, best valid error 100.000%, avg grad norm   0.881, avg grad norm (post clip)   0.053, rho_Whh  1.04, Omega  0.00, alpha  0.000, steps in the past 0.000, valid nll 0.461
  [diag] log10|dL/dh_t| hist bins=60 range=(-12.50,-11.50) mean=-12.00 p50=-12.00 p05=-12.00 p95=-12.00
  [diag] sat-dist hist bins=60 sat<0.05=0.0% mean=0.571 p10=0.557 p90=0.561
Iter 0001380: train nll 0.500, valid error 100.000%, best valid error 100.000%, avg grad norm   0.883, avg grad norm (post clip)   0.053, rho_Whh  1.05, Omega  0.00, alpha  0.000, steps in the past 0.000, valid nll 0.451
  [diag] log10|dL/dh_t| hist bins=60 range=(-12.50,-11.50) mean=-12.00 p50=-12.00 p05=-12.00 p95=-12.00
  [diag] sat-dist hist bins=60 sat<0.05=0.0% mean=0.566 p10=0.552 p90=0.556
Iter 0001400: train nll 0.495, valid error 100.000%, best valid error 100.000%, avg grad norm   0.834, avg grad norm (post clip)   0.053, rho_Whh  1.06, Omega  0.00, alpha  0.000, steps in the past 0.000, valid nll 0.443
  [diag] log10|dL/dh_t| hist bins=60 range=(-12.50,-11.50) mean=-12.00 p50=-12.00 p05=-12.00 p95=-12.00
  [diag] sat-dist hist bins=60 sat<0.05=0.0% mean=0.561 p10=0.548 p90=0.551
Iter 0001420: train nll 0.513, valid error 100.000%, best valid error 100.000%, avg grad norm   0.754, avg grad norm (post clip)   0.053, rho_Whh  1.06, Omega  0.00, alpha  0.000, steps in the past 0.000, valid nll 0.434
  [diag] log10|dL/dh_t| hist bins=60 range=(-12.50,-11.50) mean=-12.00 p50=-12.00 p05=-12.00 p95=-12.00
  [diag] sat-dist hist bins=60 sat<0.05=0.0% mean=0.556 p10=0.543 p90=0.546
Iter 0001440: train nll 0.473, valid error 100.000%, best valid error 100.000%, avg grad norm   0.746, avg grad norm (post clip)   0.053, rho_Whh  1.07, Omega  0.00, alpha  0.000, steps in the past 0.000, valid nll 0.426
  [diag] log10|dL/dh_t| hist bins=60 range=(-12.50,-11.50) mean=-12.00 p50=-12.00 p05=-12.00 p95=-12.00
  [diag] sat-dist hist bins=60 sat<0.05=0.0% mean=0.552 p10=0.538 p90=0.541
Iter 0001460: train nll 0.476, valid error 100.000%, best valid error 100.000%, avg grad norm   0.691, avg grad norm (post clip)   0.053, rho_Whh  1.07, Omega  0.00, alpha  0.000, steps in the past 0.000, valid nll 0.419
  [diag] log10|dL/dh_t| hist bins=60 range=(-12.50,-11.50) mean=-12.00 p50=-12.00 p05=-12.00 p95=-12.00
  [diag] sat-dist hist bins=60 sat<0.05=0.0% mean=0.547 p10=0.534 p90=0.536
Iter 0001480: train nll 0.484, valid error 100.000%, best valid error 100.000%, avg grad norm   0.633, avg grad norm (post clip)   0.053, rho_Whh  1.08, Omega  0.00, alpha  0.000, steps in the past 0.000, valid nll 0.412
  [diag] log10|dL/dh_t| hist bins=60 range=(-12.50,-11.50) mean=-12.00 p50=-12.00 p05=-12.00 p95=-12.00
  [diag] sat-dist hist bins=60 sat<0.05=0.0% mean=0.543 p10=0.530 p90=0.532
Iter 0001500: train nll 0.466, valid error 100.000%, best valid error 100.000%, avg grad norm   0.604, avg grad norm (post clip)   0.053, rho_Whh  1.08, Omega  0.00, alpha  0.000, steps in the past 0.000, valid nll 0.406
  [diag] log10|dL/dh_t| hist bins=60 range=(-12.50,-11.50) mean=-12.00 p50=-12.00 p05=-12.00 p95=-12.00
  [diag] sat-dist hist bins=60 sat<0.05=0.0% mean=0.539 p10=0.525 p90=0.528
Iter 0001520: train nll 0.469, valid error 100.000%, best valid error 100.000%, avg grad norm   0.554, avg grad norm (post clip)   0.053, rho_Whh  1.09, Omega  0.00, alpha  0.000, steps in the past 0.000, valid nll 0.400
  [diag] log10|dL/dh_t| hist bins=60 range=(-12.50,-11.50) mean=-12.00 p50=-12.00 p05=-12.00 p95=-12.00
  [diag] sat-dist hist bins=60 sat<0.05=0.0% mean=0.535 p10=0.521 p90=0.523
Iter 0001540: train nll 0.462, valid error 100.000%, best valid error 100.000%, avg grad norm   0.519, avg grad norm (post clip)   0.053, rho_Whh  1.09, Omega  0.00, alpha  0.000, steps in the past 0.000, valid nll 0.394
  [diag] log10|dL/dh_t| hist bins=60 range=(-12.50,-11.50) mean=-12.00 p50=-12.00 p05=-12.00 p95=-12.00
  [diag] sat-dist hist bins=60 sat<0.05=0.0% mean=0.530 p10=0.517 p90=0.519
Iter 0001560: train nll 0.438, valid error 100.000%, best valid error 100.000%, avg grad norm   0.499, avg grad norm (post clip)   0.053, rho_Whh  1.10, Omega  0.00, alpha  0.000, steps in the past 0.000, valid nll 0.389
  [diag] log10|dL/dh_t| hist bins=60 range=(-12.50,-11.50) mean=-12.00 p50=-12.00 p05=-12.00 p95=-12.00
  [diag] sat-dist hist bins=60 sat<0.05=0.0% mean=0.527 p10=0.513 p90=0.515
Iter 0001580: train nll 0.470, valid error 100.000%, best valid error 100.000%, avg grad norm   0.430, avg grad norm (post clip)   0.053, rho_Whh  1.10, Omega  0.00, alpha  0.000, steps in the past 0.000, valid nll 0.384
  [diag] log10|dL/dh_t| hist bins=60 range=(-12.50,-11.50) mean=-12.00 p50=-12.00 p05=-12.00 p95=-12.00
  [diag] sat-dist hist bins=60 sat<0.05=0.0% mean=0.523 p10=0.509 p90=0.511
Iter 0001600: train nll 0.449, valid error 100.000%, best valid error 100.000%, avg grad norm   0.408, avg grad norm (post clip)   0.053, rho_Whh  1.11, Omega  0.00, alpha  0.000, steps in the past 0.000, valid nll 0.380
  [diag] log10|dL/dh_t| hist bins=60 range=(-12.50,-11.50) mean=-12.00 p50=-12.00 p05=-12.00 p95=-12.00
  [diag] sat-dist hist bins=60 sat<0.05=0.0% mean=0.519 p10=0.506 p90=0.507
Iter 0001620: train nll 0.448, valid error 100.000%, best valid error 100.000%, avg grad norm   0.375, avg grad norm (post clip)   0.053, rho_Whh  1.11, Omega  0.00, alpha  0.000, steps in the past 0.000, valid nll 0.376
  [diag] log10|dL/dh_t| hist bins=60 range=(-12.50,-11.50) mean=-12.00 p50=-12.00 p05=-12.00 p95=-12.00
  [diag] sat-dist hist bins=60 sat<0.05=0.0% mean=0.515 p10=0.502 p90=0.503
Iter 0001640: train nll 0.454, valid error 100.000%, best valid error 100.000%, avg grad norm   0.338, avg grad norm (post clip)   0.053, rho_Whh  1.12, Omega  0.00, alpha  0.000, steps in the past 0.000, valid nll 0.372
  [diag] log10|dL/dh_t| hist bins=60 range=(-12.50,-11.50) mean=-12.00 p50=-12.00 p05=-12.00 p95=-12.00
  [diag] sat-dist hist bins=60 sat<0.05=0.0% mean=0.512 p10=0.499 p90=0.500
Iter 0001660: train nll 0.460, valid error 100.000%, best valid error 100.000%, avg grad norm   0.313, avg grad norm (post clip)   0.053, rho_Whh  1.12, Omega  0.00, alpha  0.000, steps in the past 0.000, valid nll 0.369
  [diag] log10|dL/dh_t| hist bins=60 range=(-12.50,-11.50) mean=-12.00 p50=-12.00 p05=-12.00 p95=-12.00
  [diag] sat-dist hist bins=60 sat<0.05=0.0% mean=0.508 p10=0.496 p90=0.497
Iter 0001680: train nll 0.416, valid error 100.000%, best valid error 100.000%, avg grad norm   0.317, avg grad norm (post clip)   0.053, rho_Whh  1.13, Omega  0.00, alpha  0.000, steps in the past 0.000, valid nll 0.366
  [diag] log10|dL/dh_t| hist bins=60 range=(-12.50,-11.50) mean=-12.00 p50=-12.00 p05=-12.00 p95=-12.00
  [diag] sat-dist hist bins=60 sat<0.05=0.0% mean=0.505 p10=0.493 p90=0.494
Iter 0001700: train nll 0.437, valid error 100.000%, best valid error 100.000%, avg grad norm   0.282, avg grad norm (post clip)   0.053, rho_Whh  1.13, Omega  0.00, alpha  0.000, steps in the past 0.000, valid nll 0.363
  [diag] log10|dL/dh_t| hist bins=60 range=(-12.50,-11.50) mean=-12.00 p50=-12.00 p05=-12.00 p95=-12.00
  [diag] sat-dist hist bins=60 sat<0.05=0.0% mean=0.503 p10=0.490 p90=0.491
Iter 0001720: train nll 0.471, valid error 100.000%, best valid error 100.000%, avg grad norm   0.242, avg grad norm (post clip)   0.053, rho_Whh  1.13, Omega  0.00, alpha  0.000, steps in the past 0.000, valid nll 0.361
  [diag] log10|dL/dh_t| hist bins=60 range=(-12.50,-11.50) mean=-12.00 p50=-12.00 p05=-12.00 p95=-12.00
  [diag] sat-dist hist bins=60 sat<0.05=0.0% mean=0.500 p10=0.488 p90=0.489
Iter 0001740: train nll 0.465, valid error 100.000%, best valid error 100.000%, avg grad norm   0.221, avg grad norm (post clip)   0.053, rho_Whh  1.14, Omega  0.00, alpha  0.000, steps in the past 0.000, valid nll 0.359
  [diag] log10|dL/dh_t| hist bins=60 range=(-12.50,-11.50) mean=-12.00 p50=-12.00 p05=-12.00 p95=-12.00
  [diag] sat-dist hist bins=60 sat<0.05=0.0% mean=0.498 p10=0.485 p90=0.486
Iter 0001760: train nll 0.422, valid error 100.000%, best valid error 100.000%, avg grad norm   0.239, avg grad norm (post clip)   0.053, rho_Whh  1.14, Omega  0.00, alpha  0.000, steps in the past 0.000, valid nll 0.357
  [diag] log10|dL/dh_t| hist bins=60 range=(-12.50,-11.50) mean=-12.00 p50=-12.00 p05=-12.00 p95=-12.00
  [diag] sat-dist hist bins=60 sat<0.05=0.0% mean=0.495 p10=0.483 p90=0.484
Iter 0001780: train nll 0.437, valid error 100.000%, best valid error 100.000%, avg grad norm   0.214, avg grad norm (post clip)   0.053, rho_Whh  1.14, Omega  0.00, alpha  0.000, steps in the past 0.000, valid nll 0.355
  [diag] log10|dL/dh_t| hist bins=60 range=(-12.50,-11.50) mean=-12.00 p50=-12.00 p05=-12.00 p95=-12.00
  [diag] sat-dist hist bins=60 sat<0.05=0.0% mean=0.493 p10=0.481 p90=0.482
Iter 0001800: train nll 0.441, valid error 100.000%, best valid error 100.000%, avg grad norm   0.218, avg grad norm (post clip)   0.053, rho_Whh  1.14, Omega  0.00, alpha  0.000, steps in the past 0.000, valid nll 0.354
  [diag] log10|dL/dh_t| hist bins=60 range=(-12.50,-11.50) mean=-12.00 p50=-12.00 p05=-12.00 p95=-12.00
  [diag] sat-dist hist bins=60 sat<0.05=0.0% mean=0.491 p10=0.479 p90=0.480
Iter 0001820: train nll 0.440, valid error 100.000%, best valid error 100.000%, avg grad norm   0.210, avg grad norm (post clip)   0.053, rho_Whh  1.15, Omega  0.00, alpha  0.000, steps in the past 0.000, valid nll 0.352
  [diag] log10|dL/dh_t| hist bins=60 range=(-12.50,-11.50) mean=-12.00 p50=-12.00 p05=-12.00 p95=-12.00
  [diag] sat-dist hist bins=60 sat<0.05=0.0% mean=0.490 p10=0.478 p90=0.478
Iter 0001840: train nll 0.440, valid error 100.000%, best valid error 100.000%, avg grad norm   0.181, avg grad norm (post clip)   0.053, rho_Whh  1.15, Omega  0.00, alpha  0.000, steps in the past 0.000, valid nll 0.351
  [diag] log10|dL/dh_t| hist bins=60 range=(-12.50,-11.50) mean=-12.00 p50=-12.00 p05=-12.00 p95=-12.00
  [diag] sat-dist hist bins=60 sat<0.05=0.0% mean=0.488 p10=0.476 p90=0.477
Iter 0001860: train nll 0.443, valid error 100.000%, best valid error 100.000%, avg grad norm   0.178, avg grad norm (post clip)   0.053, rho_Whh  1.15, Omega  0.00, alpha  0.000, steps in the past 0.000, valid nll 0.350
  [diag] log10|dL/dh_t| hist bins=60 range=(-12.50,-11.50) mean=-12.00 p50=-12.00 p05=-12.00 p95=-12.00
  [diag] sat-dist hist bins=60 sat<0.05=0.0% mean=0.486 p10=0.475 p90=0.475
Iter 0001880: train nll 0.426, valid error 100.000%, best valid error 100.000%, avg grad norm   0.162, avg grad norm (post clip)   0.053, rho_Whh  1.15, Omega  0.00, alpha  0.000, steps in the past 0.000, valid nll 0.349
  [diag] log10|dL/dh_t| hist bins=60 range=(-12.50,-11.50) mean=-12.00 p50=-12.00 p05=-12.00 p95=-12.00
  [diag] sat-dist hist bins=60 sat<0.05=0.0% mean=0.485 p10=0.473 p90=0.474
Iter 0001900: train nll 0.435, valid error 100.000%, best valid error 100.000%, avg grad norm   0.170, avg grad norm (post clip)   0.053, rho_Whh  1.15, Omega  0.00, alpha  0.000, steps in the past 0.000, valid nll 0.348
  [diag] log10|dL/dh_t| hist bins=60 range=(-12.50,-11.50) mean=-12.00 p50=-12.00 p05=-12.00 p95=-12.00
  [diag] sat-dist hist bins=60 sat<0.05=0.0% mean=0.483 p10=0.471 p90=0.472
Iter 0001920: train nll 0.405, valid error 100.000%, best valid error 100.000%, avg grad norm   0.163, avg grad norm (post clip)   0.053, rho_Whh  1.16, Omega  0.00, alpha  0.000, steps in the past 0.000, valid nll 0.347
  [diag] log10|dL/dh_t| hist bins=60 range=(-12.50,-11.50) mean=-12.00 p50=-12.00 p05=-12.00 p95=-12.00
  [diag] sat-dist hist bins=60 sat<0.05=0.0% mean=0.483 p10=0.471 p90=0.472
Iter 0001940: train nll 0.488, valid error 100.000%, best valid error 100.000%, avg grad norm   0.178, avg grad norm (post clip)   0.053, rho_Whh  1.16, Omega  0.00, alpha  0.000, steps in the past 0.000, valid nll 0.347
  [diag] log10|dL/dh_t| hist bins=60 range=(-12.50,-11.50) mean=-12.00 p50=-12.00 p05=-12.00 p95=-12.00
  [diag] sat-dist hist bins=60 sat<0.05=0.0% mean=0.482 p10=0.470 p90=0.471
Iter 0001960: train nll 0.432, valid error 100.000%, best valid error 100.000%, avg grad norm   0.169, avg grad norm (post clip)   0.053, rho_Whh  1.16, Omega  0.00, alpha  0.000, steps in the past 0.000, valid nll 0.346
  [diag] log10|dL/dh_t| hist bins=60 range=(-12.50,-11.50) mean=-12.00 p50=-12.00 p05=-12.00 p95=-12.00
  [diag] sat-dist hist bins=60 sat<0.05=0.0% mean=0.480 p10=0.469 p90=0.470
Iter 0001980: train nll 0.401, valid error 100.000%, best valid error 100.000%, avg grad norm   0.157, avg grad norm (post clip)   0.053, rho_Whh  1.16, Omega  0.00, alpha  0.000, steps in the past 0.000, valid nll 0.345
  [diag] log10|dL/dh_t| hist bins=60 range=(-12.50,-11.50) mean=-12.00 p50=-12.00 p05=-12.00 p95=-12.00
  [diag] sat-dist hist bins=60 sat<0.05=0.0% mean=0.478 p10=0.467 p90=0.468
Iter 0002000: train nll 0.389, valid error 100.000%, best valid error 100.000%, avg grad norm   0.142, avg grad norm (post clip)   0.053, rho_Whh  1.16, Omega  0.00, alpha  0.000, steps in the past 0.000, valid nll 0.345
  [diag] log10|dL/dh_t| hist bins=60 range=(-12.50,-11.50) mean=-12.00 p50=-12.00 p05=-12.00 p95=-12.00
  [diag] sat-dist hist bins=60 sat<0.05=0.0% mean=0.477 p10=0.466 p90=0.467
Iter 0002020: train nll 0.403, valid error 100.000%, best valid error 100.000%, avg grad norm   0.140, avg grad norm (post clip)   0.053, rho_Whh  1.16, Omega  0.00, alpha  0.000, steps in the past 0.000, valid nll 0.344
  [diag] log10|dL/dh_t| hist bins=60 range=(-12.50,-11.50) mean=-12.00 p50=-12.00 p05=-12.00 p95=-12.00
  [diag] sat-dist hist bins=60 sat<0.05=0.0% mean=0.476 p10=0.465 p90=0.466
Iter 0002040: train nll 0.415, valid error 100.000%, best valid error 100.000%, avg grad norm   0.135, avg grad norm (post clip)   0.053, rho_Whh  1.16, Omega  0.00, alpha  0.000, steps in the past 0.000, valid nll 0.343
  [diag] log10|dL/dh_t| hist bins=60 range=(-12.50,-11.50) mean=-12.00 p50=-12.00 p05=-12.00 p95=-12.00
  [diag] sat-dist hist bins=60 sat<0.05=0.0% mean=0.476 p10=0.465 p90=0.465
Iter 0002060: train nll 0.416, valid error 100.000%, best valid error 100.000%, avg grad norm   0.151, avg grad norm (post clip)   0.053, rho_Whh  1.16, Omega  0.00, alpha  0.000, steps in the past 0.000, valid nll 0.343
  [diag] log10|dL/dh_t| hist bins=60 range=(-12.50,-11.50) mean=-12.00 p50=-12.00 p05=-12.00 p95=-12.00
  [diag] sat-dist hist bins=60 sat<0.05=0.0% mean=0.476 p10=0.465 p90=0.466
Iter 0002080: train nll 0.456, valid error 100.000%, best valid error 100.000%, avg grad norm   0.143, avg grad norm (post clip)   0.053, rho_Whh  1.16, Omega  0.00, alpha  0.000, steps in the past 0.000, valid nll 0.343
  [diag] log10|dL/dh_t| hist bins=60 range=(-12.50,-11.50) mean=-12.00 p50=-12.00 p05=-12.00 p95=-12.00
  [diag] sat-dist hist bins=60 sat<0.05=0.0% mean=0.476 p10=0.465 p90=0.466
Iter 0002100: train nll 0.454, valid error 100.000%, best valid error 100.000%, avg grad norm   0.166, avg grad norm (post clip)   0.053, rho_Whh  1.16, Omega  0.00, alpha  0.000, steps in the past 0.000, valid nll 0.342
  [diag] log10|dL/dh_t| hist bins=60 range=(-12.50,-11.50) mean=-12.00 p50=-12.00 p05=-12.00 p95=-12.00
  [diag] sat-dist hist bins=60 sat<0.05=0.0% mean=0.475 p10=0.464 p90=0.465
Iter 0002120: train nll 0.403, valid error 100.000%, best valid error 100.000%, avg grad norm   0.115, avg grad norm (post clip)   0.053, rho_Whh  1.16, Omega  0.00, alpha  0.000, steps in the past 0.000, valid nll 0.342
  [diag] log10|dL/dh_t| hist bins=60 range=(-12.50,-11.50) mean=-12.00 p50=-12.00 p05=-12.00 p95=-12.00
  [diag] sat-dist hist bins=60 sat<0.05=0.0% mean=0.473 p10=0.463 p90=0.463
Iter 0002140: train nll 0.372, valid error 100.000%, best valid error 100.000%, avg grad norm   0.131, avg grad norm (post clip)   0.053, rho_Whh  1.17, Omega  0.00, alpha  0.000, steps in the past 0.000, valid nll 0.341
  [diag] log10|dL/dh_t| hist bins=60 range=(-12.50,-11.50) mean=-12.00 p50=-12.00 p05=-12.00 p95=-12.00
  [diag] sat-dist hist bins=60 sat<0.05=0.0% mean=0.472 p10=0.462 p90=0.462
Iter 0002160: train nll 0.391, valid error 100.000%, best valid error 100.000%, avg grad norm   0.136, avg grad norm (post clip)   0.053, rho_Whh  1.17, Omega  0.00, alpha  0.000, steps in the past 0.000, valid nll 0.341
  [diag] log10|dL/dh_t| hist bins=60 range=(-12.50,-11.50) mean=-12.00 p50=-12.00 p05=-12.00 p95=-12.00
  [diag] sat-dist hist bins=60 sat<0.05=0.0% mean=0.471 p10=0.461 p90=0.461
Iter 0002180: train nll 0.388, valid error 100.000%, best valid error 100.000%, avg grad norm   0.129, avg grad norm (post clip)   0.053, rho_Whh  1.17, Omega  0.00, alpha  0.000, steps in the past 0.000, valid nll 0.340
  [diag] log10|dL/dh_t| hist bins=60 range=(-12.50,-11.50) mean=-12.00 p50=-12.00 p05=-12.00 p95=-12.00
  [diag] sat-dist hist bins=60 sat<0.05=0.0% mean=0.471 p10=0.461 p90=0.461
Iter 0002200: train nll 0.406, valid error 100.000%, best valid error 100.000%, avg grad norm   0.127, avg grad norm (post clip)   0.053, rho_Whh  1.17, Omega  0.00, alpha  0.000, steps in the past 0.000, valid nll 0.340
  [diag] log10|dL/dh_t| hist bins=60 range=(-12.50,-11.50) mean=-12.00 p50=-12.00 p05=-12.00 p95=-12.00
  [diag] sat-dist hist bins=60 sat<0.05=0.0% mean=0.470 p10=0.460 p90=0.460
Iter 0002220: train nll 0.395, valid error 100.000%, best valid error 100.000%, avg grad norm   0.134, avg grad norm (post clip)   0.053, rho_Whh  1.17, Omega  0.00, alpha  0.000, steps in the past 0.000, valid nll 0.340
  [diag] log10|dL/dh_t| hist bins=60 range=(-12.50,-11.50) mean=-12.00 p50=-12.00 p05=-12.00 p95=-12.00
  [diag] sat-dist hist bins=60 sat<0.05=0.0% mean=0.470 p10=0.460 p90=0.461
Iter 0002240: train nll 0.434, valid error 100.000%, best valid error 100.000%, avg grad norm   0.128, avg grad norm (post clip)   0.053, rho_Whh  1.17, Omega  0.00, alpha  0.000, steps in the past 0.000, valid nll 0.340
  [diag] log10|dL/dh_t| hist bins=60 range=(-12.50,-11.50) mean=-12.00 p50=-12.00 p05=-12.00 p95=-12.00
  [diag] sat-dist hist bins=60 sat<0.05=0.0% mean=0.470 p10=0.460 p90=0.461
Iter 0002260: train nll 0.436, valid error 100.000%, best valid error 100.000%, avg grad norm   0.144, avg grad norm (post clip)   0.053, rho_Whh  1.17, Omega  0.00, alpha  0.000, steps in the past 0.000, valid nll 0.339
  [diag] log10|dL/dh_t| hist bins=60 range=(-12.50,-11.50) mean=-12.00 p50=-12.00 p05=-12.00 p95=-12.00
  [diag] sat-dist hist bins=60 sat<0.05=0.0% mean=0.471 p10=0.461 p90=0.461
Iter 0002280: train nll 0.438, valid error 100.000%, best valid error 100.000%, avg grad norm   0.147, avg grad norm (post clip)   0.053, rho_Whh  1.17, Omega  0.00, alpha  0.000, steps in the past 0.000, valid nll 0.339
  [diag] log10|dL/dh_t| hist bins=60 range=(-12.50,-11.50) mean=-12.00 p50=-12.00 p05=-12.00 p95=-12.00
  [diag] sat-dist hist bins=60 sat<0.05=0.0% mean=0.470 p10=0.460 p90=0.460
Iter 0002300: train nll 0.409, valid error 100.000%, best valid error 100.000%, avg grad norm   0.134, avg grad norm (post clip)   0.053, rho_Whh  1.17, Omega  0.00, alpha  0.000, steps in the past 0.000, valid nll 0.339
  [diag] log10|dL/dh_t| hist bins=60 range=(-12.50,-11.50) mean=-12.00 p50=-12.00 p05=-12.00 p95=-12.00
  [diag] sat-dist hist bins=60 sat<0.05=0.0% mean=0.470 p10=0.460 p90=0.461
Iter 0002320: train nll 0.455, valid error 100.000%, best valid error 100.000%, avg grad norm   0.165, avg grad norm (post clip)   0.053, rho_Whh  1.16, Omega  0.00, alpha  0.000, steps in the past 0.000, valid nll 0.339
  [diag] log10|dL/dh_t| hist bins=60 range=(-12.50,-11.50) mean=-12.00 p50=-12.00 p05=-12.00 p95=-12.00
  [diag] sat-dist hist bins=60 sat<0.05=0.0% mean=0.471 p10=0.461 p90=0.461
Iter 0002340: train nll 0.447, valid error 100.000%, best valid error 100.000%, avg grad norm   0.142, avg grad norm (post clip)   0.053, rho_Whh  1.16, Omega  0.00, alpha  0.000, steps in the past 0.000, valid nll 0.339
  [diag] log10|dL/dh_t| hist bins=60 range=(-12.50,-11.50) mean=-12.00 p50=-12.00 p05=-12.00 p95=-12.00
  [diag] sat-dist hist bins=60 sat<0.05=0.0% mean=0.471 p10=0.461 p90=0.461
Iter 0002360: train nll 0.421, valid error 100.000%, best valid error 100.000%, avg grad norm   0.143, avg grad norm (post clip)   0.053, rho_Whh  1.16, Omega  0.00, alpha  0.000, steps in the past 0.000, valid nll 0.339
  [diag] log10|dL/dh_t| hist bins=60 range=(-12.50,-11.50) mean=-12.00 p50=-12.00 p05=-12.00 p95=-12.00
  [diag] sat-dist hist bins=60 sat<0.05=0.0% mean=0.470 p10=0.460 p90=0.460
Iter 0002380: train nll 0.390, valid error 100.000%, best valid error 100.000%, avg grad norm   0.122, avg grad norm (post clip)   0.053, rho_Whh  1.16, Omega  0.00, alpha  0.000, steps in the past 0.000, valid nll 0.338
  [diag] log10|dL/dh_t| hist bins=60 range=(-12.50,-11.50) mean=-12.00 p50=-12.00 p05=-12.00 p95=-12.00
  [diag] sat-dist hist bins=60 sat<0.05=0.0% mean=0.469 p10=0.459 p90=0.460
Iter 0002400: train nll 0.375, valid error 100.000%, best valid error 100.000%, avg grad norm   0.116, avg grad norm (post clip)   0.053, rho_Whh  1.16, Omega  0.00, alpha  0.000, steps in the past 0.000, valid nll 0.338
  [diag] log10|dL/dh_t| hist bins=60 range=(-12.50,-11.50) mean=-12.00 p50=-12.00 p05=-12.00 p95=-12.00
  [diag] sat-dist hist bins=60 sat<0.05=0.0% mean=0.468 p10=0.458 p90=0.459
Iter 0002420: train nll 0.388, valid error 100.000%, best valid error 100.000%, avg grad norm   0.109, avg grad norm (post clip)   0.052, rho_Whh  1.16, Omega  0.00, alpha  0.000, steps in the past 0.000, valid nll 0.338
  [diag] log10|dL/dh_t| hist bins=60 range=(-12.50,-11.50) mean=-12.00 p50=-12.00 p05=-12.00 p95=-12.00
  [diag] sat-dist hist bins=60 sat<0.05=0.0% mean=0.468 p10=0.458 p90=0.459
Iter 0002440: train nll 0.397, valid error 100.000%, best valid error 100.000%, avg grad norm   0.122, avg grad norm (post clip)   0.052, rho_Whh  1.16, Omega  0.00, alpha  0.000, steps in the past 0.000, valid nll 0.337
  [diag] log10|dL/dh_t| hist bins=60 range=(-12.50,-11.50) mean=-12.00 p50=-12.00 p05=-12.00 p95=-12.00
  [diag] sat-dist hist bins=60 sat<0.05=0.0% mean=0.467 p10=0.457 p90=0.458
Iter 0002460: train nll 0.361, valid error 100.000%, best valid error 100.000%, avg grad norm   0.103, avg grad norm (post clip)   0.052, rho_Whh  1.17, Omega  0.00, alpha  0.000, steps in the past 0.000, valid nll 0.337
  [diag] log10|dL/dh_t| hist bins=60 range=(-12.50,-11.50) mean=-12.00 p50=-12.00 p05=-12.00 p95=-12.00
  [diag] sat-dist hist bins=60 sat<0.05=0.0% mean=0.466 p10=0.456 p90=0.457
Iter 0002480: train nll 0.364, valid error 100.000%, best valid error 100.000%, avg grad norm   0.101, avg grad norm (post clip)   0.052, rho_Whh  1.17, Omega  0.00, alpha  0.000, steps in the past 0.000, valid nll 0.337
  [diag] log10|dL/dh_t| hist bins=60 range=(-12.50,-11.50) mean=-12.00 p50=-12.00 p05=-12.00 p95=-12.00
  [diag] sat-dist hist bins=60 sat<0.05=0.0% mean=0.467 p10=0.457 p90=0.458
Iter 0002500: train nll 0.438, valid error 100.000%, best valid error 100.000%, avg grad norm   0.139, avg grad norm (post clip)   0.052, rho_Whh  1.16, Omega  0.00, alpha  0.000, steps in the past 0.000, valid nll 0.337
  [diag] log10|dL/dh_t| hist bins=60 range=(-12.50,-11.50) mean=-12.00 p50=-12.00 p05=-12.00 p95=-12.00
  [diag] sat-dist hist bins=60 sat<0.05=0.0% mean=0.467 p10=0.458 p90=0.458
Iter 0002520: train nll 0.413, valid error 100.000%, best valid error 100.000%, avg grad norm   0.127, avg grad norm (post clip)   0.052, rho_Whh  1.16, Omega  0.00, alpha  0.000, steps in the past 0.000, valid nll 0.337
  [diag] log10|dL/dh_t| hist bins=60 range=(-12.50,-11.50) mean=-12.00 p50=-12.00 p05=-12.00 p95=-12.00
  [diag] sat-dist hist bins=60 sat<0.05=0.0% mean=0.468 p10=0.458 p90=0.459
Iter 0002540: train nll 0.438, valid error 100.000%, best valid error 100.000%, avg grad norm   0.149, avg grad norm (post clip)   0.052, rho_Whh  1.16, Omega  0.00, alpha  0.000, steps in the past 0.000, valid nll 0.337
  [diag] log10|dL/dh_t| hist bins=60 range=(-12.50,-11.50) mean=-12.00 p50=-12.00 p05=-12.00 p95=-12.00
  [diag] sat-dist hist bins=60 sat<0.05=0.0% mean=0.467 p10=0.457 p90=0.458
Iter 0002560: train nll 0.364, valid error 100.000%, best valid error 100.000%, avg grad norm   0.105, avg grad norm (post clip)   0.052, rho_Whh  1.16, Omega  0.00, alpha  0.000, steps in the past 0.000, valid nll 0.336
  [diag] log10|dL/dh_t| hist bins=60 range=(-12.50,-11.50) mean=-12.00 p50=-12.00 p05=-12.00 p95=-12.00
  [diag] sat-dist hist bins=60 sat<0.05=0.0% mean=0.466 p10=0.457 p90=0.457
Iter 0002580: train nll 0.385, valid error 100.000%, best valid error 100.000%, avg grad norm   0.107, avg grad norm (post clip)   0.051, rho_Whh  1.16, Omega  0.00, alpha  0.000, steps in the past 0.000, valid nll 0.336
  [diag] log10|dL/dh_t| hist bins=60 range=(-12.50,-11.50) mean=-12.00 p50=-12.00 p05=-12.00 p95=-12.00
  [diag] sat-dist hist bins=60 sat<0.05=0.0% mean=0.466 p10=0.457 p90=0.457
Iter 0002600: train nll 0.408, valid error 100.000%, best valid error 100.000%, avg grad norm   0.128, avg grad norm (post clip)   0.052, rho_Whh  1.16, Omega  0.00, alpha  0.000, steps in the past 0.000, valid nll 0.336
  [diag] log10|dL/dh_t| hist bins=60 range=(-12.50,-11.50) mean=-12.00 p50=-12.00 p05=-12.00 p95=-12.00
  [diag] sat-dist hist bins=60 sat<0.05=0.0% mean=0.466 p10=0.457 p90=0.457
Iter 0002620: train nll 0.381, valid error 100.000%, best valid error 100.000%, avg grad norm   0.092, avg grad norm (post clip)   0.050, rho_Whh  1.16, Omega  0.00, alpha  0.000, steps in the past 0.000, valid nll 0.336
  [diag] log10|dL/dh_t| hist bins=60 range=(-12.50,-11.50) mean=-12.00 p50=-12.00 p05=-12.00 p95=-12.00
  [diag] sat-dist hist bins=60 sat<0.05=0.0% mean=0.467 p10=0.458 p90=0.458
Iter 0002640: train nll 0.475, valid error 100.000%, best valid error 100.000%, avg grad norm   0.193, avg grad norm (post clip)   0.052, rho_Whh  1.16, Omega  0.00, alpha  0.000, steps in the past 0.000, valid nll 0.336
  [diag] log10|dL/dh_t| hist bins=60 range=(-12.50,-11.50) mean=-12.00 p50=-12.00 p05=-12.00 p95=-12.00
  [diag] sat-dist hist bins=60 sat<0.05=0.0% mean=0.466 p10=0.457 p90=0.458
Iter 0002660: train nll 0.398, valid error 100.000%, best valid error 100.000%, avg grad norm   0.122, avg grad norm (post clip)   0.052, rho_Whh  1.16, Omega  0.00, alpha  0.000, steps in the past 0.000, valid nll 0.335
  [diag] log10|dL/dh_t| hist bins=60 range=(-12.50,-11.50) mean=-12.00 p50=-12.00 p05=-12.00 p95=-12.00
  [diag] sat-dist hist bins=60 sat<0.05=0.0% mean=0.467 p10=0.458 p90=0.458
Iter 0002680: train nll 0.424, valid error 100.000%, best valid error 100.000%, avg grad norm   0.145, avg grad norm (post clip)   0.052, rho_Whh  1.16, Omega  0.00, alpha  0.000, steps in the past 0.000, valid nll 0.335
  [diag] log10|dL/dh_t| hist bins=60 range=(-12.50,-11.50) mean=-12.00 p50=-12.00 p05=-12.00 p95=-12.00
  [diag] sat-dist hist bins=60 sat<0.05=0.0% mean=0.467 p10=0.458 p90=0.458
Iter 0002700: train nll 0.425, valid error 100.000%, best valid error 100.000%, avg grad norm   0.132, avg grad norm (post clip)   0.051, rho_Whh  1.16, Omega  0.00, alpha  0.000, steps in the past 0.000, valid nll 0.335
  [diag] log10|dL/dh_t| hist bins=60 range=(-12.50,-11.50) mean=-12.00 p50=-12.00 p05=-12.00 p95=-12.00
  [diag] sat-dist hist bins=60 sat<0.05=0.0% mean=0.468 p10=0.459 p90=0.460
Iter 0002720: train nll 0.496, valid error 100.000%, best valid error 100.000%, avg grad norm   0.210, avg grad norm (post clip)   0.053, rho_Whh  1.16, Omega  0.00, alpha  0.000, steps in the past 0.000, valid nll 0.335
  [diag] log10|dL/dh_t| hist bins=60 range=(-12.50,-11.50) mean=-12.00 p50=-12.00 p05=-12.00 p95=-12.00
  [diag] sat-dist hist bins=60 sat<0.05=0.0% mean=0.469 p10=0.460 p90=0.460
Iter 0002740: train nll 0.424, valid error 100.000%, best valid error 100.000%, avg grad norm   0.140, avg grad norm (post clip)   0.052, rho_Whh  1.16, Omega  0.00, alpha  0.000, steps in the past 0.000, valid nll 0.335
  [diag] log10|dL/dh_t| hist bins=60 range=(-12.50,-11.50) mean=-12.00 p50=-12.00 p05=-12.00 p95=-12.00
  [diag] sat-dist hist bins=60 sat<0.05=0.0% mean=0.468 p10=0.460 p90=0.460
Iter 0002760: train nll 0.390, valid error 100.000%, best valid error 100.000%, avg grad norm   0.105, avg grad norm (post clip)   0.052, rho_Whh  1.15, Omega  0.00, alpha  0.000, steps in the past 0.000, valid nll 0.335
  [diag] log10|dL/dh_t| hist bins=60 range=(-12.50,-11.50) mean=-12.00 p50=-12.00 p05=-12.00 p95=-12.00
  [diag] sat-dist hist bins=60 sat<0.05=0.0% mean=0.469 p10=0.460 p90=0.461
Iter 0002780: train nll 0.428, valid error 100.000%, best valid error 100.000%, avg grad norm   0.134, avg grad norm (post clip)   0.051, rho_Whh  1.15, Omega  0.00, alpha  0.000, steps in the past 0.000, valid nll 0.335
  [diag] log10|dL/dh_t| hist bins=60 range=(-12.50,-11.50) mean=-12.00 p50=-12.00 p05=-12.00 p95=-12.00
  [diag] sat-dist hist bins=60 sat<0.05=0.0% mean=0.469 p10=0.460 p90=0.461
Iter 0002800: train nll 0.399, valid error 100.000%, best valid error 100.000%, avg grad norm   0.113, avg grad norm (post clip)   0.052, rho_Whh  1.15, Omega  0.00, alpha  0.000, steps in the past 0.000, valid nll 0.335
  [diag] log10|dL/dh_t| hist bins=60 range=(-12.50,-11.50) mean=-12.00 p50=-12.00 p05=-12.00 p95=-12.00
  [diag] sat-dist hist bins=60 sat<0.05=0.0% mean=0.470 p10=0.461 p90=0.461
Iter 0002820: train nll 0.421, valid error 100.000%, best valid error 100.000%, avg grad norm   0.127, avg grad norm (post clip)   0.052, rho_Whh  1.15, Omega  0.00, alpha  0.000, steps in the past 0.000, valid nll 0.335
  [diag] log10|dL/dh_t| hist bins=60 range=(-12.50,-11.50) mean=-12.00 p50=-12.00 p05=-12.00 p95=-12.00
  [diag] sat-dist hist bins=60 sat<0.05=0.0% mean=0.469 p10=0.461 p90=0.461
Iter 0002840: train nll 0.396, valid error 100.000%, best valid error 100.000%, avg grad norm   0.126, avg grad norm (post clip)   0.052, rho_Whh  1.15, Omega  0.00, alpha  0.000, steps in the past 0.000, valid nll 0.335
  [diag] log10|dL/dh_t| hist bins=60 range=(-12.50,-11.50) mean=-12.00 p50=-12.00 p05=-12.00 p95=-12.00
  [diag] sat-dist hist bins=60 sat<0.05=0.0% mean=0.470 p10=0.462 p90=0.462
Iter 0002860: train nll 0.460, valid error 100.000%, best valid error 100.000%, avg grad norm   0.177, avg grad norm (post clip)   0.052, rho_Whh  1.15, Omega  0.00, alpha  0.000, steps in the past 0.000, valid nll 0.335
  [diag] log10|dL/dh_t| hist bins=60 range=(-12.50,-11.50) mean=-12.00 p50=-12.00 p05=-12.00 p95=-12.00
  [diag] sat-dist hist bins=60 sat<0.05=0.0% mean=0.470 p10=0.462 p90=0.462
Iter 0002880: train nll 0.409, valid error 100.000%, best valid error 100.000%, avg grad norm   0.131, avg grad norm (post clip)   0.052, rho_Whh  1.15, Omega  0.00, alpha  0.000, steps in the past 0.000, valid nll 0.335
  [diag] log10|dL/dh_t| hist bins=60 range=(-12.50,-11.50) mean=-12.00 p50=-12.00 p05=-12.00 p95=-12.00
  [diag] sat-dist hist bins=60 sat<0.05=0.0% mean=0.470 p10=0.462 p90=0.462
Iter 0002900: train nll 0.434, valid error 100.000%, best valid error 100.000%, avg grad norm   0.162, avg grad norm (post clip)   0.053, rho_Whh  1.15, Omega  0.00, alpha  0.000, steps in the past 0.000, valid nll 0.335
  [diag] log10|dL/dh_t| hist bins=60 range=(-12.50,-11.50) mean=-12.00 p50=-12.00 p05=-12.00 p95=-12.00
  [diag] sat-dist hist bins=60 sat<0.05=0.0% mean=0.470 p10=0.462 p90=0.462
Iter 0002920: train nll 0.430, valid error 100.000%, best valid error 100.000%, avg grad norm   0.147, avg grad norm (post clip)   0.052, rho_Whh  1.15, Omega  0.00, alpha  0.000, steps in the past 0.000, valid nll 0.335
  [diag] log10|dL/dh_t| hist bins=60 range=(-12.50,-11.50) mean=-12.00 p50=-12.00 p05=-12.00 p95=-12.00
  [diag] sat-dist hist bins=60 sat<0.05=0.0% mean=0.470 p10=0.461 p90=0.462
Iter 0002940: train nll 0.374, valid error 100.000%, best valid error 100.000%, avg grad norm   0.098, avg grad norm (post clip)   0.052, rho_Whh  1.15, Omega  0.00, alpha  0.000, steps in the past 0.000, valid nll 0.334
  [diag] log10|dL/dh_t| hist bins=60 range=(-12.50,-11.50) mean=-12.00 p50=-12.00 p05=-12.00 p95=-12.00
  [diag] sat-dist hist bins=60 sat<0.05=0.0% mean=0.469 p10=0.461 p90=0.461
Iter 0002960: train nll 0.382, valid error 100.000%, best valid error 100.000%, avg grad norm   0.118, avg grad norm (post clip)   0.052, rho_Whh  1.15, Omega  0.00, alpha  0.000, steps in the past 0.000, valid nll 0.334
  [diag] log10|dL/dh_t| hist bins=60 range=(-12.50,-11.50) mean=-12.00 p50=-12.00 p05=-12.00 p95=-12.00
  [diag] sat-dist hist bins=60 sat<0.05=0.0% mean=0.469 p10=0.461 p90=0.461
Iter 0002980: train nll 0.409, valid error 100.000%, best valid error 100.000%, avg grad norm   0.141, avg grad norm (post clip)   0.052, rho_Whh  1.15, Omega  0.00, alpha  0.000, steps in the past 0.000, valid nll 0.334
  [diag] log10|dL/dh_t| hist bins=60 range=(-12.50,-11.50) mean=-12.00 p50=-12.00 p05=-12.00 p95=-12.00
  [diag] sat-dist hist bins=60 sat<0.05=0.0% mean=0.469 p10=0.461 p90=0.461
Iter 0003000: train nll 0.417, valid error 100.000%, best valid error 100.000%, avg grad norm   0.148, avg grad norm (post clip)   0.052, rho_Whh  1.15, Omega  0.00, alpha  0.000, steps in the past 0.000, valid nll 0.334
  [diag] log10|dL/dh_t| hist bins=60 range=(-12.50,-11.50) mean=-12.00 p50=-12.00 p05=-12.00 p95=-12.00
  [diag] sat-dist hist bins=60 sat<0.05=0.0% mean=0.470 p10=0.461 p90=0.462
Iter 0003020: train nll 0.392, valid error 100.000%, best valid error 100.000%, avg grad norm   0.108, avg grad norm (post clip)   0.050, rho_Whh  1.15, Omega  0.00, alpha  0.000, steps in the past 0.000, valid nll 0.334
  [diag] log10|dL/dh_t| hist bins=60 range=(-12.50,-11.50) mean=-12.00 p50=-12.00 p05=-12.00 p95=-12.00
  [diag] sat-dist hist bins=60 sat<0.05=0.0% mean=0.470 p10=0.461 p90=0.462
Iter 0003040: train nll 0.409, valid error 100.000%, best valid error 100.000%, avg grad norm   0.138, avg grad norm (post clip)   0.052, rho_Whh  1.15, Omega  0.00, alpha  0.000, steps in the past 0.000, valid nll 0.334
  [diag] log10|dL/dh_t| hist bins=60 range=(-12.50,-11.50) mean=-12.00 p50=-12.00 p05=-12.00 p95=-12.00
  [diag] sat-dist hist bins=60 sat<0.05=0.0% mean=0.470 p10=0.461 p90=0.462
Iter 0003060: train nll 0.396, valid error 100.000%, best valid error 100.000%, avg grad norm   0.134, avg grad norm (post clip)   0.052, rho_Whh  1.15, Omega  0.00, alpha  0.000, steps in the past 0.000, valid nll 0.333
  [diag] log10|dL/dh_t| hist bins=60 range=(-12.50,-11.50) mean=-12.00 p50=-12.00 p05=-12.00 p95=-12.00
  [diag] sat-dist hist bins=60 sat<0.05=0.0% mean=0.470 p10=0.461 p90=0.462
Iter 0003080: train nll 0.394, valid error 100.000%, best valid error 100.000%, avg grad norm   0.118, avg grad norm (post clip)   0.052, rho_Whh  1.15, Omega  0.00, alpha  0.000, steps in the past 0.000, valid nll 0.333
  [diag] log10|dL/dh_t| hist bins=60 range=(-12.50,-11.50) mean=-12.00 p50=-12.00 p05=-12.00 p95=-12.00
  [diag] sat-dist hist bins=60 sat<0.05=0.0% mean=0.469 p10=0.461 p90=0.461
Iter 0003100: train nll 0.365, valid error 100.000%, best valid error 100.000%, avg grad norm   0.095, avg grad norm (post clip)   0.049, rho_Whh  1.15, Omega  0.00, alpha  0.000, steps in the past 0.000, valid nll 0.333
  [diag] log10|dL/dh_t| hist bins=60 range=(-12.50,-11.50) mean=-12.00 p50=-12.00 p05=-12.00 p95=-12.00
  [diag] sat-dist hist bins=60 sat<0.05=0.0% mean=0.470 p10=0.462 p90=0.462
Iter 0003120: train nll 0.392, valid error 100.000%, best valid error 100.000%, avg grad norm   0.109, avg grad norm (post clip)   0.052, rho_Whh  1.15, Omega  0.00, alpha  0.000, steps in the past 0.000, valid nll 0.333
  [diag] log10|dL/dh_t| hist bins=60 range=(-12.50,-11.50) mean=-12.00 p50=-12.00 p05=-12.00 p95=-12.00
  [diag] sat-dist hist bins=60 sat<0.05=0.0% mean=0.470 p10=0.462 p90=0.463
Iter 0003140: train nll 0.416, valid error 100.000%, best valid error 100.000%, avg grad norm   0.127, avg grad norm (post clip)   0.050, rho_Whh  1.14, Omega  0.00, alpha  0.000, steps in the past 0.000, valid nll 0.333
  [diag] log10|dL/dh_t| hist bins=60 range=(-12.50,-11.50) mean=-12.00 p50=-12.00 p05=-12.00 p95=-12.00
  [diag] sat-dist hist bins=60 sat<0.05=0.0% mean=0.471 p10=0.463 p90=0.464
Iter 0003160: train nll 0.433, valid error 100.000%, best valid error 100.000%, avg grad norm   0.146, avg grad norm (post clip)   0.052, rho_Whh  1.14, Omega  0.00, alpha  0.000, steps in the past 0.000, valid nll 0.333
  [diag] log10|dL/dh_t| hist bins=60 range=(-12.50,-11.50) mean=-12.00 p50=-12.00 p05=-12.00 p95=-12.00
  [diag] sat-dist hist bins=60 sat<0.05=0.0% mean=0.472 p10=0.464 p90=0.464
Iter 0003180: train nll 0.393, valid error 100.000%, best valid error 100.000%, avg grad norm   0.117, avg grad norm (post clip)   0.052, rho_Whh  1.14, Omega  0.00, alpha  0.000, steps in the past 0.000, valid nll 0.333
  [diag] log10|dL/dh_t| hist bins=60 range=(-12.50,-11.50) mean=-12.00 p50=-12.00 p05=-12.00 p95=-12.00
  [diag] sat-dist hist bins=60 sat<0.05=0.0% mean=0.470 p10=0.462 p90=0.462
Iter 0003200: train nll 0.344, valid error 100.000%, best valid error 100.000%, avg grad norm   0.107, avg grad norm (post clip)   0.051, rho_Whh  1.14, Omega  0.00, alpha  0.000, steps in the past 0.000, valid nll 0.333
  [diag] log10|dL/dh_t| hist bins=60 range=(-12.50,-11.50) mean=-12.00 p50=-12.00 p05=-12.00 p95=-12.00
  [diag] sat-dist hist bins=60 sat<0.05=0.0% mean=0.470 p10=0.462 p90=0.463
Iter 0003220: train nll 0.387, valid error 100.000%, best valid error 100.000%, avg grad norm   0.106, avg grad norm (post clip)   0.050, rho_Whh  1.14, Omega  0.00, alpha  0.000, steps in the past 0.000, valid nll 0.333
  [diag] log10|dL/dh_t| hist bins=60 range=(-12.50,-11.50) mean=-12.00 p50=-12.00 p05=-12.00 p95=-12.00
  [diag] sat-dist hist bins=60 sat<0.05=0.0% mean=0.470 p10=0.462 p90=0.463
Iter 0003240: train nll 0.424, valid error 100.000%, best valid error 100.000%, avg grad norm   0.168, avg grad norm (post clip)   0.050, rho_Whh  1.14, Omega  0.00, alpha  0.000, steps in the past 0.000, valid nll 0.332
  [diag] log10|dL/dh_t| hist bins=60 range=(-12.50,-11.50) mean=-12.00 p50=-12.00 p05=-12.00 p95=-12.00
  [diag] sat-dist hist bins=60 sat<0.05=0.0% mean=0.471 p10=0.464 p90=0.464
Iter 0003260: train nll 0.442, valid error 100.000%, best valid error 100.000%, avg grad norm   0.151, avg grad norm (post clip)   0.050, rho_Whh  1.14, Omega  0.00, alpha  0.000, steps in the past 0.000, valid nll 0.333
  [diag] log10|dL/dh_t| hist bins=60 range=(-12.50,-11.50) mean=-12.00 p50=-12.00 p05=-12.00 p95=-12.00
  [diag] sat-dist hist bins=60 sat<0.05=0.0% mean=0.472 p10=0.464 p90=0.464
Iter 0003280: train nll 0.418, valid error 100.000%, best valid error 100.000%, avg grad norm   0.139, avg grad norm (post clip)   0.050, rho_Whh  1.14, Omega  0.00, alpha  0.000, steps in the past 0.000, valid nll 0.332
  [diag] log10|dL/dh_t| hist bins=60 range=(-12.50,-11.50) mean=-12.00 p50=-12.00 p05=-12.00 p95=-12.00
  [diag] sat-dist hist bins=60 sat<0.05=0.0% mean=0.472 p10=0.464 p90=0.465
Iter 0003300: train nll 0.392, valid error 100.000%, best valid error 100.000%, avg grad norm   0.132, avg grad norm (post clip)   0.052, rho_Whh  1.14, Omega  0.00, alpha  0.000, steps in the past 0.000, valid nll 0.332
  [diag] log10|dL/dh_t| hist bins=60 range=(-12.50,-11.50) mean=-12.00 p50=-12.00 p05=-12.00 p95=-12.00
  [diag] sat-dist hist bins=60 sat<0.05=0.0% mean=0.473 p10=0.465 p90=0.465
Iter 0003320: train nll 0.442, valid error 100.000%, best valid error 100.000%, avg grad norm   0.184, avg grad norm (post clip)   0.052, rho_Whh  1.14, Omega  0.00, alpha  0.000, steps in the past 0.000, valid nll 0.332
  [diag] log10|dL/dh_t| hist bins=60 range=(-12.50,-11.50) mean=-12.00 p50=-12.00 p05=-12.00 p95=-12.00
  [diag] sat-dist hist bins=60 sat<0.05=0.0% mean=0.473 p10=0.465 p90=0.465
Iter 0003340: train nll 0.426, valid error 100.000%, best valid error 100.000%, avg grad norm   0.167, avg grad norm (post clip)   0.052, rho_Whh  1.14, Omega  0.00, alpha  0.000, steps in the past 0.000, valid nll 0.332
  [diag] log10|dL/dh_t| hist bins=60 range=(-12.50,-11.50) mean=-12.00 p50=-12.00 p05=-12.00 p95=-12.00
  [diag] sat-dist hist bins=60 sat<0.05=0.0% mean=0.474 p10=0.466 p90=0.466
Iter 0003360: train nll 0.442, valid error 100.000%, best valid error 100.000%, avg grad norm   0.153, avg grad norm (post clip)   0.052, rho_Whh  1.13, Omega  0.00, alpha  0.000, steps in the past 0.000, valid nll 0.332
  [diag] log10|dL/dh_t| hist bins=60 range=(-12.50,-11.50) mean=-12.00 p50=-12.00 p05=-12.00 p95=-12.00
  [diag] sat-dist hist bins=60 sat<0.05=0.0% mean=0.474 p10=0.467 p90=0.467
Iter 0003380: train nll 0.423, valid error 100.000%, best valid error 100.000%, avg grad norm   0.139, avg grad norm (post clip)   0.050, rho_Whh  1.13, Omega  0.00, alpha  0.000, steps in the past 0.000, valid nll 0.332
  [diag] log10|dL/dh_t| hist bins=60 range=(-12.50,-11.50) mean=-12.00 p50=-12.00 p05=-12.00 p95=-12.00
  [diag] sat-dist hist bins=60 sat<0.05=0.0% mean=0.475 p10=0.467 p90=0.468
Iter 0003400: train nll 0.419, valid error 100.000%, best valid error 100.000%, avg grad norm   0.146, avg grad norm (post clip)   0.052, rho_Whh  1.13, Omega  0.00, alpha  0.000, steps in the past 0.000, valid nll 0.332
  [diag] log10|dL/dh_t| hist bins=60 range=(-12.50,-11.50) mean=-12.00 p50=-12.00 p05=-12.00 p95=-12.00
  [diag] sat-dist hist bins=60 sat<0.05=0.0% mean=0.475 p10=0.467 p90=0.467
Iter 0003420: train nll 0.381, valid error 100.000%, best valid error 100.000%, avg grad norm   0.128, avg grad norm (post clip)   0.051, rho_Whh  1.13, Omega  0.00, alpha  0.000, steps in the past 0.000, valid nll 0.332
  [diag] log10|dL/dh_t| hist bins=60 range=(-12.50,-11.50) mean=-12.00 p50=-12.00 p05=-12.00 p95=-12.00
  [diag] sat-dist hist bins=60 sat<0.05=0.0% mean=0.474 p10=0.467 p90=0.467
Iter 0003440: train nll 0.386, valid error 100.000%, best valid error 100.000%, avg grad norm   0.127, avg grad norm (post clip)   0.051, rho_Whh  1.13, Omega  0.00, alpha  0.000, steps in the past 0.000, valid nll 0.332
  [diag] log10|dL/dh_t| hist bins=60 range=(-12.50,-11.50) mean=-12.00 p50=-12.00 p05=-12.00 p95=-12.00
  [diag] sat-dist hist bins=60 sat<0.05=0.0% mean=0.474 p10=0.467 p90=0.467
Iter 0003460: train nll 0.398, valid error 100.000%, best valid error 100.000%, avg grad norm   0.142, avg grad norm (post clip)   0.052, rho_Whh  1.13, Omega  0.00, alpha  0.000, steps in the past 0.000, valid nll 0.332
  [diag] log10|dL/dh_t| hist bins=60 range=(-12.50,-11.50) mean=-12.00 p50=-12.00 p05=-12.00 p95=-12.00
  [diag] sat-dist hist bins=60 sat<0.05=0.0% mean=0.475 p10=0.467 p90=0.468
Iter 0003480: train nll 0.404, valid error 100.000%, best valid error 100.000%, avg grad norm   0.132, avg grad norm (post clip)   0.052, rho_Whh  1.13, Omega  0.00, alpha  0.000, steps in the past 0.000, valid nll 0.332
  [diag] log10|dL/dh_t| hist bins=60 range=(-12.50,-11.50) mean=-12.00 p50=-12.00 p05=-12.00 p95=-12.00
  [diag] sat-dist hist bins=60 sat<0.05=0.0% mean=0.476 p10=0.468 p90=0.469
Iter 0003500: train nll 0.459, valid error 100.000%, best valid error 100.000%, avg grad norm   0.183, avg grad norm (post clip)   0.051, rho_Whh  1.13, Omega  0.00, alpha  0.000, steps in the past 0.000, valid nll 0.332
  [diag] log10|dL/dh_t| hist bins=60 range=(-12.50,-11.50) mean=-12.00 p50=-12.00 p05=-12.00 p95=-12.00
  [diag] sat-dist hist bins=60 sat<0.05=0.0% mean=0.476 p10=0.469 p90=0.469
Iter 0003520: train nll 0.421, valid error 100.000%, best valid error 100.000%, avg grad norm   0.159, avg grad norm (post clip)   0.052, rho_Whh  1.13, Omega  0.00, alpha  0.000, steps in the past 0.000, valid nll 0.332
  [diag] log10|dL/dh_t| hist bins=60 range=(-12.50,-11.50) mean=-12.00 p50=-12.00 p05=-12.00 p95=-12.00
  [diag] sat-dist hist bins=60 sat<0.05=0.0% mean=0.477 p10=0.470 p90=0.470
Iter 0003540: train nll 0.441, valid error 100.000%, best valid error 100.000%, avg grad norm   0.169, avg grad norm (post clip)   0.052, rho_Whh  1.12, Omega  0.00, alpha  0.000, steps in the past 0.000, valid nll 0.332
  [diag] log10|dL/dh_t| hist bins=60 range=(-12.50,-11.50) mean=-12.00 p50=-12.00 p05=-12.00 p95=-12.00
  [diag] sat-dist hist bins=60 sat<0.05=0.0% mean=0.478 p10=0.470 p90=0.470
Iter 0003560: train nll 0.383, valid error 100.000%, best valid error 100.000%, avg grad norm   0.104, avg grad norm (post clip)   0.051, rho_Whh  1.12, Omega  0.00, alpha  0.000, steps in the past 0.000, valid nll 0.332
  [diag] log10|dL/dh_t| hist bins=60 range=(-12.50,-11.50) mean=-12.00 p50=-12.00 p05=-12.00 p95=-12.00
  [diag] sat-dist hist bins=60 sat<0.05=0.0% mean=0.479 p10=0.471 p90=0.472
Iter 0003580: train nll 0.415, valid error 100.000%, best valid error 100.000%, avg grad norm   0.123, avg grad norm (post clip)   0.052, rho_Whh  1.12, Omega  0.00, alpha  0.000, steps in the past 0.000, valid nll 0.332
  [diag] log10|dL/dh_t| hist bins=60 range=(-12.50,-11.50) mean=-12.00 p50=-12.00 p05=-12.00 p95=-12.00
  [diag] sat-dist hist bins=60 sat<0.05=0.0% mean=0.479 p10=0.471 p90=0.472
Iter 0003600: train nll 0.413, valid error 100.000%, best valid error 100.000%, avg grad norm   0.164, avg grad norm (post clip)   0.052, rho_Whh  1.12, Omega  0.00, alpha  0.000, steps in the past 0.000, valid nll 0.332
  [diag] log10|dL/dh_t| hist bins=60 range=(-12.50,-11.50) mean=-12.00 p50=-12.00 p05=-12.00 p95=-12.00
  [diag] sat-dist hist bins=60 sat<0.05=0.0% mean=0.479 p10=0.472 p90=0.472
Iter 0003620: train nll 0.422, valid error 100.000%, best valid error 100.000%, avg grad norm   0.163, avg grad norm (post clip)   0.051, rho_Whh  1.12, Omega  0.00, alpha  0.000, steps in the past 0.000, valid nll 0.332
  [diag] log10|dL/dh_t| hist bins=60 range=(-12.50,-11.50) mean=-12.00 p50=-12.00 p05=-12.00 p95=-12.00
  [diag] sat-dist hist bins=60 sat<0.05=0.0% mean=0.479 p10=0.471 p90=0.471
Iter 0003640: train nll 0.370, valid error 100.000%, best valid error 100.000%, avg grad norm   0.120, avg grad norm (post clip)   0.050, rho_Whh  1.12, Omega  0.00, alpha  0.000, steps in the past 0.000, valid nll 0.331
  [diag] log10|dL/dh_t| hist bins=60 range=(-12.50,-11.50) mean=-12.00 p50=-12.00 p05=-12.00 p95=-12.00
  [diag] sat-dist hist bins=60 sat<0.05=0.0% mean=0.479 p10=0.472 p90=0.472
Iter 0003660: train nll 0.446, valid error 100.000%, best valid error 100.000%, avg grad norm   0.181, avg grad norm (post clip)   0.052, rho_Whh  1.12, Omega  0.00, alpha  0.000, steps in the past 0.000, valid nll 0.331
  [diag] log10|dL/dh_t| hist bins=60 range=(-12.50,-11.50) mean=-12.00 p50=-12.00 p05=-12.00 p95=-12.00
  [diag] sat-dist hist bins=60 sat<0.05=0.0% mean=0.479 p10=0.472 p90=0.472
Iter 0003680: train nll 0.363, valid error 100.000%, best valid error 100.000%, avg grad norm   0.076, avg grad norm (post clip)   0.049, rho_Whh  1.12, Omega  0.00, alpha  0.000, steps in the past 0.000, valid nll 0.331
  [diag] log10|dL/dh_t| hist bins=60 range=(-12.50,-11.50) mean=-12.00 p50=-12.00 p05=-12.00 p95=-12.00
  [diag] sat-dist hist bins=60 sat<0.05=0.0% mean=0.479 p10=0.472 p90=0.472
Iter 0003700: train nll 0.379, valid error 100.000%, best valid error 100.000%, avg grad norm   0.099, avg grad norm (post clip)   0.050, rho_Whh  1.12, Omega  0.00, alpha  0.000, steps in the past 0.000, valid nll 0.331
  [diag] log10|dL/dh_t| hist bins=60 range=(-12.50,-11.50) mean=-12.00 p50=-12.00 p05=-12.00 p95=-12.00
  [diag] sat-dist hist bins=60 sat<0.05=0.0% mean=0.480 p10=0.472 p90=0.473
Iter 0003720: train nll 0.396, valid error 100.000%, best valid error 100.000%, avg grad norm   0.128, avg grad norm (post clip)   0.050, rho_Whh  1.12, Omega  0.00, alpha  0.000, steps in the past 0.000, valid nll 0.331
  [diag] log10|dL/dh_t| hist bins=60 range=(-12.50,-11.50) mean=-12.00 p50=-12.00 p05=-12.00 p95=-12.00
  [diag] sat-dist hist bins=60 sat<0.05=0.0% mean=0.480 p10=0.473 p90=0.473
Iter 0003740: train nll 0.397, valid error 100.000%, best valid error 100.000%, avg grad norm   0.134, avg grad norm (post clip)   0.052, rho_Whh  1.11, Omega  0.00, alpha  0.000, steps in the past 0.000, valid nll 0.331
  [diag] log10|dL/dh_t| hist bins=60 range=(-12.50,-11.50) mean=-12.00 p50=-12.00 p05=-12.00 p95=-12.00
  [diag] sat-dist hist bins=60 sat<0.05=0.0% mean=0.480 p10=0.473 p90=0.473
Iter 0003760: train nll 0.414, valid error 100.000%, best valid error 100.000%, avg grad norm   0.158, avg grad norm (post clip)   0.053, rho_Whh  1.11, Omega  0.00, alpha  0.000, steps in the past 0.000, valid nll 0.331
  [diag] log10|dL/dh_t| hist bins=60 range=(-12.50,-11.50) mean=-12.00 p50=-12.00 p05=-12.00 p95=-12.00
  [diag] sat-dist hist bins=60 sat<0.05=0.0% mean=0.482 p10=0.474 p90=0.475
Iter 0003780: train nll 0.422, valid error 100.000%, best valid error 100.000%, avg grad norm   0.132, avg grad norm (post clip)   0.051, rho_Whh  1.11, Omega  0.00, alpha  0.000, steps in the past 0.000, valid nll 0.331
  [diag] log10|dL/dh_t| hist bins=60 range=(-12.50,-11.50) mean=-12.00 p50=-12.00 p05=-12.00 p95=-12.00
  [diag] sat-dist hist bins=60 sat<0.05=0.0% mean=0.481 p10=0.474 p90=0.474
Iter 0003800: train nll 0.383, valid error 100.000%, best valid error 100.000%, avg grad norm   0.130, avg grad norm (post clip)   0.051, rho_Whh  1.11, Omega  0.00, alpha  0.000, steps in the past 0.000, valid nll 0.331
  [diag] log10|dL/dh_t| hist bins=60 range=(-12.50,-11.50) mean=-12.00 p50=-12.00 p05=-12.00 p95=-12.00
  [diag] sat-dist hist bins=60 sat<0.05=0.0% mean=0.481 p10=0.474 p90=0.475
Iter 0003820: train nll 0.407, valid error 100.000%, best valid error 100.000%, avg grad norm   0.132, avg grad norm (post clip)   0.049, rho_Whh  1.11, Omega  0.00, alpha  0.000, steps in the past 0.000, valid nll 0.330
  [diag] log10|dL/dh_t| hist bins=60 range=(-12.50,-11.50) mean=-12.00 p50=-12.00 p05=-12.00 p95=-12.00
  [diag] sat-dist hist bins=60 sat<0.05=0.0% mean=0.480 p10=0.473 p90=0.473
Iter 0003840: train nll 0.345, valid error 100.000%, best valid error 100.000%, avg grad norm   0.104, avg grad norm (post clip)   0.051, rho_Whh  1.11, Omega  0.00, alpha  0.000, steps in the past 0.000, valid nll 0.330
  [diag] log10|dL/dh_t| hist bins=60 range=(-12.50,-11.50) mean=-12.00 p50=-12.00 p05=-12.00 p95=-12.00
  [diag] sat-dist hist bins=60 sat<0.05=0.0% mean=0.480 p10=0.473 p90=0.473
Iter 0003860: train nll 0.388, valid error 100.000%, best valid error 100.000%, avg grad norm   0.140, avg grad norm (post clip)   0.051, rho_Whh  1.11, Omega  0.00, alpha  0.000, steps in the past 0.000, valid nll 0.330
  [diag] log10|dL/dh_t| hist bins=60 range=(-12.50,-11.50) mean=-12.00 p50=-12.00 p05=-12.00 p95=-12.00
  [diag] sat-dist hist bins=60 sat<0.05=0.0% mean=0.482 p10=0.474 p90=0.475
Iter 0003880: train nll 0.394, valid error 100.000%, best valid error 100.000%, avg grad norm   0.103, avg grad norm (post clip)   0.049, rho_Whh  1.11, Omega  0.00, alpha  0.000, steps in the past 0.000, valid nll 0.330
  [diag] log10|dL/dh_t| hist bins=60 range=(-12.50,-11.50) mean=-12.00 p50=-12.00 p05=-12.00 p95=-12.00
  [diag] sat-dist hist bins=60 sat<0.05=0.0% mean=0.483 p10=0.476 p90=0.476
Iter 0003900: train nll 0.411, valid error 100.000%, best valid error 100.000%, avg grad norm   0.150, avg grad norm (post clip)   0.051, rho_Whh  1.11, Omega  0.00, alpha  0.000, steps in the past 0.000, valid nll 0.330
  [diag] log10|dL/dh_t| hist bins=60 range=(-12.50,-11.50) mean=-12.00 p50=-12.00 p05=-12.00 p95=-12.00
  [diag] sat-dist hist bins=60 sat<0.05=0.0% mean=0.484 p10=0.477 p90=0.477
Iter 0003920: train nll 0.407, valid error 100.000%, best valid error 100.000%, avg grad norm   0.122, avg grad norm (post clip)   0.049, rho_Whh  1.10, Omega  0.00, alpha  0.000, steps in the past 0.000, valid nll 0.330
  [diag] log10|dL/dh_t| hist bins=60 range=(-12.50,-11.50) mean=-12.00 p50=-12.00 p05=-12.00 p95=-12.00
  [diag] sat-dist hist bins=60 sat<0.05=0.0% mean=0.485 p10=0.478 p90=0.478
Iter 0003940: train nll 0.431, valid error 100.000%, best valid error 100.000%, avg grad norm   0.163, avg grad norm (post clip)   0.051, rho_Whh  1.10, Omega  0.00, alpha  0.000, steps in the past 0.000, valid nll 0.330
  [diag] log10|dL/dh_t| hist bins=60 range=(-12.50,-11.50) mean=-12.00 p50=-12.00 p05=-12.00 p95=-12.00
  [diag] sat-dist hist bins=60 sat<0.05=0.0% mean=0.486 p10=0.479 p90=0.480
Iter 0003960: train nll 0.417, valid error 100.000%, best valid error 100.000%, avg grad norm   0.149, avg grad norm (post clip)   0.050, rho_Whh  1.10, Omega  0.00, alpha  0.000, steps in the past 0.000, valid nll 0.330
  [diag] log10|dL/dh_t| hist bins=60 range=(-12.50,-11.50) mean=-12.00 p50=-12.00 p05=-12.00 p95=-12.00
  [diag] sat-dist hist bins=60 sat<0.05=0.0% mean=0.486 p10=0.479 p90=0.480
Iter 0003980: train nll 0.387, valid error 100.000%, best valid error 100.000%, avg grad norm   0.128, avg grad norm (post clip)   0.049, rho_Whh  1.10, Omega  0.00, alpha  0.000, steps in the past 0.000, valid nll 0.330
  [diag] log10|dL/dh_t| hist bins=60 range=(-12.50,-11.50) mean=-12.00 p50=-12.00 p05=-12.00 p95=-12.00
  [diag] sat-dist hist bins=60 sat<0.05=0.0% mean=0.486 p10=0.479 p90=0.480
Iter 0004000: train nll 0.380, valid error 100.000%, best valid error 100.000%, avg grad norm   0.150, avg grad norm (post clip)   0.052, rho_Whh  1.10, Omega  0.00, alpha  0.000, steps in the past 0.000, valid nll 0.330
  [diag] log10|dL/dh_t| hist bins=60 range=(-12.50,-11.50) mean=-12.00 p50=-12.00 p05=-12.00 p95=-12.00
  [diag] sat-dist hist bins=60 sat<0.05=0.0% mean=0.487 p10=0.480 p90=0.481
Iter 0004020: train nll 0.433, valid error 100.000%, best valid error 100.000%, avg grad norm   0.162, avg grad norm (post clip)   0.051, rho_Whh  1.10, Omega  0.00, alpha  0.000, steps in the past 0.000, valid nll 0.330
  [diag] log10|dL/dh_t| hist bins=60 range=(-12.50,-11.50) mean=-12.00 p50=-12.00 p05=-12.00 p95=-12.00
  [diag] sat-dist hist bins=60 sat<0.05=0.0% mean=0.487 p10=0.480 p90=0.481
Iter 0004040: train nll 0.391, valid error 100.000%, best valid error 100.000%, avg grad norm   0.125, avg grad norm (post clip)   0.050, rho_Whh  1.10, Omega  0.00, alpha  0.000, steps in the past 0.000, valid nll 0.330
  [diag] log10|dL/dh_t| hist bins=60 range=(-12.50,-11.50) mean=-12.00 p50=-12.00 p05=-12.00 p95=-12.00
  [diag] sat-dist hist bins=60 sat<0.05=0.0% mean=0.487 p10=0.480 p90=0.481
Iter 0004060: train nll 0.379, valid error 100.000%, best valid error 100.000%, avg grad norm   0.140, avg grad norm (post clip)   0.052, rho_Whh  1.10, Omega  0.00, alpha  0.000, steps in the past 0.000, valid nll 0.330
  [diag] log10|dL/dh_t| hist bins=60 range=(-12.50,-11.50) mean=-12.00 p50=-12.00 p05=-12.00 p95=-12.00
  [diag] sat-dist hist bins=60 sat<0.05=0.0% mean=0.489 p10=0.482 p90=0.482
Iter 0004080: train nll 0.457, valid error 100.000%, best valid error 100.000%, avg grad norm   0.186, avg grad norm (post clip)   0.049, rho_Whh  1.09, Omega  0.00, alpha  0.000, steps in the past 0.000, valid nll 0.330
  [diag] log10|dL/dh_t| hist bins=60 range=(-12.50,-11.50) mean=-12.00 p50=-12.00 p05=-12.00 p95=-12.00
  [diag] sat-dist hist bins=60 sat<0.05=0.0% mean=0.488 p10=0.482 p90=0.482
Iter 0004100: train nll 0.395, valid error 100.000%, best valid error 100.000%, avg grad norm   0.158, avg grad norm (post clip)   0.052, rho_Whh  1.09, Omega  0.00, alpha  0.000, steps in the past 0.000, valid nll 0.330
  [diag] log10|dL/dh_t| hist bins=60 range=(-12.50,-11.50) mean=-12.00 p50=-12.00 p05=-12.00 p95=-12.00
  [diag] sat-dist hist bins=60 sat<0.05=0.0% mean=0.489 p10=0.483 p90=0.483
Iter 0004120: train nll 0.410, valid error 100.000%, best valid error 100.000%, avg grad norm   0.129, avg grad norm (post clip)   0.050, rho_Whh  1.09, Omega  0.00, alpha  0.000, steps in the past 0.000, valid nll 0.330
  [diag] log10|dL/dh_t| hist bins=60 range=(-12.50,-11.50) mean=-12.00 p50=-12.00 p05=-12.00 p95=-12.00
  [diag] sat-dist hist bins=60 sat<0.05=0.0% mean=0.490 p10=0.484 p90=0.484
Iter 0004140: train nll 0.426, valid error 100.000%, best valid error 100.000%, avg grad norm   0.155, avg grad norm (post clip)   0.049, rho_Whh  1.09, Omega  0.00, alpha  0.000, steps in the past 0.000, valid nll 0.330
  [diag] log10|dL/dh_t| hist bins=60 range=(-12.50,-11.50) mean=-12.00 p50=-12.00 p05=-12.00 p95=-12.00
  [diag] sat-dist hist bins=60 sat<0.05=0.0% mean=0.490 p10=0.484 p90=0.484
Iter 0004160: train nll 0.384, valid error 100.000%, best valid error 100.000%, avg grad norm   0.111, avg grad norm (post clip)   0.049, rho_Whh  1.09, Omega  0.00, alpha  0.000, steps in the past 0.000, valid nll 0.329
  [diag] log10|dL/dh_t| hist bins=60 range=(-12.50,-11.50) mean=-12.00 p50=-12.00 p05=-12.00 p95=-12.00
  [diag] sat-dist hist bins=60 sat<0.05=0.0% mean=0.491 p10=0.484 p90=0.484
Iter 0004180: train nll 0.395, valid error 100.000%, best valid error 100.000%, avg grad norm   0.138, avg grad norm (post clip)   0.051, rho_Whh  1.09, Omega  0.00, alpha  0.000, steps in the past 0.000, valid nll 0.329
  [diag] log10|dL/dh_t| hist bins=60 range=(-12.50,-11.50) mean=-12.00 p50=-12.00 p05=-12.00 p95=-12.00
  [diag] sat-dist hist bins=60 sat<0.05=0.0% mean=0.491 p10=0.484 p90=0.485
Iter 0004200: train nll 0.374, valid error 100.000%, best valid error 100.000%, avg grad norm   0.116, avg grad norm (post clip)   0.049, rho_Whh  1.08, Omega  0.00, alpha  0.000, steps in the past 0.000, valid nll 0.329
  [diag] log10|dL/dh_t| hist bins=60 range=(-12.50,-11.50) mean=-12.00 p50=-12.00 p05=-12.00 p95=-12.00
  [diag] sat-dist hist bins=60 sat<0.05=0.0% mean=0.493 p10=0.486 p90=0.487
Iter 0004220: train nll 0.443, valid error 100.000%, best valid error 100.000%, avg grad norm   0.166, avg grad norm (post clip)   0.051, rho_Whh  1.08, Omega  0.00, alpha  0.000, steps in the past 0.000, valid nll 0.329
  [diag] log10|dL/dh_t| hist bins=60 range=(-12.50,-11.50) mean=-12.00 p50=-12.00 p05=-12.00 p95=-12.00
  [diag] sat-dist hist bins=60 sat<0.05=0.0% mean=0.493 p10=0.487 p90=0.487
Iter 0004240: train nll 0.396, valid error 100.000%, best valid error 100.000%, avg grad norm   0.145, avg grad norm (post clip)   0.051, rho_Whh  1.08, Omega  0.00, alpha  0.000, steps in the past 0.000, valid nll 0.329
  [diag] log10|dL/dh_t| hist bins=60 range=(-12.50,-11.50) mean=-12.00 p50=-12.00 p05=-12.00 p95=-12.00
  [diag] sat-dist hist bins=60 sat<0.05=0.0% mean=0.494 p10=0.488 p90=0.488
Iter 0004260: train nll 0.420, valid error 100.000%, best valid error 100.000%, avg grad norm   0.145, avg grad norm (post clip)   0.050, rho_Whh  1.08, Omega  0.00, alpha  0.000, steps in the past 0.000, valid nll 0.329
  [diag] log10|dL/dh_t| hist bins=60 range=(-12.50,-11.50) mean=-12.00 p50=-12.00 p05=-12.00 p95=-12.00
  [diag] sat-dist hist bins=60 sat<0.05=0.0% mean=0.495 p10=0.489 p90=0.489
Iter 0004280: train nll 0.399, valid error 100.000%, best valid error 100.000%, avg grad norm   0.143, avg grad norm (post clip)   0.051, rho_Whh  1.08, Omega  0.00, alpha  0.000, steps in the past 0.000, valid nll 0.329
  [diag] log10|dL/dh_t| hist bins=60 range=(-12.50,-11.50) mean=-12.00 p50=-12.00 p05=-12.00 p95=-12.00
  [diag] sat-dist hist bins=60 sat<0.05=0.0% mean=0.496 p10=0.490 p90=0.490
Iter 0004300: train nll 0.430, valid error 100.000%, best valid error 100.000%, avg grad norm   0.177, avg grad norm (post clip)   0.052, rho_Whh  1.07, Omega  0.00, alpha  0.000, steps in the past 0.000, valid nll 0.329
  [diag] log10|dL/dh_t| hist bins=60 range=(-12.50,-11.50) mean=-12.00 p50=-12.00 p05=-12.00 p95=-12.00
  [diag] sat-dist hist bins=60 sat<0.05=0.0% mean=0.496 p10=0.489 p90=0.490
Iter 0004320: train nll 0.366, valid error 100.000%, best valid error 100.000%, avg grad norm   0.112, avg grad norm (post clip)   0.051, rho_Whh  1.07, Omega  0.00, alpha  0.000, steps in the past 0.000, valid nll 0.329
  [diag] log10|dL/dh_t| hist bins=60 range=(-12.50,-11.50) mean=-12.00 p50=-12.00 p05=-12.00 p95=-12.00
  [diag] sat-dist hist bins=60 sat<0.05=0.0% mean=0.495 p10=0.489 p90=0.489
Iter 0004340: train nll 0.377, valid error 100.000%, best valid error 100.000%, avg grad norm   0.122, avg grad norm (post clip)   0.049, rho_Whh  1.07, Omega  0.00, alpha  0.000, steps in the past 0.000, valid nll 0.329
  [diag] log10|dL/dh_t| hist bins=60 range=(-12.50,-11.50) mean=-12.00 p50=-12.00 p05=-12.00 p95=-12.00
  [diag] sat-dist hist bins=60 sat<0.05=0.0% mean=0.495 p10=0.489 p90=0.489
Iter 0004360: train nll 0.387, valid error 100.000%, best valid error 100.000%, avg grad norm   0.133, avg grad norm (post clip)   0.050, rho_Whh  1.07, Omega  0.00, alpha  0.000, steps in the past 0.000, valid nll 0.328
  [diag] log10|dL/dh_t| hist bins=60 range=(-12.50,-11.50) mean=-12.00 p50=-12.00 p05=-12.00 p95=-12.00
  [diag] sat-dist hist bins=60 sat<0.05=0.0% mean=0.496 p10=0.490 p90=0.490
Iter 0004380: train nll 0.408, valid error 100.000%, best valid error 100.000%, avg grad norm   0.141, avg grad norm (post clip)   0.051, rho_Whh  1.07, Omega  0.00, alpha  0.000, steps in the past 0.000, valid nll 0.328
  [diag] log10|dL/dh_t| hist bins=60 range=(-12.50,-11.50) mean=-12.00 p50=-12.00 p05=-12.00 p95=-12.00
  [diag] sat-dist hist bins=60 sat<0.05=0.0% mean=0.497 p10=0.491 p90=0.491
Iter 0004400: train nll 0.398, valid error 100.000%, best valid error 100.000%, avg grad norm   0.127, avg grad norm (post clip)   0.051, rho_Whh  1.07, Omega  0.00, alpha  0.000, steps in the past 0.000, valid nll 0.328
  [diag] log10|dL/dh_t| hist bins=60 range=(-12.50,-11.50) mean=-12.00 p50=-12.00 p05=-12.00 p95=-12.00
  [diag] sat-dist hist bins=60 sat<0.05=0.0% mean=0.499 p10=0.493 p90=0.493
Iter 0004420: train nll 0.431, valid error 100.000%, best valid error 100.000%, avg grad norm   0.161, avg grad norm (post clip)   0.050, rho_Whh  1.06, Omega  0.00, alpha  0.000, steps in the past 0.000, valid nll 0.328
  [diag] log10|dL/dh_t| hist bins=60 range=(-12.50,-11.50) mean=-12.00 p50=-12.00 p05=-12.00 p95=-12.00
  [diag] sat-dist hist bins=60 sat<0.05=0.0% mean=0.498 p10=0.492 p90=0.492
Iter 0004440: train nll 0.361, valid error 100.000%, best valid error 100.000%, avg grad norm   0.129, avg grad norm (post clip)   0.052, rho_Whh  1.07, Omega  0.00, alpha  0.000, steps in the past 0.000, valid nll 0.328
  [diag] log10|dL/dh_t| hist bins=60 range=(-12.50,-11.50) mean=-12.00 p50=-12.00 p05=-12.00 p95=-12.00
  [diag] sat-dist hist bins=60 sat<0.05=0.0% mean=0.499 p10=0.492 p90=0.493
Iter 0004460: train nll 0.375, valid error 100.000%, best valid error 100.000%, avg grad norm   0.125, avg grad norm (post clip)   0.050, rho_Whh  1.06, Omega  0.00, alpha  0.000, steps in the past 0.000, valid nll 0.328
  [diag] log10|dL/dh_t| hist bins=60 range=(-12.50,-11.50) mean=-12.00 p50=-12.00 p05=-12.00 p95=-12.00
  [diag] sat-dist hist bins=60 sat<0.05=0.0% mean=0.498 p10=0.492 p90=0.492
Iter 0004480: train nll 0.352, valid error 100.000%, best valid error 100.000%, avg grad norm   0.112, avg grad norm (post clip)   0.051, rho_Whh  1.06, Omega  0.00, alpha  0.000, steps in the past 0.000, valid nll 0.328
  [diag] log10|dL/dh_t| hist bins=60 range=(-12.50,-11.50) mean=-12.00 p50=-12.00 p05=-12.00 p95=-12.00
  [diag] sat-dist hist bins=60 sat<0.05=0.0% mean=0.498 p10=0.491 p90=0.492
Iter 0004500: train nll 0.352, valid error 100.000%, best valid error 100.000%, avg grad norm   0.116, avg grad norm (post clip)   0.051, rho_Whh  1.06, Omega  0.00, alpha  0.000, steps in the past 0.000, valid nll 0.328
  [diag] log10|dL/dh_t| hist bins=60 range=(-12.50,-11.50) mean=-12.00 p50=-12.00 p05=-12.00 p95=-12.00
  [diag] sat-dist hist bins=60 sat<0.05=0.0% mean=0.498 p10=0.492 p90=0.492
Iter 0004520: train nll 0.357, valid error 100.000%, best valid error 100.000%, avg grad norm   0.104, avg grad norm (post clip)   0.051, rho_Whh  1.06, Omega  0.00, alpha  0.000, steps in the past 0.000, valid nll 0.328
  [diag] log10|dL/dh_t| hist bins=60 range=(-12.50,-11.50) mean=-12.00 p50=-12.00 p05=-12.00 p95=-12.00
  [diag] sat-dist hist bins=60 sat<0.05=0.0% mean=0.499 p10=0.493 p90=0.494
Iter 0004540: train nll 0.420, valid error 100.000%, best valid error 100.000%, avg grad norm   0.170, avg grad norm (post clip)   0.051, rho_Whh  1.06, Omega  0.00, alpha  0.000, steps in the past 0.000, valid nll 0.328
  [diag] log10|dL/dh_t| hist bins=60 range=(-12.50,-11.50) mean=-12.00 p50=-12.00 p05=-12.00 p95=-12.00
  [diag] sat-dist hist bins=60 sat<0.05=0.0% mean=0.500 p10=0.494 p90=0.494
Iter 0004560: train nll 0.416, valid error 100.000%, best valid error 100.000%, avg grad norm   0.179, avg grad norm (post clip)   0.051, rho_Whh  1.06, Omega  0.00, alpha  0.000, steps in the past 0.000, valid nll 0.328
  [diag] log10|dL/dh_t| hist bins=60 range=(-12.50,-11.50) mean=-12.00 p50=-12.00 p05=-12.00 p95=-12.00
  [diag] sat-dist hist bins=60 sat<0.05=0.0% mean=0.502 p10=0.496 p90=0.496
Iter 0004580: train nll 0.442, valid error 100.000%, best valid error 100.000%, avg grad norm   0.189, avg grad norm (post clip)   0.051, rho_Whh  1.05, Omega  0.00, alpha  0.000, steps in the past 0.000, valid nll 0.328
  [diag] log10|dL/dh_t| hist bins=60 range=(-12.50,-11.50) mean=-12.00 p50=-12.00 p05=-12.00 p95=-12.00
  [diag] sat-dist hist bins=60 sat<0.05=0.0% mean=0.503 p10=0.497 p90=0.498
Iter 0004600: train nll 0.403, valid error 100.000%, best valid error 100.000%, avg grad norm   0.144, avg grad norm (post clip)   0.052, rho_Whh  1.05, Omega  0.00, alpha  0.000, steps in the past 0.000, valid nll 0.328
  [diag] log10|dL/dh_t| hist bins=60 range=(-12.50,-11.50) mean=-12.00 p50=-12.00 p05=-12.00 p95=-12.00
  [diag] sat-dist hist bins=60 sat<0.05=0.0% mean=0.503 p10=0.497 p90=0.497
Iter 0004620: train nll 0.364, valid error 100.000%, best valid error 100.000%, avg grad norm   0.133, avg grad norm (post clip)   0.052, rho_Whh  1.05, Omega  0.00, alpha  0.000, steps in the past 0.000, valid nll 0.328
  [diag] log10|dL/dh_t| hist bins=60 range=(-12.50,-11.50) mean=-12.00 p50=-12.00 p05=-12.00 p95=-12.00
  [diag] sat-dist hist bins=60 sat<0.05=0.0% mean=0.504 p10=0.498 p90=0.498
Iter 0004640: train nll 0.383, valid error 100.000%, best valid error 100.000%, avg grad norm   0.129, avg grad norm (post clip)   0.050, rho_Whh  1.05, Omega  0.00, alpha  0.000, steps in the past 0.000, valid nll 0.327
  [diag] log10|dL/dh_t| hist bins=60 range=(-12.50,-11.50) mean=-12.00 p50=-12.00 p05=-12.00 p95=-12.00
  [diag] sat-dist hist bins=60 sat<0.05=0.0% mean=0.506 p10=0.500 p90=0.500
Iter 0004660: train nll 0.454, valid error 100.000%, best valid error 100.000%, avg grad norm   0.200, avg grad norm (post clip)   0.051, rho_Whh  1.04, Omega  0.00, alpha  0.000, steps in the past 0.000, valid nll 0.328
  [diag] log10|dL/dh_t| hist bins=60 range=(-12.50,-11.50) mean=-12.00 p50=-12.00 p05=-12.00 p95=-12.00
  [diag] sat-dist hist bins=60 sat<0.05=0.0% mean=0.506 p10=0.500 p90=0.501
Iter 0004680: train nll 0.384, valid error 100.000%, best valid error 100.000%, avg grad norm   0.133, avg grad norm (post clip)   0.052, rho_Whh  1.04, Omega  0.00, alpha  0.000, steps in the past 0.000, valid nll 0.327
  [diag] log10|dL/dh_t| hist bins=60 range=(-12.50,-11.50) mean=-12.00 p50=-12.00 p05=-12.00 p95=-12.00
  [diag] sat-dist hist bins=60 sat<0.05=0.0% mean=0.507 p10=0.501 p90=0.501
Iter 0004700: train nll 0.394, valid error 100.000%, best valid error 100.000%, avg grad norm   0.143, avg grad norm (post clip)   0.052, rho_Whh  1.04, Omega  0.00, alpha  0.000, steps in the past 0.000, valid nll 0.327
  [diag] log10|dL/dh_t| hist bins=60 range=(-12.50,-11.50) mean=-12.00 p50=-12.00 p05=-12.00 p95=-12.00
  [diag] sat-dist hist bins=60 sat<0.05=0.0% mean=0.509 p10=0.503 p90=0.503
Iter 0004720: train nll 0.427, valid error 100.000%, best valid error 100.000%, avg grad norm   0.155, avg grad norm (post clip)   0.051, rho_Whh  1.03, Omega  0.00, alpha  0.000, steps in the past 0.000, valid nll 0.327
  [diag] log10|dL/dh_t| hist bins=60 range=(-12.50,-11.50) mean=-12.00 p50=-12.00 p05=-12.00 p95=-12.00
  [diag] sat-dist hist bins=60 sat<0.05=0.0% mean=0.512 p10=0.506 p90=0.506
Iter 0004740: train nll 0.449, valid error 100.000%, best valid error 100.000%, avg grad norm   0.175, avg grad norm (post clip)   0.052, rho_Whh  1.03, Omega  0.00, alpha  0.000, steps in the past 0.000, valid nll 0.328
  [diag] log10|dL/dh_t| hist bins=60 range=(-12.50,-11.50) mean=-12.00 p50=-12.00 p05=-12.00 p95=-12.00
  [diag] sat-dist hist bins=60 sat<0.05=0.0% mean=0.512 p10=0.507 p90=0.507
Iter 0004760: train nll 0.405, valid error 100.000%, best valid error 100.000%, avg grad norm   0.143, avg grad norm (post clip)   0.050, rho_Whh  1.03, Omega  0.00, alpha  0.000, steps in the past 0.000, valid nll 0.328
  [diag] log10|dL/dh_t| hist bins=60 range=(-12.50,-11.50) mean=-12.00 p50=-12.00 p05=-12.00 p95=-12.00
  [diag] sat-dist hist bins=60 sat<0.05=0.0% mean=0.514 p10=0.508 p90=0.508
Iter 0004780: train nll 0.418, valid error 100.000%, best valid error 100.000%, avg grad norm   0.146, avg grad norm (post clip)   0.051, rho_Whh  1.02, Omega  0.00, alpha  0.000, steps in the past 0.000, valid nll 0.328
  [diag] log10|dL/dh_t| hist bins=60 range=(-12.50,-11.50) mean=-12.00 p50=-12.00 p05=-12.00 p95=-12.00
  [diag] sat-dist hist bins=60 sat<0.05=0.0% mean=0.514 p10=0.508 p90=0.509
Iter 0004800: train nll 0.402, valid error 100.000%, best valid error 100.000%, avg grad norm   0.159, avg grad norm (post clip)   0.052, rho_Whh  1.02, Omega  0.00, alpha  0.000, steps in the past 0.000, valid nll 0.328
  [diag] log10|dL/dh_t| hist bins=60 range=(-12.50,-11.50) mean=-12.00 p50=-12.00 p05=-12.00 p95=-12.00
  [diag] sat-dist hist bins=60 sat<0.05=0.0% mean=0.515 p10=0.509 p90=0.509
Iter 0004820: train nll 0.404, valid error 100.000%, best valid error 100.000%, avg grad norm   0.129, avg grad norm (post clip)   0.051, rho_Whh  1.02, Omega  0.00, alpha  0.000, steps in the past 0.000, valid nll 0.327
  [diag] log10|dL/dh_t| hist bins=60 range=(-12.50,-11.50) mean=-12.00 p50=-12.00 p05=-12.00 p95=-12.00
  [diag] sat-dist hist bins=60 sat<0.05=0.0% mean=0.515 p10=0.509 p90=0.510
Iter 0004840: train nll 0.396, valid error 100.000%, best valid error 100.000%, avg grad norm   0.143, avg grad norm (post clip)   0.052, rho_Whh  1.02, Omega  0.00, alpha  0.000, steps in the past 0.000, valid nll 0.327
  [diag] log10|dL/dh_t| hist bins=60 range=(-12.50,-11.50) mean=-12.00 p50=-12.00 p05=-12.00 p95=-12.00
  [diag] sat-dist hist bins=60 sat<0.05=0.0% mean=0.516 p10=0.510 p90=0.510
Iter 0004860: train nll 0.404, valid error 100.000%, best valid error 100.000%, avg grad norm   0.152, avg grad norm (post clip)   0.051, rho_Whh  1.01, Omega  0.00, alpha  0.000, steps in the past 0.000, valid nll 0.327
  [diag] log10|dL/dh_t| hist bins=60 range=(-12.50,-11.50) mean=-12.00 p50=-12.00 p05=-12.00 p95=-12.00
  [diag] sat-dist hist bins=60 sat<0.05=0.0% mean=0.516 p10=0.511 p90=0.511
Iter 0004880: train nll 0.417, valid error 100.000%, best valid error 100.000%, avg grad norm   0.165, avg grad norm (post clip)   0.052, rho_Whh  1.01, Omega  0.00, alpha  0.000, steps in the past 0.000, valid nll 0.327
  [diag] log10|dL/dh_t| hist bins=60 range=(-12.50,-11.50) mean=-12.00 p50=-12.00 p05=-12.00 p95=-12.00
  [diag] sat-dist hist bins=60 sat<0.05=0.0% mean=0.517 p10=0.511 p90=0.512
Iter 0004900: train nll 0.392, valid error 100.000%, best valid error 100.000%, avg grad norm   0.132, avg grad norm (post clip)   0.052, rho_Whh  1.01, Omega  0.00, alpha  0.000, steps in the past 0.000, valid nll 0.327
  [diag] log10|dL/dh_t| hist bins=60 range=(-12.50,-11.50) mean=-12.00 p50=-12.00 p05=-12.00 p95=-12.00
  [diag] sat-dist hist bins=60 sat<0.05=0.0% mean=0.519 p10=0.513 p90=0.514
Iter 0004920: train nll 0.447, valid error 100.000%, best valid error 100.000%, avg grad norm   0.189, avg grad norm (post clip)   0.052, rho_Whh  1.00, Omega  0.00, alpha  0.000, steps in the past 0.000, valid nll 0.327
  [diag] log10|dL/dh_t| hist bins=60 range=(-12.50,-11.50) mean=-12.00 p50=-12.00 p05=-12.00 p95=-12.00
  [diag] sat-dist hist bins=60 sat<0.05=0.0% mean=0.520 p10=0.514 p90=0.514
Iter 0004940: train nll 0.402, valid error 100.000%, best valid error 100.000%, avg grad norm   0.165, avg grad norm (post clip)   0.052, rho_Whh  1.00, Omega  0.00, alpha  0.000, steps in the past 0.000, valid nll 0.327
  [diag] log10|dL/dh_t| hist bins=60 range=(-12.50,-11.50) mean=-12.00 p50=-12.00 p05=-12.00 p95=-12.00
  [diag] sat-dist hist bins=60 sat<0.05=0.0% mean=0.520 p10=0.515 p90=0.515
Iter 0004960: train nll 0.423, valid error 100.000%, best valid error 100.000%, avg grad norm   0.186, avg grad norm (post clip)   0.052, rho_Whh  1.00, Omega  0.00, alpha  0.000, steps in the past 0.000, valid nll 0.327
  [diag] log10|dL/dh_t| hist bins=60 range=(-12.50,-11.50) mean=-12.00 p50=-12.00 p05=-12.00 p95=-12.00
  [diag] sat-dist hist bins=60 sat<0.05=0.0% mean=0.523 p10=0.517 p90=0.518
Iter 0004980: train nll 0.444, valid error 100.000%, best valid error 100.000%, avg grad norm   0.147, avg grad norm (post clip)   0.051, rho_Whh  0.99, Omega  0.00, alpha  0.000, steps in the past 0.000, valid nll 0.328
  [diag] log10|dL/dh_t| hist bins=60 range=(-12.50,-11.50) mean=-12.00 p50=-12.00 p05=-12.00 p95=-12.00
  [diag] sat-dist hist bins=60 sat<0.05=0.0% mean=0.523 p10=0.517 p90=0.517
Iter 0005000: train nll 0.378, valid error 100.000%, best valid error 100.000%, avg grad norm   0.174, avg grad norm (post clip)   0.052, rho_Whh  0.99, Omega  0.00, alpha  0.000, steps in the past 0.000, valid nll 0.327
  [diag] log10|dL/dh_t| hist bins=60 range=(-12.50,-11.50) mean=-12.00 p50=-12.00 p05=-12.00 p95=-12.00
  [diag] sat-dist hist bins=60 sat<0.05=0.0% mean=0.522 p10=0.516 p90=0.517
Iter 0005020: train nll 0.363, valid error 100.000%, best valid error 100.000%, avg grad norm   0.140, avg grad norm (post clip)   0.051, rho_Whh  0.99, Omega  0.00, alpha  0.000, steps in the past 0.000, valid nll 0.327
  [diag] log10|dL/dh_t| hist bins=60 range=(-12.50,-11.50) mean=-12.00 p50=-12.00 p05=-12.00 p95=-12.00
  [diag] sat-dist hist bins=60 sat<0.05=0.0% mean=0.522 p10=0.517 p90=0.517
Iter 0005040: train nll 0.398, valid error 100.000%, best valid error 100.000%, avg grad norm   0.142, avg grad norm (post clip)   0.052, rho_Whh  0.99, Omega  0.00, alpha  0.000, steps in the past 0.000, valid nll 0.327
  [diag] log10|dL/dh_t| hist bins=60 range=(-12.50,-11.50) mean=-12.00 p50=-12.00 p05=-12.00 p95=-12.00
  [diag] sat-dist hist bins=60 sat<0.05=0.0% mean=0.521 p10=0.516 p90=0.516
Iter 0005060: train nll 0.376, valid error 100.000%, best valid error 100.000%, avg grad norm   0.141, avg grad norm (post clip)   0.052, rho_Whh  0.99, Omega  0.00, alpha  0.000, steps in the past 0.000, valid nll 0.326
  [diag] log10|dL/dh_t| hist bins=60 range=(-12.50,-11.50) mean=-12.00 p50=-12.00 p05=-12.00 p95=-12.00
  [diag] sat-dist hist bins=60 sat<0.05=0.0% mean=0.521 p10=0.515 p90=0.516
Iter 0005080: train nll 0.380, valid error 100.000%, best valid error 100.000%, avg grad norm   0.151, avg grad norm (post clip)   0.051, rho_Whh  0.99, Omega  0.00, alpha  0.000, steps in the past 0.000, valid nll 0.326
  [diag] log10|dL/dh_t| hist bins=60 range=(-12.50,-11.50) mean=-12.00 p50=-12.00 p05=-12.00 p95=-12.00
  [diag] sat-dist hist bins=60 sat<0.05=0.0% mean=0.522 p10=0.516 p90=0.517
Iter 0005100: train nll 0.399, valid error 100.000%, best valid error 100.000%, avg grad norm   0.140, avg grad norm (post clip)   0.052, rho_Whh  0.98, Omega  0.00, alpha  0.000, steps in the past 0.000, valid nll 0.326
  [diag] log10|dL/dh_t| hist bins=60 range=(-12.50,-11.50) mean=-12.00 p50=-12.00 p05=-12.00 p95=-12.00
  [diag] sat-dist hist bins=60 sat<0.05=0.0% mean=0.521 p10=0.515 p90=0.515
Iter 0005120: train nll 0.356, valid error 100.000%, best valid error 100.000%, avg grad norm   0.128, avg grad norm (post clip)   0.049, rho_Whh  0.98, Omega  0.00, alpha  0.000, steps in the past 0.000, valid nll 0.326
  [diag] log10|dL/dh_t| hist bins=60 range=(-12.50,-11.50) mean=-12.00 p50=-12.00 p05=-12.00 p95=-12.00
  [diag] sat-dist hist bins=60 sat<0.05=0.0% mean=0.521 p10=0.516 p90=0.516
Iter 0005140: train nll 0.394, valid error 100.000%, best valid error 100.000%, avg grad norm   0.172, avg grad norm (post clip)   0.051, rho_Whh  0.98, Omega  0.00, alpha  0.000, steps in the past 0.000, valid nll 0.326
  [diag] log10|dL/dh_t| hist bins=60 range=(-12.50,-11.50) mean=-12.00 p50=-12.00 p05=-12.00 p95=-12.00
  [diag] sat-dist hist bins=60 sat<0.05=0.0% mean=0.522 p10=0.516 p90=0.517
Iter 0005160: train nll 0.379, valid error 100.000%, best valid error 100.000%, avg grad norm   0.116, avg grad norm (post clip)   0.050, rho_Whh  0.98, Omega  0.00, alpha  0.000, steps in the past 0.000, valid nll 0.326
  [diag] log10|dL/dh_t| hist bins=60 range=(-12.50,-11.50) mean=-12.00 p50=-12.00 p05=-12.00 p95=-12.00
  [diag] sat-dist hist bins=60 sat<0.05=0.0% mean=0.525 p10=0.519 p90=0.520
Iter 0005180: train nll 0.443, valid error 100.000%, best valid error 100.000%, avg grad norm   0.177, avg grad norm (post clip)   0.051, rho_Whh  0.97, Omega  0.00, alpha  0.000, steps in the past 0.000, valid nll 0.326
  [diag] log10|dL/dh_t| hist bins=60 range=(-12.50,-11.50) mean=-12.00 p50=-12.00 p05=-12.00 p95=-12.00
  [diag] sat-dist hist bins=60 sat<0.05=0.0% mean=0.526 p10=0.521 p90=0.521
Iter 0005200: train nll 0.406, valid error 100.000%, best valid error 100.000%, avg grad norm   0.144, avg grad norm (post clip)   0.051, rho_Whh  0.96, Omega  0.00, alpha  0.000, steps in the past 0.000, valid nll 0.326
  [diag] log10|dL/dh_t| hist bins=60 range=(-12.50,-11.50) mean=-12.00 p50=-12.00 p05=-12.00 p95=-12.00
  [diag] sat-dist hist bins=60 sat<0.05=0.0% mean=0.526 p10=0.521 p90=0.521
Iter 0005220: train nll 0.397, valid error 100.000%, best valid error 100.000%, avg grad norm   0.157, avg grad norm (post clip)   0.051, rho_Whh  0.96, Omega  0.00, alpha  0.000, steps in the past 0.000, valid nll 0.326
  [diag] log10|dL/dh_t| hist bins=60 range=(-12.50,-11.50) mean=-12.00 p50=-12.00 p05=-12.00 p95=-12.00
  [diag] sat-dist hist bins=60 sat<0.05=0.0% mean=0.526 p10=0.521 p90=0.521
Iter 0005240: train nll 0.378, valid error 100.000%, best valid error 100.000%, avg grad norm   0.137, avg grad norm (post clip)   0.051, rho_Whh  0.96, Omega  0.00, alpha  0.000, steps in the past 0.000, valid nll 0.325
  [diag] log10|dL/dh_t| hist bins=60 range=(-12.50,-11.50) mean=-12.00 p50=-12.00 p05=-12.00 p95=-12.00
  [diag] sat-dist hist bins=60 sat<0.05=0.0% mean=0.526 p10=0.521 p90=0.521
Iter 0005260: train nll 0.370, valid error 100.000%, best valid error 100.000%, avg grad norm   0.146, avg grad norm (post clip)   0.050, rho_Whh  0.95, Omega  0.00, alpha  0.000, steps in the past 0.000, valid nll 0.325
  [diag] log10|dL/dh_t| hist bins=60 range=(-12.50,-11.50) mean=-12.00 p50=-12.00 p05=-12.00 p95=-12.00
  [diag] sat-dist hist bins=60 sat<0.05=0.0% mean=0.527 p10=0.521 p90=0.521
Iter 0005280: train nll 0.406, valid error 100.000%, best valid error 100.000%, avg grad norm   0.198, avg grad norm (post clip)   0.052, rho_Whh  0.95, Omega  0.00, alpha  0.000, steps in the past 0.000, valid nll 0.325
  [diag] log10|dL/dh_t| hist bins=60 range=(-12.50,-11.50) mean=-12.00 p50=-12.00 p05=-12.00 p95=-12.00
  [diag] sat-dist hist bins=60 sat<0.05=0.0% mean=0.526 p10=0.521 p90=0.521
Iter 0005300: train nll 0.381, valid error 100.000%, best valid error 100.000%, avg grad norm   0.183, avg grad norm (post clip)   0.053, rho_Whh  0.95, Omega  0.00, alpha  0.000, steps in the past 0.000, valid nll 0.325
  [diag] log10|dL/dh_t| hist bins=60 range=(-12.50,-11.50) mean=-12.00 p50=-12.00 p05=-12.00 p95=-12.00
  [diag] sat-dist hist bins=60 sat<0.05=0.0% mean=0.527 p10=0.521 p90=0.521
Iter 0005320: train nll 0.367, valid error 100.000%, best valid error 100.000%, avg grad norm   0.125, avg grad norm (post clip)   0.050, rho_Whh  0.95, Omega  0.00, alpha  0.000, steps in the past 0.000, valid nll 0.325
  [diag] log10|dL/dh_t| hist bins=60 range=(-12.50,-11.50) mean=-12.00 p50=-12.00 p05=-12.00 p95=-12.00
  [diag] sat-dist hist bins=60 sat<0.05=0.0% mean=0.527 p10=0.521 p90=0.521
Iter 0005340: train nll 0.390, valid error 100.000%, best valid error 100.000%, avg grad norm   0.177, avg grad norm (post clip)   0.052, rho_Whh  0.94, Omega  0.00, alpha  0.000, steps in the past 0.000, valid nll 0.325
  [diag] log10|dL/dh_t| hist bins=60 range=(-12.50,-11.50) mean=-12.00 p50=-12.00 p05=-12.00 p95=-12.00
  [diag] sat-dist hist bins=60 sat<0.05=0.0% mean=0.528 p10=0.522 p90=0.523
Iter 0005360: train nll 0.398, valid error 100.000%, best valid error 100.000%, avg grad norm   0.159, avg grad norm (post clip)   0.051, rho_Whh  0.94, Omega  0.00, alpha  0.000, steps in the past 0.000, valid nll 0.325
  [diag] log10|dL/dh_t| hist bins=60 range=(-12.50,-11.50) mean=-12.00 p50=-12.00 p05=-12.00 p95=-12.00
  [diag] sat-dist hist bins=60 sat<0.05=0.0% mean=0.528 p10=0.523 p90=0.523
Iter 0005380: train nll 0.388, valid error 100.000%, best valid error 100.000%, avg grad norm   0.165, avg grad norm (post clip)   0.051, rho_Whh  0.93, Omega  0.00, alpha  0.000, steps in the past 0.000, valid nll 0.325
  [diag] log10|dL/dh_t| hist bins=60 range=(-12.50,-11.50) mean=-12.00 p50=-12.00 p05=-12.00 p95=-12.00
  [diag] sat-dist hist bins=60 sat<0.05=0.0% mean=0.530 p10=0.525 p90=0.525
Iter 0005400: train nll 0.443, valid error 100.000%, best valid error 100.000%, avg grad norm   0.224, avg grad norm (post clip)   0.051, rho_Whh  0.93, Omega  0.00, alpha  0.000, steps in the past 0.000, valid nll 0.325
  [diag] log10|dL/dh_t| hist bins=60 range=(-12.50,-11.50) mean=-12.00 p50=-12.00 p05=-12.00 p95=-12.00
  [diag] sat-dist hist bins=60 sat<0.05=0.0% mean=0.531 p10=0.526 p90=0.526
Iter 0005420: train nll 0.385, valid error 100.000%, best valid error 100.000%, avg grad norm   0.133, avg grad norm (post clip)   0.050, rho_Whh  0.92, Omega  0.00, alpha  0.000, steps in the past 0.000, valid nll 0.325
  [diag] log10|dL/dh_t| hist bins=60 range=(-12.50,-11.50) mean=-12.00 p50=-12.00 p05=-12.00 p95=-12.00
  [diag] sat-dist hist bins=60 sat<0.05=0.0% mean=0.532 p10=0.527 p90=0.527
Iter 0005440: train nll 0.364, valid error 100.000%, best valid error 100.000%, avg grad norm   0.118, avg grad norm (post clip)   0.052, rho_Whh  0.91, Omega  0.00, alpha  0.000, steps in the past 0.000, valid nll 0.325
  [diag] log10|dL/dh_t| hist bins=60 range=(-12.50,-11.50) mean=-12.00 p50=-12.00 p05=-12.00 p95=-12.00
  [diag] sat-dist hist bins=60 sat<0.05=0.0% mean=0.532 p10=0.527 p90=0.527
Iter 0005460: train nll 0.360, valid error 100.000%, best valid error 100.000%, avg grad norm   0.145, avg grad norm (post clip)   0.053, rho_Whh  0.91, Omega  0.00, alpha  0.000, steps in the past 0.000, valid nll 0.324
  [diag] log10|dL/dh_t| hist bins=60 range=(-12.50,-11.50) mean=-12.00 p50=-12.00 p05=-12.00 p95=-12.00
  [diag] sat-dist hist bins=60 sat<0.05=0.0% mean=0.533 p10=0.527 p90=0.528
Iter 0005480: train nll 0.394, valid error 100.000%, best valid error 100.000%, avg grad norm   0.165, avg grad norm (post clip)   0.052, rho_Whh  0.90, Omega  0.00, alpha  0.000, steps in the past 0.000, valid nll 0.324
  [diag] log10|dL/dh_t| hist bins=60 range=(-12.50,-11.50) mean=-12.00 p50=-12.00 p05=-12.00 p95=-12.00
  [diag] sat-dist hist bins=60 sat<0.05=0.0% mean=0.534 p10=0.529 p90=0.529
Iter 0005500: train nll 0.404, valid error 100.000%, best valid error 100.000%, avg grad norm   0.173, avg grad norm (post clip)   0.053, rho_Whh  0.89, Omega  0.00, alpha  0.000, steps in the past 0.000, valid nll 0.324
  [diag] log10|dL/dh_t| hist bins=60 range=(-12.50,-11.50) mean=-12.00 p50=-12.00 p05=-12.00 p95=-12.00
  [diag] sat-dist hist bins=60 sat<0.05=0.0% mean=0.535 p10=0.530 p90=0.530
Iter 0005520: train nll 0.421, valid error 100.000%, best valid error 100.000%, avg grad norm   0.211, avg grad norm (post clip)   0.051, rho_Whh  0.88, Omega  0.00, alpha  0.000, steps in the past 0.000, valid nll 0.324
  [diag] log10|dL/dh_t| hist bins=60 range=(-12.50,-11.50) mean=-12.00 p50=-12.00 p05=-12.00 p95=-12.00
  [diag] sat-dist hist bins=60 sat<0.05=0.0% mean=0.536 p10=0.531 p90=0.531
Iter 0005540: train nll 0.376, valid error 100.000%, best valid error 100.000%, avg grad norm   0.133, avg grad norm (post clip)   0.052, rho_Whh  0.87, Omega  0.00, alpha  0.000, steps in the past 0.000, valid nll 0.324
  [diag] log10|dL/dh_t| hist bins=60 range=(-12.50,-11.50) mean=-12.00 p50=-12.00 p05=-12.00 p95=-12.00
  [diag] sat-dist hist bins=60 sat<0.05=0.0% mean=0.537 p10=0.532 p90=0.533
Iter 0005560: train nll 0.391, valid error 100.000%, best valid error 100.000%, avg grad norm   0.149, avg grad norm (post clip)   0.052, rho_Whh  0.84, Omega  0.00, alpha  0.000, steps in the past 0.000, valid nll 0.324
  [diag] log10|dL/dh_t| hist bins=60 range=(-12.50,-11.50) mean=-12.00 p50=-12.00 p05=-12.00 p95=-12.00
  [diag] sat-dist hist bins=60 sat<0.05=0.0% mean=0.538 p10=0.533 p90=0.533
Iter 0005580: train nll 0.404, valid error 100.000%, best valid error 100.000%, avg grad norm   0.193, avg grad norm (post clip)   0.052, rho_Whh  0.82, Omega  0.00, alpha  0.000, steps in the past 0.000, valid nll 0.324
  [diag] log10|dL/dh_t| hist bins=60 range=(-12.50,-11.50) mean=-12.00 p50=-12.00 p05=-12.00 p95=-12.00
  [diag] sat-dist hist bins=60 sat<0.05=0.0% mean=0.538 p10=0.532 p90=0.533
Iter 0005600: train nll 0.375, valid error 100.000%, best valid error 100.000%, avg grad norm   0.164, avg grad norm (post clip)   0.052, rho_Whh  0.82, Omega  0.00, alpha  0.000, steps in the past 0.000, valid nll 0.324
  [diag] log10|dL/dh_t| hist bins=60 range=(-12.50,-11.50) mean=-12.00 p50=-12.00 p05=-12.00 p95=-12.00
  [diag] sat-dist hist bins=60 sat<0.05=0.0% mean=0.537 p10=0.532 p90=0.532
Iter 0005620: train nll 0.365, valid error 100.000%, best valid error 100.000%, avg grad norm   0.138, avg grad norm (post clip)   0.052, rho_Whh  0.82, Omega  0.00, alpha  0.000, steps in the past 0.000, valid nll 0.324
  [diag] log10|dL/dh_t| hist bins=60 range=(-12.50,-11.50) mean=-12.00 p50=-12.00 p05=-12.00 p95=-12.00
  [diag] sat-dist hist bins=60 sat<0.05=0.0% mean=0.537 p10=0.532 p90=0.532
Iter 0005640: train nll 0.356, valid error 100.000%, best valid error 100.000%, avg grad norm   0.134, avg grad norm (post clip)   0.052, rho_Whh  0.82, Omega  0.00, alpha  0.000, steps in the past 0.000, valid nll 0.323
  [diag] log10|dL/dh_t| hist bins=60 range=(-12.50,-11.50) mean=-12.00 p50=-12.00 p05=-12.00 p95=-12.00
  [diag] sat-dist hist bins=60 sat<0.05=0.0% mean=0.538 p10=0.533 p90=0.533
Iter 0005660: train nll 0.394, valid error 100.000%, best valid error 100.000%, avg grad norm   0.180, avg grad norm (post clip)   0.052, rho_Whh  0.82, Omega  0.00, alpha  0.000, steps in the past 0.000, valid nll 0.323
  [diag] log10|dL/dh_t| hist bins=60 range=(-12.50,-11.50) mean=-12.00 p50=-12.00 p05=-12.00 p95=-12.00
  [diag] sat-dist hist bins=60 sat<0.05=0.0% mean=0.538 p10=0.533 p90=0.533
Iter 0005680: train nll 0.375, valid error 100.000%, best valid error 100.000%, avg grad norm   0.168, avg grad norm (post clip)   0.053, rho_Whh  0.82, Omega  0.00, alpha  0.000, steps in the past 0.000, valid nll 0.323
  [diag] log10|dL/dh_t| hist bins=60 range=(-12.50,-11.50) mean=-12.00 p50=-12.00 p05=-12.00 p95=-12.00
  [diag] sat-dist hist bins=60 sat<0.05=0.0% mean=0.537 p10=0.532 p90=0.532
Iter 0005700: train nll 0.353, valid error 100.000%, best valid error 100.000%, avg grad norm   0.154, avg grad norm (post clip)   0.051, rho_Whh  0.82, Omega  0.00, alpha  0.000, steps in the past 0.000, valid nll 0.323
  [diag] log10|dL/dh_t| hist bins=60 range=(-12.50,-11.50) mean=-12.00 p50=-12.00 p05=-12.00 p95=-12.00
  [diag] sat-dist hist bins=60 sat<0.05=0.0% mean=0.539 p10=0.534 p90=0.535
Iter 0005720: train nll 0.410, valid error 100.000%, best valid error 100.000%, avg grad norm   0.194, avg grad norm (post clip)   0.053, rho_Whh  0.83, Omega  0.00, alpha  0.000, steps in the past 0.000, valid nll 0.323
  [diag] log10|dL/dh_t| hist bins=60 range=(-12.50,-11.50) mean=-12.00 p50=-12.00 p05=-12.00 p95=-12.00
  [diag] sat-dist hist bins=60 sat<0.05=0.0% mean=0.541 p10=0.536 p90=0.537
Iter 0005740: train nll 0.402, valid error 100.000%, best valid error 100.000%, avg grad norm   0.174, avg grad norm (post clip)   0.052, rho_Whh  0.83, Omega  0.00, alpha  0.000, steps in the past 0.000, valid nll 0.323
  [diag] log10|dL/dh_t| hist bins=60 range=(-12.50,-11.50) mean=-12.00 p50=-12.00 p05=-12.00 p95=-12.00
  [diag] sat-dist hist bins=60 sat<0.05=0.0% mean=0.543 p10=0.538 p90=0.538
Iter 0005760: train nll 0.411, valid error 100.000%, best valid error 100.000%, avg grad norm   0.196, avg grad norm (post clip)   0.052, rho_Whh  0.83, Omega  0.00, alpha  0.000, steps in the past 0.000, valid nll 0.323
  [diag] log10|dL/dh_t| hist bins=60 range=(-12.50,-11.50) mean=-12.00 p50=-12.00 p05=-12.00 p95=-12.00
  [diag] sat-dist hist bins=60 sat<0.05=0.0% mean=0.545 p10=0.540 p90=0.540
Iter 0005780: train nll 0.432, valid error 100.000%, best valid error 100.000%, avg grad norm   0.248, avg grad norm (post clip)   0.053, rho_Whh  0.83, Omega  0.00, alpha  0.000, steps in the past 0.000, valid nll 0.323
  [diag] log10|dL/dh_t| hist bins=60 range=(-12.50,-11.50) mean=-12.00 p50=-12.00 p05=-12.00 p95=-12.00
  [diag] sat-dist hist bins=60 sat<0.05=0.0% mean=0.544 p10=0.539 p90=0.540
Iter 0005800: train nll 0.393, valid error 100.000%, best valid error 100.000%, avg grad norm   0.187, avg grad norm (post clip)   0.051, rho_Whh  0.83, Omega  0.00, alpha  0.000, steps in the past 0.000, valid nll 0.323
  [diag] log10|dL/dh_t| hist bins=60 range=(-12.50,-11.50) mean=-12.00 p50=-12.00 p05=-12.00 p95=-12.00
  [diag] sat-dist hist bins=60 sat<0.05=0.0% mean=0.546 p10=0.541 p90=0.542
Iter 0005820: train nll 0.417, valid error 100.000%, best valid error 100.000%, avg grad norm   0.211, avg grad norm (post clip)   0.052, rho_Whh  0.83, Omega  0.00, alpha  0.000, steps in the past 0.000, valid nll 0.323
  [diag] log10|dL/dh_t| hist bins=60 range=(-12.50,-11.50) mean=-12.00 p50=-12.00 p05=-12.00 p95=-12.00
  [diag] sat-dist hist bins=60 sat<0.05=0.0% mean=0.549 p10=0.544 p90=0.544
Iter 0005840: train nll 0.417, valid error 100.000%, best valid error 100.000%, avg grad norm   0.191, avg grad norm (post clip)   0.052, rho_Whh  0.84, Omega  0.00, alpha  0.000, steps in the past 0.000, valid nll 0.323
  [diag] log10|dL/dh_t| hist bins=60 range=(-12.50,-11.50) mean=-12.00 p50=-12.00 p05=-12.00 p95=-12.00
  [diag] sat-dist hist bins=60 sat<0.05=0.0% mean=0.548 p10=0.543 p90=0.544
Iter 0005860: train nll 0.369, valid error 100.000%, best valid error 100.000%, avg grad norm   0.158, avg grad norm (post clip)   0.052, rho_Whh  0.84, Omega  0.00, alpha  0.000, steps in the past 0.000, valid nll 0.323
  [diag] log10|dL/dh_t| hist bins=60 range=(-12.50,-11.50) mean=-12.00 p50=-12.00 p05=-12.00 p95=-12.00
  [diag] sat-dist hist bins=60 sat<0.05=0.0% mean=0.550 p10=0.546 p90=0.546
Iter 0005880: train nll 0.450, valid error 100.000%, best valid error 100.000%, avg grad norm   0.241, avg grad norm (post clip)   0.052, rho_Whh  0.84, Omega  0.00, alpha  0.000, steps in the past 0.000, valid nll 0.323
  [diag] log10|dL/dh_t| hist bins=60 range=(-12.50,-11.50) mean=-12.00 p50=-12.00 p05=-12.00 p95=-12.00
  [diag] sat-dist hist bins=60 sat<0.05=0.0% mean=0.552 p10=0.547 p90=0.547
Iter 0005900: train nll 0.416, valid error 100.000%, best valid error 100.000%, avg grad norm   0.185, avg grad norm (post clip)   0.052, rho_Whh  0.84, Omega  0.00, alpha  0.000, steps in the past 0.000, valid nll 0.323
  [diag] log10|dL/dh_t| hist bins=60 range=(-12.50,-11.50) mean=-12.00 p50=-12.00 p05=-12.00 p95=-12.00
  [diag] sat-dist hist bins=60 sat<0.05=0.0% mean=0.553 p10=0.548 p90=0.548
Iter 0005920: train nll 0.419, valid error 100.000%, best valid error 100.000%, avg grad norm   0.229, avg grad norm (post clip)   0.052, rho_Whh  0.84, Omega  0.00, alpha  0.000, steps in the past 0.000, valid nll 0.323
  [diag] log10|dL/dh_t| hist bins=60 range=(-12.50,-11.50) mean=-12.00 p50=-12.00 p05=-12.00 p95=-12.00
  [diag] sat-dist hist bins=60 sat<0.05=0.0% mean=0.554 p10=0.549 p90=0.549
Iter 0005940: train nll 0.387, valid error 100.000%, best valid error 100.000%, avg grad norm   0.157, avg grad norm (post clip)   0.052, rho_Whh  0.85, Omega  0.00, alpha  0.000, steps in the past 0.000, valid nll 0.323
  [diag] log10|dL/dh_t| hist bins=60 range=(-12.50,-11.50) mean=-12.00 p50=-12.00 p05=-12.00 p95=-12.00
  [diag] sat-dist hist bins=60 sat<0.05=0.0% mean=0.552 p10=0.547 p90=0.548
Iter 0005960: train nll 0.370, valid error 100.000%, best valid error 100.000%, avg grad norm   0.194, avg grad norm (post clip)   0.052, rho_Whh  0.85, Omega  0.00, alpha  0.000, steps in the past 0.000, valid nll 0.322
  [diag] log10|dL/dh_t| hist bins=60 range=(-12.50,-11.50) mean=-12.00 p50=-12.00 p05=-12.00 p95=-12.00
  [diag] sat-dist hist bins=60 sat<0.05=0.0% mean=0.553 p10=0.548 p90=0.549
Iter 0005980: train nll 0.380, valid error 100.000%, best valid error 100.000%, avg grad norm   0.155, avg grad norm (post clip)   0.052, rho_Whh  0.85, Omega  0.00, alpha  0.000, steps in the past 0.000, valid nll 0.322
  [diag] log10|dL/dh_t| hist bins=60 range=(-12.50,-11.50) mean=-12.00 p50=-12.00 p05=-12.00 p95=-12.00
  [diag] sat-dist hist bins=60 sat<0.05=0.0% mean=0.553 p10=0.549 p90=0.549
Iter 0006000: train nll 0.430, valid error 100.000%, best valid error 100.000%, avg grad norm   0.256, avg grad norm (post clip)   0.052, rho_Whh  0.85, Omega  0.00, alpha  0.000, steps in the past 0.000, valid nll 0.322
  [diag] log10|dL/dh_t| hist bins=60 range=(-12.50,-11.50) mean=-12.00 p50=-12.00 p05=-12.00 p95=-12.00
  [diag] sat-dist hist bins=60 sat<0.05=0.0% mean=0.552 p10=0.547 p90=0.548
Iter 0006020: train nll 0.357, valid error 100.000%, best valid error 100.000%, avg grad norm   0.140, avg grad norm (post clip)   0.052, rho_Whh  0.85, Omega  0.00, alpha  0.000, steps in the past 0.000, valid nll 0.322
  [diag] log10|dL/dh_t| hist bins=60 range=(-12.50,-11.50) mean=-12.00 p50=-12.00 p05=-12.00 p95=-12.00
  [diag] sat-dist hist bins=60 sat<0.05=0.0% mean=0.550 p10=0.546 p90=0.546
Iter 0006040: train nll 0.344, valid error 100.000%, best valid error 100.000%, avg grad norm   0.143, avg grad norm (post clip)   0.052, rho_Whh  0.85, Omega  0.00, alpha  0.000, steps in the past 0.000, valid nll 0.321
  [diag] log10|dL/dh_t| hist bins=60 range=(-12.50,-11.50) mean=-12.00 p50=-12.00 p05=-12.00 p95=-12.00
  [diag] sat-dist hist bins=60 sat<0.05=0.0% mean=0.553 p10=0.548 p90=0.549
Iter 0006060: train nll 0.412, valid error 100.000%, best valid error 100.000%, avg grad norm   0.209, avg grad norm (post clip)   0.052, rho_Whh  0.86, Omega  0.00, alpha  0.000, steps in the past 0.000, valid nll 0.321
  [diag] log10|dL/dh_t| hist bins=60 range=(-12.50,-11.50) mean=-12.00 p50=-12.00 p05=-12.00 p95=-12.00
  [diag] sat-dist hist bins=60 sat<0.05=0.0% mean=0.555 p10=0.551 p90=0.551
Iter 0006080: train nll 0.407, valid error 100.000%, best valid error 100.000%, avg grad norm   0.205, avg grad norm (post clip)   0.053, rho_Whh  0.86, Omega  0.00, alpha  0.000, steps in the past 0.000, valid nll 0.321
  [diag] log10|dL/dh_t| hist bins=60 range=(-12.50,-11.50) mean=-12.00 p50=-12.00 p05=-12.00 p95=-12.00
  [diag] sat-dist hist bins=60 sat<0.05=0.0% mean=0.556 p10=0.552 p90=0.552
Iter 0006100: train nll 0.397, valid error 100.000%, best valid error 100.000%, avg grad norm   0.187, avg grad norm (post clip)   0.052, rho_Whh  0.86, Omega  0.00, alpha  0.000, steps in the past 0.000, valid nll 0.321
  [diag] log10|dL/dh_t| hist bins=60 range=(-12.50,-11.50) mean=-12.00 p50=-12.00 p05=-12.00 p95=-12.00
  [diag] sat-dist hist bins=60 sat<0.05=0.0% mean=0.557 p10=0.553 p90=0.553
Iter 0006120: train nll 0.404, valid error 100.000%, best valid error 100.000%, avg grad norm   0.206, avg grad norm (post clip)   0.052, rho_Whh  0.86, Omega  0.00, alpha  0.000, steps in the past 0.000, valid nll 0.321
  [diag] log10|dL/dh_t| hist bins=60 range=(-12.50,-11.50) mean=-12.00 p50=-12.00 p05=-12.00 p95=-12.00
  [diag] sat-dist hist bins=60 sat<0.05=0.0% mean=0.557 p10=0.553 p90=0.553
Iter 0006140: train nll 0.400, valid error 100.000%, best valid error 100.000%, avg grad norm   0.214, avg grad norm (post clip)   0.052, rho_Whh  0.86, Omega  0.00, alpha  0.000, steps in the past 0.000, valid nll 0.321
  [diag] log10|dL/dh_t| hist bins=60 range=(-12.50,-11.50) mean=-12.00 p50=-12.00 p05=-12.00 p95=-12.00
  [diag] sat-dist hist bins=60 sat<0.05=0.0% mean=0.556 p10=0.551 p90=0.552
Iter 0006160: train nll 0.366, valid error 100.000%, best valid error 100.000%, avg grad norm   0.208, avg grad norm (post clip)   0.053, rho_Whh  0.86, Omega  0.00, alpha  0.000, steps in the past 0.000, valid nll 0.321
  [diag] log10|dL/dh_t| hist bins=60 range=(-12.50,-11.50) mean=-12.00 p50=-12.00 p05=-12.00 p95=-12.00
  [diag] sat-dist hist bins=60 sat<0.05=0.0% mean=0.558 p10=0.554 p90=0.554
Iter 0006180: train nll 0.411, valid error 100.000%, best valid error 100.000%, avg grad norm   0.238, avg grad norm (post clip)   0.053, rho_Whh  0.87, Omega  0.00, alpha  0.000, steps in the past 0.000, valid nll 0.321
  [diag] log10|dL/dh_t| hist bins=60 range=(-12.50,-11.50) mean=-12.00 p50=-12.00 p05=-12.00 p95=-12.00
  [diag] sat-dist hist bins=60 sat<0.05=0.0% mean=0.562 p10=0.557 p90=0.558
Iter 0006200: train nll 0.435, valid error 100.000%, best valid error 100.000%, avg grad norm   0.244, avg grad norm (post clip)   0.052, rho_Whh  0.87, Omega  0.00, alpha  0.000, steps in the past 0.000, valid nll 0.321
  [diag] log10|dL/dh_t| hist bins=60 range=(-12.50,-11.50) mean=-12.00 p50=-12.00 p05=-12.00 p95=-12.00
  [diag] sat-dist hist bins=60 sat<0.05=0.0% mean=0.562 p10=0.557 p90=0.558
Iter 0006220: train nll 0.404, valid error 100.000%, best valid error 100.000%, avg grad norm   0.226, avg grad norm (post clip)   0.053, rho_Whh  0.87, Omega  0.00, alpha  0.000, steps in the past 0.000, valid nll 0.321
  [diag] log10|dL/dh_t| hist bins=60 range=(-12.50,-11.50) mean=-12.00 p50=-12.00 p05=-12.00 p95=-12.00
  [diag] sat-dist hist bins=60 sat<0.05=0.0% mean=0.562 p10=0.558 p90=0.558
Iter 0006240: train nll 0.409, valid error 100.000%, best valid error 100.000%, avg grad norm   0.231, avg grad norm (post clip)   0.052, rho_Whh  0.87, Omega  0.00, alpha  0.000, steps in the past 0.000, valid nll 0.321
  [diag] log10|dL/dh_t| hist bins=60 range=(-12.50,-11.50) mean=-12.00 p50=-12.00 p05=-12.00 p95=-12.00
  [diag] sat-dist hist bins=60 sat<0.05=0.0% mean=0.560 p10=0.556 p90=0.557
Iter 0006260: train nll 0.377, valid error 100.000%, best valid error 100.000%, avg grad norm   0.198, avg grad norm (post clip)   0.053, rho_Whh  0.87, Omega  0.00, alpha  0.000, steps in the past 0.000, valid nll 0.320
  [diag] log10|dL/dh_t| hist bins=60 range=(-12.50,-11.50) mean=-12.00 p50=-12.00 p05=-12.00 p95=-12.00
  [diag] sat-dist hist bins=60 sat<0.05=0.0% mean=0.557 p10=0.553 p90=0.554
Iter 0006280: train nll 0.339, valid error 100.000%, best valid error 100.000%, avg grad norm   0.177, avg grad norm (post clip)   0.052, rho_Whh  0.87, Omega  0.00, alpha  0.000, steps in the past 0.000, valid nll 0.320
  [diag] log10|dL/dh_t| hist bins=60 range=(-12.50,-11.50) mean=-12.00 p50=-12.00 p05=-12.00 p95=-12.00
  [diag] sat-dist hist bins=60 sat<0.05=0.0% mean=0.557 p10=0.553 p90=0.554
Iter 0006300: train nll 0.365, valid error 100.000%, best valid error 100.000%, avg grad norm   0.176, avg grad norm (post clip)   0.053, rho_Whh  0.88, Omega  0.00, alpha  0.000, steps in the past 0.000, valid nll 0.320
  [diag] log10|dL/dh_t| hist bins=60 range=(-12.50,-11.50) mean=-12.00 p50=-12.00 p05=-12.00 p95=-12.00
  [diag] sat-dist hist bins=60 sat<0.05=0.0% mean=0.559 p10=0.554 p90=0.555
Iter 0006320: train nll 0.406, valid error 100.000%, best valid error 100.000%, avg grad norm   0.263, avg grad norm (post clip)   0.052, rho_Whh  0.88, Omega  0.00, alpha  0.000, steps in the past 0.000, valid nll 0.320
  [diag] log10|dL/dh_t| hist bins=60 range=(-12.50,-11.50) mean=-12.00 p50=-12.00 p05=-12.00 p95=-12.00
  [diag] sat-dist hist bins=60 sat<0.05=0.0% mean=0.561 p10=0.557 p90=0.558
Iter 0006340: train nll 0.392, valid error 100.000%, best valid error 100.000%, avg grad norm   0.202, avg grad norm (post clip)   0.053, rho_Whh  0.88, Omega  0.00, alpha  0.000, steps in the past 0.000, valid nll 0.320
  [diag] log10|dL/dh_t| hist bins=60 range=(-12.50,-11.50) mean=-12.00 p50=-12.00 p05=-12.00 p95=-12.00
  [diag] sat-dist hist bins=60 sat<0.05=0.0% mean=0.564 p10=0.560 p90=0.561
Iter 0006360: train nll 0.439, valid error 100.000%, best valid error 100.000%, avg grad norm   0.284, avg grad norm (post clip)   0.052, rho_Whh  0.88, Omega  0.00, alpha  0.000, steps in the past 0.000, valid nll 0.320
  [diag] log10|dL/dh_t| hist bins=60 range=(-12.50,-11.50) mean=-12.00 p50=-12.00 p05=-12.00 p95=-12.00
  [diag] sat-dist hist bins=60 sat<0.05=0.0% mean=0.564 p10=0.560 p90=0.561
Iter 0006380: train nll 0.374, valid error 100.000%, best valid error 100.000%, avg grad norm   0.209, avg grad norm (post clip)   0.053, rho_Whh  0.88, Omega  0.00, alpha  0.000, steps in the past 0.000, valid nll 0.320
  [diag] log10|dL/dh_t| hist bins=60 range=(-12.50,-11.50) mean=-12.00 p50=-12.00 p05=-12.00 p95=-12.00
  [diag] sat-dist hist bins=60 sat<0.05=0.0% mean=0.566 p10=0.562 p90=0.563
Iter 0006400: train nll 0.426, valid error 100.000%, best valid error 100.000%, avg grad norm   0.289, avg grad norm (post clip)   0.053, rho_Whh  0.89, Omega  0.00, alpha  0.000, steps in the past 0.000, valid nll 0.320
  [diag] log10|dL/dh_t| hist bins=60 range=(-12.50,-11.50) mean=-12.00 p50=-12.00 p05=-12.00 p95=-12.00
  [diag] sat-dist hist bins=60 sat<0.05=0.0% mean=0.565 p10=0.561 p90=0.562
Iter 0006420: train nll 0.372, valid error 100.000%, best valid error 100.000%, avg grad norm   0.222, avg grad norm (post clip)   0.053, rho_Whh  0.89, Omega  0.00, alpha  0.000, steps in the past 0.000, valid nll 0.319
  [diag] log10|dL/dh_t| hist bins=60 range=(-12.50,-11.50) mean=-12.00 p50=-12.00 p05=-12.00 p95=-12.00
  [diag] sat-dist hist bins=60 sat<0.05=0.0% mean=0.566 p10=0.562 p90=0.563
Iter 0006440: train nll 0.423, valid error 100.000%, best valid error 100.000%, avg grad norm   0.302, avg grad norm (post clip)   0.053, rho_Whh  0.89, Omega  0.00, alpha  0.000, steps in the past 0.000, valid nll 0.319
  [diag] log10|dL/dh_t| hist bins=60 range=(-12.50,-11.50) mean=-12.00 p50=-12.00 p05=-12.00 p95=-12.00
  [diag] sat-dist hist bins=60 sat<0.05=0.0% mean=0.564 p10=0.560 p90=0.561
Iter 0006460: train nll 0.338, valid error 100.000%, best valid error 100.000%, avg grad norm   0.172, avg grad norm (post clip)   0.053, rho_Whh  0.89, Omega  0.00, alpha  0.000, steps in the past 0.000, valid nll 0.319
  [diag] log10|dL/dh_t| hist bins=60 range=(-12.50,-11.50) mean=-12.00 p50=-12.00 p05=-12.00 p95=-12.00
  [diag] sat-dist hist bins=60 sat<0.05=0.0% mean=0.565 p10=0.561 p90=0.562
Iter 0006480: train nll 0.393, valid error 100.000%, best valid error 100.000%, avg grad norm   0.221, avg grad norm (post clip)   0.052, rho_Whh  0.89, Omega  0.00, alpha  0.000, steps in the past 0.000, valid nll 0.319
  [diag] log10|dL/dh_t| hist bins=60 range=(-12.50,-11.50) mean=-12.00 p50=-12.00 p05=-12.00 p95=-12.00
  [diag] sat-dist hist bins=60 sat<0.05=0.0% mean=0.567 p10=0.563 p90=0.564
Iter 0006500: train nll 0.403, valid error 100.000%, best valid error 100.000%, avg grad norm   0.226, avg grad norm (post clip)   0.053, rho_Whh  0.89, Omega  0.00, alpha  0.000, steps in the past 0.000, valid nll 0.319
  [diag] log10|dL/dh_t| hist bins=60 range=(-12.50,-11.50) mean=-12.00 p50=-12.00 p05=-12.00 p95=-12.00
  [diag] sat-dist hist bins=60 sat<0.05=0.0% mean=0.568 p10=0.564 p90=0.565
Iter 0006520: train nll 0.384, valid error 100.000%, best valid error 100.000%, avg grad norm   0.184, avg grad norm (post clip)   0.052, rho_Whh  0.90, Omega  0.00, alpha  0.000, steps in the past 0.000, valid nll 0.319
  [diag] log10|dL/dh_t| hist bins=60 range=(-12.50,-11.50) mean=-12.00 p50=-12.00 p05=-12.00 p95=-12.00
  [diag] sat-dist hist bins=60 sat<0.05=0.0% mean=0.569 p10=0.565 p90=0.566
Iter 0006540: train nll 0.418, valid error 100.000%, best valid error 100.000%, avg grad norm   0.302, avg grad norm (post clip)   0.053, rho_Whh  0.90, Omega  0.00, alpha  0.000, steps in the past 0.000, valid nll 0.319
  [diag] log10|dL/dh_t| hist bins=60 range=(-12.50,-11.50) mean=-12.00 p50=-12.00 p05=-12.00 p95=-12.00
  [diag] sat-dist hist bins=60 sat<0.05=0.0% mean=0.572 p10=0.567 p90=0.569
Iter 0006560: train nll 0.418, valid error 100.000%, best valid error 100.000%, avg grad norm   0.259, avg grad norm (post clip)   0.053, rho_Whh  0.90, Omega  0.00, alpha  0.000, steps in the past 0.000, valid nll 0.319
  [diag] log10|dL/dh_t| hist bins=60 range=(-12.50,-11.50) mean=-12.00 p50=-12.00 p05=-12.00 p95=-12.00
  [diag] sat-dist hist bins=60 sat<0.05=0.0% mean=0.573 p10=0.569 p90=0.570
Iter 0006580: train nll 0.381, valid error 100.000%, best valid error 100.000%, avg grad norm   0.210, avg grad norm (post clip)   0.053, rho_Whh  0.90, Omega  0.00, alpha  0.000, steps in the past 0.000, valid nll 0.319
  [diag] log10|dL/dh_t| hist bins=60 range=(-12.50,-11.50) mean=-12.00 p50=-12.00 p05=-12.00 p95=-12.00
  [diag] sat-dist hist bins=60 sat<0.05=0.0% mean=0.573 p10=0.569 p90=0.570
Iter 0006600: train nll 0.391, valid error 100.000%, best valid error 100.000%, avg grad norm   0.226, avg grad norm (post clip)   0.053, rho_Whh  0.90, Omega  0.00, alpha  0.000, steps in the past 0.000, valid nll 0.318
  [diag] log10|dL/dh_t| hist bins=60 range=(-12.50,-11.50) mean=-12.00 p50=-12.00 p05=-12.00 p95=-12.00
  [diag] sat-dist hist bins=60 sat<0.05=0.0% mean=0.574 p10=0.570 p90=0.571
Iter 0006620: train nll 0.399, valid error 100.000%, best valid error 100.000%, avg grad norm   0.264, avg grad norm (post clip)   0.053, rho_Whh  0.91, Omega  0.00, alpha  0.000, steps in the past 0.000, valid nll 0.318
  [diag] log10|dL/dh_t| hist bins=60 range=(-12.50,-11.50) mean=-12.00 p50=-12.00 p05=-12.00 p95=-12.00
  [diag] sat-dist hist bins=60 sat<0.05=0.0% mean=0.575 p10=0.571 p90=0.571
Iter 0006640: train nll 0.412, valid error 100.000%, best valid error 100.000%, avg grad norm   0.275, avg grad norm (post clip)   0.053, rho_Whh  0.91, Omega  0.00, alpha  0.000, steps in the past 0.000, valid nll 0.318
  [diag] log10|dL/dh_t| hist bins=60 range=(-12.50,-11.50) mean=-12.00 p50=-12.00 p05=-12.00 p95=-12.00
  [diag] sat-dist hist bins=60 sat<0.05=0.0% mean=0.576 p10=0.572 p90=0.572
Iter 0006660: train nll 0.393, valid error 100.000%, best valid error 100.000%, avg grad norm   0.239, avg grad norm (post clip)   0.053, rho_Whh  0.91, Omega  0.00, alpha  0.000, steps in the past 0.000, valid nll 0.318
  [diag] log10|dL/dh_t| hist bins=60 range=(-12.50,-11.50) mean=-12.00 p50=-12.00 p05=-12.00 p95=-12.00
  [diag] sat-dist hist bins=60 sat<0.05=0.0% mean=0.575 p10=0.572 p90=0.572
Iter 0006680: train nll 0.379, valid error 100.000%, best valid error 100.000%, avg grad norm   0.217, avg grad norm (post clip)   0.053, rho_Whh  0.91, Omega  0.00, alpha  0.000, steps in the past 0.000, valid nll 0.318
  [diag] log10|dL/dh_t| hist bins=60 range=(-12.50,-11.50) mean=-12.00 p50=-12.00 p05=-12.00 p95=-12.00
  [diag] sat-dist hist bins=60 sat<0.05=0.0% mean=0.574 p10=0.570 p90=0.570
Iter 0006700: train nll 0.365, valid error 100.000%, best valid error 100.000%, avg grad norm   0.248, avg grad norm (post clip)   0.053, rho_Whh  0.91, Omega  0.00, alpha  0.000, steps in the past 0.000, valid nll 0.318
  [diag] log10|dL/dh_t| hist bins=60 range=(-12.50,-11.50) mean=-12.00 p50=-12.00 p05=-12.00 p95=-12.00
  [diag] sat-dist hist bins=60 sat<0.05=0.0% mean=0.574 p10=0.570 p90=0.571
Iter 0006720: train nll 0.400, valid error 100.000%, best valid error 100.000%, avg grad norm   0.284, avg grad norm (post clip)   0.053, rho_Whh  0.91, Omega  0.00, alpha  0.000, steps in the past 0.000, valid nll 0.317
  [diag] log10|dL/dh_t| hist bins=60 range=(-12.50,-11.50) mean=-12.00 p50=-12.00 p05=-12.00 p95=-12.00
  [diag] sat-dist hist bins=60 sat<0.05=0.0% mean=0.575 p10=0.571 p90=0.572
Iter 0006740: train nll 0.389, valid error 100.000%, best valid error 100.000%, avg grad norm   0.238, avg grad norm (post clip)   0.053, rho_Whh  0.91, Omega  0.00, alpha  0.000, steps in the past 0.000, valid nll 0.317
  [diag] log10|dL/dh_t| hist bins=60 range=(-12.50,-11.50) mean=-12.00 p50=-12.00 p05=-12.00 p95=-12.00
  [diag] sat-dist hist bins=60 sat<0.05=0.0% mean=0.576 p10=0.572 p90=0.572
Iter 0006760: train nll 0.364, valid error 100.000%, best valid error 100.000%, avg grad norm   0.194, avg grad norm (post clip)   0.053, rho_Whh  0.92, Omega  0.00, alpha  0.000, steps in the past 0.000, valid nll 0.317
  [diag] log10|dL/dh_t| hist bins=60 range=(-12.50,-11.50) mean=-12.00 p50=-12.00 p05=-12.00 p95=-12.00
  [diag] sat-dist hist bins=60 sat<0.05=0.0% mean=0.574 p10=0.570 p90=0.570
Iter 0006780: train nll 0.347, valid error 100.000%, best valid error 100.000%, avg grad norm   0.171, avg grad norm (post clip)   0.053, rho_Whh  0.92, Omega  0.00, alpha  0.000, steps in the past 0.000, valid nll 0.317
  [diag] log10|dL/dh_t| hist bins=60 range=(-12.50,-11.50) mean=-12.00 p50=-12.00 p05=-12.00 p95=-12.00
  [diag] sat-dist hist bins=60 sat<0.05=0.0% mean=0.575 p10=0.571 p90=0.571
Iter 0006800: train nll 0.389, valid error 100.000%, best valid error 100.000%, avg grad norm   0.240, avg grad norm (post clip)   0.053, rho_Whh  0.92, Omega  0.00, alpha  0.000, steps in the past 0.000, valid nll 0.316
  [diag] log10|dL/dh_t| hist bins=60 range=(-12.50,-11.50) mean=-12.00 p50=-12.00 p05=-12.00 p95=-12.00
  [diag] sat-dist hist bins=60 sat<0.05=0.0% mean=0.575 p10=0.571 p90=0.571
Iter 0006820: train nll 0.370, valid error 100.000%, best valid error 100.000%, avg grad norm   0.228, avg grad norm (post clip)   0.053, rho_Whh  0.92, Omega  0.00, alpha  0.000, steps in the past 0.000, valid nll 0.316
  [diag] log10|dL/dh_t| hist bins=60 range=(-12.50,-11.50) mean=-12.00 p50=-12.00 p05=-12.00 p95=-12.00
  [diag] sat-dist hist bins=60 sat<0.05=0.0% mean=0.576 p10=0.572 p90=0.572
Iter 0006840: train nll 0.367, valid error 100.000%, best valid error 100.000%, avg grad norm   0.203, avg grad norm (post clip)   0.053, rho_Whh  0.92, Omega  0.00, alpha  0.000, steps in the past 0.000, valid nll 0.316
  [diag] log10|dL/dh_t| hist bins=60 range=(-12.50,-11.50) mean=-12.00 p50=-12.00 p05=-12.00 p95=-12.00
  [diag] sat-dist hist bins=60 sat<0.05=0.0% mean=0.574 p10=0.570 p90=0.571
Iter 0006860: train nll 0.360, valid error 100.000%, best valid error 100.000%, avg grad norm   0.252, avg grad norm (post clip)   0.053, rho_Whh  0.93, Omega  0.00, alpha  0.000, steps in the past 0.000, valid nll 0.316
  [diag] log10|dL/dh_t| hist bins=60 range=(-12.50,-11.50) mean=-12.00 p50=-12.00 p05=-12.00 p95=-12.00
  [diag] sat-dist hist bins=60 sat<0.05=0.0% mean=0.576 p10=0.572 p90=0.572
Iter 0006880: train nll 0.390, valid error 100.000%, best valid error 100.000%, avg grad norm   0.264, avg grad norm (post clip)   0.053, rho_Whh  0.93, Omega  0.00, alpha  0.000, steps in the past 0.000, valid nll 0.316
  [diag] log10|dL/dh_t| hist bins=60 range=(-12.50,-11.50) mean=-12.00 p50=-12.00 p05=-12.00 p95=-12.00
  [diag] sat-dist hist bins=60 sat<0.05=0.0% mean=0.576 p10=0.572 p90=0.572
Iter 0006900: train nll 0.372, valid error 100.000%, best valid error 100.000%, avg grad norm   0.241, avg grad norm (post clip)   0.053, rho_Whh  0.93, Omega  0.00, alpha  0.000, steps in the past 0.000, valid nll 0.315
  [diag] log10|dL/dh_t| hist bins=60 range=(-12.50,-11.50) mean=-12.00 p50=-12.00 p05=-12.00 p95=-12.00
  [diag] sat-dist hist bins=60 sat<0.05=0.0% mean=0.577 p10=0.573 p90=0.573
Iter 0006920: train nll 0.393, valid error 100.000%, best valid error 100.000%, avg grad norm   0.296, avg grad norm (post clip)   0.053, rho_Whh  0.93, Omega  0.00, alpha  0.000, steps in the past 0.000, valid nll 0.315
  [diag] log10|dL/dh_t| hist bins=60 range=(-12.50,-11.50) mean=-12.00 p50=-12.00 p05=-12.00 p95=-12.00
  [diag] sat-dist hist bins=60 sat<0.05=0.0% mean=0.578 p10=0.574 p90=0.574
Iter 0006940: train nll 0.388, valid error 100.000%, best valid error 100.000%, avg grad norm   0.266, avg grad norm (post clip)   0.053, rho_Whh  0.93, Omega  0.00, alpha  0.000, steps in the past 0.000, valid nll 0.315
  [diag] log10|dL/dh_t| hist bins=60 range=(-12.50,-11.50) mean=-12.00 p50=-12.00 p05=-12.00 p95=-12.00
  [diag] sat-dist hist bins=60 sat<0.05=0.0% mean=0.579 p10=0.575 p90=0.575
Iter 0006960: train nll 0.417, valid error 100.000%, best valid error 100.000%, avg grad norm   0.379, avg grad norm (post clip)   0.053, rho_Whh  0.94, Omega  0.00, alpha  0.000, steps in the past 0.000, valid nll 0.315
  [diag] log10|dL/dh_t| hist bins=60 range=(-12.50,-11.50) mean=-12.00 p50=-12.00 p05=-12.00 p95=-12.00
  [diag] sat-dist hist bins=60 sat<0.05=0.0% mean=0.582 p10=0.578 p90=0.578
Iter 0006980: train nll 0.421, valid error 100.000%, best valid error 100.000%, avg grad norm   0.356, avg grad norm (post clip)   0.053, rho_Whh  0.94, Omega  0.00, alpha  0.000, steps in the past 0.000, valid nll 0.315
  [diag] log10|dL/dh_t| hist bins=60 range=(-12.50,-11.50) mean=-12.00 p50=-12.00 p05=-12.00 p95=-12.00
  [diag] sat-dist hist bins=60 sat<0.05=0.0% mean=0.581 p10=0.577 p90=0.577
Iter 0007000: train nll 0.349, valid error 100.000%, best valid error 100.000%, avg grad norm   0.205, avg grad norm (post clip)   0.053, rho_Whh  0.94, Omega  0.00, alpha  0.000, steps in the past 0.000, valid nll 0.315
  [diag] log10|dL/dh_t| hist bins=60 range=(-12.50,-11.50) mean=-12.00 p50=-12.00 p05=-12.00 p95=-12.00
  [diag] sat-dist hist bins=60 sat<0.05=0.0% mean=0.580 p10=0.576 p90=0.576
Iter 0007020: train nll 0.356, valid error 100.000%, best valid error 100.000%, avg grad norm   0.252, avg grad norm (post clip)   0.053, rho_Whh  0.94, Omega  0.00, alpha  0.000, steps in the past 0.000, valid nll 0.314
  [diag] log10|dL/dh_t| hist bins=60 range=(-12.50,-11.50) mean=-12.00 p50=-12.00 p05=-12.00 p95=-12.00
  [diag] sat-dist hist bins=60 sat<0.05=0.0% mean=0.580 p10=0.576 p90=0.577
Iter 0007040: train nll 0.360, valid error 100.000%, best valid error 100.000%, avg grad norm   0.241, avg grad norm (post clip)   0.053, rho_Whh  0.94, Omega  0.00, alpha  0.000, steps in the past 0.000, valid nll 0.314
  [diag] log10|dL/dh_t| hist bins=60 range=(-12.50,-11.50) mean=-12.00 p50=-12.00 p05=-12.00 p95=-12.00
  [diag] sat-dist hist bins=60 sat<0.05=0.0% mean=0.579 p10=0.575 p90=0.576
Iter 0007060: train nll 0.376, valid error 100.000%, best valid error 100.000%, avg grad norm   0.276, avg grad norm (post clip)   0.053, rho_Whh  0.94, Omega  0.00, alpha  0.000, steps in the past 0.000, valid nll 0.314
  [diag] log10|dL/dh_t| hist bins=60 range=(-12.50,-11.50) mean=-12.00 p50=-12.00 p05=-12.00 p95=-12.00
  [diag] sat-dist hist bins=60 sat<0.05=0.0% mean=0.580 p10=0.577 p90=0.577
Iter 0007080: train nll 0.381, valid error 100.000%, best valid error 100.000%, avg grad norm   0.260, avg grad norm (post clip)   0.053, rho_Whh  0.95, Omega  0.00, alpha  0.000, steps in the past 0.000, valid nll 0.314
  [diag] log10|dL/dh_t| hist bins=60 range=(-12.50,-11.50) mean=-12.00 p50=-12.00 p05=-12.00 p95=-12.00
  [diag] sat-dist hist bins=60 sat<0.05=0.0% mean=0.581 p10=0.578 p90=0.578
Iter 0007100: train nll 0.371, valid error 100.000%, best valid error 100.000%, avg grad norm   0.264, avg grad norm (post clip)   0.053, rho_Whh  0.95, Omega  0.00, alpha  0.000, steps in the past 0.000, valid nll 0.314
  [diag] log10|dL/dh_t| hist bins=60 range=(-12.50,-11.50) mean=-12.00 p50=-12.00 p05=-12.00 p95=-12.00
  [diag] sat-dist hist bins=60 sat<0.05=0.0% mean=0.582 p10=0.579 p90=0.579
Iter 0007120: train nll 0.369, valid error 100.000%, best valid error 100.000%, avg grad norm   0.251, avg grad norm (post clip)   0.053, rho_Whh  0.95, Omega  0.00, alpha  0.000, steps in the past 0.000, valid nll 0.313
  [diag] log10|dL/dh_t| hist bins=60 range=(-12.50,-11.50) mean=-12.00 p50=-12.00 p05=-12.00 p95=-12.00
  [diag] sat-dist hist bins=60 sat<0.05=0.0% mean=0.584 p10=0.580 p90=0.580
Iter 0007140: train nll 0.367, valid error 100.000%, best valid error 100.000%, avg grad norm   0.237, avg grad norm (post clip)   0.053, rho_Whh  0.95, Omega  0.00, alpha  0.000, steps in the past 0.000, valid nll 0.313
  [diag] log10|dL/dh_t| hist bins=60 range=(-12.50,-11.50) mean=-12.00 p50=-12.00 p05=-12.00 p95=-12.00
  [diag] sat-dist hist bins=60 sat<0.05=0.0% mean=0.583 p10=0.580 p90=0.580
Iter 0007160: train nll 0.405, valid error 100.000%, best valid error 100.000%, avg grad norm   0.368, avg grad norm (post clip)   0.053, rho_Whh  0.95, Omega  0.00, alpha  0.000, steps in the past 0.000, valid nll 0.313
  [diag] log10|dL/dh_t| hist bins=60 range=(-12.50,-11.50) mean=-12.00 p50=-12.00 p05=-12.00 p95=-12.00
  [diag] sat-dist hist bins=60 sat<0.05=0.0% mean=0.584 p10=0.580 p90=0.580
Iter 0007180: train nll 0.349, valid error 100.000%, best valid error 100.000%, avg grad norm   0.286, avg grad norm (post clip)   0.053, rho_Whh  0.96, Omega  0.00, alpha  0.000, steps in the past 0.000, valid nll 0.313
  [diag] log10|dL/dh_t| hist bins=60 range=(-12.50,-11.50) mean=-12.00 p50=-12.00 p05=-12.00 p95=-12.00
  [diag] sat-dist hist bins=60 sat<0.05=0.0% mean=0.582 p10=0.578 p90=0.579
Iter 0007200: train nll 0.321, valid error 100.000%, best valid error 100.000%, avg grad norm   0.200, avg grad norm (post clip)   0.053, rho_Whh  0.96, Omega  0.00, alpha  0.000, steps in the past 0.000, valid nll 0.312
  [diag] log10|dL/dh_t| hist bins=60 range=(-12.50,-11.50) mean=-12.00 p50=-12.00 p05=-12.00 p95=-12.00
  [diag] sat-dist hist bins=60 sat<0.05=0.0% mean=0.582 p10=0.578 p90=0.578
Iter 0007220: train nll 0.346, valid error 100.000%, best valid error 100.000%, avg grad norm   0.209, avg grad norm (post clip)   0.053, rho_Whh  0.96, Omega  0.00, alpha  0.000, steps in the past 0.000, valid nll 0.312
  [diag] log10|dL/dh_t| hist bins=60 range=(-12.50,-11.50) mean=-12.00 p50=-12.00 p05=-12.00 p95=-12.00
  [diag] sat-dist hist bins=60 sat<0.05=0.0% mean=0.583 p10=0.580 p90=0.580
Iter 0007240: train nll 0.383, valid error 100.000%, best valid error 100.000%, avg grad norm   0.328, avg grad norm (post clip)   0.053, rho_Whh  0.96, Omega  0.00, alpha  0.000, steps in the past 0.000, valid nll 0.312
  [diag] log10|dL/dh_t| hist bins=60 range=(-12.50,-11.50) mean=-12.00 p50=-12.00 p05=-12.00 p95=-12.00
  [diag] sat-dist hist bins=60 sat<0.05=0.0% mean=0.584 p10=0.581 p90=0.581
Iter 0007260: train nll 0.365, valid error 100.000%, best valid error 100.000%, avg grad norm   0.298, avg grad norm (post clip)   0.053, rho_Whh  0.96, Omega  0.00, alpha  0.000, steps in the past 0.000, valid nll 0.312
  [diag] log10|dL/dh_t| hist bins=60 range=(-12.50,-11.50) mean=-12.00 p50=-12.00 p05=-12.00 p95=-12.00
  [diag] sat-dist hist bins=60 sat<0.05=0.0% mean=0.587 p10=0.583 p90=0.584
Iter 0007280: train nll 0.401, valid error 100.000%, best valid error 100.000%, avg grad norm   0.371, avg grad norm (post clip)   0.053, rho_Whh  0.97, Omega  0.00, alpha  0.000, steps in the past 0.000, valid nll 0.312
  [diag] log10|dL/dh_t| hist bins=60 range=(-12.50,-11.50) mean=-12.00 p50=-12.00 p05=-12.00 p95=-12.00
  [diag] sat-dist hist bins=60 sat<0.05=0.0% mean=0.588 p10=0.585 p90=0.585
Iter 0007300: train nll 0.375, valid error 100.000%, best valid error 100.000%, avg grad norm   0.301, avg grad norm (post clip)   0.053, rho_Whh  0.97, Omega  0.00, alpha  0.000, steps in the past 0.000, valid nll 0.312
  [diag] log10|dL/dh_t| hist bins=60 range=(-12.50,-11.50) mean=-12.00 p50=-12.00 p05=-12.00 p95=-12.00
  [diag] sat-dist hist bins=60 sat<0.05=0.0% mean=0.591 p10=0.587 p90=0.588
Iter 0007320: train nll 0.406, valid error 100.000%, best valid error 100.000%, avg grad norm   0.374, avg grad norm (post clip)   0.053, rho_Whh  0.97, Omega  0.00, alpha  0.000, steps in the past 0.000, valid nll 0.312
  [diag] log10|dL/dh_t| hist bins=60 range=(-12.50,-11.50) mean=-12.00 p50=-12.00 p05=-12.00 p95=-12.00
  [diag] sat-dist hist bins=60 sat<0.05=0.0% mean=0.591 p10=0.588 p90=0.588
Iter 0007340: train nll 0.382, valid error 100.000%, best valid error 100.000%, avg grad norm   0.342, avg grad norm (post clip)   0.053, rho_Whh  0.97, Omega  0.00, alpha  0.000, steps in the past 0.000, valid nll 0.311
  [diag] log10|dL/dh_t| hist bins=60 range=(-12.50,-11.50) mean=-12.00 p50=-12.00 p05=-12.00 p95=-12.00
  [diag] sat-dist hist bins=60 sat<0.05=0.0% mean=0.595 p10=0.592 p90=0.592
Iter 0007360: train nll 0.413, valid error 100.000%, best valid error 100.000%, avg grad norm   0.382, avg grad norm (post clip)   0.053, rho_Whh  0.97, Omega  0.00, alpha  0.000, steps in the past 0.000, valid nll 0.312
  [diag] log10|dL/dh_t| hist bins=60 range=(-12.50,-11.50) mean=-12.00 p50=-12.00 p05=-12.00 p95=-12.00
  [diag] sat-dist hist bins=60 sat<0.05=0.0% mean=0.598 p10=0.595 p90=0.595
Iter 0007380: train nll 0.439, valid error 100.000%, best valid error 100.000%, avg grad norm   0.431, avg grad norm (post clip)   0.053, rho_Whh  0.98, Omega  0.00, alpha  0.000, steps in the past 0.000, valid nll 0.312
  [diag] log10|dL/dh_t| hist bins=60 range=(-12.50,-11.50) mean=-12.00 p50=-12.00 p05=-12.00 p95=-12.00
  [diag] sat-dist hist bins=60 sat<0.05=0.0% mean=0.597 p10=0.594 p90=0.594
Iter 0007400: train nll 0.369, valid error 100.000%, best valid error 100.000%, avg grad norm   0.297, avg grad norm (post clip)   0.053, rho_Whh  0.98, Omega  0.00, alpha  0.000, steps in the past 0.000, valid nll 0.311
  [diag] log10|dL/dh_t| hist bins=60 range=(-12.50,-11.50) mean=-12.00 p50=-12.00 p05=-12.00 p95=-12.00
  [diag] sat-dist hist bins=60 sat<0.05=0.0% mean=0.595 p10=0.592 p90=0.592
Iter 0007420: train nll 0.356, valid error 100.000%, best valid error 100.000%, avg grad norm   0.343, avg grad norm (post clip)   0.053, rho_Whh  0.98, Omega  0.00, alpha  0.000, steps in the past 0.000, valid nll 0.311
  [diag] log10|dL/dh_t| hist bins=60 range=(-12.50,-11.50) mean=-12.00 p50=-12.00 p05=-12.00 p95=-12.00
  [diag] sat-dist hist bins=60 sat<0.05=0.0% mean=0.594 p10=0.591 p90=0.591
Iter 0007440: train nll 0.357, valid error 100.000%, best valid error 100.000%, avg grad norm   0.334, avg grad norm (post clip)   0.053, rho_Whh  0.98, Omega  0.00, alpha  0.000, steps in the past 0.000, valid nll 0.310
  [diag] log10|dL/dh_t| hist bins=60 range=(-12.50,-11.50) mean=-12.00 p50=-12.00 p05=-12.00 p95=-12.00
  [diag] sat-dist hist bins=60 sat<0.05=0.0% mean=0.595 p10=0.592 p90=0.592
Iter 0007460: train nll 0.389, valid error 100.000%, best valid error 100.000%, avg grad norm   0.342, avg grad norm (post clip)   0.053, rho_Whh  0.98, Omega  0.00, alpha  0.000, steps in the past 0.000, valid nll 0.310
  [diag] log10|dL/dh_t| hist bins=60 range=(-12.50,-11.50) mean=-12.00 p50=-12.00 p05=-12.00 p95=-12.00
  [diag] sat-dist hist bins=60 sat<0.05=0.0% mean=0.598 p10=0.595 p90=0.595
Iter 0007480: train nll 0.452, valid error 100.000%, best valid error 100.000%, avg grad norm   0.561, avg grad norm (post clip)   0.053, rho_Whh  0.98, Omega  0.00, alpha  0.000, steps in the past 0.000, valid nll 0.310
  [diag] log10|dL/dh_t| hist bins=60 range=(-12.50,-11.50) mean=-12.00 p50=-12.00 p05=-12.00 p95=-12.00
  [diag] sat-dist hist bins=60 sat<0.05=0.0% mean=0.599 p10=0.597 p90=0.597
Iter 0007500: train nll 0.399, valid error 100.000%, best valid error 100.000%, avg grad norm   0.374, avg grad norm (post clip)   0.053, rho_Whh  0.99, Omega  0.00, alpha  0.000, steps in the past 0.000, valid nll 0.310
  [diag] log10|dL/dh_t| hist bins=60 range=(-12.50,-11.50) mean=-12.00 p50=-12.00 p05=-12.00 p95=-12.00
  [diag] sat-dist hist bins=60 sat<0.05=0.0% mean=0.601 p10=0.598 p90=0.598
Iter 0007520: train nll 0.402, valid error 100.000%, best valid error 100.000%, avg grad norm   0.441, avg grad norm (post clip)   0.053, rho_Whh  0.99, Omega  0.00, alpha  0.000, steps in the past 0.000, valid nll 0.310
  [diag] log10|dL/dh_t| hist bins=60 range=(-12.50,-11.50) mean=-12.00 p50=-12.00 p05=-12.00 p95=-12.00
  [diag] sat-dist hist bins=60 sat<0.05=0.0% mean=0.601 p10=0.598 p90=0.598
Iter 0007540: train nll 0.386, valid error 100.000%, best valid error 100.000%, avg grad norm   0.370, avg grad norm (post clip)   0.053, rho_Whh  0.99, Omega  0.00, alpha  0.000, steps in the past 0.000, valid nll 0.310
  [diag] log10|dL/dh_t| hist bins=60 range=(-12.50,-11.50) mean=-12.00 p50=-12.00 p05=-12.00 p95=-12.00
  [diag] sat-dist hist bins=60 sat<0.05=0.0% mean=0.601 p10=0.598 p90=0.598
Iter 0007560: train nll 0.377, valid error 100.000%, best valid error 100.000%, avg grad norm   0.356, avg grad norm (post clip)   0.053, rho_Whh  0.99, Omega  0.00, alpha  0.000, steps in the past 0.000, valid nll 0.310
  [diag] log10|dL/dh_t| hist bins=60 range=(-12.50,-11.50) mean=-12.00 p50=-12.00 p05=-12.00 p95=-12.00
  [diag] sat-dist hist bins=60 sat<0.05=0.0% mean=0.602 p10=0.600 p90=0.600
Iter 0007580: train nll 0.409, valid error 100.000%, best valid error 100.000%, avg grad norm   0.358, avg grad norm (post clip)   0.053, rho_Whh  0.99, Omega  0.00, alpha  0.000, steps in the past 0.000, valid nll 0.310
  [diag] log10|dL/dh_t| hist bins=60 range=(-12.50,-11.50) mean=-12.00 p50=-12.00 p05=-12.00 p95=-12.00
  [diag] sat-dist hist bins=60 sat<0.05=0.0% mean=0.603 p10=0.600 p90=0.600
Iter 0007600: train nll 0.395, valid error 100.000%, best valid error 100.000%, avg grad norm   0.416, avg grad norm (post clip)   0.053, rho_Whh  1.00, Omega  0.00, alpha  0.000, steps in the past 0.000, valid nll 0.310
  [diag] log10|dL/dh_t| hist bins=60 range=(-12.50,-11.50) mean=-12.00 p50=-12.00 p05=-12.00 p95=-12.00
  [diag] sat-dist hist bins=60 sat<0.05=0.0% mean=0.603 p10=0.600 p90=0.600
Iter 0007620: train nll 0.390, valid error 100.000%, best valid error 100.000%, avg grad norm   0.472, avg grad norm (post clip)   0.053, rho_Whh  1.00, Omega  0.00, alpha  0.000, steps in the past 0.000, valid nll 0.309
  [diag] log10|dL/dh_t| hist bins=60 range=(-12.50,-11.50) mean=-12.00 p50=-12.00 p05=-12.00 p95=-12.00
  [diag] sat-dist hist bins=60 sat<0.05=0.0% mean=0.600 p10=0.597 p90=0.597
Iter 0007640: train nll 0.376, valid error 100.000%, best valid error 100.000%, avg grad norm   0.470, avg grad norm (post clip)   0.053, rho_Whh  1.00, Omega  0.00, alpha  0.000, steps in the past 0.000, valid nll 0.308
  [diag] log10|dL/dh_t| hist bins=60 range=(-12.50,-11.50) mean=-12.00 p50=-12.00 p05=-12.00 p95=-12.00
  [diag] sat-dist hist bins=60 sat<0.05=0.0% mean=0.599 p10=0.596 p90=0.596
Iter 0007660: train nll 0.385, valid error 100.000%, best valid error 100.000%, avg grad norm   0.428, avg grad norm (post clip)   0.053, rho_Whh  1.00, Omega  0.00, alpha  0.000, steps in the past 0.000, valid nll 0.307
  [diag] log10|dL/dh_t| hist bins=60 range=(-12.50,-11.50) mean=-12.00 p50=-12.00 p05=-12.00 p95=-12.00
  [diag] sat-dist hist bins=60 sat<0.05=0.0% mean=0.597 p10=0.594 p90=0.594
Iter 0007680: train nll 0.341, valid error 100.000%, best valid error 100.000%, avg grad norm   0.315, avg grad norm (post clip)   0.053, rho_Whh  1.00, Omega  0.00, alpha  0.000, steps in the past 0.000, valid nll 0.307
  [diag] log10|dL/dh_t| hist bins=60 range=(-12.50,-11.50) mean=-12.00 p50=-12.00 p05=-12.00 p95=-12.00
  [diag] sat-dist hist bins=60 sat<0.05=0.0% mean=0.602 p10=0.599 p90=0.599
Iter 0007700: train nll 0.428, valid error 100.000%, best valid error 100.000%, avg grad norm   0.529, avg grad norm (post clip)   0.053, rho_Whh  1.00, Omega  0.00, alpha  0.000, steps in the past 0.000, valid nll 0.307
  [diag] log10|dL/dh_t| hist bins=60 range=(-12.50,-11.50) mean=-12.00 p50=-12.00 p05=-12.00 p95=-12.00
  [diag] sat-dist hist bins=60 sat<0.05=0.0% mean=0.599 p10=0.597 p90=0.597
Iter 0007720: train nll 0.351, valid error 100.000%, best valid error 100.000%, avg grad norm   0.361, avg grad norm (post clip)   0.053, rho_Whh  1.01, Omega  0.00, alpha  0.000, steps in the past 0.000, valid nll 0.306
  [diag] log10|dL/dh_t| hist bins=60 range=(-12.50,-11.50) mean=-12.00 p50=-12.00 p05=-12.00 p95=-12.00
  [diag] sat-dist hist bins=60 sat<0.05=0.0% mean=0.599 p10=0.596 p90=0.596
Iter 0007740: train nll 0.361, valid error 100.000%, best valid error 100.000%, avg grad norm   0.323, avg grad norm (post clip)   0.053, rho_Whh  1.01, Omega  0.00, alpha  0.000, steps in the past 0.000, valid nll 0.306
  [diag] log10|dL/dh_t| hist bins=60 range=(-12.50,-11.50) mean=-12.00 p50=-12.00 p05=-12.00 p95=-12.00
  [diag] sat-dist hist bins=60 sat<0.05=0.0% mean=0.601 p10=0.599 p90=0.599
Iter 0007760: train nll 0.380, valid error 100.000%, best valid error 100.000%, avg grad norm   0.453, avg grad norm (post clip)   0.053, rho_Whh  1.01, Omega  0.00, alpha  0.000, steps in the past 0.000, valid nll 0.306
  [diag] log10|dL/dh_t| hist bins=60 range=(-12.50,-11.50) mean=-12.00 p50=-12.00 p05=-12.00 p95=-12.00
  [diag] sat-dist hist bins=60 sat<0.05=0.0% mean=0.602 p10=0.600 p90=0.600
Iter 0007780: train nll 0.377, valid error 100.000%, best valid error 100.000%, avg grad norm   0.412, avg grad norm (post clip)   0.053, rho_Whh  1.01, Omega  0.00, alpha  0.000, steps in the past 0.000, valid nll 0.305
  [diag] log10|dL/dh_t| hist bins=60 range=(-12.50,-11.50) mean=-12.00 p50=-12.00 p05=-12.00 p95=-12.00
  [diag] sat-dist hist bins=60 sat<0.05=0.0% mean=0.601 p10=0.599 p90=0.599
Iter 0007800: train nll 0.371, valid error 100.000%, best valid error 100.000%, avg grad norm   0.464, avg grad norm (post clip)   0.053, rho_Whh  1.01, Omega  0.00, alpha  0.000, steps in the past 0.000, valid nll 0.305
  [diag] log10|dL/dh_t| hist bins=60 range=(-12.50,-11.50) mean=-12.00 p50=-12.00 p05=-12.00 p95=-12.00
  [diag] sat-dist hist bins=60 sat<0.05=0.0% mean=0.598 p10=0.595 p90=0.595
Iter 0007820: train nll 0.332, valid error 100.000%, best valid error 100.000%, avg grad norm   0.396, avg grad norm (post clip)   0.053, rho_Whh  1.01, Omega  0.00, alpha  0.000, steps in the past 0.000, valid nll 0.304
  [diag] log10|dL/dh_t| hist bins=60 range=(-12.50,-11.50) mean=-12.00 p50=-12.00 p05=-12.00 p95=-12.00
  [diag] sat-dist hist bins=60 sat<0.05=0.0% mean=0.602 p10=0.599 p90=0.599
Iter 0007840: train nll 0.388, valid error 100.000%, best valid error 100.000%, avg grad norm   0.460, avg grad norm (post clip)   0.053, rho_Whh  1.02, Omega  0.00, alpha  0.000, steps in the past 0.000, valid nll 0.304
  [diag] log10|dL/dh_t| hist bins=60 range=(-12.50,-11.50) mean=-12.00 p50=-12.00 p05=-12.00 p95=-12.00
  [diag] sat-dist hist bins=60 sat<0.05=0.0% mean=0.600 p10=0.597 p90=0.598
Iter 0007860: train nll 0.362, valid error 100.000%, best valid error 100.000%, avg grad norm   0.416, avg grad norm (post clip)   0.053, rho_Whh  1.02, Omega  0.00, alpha  0.000, steps in the past 0.000, valid nll 0.303
  [diag] log10|dL/dh_t| hist bins=60 range=(-12.50,-11.50) mean=-12.00 p50=-12.00 p05=-12.00 p95=-12.00
  [diag] sat-dist hist bins=60 sat<0.05=0.0% mean=0.600 p10=0.597 p90=0.597
Iter 0007880: train nll 0.372, valid error 100.000%, best valid error 100.000%, avg grad norm   0.491, avg grad norm (post clip)   0.053, rho_Whh  1.02, Omega  0.00, alpha  0.000, steps in the past 0.000, valid nll 0.303
  [diag] log10|dL/dh_t| hist bins=60 range=(-12.50,-11.50) mean=-12.00 p50=-12.00 p05=-12.00 p95=-12.00
  [diag] sat-dist hist bins=60 sat<0.05=0.0% mean=0.601 p10=0.599 p90=0.599
Iter 0007900: train nll 0.358, valid error 100.000%, best valid error 100.000%, avg grad norm   0.418, avg grad norm (post clip)   0.053, rho_Whh  1.02, Omega  0.00, alpha  0.000, steps in the past 0.000, valid nll 0.302
  [diag] log10|dL/dh_t| hist bins=60 range=(-12.50,-11.50) mean=-12.00 p50=-12.00 p05=-12.00 p95=-12.00
  [diag] sat-dist hist bins=60 sat<0.05=0.0% mean=0.599 p10=0.597 p90=0.597
Iter 0007920: train nll 0.349, valid error 100.000%, best valid error 100.000%, avg grad norm   0.512, avg grad norm (post clip)   0.053, rho_Whh  1.02, Omega  0.00, alpha  0.000, steps in the past 0.000, valid nll 0.302
  [diag] log10|dL/dh_t| hist bins=60 range=(-12.50,-11.50) mean=-12.00 p50=-12.00 p05=-12.00 p95=-12.00
  [diag] sat-dist hist bins=60 sat<0.05=0.0% mean=0.601 p10=0.599 p90=0.599
Iter 0007940: train nll 0.370, valid error 100.000%, best valid error 100.000%, avg grad norm   0.579, avg grad norm (post clip)   0.053, rho_Whh  1.03, Omega  0.00, alpha  0.000, steps in the past 0.000, valid nll 0.301
  [diag] log10|dL/dh_t| hist bins=60 range=(-12.50,-11.50) mean=-12.00 p50=-12.00 p05=-12.00 p95=-12.00
  [diag] sat-dist hist bins=60 sat<0.05=0.0% mean=0.600 p10=0.598 p90=0.598
Iter 0007960: train nll 0.358, valid error 100.000%, best valid error 100.000%, avg grad norm   0.550, avg grad norm (post clip)   0.053, rho_Whh  1.03, Omega  0.00, alpha  0.000, steps in the past 0.000, valid nll 0.301
  [diag] log10|dL/dh_t| hist bins=60 range=(-12.50,-11.50) mean=-12.00 p50=-12.00 p05=-12.00 p95=-12.00
  [diag] sat-dist hist bins=60 sat<0.05=0.0% mean=0.602 p10=0.600 p90=0.600
Iter 0007980: train nll 0.371, valid error 100.000%, best valid error 100.000%, avg grad norm   0.579, avg grad norm (post clip)   0.053, rho_Whh  1.03, Omega  0.00, alpha  0.000, steps in the past 0.000, valid nll 0.301
  [diag] log10|dL/dh_t| hist bins=60 range=(-12.50,-11.50) mean=-12.00 p50=-12.00 p05=-12.00 p95=-12.00
  [diag] sat-dist hist bins=60 sat<0.05=0.0% mean=0.602 p10=0.600 p90=0.600
Iter 0008000: train nll 0.368, valid error 100.000%, best valid error 100.000%, avg grad norm   0.597, avg grad norm (post clip)   0.053, rho_Whh  1.03, Omega  0.00, alpha  0.000, steps in the past 0.000, valid nll 0.300
  [diag] log10|dL/dh_t| hist bins=60 range=(-12.50,-11.50) mean=-12.00 p50=-12.00 p05=-12.00 p95=-12.00
  [diag] sat-dist hist bins=60 sat<0.05=0.0% mean=0.603 p10=0.601 p90=0.601
Iter 0008020: train nll 0.362, valid error 100.000%, best valid error 100.000%, avg grad norm   0.560, avg grad norm (post clip)   0.053, rho_Whh  1.03, Omega  0.00, alpha  0.000, steps in the past 0.000, valid nll 0.300
  [diag] log10|dL/dh_t| hist bins=60 range=(-12.50,-11.50) mean=-12.00 p50=-12.00 p05=-12.00 p95=-12.00
  [diag] sat-dist hist bins=60 sat<0.05=0.0% mean=0.604 p10=0.602 p90=0.602
Iter 0008040: train nll 0.378, valid error 100.000%, best valid error 100.000%, avg grad norm   0.653, avg grad norm (post clip)   0.053, rho_Whh  1.03, Omega  0.00, alpha  0.000, steps in the past 0.000, valid nll 0.299
  [diag] log10|dL/dh_t| hist bins=60 range=(-12.50,-11.50) mean=-12.00 p50=-12.00 p05=-12.00 p95=-12.00
  [diag] sat-dist hist bins=60 sat<0.05=0.0% mean=0.605 p10=0.603 p90=0.603
Iter 0008060: train nll 0.366, valid error 100.000%, best valid error 100.000%, avg grad norm   0.637, avg grad norm (post clip)   0.053, rho_Whh  1.04, Omega  0.00, alpha  0.000, steps in the past 0.000, valid nll 0.299
  [diag] log10|dL/dh_t| hist bins=60 range=(-12.50,-11.50) mean=-12.00 p50=-12.00 p05=-12.00 p95=-12.00
  [diag] sat-dist hist bins=60 sat<0.05=0.0% mean=0.606 p10=0.604 p90=0.604
Iter 0008080: train nll 0.354, valid error 100.000%, best valid error 100.000%, avg grad norm   0.577, avg grad norm (post clip)   0.053, rho_Whh  1.04, Omega  0.00, alpha  0.000, steps in the past 0.000, valid nll 0.299
  [diag] log10|dL/dh_t| hist bins=60 range=(-12.50,-11.50) mean=-12.00 p50=-12.00 p05=-12.00 p95=-12.00
  [diag] sat-dist hist bins=60 sat<0.05=0.0% mean=0.605 p10=0.603 p90=0.604
Iter 0008100: train nll 0.363, valid error 100.000%, best valid error 100.000%, avg grad norm   0.645, avg grad norm (post clip)   0.053, rho_Whh  1.04, Omega  0.00, alpha  0.000, steps in the past 0.000, valid nll 0.298
  [diag] log10|dL/dh_t| hist bins=60 range=(-12.50,-11.50) mean=-12.00 p50=-12.00 p05=-12.00 p95=-12.00
  [diag] sat-dist hist bins=60 sat<0.05=0.0% mean=0.601 p10=0.599 p90=0.599
Iter 0008120: train nll 0.335, valid error 100.000%, best valid error 100.000%, avg grad norm   0.607, avg grad norm (post clip)   0.053, rho_Whh  1.04, Omega  0.00, alpha  0.000, steps in the past 0.000, valid nll 0.297
  [diag] log10|dL/dh_t| hist bins=60 range=(-12.50,-11.50) mean=-12.00 p50=-12.00 p05=-12.00 p95=-12.00
  [diag] sat-dist hist bins=60 sat<0.05=0.0% mean=0.602 p10=0.600 p90=0.600
Iter 0008140: train nll 0.355, valid error 100.000%, best valid error 100.000%, avg grad norm   0.663, avg grad norm (post clip)   0.053, rho_Whh  1.04, Omega  0.00, alpha  0.000, steps in the past 0.000, valid nll 0.297
  [diag] log10|dL/dh_t| hist bins=60 range=(-12.50,-11.50) mean=-12.00 p50=-12.00 p05=-12.00 p95=-12.00
  [diag] sat-dist hist bins=60 sat<0.05=0.0% mean=0.605 p10=0.603 p90=0.603
Iter 0008160: train nll 0.367, valid error 100.000%, best valid error 100.000%, avg grad norm   0.733, avg grad norm (post clip)   0.053, rho_Whh  1.04, Omega  0.00, alpha  0.000, steps in the past 0.000, valid nll 0.297
  [diag] log10|dL/dh_t| hist bins=60 range=(-12.50,-11.50) mean=-12.00 p50=-12.00 p05=-12.00 p95=-12.00
  [diag] sat-dist hist bins=60 sat<0.05=0.0% mean=0.600 p10=0.598 p90=0.598
Iter 0008180: train nll 0.329, valid error 100.000%, best valid error 100.000%, avg grad norm   0.602, avg grad norm (post clip)   0.053, rho_Whh  1.04, Omega  0.00, alpha  0.000, steps in the past 0.000, valid nll 0.296
  [diag] log10|dL/dh_t| hist bins=60 range=(-12.50,-11.50) mean=-12.00 p50=-12.00 p05=-12.00 p95=-12.00
  [diag] sat-dist hist bins=60 sat<0.05=0.0% mean=0.598 p10=0.595 p90=0.596
Iter 0008200: train nll 0.346, valid error 100.000%, best valid error 100.000%, avg grad norm   0.739, avg grad norm (post clip)   0.053, rho_Whh  1.05, Omega  0.00, alpha  0.000, steps in the past 0.000, valid nll 0.295
  [diag] log10|dL/dh_t| hist bins=60 range=(-12.50,-11.50) mean=-12.00 p50=-12.00 p05=-12.00 p95=-12.00
  [diag] sat-dist hist bins=60 sat<0.05=0.0% mean=0.604 p10=0.602 p90=0.602
Iter 0008220: train nll 0.353, valid error 100.000%, best valid error 100.000%, avg grad norm   0.680, avg grad norm (post clip)   0.053, rho_Whh  1.05, Omega  0.00, alpha  0.000, steps in the past 0.000, valid nll 0.295
  [diag] log10|dL/dh_t| hist bins=60 range=(-12.50,-11.50) mean=-12.00 p50=-12.00 p05=-12.00 p95=-12.00
  [diag] sat-dist hist bins=60 sat<0.05=0.0% mean=0.607 p10=0.606 p90=0.606
Iter 0008240: train nll 0.346, valid error 100.000%, best valid error 100.000%, avg grad norm   0.468, avg grad norm (post clip)   0.053, rho_Whh  1.05, Omega  0.00, alpha  0.000, steps in the past 0.000, valid nll 0.295
  [diag] log10|dL/dh_t| hist bins=60 range=(-12.50,-11.50) mean=-12.00 p50=-12.00 p05=-12.00 p95=-12.00
  [diag] sat-dist hist bins=60 sat<0.05=0.0% mean=0.607 p10=0.605 p90=0.606
Iter 0008260: train nll 0.346, valid error 100.000%, best valid error 100.000%, avg grad norm   0.764, avg grad norm (post clip)   0.053, rho_Whh  1.05, Omega  0.00, alpha  0.000, steps in the past 0.000, valid nll 0.294
  [diag] log10|dL/dh_t| hist bins=60 range=(-12.50,-11.50) mean=-12.00 p50=-12.00 p05=-12.00 p95=-12.00
  [diag] sat-dist hist bins=60 sat<0.05=0.0% mean=0.603 p10=0.600 p90=0.601
Iter 0008280: train nll 0.335, valid error 100.000%, best valid error 100.000%, avg grad norm   0.707, avg grad norm (post clip)   0.053, rho_Whh  1.05, Omega  0.00, alpha  0.000, steps in the past 0.000, valid nll 0.293
  [diag] log10|dL/dh_t| hist bins=60 range=(-12.50,-11.50) mean=-12.00 p50=-12.00 p05=-12.00 p95=-12.00
  [diag] sat-dist hist bins=60 sat<0.05=0.0% mean=0.601 p10=0.598 p90=0.599
Iter 0008300: train nll 0.310, valid error 100.000%, best valid error 100.000%, avg grad norm   0.554, avg grad norm (post clip)   0.053, rho_Whh  1.06, Omega  0.00, alpha  0.000, steps in the past 0.000, valid nll 0.292
  [diag] log10|dL/dh_t| hist bins=60 range=(-12.50,-11.50) mean=-12.00 p50=-12.00 p05=-12.00 p95=-12.00
  [diag] sat-dist hist bins=60 sat<0.05=0.0% mean=0.604 p10=0.602 p90=0.603
Iter 0008320: train nll 0.346, valid error 100.000%, best valid error 100.000%, avg grad norm   0.776, avg grad norm (post clip)   0.053, rho_Whh  1.06, Omega  0.00, alpha  0.000, steps in the past 0.000, valid nll 0.291
  [diag] log10|dL/dh_t| hist bins=60 range=(-12.50,-11.50) mean=-12.00 p50=-12.00 p05=-12.00 p95=-12.00
  [diag] sat-dist hist bins=60 sat<0.05=0.0% mean=0.603 p10=0.600 p90=0.602
Iter 0008340: train nll 0.351, valid error 100.000%, best valid error 100.000%, avg grad norm   0.909, avg grad norm (post clip)   0.053, rho_Whh  1.06, Omega  0.00, alpha  0.000, steps in the past 0.000, valid nll 0.291
  [diag] log10|dL/dh_t| hist bins=60 range=(-12.50,-11.50) mean=-12.00 p50=-12.00 p05=-12.00 p95=-12.00
  [diag] sat-dist hist bins=60 sat<0.05=0.0% mean=0.608 p10=0.605 p90=0.607
Iter 0008360: train nll 0.364, valid error 100.000%, best valid error 100.000%, avg grad norm   0.979, avg grad norm (post clip)   0.053, rho_Whh  1.06, Omega  0.00, alpha  0.000, steps in the past 0.000, valid nll 0.291
  [diag] log10|dL/dh_t| hist bins=60 range=(-12.50,-11.50) mean=-12.00 p50=-12.00 p05=-12.00 p95=-12.00
  [diag] sat-dist hist bins=60 sat<0.05=0.0% mean=0.610 p10=0.608 p90=0.610
Iter 0008380: train nll 0.353, valid error 100.000%, best valid error 100.000%, avg grad norm   0.834, avg grad norm (post clip)   0.053, rho_Whh  1.06, Omega  0.00, alpha  0.000, steps in the past 0.000, valid nll 0.290
  [diag] log10|dL/dh_t| hist bins=60 range=(-12.50,-11.50) mean=-12.00 p50=-12.00 p05=-12.00 p95=-12.00
  [diag] sat-dist hist bins=60 sat<0.05=0.0% mean=0.608 p10=0.605 p90=0.608
Iter 0008400: train nll 0.344, valid error 100.000%, best valid error 100.000%, avg grad norm   0.852, avg grad norm (post clip)   0.053, rho_Whh  1.06, Omega  0.00, alpha  0.000, steps in the past 0.000, valid nll 0.289
  [diag] log10|dL/dh_t| hist bins=60 range=(-12.50,-11.50) mean=-12.00 p50=-12.00 p05=-12.00 p95=-12.00
  [diag] sat-dist hist bins=60 sat<0.05=0.0% mean=0.612 p10=0.609 p90=0.611
Iter 0008420: train nll 0.364, valid error 100.000%, best valid error 100.000%, avg grad norm   0.896, avg grad norm (post clip)   0.053, rho_Whh  1.07, Omega  0.00, alpha  0.000, steps in the past 0.000, valid nll 0.289
  [diag] log10|dL/dh_t| hist bins=60 range=(-12.50,-11.50) mean=-12.00 p50=-12.00 p05=-12.00 p95=-12.00
  [diag] sat-dist hist bins=60 sat<0.05=0.0% mean=0.614 p10=0.611 p90=0.614
Iter 0008440: train nll 0.374, valid error 100.000%, best valid error 100.000%, avg grad norm   1.200, avg grad norm (post clip)   0.053, rho_Whh  1.07, Omega  0.00, alpha  0.000, steps in the past 0.000, valid nll 0.289
  [diag] log10|dL/dh_t| hist bins=60 range=(-12.50,-11.50) mean=-12.00 p50=-12.00 p05=-12.00 p95=-12.00
  [diag] sat-dist hist bins=60 sat<0.05=0.0% mean=0.611 p10=0.608 p90=0.611
Iter 0008460: train nll 0.337, valid error 100.000%, best valid error 100.000%, avg grad norm   0.921, avg grad norm (post clip)   0.053, rho_Whh  1.07, Omega  0.00, alpha  0.000, steps in the past 0.000, valid nll 0.288
  [diag] log10|dL/dh_t| hist bins=60 range=(-12.50,-11.50) mean=-12.00 p50=-12.00 p05=-12.00 p95=-12.00
  [diag] sat-dist hist bins=60 sat<0.05=0.0% mean=0.611 p10=0.607 p90=0.611
Iter 0008480: train nll 0.357, valid error 100.000%, best valid error 100.000%, avg grad norm   1.056, avg grad norm (post clip)   0.053, rho_Whh  1.07, Omega  0.00, alpha  0.000, steps in the past 0.000, valid nll 0.287
  [diag] log10|dL/dh_t| hist bins=60 range=(-12.50,-11.50) mean=-12.00 p50=-12.00 p05=-12.00 p95=-12.00
  [diag] sat-dist hist bins=60 sat<0.05=0.0% mean=0.608 p10=0.603 p90=0.608
Iter 0008500: train nll 0.333, valid error 100.000%, best valid error 100.000%, avg grad norm   0.967, avg grad norm (post clip)   0.053, rho_Whh  1.07, Omega  0.00, alpha  0.000, steps in the past 0.000, valid nll 0.286
  [diag] log10|dL/dh_t| hist bins=60 range=(-12.50,-11.50) mean=-12.00 p50=-12.00 p05=-12.00 p95=-12.00
  [diag] sat-dist hist bins=60 sat<0.05=0.0% mean=0.608 p10=0.603 p90=0.608
Iter 0008520: train nll 0.354, valid error 100.000%, best valid error 100.000%, avg grad norm   1.198, avg grad norm (post clip)   0.053, rho_Whh  1.07, Omega  0.00, alpha  0.000, steps in the past 0.000, valid nll 0.285
  [diag] log10|dL/dh_t| hist bins=60 range=(-12.50,-11.50) mean=-12.00 p50=-12.00 p05=-12.00 p95=-12.00
  [diag] sat-dist hist bins=60 sat<0.05=0.0% mean=0.606 p10=0.601 p90=0.606
Iter 0008540: train nll 0.348, valid error 100.000%, best valid error 100.000%, avg grad norm   1.248, avg grad norm (post clip)   0.053, rho_Whh  1.07, Omega  0.00, alpha  0.000, steps in the past 0.000, valid nll 0.284
  [diag] log10|dL/dh_t| hist bins=60 range=(-12.50,-11.50) mean=-12.00 p50=-12.00 p05=-12.00 p95=-12.00
  [diag] sat-dist hist bins=60 sat<0.05=0.0% mean=0.603 p10=0.597 p90=0.603
Iter 0008560: train nll 0.307, valid error 100.000%, best valid error 100.000%, avg grad norm   0.913, avg grad norm (post clip)   0.053, rho_Whh  1.08, Omega  0.00, alpha  0.000, steps in the past 0.000, valid nll 0.283
  [diag] log10|dL/dh_t| hist bins=60 range=(-12.50,-11.50) mean=-12.00 p50=-12.00 p05=-12.00 p95=-12.00
  [diag] sat-dist hist bins=60 sat<0.05=0.0% mean=0.607 p10=0.600 p90=0.607
Iter 0008580: train nll 0.325, valid error 100.000%, best valid error 100.000%, avg grad norm   0.991, avg grad norm (post clip)   0.053, rho_Whh  1.08, Omega  0.00, alpha  0.000, steps in the past 0.000, valid nll 0.282
  [diag] log10|dL/dh_t| hist bins=60 range=(-12.50,-11.50) mean=-12.00 p50=-12.00 p05=-12.00 p95=-12.00
  [diag] sat-dist hist bins=60 sat<0.05=0.0% mean=0.612 p10=0.605 p90=0.612
Iter 0008600: train nll 0.355, valid error 100.000%, best valid error 100.000%, avg grad norm   1.436, avg grad norm (post clip)   0.053, rho_Whh  1.08, Omega  0.00, alpha  0.000, steps in the past 0.000, valid nll 0.282
  [diag] log10|dL/dh_t| hist bins=60 range=(-12.50,-11.50) mean=-12.00 p50=-12.00 p05=-12.00 p95=-12.00
  [diag] sat-dist hist bins=60 sat<0.05=0.0% mean=0.613 p10=0.605 p90=0.614
Iter 0008620: train nll 0.349, valid error 100.000%, best valid error 100.000%, avg grad norm   1.437, avg grad norm (post clip)   0.053, rho_Whh  1.08, Omega  0.00, alpha  0.000, steps in the past 0.000, valid nll 0.282
  [diag] log10|dL/dh_t| hist bins=60 range=(-12.50,-11.50) mean=-12.00 p50=-12.00 p05=-12.00 p95=-12.00
  [diag] sat-dist hist bins=60 sat<0.05=0.0% mean=0.609 p10=0.600 p90=0.610
Iter 0008640: train nll 0.312, valid error 100.000%, best valid error 100.000%, avg grad norm   1.060, avg grad norm (post clip)   0.053, rho_Whh  1.08, Omega  0.00, alpha  0.000, steps in the past 0.000, valid nll 0.280
  [diag] log10|dL/dh_t| hist bins=60 range=(-12.50,-11.50) mean=-12.00 p50=-12.00 p05=-12.00 p95=-12.00
  [diag] sat-dist hist bins=60 sat<0.05=0.0% mean=0.615 p10=0.605 p90=0.616
Iter 0008660: train nll 0.342, valid error 100.000%, best valid error 100.000%, avg grad norm   1.468, avg grad norm (post clip)   0.053, rho_Whh  1.08, Omega  0.00, alpha  0.000, steps in the past 0.000, valid nll 0.280
  [diag] log10|dL/dh_t| hist bins=60 range=(-12.50,-11.50) mean=-12.00 p50=-12.00 p05=-12.00 p95=-12.00
  [diag] sat-dist hist bins=60 sat<0.05=0.0% mean=0.614 p10=0.602 p90=0.615
Iter 0008680: train nll 0.355, valid error 100.000%, best valid error 100.000%, avg grad norm   1.533, avg grad norm (post clip)   0.053, rho_Whh  1.09, Omega  0.00, alpha  0.000, steps in the past 0.000, valid nll 0.279
  [diag] log10|dL/dh_t| hist bins=60 range=(-12.50,-11.50) mean=-12.00 p50=-12.00 p05=-12.00 p95=-12.00
  [diag] sat-dist hist bins=60 sat<0.05=0.0% mean=0.608 p10=0.595 p90=0.609
Iter 0008700: train nll 0.310, valid error 100.000%, best valid error 100.000%, avg grad norm   1.654, avg grad norm (post clip)   0.053, rho_Whh  1.09, Omega  0.00, alpha  0.000, steps in the past 0.000, valid nll 0.277
  [diag] log10|dL/dh_t| hist bins=60 range=(-12.50,-11.50) mean=-12.00 p50=-12.00 p05=-12.00 p95=-12.00
  [diag] sat-dist hist bins=60 sat<0.05=0.0% mean=0.614 p10=0.600 p90=0.616
Iter 0008720: train nll 0.357, valid error 100.000%, best valid error 100.000%, avg grad norm   1.740, avg grad norm (post clip)   0.053, rho_Whh  1.09, Omega  0.00, alpha  0.000, steps in the past 0.000, valid nll 0.277
  [diag] log10|dL/dh_t| hist bins=60 range=(-12.50,-11.50) mean=-12.00 p50=-12.00 p05=-12.00 p95=-12.00
  [diag] sat-dist hist bins=60 sat<0.05=0.0% mean=0.612 p10=0.597 p90=0.614
Iter 0008740: train nll 0.345, valid error 100.000%, best valid error 100.000%, avg grad norm   2.098, avg grad norm (post clip)   0.053, rho_Whh  1.09, Omega  0.00, alpha  0.000, steps in the past 0.000, valid nll 0.276
  [diag] log10|dL/dh_t| hist bins=60 range=(-12.50,-11.50) mean=-12.00 p50=-12.00 p05=-12.00 p95=-12.00
  [diag] sat-dist hist bins=60 sat<0.05=0.0% mean=0.614 p10=0.598 p90=0.617
Iter 0008760: train nll 0.340, valid error 100.000%, best valid error 100.000%, avg grad norm   2.062, avg grad norm (post clip)   0.053, rho_Whh  1.09, Omega  0.00, alpha  0.000, steps in the past 0.000, valid nll 0.276
  [diag] log10|dL/dh_t| hist bins=60 range=(-12.50,-11.50) mean=-12.00 p50=-12.00 p05=-12.00 p95=-12.00
  [diag] sat-dist hist bins=60 sat<0.05=0.0% mean=0.617 p10=0.599 p90=0.620
Iter 0008780: train nll 0.356, valid error 100.000%, best valid error 100.000%, avg grad norm   2.236, avg grad norm (post clip)   0.053, rho_Whh  1.09, Omega  0.00, alpha  0.000, steps in the past 0.000, valid nll 0.276
  [diag] log10|dL/dh_t| hist bins=60 range=(-12.50,-11.50) mean=-12.00 p50=-12.00 p05=-12.00 p95=-12.00
  [diag] sat-dist hist bins=60 sat<0.05=0.0% mean=0.615 p10=0.596 p90=0.619
Iter 0008800: train nll 0.341, valid error 100.000%, best valid error 100.000%, avg grad norm   2.496, avg grad norm (post clip)   0.053, rho_Whh  1.09, Omega  0.00, alpha  0.000, steps in the past 0.000, valid nll 0.274
  [diag] log10|dL/dh_t| hist bins=60 range=(-12.50,-11.50) mean=-12.00 p50=-12.00 p05=-12.00 p95=-12.00
  [diag] sat-dist hist bins=60 sat<0.05=0.0% mean=0.617 p10=0.597 p90=0.621
Iter 0008820: train nll 0.339, valid error 100.000%, best valid error 100.000%, avg grad norm   2.558, avg grad norm (post clip)   0.053, rho_Whh  1.09, Omega  0.00, alpha  0.000, steps in the past 0.000, valid nll 0.274
  [diag] log10|dL/dh_t| hist bins=60 range=(-12.50,-11.50) mean=-12.00 p50=-12.00 p05=-12.00 p95=-12.00
  [diag] sat-dist hist bins=60 sat<0.05=0.0% mean=0.619 p10=0.597 p90=0.624
Iter 0008840: train nll 0.350, valid error 100.000%, best valid error 100.000%, avg grad norm   2.709, avg grad norm (post clip)   0.053, rho_Whh  1.10, Omega  0.00, alpha  0.000, steps in the past 0.000, valid nll 0.274
  [diag] log10|dL/dh_t| hist bins=60 range=(-12.50,-11.50) mean=-12.00 p50=-12.00 p05=-12.00 p95=-12.00
  [diag] sat-dist hist bins=60 sat<0.05=0.0% mean=0.618 p10=0.594 p90=0.623
Iter 0008860: train nll 0.353, valid error 100.000%, best valid error 100.000%, avg grad norm   3.181, avg grad norm (post clip)   0.053, rho_Whh  1.10, Omega  0.00, alpha  0.000, steps in the past 0.000, valid nll 0.273
  [diag] log10|dL/dh_t| hist bins=60 range=(-12.50,-11.50) mean=-12.00 p50=-12.00 p05=-12.00 p95=-12.00
  [diag] sat-dist hist bins=60 sat<0.05=0.0% mean=0.627 p10=0.602 p90=0.633
Iter 0008880: train nll 0.356, valid error 100.000%, best valid error 100.000%, avg grad norm   2.754, avg grad norm (post clip)   0.053, rho_Whh  1.10, Omega  0.00, alpha  0.000, steps in the past 0.000, valid nll 0.280
  [diag] log10|dL/dh_t| hist bins=60 range=(-12.50,-11.50) mean=-12.00 p50=-12.00 p05=-12.00 p95=-12.00
  [diag] sat-dist hist bins=60 sat<0.05=0.0% mean=0.622 p10=0.594 p90=0.628
Iter 0008900: train nll 0.336, valid error 100.000%, best valid error 100.000%, avg grad norm   3.993, avg grad norm (post clip)   0.053, rho_Whh  1.10, Omega  0.00, alpha  0.000, steps in the past 0.000, valid nll 0.273
  [diag] log10|dL/dh_t| hist bins=60 range=(-12.50,-11.50) mean=-12.00 p50=-12.00 p05=-12.00 p95=-12.00
  [diag] sat-dist hist bins=60 sat<0.05=0.0% mean=0.614 p10=0.583 p90=0.620
Iter 0008920: train nll 0.324, valid error 100.000%, best valid error 100.000%, avg grad norm   3.132, avg grad norm (post clip)   0.053, rho_Whh  1.10, Omega  0.00, alpha  0.000, steps in the past 0.000, valid nll 0.268
  [diag] log10|dL/dh_t| hist bins=60 range=(-12.50,-11.50) mean=-12.00 p50=-12.00 p05=-12.00 p95=-12.00
  [diag] sat-dist hist bins=60 sat<0.05=0.0% mean=0.615 p10=0.583 p90=0.622
Iter 0008940: train nll 0.298, valid error 100.000%, best valid error 100.000%, avg grad norm   3.664, avg grad norm (post clip)   0.053, rho_Whh  1.10, Omega  0.00, alpha  0.000, steps in the past 0.000, valid nll 0.267
  [diag] log10|dL/dh_t| hist bins=60 range=(-12.50,-11.50) mean=-12.00 p50=-12.00 p05=-12.00 p95=-12.00
  [diag] sat-dist hist bins=60 sat<0.05=0.0% mean=0.606 p10=0.574 p90=0.613
Iter 0008960: train nll 0.282, valid error 100.000%, best valid error 100.000%, avg grad norm   3.040, avg grad norm (post clip)   0.053, rho_Whh  1.10, Omega  0.00, alpha  0.000, steps in the past 0.000, valid nll 0.265
  [diag] log10|dL/dh_t| hist bins=60 range=(-12.50,-11.50) mean=-12.00 p50=-12.00 p05=-12.00 p95=-12.00
  [diag] sat-dist hist bins=60 sat<0.05=0.0% mean=0.611 p10=0.575 p90=0.620
Iter 0008980: train nll 0.322, valid error 100.000%, best valid error 100.000%, avg grad norm   4.859, avg grad norm (post clip)   0.053, rho_Whh  1.10, Omega  0.00, alpha  0.000, steps in the past 0.000, valid nll 0.263
  [diag] log10|dL/dh_t| hist bins=60 range=(-12.50,-11.50) mean=-12.00 p50=-12.00 p05=-12.00 p95=-12.00
  [diag] sat-dist hist bins=60 sat<0.05=0.0% mean=0.620 p10=0.580 p90=0.631
Iter 0009000: train nll 0.313, valid error 100.000%, best valid error 100.000%, avg grad norm   4.949, avg grad norm (post clip)   0.053, rho_Whh  1.10, Omega  0.00, alpha  0.000, steps in the past 0.000, valid nll 0.266
  [diag] log10|dL/dh_t| hist bins=60 range=(-12.50,-11.50) mean=-12.00 p50=-12.00 p05=-12.00 p95=-12.00
  [diag] sat-dist hist bins=60 sat<0.05=0.0% mean=0.593 p10=0.563 p90=0.601
Iter 0009020: train nll 0.314, valid error 100.000%, best valid error 100.000%, avg grad norm   5.710, avg grad norm (post clip)   0.053, rho_Whh  1.10, Omega  0.00, alpha  0.000, steps in the past 0.000, valid nll 0.263
  [diag] log10|dL/dh_t| hist bins=60 range=(-12.50,-11.50) mean=-12.00 p50=-12.00 p05=-12.00 p95=-12.00
  [diag] sat-dist hist bins=60 sat<0.05=0.0% mean=0.620 p10=0.575 p90=0.634
Iter 0009040: train nll 0.337, valid error 100.000%, best valid error 100.000%, avg grad norm   7.608, avg grad norm (post clip)   0.053, rho_Whh  1.11, Omega  0.00, alpha  0.000, steps in the past 0.000, valid nll 0.264
  [diag] log10|dL/dh_t| hist bins=60 range=(-12.50,-11.50) mean=-12.00 p50=-12.00 p05=-12.00 p95=-12.00
  [diag] sat-dist hist bins=60 sat<0.05=0.0% mean=0.625 p10=0.575 p90=0.640
Iter 0009060: train nll 0.314, valid error 100.000%, best valid error 100.000%, avg grad norm   5.977, avg grad norm (post clip)   0.053, rho_Whh  1.11, Omega  0.00, alpha  0.000, steps in the past 0.000, valid nll 0.267
  [diag] log10|dL/dh_t| hist bins=60 range=(-12.50,-11.50) mean=-12.00 p50=-12.00 p05=-12.00 p95=-12.00
  [diag] sat-dist hist bins=60 sat<0.05=0.0% mean=0.609 p10=0.563 p90=0.626
Iter 0009080: train nll 0.318, valid error 100.000%, best valid error 100.000%, avg grad norm  10.264, avg grad norm (post clip)   0.053, rho_Whh  1.11, Omega  0.00, alpha  0.000, steps in the past 0.000, valid nll 0.255
  [diag] log10|dL/dh_t| hist bins=60 range=(-12.50,-11.50) mean=-12.00 p50=-12.00 p05=-12.00 p95=-12.00
  [diag] sat-dist hist bins=60 sat<0.05=0.0% mean=0.604 p10=0.560 p90=0.622
Iter 0009100: train nll 0.292, valid error 100.000%, best valid error 100.000%, avg grad norm   9.843, avg grad norm (post clip)   0.053, rho_Whh  1.11, Omega  0.00, alpha  0.000, steps in the past 0.000, valid nll 0.254
  [diag] log10|dL/dh_t| hist bins=60 range=(-12.50,-11.50) mean=-12.00 p50=-12.00 p05=-12.00 p95=-12.00
  [diag] sat-dist hist bins=60 sat<0.05=0.0% mean=0.612 p10=0.561 p90=0.633
Iter 0009120: train nll 0.290, valid error 100.000%, best valid error 100.000%, avg grad norm   8.843, avg grad norm (post clip)   0.053, rho_Whh  1.11, Omega  0.00, alpha  0.000, steps in the past 0.000, valid nll 0.253
  [diag] log10|dL/dh_t| hist bins=60 range=(-12.50,-11.50) mean=-12.00 p50=-12.00 p05=-12.00 p95=-12.00
  [diag] sat-dist hist bins=60 sat<0.05=0.0% mean=0.612 p10=0.560 p90=0.635
Iter 0009140: train nll 0.297, valid error 100.000%, best valid error 100.000%, avg grad norm  10.939, avg grad norm (post clip)   0.053, rho_Whh  1.11, Omega  0.00, alpha  0.000, steps in the past 0.000, valid nll 0.251
  [diag] log10|dL/dh_t| hist bins=60 range=(-12.50,-11.50) mean=-12.00 p50=-12.00 p05=-12.00 p95=-12.00
  [diag] sat-dist hist bins=60 sat<0.05=0.0% mean=0.611 p10=0.559 p90=0.636
Iter 0009160: train nll 0.288, valid error 100.000%, best valid error 100.000%, avg grad norm  11.827, avg grad norm (post clip)   0.053, rho_Whh  1.11, Omega  0.00, alpha  0.000, steps in the past 0.000, valid nll 0.250
  [diag] log10|dL/dh_t| hist bins=60 range=(-12.50,-11.50) mean=-12.00 p50=-12.00 p05=-12.00 p95=-12.00
  [diag] sat-dist hist bins=60 sat<0.05=0.0% mean=0.611 p10=0.558 p90=0.638
Iter 0009180: train nll 0.304, valid error 100.000%, best valid error 100.000%, avg grad norm  13.327, avg grad norm (post clip)   0.053, rho_Whh  1.11, Omega  0.00, alpha  0.000, steps in the past 0.000, valid nll 0.249
  [diag] log10|dL/dh_t| hist bins=60 range=(-12.50,-11.50) mean=-12.00 p50=-12.00 p05=-12.00 p95=-12.00
  [diag] sat-dist hist bins=60 sat<0.05=0.0% mean=0.620 p10=0.560 p90=0.646
Iter 0009200: train nll 0.307, valid error 100.000%, best valid error 100.000%, avg grad norm  14.244, avg grad norm (post clip)   0.053, rho_Whh  1.11, Omega  0.00, alpha  0.000, steps in the past 0.000, valid nll 0.255
  [diag] log10|dL/dh_t| hist bins=60 range=(-12.50,-11.50) mean=-12.00 p50=-12.00 p05=-12.00 p95=-12.00
  [diag] sat-dist hist bins=60 sat<0.05=0.0% mean=0.628 p10=0.564 p90=0.651
Iter 0009220: train nll 0.325, valid error 100.000%, best valid error 100.000%, avg grad norm  16.420, avg grad norm (post clip)   0.053, rho_Whh  1.11, Omega  0.00, alpha  0.000, steps in the past 0.000, valid nll 0.268
  [diag] log10|dL/dh_t| hist bins=60 range=(-12.50,-11.50) mean=-12.00 p50=-12.00 p05=-12.00 p95=-12.00
  [diag] sat-dist hist bins=60 sat<0.05=0.0% mean=0.609 p10=0.555 p90=0.640
Iter 0009240: train nll 0.290, valid error 100.000%, best valid error 100.000%, avg grad norm  15.232, avg grad norm (post clip)   0.053, rho_Whh  1.11, Omega  0.00, alpha  0.000, steps in the past 0.000, valid nll 0.246
  [diag] log10|dL/dh_t| hist bins=60 range=(-12.50,-11.50) mean=-12.00 p50=-12.00 p05=-12.00 p95=-12.00
  [diag] sat-dist hist bins=60 sat<0.05=0.0% mean=0.622 p10=0.558 p90=0.650
Iter 0009260: train nll 0.319, valid error 100.000%, best valid error 100.000%, avg grad norm  16.383, avg grad norm (post clip)   0.053, rho_Whh  1.11, Omega  0.00, alpha  0.000, steps in the past 0.000, valid nll 0.257
  [diag] log10|dL/dh_t| hist bins=60 range=(-12.50,-11.50) mean=-12.00 p50=-12.00 p05=-12.00 p95=-12.00
  [diag] sat-dist hist bins=60 sat<0.05=0.0% mean=0.628 p10=0.561 p90=0.654
Iter 0009280: train nll 0.297, valid error 100.000%, best valid error 100.000%, avg grad norm  17.728, avg grad norm (post clip)   0.053, rho_Whh  1.11, Omega  0.00, alpha  0.000, steps in the past 0.000, valid nll 0.268
  [diag] log10|dL/dh_t| hist bins=60 range=(-12.50,-11.50) mean=-12.00 p50=-12.00 p05=-12.00 p95=-12.00
  [diag] sat-dist hist bins=60 sat<0.05=0.0% mean=0.628 p10=0.560 p90=0.654
Iter 0009300: train nll 0.325, valid error 100.000%, best valid error 100.000%, avg grad norm  17.790, avg grad norm (post clip)   0.053, rho_Whh  1.11, Omega  0.00, alpha  0.000, steps in the past 0.000, valid nll 0.267
  [diag] log10|dL/dh_t| hist bins=60 range=(-12.50,-11.50) mean=-12.00 p50=-12.00 p05=-12.00 p95=-12.00
  [diag] sat-dist hist bins=60 sat<0.05=0.0% mean=0.618 p10=0.556 p90=0.650
Iter 0009320: train nll 0.305, valid error 100.000%, best valid error 100.000%, avg grad norm  22.003, avg grad norm (post clip)   0.053, rho_Whh  1.11, Omega  0.00, alpha  0.000, steps in the past 0.000, valid nll 0.251
  [diag] log10|dL/dh_t| hist bins=60 range=(-12.50,-11.50) mean=-12.00 p50=-12.00 p05=-12.00 p95=-12.00
  [diag] sat-dist hist bins=60 sat<0.05=0.0% mean=0.617 p10=0.555 p90=0.651
Iter 0009340: train nll 0.316, valid error 100.000%, best valid error 100.000%, avg grad norm  18.057, avg grad norm (post clip)   0.053, rho_Whh  1.11, Omega  0.00, alpha  0.000, steps in the past 0.000, valid nll 0.249
  [diag] log10|dL/dh_t| hist bins=60 range=(-12.50,-11.50) mean=-12.00 p50=-12.00 p05=-12.00 p95=-12.00
  [diag] sat-dist hist bins=60 sat<0.05=0.0% mean=0.614 p10=0.553 p90=0.651
Iter 0009360: train nll 0.306, valid error 100.000%, best valid error 100.000%, avg grad norm  19.547, avg grad norm (post clip)   0.053, rho_Whh  1.11, Omega  0.00, alpha  0.000, steps in the past 0.000, valid nll 0.246
  [diag] log10|dL/dh_t| hist bins=60 range=(-12.50,-11.50) mean=-12.00 p50=-12.00 p05=-12.00 p95=-12.00
  [diag] sat-dist hist bins=60 sat<0.05=0.0% mean=0.626 p10=0.558 p90=0.655
Iter 0009380: train nll 0.303, valid error 100.000%, best valid error 100.000%, avg grad norm  23.474, avg grad norm (post clip)   0.053, rho_Whh  1.11, Omega  0.00, alpha  0.000, steps in the past 0.000, valid nll 0.263
  [diag] log10|dL/dh_t| hist bins=60 range=(-12.50,-11.50) mean=-12.00 p50=-12.00 p05=-12.00 p95=-12.00
  [diag] sat-dist hist bins=60 sat<0.05=0.0% mean=0.625 p10=0.557 p90=0.655
Iter 0009400: train nll 0.298, valid error 100.000%, best valid error 100.000%, avg grad norm  20.897, avg grad norm (post clip)   0.053, rho_Whh  1.11, Omega  0.00, alpha  0.000, steps in the past 0.000, valid nll 0.261
  [diag] log10|dL/dh_t| hist bins=60 range=(-12.50,-11.50) mean=-12.00 p50=-12.00 p05=-12.00 p95=-12.00
  [diag] sat-dist hist bins=60 sat<0.05=0.0% mean=0.613 p10=0.551 p90=0.651
Iter 0009420: train nll 0.307, valid error 100.000%, best valid error 100.000%, avg grad norm  23.813, avg grad norm (post clip)   0.053, rho_Whh  1.11, Omega  0.00, alpha  0.000, steps in the past 0.000, valid nll 0.244
  [diag] log10|dL/dh_t| hist bins=60 range=(-12.50,-11.50) mean=-12.00 p50=-12.00 p05=-12.00 p95=-12.00
  [diag] sat-dist hist bins=60 sat<0.05=0.0% mean=0.613 p10=0.551 p90=0.652
Iter 0009440: train nll 0.280, valid error 100.000%, best valid error 100.000%, avg grad norm  22.770, avg grad norm (post clip)   0.053, rho_Whh  1.11, Omega  0.00, alpha  0.000, steps in the past 0.000, valid nll 0.244
  [diag] log10|dL/dh_t| hist bins=60 range=(-12.50,-11.50) mean=-12.00 p50=-12.00 p05=-12.00 p95=-12.00
  [diag] sat-dist hist bins=60 sat<0.05=0.0% mean=0.623 p10=0.554 p90=0.656
Iter 0009460: train nll 0.328, valid error 100.000%, best valid error 100.000%, avg grad norm  24.504, avg grad norm (post clip)   0.053, rho_Whh  1.11, Omega  0.00, alpha  0.000, steps in the past 0.000, valid nll 0.256
  [diag] log10|dL/dh_t| hist bins=60 range=(-12.50,-11.50) mean=-12.00 p50=-12.00 p05=-12.00 p95=-12.00
  [diag] sat-dist hist bins=60 sat<0.05=0.0% mean=0.623 p10=0.554 p90=0.656
Iter 0009480: train nll 0.295, valid error 100.000%, best valid error 100.000%, avg grad norm  24.702, avg grad norm (post clip)   0.053, rho_Whh  1.11, Omega  0.00, alpha  0.000, steps in the past 0.000, valid nll 0.256
  [diag] log10|dL/dh_t| hist bins=60 range=(-12.50,-11.50) mean=-12.00 p50=-12.00 p05=-12.00 p95=-12.00
  [diag] sat-dist hist bins=60 sat<0.05=0.0% mean=0.623 p10=0.554 p90=0.656
Iter 0009500: train nll 0.292, valid error 100.000%, best valid error 100.000%, avg grad norm  22.735, avg grad norm (post clip)   0.053, rho_Whh  1.11, Omega  0.00, alpha  0.000, steps in the past 0.000, valid nll 0.256
  [diag] log10|dL/dh_t| hist bins=60 range=(-12.50,-11.50) mean=-12.00 p50=-12.00 p05=-12.00 p95=-12.00
  [diag] sat-dist hist bins=60 sat<0.05=0.0% mean=0.605 p10=0.548 p90=0.649
Iter 0009520: train nll 0.341, valid error 100.000%, best valid error 100.000%, avg grad norm  21.974, avg grad norm (post clip)   0.053, rho_Whh  1.11, Omega  0.00, alpha  0.000, steps in the past 0.000, valid nll 0.240
  [diag] log10|dL/dh_t| hist bins=60 range=(-12.50,-11.50) mean=-12.00 p50=-12.00 p05=-12.00 p95=-12.00
  [diag] sat-dist hist bins=60 sat<0.05=0.0% mean=0.603 p10=0.546 p90=0.649
Iter 0009540: train nll 0.271, valid error 100.000%, best valid error 100.000%, avg grad norm  24.486, avg grad norm (post clip)   0.053, rho_Whh  1.11, Omega  0.00, alpha  0.000, steps in the past 0.000, valid nll 0.239
  [diag] log10|dL/dh_t| hist bins=60 range=(-12.50,-11.50) mean=-12.00 p50=-12.00 p05=-12.00 p95=-12.00
  [diag] sat-dist hist bins=60 sat<0.05=0.0% mean=0.620 p10=0.551 p90=0.658
Iter 0009560: train nll 0.308, valid error 100.000%, best valid error 100.000%, avg grad norm  21.616, avg grad norm (post clip)   0.053, rho_Whh  1.12, Omega  0.00, alpha  0.000, steps in the past 0.000, valid nll 0.252
  [diag] log10|dL/dh_t| hist bins=60 range=(-12.50,-11.50) mean=-12.00 p50=-12.00 p05=-12.00 p95=-12.00
  [diag] sat-dist hist bins=60 sat<0.05=0.0% mean=0.621 p10=0.551 p90=0.658
Iter 0009580: train nll 0.296, valid error 100.000%, best valid error 100.000%, avg grad norm  27.651, avg grad norm (post clip)   0.053, rho_Whh  1.12, Omega  0.00, alpha  0.000, steps in the past 0.000, valid nll 0.253
  [diag] log10|dL/dh_t| hist bins=60 range=(-12.50,-11.50) mean=-12.00 p50=-12.00 p05=-12.00 p95=-12.00
  [diag] sat-dist hist bins=60 sat<0.05=0.0% mean=0.602 p10=0.545 p90=0.651
Iter 0009600: train nll 0.274, valid error 100.000%, best valid error 100.000%, avg grad norm  24.442, avg grad norm (post clip)   0.053, rho_Whh  1.12, Omega  0.00, alpha  0.000, steps in the past 0.000, valid nll 0.238
  [diag] log10|dL/dh_t| hist bins=60 range=(-12.50,-11.50) mean=-12.00 p50=-12.00 p05=-12.00 p95=-12.00
  [diag] sat-dist hist bins=60 sat<0.05=0.0% mean=0.620 p10=0.550 p90=0.659
Iter 0009620: train nll 0.319, valid error 100.000%, best valid error 100.000%, avg grad norm  25.336, avg grad norm (post clip)   0.053, rho_Whh  1.12, Omega  0.00, alpha  0.000, steps in the past 0.000, valid nll 0.252
  [diag] log10|dL/dh_t| hist bins=60 range=(-12.50,-11.50) mean=-12.00 p50=-12.00 p05=-12.00 p95=-12.00
  [diag] sat-dist hist bins=60 sat<0.05=0.0% mean=0.621 p10=0.549 p90=0.659
Iter 0009640: train nll 0.312, valid error 100.000%, best valid error 100.000%, avg grad norm  28.535, avg grad norm (post clip)   0.053, rho_Whh  1.12, Omega  0.00, alpha  0.000, steps in the past 0.000, valid nll 0.252
  [diag] log10|dL/dh_t| hist bins=60 range=(-12.50,-11.50) mean=-12.00 p50=-12.00 p05=-12.00 p95=-12.00
  [diag] sat-dist hist bins=60 sat<0.05=0.0% mean=0.621 p10=0.549 p90=0.660
Iter 0009660: train nll 0.326, valid error 100.000%, best valid error 100.000%, avg grad norm  27.922, avg grad norm (post clip)   0.053, rho_Whh  1.12, Omega  0.00, alpha  0.000, steps in the past 0.000, valid nll 0.252
  [diag] log10|dL/dh_t| hist bins=60 range=(-12.50,-11.50) mean=-12.00 p50=-12.00 p05=-12.00 p95=-12.00
  [diag] sat-dist hist bins=60 sat<0.05=0.0% mean=0.621 p10=0.549 p90=0.660
Iter 0009680: train nll 0.308, valid error 100.000%, best valid error 100.000%, avg grad norm  27.133, avg grad norm (post clip)   0.053, rho_Whh  1.12, Omega  0.00, alpha  0.000, steps in the past 0.000, valid nll 0.253
  [diag] log10|dL/dh_t| hist bins=60 range=(-12.50,-11.50) mean=-12.00 p50=-12.00 p05=-12.00 p95=-12.00
  [diag] sat-dist hist bins=60 sat<0.05=0.0% mean=0.621 p10=0.549 p90=0.660
Iter 0009700: train nll 0.318, valid error 100.000%, best valid error 100.000%, avg grad norm  31.194, avg grad norm (post clip)   0.053, rho_Whh  1.12, Omega  0.00, alpha  0.000, steps in the past 0.000, valid nll 0.253
  [diag] log10|dL/dh_t| hist bins=60 range=(-12.50,-11.50) mean=-12.00 p50=-12.00 p05=-12.00 p95=-12.00
  [diag] sat-dist hist bins=60 sat<0.05=0.0% mean=0.621 p10=0.549 p90=0.660
Iter 0009720: train nll 0.271, valid error 100.000%, best valid error 100.000%, avg grad norm  36.449, avg grad norm (post clip)   0.053, rho_Whh  1.12, Omega  0.00, alpha  0.000, steps in the past 0.000, valid nll 0.253
  [diag] log10|dL/dh_t| hist bins=60 range=(-12.50,-11.50) mean=-12.00 p50=-12.00 p05=-12.00 p95=-12.00
  [diag] sat-dist hist bins=60 sat<0.05=0.0% mean=0.601 p10=0.543 p90=0.653
Iter 0009740: train nll 0.276, valid error 100.000%, best valid error 100.000%, avg grad norm  30.958, avg grad norm (post clip)   0.053, rho_Whh  1.12, Omega  0.00, alpha  0.000, steps in the past 0.000, valid nll 0.237
  [diag] log10|dL/dh_t| hist bins=60 range=(-12.50,-11.50) mean=-12.00 p50=-12.00 p05=-12.00 p95=-12.00
  [diag] sat-dist hist bins=60 sat<0.05=0.0% mean=0.605 p10=0.544 p90=0.657
Iter 0009760: train nll 0.259, valid error 100.000%, best valid error 100.000%, avg grad norm  34.669, avg grad norm (post clip)   0.053, rho_Whh  1.12, Omega  0.00, alpha  0.000, steps in the past 0.000, valid nll 0.237
  [diag] log10|dL/dh_t| hist bins=60 range=(-12.50,-11.50) mean=-12.00 p50=-12.00 p05=-12.00 p95=-12.00
  [diag] sat-dist hist bins=60 sat<0.05=0.0% mean=0.609 p10=0.544 p90=0.659
Iter 0009780: train nll 0.268, valid error 100.000%, best valid error 100.000%, avg grad norm  32.352, avg grad norm (post clip)   0.053, rho_Whh  1.12, Omega  0.00, alpha  0.000, steps in the past 0.000, valid nll 0.239
  [diag] log10|dL/dh_t| hist bins=60 range=(-12.50,-11.50) mean=-12.00 p50=-12.00 p05=-12.00 p95=-12.00
  [diag] sat-dist hist bins=60 sat<0.05=0.0% mean=0.635 p10=0.556 p90=0.665
Iter 0009800: train nll 0.291, valid error 100.000%, best valid error 100.000%, avg grad norm  33.910, avg grad norm (post clip)   0.053, rho_Whh  1.12, Omega  0.00, alpha  0.000, steps in the past 0.000, valid nll 0.288
  [diag] log10|dL/dh_t| hist bins=60 range=(-12.50,-11.50) mean=-12.00 p50=-12.00 p05=-12.00 p95=-12.00
  [diag] sat-dist hist bins=60 sat<0.05=0.0% mean=0.609 p10=0.544 p90=0.660
Iter 0009820: train nll 0.276, valid error 100.000%, best valid error 100.000%, avg grad norm  32.183, avg grad norm (post clip)   0.053, rho_Whh  1.12, Omega  0.00, alpha  0.000, steps in the past 0.000, valid nll 0.239
  [diag] log10|dL/dh_t| hist bins=60 range=(-12.50,-11.50) mean=-12.00 p50=-12.00 p05=-12.00 p95=-12.00
  [diag] sat-dist hist bins=60 sat<0.05=0.0% mean=0.625 p10=0.549 p90=0.663
Iter 0009840: train nll 0.327, valid error 100.000%, best valid error 100.000%, avg grad norm  30.114, avg grad norm (post clip)   0.053, rho_Whh  1.12, Omega  0.00, alpha  0.000, steps in the past 0.000, valid nll 0.262
  [diag] log10|dL/dh_t| hist bins=60 range=(-12.50,-11.50) mean=-12.00 p50=-12.00 p05=-12.00 p95=-12.00
  [diag] sat-dist hist bins=60 sat<0.05=0.0% mean=0.622 p10=0.547 p90=0.663
Iter 0009860: train nll 0.304, valid error 100.000%, best valid error 100.000%, avg grad norm  32.496, avg grad norm (post clip)   0.053, rho_Whh  1.12, Omega  0.00, alpha  0.000, steps in the past 0.000, valid nll 0.255
  [diag] log10|dL/dh_t| hist bins=60 range=(-12.50,-11.50) mean=-12.00 p50=-12.00 p05=-12.00 p95=-12.00
  [diag] sat-dist hist bins=60 sat<0.05=0.0% mean=0.600 p10=0.542 p90=0.656
Iter 0009880: train nll 0.315, valid error 100.000%, best valid error 100.000%, avg grad norm  33.532, avg grad norm (post clip)   0.053, rho_Whh  1.12, Omega  0.00, alpha  0.000, steps in the past 0.000, valid nll 0.235
  [diag] log10|dL/dh_t| hist bins=60 range=(-12.50,-11.50) mean=-12.00 p50=-12.00 p05=-12.00 p95=-12.00
  [diag] sat-dist hist bins=60 sat<0.05=0.0% mean=0.600 p10=0.542 p90=0.656
Iter 0009900: train nll 0.311, valid error 100.000%, best valid error 100.000%, avg grad norm  35.803, avg grad norm (post clip)   0.053, rho_Whh  1.12, Omega  0.00, alpha  0.000, steps in the past 0.000, valid nll 0.235
  [diag] log10|dL/dh_t| hist bins=60 range=(-12.50,-11.50) mean=-12.00 p50=-12.00 p05=-12.00 p95=-12.00
  [diag] sat-dist hist bins=60 sat<0.05=0.0% mean=0.612 p10=0.544 p90=0.662
Iter 0009920: train nll 0.299, valid error 100.000%, best valid error 100.000%, avg grad norm  35.681, avg grad norm (post clip)   0.053, rho_Whh  1.12, Omega  0.00, alpha  0.000, steps in the past 0.000, valid nll 0.241
  [diag] log10|dL/dh_t| hist bins=60 range=(-12.50,-11.50) mean=-12.00 p50=-12.00 p05=-12.00 p95=-12.00
  [diag] sat-dist hist bins=60 sat<0.05=0.0% mean=0.591 p10=0.540 p90=0.642
Iter 0009940: train nll 0.318, valid error 100.000%, best valid error 100.000%, avg grad norm  32.261, avg grad norm (post clip)   0.053, rho_Whh  1.12, Omega  0.00, alpha  0.000, steps in the past 0.000, valid nll 0.237
  [diag] log10|dL/dh_t| hist bins=60 range=(-12.50,-11.50) mean=-12.00 p50=-12.00 p05=-12.00 p95=-12.00
  [diag] sat-dist hist bins=60 sat<0.05=0.0% mean=0.617 p10=0.544 p90=0.663
Iter 0009960: train nll 0.297, valid error 100.000%, best valid error 100.000%, avg grad norm  30.165, avg grad norm (post clip)   0.053, rho_Whh  1.12, Omega  0.00, alpha  0.000, steps in the past 0.000, valid nll 0.247
  [diag] log10|dL/dh_t| hist bins=60 range=(-12.50,-11.50) mean=-12.00 p50=-12.00 p05=-12.00 p95=-12.00
  [diag] sat-dist hist bins=60 sat<0.05=0.0% mean=0.581 p10=0.538 p90=0.620
Iter 0009980: train nll 0.323, valid error 100.000%, best valid error 100.000%, avg grad norm  28.572, avg grad norm (post clip)   0.053, rho_Whh  1.12, Omega  0.00, alpha  0.000, steps in the past 0.000, valid nll 0.245
  [diag] log10|dL/dh_t| hist bins=60 range=(-12.50,-11.50) mean=-12.00 p50=-12.00 p05=-12.00 p95=-12.00
  [diag] sat-dist hist bins=60 sat<0.05=0.0% mean=0.634 p10=0.552 p90=0.667
Iter 0010000: train nll 0.322, valid error 100.000%, best valid error 100.000%, avg grad norm  32.782, avg grad norm (post clip)   0.053, rho_Whh  1.12, Omega  0.00, alpha  0.000, steps in the past 0.000, valid nll 0.288
  [diag] log10|dL/dh_t| hist bins=60 range=(-12.50,-11.50) mean=-12.00 p50=-12.00 p05=-12.00 p95=-12.00
  [diag] sat-dist hist bins=60 sat<0.05=0.0% mean=0.624 p10=0.546 p90=0.665
Iter 0010020: train nll 0.338, valid error 100.000%, best valid error 100.000%, avg grad norm  31.696, avg grad norm (post clip)   0.053, rho_Whh  1.12, Omega  0.00, alpha  0.000, steps in the past 0.000, valid nll 0.260
  [diag] log10|dL/dh_t| hist bins=60 range=(-12.50,-11.50) mean=-12.00 p50=-12.00 p05=-12.00 p95=-12.00
  [diag] sat-dist hist bins=60 sat<0.05=0.0% mean=0.619 p10=0.544 p90=0.665
Iter 0010040: train nll 0.323, valid error 100.000%, best valid error 100.000%, avg grad norm  36.565, avg grad norm (post clip)   0.053, rho_Whh  1.12, Omega  0.00, alpha  0.000, steps in the past 0.000, valid nll 0.250
  [diag] log10|dL/dh_t| hist bins=60 range=(-12.50,-11.50) mean=-12.00 p50=-12.00 p05=-12.00 p95=-12.00
  [diag] sat-dist hist bins=60 sat<0.05=0.0% mean=0.591 p10=0.538 p90=0.645
Iter 0010060: train nll 0.292, valid error 100.000%, best valid error 100.000%, avg grad norm  36.879, avg grad norm (post clip)   0.053, rho_Whh  1.12, Omega  0.00, alpha  0.000, steps in the past 0.000, valid nll 0.236
  [diag] log10|dL/dh_t| hist bins=60 range=(-12.50,-11.50) mean=-12.00 p50=-12.00 p05=-12.00 p95=-12.00
  [diag] sat-dist hist bins=60 sat<0.05=0.0% mean=0.623 p10=0.545 p90=0.666
Iter 0010080: train nll 0.277, valid error 100.000%, best valid error 100.000%, avg grad norm  37.764, avg grad norm (post clip)   0.053, rho_Whh  1.12, Omega  0.00, alpha  0.000, steps in the past 0.000, valid nll 0.257
  [diag] log10|dL/dh_t| hist bins=60 range=(-12.50,-11.50) mean=-12.00 p50=-12.00 p05=-12.00 p95=-12.00
  [diag] sat-dist hist bins=60 sat<0.05=0.0% mean=0.641 p10=0.557 p90=0.669
Iter 0010100: train nll 0.356, valid error 100.000%, best valid error 100.000%, avg grad norm  36.972, avg grad norm (post clip)   0.053, rho_Whh  1.12, Omega  0.00, alpha  0.000, steps in the past 0.000, valid nll 0.311
  [diag] log10|dL/dh_t| hist bins=60 range=(-12.50,-11.50) mean=-12.00 p50=-12.00 p05=-12.00 p95=-12.00
  [diag] sat-dist hist bins=60 sat<0.05=0.0% mean=0.623 p10=0.545 p90=0.665
Iter 0010120: train nll 0.310, valid error 100.000%, best valid error 100.000%, avg grad norm  33.909, avg grad norm (post clip)   0.053, rho_Whh  1.12, Omega  0.00, alpha  0.000, steps in the past 0.000, valid nll 0.257
  [diag] log10|dL/dh_t| hist bins=60 range=(-12.50,-11.50) mean=-12.00 p50=-12.00 p05=-12.00 p95=-12.00
  [diag] sat-dist hist bins=60 sat<0.05=0.0% mean=0.622 p10=0.545 p90=0.665
Iter 0010140: train nll 0.292, valid error 100.000%, best valid error 100.000%, avg grad norm  32.332, avg grad norm (post clip)   0.053, rho_Whh  1.12, Omega  0.00, alpha  0.000, steps in the past 0.000, valid nll 0.256
  [diag] log10|dL/dh_t| hist bins=60 range=(-12.50,-11.50) mean=-12.00 p50=-12.00 p05=-12.00 p95=-12.00
  [diag] sat-dist hist bins=60 sat<0.05=0.0% mean=0.600 p10=0.539 p90=0.660
Iter 0010160: train nll 0.252, valid error 100.000%, best valid error 100.000%, avg grad norm  41.157, avg grad norm (post clip)   0.053, rho_Whh  1.12, Omega  0.00, alpha  0.000, steps in the past 0.000, valid nll 0.234
  [diag] log10|dL/dh_t| hist bins=60 range=(-12.50,-11.50) mean=-12.00 p50=-12.00 p05=-12.00 p95=-12.00
  [diag] sat-dist hist bins=60 sat<0.05=0.0% mean=0.621 p10=0.544 p90=0.666
Iter 0010180: train nll 0.308, valid error 100.000%, best valid error 100.000%, avg grad norm  33.836, avg grad norm (post clip)   0.053, rho_Whh  1.12, Omega  0.00, alpha  0.000, steps in the past 0.000, valid nll 0.254
  [diag] log10|dL/dh_t| hist bins=60 range=(-12.50,-11.50) mean=-12.00 p50=-12.00 p05=-12.00 p95=-12.00
  [diag] sat-dist hist bins=60 sat<0.05=0.0% mean=0.621 p10=0.544 p90=0.666
Iter 0010200: train nll 0.321, valid error 100.000%, best valid error 100.000%, avg grad norm  30.905, avg grad norm (post clip)   0.053, rho_Whh  1.12, Omega  0.00, alpha  0.000, steps in the past 0.000, valid nll 0.255
  [diag] log10|dL/dh_t| hist bins=60 range=(-12.50,-11.50) mean=-12.00 p50=-12.00 p05=-12.00 p95=-12.00
  [diag] sat-dist hist bins=60 sat<0.05=0.0% mean=0.621 p10=0.544 p90=0.666
Iter 0010220: train nll 0.305, valid error 100.000%, best valid error 100.000%, avg grad norm  39.366, avg grad norm (post clip)   0.053, rho_Whh  1.12, Omega  0.00, alpha  0.000, steps in the past 0.000, valid nll 0.255
  [diag] log10|dL/dh_t| hist bins=60 range=(-12.50,-11.50) mean=-12.00 p50=-12.00 p05=-12.00 p95=-12.00
  [diag] sat-dist hist bins=60 sat<0.05=0.0% mean=0.596 p10=0.538 p90=0.657
Iter 0010240: train nll 0.275, valid error 100.000%, best valid error 100.000%, avg grad norm  43.875, avg grad norm (post clip)   0.053, rho_Whh  1.12, Omega  0.00, alpha  0.000, steps in the past 0.000, valid nll 0.234
  [diag] log10|dL/dh_t| hist bins=60 range=(-12.50,-11.50) mean=-12.00 p50=-12.00 p05=-12.00 p95=-12.00
  [diag] sat-dist hist bins=60 sat<0.05=0.0% mean=0.622 p10=0.544 p90=0.666
Iter 0010260: train nll 0.317, valid error 100.000%, best valid error 100.000%, avg grad norm  41.009, avg grad norm (post clip)   0.053, rho_Whh  1.12, Omega  0.00, alpha  0.000, steps in the past 0.000, valid nll 0.256
  [diag] log10|dL/dh_t| hist bins=60 range=(-12.50,-11.50) mean=-12.00 p50=-12.00 p05=-12.00 p95=-12.00
  [diag] sat-dist hist bins=60 sat<0.05=0.0% mean=0.631 p10=0.548 p90=0.668
Iter 0010280: train nll 0.322, valid error 100.000%, best valid error 100.000%, avg grad norm  26.109, avg grad norm (post clip)   0.053, rho_Whh  1.12, Omega  0.00, alpha  0.000, steps in the past 0.000, valid nll 0.281
  [diag] log10|dL/dh_t| hist bins=60 range=(-12.50,-11.50) mean=-12.00 p50=-12.00 p05=-12.00 p95=-12.00
  [diag] sat-dist hist bins=60 sat<0.05=0.0% mean=0.618 p10=0.542 p90=0.666
Iter 0010300: train nll 0.312, valid error 100.000%, best valid error 100.000%, avg grad norm  31.653, avg grad norm (post clip)   0.053, rho_Whh  1.12, Omega  0.00, alpha  0.000, steps in the past 0.000, valid nll 0.249
  [diag] log10|dL/dh_t| hist bins=60 range=(-12.50,-11.50) mean=-12.00 p50=-12.00 p05=-12.00 p95=-12.00
  [diag] sat-dist hist bins=60 sat<0.05=0.0% mean=0.618 p10=0.542 p90=0.666
Iter 0010320: train nll 0.265, valid error 100.000%, best valid error 100.000%, avg grad norm  42.617, avg grad norm (post clip)   0.053, rho_Whh  1.12, Omega  0.00, alpha  0.000, steps in the past 0.000, valid nll 0.249
  [diag] log10|dL/dh_t| hist bins=60 range=(-12.50,-11.50) mean=-12.00 p50=-12.00 p05=-12.00 p95=-12.00
  [diag] sat-dist hist bins=60 sat<0.05=0.0% mean=0.618 p10=0.542 p90=0.666
Iter 0010340: train nll 0.294, valid error 100.000%, best valid error 100.000%, avg grad norm  40.689, avg grad norm (post clip)   0.053, rho_Whh  1.12, Omega  0.00, alpha  0.000, steps in the past 0.000, valid nll 0.249
  [diag] log10|dL/dh_t| hist bins=60 range=(-12.50,-11.50) mean=-12.00 p50=-12.00 p05=-12.00 p95=-12.00
  [diag] sat-dist hist bins=60 sat<0.05=0.0% mean=0.631 p10=0.548 p90=0.668
Iter 0010360: train nll 0.303, valid error 100.000%, best valid error 100.000%, avg grad norm  34.325, avg grad norm (post clip)   0.053, rho_Whh  1.12, Omega  0.00, alpha  0.000, steps in the past 0.000, valid nll 0.281
  [diag] log10|dL/dh_t| hist bins=60 range=(-12.50,-11.50) mean=-12.00 p50=-12.00 p05=-12.00 p95=-12.00
  [diag] sat-dist hist bins=60 sat<0.05=0.0% mean=0.631 p10=0.548 p90=0.668
Iter 0010380: train nll 0.306, valid error 100.000%, best valid error 100.000%, avg grad norm  43.496, avg grad norm (post clip)   0.053, rho_Whh  1.12, Omega  0.00, alpha  0.000, steps in the past 0.000, valid nll 0.280
  [diag] log10|dL/dh_t| hist bins=60 range=(-12.50,-11.50) mean=-12.00 p50=-12.00 p05=-12.00 p95=-12.00
  [diag] sat-dist hist bins=60 sat<0.05=0.0% mean=0.627 p10=0.545 p90=0.668
Iter 0010400: train nll 0.324, valid error 100.000%, best valid error 100.000%, avg grad norm  32.792, avg grad norm (post clip)   0.053, rho_Whh  1.12, Omega  0.00, alpha  0.000, steps in the past 0.000, valid nll 0.268
  [diag] log10|dL/dh_t| hist bins=60 range=(-12.50,-11.50) mean=-12.00 p50=-12.00 p05=-12.00 p95=-12.00
  [diag] sat-dist hist bins=60 sat<0.05=0.0% mean=0.633 p10=0.548 p90=0.669
Iter 0010420: train nll 0.310, valid error 100.000%, best valid error 100.000%, avg grad norm  29.637, avg grad norm (post clip)   0.053, rho_Whh  1.12, Omega  0.00, alpha  0.000, steps in the past 0.000, valid nll 0.288
  [diag] log10|dL/dh_t| hist bins=60 range=(-12.50,-11.50) mean=-12.00 p50=-12.00 p05=-12.00 p95=-12.00
  [diag] sat-dist hist bins=60 sat<0.05=0.0% mean=0.621 p10=0.542 p90=0.668
Iter 0010440: train nll 0.315, valid error 100.000%, best valid error 100.000%, avg grad norm  33.724, avg grad norm (post clip)   0.053, rho_Whh  1.12, Omega  0.00, alpha  0.000, steps in the past 0.000, valid nll 0.255
  [diag] log10|dL/dh_t| hist bins=60 range=(-12.50,-11.50) mean=-12.00 p50=-12.00 p05=-12.00 p95=-12.00
  [diag] sat-dist hist bins=60 sat<0.05=0.0% mean=0.622 p10=0.542 p90=0.668
Iter 0010460: train nll 0.288, valid error 100.000%, best valid error 100.000%, avg grad norm  43.317, avg grad norm (post clip)   0.053, rho_Whh  1.12, Omega  0.00, alpha  0.000, steps in the past 0.000, valid nll 0.257
  [diag] log10|dL/dh_t| hist bins=60 range=(-12.50,-11.50) mean=-12.00 p50=-12.00 p05=-12.00 p95=-12.00
  [diag] sat-dist hist bins=60 sat<0.05=0.0% mean=0.632 p10=0.547 p90=0.670
Iter 0010480: train nll 0.326, valid error 100.000%, best valid error 100.000%, avg grad norm  38.369, avg grad norm (post clip)   0.053, rho_Whh  1.12, Omega  0.00, alpha  0.000, steps in the past 0.000, valid nll 0.286
  [diag] log10|dL/dh_t| hist bins=60 range=(-12.50,-11.50) mean=-12.00 p50=-12.00 p05=-12.00 p95=-12.00
  [diag] sat-dist hist bins=60 sat<0.05=0.0% mean=0.620 p10=0.541 p90=0.668
Iter 0010500: train nll 0.319, valid error 100.000%, best valid error 100.000%, avg grad norm  37.437, avg grad norm (post clip)   0.053, rho_Whh  1.12, Omega  0.00, alpha  0.000, steps in the past 0.000, valid nll 0.253
  [diag] log10|dL/dh_t| hist bins=60 range=(-12.50,-11.50) mean=-12.00 p50=-12.00 p05=-12.00 p95=-12.00
  [diag] sat-dist hist bins=60 sat<0.05=0.0% mean=0.588 p10=0.535 p90=0.648
Iter 0010520: train nll 0.281, valid error 100.000%, best valid error 100.000%, avg grad norm  38.117, avg grad norm (post clip)   0.053, rho_Whh  1.12, Omega  0.00, alpha  0.000, steps in the past 0.000, valid nll 0.234
  [diag] log10|dL/dh_t| hist bins=60 range=(-12.50,-11.50) mean=-12.00 p50=-12.00 p05=-12.00 p95=-12.00
  [diag] sat-dist hist bins=60 sat<0.05=0.0% mean=0.632 p10=0.547 p90=0.670
Iter 0010540: train nll 0.319, valid error 100.000%, best valid error 100.000%, avg grad norm  40.239, avg grad norm (post clip)   0.053, rho_Whh  1.12, Omega  0.00, alpha  0.000, steps in the past 0.000, valid nll 0.285
  [diag] log10|dL/dh_t| hist bins=60 range=(-12.50,-11.50) mean=-12.00 p50=-12.00 p05=-12.00 p95=-12.00
  [diag] sat-dist hist bins=60 sat<0.05=0.0% mean=0.619 p10=0.541 p90=0.668
Iter 0010560: train nll 0.301, valid error 100.000%, best valid error 100.000%, avg grad norm  44.406, avg grad norm (post clip)   0.053, rho_Whh  1.12, Omega  0.00, alpha  0.000, steps in the past 0.000, valid nll 0.252
  [diag] log10|dL/dh_t| hist bins=60 range=(-12.50,-11.50) mean=-12.00 p50=-12.00 p05=-12.00 p95=-12.00
  [diag] sat-dist hist bins=60 sat<0.05=0.0% mean=0.620 p10=0.541 p90=0.668
Iter 0010580: train nll 0.308, valid error 100.000%, best valid error 100.000%, avg grad norm  44.901, avg grad norm (post clip)   0.053, rho_Whh  1.12, Omega  0.00, alpha  0.000, steps in the past 0.000, valid nll 0.254
  [diag] log10|dL/dh_t| hist bins=60 range=(-12.50,-11.50) mean=-12.00 p50=-12.00 p05=-12.00 p95=-12.00
  [diag] sat-dist hist bins=60 sat<0.05=0.0% mean=0.620 p10=0.541 p90=0.668
Iter 0010600: train nll 0.308, valid error 100.000%, best valid error 100.000%, avg grad norm  43.397, avg grad norm (post clip)   0.053, rho_Whh  1.12, Omega  0.00, alpha  0.000, steps in the past 0.000, valid nll 0.254
  [diag] log10|dL/dh_t| hist bins=60 range=(-12.50,-11.50) mean=-12.00 p50=-12.00 p05=-12.00 p95=-12.00
  [diag] sat-dist hist bins=60 sat<0.05=0.0% mean=0.621 p10=0.542 p90=0.668
Iter 0010620: train nll 0.298, valid error 100.000%, best valid error 100.000%, avg grad norm  44.368, avg grad norm (post clip)   0.053, rho_Whh  1.12, Omega  0.00, alpha  0.000, steps in the past 0.000, valid nll 0.255
  [diag] log10|dL/dh_t| hist bins=60 range=(-12.50,-11.50) mean=-12.00 p50=-12.00 p05=-12.00 p95=-12.00
  [diag] sat-dist hist bins=60 sat<0.05=0.0% mean=0.620 p10=0.541 p90=0.668
Iter 0010640: train nll 0.291, valid error 100.000%, best valid error 100.000%, avg grad norm  44.772, avg grad norm (post clip)   0.053, rho_Whh  1.12, Omega  0.00, alpha  0.000, steps in the past 0.000, valid nll 0.254
  [diag] log10|dL/dh_t| hist bins=60 range=(-12.50,-11.50) mean=-12.00 p50=-12.00 p05=-12.00 p95=-12.00
  [diag] sat-dist hist bins=60 sat<0.05=0.0% mean=0.621 p10=0.542 p90=0.668
Iter 0010660: train nll 0.315, valid error 100.000%, best valid error 100.000%, avg grad norm  39.196, avg grad norm (post clip)   0.053, rho_Whh  1.12, Omega  0.00, alpha  0.000, steps in the past 0.000, valid nll 0.254
  [diag] log10|dL/dh_t| hist bins=60 range=(-12.50,-11.50) mean=-12.00 p50=-12.00 p05=-12.00 p95=-12.00
  [diag] sat-dist hist bins=60 sat<0.05=0.0% mean=0.621 p10=0.542 p90=0.668
Iter 0010680: train nll 0.315, valid error 100.000%, best valid error 100.000%, avg grad norm  40.932, avg grad norm (post clip)   0.053, rho_Whh  1.12, Omega  0.00, alpha  0.000, steps in the past 0.000, valid nll 0.254
  [diag] log10|dL/dh_t| hist bins=60 range=(-12.50,-11.50) mean=-12.00 p50=-12.00 p05=-12.00 p95=-12.00
  [diag] sat-dist hist bins=60 sat<0.05=0.0% mean=0.593 p10=0.536 p90=0.657
Iter 0010700: train nll 0.275, valid error 100.000%, best valid error 100.000%, avg grad norm  43.043, avg grad norm (post clip)   0.053, rho_Whh  1.12, Omega  0.00, alpha  0.000, steps in the past 0.000, valid nll 0.233
  [diag] log10|dL/dh_t| hist bins=60 range=(-12.50,-11.50) mean=-12.00 p50=-12.00 p05=-12.00 p95=-12.00
  [diag] sat-dist hist bins=60 sat<0.05=0.0% mean=0.621 p10=0.542 p90=0.668
Iter 0010720: train nll 0.304, valid error 100.000%, best valid error 100.000%, avg grad norm  46.838, avg grad norm (post clip)   0.053, rho_Whh  1.12, Omega  0.00, alpha  0.000, steps in the past 0.000, valid nll 0.254
  [diag] log10|dL/dh_t| hist bins=60 range=(-12.50,-11.50) mean=-12.00 p50=-12.00 p05=-12.00 p95=-12.00
  [diag] sat-dist hist bins=60 sat<0.05=0.0% mean=0.621 p10=0.542 p90=0.668
Iter 0010740: train nll 0.328, valid error 100.000%, best valid error 100.000%, avg grad norm  31.567, avg grad norm (post clip)   0.053, rho_Whh  1.12, Omega  0.00, alpha  0.000, steps in the past 0.000, valid nll 0.254
  [diag] log10|dL/dh_t| hist bins=60 range=(-12.50,-11.50) mean=-12.00 p50=-12.00 p05=-12.00 p95=-12.00
  [diag] sat-dist hist bins=60 sat<0.05=0.0% mean=0.621 p10=0.542 p90=0.668
Iter 0010760: train nll 0.278, valid error 100.000%, best valid error 100.000%, avg grad norm  47.853, avg grad norm (post clip)   0.053, rho_Whh  1.12, Omega  0.00, alpha  0.000, steps in the past 0.000, valid nll 0.254
  [diag] log10|dL/dh_t| hist bins=60 range=(-12.50,-11.50) mean=-12.00 p50=-12.00 p05=-12.00 p95=-12.00
  [diag] sat-dist hist bins=60 sat<0.05=0.0% mean=0.594 p10=0.536 p90=0.657
Iter 0010780: train nll 0.329, valid error 100.000%, best valid error 100.000%, avg grad norm  41.205, avg grad norm (post clip)   0.053, rho_Whh  1.12, Omega  0.00, alpha  0.000, steps in the past 0.000, valid nll 0.233
  [diag] log10|dL/dh_t| hist bins=60 range=(-12.50,-11.50) mean=-12.00 p50=-12.00 p05=-12.00 p95=-12.00
  [diag] sat-dist hist bins=60 sat<0.05=0.0% mean=0.594 p10=0.536 p90=0.658
Iter 0010800: train nll 0.280, valid error 100.000%, best valid error 100.000%, avg grad norm  41.932, avg grad norm (post clip)   0.053, rho_Whh  1.12, Omega  0.00, alpha  0.000, steps in the past 0.000, valid nll 0.233
  [diag] log10|dL/dh_t| hist bins=60 range=(-12.50,-11.50) mean=-12.00 p50=-12.00 p05=-12.00 p95=-12.00
  [diag] sat-dist hist bins=60 sat<0.05=0.0% mean=0.594 p10=0.537 p90=0.658
Iter 0010820: train nll 0.323, valid error 100.000%, best valid error 100.000%, avg grad norm  38.949, avg grad norm (post clip)   0.053, rho_Whh  1.12, Omega  0.00, alpha  0.000, steps in the past 0.000, valid nll 0.233
  [diag] log10|dL/dh_t| hist bins=60 range=(-12.50,-11.50) mean=-12.00 p50=-12.00 p05=-12.00 p95=-12.00
  [diag] sat-dist hist bins=60 sat<0.05=0.0% mean=0.600 p10=0.537 p90=0.665
Iter 0010840: train nll 0.297, valid error 100.000%, best valid error 100.000%, avg grad norm  40.149, avg grad norm (post clip)   0.053, rho_Whh  1.12, Omega  0.00, alpha  0.000, steps in the past 0.000, valid nll 0.233
  [diag] log10|dL/dh_t| hist bins=60 range=(-12.50,-11.50) mean=-12.00 p50=-12.00 p05=-12.00 p95=-12.00
  [diag] sat-dist hist bins=60 sat<0.05=0.0% mean=0.624 p10=0.543 p90=0.668
Iter 0010860: train nll 0.324, valid error 100.000%, best valid error 100.000%, avg grad norm  39.094, avg grad norm (post clip)   0.053, rho_Whh  1.12, Omega  0.00, alpha  0.000, steps in the past 0.000, valid nll 0.261
  [diag] log10|dL/dh_t| hist bins=60 range=(-12.50,-11.50) mean=-12.00 p50=-12.00 p05=-12.00 p95=-12.00
  [diag] sat-dist hist bins=60 sat<0.05=0.0% mean=0.601 p10=0.537 p90=0.666
Iter 0010880: train nll 0.311, valid error 100.000%, best valid error 100.000%, avg grad norm  43.837, avg grad norm (post clip)   0.053, rho_Whh  1.12, Omega  0.00, alpha  0.000, steps in the past 0.000, valid nll 0.233
  [diag] log10|dL/dh_t| hist bins=60 range=(-12.50,-11.50) mean=-12.00 p50=-12.00 p05=-12.00 p95=-12.00
  [diag] sat-dist hist bins=60 sat<0.05=0.0% mean=0.601 p10=0.537 p90=0.666
Iter 0010900: train nll 0.285, valid error 100.000%, best valid error 100.000%, avg grad norm  39.896, avg grad norm (post clip)   0.053, rho_Whh  1.12, Omega  0.00, alpha  0.000, steps in the past 0.000, valid nll 0.233
  [diag] log10|dL/dh_t| hist bins=60 range=(-12.50,-11.50) mean=-12.00 p50=-12.00 p05=-12.00 p95=-12.00
  [diag] sat-dist hist bins=60 sat<0.05=0.0% mean=0.624 p10=0.543 p90=0.668
Iter 0010920: train nll 0.325, valid error 100.000%, best valid error 100.000%, avg grad norm  36.222, avg grad norm (post clip)   0.053, rho_Whh  1.12, Omega  0.00, alpha  0.000, steps in the past 0.000, valid nll 0.261
  [diag] log10|dL/dh_t| hist bins=60 range=(-12.50,-11.50) mean=-12.00 p50=-12.00 p05=-12.00 p95=-12.00
  [diag] sat-dist hist bins=60 sat<0.05=0.0% mean=0.601 p10=0.537 p90=0.666
Iter 0010940: train nll 0.276, valid error 100.000%, best valid error 100.000%, avg grad norm  44.233, avg grad norm (post clip)   0.053, rho_Whh  1.12, Omega  0.00, alpha  0.000, steps in the past 0.000, valid nll 0.233
  [diag] log10|dL/dh_t| hist bins=60 range=(-12.50,-11.50) mean=-12.00 p50=-12.00 p05=-12.00 p95=-12.00
  [diag] sat-dist hist bins=60 sat<0.05=0.0% mean=0.602 p10=0.537 p90=0.666
Iter 0010960: train nll 0.269, valid error 100.000%, best valid error 100.000%, avg grad norm  51.580, avg grad norm (post clip)   0.053, rho_Whh  1.12, Omega  0.00, alpha  0.000, steps in the past 0.000, valid nll 0.234
  [diag] log10|dL/dh_t| hist bins=60 range=(-12.50,-11.50) mean=-12.00 p50=-12.00 p05=-12.00 p95=-12.00
  [diag] sat-dist hist bins=60 sat<0.05=0.0% mean=0.624 p10=0.543 p90=0.668
Iter 0010980: train nll 0.313, valid error 100.000%, best valid error 100.000%, avg grad norm  44.310, avg grad norm (post clip)   0.053, rho_Whh  1.12, Omega  0.00, alpha  0.000, steps in the past 0.000, valid nll 0.261
  [diag] log10|dL/dh_t| hist bins=60 range=(-12.50,-11.50) mean=-12.00 p50=-12.00 p05=-12.00 p95=-12.00
  [diag] sat-dist hist bins=60 sat<0.05=0.0% mean=0.624 p10=0.543 p90=0.668
Iter 0011000: train nll 0.337, valid error 100.000%, best valid error 100.000%, avg grad norm  38.679, avg grad norm (post clip)   0.053, rho_Whh  1.12, Omega  0.00, alpha  0.000, steps in the past 0.000, valid nll 0.261
  [diag] log10|dL/dh_t| hist bins=60 range=(-12.50,-11.50) mean=-12.00 p50=-12.00 p05=-12.00 p95=-12.00
  [diag] sat-dist hist bins=60 sat<0.05=0.0% mean=0.602 p10=0.538 p90=0.666
Iter 0011020: train nll 0.317, valid error 100.000%, best valid error 100.000%, avg grad norm  46.007, avg grad norm (post clip)   0.053, rho_Whh  1.12, Omega  0.00, alpha  0.000, steps in the past 0.000, valid nll 0.234
  [diag] log10|dL/dh_t| hist bins=60 range=(-12.50,-11.50) mean=-12.00 p50=-12.00 p05=-12.00 p95=-12.00
  [diag] sat-dist hist bins=60 sat<0.05=0.0% mean=0.624 p10=0.543 p90=0.668
Iter 0011040: train nll 0.325, valid error 100.000%, best valid error 100.000%, avg grad norm  41.622, avg grad norm (post clip)   0.053, rho_Whh  1.12, Omega  0.00, alpha  0.000, steps in the past 0.000, valid nll 0.261
  [diag] log10|dL/dh_t| hist bins=60 range=(-12.50,-11.50) mean=-12.00 p50=-12.00 p05=-12.00 p95=-12.00
  [diag] sat-dist hist bins=60 sat<0.05=0.0% mean=0.602 p10=0.538 p90=0.666
Iter 0011060: train nll 0.299, valid error 100.000%, best valid error 100.000%, avg grad norm  41.959, avg grad norm (post clip)   0.053, rho_Whh  1.12, Omega  0.00, alpha  0.000, steps in the past 0.000, valid nll 0.234
  [diag] log10|dL/dh_t| hist bins=60 range=(-12.50,-11.50) mean=-12.00 p50=-12.00 p05=-12.00 p95=-12.00
  [diag] sat-dist hist bins=60 sat<0.05=0.0% mean=0.621 p10=0.542 p90=0.668
Iter 0011080: train nll 0.321, valid error 100.000%, best valid error 100.000%, avg grad norm  38.229, avg grad norm (post clip)   0.053, rho_Whh  1.12, Omega  0.00, alpha  0.000, steps in the past 0.000, valid nll 0.254
  [diag] log10|dL/dh_t| hist bins=60 range=(-12.50,-11.50) mean=-12.00 p50=-12.00 p05=-12.00 p95=-12.00
  [diag] sat-dist hist bins=60 sat<0.05=0.0% mean=0.621 p10=0.542 p90=0.668
Iter 0011100: train nll 0.283, valid error 100.000%, best valid error 100.000%, avg grad norm  43.216, avg grad norm (post clip)   0.053, rho_Whh  1.12, Omega  0.00, alpha  0.000, steps in the past 0.000, valid nll 0.254
  [diag] log10|dL/dh_t| hist bins=60 range=(-12.50,-11.50) mean=-12.00 p50=-12.00 p05=-12.00 p95=-12.00
  [diag] sat-dist hist bins=60 sat<0.05=0.0% mean=0.621 p10=0.542 p90=0.668
Iter 0011120: train nll 0.290, valid error 100.000%, best valid error 100.000%, avg grad norm  39.688, avg grad norm (post clip)   0.053, rho_Whh  1.12, Omega  0.00, alpha  0.000, steps in the past 0.000, valid nll 0.254
  [diag] log10|dL/dh_t| hist bins=60 range=(-12.50,-11.50) mean=-12.00 p50=-12.00 p05=-12.00 p95=-12.00
  [diag] sat-dist hist bins=60 sat<0.05=0.0% mean=0.594 p10=0.536 p90=0.657
Iter 0011140: train nll 0.282, valid error 100.000%, best valid error 100.000%, avg grad norm  42.940, avg grad norm (post clip)   0.053, rho_Whh  1.12, Omega  0.00, alpha  0.000, steps in the past 0.000, valid nll 0.232
  [diag] log10|dL/dh_t| hist bins=60 range=(-12.50,-11.50) mean=-12.00 p50=-12.00 p05=-12.00 p95=-12.00
  [diag] sat-dist hist bins=60 sat<0.05=0.0% mean=0.621 p10=0.542 p90=0.668
Iter 0011160: train nll 0.299, valid error 100.000%, best valid error 100.000%, avg grad norm  35.491, avg grad norm (post clip)   0.053, rho_Whh  1.12, Omega  0.00, alpha  0.000, steps in the past 0.000, valid nll 0.255
  [diag] log10|dL/dh_t| hist bins=60 range=(-12.50,-11.50) mean=-12.00 p50=-12.00 p05=-12.00 p95=-12.00
  [diag] sat-dist hist bins=60 sat<0.05=0.0% mean=0.595 p10=0.536 p90=0.660
Iter 0011180: train nll 0.298, valid error 100.000%, best valid error 100.000%, avg grad norm  41.765, avg grad norm (post clip)   0.053, rho_Whh  1.12, Omega  0.00, alpha  0.000, steps in the past 0.000, valid nll 0.232
  [diag] log10|dL/dh_t| hist bins=60 range=(-12.50,-11.50) mean=-12.00 p50=-12.00 p05=-12.00 p95=-12.00
  [diag] sat-dist hist bins=60 sat<0.05=0.0% mean=0.621 p10=0.542 p90=0.668
Iter 0011200: train nll 0.327, valid error 100.000%, best valid error 100.000%, avg grad norm  37.602, avg grad norm (post clip)   0.053, rho_Whh  1.12, Omega  0.00, alpha  0.000, steps in the past 0.000, valid nll 0.255
  [diag] log10|dL/dh_t| hist bins=60 range=(-12.50,-11.50) mean=-12.00 p50=-12.00 p05=-12.00 p95=-12.00
  [diag] sat-dist hist bins=60 sat<0.05=0.0% mean=0.595 p10=0.537 p90=0.660
Iter 0011220: train nll 0.301, valid error 100.000%, best valid error 100.000%, avg grad norm  47.281, avg grad norm (post clip)   0.053, rho_Whh  1.12, Omega  0.00, alpha  0.000, steps in the past 0.000, valid nll 0.232
  [diag] log10|dL/dh_t| hist bins=60 range=(-12.50,-11.50) mean=-12.00 p50=-12.00 p05=-12.00 p95=-12.00
  [diag] sat-dist hist bins=60 sat<0.05=0.0% mean=0.594 p10=0.537 p90=0.659
Iter 0011240: train nll 0.268, valid error 100.000%, best valid error 100.000%, avg grad norm  44.120, avg grad norm (post clip)   0.053, rho_Whh  1.12, Omega  0.00, alpha  0.000, steps in the past 0.000, valid nll 0.232
  [diag] log10|dL/dh_t| hist bins=60 range=(-12.50,-11.50) mean=-12.00 p50=-12.00 p05=-12.00 p95=-12.00
  [diag] sat-dist hist bins=60 sat<0.05=0.0% mean=0.621 p10=0.542 p90=0.668
Iter 0011260: train nll 0.317, valid error 100.000%, best valid error 100.000%, avg grad norm  43.484, avg grad norm (post clip)   0.053, rho_Whh  1.12, Omega  0.00, alpha  0.000, steps in the past 0.000, valid nll 0.254
  [diag] log10|dL/dh_t| hist bins=60 range=(-12.50,-11.50) mean=-12.00 p50=-12.00 p05=-12.00 p95=-12.00
  [diag] sat-dist hist bins=60 sat<0.05=0.0% mean=0.622 p10=0.542 p90=0.668
Iter 0011280: train nll 0.306, valid error 100.000%, best valid error 100.000%, avg grad norm  38.898, avg grad norm (post clip)   0.053, rho_Whh  1.12, Omega  0.00, alpha  0.000, steps in the past 0.000, valid nll 0.255
  [diag] log10|dL/dh_t| hist bins=60 range=(-12.50,-11.50) mean=-12.00 p50=-12.00 p05=-12.00 p95=-12.00
  [diag] sat-dist hist bins=60 sat<0.05=0.0% mean=0.622 p10=0.543 p90=0.668
Iter 0011300: train nll 0.322, valid error 100.000%, best valid error 100.000%, avg grad norm  40.121, avg grad norm (post clip)   0.053, rho_Whh  1.12, Omega  0.00, alpha  0.000, steps in the past 0.000, valid nll 0.255
  [diag] log10|dL/dh_t| hist bins=60 range=(-12.50,-11.50) mean=-12.00 p50=-12.00 p05=-12.00 p95=-12.00
  [diag] sat-dist hist bins=60 sat<0.05=0.0% mean=0.616 p10=0.540 p90=0.668
Iter 0011320: train nll 0.310, valid error 100.000%, best valid error 100.000%, avg grad norm  38.186, avg grad norm (post clip)   0.053, rho_Whh  1.12, Omega  0.00, alpha  0.000, steps in the past 0.000, valid nll 0.246
  [diag] log10|dL/dh_t| hist bins=60 range=(-12.50,-11.50) mean=-12.00 p50=-12.00 p05=-12.00 p95=-12.00
  [diag] sat-dist hist bins=60 sat<0.05=0.0% mean=0.617 p10=0.541 p90=0.668
Iter 0011340: train nll 0.286, valid error 100.000%, best valid error 100.000%, avg grad norm  47.824, avg grad norm (post clip)   0.053, rho_Whh  1.12, Omega  0.00, alpha  0.000, steps in the past 0.000, valid nll 0.246
  [diag] log10|dL/dh_t| hist bins=60 range=(-12.50,-11.50) mean=-12.00 p50=-12.00 p05=-12.00 p95=-12.00
  [diag] sat-dist hist bins=60 sat<0.05=0.0% mean=0.617 p10=0.541 p90=0.668
Iter 0011360: train nll 0.318, valid error 100.000%, best valid error 100.000%, avg grad norm  35.956, avg grad norm (post clip)   0.053, rho_Whh  1.12, Omega  0.00, alpha  0.000, steps in the past 0.000, valid nll 0.246
  [diag] log10|dL/dh_t| hist bins=60 range=(-12.50,-11.50) mean=-12.00 p50=-12.00 p05=-12.00 p95=-12.00
  [diag] sat-dist hist bins=60 sat<0.05=0.0% mean=0.617 p10=0.541 p90=0.668
Iter 0011380: train nll 0.300, valid error 100.000%, best valid error 100.000%, avg grad norm  36.890, avg grad norm (post clip)   0.053, rho_Whh  1.12, Omega  0.00, alpha  0.000, steps in the past 0.000, valid nll 0.246
  [diag] log10|dL/dh_t| hist bins=60 range=(-12.50,-11.50) mean=-12.00 p50=-12.00 p05=-12.00 p95=-12.00
  [diag] sat-dist hist bins=60 sat<0.05=0.0% mean=0.617 p10=0.541 p90=0.668
Iter 0011400: train nll 0.279, valid error 100.000%, best valid error 100.000%, avg grad norm  46.298, avg grad norm (post clip)   0.053, rho_Whh  1.12, Omega  0.00, alpha  0.000, steps in the past 0.000, valid nll 0.247
  [diag] log10|dL/dh_t| hist bins=60 range=(-12.50,-11.50) mean=-12.00 p50=-12.00 p05=-12.00 p95=-12.00
  [diag] sat-dist hist bins=60 sat<0.05=0.0% mean=0.617 p10=0.541 p90=0.668
Iter 0011420: train nll 0.267, valid error 100.000%, best valid error 100.000%, avg grad norm  47.757, avg grad norm (post clip)   0.053, rho_Whh  1.12, Omega  0.00, alpha  0.000, steps in the past 0.000, valid nll 0.246
  [diag] log10|dL/dh_t| hist bins=60 range=(-12.50,-11.50) mean=-12.00 p50=-12.00 p05=-12.00 p95=-12.00
  [diag] sat-dist hist bins=60 sat<0.05=0.0% mean=0.631 p10=0.547 p90=0.669
Iter 0011440: train nll 0.338, valid error 100.000%, best valid error 100.000%, avg grad norm  44.962, avg grad norm (post clip)   0.053, rho_Whh  1.12, Omega  0.00, alpha  0.000, steps in the past 0.000, valid nll 0.278
  [diag] log10|dL/dh_t| hist bins=60 range=(-12.50,-11.50) mean=-12.00 p50=-12.00 p05=-12.00 p95=-12.00
  [diag] sat-dist hist bins=60 sat<0.05=0.0% mean=0.582 p10=0.535 p90=0.630
Iter 0011460: train nll 0.297, valid error 100.000%, best valid error 100.000%, avg grad norm  41.585, avg grad norm (post clip)   0.053, rho_Whh  1.12, Omega  0.00, alpha  0.000, steps in the past 0.000, valid nll 0.239
  [diag] log10|dL/dh_t| hist bins=60 range=(-12.50,-11.50) mean=-12.00 p50=-12.00 p05=-12.00 p95=-12.00
  [diag] sat-dist hist bins=60 sat<0.05=0.0% mean=0.617 p10=0.541 p90=0.667
Iter 0011480: train nll 0.303, valid error 100.000%, best valid error 100.000%, avg grad norm  43.098, avg grad norm (post clip)   0.053, rho_Whh  1.12, Omega  0.00, alpha  0.000, steps in the past 0.000, valid nll 0.246
  [diag] log10|dL/dh_t| hist bins=60 range=(-12.50,-11.50) mean=-12.00 p50=-12.00 p05=-12.00 p95=-12.00
  [diag] sat-dist hist bins=60 sat<0.05=0.0% mean=0.631 p10=0.546 p90=0.669
Iter 0011500: train nll 0.305, valid error 100.000%, best valid error 100.000%, avg grad norm  36.468, avg grad norm (post clip)   0.053, rho_Whh  1.12, Omega  0.00, alpha  0.000, steps in the past 0.000, valid nll 0.277
  [diag] log10|dL/dh_t| hist bins=60 range=(-12.50,-11.50) mean=-12.00 p50=-12.00 p05=-12.00 p95=-12.00
  [diag] sat-dist hist bins=60 sat<0.05=0.0% mean=0.616 p10=0.541 p90=0.667
Iter 0011520: train nll 0.343, valid error 100.000%, best valid error 100.000%, avg grad norm  36.529, avg grad norm (post clip)   0.053, rho_Whh  1.12, Omega  0.00, alpha  0.000, steps in the past 0.000, valid nll 0.245
  [diag] log10|dL/dh_t| hist bins=60 range=(-12.50,-11.50) mean=-12.00 p50=-12.00 p05=-12.00 p95=-12.00
  [diag] sat-dist hist bins=60 sat<0.05=0.0% mean=0.611 p10=0.539 p90=0.667
Iter 0011540: train nll 0.297, valid error 100.000%, best valid error 100.000%, avg grad norm  37.292, avg grad norm (post clip)   0.053, rho_Whh  1.12, Omega  0.00, alpha  0.000, steps in the past 0.000, valid nll 0.239
  [diag] log10|dL/dh_t| hist bins=60 range=(-12.50,-11.50) mean=-12.00 p50=-12.00 p05=-12.00 p95=-12.00
  [diag] sat-dist hist bins=60 sat<0.05=0.0% mean=0.611 p10=0.539 p90=0.667
Iter 0011560: train nll 0.270, valid error 100.000%, best valid error 100.000%, avg grad norm  44.781, avg grad norm (post clip)   0.053, rho_Whh  1.12, Omega  0.00, alpha  0.000, steps in the past 0.000, valid nll 0.239
  [diag] log10|dL/dh_t| hist bins=60 range=(-12.50,-11.50) mean=-12.00 p50=-12.00 p05=-12.00 p95=-12.00
  [diag] sat-dist hist bins=60 sat<0.05=0.0% mean=0.611 p10=0.539 p90=0.667
Iter 0011580: train nll 0.300, valid error 100.000%, best valid error 100.000%, avg grad norm  41.416, avg grad norm (post clip)   0.053, rho_Whh  1.12, Omega  0.00, alpha  0.000, steps in the past 0.000, valid nll 0.239
  [diag] log10|dL/dh_t| hist bins=60 range=(-12.50,-11.50) mean=-12.00 p50=-12.00 p05=-12.00 p95=-12.00
  [diag] sat-dist hist bins=60 sat<0.05=0.0% mean=0.611 p10=0.539 p90=0.667
Iter 0011600: train nll 0.270, valid error 100.000%, best valid error 100.000%, avg grad norm  41.351, avg grad norm (post clip)   0.053, rho_Whh  1.12, Omega  0.00, alpha  0.000, steps in the past 0.000, valid nll 0.239
  [diag] log10|dL/dh_t| hist bins=60 range=(-12.50,-11.50) mean=-12.00 p50=-12.00 p05=-12.00 p95=-12.00
  [diag] sat-dist hist bins=60 sat<0.05=0.0% mean=0.613 p10=0.539 p90=0.668
Iter 0011620: train nll 0.312, valid error 100.000%, best valid error 100.000%, avg grad norm  38.030, avg grad norm (post clip)   0.053, rho_Whh  1.12, Omega  0.00, alpha  0.000, steps in the past 0.000, valid nll 0.241
  [diag] log10|dL/dh_t| hist bins=60 range=(-12.50,-11.50) mean=-12.00 p50=-12.00 p05=-12.00 p95=-12.00
  [diag] sat-dist hist bins=60 sat<0.05=0.0% mean=0.628 p10=0.544 p90=0.669
Iter 0011640: train nll 0.296, valid error 100.000%, best valid error 100.000%, avg grad norm  41.642, avg grad norm (post clip)   0.053, rho_Whh  1.12, Omega  0.00, alpha  0.000, steps in the past 0.000, valid nll 0.270
  [diag] log10|dL/dh_t| hist bins=60 range=(-12.50,-11.50) mean=-12.00 p50=-12.00 p05=-12.00 p95=-12.00
  [diag] sat-dist hist bins=60 sat<0.05=0.0% mean=0.611 p10=0.539 p90=0.668
Iter 0011660: train nll 0.299, valid error 100.000%, best valid error 100.000%, avg grad norm  41.472, avg grad norm (post clip)   0.053, rho_Whh  1.12, Omega  0.00, alpha  0.000, steps in the past 0.000, valid nll 0.239
  [diag] log10|dL/dh_t| hist bins=60 range=(-12.50,-11.50) mean=-12.00 p50=-12.00 p05=-12.00 p95=-12.00
  [diag] sat-dist hist bins=60 sat<0.05=0.0% mean=0.628 p10=0.544 p90=0.669
Iter 0011680: train nll 0.302, valid error 100.000%, best valid error 100.000%, avg grad norm  35.015, avg grad norm (post clip)   0.053, rho_Whh  1.12, Omega  0.00, alpha  0.000, steps in the past 0.000, valid nll 0.270
  [diag] log10|dL/dh_t| hist bins=60 range=(-12.50,-11.50) mean=-12.00 p50=-12.00 p05=-12.00 p95=-12.00
  [diag] sat-dist hist bins=60 sat<0.05=0.0% mean=0.628 p10=0.544 p90=0.669
Iter 0011700: train nll 0.310, valid error 100.000%, best valid error 100.000%, avg grad norm  41.676, avg grad norm (post clip)   0.053, rho_Whh  1.12, Omega  0.00, alpha  0.000, steps in the past 0.000, valid nll 0.269
  [diag] log10|dL/dh_t| hist bins=60 range=(-12.50,-11.50) mean=-12.00 p50=-12.00 p05=-12.00 p95=-12.00
  [diag] sat-dist hist bins=60 sat<0.05=0.0% mean=0.610 p10=0.539 p90=0.668
Iter 0011720: train nll 0.281, valid error 100.000%, best valid error 100.000%, avg grad norm  46.061, avg grad norm (post clip)   0.053, rho_Whh  1.12, Omega  0.00, alpha  0.000, steps in the past 0.000, valid nll 0.239
  [diag] log10|dL/dh_t| hist bins=60 range=(-12.50,-11.50) mean=-12.00 p50=-12.00 p05=-12.00 p95=-12.00
  [diag] sat-dist hist bins=60 sat<0.05=0.0% mean=0.611 p10=0.539 p90=0.668
Iter 0011740: train nll 0.305, valid error 100.000%, best valid error 100.000%, avg grad norm  41.969, avg grad norm (post clip)   0.053, rho_Whh  1.12, Omega  0.00, alpha  0.000, steps in the past 0.000, valid nll 0.239
  [diag] log10|dL/dh_t| hist bins=60 range=(-12.50,-11.50) mean=-12.00 p50=-12.00 p05=-12.00 p95=-12.00
  [diag] sat-dist hist bins=60 sat<0.05=0.0% mean=0.628 p10=0.545 p90=0.669
Iter 0011760: train nll 0.307, valid error 100.000%, best valid error 100.000%, avg grad norm  39.370, avg grad norm (post clip)   0.053, rho_Whh  1.12, Omega  0.00, alpha  0.000, steps in the past 0.000, valid nll 0.270
  [diag] log10|dL/dh_t| hist bins=60 range=(-12.50,-11.50) mean=-12.00 p50=-12.00 p05=-12.00 p95=-12.00
  [diag] sat-dist hist bins=60 sat<0.05=0.0% mean=0.611 p10=0.539 p90=0.668
Iter 0011780: train nll 0.309, valid error 100.000%, best valid error 100.000%, avg grad norm  46.087, avg grad norm (post clip)   0.053, rho_Whh  1.12, Omega  0.00, alpha  0.000, steps in the past 0.000, valid nll 0.239
  [diag] log10|dL/dh_t| hist bins=60 range=(-12.50,-11.50) mean=-12.00 p50=-12.00 p05=-12.00 p95=-12.00
  [diag] sat-dist hist bins=60 sat<0.05=0.0% mean=0.628 p10=0.545 p90=0.669
Iter 0011800: train nll 0.269, valid error 100.000%, best valid error 100.000%, avg grad norm  46.123, avg grad norm (post clip)   0.053, rho_Whh  1.12, Omega  0.00, alpha  0.000, steps in the past 0.000, valid nll 0.270
  [diag] log10|dL/dh_t| hist bins=60 range=(-12.50,-11.50) mean=-12.00 p50=-12.00 p05=-12.00 p95=-12.00
  [diag] sat-dist hist bins=60 sat<0.05=0.0% mean=0.611 p10=0.539 p90=0.667
Iter 0011820: train nll 0.312, valid error 100.000%, best valid error 100.000%, avg grad norm  44.715, avg grad norm (post clip)   0.053, rho_Whh  1.12, Omega  0.00, alpha  0.000, steps in the past 0.000, valid nll 0.239
  [diag] log10|dL/dh_t| hist bins=60 range=(-12.50,-11.50) mean=-12.00 p50=-12.00 p05=-12.00 p95=-12.00
  [diag] sat-dist hist bins=60 sat<0.05=0.0% mean=0.611 p10=0.539 p90=0.667
Iter 0011840: train nll 0.295, valid error 100.000%, best valid error 100.000%, avg grad norm  37.179, avg grad norm (post clip)   0.053, rho_Whh  1.12, Omega  0.00, alpha  0.000, steps in the past 0.000, valid nll 0.239
  [diag] log10|dL/dh_t| hist bins=60 range=(-12.50,-11.50) mean=-12.00 p50=-12.00 p05=-12.00 p95=-12.00
  [diag] sat-dist hist bins=60 sat<0.05=0.0% mean=0.611 p10=0.539 p90=0.667
Iter 0011860: train nll 0.299, valid error 100.000%, best valid error 100.000%, avg grad norm  44.748, avg grad norm (post clip)   0.053, rho_Whh  1.12, Omega  0.00, alpha  0.000, steps in the past 0.000, valid nll 0.239
  [diag] log10|dL/dh_t| hist bins=60 range=(-12.50,-11.50) mean=-12.00 p50=-12.00 p05=-12.00 p95=-12.00
  [diag] sat-dist hist bins=60 sat<0.05=0.0% mean=0.612 p10=0.539 p90=0.667
Iter 0011880: train nll 0.290, valid error 100.000%, best valid error 100.000%, avg grad norm  43.894, avg grad norm (post clip)   0.053, rho_Whh  1.12, Omega  0.00, alpha  0.000, steps in the past 0.000, valid nll 0.239
  [diag] log10|dL/dh_t| hist bins=60 range=(-12.50,-11.50) mean=-12.00 p50=-12.00 p05=-12.00 p95=-12.00
  [diag] sat-dist hist bins=60 sat<0.05=0.0% mean=0.628 p10=0.545 p90=0.669
Iter 0011900: train nll 0.280, valid error 100.000%, best valid error 100.000%, avg grad norm  46.626, avg grad norm (post clip)   0.053, rho_Whh  1.12, Omega  0.00, alpha  0.000, steps in the past 0.000, valid nll 0.270
  [diag] log10|dL/dh_t| hist bins=60 range=(-12.50,-11.50) mean=-12.00 p50=-12.00 p05=-12.00 p95=-12.00
  [diag] sat-dist hist bins=60 sat<0.05=0.0% mean=0.614 p10=0.540 p90=0.668
Iter 0011920: train nll 0.291, valid error 100.000%, best valid error 100.000%, avg grad norm  37.814, avg grad norm (post clip)   0.053, rho_Whh  1.12, Omega  0.00, alpha  0.000, steps in the past 0.000, valid nll 0.242
  [diag] log10|dL/dh_t| hist bins=60 range=(-12.50,-11.50) mean=-12.00 p50=-12.00 p05=-12.00 p95=-12.00
  [diag] sat-dist hist bins=60 sat<0.05=0.0% mean=0.614 p10=0.540 p90=0.668
Iter 0011940: train nll 0.309, valid error 100.000%, best valid error 100.000%, avg grad norm  42.482, avg grad norm (post clip)   0.053, rho_Whh  1.12, Omega  0.00, alpha  0.000, steps in the past 0.000, valid nll 0.242
  [diag] log10|dL/dh_t| hist bins=60 range=(-12.50,-11.50) mean=-12.00 p50=-12.00 p05=-12.00 p95=-12.00
  [diag] sat-dist hist bins=60 sat<0.05=0.0% mean=0.614 p10=0.540 p90=0.667
Iter 0011960: train nll 0.268, valid error 100.000%, best valid error 100.000%, avg grad norm  50.592, avg grad norm (post clip)   0.053, rho_Whh  1.12, Omega  0.00, alpha  0.000, steps in the past 0.000, valid nll 0.242
  [diag] log10|dL/dh_t| hist bins=60 range=(-12.50,-11.50) mean=-12.00 p50=-12.00 p05=-12.00 p95=-12.00
  [diag] sat-dist hist bins=60 sat<0.05=0.0% mean=0.630 p10=0.546 p90=0.669
Iter 0011980: train nll 0.312, valid error 100.000%, best valid error 100.000%, avg grad norm  45.158, avg grad norm (post clip)   0.053, rho_Whh  1.12, Omega  0.00, alpha  0.000, steps in the past 0.000, valid nll 0.273
  [diag] log10|dL/dh_t| hist bins=60 range=(-12.50,-11.50) mean=-12.00 p50=-12.00 p05=-12.00 p95=-12.00
  [diag] sat-dist hist bins=60 sat<0.05=0.0% mean=0.614 p10=0.540 p90=0.667
Iter 0012000: train nll 0.315, valid error 100.000%, best valid error 100.000%, avg grad norm  38.872, avg grad norm (post clip)   0.053, rho_Whh  1.12, Omega  0.00, alpha  0.000, steps in the past 0.000, valid nll 0.242
  [diag] log10|dL/dh_t| hist bins=60 range=(-12.50,-11.50) mean=-12.00 p50=-12.00 p05=-12.00 p95=-12.00
  [diag] sat-dist hist bins=60 sat<0.05=0.0% mean=0.576 p10=0.535 p90=0.613
Iter 0012020: train nll 0.264, valid error 100.000%, best valid error 100.000%, avg grad norm  41.730, avg grad norm (post clip)   0.053, rho_Whh  1.12, Omega  0.00, alpha  0.000, steps in the past 0.000, valid nll 0.246
  [diag] log10|dL/dh_t| hist bins=60 range=(-12.50,-11.50) mean=-12.00 p50=-12.00 p05=-12.00 p95=-12.00
  [diag] sat-dist hist bins=60 sat<0.05=0.0% mean=0.611 p10=0.539 p90=0.668
Iter 0012040: train nll 0.255, valid error 100.000%, best valid error 100.000%, avg grad norm  37.112, avg grad norm (post clip)   0.053, rho_Whh  1.12, Omega  0.00, alpha  0.000, steps in the past 0.000, valid nll 0.239
  [diag] log10|dL/dh_t| hist bins=60 range=(-12.50,-11.50) mean=-12.00 p50=-12.00 p05=-12.00 p95=-12.00
  [diag] sat-dist hist bins=60 sat<0.05=0.0% mean=0.611 p10=0.539 p90=0.668
Iter 0012060: train nll 0.321, valid error 100.000%, best valid error 100.000%, avg grad norm  39.138, avg grad norm (post clip)   0.053, rho_Whh  1.12, Omega  0.00, alpha  0.000, steps in the past 0.000, valid nll 0.239
  [diag] log10|dL/dh_t| hist bins=60 range=(-12.50,-11.50) mean=-12.00 p50=-12.00 p05=-12.00 p95=-12.00
  [diag] sat-dist hist bins=60 sat<0.05=0.0% mean=0.613 p10=0.539 p90=0.668
Iter 0012080: train nll 0.303, valid error 100.000%, best valid error 100.000%, avg grad norm  40.666, avg grad norm (post clip)   0.053, rho_Whh  1.12, Omega  0.00, alpha  0.000, steps in the past 0.000, valid nll 0.241
  [diag] log10|dL/dh_t| hist bins=60 range=(-12.50,-11.50) mean=-12.00 p50=-12.00 p05=-12.00 p95=-12.00
  [diag] sat-dist hist bins=60 sat<0.05=0.0% mean=0.614 p10=0.539 p90=0.668
Iter 0012100: train nll 0.296, valid error 100.000%, best valid error 100.000%, avg grad norm  44.211, avg grad norm (post clip)   0.053, rho_Whh  1.12, Omega  0.00, alpha  0.000, steps in the past 0.000, valid nll 0.241
  [diag] log10|dL/dh_t| hist bins=60 range=(-12.50,-11.50) mean=-12.00 p50=-12.00 p05=-12.00 p95=-12.00
  [diag] sat-dist hist bins=60 sat<0.05=0.0% mean=0.613 p10=0.539 p90=0.668
Iter 0012120: train nll 0.284, valid error 100.000%, best valid error 100.000%, avg grad norm  39.843, avg grad norm (post clip)   0.053, rho_Whh  1.12, Omega  0.00, alpha  0.000, steps in the past 0.000, valid nll 0.241
  [diag] log10|dL/dh_t| hist bins=60 range=(-12.50,-11.50) mean=-12.00 p50=-12.00 p05=-12.00 p95=-12.00
  [diag] sat-dist hist bins=60 sat<0.05=0.0% mean=0.613 p10=0.540 p90=0.668
Iter 0012140: train nll 0.314, valid error 100.000%, best valid error 100.000%, avg grad norm  45.719, avg grad norm (post clip)   0.053, rho_Whh  1.12, Omega  0.00, alpha  0.000, steps in the past 0.000, valid nll 0.241
  [diag] log10|dL/dh_t| hist bins=60 range=(-12.50,-11.50) mean=-12.00 p50=-12.00 p05=-12.00 p95=-12.00
  [diag] sat-dist hist bins=60 sat<0.05=0.0% mean=0.630 p10=0.545 p90=0.670
Iter 0012160: train nll 0.299, valid error 100.000%, best valid error 100.000%, avg grad norm  44.352, avg grad norm (post clip)   0.053, rho_Whh  1.12, Omega  0.00, alpha  0.000, steps in the past 0.000, valid nll 0.272
  [diag] log10|dL/dh_t| hist bins=60 range=(-12.50,-11.50) mean=-12.00 p50=-12.00 p05=-12.00 p95=-12.00
  [diag] sat-dist hist bins=60 sat<0.05=0.0% mean=0.645 p10=0.556 p90=0.672
Iter 0012180: train nll 0.348, valid error 100.000%, best valid error 100.000%, avg grad norm  29.304, avg grad norm (post clip)   0.053, rho_Whh  1.12, Omega  0.00, alpha  0.000, steps in the past 0.000, valid nll 0.326
  [diag] log10|dL/dh_t| hist bins=60 range=(-12.50,-11.50) mean=-12.00 p50=-12.00 p05=-12.00 p95=-12.00
  [diag] sat-dist hist bins=60 sat<0.05=0.0% mean=0.630 p10=0.545 p90=0.669
Iter 0012200: train nll 0.328, valid error 100.000%, best valid error 100.000%, avg grad norm  29.533, avg grad norm (post clip)   0.053, rho_Whh  1.12, Omega  0.00, alpha  0.000, steps in the past 0.000, valid nll 0.272
  [diag] log10|dL/dh_t| hist bins=60 range=(-12.50,-11.50) mean=-12.00 p50=-12.00 p05=-12.00 p95=-12.00
  [diag] sat-dist hist bins=60 sat<0.05=0.0% mean=0.574 p10=0.534 p90=0.609
Iter 0012220: train nll 0.313, valid error 100.000%, best valid error 100.000%, avg grad norm  38.910, avg grad norm (post clip)   0.053, rho_Whh  1.12, Omega  0.00, alpha  0.000, steps in the past 0.000, valid nll 0.247
  [diag] log10|dL/dh_t| hist bins=60 range=(-12.50,-11.50) mean=-12.00 p50=-12.00 p05=-12.00 p95=-12.00
  [diag] sat-dist hist bins=60 sat<0.05=0.0% mean=0.574 p10=0.534 p90=0.610
Iter 0012240: train nll 0.299, valid error 100.000%, best valid error 100.000%, avg grad norm  40.862, avg grad norm (post clip)   0.053, rho_Whh  1.12, Omega  0.00, alpha  0.000, steps in the past 0.000, valid nll 0.247
  [diag] log10|dL/dh_t| hist bins=60 range=(-12.50,-11.50) mean=-12.00 p50=-12.00 p05=-12.00 p95=-12.00
  [diag] sat-dist hist bins=60 sat<0.05=0.0% mean=0.598 p10=0.536 p90=0.664
Iter 0012260: train nll 0.284, valid error 100.000%, best valid error 100.000%, avg grad norm  44.018, avg grad norm (post clip)   0.053, rho_Whh  1.12, Omega  0.00, alpha  0.000, steps in the past 0.000, valid nll 0.232
  [diag] log10|dL/dh_t| hist bins=60 range=(-12.50,-11.50) mean=-12.00 p50=-12.00 p05=-12.00 p95=-12.00
  [diag] sat-dist hist bins=60 sat<0.05=0.0% mean=0.634 p10=0.547 p90=0.671
Iter 0012280: train nll 0.324, valid error 100.000%, best valid error 100.000%, avg grad norm  37.054, avg grad norm (post clip)   0.053, rho_Whh  1.12, Omega  0.00, alpha  0.000, steps in the past 0.000, valid nll 0.286
  [diag] log10|dL/dh_t| hist bins=60 range=(-12.50,-11.50) mean=-12.00 p50=-12.00 p05=-12.00 p95=-12.00
  [diag] sat-dist hist bins=60 sat<0.05=0.0% mean=0.597 p10=0.536 p90=0.664
Iter 0012300: train nll 0.311, valid error 100.000%, best valid error 100.000%, avg grad norm  32.196, avg grad norm (post clip)   0.053, rho_Whh  1.12, Omega  0.00, alpha  0.000, steps in the past 0.000, valid nll 0.231
  [diag] log10|dL/dh_t| hist bins=60 range=(-12.50,-11.50) mean=-12.00 p50=-12.00 p05=-12.00 p95=-12.00
  [diag] sat-dist hist bins=60 sat<0.05=0.0% mean=0.623 p10=0.542 p90=0.669
Iter 0012320: train nll 0.329, valid error 100.000%, best valid error 100.000%, avg grad norm  44.286, avg grad norm (post clip)   0.053, rho_Whh  1.12, Omega  0.00, alpha  0.000, steps in the past 0.000, valid nll 0.256
  [diag] log10|dL/dh_t| hist bins=60 range=(-12.50,-11.50) mean=-12.00 p50=-12.00 p05=-12.00 p95=-12.00
  [diag] sat-dist hist bins=60 sat<0.05=0.0% mean=0.635 p10=0.548 p90=0.671
Iter 0012340: train nll 0.275, valid error 100.000%, best valid error 100.000%, avg grad norm  45.240, avg grad norm (post clip)   0.053, rho_Whh  1.12, Omega  0.00, alpha  0.000, steps in the past 0.000, valid nll 0.288
  [diag] log10|dL/dh_t| hist bins=60 range=(-12.50,-11.50) mean=-12.00 p50=-12.00 p05=-12.00 p95=-12.00
  [diag] sat-dist hist bins=60 sat<0.05=0.0% mean=0.597 p10=0.536 p90=0.664
Iter 0012360: train nll 0.273, valid error 100.000%, best valid error 100.000%, avg grad norm  42.428, avg grad norm (post clip)   0.053, rho_Whh  1.12, Omega  0.00, alpha  0.000, steps in the past 0.000, valid nll 0.232
  [diag] log10|dL/dh_t| hist bins=60 range=(-12.50,-11.50) mean=-12.00 p50=-12.00 p05=-12.00 p95=-12.00
  [diag] sat-dist hist bins=60 sat<0.05=0.0% mean=0.623 p10=0.542 p90=0.669
Iter 0012380: train nll 0.299, valid error 100.000%, best valid error 100.000%, avg grad norm  40.590, avg grad norm (post clip)   0.053, rho_Whh  1.12, Omega  0.00, alpha  0.000, steps in the past 0.000, valid nll 0.256
  [diag] log10|dL/dh_t| hist bins=60 range=(-12.50,-11.50) mean=-12.00 p50=-12.00 p05=-12.00 p95=-12.00
  [diag] sat-dist hist bins=60 sat<0.05=0.0% mean=0.635 p10=0.548 p90=0.671
Iter 0012400: train nll 0.297, valid error 100.000%, best valid error 100.000%, avg grad norm  42.628, avg grad norm (post clip)   0.053, rho_Whh  1.12, Omega  0.00, alpha  0.000, steps in the past 0.000, valid nll 0.288
  [diag] log10|dL/dh_t| hist bins=60 range=(-12.50,-11.50) mean=-12.00 p50=-12.00 p05=-12.00 p95=-12.00
  [diag] sat-dist hist bins=60 sat<0.05=0.0% mean=0.597 p10=0.536 p90=0.664
Iter 0012420: train nll 0.284, valid error 100.000%, best valid error 100.000%, avg grad norm  40.187, avg grad norm (post clip)   0.053, rho_Whh  1.12, Omega  0.00, alpha  0.000, steps in the past 0.000, valid nll 0.231
  [diag] log10|dL/dh_t| hist bins=60 range=(-12.50,-11.50) mean=-12.00 p50=-12.00 p05=-12.00 p95=-12.00
  [diag] sat-dist hist bins=60 sat<0.05=0.0% mean=0.623 p10=0.542 p90=0.669
Iter 0012440: train nll 0.318, valid error 100.000%, best valid error 100.000%, avg grad norm  38.052, avg grad norm (post clip)   0.053, rho_Whh  1.12, Omega  0.00, alpha  0.000, steps in the past 0.000, valid nll 0.256
  [diag] log10|dL/dh_t| hist bins=60 range=(-12.50,-11.50) mean=-12.00 p50=-12.00 p05=-12.00 p95=-12.00
  [diag] sat-dist hist bins=60 sat<0.05=0.0% mean=0.620 p10=0.540 p90=0.669
Iter 0012460: train nll 0.319, valid error 100.000%, best valid error 100.000%, avg grad norm  38.393, avg grad norm (post clip)   0.053, rho_Whh  1.12, Omega  0.00, alpha  0.000, steps in the past 0.000, valid nll 0.251
  [diag] log10|dL/dh_t| hist bins=60 range=(-12.50,-11.50) mean=-12.00 p50=-12.00 p05=-12.00 p95=-12.00
  [diag] sat-dist hist bins=60 sat<0.05=0.0% mean=0.620 p10=0.541 p90=0.669
Iter 0012480: train nll 0.322, valid error 100.000%, best valid error 100.000%, avg grad norm  39.827, avg grad norm (post clip)   0.053, rho_Whh  1.12, Omega  0.00, alpha  0.000, steps in the past 0.000, valid nll 0.251
  [diag] log10|dL/dh_t| hist bins=60 range=(-12.50,-11.50) mean=-12.00 p50=-12.00 p05=-12.00 p95=-12.00
  [diag] sat-dist hist bins=60 sat<0.05=0.0% mean=0.620 p10=0.541 p90=0.669
Iter 0012500: train nll 0.298, valid error 100.000%, best valid error 100.000%, avg grad norm  47.352, avg grad norm (post clip)   0.053, rho_Whh  1.12, Omega  0.00, alpha  0.000, steps in the past 0.000, valid nll 0.251
  [diag] log10|dL/dh_t| hist bins=60 range=(-12.50,-11.50) mean=-12.00 p50=-12.00 p05=-12.00 p95=-12.00
  [diag] sat-dist hist bins=60 sat<0.05=0.0% mean=0.590 p10=0.535 p90=0.652
Iter 0012520: train nll 0.293, valid error 100.000%, best valid error 100.000%, avg grad norm  41.284, avg grad norm (post clip)   0.053, rho_Whh  1.12, Omega  0.00, alpha  0.000, steps in the past 0.000, valid nll 0.233
  [diag] log10|dL/dh_t| hist bins=60 range=(-12.50,-11.50) mean=-12.00 p50=-12.00 p05=-12.00 p95=-12.00
  [diag] sat-dist hist bins=60 sat<0.05=0.0% mean=0.620 p10=0.541 p90=0.669
Iter 0012540: train nll 0.314, valid error 100.000%, best valid error 100.000%, avg grad norm  47.888, avg grad norm (post clip)   0.053, rho_Whh  1.12, Omega  0.00, alpha  0.000, steps in the past 0.000, valid nll 0.251
  [diag] log10|dL/dh_t| hist bins=60 range=(-12.50,-11.50) mean=-12.00 p50=-12.00 p05=-12.00 p95=-12.00
  [diag] sat-dist hist bins=60 sat<0.05=0.0% mean=0.620 p10=0.541 p90=0.669
Iter 0012560: train nll 0.296, valid error 100.000%, best valid error 100.000%, avg grad norm  40.885, avg grad norm (post clip)   0.053, rho_Whh  1.12, Omega  0.00, alpha  0.000, steps in the past 0.000, valid nll 0.251
  [diag] log10|dL/dh_t| hist bins=60 range=(-12.50,-11.50) mean=-12.00 p50=-12.00 p05=-12.00 p95=-12.00
  [diag] sat-dist hist bins=60 sat<0.05=0.0% mean=0.620 p10=0.541 p90=0.669
Iter 0012580: train nll 0.304, valid error 100.000%, best valid error 100.000%, avg grad norm  44.697, avg grad norm (post clip)   0.053, rho_Whh  1.12, Omega  0.00, alpha  0.000, steps in the past 0.000, valid nll 0.251
  [diag] log10|dL/dh_t| hist bins=60 range=(-12.50,-11.50) mean=-12.00 p50=-12.00 p05=-12.00 p95=-12.00
  [diag] sat-dist hist bins=60 sat<0.05=0.0% mean=0.621 p10=0.541 p90=0.669
Iter 0012600: train nll 0.307, valid error 100.000%, best valid error 100.000%, avg grad norm  45.346, avg grad norm (post clip)   0.053, rho_Whh  1.12, Omega  0.00, alpha  0.000, steps in the past 0.000, valid nll 0.253
  [diag] log10|dL/dh_t| hist bins=60 range=(-12.50,-11.50) mean=-12.00 p50=-12.00 p05=-12.00 p95=-12.00
  [diag] sat-dist hist bins=60 sat<0.05=0.0% mean=0.621 p10=0.541 p90=0.669
Iter 0012620: train nll 0.305, valid error 100.000%, best valid error 100.000%, avg grad norm  41.566, avg grad norm (post clip)   0.053, rho_Whh  1.12, Omega  0.00, alpha  0.000, steps in the past 0.000, valid nll 0.253
  [diag] log10|dL/dh_t| hist bins=60 range=(-12.50,-11.50) mean=-12.00 p50=-12.00 p05=-12.00 p95=-12.00
  [diag] sat-dist hist bins=60 sat<0.05=0.0% mean=0.621 p10=0.541 p90=0.669
Iter 0012640: train nll 0.290, valid error 100.000%, best valid error 100.000%, avg grad norm  43.305, avg grad norm (post clip)   0.053, rho_Whh  1.12, Omega  0.00, alpha  0.000, steps in the past 0.000, valid nll 0.253
  [diag] log10|dL/dh_t| hist bins=60 range=(-12.50,-11.50) mean=-12.00 p50=-12.00 p05=-12.00 p95=-12.00
  [diag] sat-dist hist bins=60 sat<0.05=0.0% mean=0.621 p10=0.541 p90=0.669
Iter 0012660: train nll 0.315, valid error 100.000%, best valid error 100.000%, avg grad norm  39.738, avg grad norm (post clip)   0.053, rho_Whh  1.12, Omega  0.00, alpha  0.000, steps in the past 0.000, valid nll 0.253
  [diag] log10|dL/dh_t| hist bins=60 range=(-12.50,-11.50) mean=-12.00 p50=-12.00 p05=-12.00 p95=-12.00
  [diag] sat-dist hist bins=60 sat<0.05=0.0% mean=0.621 p10=0.542 p90=0.669
Iter 0012680: train nll 0.284, valid error 100.000%, best valid error 100.000%, avg grad norm  49.023, avg grad norm (post clip)   0.053, rho_Whh  1.12, Omega  0.00, alpha  0.000, steps in the past 0.000, valid nll 0.253
  [diag] log10|dL/dh_t| hist bins=60 range=(-12.50,-11.50) mean=-12.00 p50=-12.00 p05=-12.00 p95=-12.00
  [diag] sat-dist hist bins=60 sat<0.05=0.0% mean=0.613 p10=0.539 p90=0.669
Iter 0012700: train nll 0.320, valid error 100.000%, best valid error 100.000%, avg grad norm  37.037, avg grad norm (post clip)   0.053, rho_Whh  1.12, Omega  0.00, alpha  0.000, steps in the past 0.000, valid nll 0.240
  [diag] log10|dL/dh_t| hist bins=60 range=(-12.50,-11.50) mean=-12.00 p50=-12.00 p05=-12.00 p95=-12.00
  [diag] sat-dist hist bins=60 sat<0.05=0.0% mean=0.629 p10=0.545 p90=0.670
Iter 0012720: train nll 0.327, valid error 100.000%, best valid error 100.000%, avg grad norm  43.083, avg grad norm (post clip)   0.053, rho_Whh  1.12, Omega  0.00, alpha  0.000, steps in the past 0.000, valid nll 0.271
  [diag] log10|dL/dh_t| hist bins=60 range=(-12.50,-11.50) mean=-12.00 p50=-12.00 p05=-12.00 p95=-12.00
  [diag] sat-dist hist bins=60 sat<0.05=0.0% mean=0.629 p10=0.545 p90=0.670
Iter 0012740: train nll 0.327, valid error 100.000%, best valid error 100.000%, avg grad norm  43.944, avg grad norm (post clip)   0.053, rho_Whh  1.12, Omega  0.00, alpha  0.000, steps in the past 0.000, valid nll 0.271
  [diag] log10|dL/dh_t| hist bins=60 range=(-12.50,-11.50) mean=-12.00 p50=-12.00 p05=-12.00 p95=-12.00
  [diag] sat-dist hist bins=60 sat<0.05=0.0% mean=0.630 p10=0.545 p90=0.670
Iter 0012760: train nll 0.314, valid error 100.000%, best valid error 100.000%, avg grad norm  36.073, avg grad norm (post clip)   0.053, rho_Whh  1.12, Omega  0.00, alpha  0.000, steps in the past 0.000, valid nll 0.271
  [diag] log10|dL/dh_t| hist bins=60 range=(-12.50,-11.50) mean=-12.00 p50=-12.00 p05=-12.00 p95=-12.00
  [diag] sat-dist hist bins=60 sat<0.05=0.0% mean=0.613 p10=0.539 p90=0.668
Iter 0012780: train nll 0.288, valid error 100.000%, best valid error 100.000%, avg grad norm  36.691, avg grad norm (post clip)   0.053, rho_Whh  1.12, Omega  0.00, alpha  0.000, steps in the past 0.000, valid nll 0.240
  [diag] log10|dL/dh_t| hist bins=60 range=(-12.50,-11.50) mean=-12.00 p50=-12.00 p05=-12.00 p95=-12.00
  [diag] sat-dist hist bins=60 sat<0.05=0.0% mean=0.613 p10=0.539 p90=0.668
Iter 0012800: train nll 0.287, valid error 100.000%, best valid error 100.000%, avg grad norm  41.803, avg grad norm (post clip)   0.053, rho_Whh  1.12, Omega  0.00, alpha  0.000, steps in the past 0.000, valid nll 0.240
  [diag] log10|dL/dh_t| hist bins=60 range=(-12.50,-11.50) mean=-12.00 p50=-12.00 p05=-12.00 p95=-12.00
  [diag] sat-dist hist bins=60 sat<0.05=0.0% mean=0.613 p10=0.539 p90=0.668
Iter 0012820: train nll 0.327, valid error 100.000%, best valid error 100.000%, avg grad norm  38.836, avg grad norm (post clip)   0.053, rho_Whh  1.12, Omega  0.00, alpha  0.000, steps in the past 0.000, valid nll 0.240
  [diag] log10|dL/dh_t| hist bins=60 range=(-12.50,-11.50) mean=-12.00 p50=-12.00 p05=-12.00 p95=-12.00
  [diag] sat-dist hist bins=60 sat<0.05=0.0% mean=0.630 p10=0.545 p90=0.670
Iter 0012840: train nll 0.298, valid error 100.000%, best valid error 100.000%, avg grad norm  41.209, avg grad norm (post clip)   0.053, rho_Whh  1.12, Omega  0.00, alpha  0.000, steps in the past 0.000, valid nll 0.271
  [diag] log10|dL/dh_t| hist bins=60 range=(-12.50,-11.50) mean=-12.00 p50=-12.00 p05=-12.00 p95=-12.00
  [diag] sat-dist hist bins=60 sat<0.05=0.0% mean=0.630 p10=0.545 p90=0.670
Iter 0012860: train nll 0.301, valid error 100.000%, best valid error 100.000%, avg grad norm  37.927, avg grad norm (post clip)   0.053, rho_Whh  1.12, Omega  0.00, alpha  0.000, steps in the past 0.000, valid nll 0.271
  [diag] log10|dL/dh_t| hist bins=60 range=(-12.50,-11.50) mean=-12.00 p50=-12.00 p05=-12.00 p95=-12.00
  [diag] sat-dist hist bins=60 sat<0.05=0.0% mean=0.630 p10=0.545 p90=0.670
Iter 0012880: train nll 0.308, valid error 100.000%, best valid error 100.000%, avg grad norm  37.085, avg grad norm (post clip)   0.053, rho_Whh  1.12, Omega  0.00, alpha  0.000, steps in the past 0.000, valid nll 0.271
  [diag] log10|dL/dh_t| hist bins=60 range=(-12.50,-11.50) mean=-12.00 p50=-12.00 p05=-12.00 p95=-12.00
  [diag] sat-dist hist bins=60 sat<0.05=0.0% mean=0.614 p10=0.539 p90=0.668
Iter 0012900: train nll 0.290, valid error 100.000%, best valid error 100.000%, avg grad norm  40.918, avg grad norm (post clip)   0.053, rho_Whh  1.12, Omega  0.00, alpha  0.000, steps in the past 0.000, valid nll 0.241
  [diag] log10|dL/dh_t| hist bins=60 range=(-12.50,-11.50) mean=-12.00 p50=-12.00 p05=-12.00 p95=-12.00
  [diag] sat-dist hist bins=60 sat<0.05=0.0% mean=0.630 p10=0.545 p90=0.670
Iter 0012920: train nll 0.301, valid error 100.000%, best valid error 100.000%, avg grad norm  40.183, avg grad norm (post clip)   0.053, rho_Whh  1.12, Omega  0.00, alpha  0.000, steps in the past 0.000, valid nll 0.271
  [diag] log10|dL/dh_t| hist bins=60 range=(-12.50,-11.50) mean=-12.00 p50=-12.00 p05=-12.00 p95=-12.00
  [diag] sat-dist hist bins=60 sat<0.05=0.0% mean=0.613 p10=0.539 p90=0.668
Iter 0012940: train nll 0.285, valid error 100.000%, best valid error 100.000%, avg grad norm  34.038, avg grad norm (post clip)   0.053, rho_Whh  1.12, Omega  0.00, alpha  0.000, steps in the past 0.000, valid nll 0.240
  [diag] log10|dL/dh_t| hist bins=60 range=(-12.50,-11.50) mean=-12.00 p50=-12.00 p05=-12.00 p95=-12.00
  [diag] sat-dist hist bins=60 sat<0.05=0.0% mean=0.612 p10=0.539 p90=0.668
Iter 0012960: train nll 0.297, valid error 100.000%, best valid error 100.000%, avg grad norm  45.311, avg grad norm (post clip)   0.053, rho_Whh  1.12, Omega  0.00, alpha  0.000, steps in the past 0.000, valid nll 0.239
  [diag] log10|dL/dh_t| hist bins=60 range=(-12.50,-11.50) mean=-12.00 p50=-12.00 p05=-12.00 p95=-12.00
  [diag] sat-dist hist bins=60 sat<0.05=0.0% mean=0.612 p10=0.539 p90=0.668
Iter 0012980: train nll 0.300, valid error 100.000%, best valid error 100.000%, avg grad norm  41.728, avg grad norm (post clip)   0.053, rho_Whh  1.12, Omega  0.00, alpha  0.000, steps in the past 0.000, valid nll 0.239
  [diag] log10|dL/dh_t| hist bins=60 range=(-12.50,-11.50) mean=-12.00 p50=-12.00 p05=-12.00 p95=-12.00
  [diag] sat-dist hist bins=60 sat<0.05=0.0% mean=0.639 p10=0.551 p90=0.672
Iter 0013000: train nll 0.325, valid error 100.000%, best valid error 100.000%, avg grad norm  33.727, avg grad norm (post clip)   0.053, rho_Whh  1.12, Omega  0.00, alpha  0.000, steps in the past 0.000, valid nll 0.301
  [diag] log10|dL/dh_t| hist bins=60 range=(-12.50,-11.50) mean=-12.00 p50=-12.00 p05=-12.00 p95=-12.00
  [diag] sat-dist hist bins=60 sat<0.05=0.0% mean=0.630 p10=0.545 p90=0.671
Iter 0013020: train nll 0.328, valid error 100.000%, best valid error 100.000%, avg grad norm  34.358, avg grad norm (post clip)   0.053, rho_Whh  1.12, Omega  0.00, alpha  0.000, steps in the past 0.000, valid nll 0.272
  [diag] log10|dL/dh_t| hist bins=60 range=(-12.50,-11.50) mean=-12.00 p50=-12.00 p05=-12.00 p95=-12.00
  [diag] sat-dist hist bins=60 sat<0.05=0.0% mean=0.618 p10=0.540 p90=0.670
Iter 0013040: train nll 0.283, valid error 100.000%, best valid error 100.000%, avg grad norm  41.009, avg grad norm (post clip)   0.053, rho_Whh  1.12, Omega  0.00, alpha  0.000, steps in the past 0.000, valid nll 0.247
  [diag] log10|dL/dh_t| hist bins=60 range=(-12.50,-11.50) mean=-12.00 p50=-12.00 p05=-12.00 p95=-12.00
  [diag] sat-dist hist bins=60 sat<0.05=0.0% mean=0.631 p10=0.545 p90=0.671
Iter 0013060: train nll 0.285, valid error 100.000%, best valid error 100.000%, avg grad norm  45.064, avg grad norm (post clip)   0.053, rho_Whh  1.12, Omega  0.00, alpha  0.000, steps in the past 0.000, valid nll 0.277
  [diag] log10|dL/dh_t| hist bins=60 range=(-12.50,-11.50) mean=-12.00 p50=-12.00 p05=-12.00 p95=-12.00
  [diag] sat-dist hist bins=60 sat<0.05=0.0% mean=0.579 p10=0.534 p90=0.625
Iter 0013080: train nll 0.287, valid error 100.000%, best valid error 100.000%, avg grad norm  34.652, avg grad norm (post clip)   0.053, rho_Whh  1.12, Omega  0.00, alpha  0.000, steps in the past 0.000, valid nll 0.241
  [diag] log10|dL/dh_t| hist bins=60 range=(-12.50,-11.50) mean=-12.00 p50=-12.00 p05=-12.00 p95=-12.00
  [diag] sat-dist hist bins=60 sat<0.05=0.0% mean=0.632 p10=0.545 p90=0.671
Iter 0013100: train nll 0.323, valid error 100.000%, best valid error 100.000%, avg grad norm  40.956, avg grad norm (post clip)   0.053, rho_Whh  1.12, Omega  0.00, alpha  0.000, steps in the past 0.000, valid nll 0.277
  [diag] log10|dL/dh_t| hist bins=60 range=(-12.50,-11.50) mean=-12.00 p50=-12.00 p05=-12.00 p95=-12.00
  [diag] sat-dist hist bins=60 sat<0.05=0.0% mean=0.640 p10=0.551 p90=0.673
Iter 0013120: train nll 0.324, valid error 100.000%, best valid error 100.000%, avg grad norm  40.511, avg grad norm (post clip)   0.053, rho_Whh  1.12, Omega  0.00, alpha  0.000, steps in the past 0.000, valid nll 0.307
  [diag] log10|dL/dh_t| hist bins=60 range=(-12.50,-11.50) mean=-12.00 p50=-12.00 p05=-12.00 p95=-12.00
  [diag] sat-dist hist bins=60 sat<0.05=0.0% mean=0.616 p10=0.539 p90=0.669
Iter 0013140: train nll 0.299, valid error 100.000%, best valid error 100.000%, avg grad norm  40.247, avg grad norm (post clip)   0.053, rho_Whh  1.12, Omega  0.00, alpha  0.000, steps in the past 0.000, valid nll 0.244
  [diag] log10|dL/dh_t| hist bins=60 range=(-12.50,-11.50) mean=-12.00 p50=-12.00 p05=-12.00 p95=-12.00
  [diag] sat-dist hist bins=60 sat<0.05=0.0% mean=0.616 p10=0.539 p90=0.669
Iter 0013160: train nll 0.282, valid error 100.000%, best valid error 100.000%, avg grad norm  47.383, avg grad norm (post clip)   0.053, rho_Whh  1.12, Omega  0.00, alpha  0.000, steps in the past 0.000, valid nll 0.244
  [diag] log10|dL/dh_t| hist bins=60 range=(-12.50,-11.50) mean=-12.00 p50=-12.00 p05=-12.00 p95=-12.00
  [diag] sat-dist hist bins=60 sat<0.05=0.0% mean=0.631 p10=0.545 p90=0.671
Iter 0013180: train nll 0.318, valid error 100.000%, best valid error 100.000%, avg grad norm  42.331, avg grad norm (post clip)   0.053, rho_Whh  1.12, Omega  0.00, alpha  0.000, steps in the past 0.000, valid nll 0.276
  [diag] log10|dL/dh_t| hist bins=60 range=(-12.50,-11.50) mean=-12.00 p50=-12.00 p05=-12.00 p95=-12.00
  [diag] sat-dist hist bins=60 sat<0.05=0.0% mean=0.616 p10=0.539 p90=0.669
Iter 0013200: train nll 0.311, valid error 100.000%, best valid error 100.000%, avg grad norm  34.119, avg grad norm (post clip)   0.053, rho_Whh  1.12, Omega  0.00, alpha  0.000, steps in the past 0.000, valid nll 0.243
  [diag] log10|dL/dh_t| hist bins=60 range=(-12.50,-11.50) mean=-12.00 p50=-12.00 p05=-12.00 p95=-12.00
  [diag] sat-dist hist bins=60 sat<0.05=0.0% mean=0.616 p10=0.539 p90=0.669
Iter 0013220: train nll 0.306, valid error 100.000%, best valid error 100.000%, avg grad norm  42.837, avg grad norm (post clip)   0.053, rho_Whh  1.12, Omega  0.00, alpha  0.000, steps in the past 0.000, valid nll 0.243
  [diag] log10|dL/dh_t| hist bins=60 range=(-12.50,-11.50) mean=-12.00 p50=-12.00 p05=-12.00 p95=-12.00
  [diag] sat-dist hist bins=60 sat<0.05=0.0% mean=0.631 p10=0.545 p90=0.671
Iter 0013240: train nll 0.311, valid error 100.000%, best valid error 100.000%, avg grad norm  34.539, avg grad norm (post clip)   0.053, rho_Whh  1.12, Omega  0.00, alpha  0.000, steps in the past 0.000, valid nll 0.274
  [diag] log10|dL/dh_t| hist bins=60 range=(-12.50,-11.50) mean=-12.00 p50=-12.00 p05=-12.00 p95=-12.00
  [diag] sat-dist hist bins=60 sat<0.05=0.0% mean=0.631 p10=0.545 p90=0.671
Iter 0013260: train nll 0.301, valid error 100.000%, best valid error 100.000%, avg grad norm  42.580, avg grad norm (post clip)   0.053, rho_Whh  1.12, Omega  0.00, alpha  0.000, steps in the past 0.000, valid nll 0.275
  [diag] log10|dL/dh_t| hist bins=60 range=(-12.50,-11.50) mean=-12.00 p50=-12.00 p05=-12.00 p95=-12.00
  [diag] sat-dist hist bins=60 sat<0.05=0.0% mean=0.616 p10=0.539 p90=0.669
Iter 0013280: train nll 0.307, valid error 100.000%, best valid error 100.000%, avg grad norm  46.122, avg grad norm (post clip)   0.053, rho_Whh  1.12, Omega  0.00, alpha  0.000, steps in the past 0.000, valid nll 0.243
  [diag] log10|dL/dh_t| hist bins=60 range=(-12.50,-11.50) mean=-12.00 p50=-12.00 p05=-12.00 p95=-12.00
  [diag] sat-dist hist bins=60 sat<0.05=0.0% mean=0.631 p10=0.545 p90=0.671
Iter 0013300: train nll 0.329, valid error 100.000%, best valid error 100.000%, avg grad norm  40.010, avg grad norm (post clip)   0.053, rho_Whh  1.12, Omega  0.00, alpha  0.000, steps in the past 0.000, valid nll 0.275
  [diag] log10|dL/dh_t| hist bins=60 range=(-12.50,-11.50) mean=-12.00 p50=-12.00 p05=-12.00 p95=-12.00
  [diag] sat-dist hist bins=60 sat<0.05=0.0% mean=0.622 p10=0.541 p90=0.670
Iter 0013320: train nll 0.299, valid error 100.000%, best valid error 100.000%, avg grad norm  38.858, avg grad norm (post clip)   0.053, rho_Whh  1.12, Omega  0.00, alpha  0.000, steps in the past 0.000, valid nll 0.255
  [diag] log10|dL/dh_t| hist bins=60 range=(-12.50,-11.50) mean=-12.00 p50=-12.00 p05=-12.00 p95=-12.00
  [diag] sat-dist hist bins=60 sat<0.05=0.0% mean=0.597 p10=0.535 p90=0.666
Iter 0013340: train nll 0.253, valid error 100.000%, best valid error 100.000%, avg grad norm  50.208, avg grad norm (post clip)   0.053, rho_Whh  1.12, Omega  0.00, alpha  0.000, steps in the past 0.000, valid nll 0.231
  [diag] log10|dL/dh_t| hist bins=60 range=(-12.50,-11.50) mean=-12.00 p50=-12.00 p05=-12.00 p95=-12.00
  [diag] sat-dist hist bins=60 sat<0.05=0.0% mean=0.623 p10=0.541 p90=0.670
Iter 0013360: train nll 0.322, valid error 100.000%, best valid error 100.000%, avg grad norm  46.262, avg grad norm (post clip)   0.053, rho_Whh  1.12, Omega  0.00, alpha  0.000, steps in the past 0.000, valid nll 0.256
  [diag] log10|dL/dh_t| hist bins=60 range=(-12.50,-11.50) mean=-12.00 p50=-12.00 p05=-12.00 p95=-12.00
  [diag] sat-dist hist bins=60 sat<0.05=0.0% mean=0.615 p10=0.538 p90=0.670
Iter 0013380: train nll 0.321, valid error 100.000%, best valid error 100.000%, avg grad norm  38.252, avg grad norm (post clip)   0.053, rho_Whh  1.12, Omega  0.00, alpha  0.000, steps in the past 0.000, valid nll 0.242
  [diag] log10|dL/dh_t| hist bins=60 range=(-12.50,-11.50) mean=-12.00 p50=-12.00 p05=-12.00 p95=-12.00
  [diag] sat-dist hist bins=60 sat<0.05=0.0% mean=0.576 p10=0.533 p90=0.617
Iter 0013400: train nll 0.283, valid error 100.000%, best valid error 100.000%, avg grad norm  44.434, avg grad norm (post clip)   0.053, rho_Whh  1.12, Omega  0.00, alpha  0.000, steps in the past 0.000, valid nll 0.244
  [diag] log10|dL/dh_t| hist bins=60 range=(-12.50,-11.50) mean=-12.00 p50=-12.00 p05=-12.00 p95=-12.00
  [diag] sat-dist hist bins=60 sat<0.05=0.0% mean=0.616 p10=0.538 p90=0.670
Iter 0013420: train nll 0.293, valid error 100.000%, best valid error 100.000%, avg grad norm  41.316, avg grad norm (post clip)   0.053, rho_Whh  1.12, Omega  0.00, alpha  0.000, steps in the past 0.000, valid nll 0.244
  [diag] log10|dL/dh_t| hist bins=60 range=(-12.50,-11.50) mean=-12.00 p50=-12.00 p05=-12.00 p95=-12.00
  [diag] sat-dist hist bins=60 sat<0.05=0.0% mean=0.575 p10=0.533 p90=0.616
Iter 0013440: train nll 0.271, valid error 100.000%, best valid error 100.000%, avg grad norm  48.866, avg grad norm (post clip)   0.053, rho_Whh  1.12, Omega  0.00, alpha  0.000, steps in the past 0.000, valid nll 0.244
  [diag] log10|dL/dh_t| hist bins=60 range=(-12.50,-11.50) mean=-12.00 p50=-12.00 p05=-12.00 p95=-12.00
  [diag] sat-dist hist bins=60 sat<0.05=0.0% mean=0.631 p10=0.544 p90=0.672
Iter 0013460: train nll 0.295, valid error 100.000%, best valid error 100.000%, avg grad norm  43.692, avg grad norm (post clip)   0.053, rho_Whh  1.12, Omega  0.00, alpha  0.000, steps in the past 0.000, valid nll 0.276
  [diag] log10|dL/dh_t| hist bins=60 range=(-12.50,-11.50) mean=-12.00 p50=-12.00 p05=-12.00 p95=-12.00
  [diag] sat-dist hist bins=60 sat<0.05=0.0% mean=0.615 p10=0.538 p90=0.670
Iter 0013480: train nll 0.306, valid error 100.000%, best valid error 100.000%, avg grad norm  43.331, avg grad norm (post clip)   0.053, rho_Whh  1.12, Omega  0.00, alpha  0.000, steps in the past 0.000, valid nll 0.242
  [diag] log10|dL/dh_t| hist bins=60 range=(-12.50,-11.50) mean=-12.00 p50=-12.00 p05=-12.00 p95=-12.00
  [diag] sat-dist hist bins=60 sat<0.05=0.0% mean=0.615 p10=0.538 p90=0.670
Iter 0013500: train nll 0.339, valid error 100.000%, best valid error 100.000%, avg grad norm  44.174, avg grad norm (post clip)   0.053, rho_Whh  1.12, Omega  0.00, alpha  0.000, steps in the past 0.000, valid nll 0.242
  [diag] log10|dL/dh_t| hist bins=60 range=(-12.50,-11.50) mean=-12.00 p50=-12.00 p05=-12.00 p95=-12.00
  [diag] sat-dist hist bins=60 sat<0.05=0.0% mean=0.615 p10=0.539 p90=0.670
Iter 0013520: train nll 0.324, valid error 100.000%, best valid error 100.000%, avg grad norm  43.326, avg grad norm (post clip)   0.053, rho_Whh  1.12, Omega  0.00, alpha  0.000, steps in the past 0.000, valid nll 0.242
  [diag] log10|dL/dh_t| hist bins=60 range=(-12.50,-11.50) mean=-12.00 p50=-12.00 p05=-12.00 p95=-12.00
  [diag] sat-dist hist bins=60 sat<0.05=0.0% mean=0.632 p10=0.545 p90=0.672
Iter 0013540: train nll 0.276, valid error 100.000%, best valid error 100.000%, avg grad norm  43.245, avg grad norm (post clip)   0.053, rho_Whh  1.12, Omega  0.00, alpha  0.000, steps in the past 0.000, valid nll 0.277
  [diag] log10|dL/dh_t| hist bins=60 range=(-12.50,-11.50) mean=-12.00 p50=-12.00 p05=-12.00 p95=-12.00
  [diag] sat-dist hist bins=60 sat<0.05=0.0% mean=0.616 p10=0.539 p90=0.670
Iter 0013560: train nll 0.277, valid error 100.000%, best valid error 100.000%, avg grad norm  48.226, avg grad norm (post clip)   0.053, rho_Whh  1.12, Omega  0.00, alpha  0.000, steps in the past 0.000, valid nll 0.244
  [diag] log10|dL/dh_t| hist bins=60 range=(-12.50,-11.50) mean=-12.00 p50=-12.00 p05=-12.00 p95=-12.00
  [diag] sat-dist hist bins=60 sat<0.05=0.0% mean=0.632 p10=0.545 p90=0.672
Iter 0013580: train nll 0.315, valid error 100.000%, best valid error 100.000%, avg grad norm  43.009, avg grad norm (post clip)   0.053, rho_Whh  1.12, Omega  0.00, alpha  0.000, steps in the past 0.000, valid nll 0.277
  [diag] log10|dL/dh_t| hist bins=60 range=(-12.50,-11.50) mean=-12.00 p50=-12.00 p05=-12.00 p95=-12.00
  [diag] sat-dist hist bins=60 sat<0.05=0.0% mean=0.579 p10=0.534 p90=0.626
Iter 0013600: train nll 0.293, valid error 100.000%, best valid error 100.000%, avg grad norm  38.931, avg grad norm (post clip)   0.053, rho_Whh  1.12, Omega  0.00, alpha  0.000, steps in the past 0.000, valid nll 0.240
  [diag] log10|dL/dh_t| hist bins=60 range=(-12.50,-11.50) mean=-12.00 p50=-12.00 p05=-12.00 p95=-12.00
  [diag] sat-dist hist bins=60 sat<0.05=0.0% mean=0.617 p10=0.539 p90=0.670
Iter 0013620: train nll 0.307, valid error 100.000%, best valid error 100.000%, avg grad norm  50.625, avg grad norm (post clip)   0.053, rho_Whh  1.12, Omega  0.00, alpha  0.000, steps in the past 0.000, valid nll 0.244
  [diag] log10|dL/dh_t| hist bins=60 range=(-12.50,-11.50) mean=-12.00 p50=-12.00 p05=-12.00 p95=-12.00
  [diag] sat-dist hist bins=60 sat<0.05=0.0% mean=0.632 p10=0.545 p90=0.672
Iter 0013640: train nll 0.304, valid error 100.000%, best valid error 100.000%, avg grad norm  39.603, avg grad norm (post clip)   0.053, rho_Whh  1.12, Omega  0.00, alpha  0.000, steps in the past 0.000, valid nll 0.278
  [diag] log10|dL/dh_t| hist bins=60 range=(-12.50,-11.50) mean=-12.00 p50=-12.00 p05=-12.00 p95=-12.00
  [diag] sat-dist hist bins=60 sat<0.05=0.0% mean=0.602 p10=0.536 p90=0.669
Iter 0013660: train nll 0.317, valid error 100.000%, best valid error 100.000%, avg grad norm  36.045, avg grad norm (post clip)   0.053, rho_Whh  1.12, Omega  0.00, alpha  0.000, steps in the past 0.000, valid nll 0.232
  [diag] log10|dL/dh_t| hist bins=60 range=(-12.50,-11.50) mean=-12.00 p50=-12.00 p05=-12.00 p95=-12.00
  [diag] sat-dist hist bins=60 sat<0.05=0.0% mean=0.625 p10=0.542 p90=0.671
Iter 0013680: train nll 0.289, valid error 100.000%, best valid error 100.000%, avg grad norm  46.867, avg grad norm (post clip)   0.053, rho_Whh  1.12, Omega  0.00, alpha  0.000, steps in the past 0.000, valid nll 0.260
  [diag] log10|dL/dh_t| hist bins=60 range=(-12.50,-11.50) mean=-12.00 p50=-12.00 p05=-12.00 p95=-12.00
  [diag] sat-dist hist bins=60 sat<0.05=0.0% mean=0.625 p10=0.542 p90=0.671
Iter 0013700: train nll 0.325, valid error 100.000%, best valid error 100.000%, avg grad norm  36.793, avg grad norm (post clip)   0.053, rho_Whh  1.12, Omega  0.00, alpha  0.000, steps in the past 0.000, valid nll 0.260
  [diag] log10|dL/dh_t| hist bins=60 range=(-12.50,-11.50) mean=-12.00 p50=-12.00 p05=-12.00 p95=-12.00
  [diag] sat-dist hist bins=60 sat<0.05=0.0% mean=0.625 p10=0.542 p90=0.671
Iter 0013720: train nll 0.287, valid error 100.000%, best valid error 100.000%, avg grad norm  45.382, avg grad norm (post clip)   0.053, rho_Whh  1.12, Omega  0.00, alpha  0.000, steps in the past 0.000, valid nll 0.260
  [diag] log10|dL/dh_t| hist bins=60 range=(-12.50,-11.50) mean=-12.00 p50=-12.00 p05=-12.00 p95=-12.00
  [diag] sat-dist hist bins=60 sat<0.05=0.0% mean=0.625 p10=0.542 p90=0.671
Iter 0013740: train nll 0.268, valid error 100.000%, best valid error 100.000%, avg grad norm  50.189, avg grad norm (post clip)   0.053, rho_Whh  1.12, Omega  0.00, alpha  0.000, steps in the past 0.000, valid nll 0.260
  [diag] log10|dL/dh_t| hist bins=60 range=(-12.50,-11.50) mean=-12.00 p50=-12.00 p05=-12.00 p95=-12.00
  [diag] sat-dist hist bins=60 sat<0.05=0.0% mean=0.609 p10=0.537 p90=0.670
Iter 0013760: train nll 0.294, valid error 100.000%, best valid error 100.000%, avg grad norm  43.423, avg grad norm (post clip)   0.053, rho_Whh  1.12, Omega  0.00, alpha  0.000, steps in the past 0.000, valid nll 0.236
  [diag] log10|dL/dh_t| hist bins=60 range=(-12.50,-11.50) mean=-12.00 p50=-12.00 p05=-12.00 p95=-12.00
  [diag] sat-dist hist bins=60 sat<0.05=0.0% mean=0.609 p10=0.537 p90=0.670
Iter 0013780: train nll 0.305, valid error 100.000%, best valid error 100.000%, avg grad norm  50.158, avg grad norm (post clip)   0.053, rho_Whh  1.12, Omega  0.00, alpha  0.000, steps in the past 0.000, valid nll 0.236
  [diag] log10|dL/dh_t| hist bins=60 range=(-12.50,-11.50) mean=-12.00 p50=-12.00 p05=-12.00 p95=-12.00
  [diag] sat-dist hist bins=60 sat<0.05=0.0% mean=0.628 p10=0.543 p90=0.671
Iter 0013800: train nll 0.308, valid error 100.000%, best valid error 100.000%, avg grad norm  44.035, avg grad norm (post clip)   0.053, rho_Whh  1.12, Omega  0.00, alpha  0.000, steps in the past 0.000, valid nll 0.267
  [diag] log10|dL/dh_t| hist bins=60 range=(-12.50,-11.50) mean=-12.00 p50=-12.00 p05=-12.00 p95=-12.00
  [diag] sat-dist hist bins=60 sat<0.05=0.0% mean=0.638 p10=0.549 p90=0.673
Iter 0013820: train nll 0.333, valid error 100.000%, best valid error 100.000%, avg grad norm  36.966, avg grad norm (post clip)   0.053, rho_Whh  1.12, Omega  0.00, alpha  0.000, steps in the past 0.000, valid nll 0.298
  [diag] log10|dL/dh_t| hist bins=60 range=(-12.50,-11.50) mean=-12.00 p50=-12.00 p05=-12.00 p95=-12.00
  [diag] sat-dist hist bins=60 sat<0.05=0.0% mean=0.609 p10=0.538 p90=0.669
Iter 0013840: train nll 0.304, valid error 100.000%, best valid error 100.000%, avg grad norm  42.750, avg grad norm (post clip)   0.053, rho_Whh  1.12, Omega  0.00, alpha  0.000, steps in the past 0.000, valid nll 0.236
  [diag] log10|dL/dh_t| hist bins=60 range=(-12.50,-11.50) mean=-12.00 p50=-12.00 p05=-12.00 p95=-12.00
  [diag] sat-dist hist bins=60 sat<0.05=0.0% mean=0.609 p10=0.538 p90=0.669
Iter 0013860: train nll 0.331, valid error 100.000%, best valid error 100.000%, avg grad norm  45.373, avg grad norm (post clip)   0.053, rho_Whh  1.12, Omega  0.00, alpha  0.000, steps in the past 0.000, valid nll 0.236
  [diag] log10|dL/dh_t| hist bins=60 range=(-12.50,-11.50) mean=-12.00 p50=-12.00 p05=-12.00 p95=-12.00
  [diag] sat-dist hist bins=60 sat<0.05=0.0% mean=0.628 p10=0.544 p90=0.671
Iter 0013880: train nll 0.302, valid error 100.000%, best valid error 100.000%, avg grad norm  44.457, avg grad norm (post clip)   0.053, rho_Whh  1.12, Omega  0.00, alpha  0.000, steps in the past 0.000, valid nll 0.266
  [diag] log10|dL/dh_t| hist bins=60 range=(-12.50,-11.50) mean=-12.00 p50=-12.00 p05=-12.00 p95=-12.00
  [diag] sat-dist hist bins=60 sat<0.05=0.0% mean=0.610 p10=0.538 p90=0.669
Iter 0013900: train nll 0.282, valid error 100.000%, best valid error 100.000%, avg grad norm  39.794, avg grad norm (post clip)   0.053, rho_Whh  1.12, Omega  0.00, alpha  0.000, steps in the past 0.000, valid nll 0.236
  [diag] log10|dL/dh_t| hist bins=60 range=(-12.50,-11.50) mean=-12.00 p50=-12.00 p05=-12.00 p95=-12.00
  [diag] sat-dist hist bins=60 sat<0.05=0.0% mean=0.629 p10=0.544 p90=0.671
Iter 0013920: train nll 0.318, valid error 100.000%, best valid error 100.000%, avg grad norm  42.394, avg grad norm (post clip)   0.053, rho_Whh  1.12, Omega  0.00, alpha  0.000, steps in the past 0.000, valid nll 0.267
  [diag] log10|dL/dh_t| hist bins=60 range=(-12.50,-11.50) mean=-12.00 p50=-12.00 p05=-12.00 p95=-12.00
  [diag] sat-dist hist bins=60 sat<0.05=0.0% mean=0.629 p10=0.544 p90=0.671
Iter 0013940: train nll 0.304, valid error 100.000%, best valid error 100.000%, avg grad norm  38.946, avg grad norm (post clip)   0.053, rho_Whh  1.12, Omega  0.00, alpha  0.000, steps in the past 0.000, valid nll 0.267
  [diag] log10|dL/dh_t| hist bins=60 range=(-12.50,-11.50) mean=-12.00 p50=-12.00 p05=-12.00 p95=-12.00
  [diag] sat-dist hist bins=60 sat<0.05=0.0% mean=0.629 p10=0.544 p90=0.671
Iter 0013960: train nll 0.299, valid error 100.000%, best valid error 100.000%, avg grad norm  35.126, avg grad norm (post clip)   0.053, rho_Whh  1.12, Omega  0.00, alpha  0.000, steps in the past 0.000, valid nll 0.267
  [diag] log10|dL/dh_t| hist bins=60 range=(-12.50,-11.50) mean=-12.00 p50=-12.00 p05=-12.00 p95=-12.00
  [diag] sat-dist hist bins=60 sat<0.05=0.0% mean=0.629 p10=0.544 p90=0.671
Iter 0013980: train nll 0.285, valid error 100.000%, best valid error 100.000%, avg grad norm  34.277, avg grad norm (post clip)   0.053, rho_Whh  1.12, Omega  0.00, alpha  0.000, steps in the past 0.000, valid nll 0.267
  [diag] log10|dL/dh_t| hist bins=60 range=(-12.50,-11.50) mean=-12.00 p50=-12.00 p05=-12.00 p95=-12.00
  [diag] sat-dist hist bins=60 sat<0.05=0.0% mean=0.610 p10=0.538 p90=0.669
Iter 0014000: train nll 0.272, valid error 100.000%, best valid error 100.000%, avg grad norm  45.422, avg grad norm (post clip)   0.053, rho_Whh  1.12, Omega  0.00, alpha  0.000, steps in the past 0.000, valid nll 0.236
  [diag] log10|dL/dh_t| hist bins=60 range=(-12.50,-11.50) mean=-12.00 p50=-12.00 p05=-12.00 p95=-12.00
  [diag] sat-dist hist bins=60 sat<0.05=0.0% mean=0.610 p10=0.538 p90=0.669
Iter 0014020: train nll 0.284, valid error 100.000%, best valid error 100.000%, avg grad norm  39.998, avg grad norm (post clip)   0.053, rho_Whh  1.12, Omega  0.00, alpha  0.000, steps in the past 0.000, valid nll 0.236
  [diag] log10|dL/dh_t| hist bins=60 range=(-12.50,-11.50) mean=-12.00 p50=-12.00 p05=-12.00 p95=-12.00
  [diag] sat-dist hist bins=60 sat<0.05=0.0% mean=0.610 p10=0.538 p90=0.669
Iter 0014040: train nll 0.312, valid error 100.000%, best valid error 100.000%, avg grad norm  41.456, avg grad norm (post clip)   0.053, rho_Whh  1.12, Omega  0.00, alpha  0.000, steps in the past 0.000, valid nll 0.236
  [diag] log10|dL/dh_t| hist bins=60 range=(-12.50,-11.50) mean=-12.00 p50=-12.00 p05=-12.00 p95=-12.00
  [diag] sat-dist hist bins=60 sat<0.05=0.0% mean=0.628 p10=0.544 p90=0.671
Iter 0014060: train nll 0.294, valid error 100.000%, best valid error 100.000%, avg grad norm  43.626, avg grad norm (post clip)   0.053, rho_Whh  1.12, Omega  0.00, alpha  0.000, steps in the past 0.000, valid nll 0.266
  [diag] log10|dL/dh_t| hist bins=60 range=(-12.50,-11.50) mean=-12.00 p50=-12.00 p05=-12.00 p95=-12.00
  [diag] sat-dist hist bins=60 sat<0.05=0.0% mean=0.610 p10=0.538 p90=0.669
Iter 0014080: train nll 0.308, valid error 100.000%, best valid error 100.000%, avg grad norm  37.940, avg grad norm (post clip)   0.053, rho_Whh  1.12, Omega  0.00, alpha  0.000, steps in the past 0.000, valid nll 0.236
  [diag] log10|dL/dh_t| hist bins=60 range=(-12.50,-11.50) mean=-12.00 p50=-12.00 p05=-12.00 p95=-12.00
  [diag] sat-dist hist bins=60 sat<0.05=0.0% mean=0.629 p10=0.544 p90=0.671
Iter 0014100: train nll 0.290, valid error 100.000%, best valid error 100.000%, avg grad norm  44.864, avg grad norm (post clip)   0.053, rho_Whh  1.12, Omega  0.00, alpha  0.000, steps in the past 0.000, valid nll 0.266
  [diag] log10|dL/dh_t| hist bins=60 range=(-12.50,-11.50) mean=-12.00 p50=-12.00 p05=-12.00 p95=-12.00
  [diag] sat-dist hist bins=60 sat<0.05=0.0% mean=0.629 p10=0.544 p90=0.671
Iter 0014120: train nll 0.294, valid error 100.000%, best valid error 100.000%, avg grad norm  46.894, avg grad norm (post clip)   0.053, rho_Whh  1.12, Omega  0.00, alpha  0.000, steps in the past 0.000, valid nll 0.266
  [diag] log10|dL/dh_t| hist bins=60 range=(-12.50,-11.50) mean=-12.00 p50=-12.00 p05=-12.00 p95=-12.00
  [diag] sat-dist hist bins=60 sat<0.05=0.0% mean=0.629 p10=0.544 p90=0.671
Iter 0014140: train nll 0.325, valid error 100.000%, best valid error 100.000%, avg grad norm  41.151, avg grad norm (post clip)   0.053, rho_Whh  1.12, Omega  0.00, alpha  0.000, steps in the past 0.000, valid nll 0.266
  [diag] log10|dL/dh_t| hist bins=60 range=(-12.50,-11.50) mean=-12.00 p50=-12.00 p05=-12.00 p95=-12.00
  [diag] sat-dist hist bins=60 sat<0.05=0.0% mean=0.629 p10=0.544 p90=0.671
Iter 0014160: train nll 0.281, valid error 100.000%, best valid error 100.000%, avg grad norm  43.450, avg grad norm (post clip)   0.053, rho_Whh  1.12, Omega  0.00, alpha  0.000, steps in the past 0.000, valid nll 0.266
  [diag] log10|dL/dh_t| hist bins=60 range=(-12.50,-11.50) mean=-12.00 p50=-12.00 p05=-12.00 p95=-12.00
  [diag] sat-dist hist bins=60 sat<0.05=0.0% mean=0.629 p10=0.544 p90=0.671
Iter 0014180: train nll 0.304, valid error 100.000%, best valid error 100.000%, avg grad norm  43.138, avg grad norm (post clip)   0.053, rho_Whh  1.12, Omega  0.00, alpha  0.000, steps in the past 0.000, valid nll 0.266
  [diag] log10|dL/dh_t| hist bins=60 range=(-12.50,-11.50) mean=-12.00 p50=-12.00 p05=-12.00 p95=-12.00
  [diag] sat-dist hist bins=60 sat<0.05=0.0% mean=0.626 p10=0.542 p90=0.671
Iter 0014200: train nll 0.306, valid error 100.000%, best valid error 100.000%, avg grad norm  34.491, avg grad norm (post clip)   0.053, rho_Whh  1.12, Omega  0.00, alpha  0.000, steps in the past 0.000, valid nll 0.260
  [diag] log10|dL/dh_t| hist bins=60 range=(-12.50,-11.50) mean=-12.00 p50=-12.00 p05=-12.00 p95=-12.00
  [diag] sat-dist hist bins=60 sat<0.05=0.0% mean=0.604 p10=0.536 p90=0.669
Iter 0014220: train nll 0.284, valid error 100.000%, best valid error 100.000%, avg grad norm  42.067, avg grad norm (post clip)   0.053, rho_Whh  1.12, Omega  0.00, alpha  0.000, steps in the past 0.000, valid nll 0.232
  [diag] log10|dL/dh_t| hist bins=60 range=(-12.50,-11.50) mean=-12.00 p50=-12.00 p05=-12.00 p95=-12.00
  [diag] sat-dist hist bins=60 sat<0.05=0.0% mean=0.625 p10=0.542 p90=0.671
Iter 0014240: train nll 0.304, valid error 100.000%, best valid error 100.000%, avg grad norm  41.828, avg grad norm (post clip)   0.053, rho_Whh  1.12, Omega  0.00, alpha  0.000, steps in the past 0.000, valid nll 0.259
  [diag] log10|dL/dh_t| hist bins=60 range=(-12.50,-11.50) mean=-12.00 p50=-12.00 p05=-12.00 p95=-12.00
  [diag] sat-dist hist bins=60 sat<0.05=0.0% mean=0.625 p10=0.542 p90=0.671
Iter 0014260: train nll 0.332, valid error 100.000%, best valid error 100.000%, avg grad norm  36.206, avg grad norm (post clip)   0.053, rho_Whh  1.12, Omega  0.00, alpha  0.000, steps in the past 0.000, valid nll 0.259
  [diag] log10|dL/dh_t| hist bins=60 range=(-12.50,-11.50) mean=-12.00 p50=-12.00 p05=-12.00 p95=-12.00
  [diag] sat-dist hist bins=60 sat<0.05=0.0% mean=0.637 p10=0.548 p90=0.673
Iter 0014280: train nll 0.312, valid error 100.000%, best valid error 100.000%, avg grad norm  41.987, avg grad norm (post clip)   0.053, rho_Whh  1.12, Omega  0.00, alpha  0.000, steps in the past 0.000, valid nll 0.290
  [diag] log10|dL/dh_t| hist bins=60 range=(-12.50,-11.50) mean=-12.00 p50=-12.00 p05=-12.00 p95=-12.00
  [diag] sat-dist hist bins=60 sat<0.05=0.0% mean=0.625 p10=0.542 p90=0.671
Iter 0014300: train nll 0.312, valid error 100.000%, best valid error 100.000%, avg grad norm  38.464, avg grad norm (post clip)   0.053, rho_Whh  1.12, Omega  0.00, alpha  0.000, steps in the past 0.000, valid nll 0.259
  [diag] log10|dL/dh_t| hist bins=60 range=(-12.50,-11.50) mean=-12.00 p50=-12.00 p05=-12.00 p95=-12.00
  [diag] sat-dist hist bins=60 sat<0.05=0.0% mean=0.626 p10=0.542 p90=0.671
Iter 0014320: train nll 0.343, valid error 100.000%, best valid error 100.000%, avg grad norm  36.118, avg grad norm (post clip)   0.053, rho_Whh  1.12, Omega  0.00, alpha  0.000, steps in the past 0.000, valid nll 0.259
  [diag] log10|dL/dh_t| hist bins=60 range=(-12.50,-11.50) mean=-12.00 p50=-12.00 p05=-12.00 p95=-12.00
  [diag] sat-dist hist bins=60 sat<0.05=0.0% mean=0.625 p10=0.542 p90=0.671
Iter 0014340: train nll 0.295, valid error 100.000%, best valid error 100.000%, avg grad norm  39.032, avg grad norm (post clip)   0.053, rho_Whh  1.12, Omega  0.00, alpha  0.000, steps in the past 0.000, valid nll 0.259
  [diag] log10|dL/dh_t| hist bins=60 range=(-12.50,-11.50) mean=-12.00 p50=-12.00 p05=-12.00 p95=-12.00
  [diag] sat-dist hist bins=60 sat<0.05=0.0% mean=0.596 p10=0.536 p90=0.664
Iter 0014360: train nll 0.291, valid error 100.000%, best valid error 100.000%, avg grad norm  43.530, avg grad norm (post clip)   0.053, rho_Whh  1.12, Omega  0.00, alpha  0.000, steps in the past 0.000, valid nll 0.230
  [diag] log10|dL/dh_t| hist bins=60 range=(-12.50,-11.50) mean=-12.00 p50=-12.00 p05=-12.00 p95=-12.00
  [diag] sat-dist hist bins=60 sat<0.05=0.0% mean=0.635 p10=0.547 p90=0.672
Iter 0014380: train nll 0.296, valid error 100.000%, best valid error 100.000%, avg grad norm  45.444, avg grad norm (post clip)   0.053, rho_Whh  1.12, Omega  0.00, alpha  0.000, steps in the past 0.000, valid nll 0.284
  [diag] log10|dL/dh_t| hist bins=60 range=(-12.50,-11.50) mean=-12.00 p50=-12.00 p05=-12.00 p95=-12.00
  [diag] sat-dist hist bins=60 sat<0.05=0.0% mean=0.621 p10=0.540 p90=0.671
Iter 0014400: train nll 0.314, valid error 100.000%, best valid error 100.000%, avg grad norm  32.159, avg grad norm (post clip)   0.053, rho_Whh  1.12, Omega  0.00, alpha  0.000, steps in the past 0.000, valid nll 0.250
  [diag] log10|dL/dh_t| hist bins=60 range=(-12.50,-11.50) mean=-12.00 p50=-12.00 p05=-12.00 p95=-12.00
  [diag] sat-dist hist bins=60 sat<0.05=0.0% mean=0.592 p10=0.535 p90=0.657
Iter 0014420: train nll 0.306, valid error 100.000%, best valid error 100.000%, avg grad norm  40.969, avg grad norm (post clip)   0.053, rho_Whh  1.12, Omega  0.00, alpha  0.000, steps in the past 0.000, valid nll 0.231
  [diag] log10|dL/dh_t| hist bins=60 range=(-12.50,-11.50) mean=-12.00 p50=-12.00 p05=-12.00 p95=-12.00
  [diag] sat-dist hist bins=60 sat<0.05=0.0% mean=0.621 p10=0.540 p90=0.671
Iter 0014440: train nll 0.308, valid error 100.000%, best valid error 100.000%, avg grad norm  45.894, avg grad norm (post clip)   0.053, rho_Whh  1.12, Omega  0.00, alpha  0.000, steps in the past 0.000, valid nll 0.251
  [diag] log10|dL/dh_t| hist bins=60 range=(-12.50,-11.50) mean=-12.00 p50=-12.00 p05=-12.00 p95=-12.00
  [diag] sat-dist hist bins=60 sat<0.05=0.0% mean=0.622 p10=0.540 p90=0.671
Iter 0014460: train nll 0.330, valid error 100.000%, best valid error 100.000%, avg grad norm  35.294, avg grad norm (post clip)   0.053, rho_Whh  1.12, Omega  0.00, alpha  0.000, steps in the past 0.000, valid nll 0.251
  [diag] log10|dL/dh_t| hist bins=60 range=(-12.50,-11.50) mean=-12.00 p50=-12.00 p05=-12.00 p95=-12.00
  [diag] sat-dist hist bins=60 sat<0.05=0.0% mean=0.622 p10=0.541 p90=0.671
Iter 0014480: train nll 0.296, valid error 100.000%, best valid error 100.000%, avg grad norm  43.222, avg grad norm (post clip)   0.053, rho_Whh  1.12, Omega  0.00, alpha  0.000, steps in the past 0.000, valid nll 0.252
  [diag] log10|dL/dh_t| hist bins=60 range=(-12.50,-11.50) mean=-12.00 p50=-12.00 p05=-12.00 p95=-12.00
  [diag] sat-dist hist bins=60 sat<0.05=0.0% mean=0.594 p10=0.535 p90=0.661
Iter 0014500: train nll 0.270, valid error 100.000%, best valid error 100.000%, avg grad norm  47.125, avg grad norm (post clip)   0.053, rho_Whh  1.12, Omega  0.00, alpha  0.000, steps in the past 0.000, valid nll 0.230
  [diag] log10|dL/dh_t| hist bins=60 range=(-12.50,-11.50) mean=-12.00 p50=-12.00 p05=-12.00 p95=-12.00
  [diag] sat-dist hist bins=60 sat<0.05=0.0% mean=0.622 p10=0.541 p90=0.671
Iter 0014520: train nll 0.314, valid error 100.000%, best valid error 100.000%, avg grad norm  43.335, avg grad norm (post clip)   0.053, rho_Whh  1.12, Omega  0.00, alpha  0.000, steps in the past 0.000, valid nll 0.251
  [diag] log10|dL/dh_t| hist bins=60 range=(-12.50,-11.50) mean=-12.00 p50=-12.00 p05=-12.00 p95=-12.00
  [diag] sat-dist hist bins=60 sat<0.05=0.0% mean=0.622 p10=0.541 p90=0.671
Iter 0014540: train nll 0.303, valid error 100.000%, best valid error 100.000%, avg grad norm  42.332, avg grad norm (post clip)   0.053, rho_Whh  1.12, Omega  0.00, alpha  0.000, steps in the past 0.000, valid nll 0.252
  [diag] log10|dL/dh_t| hist bins=60 range=(-12.50,-11.50) mean=-12.00 p50=-12.00 p05=-12.00 p95=-12.00
  [diag] sat-dist hist bins=60 sat<0.05=0.0% mean=0.622 p10=0.541 p90=0.671
Iter 0014560: train nll 0.318, valid error 100.000%, best valid error 100.000%, avg grad norm  44.180, avg grad norm (post clip)   0.053, rho_Whh  1.12, Omega  0.00, alpha  0.000, steps in the past 0.000, valid nll 0.252
  [diag] log10|dL/dh_t| hist bins=60 range=(-12.50,-11.50) mean=-12.00 p50=-12.00 p05=-12.00 p95=-12.00
  [diag] sat-dist hist bins=60 sat<0.05=0.0% mean=0.595 p10=0.535 p90=0.662
Iter 0014580: train nll 0.267, valid error 100.000%, best valid error 100.000%, avg grad norm  54.945, avg grad norm (post clip)   0.053, rho_Whh  1.12, Omega  0.00, alpha  0.000, steps in the past 0.000, valid nll 0.230
  [diag] log10|dL/dh_t| hist bins=60 range=(-12.50,-11.50) mean=-12.00 p50=-12.00 p05=-12.00 p95=-12.00
  [diag] sat-dist hist bins=60 sat<0.05=0.0% mean=0.634 p10=0.546 p90=0.672
Iter 0014600: train nll 0.337, valid error 100.000%, best valid error 100.000%, avg grad norm  35.070, avg grad norm (post clip)   0.053, rho_Whh  1.12, Omega  0.00, alpha  0.000, steps in the past 0.000, valid nll 0.281
  [diag] log10|dL/dh_t| hist bins=60 range=(-12.50,-11.50) mean=-12.00 p50=-12.00 p05=-12.00 p95=-12.00
  [diag] sat-dist hist bins=60 sat<0.05=0.0% mean=0.620 p10=0.540 p90=0.671
Iter 0014620: train nll 0.280, valid error 100.000%, best valid error 100.000%, avg grad norm  36.628, avg grad norm (post clip)   0.053, rho_Whh  1.12, Omega  0.00, alpha  0.000, steps in the past 0.000, valid nll 0.249
  [diag] log10|dL/dh_t| hist bins=60 range=(-12.50,-11.50) mean=-12.00 p50=-12.00 p05=-12.00 p95=-12.00
  [diag] sat-dist hist bins=60 sat<0.05=0.0% mean=0.593 p10=0.535 p90=0.659
Iter 0014640: train nll 0.288, valid error 100.000%, best valid error 100.000%, avg grad norm  39.669, avg grad norm (post clip)   0.053, rho_Whh  1.12, Omega  0.00, alpha  0.000, steps in the past 0.000, valid nll 0.230
  [diag] log10|dL/dh_t| hist bins=60 range=(-12.50,-11.50) mean=-12.00 p50=-12.00 p05=-12.00 p95=-12.00
  [diag] sat-dist hist bins=60 sat<0.05=0.0% mean=0.635 p10=0.546 p90=0.673
Iter 0014660: train nll 0.298, valid error 100.000%, best valid error 100.000%, avg grad norm  42.863, avg grad norm (post clip)   0.053, rho_Whh  1.12, Omega  0.00, alpha  0.000, steps in the past 0.000, valid nll 0.284
  [diag] log10|dL/dh_t| hist bins=60 range=(-12.50,-11.50) mean=-12.00 p50=-12.00 p05=-12.00 p95=-12.00
  [diag] sat-dist hist bins=60 sat<0.05=0.0% mean=0.602 p10=0.536 p90=0.669
Iter 0014680: train nll 0.283, valid error 100.000%, best valid error 100.000%, avg grad norm  44.152, avg grad norm (post clip)   0.053, rho_Whh  1.12, Omega  0.00, alpha  0.000, steps in the past 0.000, valid nll 0.231
  [diag] log10|dL/dh_t| hist bins=60 range=(-12.50,-11.50) mean=-12.00 p50=-12.00 p05=-12.00 p95=-12.00
  [diag] sat-dist hist bins=60 sat<0.05=0.0% mean=0.636 p10=0.547 p90=0.673
Iter 0014700: train nll 0.327, valid error 100.000%, best valid error 100.000%, avg grad norm  37.707, avg grad norm (post clip)   0.053, rho_Whh  1.12, Omega  0.00, alpha  0.000, steps in the past 0.000, valid nll 0.289
  [diag] log10|dL/dh_t| hist bins=60 range=(-12.50,-11.50) mean=-12.00 p50=-12.00 p05=-12.00 p95=-12.00
  [diag] sat-dist hist bins=60 sat<0.05=0.0% mean=0.624 p10=0.541 p90=0.672
Iter 0014720: train nll 0.287, valid error 100.000%, best valid error 100.000%, avg grad norm  43.925, avg grad norm (post clip)   0.053, rho_Whh  1.12, Omega  0.00, alpha  0.000, steps in the past 0.000, valid nll 0.256
  [diag] log10|dL/dh_t| hist bins=60 range=(-12.50,-11.50) mean=-12.00 p50=-12.00 p05=-12.00 p95=-12.00
  [diag] sat-dist hist bins=60 sat<0.05=0.0% mean=0.636 p10=0.547 p90=0.673
Iter 0014740: train nll 0.285, valid error 100.000%, best valid error 100.000%, avg grad norm  43.878, avg grad norm (post clip)   0.053, rho_Whh  1.12, Omega  0.00, alpha  0.000, steps in the past 0.000, valid nll 0.288
  [diag] log10|dL/dh_t| hist bins=60 range=(-12.50,-11.50) mean=-12.00 p50=-12.00 p05=-12.00 p95=-12.00
  [diag] sat-dist hist bins=60 sat<0.05=0.0% mean=0.624 p10=0.541 p90=0.672
Iter 0014760: train nll 0.301, valid error 100.000%, best valid error 100.000%, avg grad norm  40.447, avg grad norm (post clip)   0.053, rho_Whh  1.12, Omega  0.00, alpha  0.000, steps in the past 0.000, valid nll 0.255
  [diag] log10|dL/dh_t| hist bins=60 range=(-12.50,-11.50) mean=-12.00 p50=-12.00 p05=-12.00 p95=-12.00
  [diag] sat-dist hist bins=60 sat<0.05=0.0% mean=0.602 p10=0.535 p90=0.670
Iter 0014780: train nll 0.294, valid error 100.000%, best valid error 100.000%, avg grad norm  42.979, avg grad norm (post clip)   0.053, rho_Whh  1.12, Omega  0.00, alpha  0.000, steps in the past 0.000, valid nll 0.231
  [diag] log10|dL/dh_t| hist bins=60 range=(-12.50,-11.50) mean=-12.00 p50=-12.00 p05=-12.00 p95=-12.00
  [diag] sat-dist hist bins=60 sat<0.05=0.0% mean=0.626 p10=0.541 p90=0.672
Iter 0014800: train nll 0.316, valid error 100.000%, best valid error 100.000%, avg grad norm  43.867, avg grad norm (post clip)   0.053, rho_Whh  1.12, Omega  0.00, alpha  0.000, steps in the past 0.000, valid nll 0.259
  [diag] log10|dL/dh_t| hist bins=60 range=(-12.50,-11.50) mean=-12.00 p50=-12.00 p05=-12.00 p95=-12.00
  [diag] sat-dist hist bins=60 sat<0.05=0.0% mean=0.603 p10=0.536 p90=0.670
Iter 0014820: train nll 0.269, valid error 100.000%, best valid error 100.000%, avg grad norm  48.565, avg grad norm (post clip)   0.053, rho_Whh  1.12, Omega  0.00, alpha  0.000, steps in the past 0.000, valid nll 0.231
  [diag] log10|dL/dh_t| hist bins=60 range=(-12.50,-11.50) mean=-12.00 p50=-12.00 p05=-12.00 p95=-12.00
  [diag] sat-dist hist bins=60 sat<0.05=0.0% mean=0.637 p10=0.548 p90=0.674
Iter 0014840: train nll 0.319, valid error 100.000%, best valid error 100.000%, avg grad norm  42.763, avg grad norm (post clip)   0.053, rho_Whh  1.12, Omega  0.00, alpha  0.000, steps in the past 0.000, valid nll 0.291
  [diag] log10|dL/dh_t| hist bins=60 range=(-12.50,-11.50) mean=-12.00 p50=-12.00 p05=-12.00 p95=-12.00
  [diag] sat-dist hist bins=60 sat<0.05=0.0% mean=0.606 p10=0.536 p90=0.670
Iter 0014860: train nll 0.284, valid error 100.000%, best valid error 100.000%, avg grad norm  45.981, avg grad norm (post clip)   0.053, rho_Whh  1.12, Omega  0.00, alpha  0.000, steps in the past 0.000, valid nll 0.233
  [diag] log10|dL/dh_t| hist bins=60 range=(-12.50,-11.50) mean=-12.00 p50=-12.00 p05=-12.00 p95=-12.00
  [diag] sat-dist hist bins=60 sat<0.05=0.0% mean=0.638 p10=0.548 p90=0.674
Iter 0014880: train nll 0.352, valid error 100.000%, best valid error 100.000%, avg grad norm  42.600, avg grad norm (post clip)   0.053, rho_Whh  1.12, Omega  0.00, alpha  0.000, steps in the past 0.000, valid nll 0.295
  [diag] log10|dL/dh_t| hist bins=60 range=(-12.50,-11.50) mean=-12.00 p50=-12.00 p05=-12.00 p95=-12.00
  [diag] sat-dist hist bins=60 sat<0.05=0.0% mean=0.627 p10=0.542 p90=0.672
Iter 0014900: train nll 0.301, valid error 100.000%, best valid error 100.000%, avg grad norm  41.611, avg grad norm (post clip)   0.053, rho_Whh  1.12, Omega  0.00, alpha  0.000, steps in the past 0.000, valid nll 0.263
  [diag] log10|dL/dh_t| hist bins=60 range=(-12.50,-11.50) mean=-12.00 p50=-12.00 p05=-12.00 p95=-12.00
  [diag] sat-dist hist bins=60 sat<0.05=0.0% mean=0.635 p10=0.546 p90=0.673
Iter 0014920: train nll 0.290, valid error 100.000%, best valid error 100.000%, avg grad norm  46.186, avg grad norm (post clip)   0.053, rho_Whh  1.12, Omega  0.00, alpha  0.000, steps in the past 0.000, valid nll 0.285
  [diag] log10|dL/dh_t| hist bins=60 range=(-12.50,-11.50) mean=-12.00 p50=-12.00 p05=-12.00 p95=-12.00
  [diag] sat-dist hist bins=60 sat<0.05=0.0% mean=0.622 p10=0.540 p90=0.672
Iter 0014940: train nll 0.292, valid error 100.000%, best valid error 100.000%, avg grad norm  48.442, avg grad norm (post clip)   0.053, rho_Whh  1.12, Omega  0.00, alpha  0.000, steps in the past 0.000, valid nll 0.251
  [diag] log10|dL/dh_t| hist bins=60 range=(-12.50,-11.50) mean=-12.00 p50=-12.00 p05=-12.00 p95=-12.00
  [diag] sat-dist hist bins=60 sat<0.05=0.0% mean=0.622 p10=0.540 p90=0.671
Iter 0014960: train nll 0.346, valid error 100.000%, best valid error 100.000%, avg grad norm  41.898, avg grad norm (post clip)   0.053, rho_Whh  1.12, Omega  0.00, alpha  0.000, steps in the past 0.000, valid nll 0.251
  [diag] log10|dL/dh_t| hist bins=60 range=(-12.50,-11.50) mean=-12.00 p50=-12.00 p05=-12.00 p95=-12.00
  [diag] sat-dist hist bins=60 sat<0.05=0.0% mean=0.622 p10=0.540 p90=0.672
Iter 0014980: train nll 0.297, valid error 100.000%, best valid error 100.000%, avg grad norm  37.603, avg grad norm (post clip)   0.053, rho_Whh  1.12, Omega  0.00, alpha  0.000, steps in the past 0.000, valid nll 0.251
  [diag] log10|dL/dh_t| hist bins=60 range=(-12.50,-11.50) mean=-12.00 p50=-12.00 p05=-12.00 p95=-12.00
  [diag] sat-dist hist bins=60 sat<0.05=0.0% mean=0.598 p10=0.535 p90=0.668
Iter 0015000: train nll 0.259, valid error 100.000%, best valid error 100.000%, avg grad norm  45.359, avg grad norm (post clip)   0.053, rho_Whh  1.12, Omega  0.00, alpha  0.000, steps in the past 0.000, valid nll 0.230
  [diag] log10|dL/dh_t| hist bins=60 range=(-12.50,-11.50) mean=-12.00 p50=-12.00 p05=-12.00 p95=-12.00
  [diag] sat-dist hist bins=60 sat<0.05=0.0% mean=0.624 p10=0.541 p90=0.672
Iter 0015020: train nll 0.299, valid error 100.000%, best valid error 100.000%, avg grad norm  50.288, avg grad norm (post clip)   0.053, rho_Whh  1.12, Omega  0.00, alpha  0.000, steps in the past 0.000, valid nll 0.255
  [diag] log10|dL/dh_t| hist bins=60 range=(-12.50,-11.50) mean=-12.00 p50=-12.00 p05=-12.00 p95=-12.00
  [diag] sat-dist hist bins=60 sat<0.05=0.0% mean=0.598 p10=0.535 p90=0.668
Iter 0015040: train nll 0.282, valid error 100.000%, best valid error 100.000%, avg grad norm  51.894, avg grad norm (post clip)   0.053, rho_Whh  1.12, Omega  0.00, alpha  0.000, steps in the past 0.000, valid nll 0.230
  [diag] log10|dL/dh_t| hist bins=60 range=(-12.50,-11.50) mean=-12.00 p50=-12.00 p05=-12.00 p95=-12.00
  [diag] sat-dist hist bins=60 sat<0.05=0.0% mean=0.599 p10=0.535 p90=0.668
Iter 0015060: train nll 0.308, valid error 100.000%, best valid error 100.000%, avg grad norm  39.284, avg grad norm (post clip)   0.053, rho_Whh  1.12, Omega  0.00, alpha  0.000, steps in the past 0.000, valid nll 0.230
  [diag] log10|dL/dh_t| hist bins=60 range=(-12.50,-11.50) mean=-12.00 p50=-12.00 p05=-12.00 p95=-12.00
  [diag] sat-dist hist bins=60 sat<0.05=0.0% mean=0.599 p10=0.535 p90=0.668
Iter 0015080: train nll 0.258, valid error 100.000%, best valid error 100.000%, avg grad norm  49.957, avg grad norm (post clip)   0.053, rho_Whh  1.12, Omega  0.00, alpha  0.000, steps in the past 0.000, valid nll 0.230
  [diag] log10|dL/dh_t| hist bins=60 range=(-12.50,-11.50) mean=-12.00 p50=-12.00 p05=-12.00 p95=-12.00
  [diag] sat-dist hist bins=60 sat<0.05=0.0% mean=0.599 p10=0.535 p90=0.668
Iter 0015100: train nll 0.293, valid error 100.000%, best valid error 100.000%, avg grad norm  44.135, avg grad norm (post clip)   0.053, rho_Whh  1.12, Omega  0.00, alpha  0.000, steps in the past 0.000, valid nll 0.230
  [diag] log10|dL/dh_t| hist bins=60 range=(-12.50,-11.50) mean=-12.00 p50=-12.00 p05=-12.00 p95=-12.00
  [diag] sat-dist hist bins=60 sat<0.05=0.0% mean=0.625 p10=0.541 p90=0.672
Iter 0015120: train nll 0.316, valid error 100.000%, best valid error 100.000%, avg grad norm  42.363, avg grad norm (post clip)   0.053, rho_Whh  1.12, Omega  0.00, alpha  0.000, steps in the past 0.000, valid nll 0.256
  [diag] log10|dL/dh_t| hist bins=60 range=(-12.50,-11.50) mean=-12.00 p50=-12.00 p05=-12.00 p95=-12.00
  [diag] sat-dist hist bins=60 sat<0.05=0.0% mean=0.626 p10=0.541 p90=0.672
Iter 0015140: train nll 0.322, valid error 100.000%, best valid error 100.000%, avg grad norm  37.463, avg grad norm (post clip)   0.053, rho_Whh  1.12, Omega  0.00, alpha  0.000, steps in the past 0.000, valid nll 0.258
  [diag] log10|dL/dh_t| hist bins=60 range=(-12.50,-11.50) mean=-12.00 p50=-12.00 p05=-12.00 p95=-12.00
  [diag] sat-dist hist bins=60 sat<0.05=0.0% mean=0.626 p10=0.541 p90=0.672
Iter 0015160: train nll 0.311, valid error 100.000%, best valid error 100.000%, avg grad norm  42.207, avg grad norm (post clip)   0.053, rho_Whh  1.12, Omega  0.00, alpha  0.000, steps in the past 0.000, valid nll 0.258
  [diag] log10|dL/dh_t| hist bins=60 range=(-12.50,-11.50) mean=-12.00 p50=-12.00 p05=-12.00 p95=-12.00
  [diag] sat-dist hist bins=60 sat<0.05=0.0% mean=0.636 p10=0.546 p90=0.674
Iter 0015180: train nll 0.328, valid error 100.000%, best valid error 100.000%, avg grad norm  36.051, avg grad norm (post clip)   0.053, rho_Whh  1.12, Omega  0.00, alpha  0.000, steps in the past 0.000, valid nll 0.287
  [diag] log10|dL/dh_t| hist bins=60 range=(-12.50,-11.50) mean=-12.00 p50=-12.00 p05=-12.00 p95=-12.00
  [diag] sat-dist hist bins=60 sat<0.05=0.0% mean=0.623 p10=0.540 p90=0.672
Iter 0015200: train nll 0.329, valid error 100.000%, best valid error 100.000%, avg grad norm  42.777, avg grad norm (post clip)   0.053, rho_Whh  1.12, Omega  0.00, alpha  0.000, steps in the past 0.000, valid nll 0.253
  [diag] log10|dL/dh_t| hist bins=60 range=(-12.50,-11.50) mean=-12.00 p50=-12.00 p05=-12.00 p95=-12.00
  [diag] sat-dist hist bins=60 sat<0.05=0.0% mean=0.621 p10=0.539 p90=0.673
Iter 0015220: train nll 0.285, valid error 100.000%, best valid error 100.000%, avg grad norm  39.232, avg grad norm (post clip)   0.053, rho_Whh  1.12, Omega  0.00, alpha  0.000, steps in the past 0.000, valid nll 0.250
  [diag] log10|dL/dh_t| hist bins=60 range=(-12.50,-11.50) mean=-12.00 p50=-12.00 p05=-12.00 p95=-12.00
  [diag] sat-dist hist bins=60 sat<0.05=0.0% mean=0.602 p10=0.535 p90=0.671
Iter 0015240: train nll 0.297, valid error 100.000%, best valid error 100.000%, avg grad norm  37.632, avg grad norm (post clip)   0.053, rho_Whh  1.12, Omega  0.00, alpha  0.000, steps in the past 0.000, valid nll 0.231
  [diag] log10|dL/dh_t| hist bins=60 range=(-12.50,-11.50) mean=-12.00 p50=-12.00 p05=-12.00 p95=-12.00
  [diag] sat-dist hist bins=60 sat<0.05=0.0% mean=0.602 p10=0.535 p90=0.671
Iter 0015260: train nll 0.288, valid error 100.000%, best valid error 100.000%, avg grad norm  49.864, avg grad norm (post clip)   0.053, rho_Whh  1.12, Omega  0.00, alpha  0.000, steps in the past 0.000, valid nll 0.231
  [diag] log10|dL/dh_t| hist bins=60 range=(-12.50,-11.50) mean=-12.00 p50=-12.00 p05=-12.00 p95=-12.00
  [diag] sat-dist hist bins=60 sat<0.05=0.0% mean=0.626 p10=0.540 p90=0.673
Iter 0015280: train nll 0.296, valid error 100.000%, best valid error 100.000%, avg grad norm  42.677, avg grad norm (post clip)   0.053, rho_Whh  1.12, Omega  0.00, alpha  0.000, steps in the past 0.000, valid nll 0.260
  [diag] log10|dL/dh_t| hist bins=60 range=(-12.50,-11.50) mean=-12.00 p50=-12.00 p05=-12.00 p95=-12.00
  [diag] sat-dist hist bins=60 sat<0.05=0.0% mean=0.603 p10=0.535 p90=0.671
Iter 0015300: train nll 0.296, valid error 100.000%, best valid error 100.000%, avg grad norm  43.398, avg grad norm (post clip)   0.053, rho_Whh  1.12, Omega  0.00, alpha  0.000, steps in the past 0.000, valid nll 0.231
  [diag] log10|dL/dh_t| hist bins=60 range=(-12.50,-11.50) mean=-12.00 p50=-12.00 p05=-12.00 p95=-12.00
  [diag] sat-dist hist bins=60 sat<0.05=0.0% mean=0.616 p10=0.537 p90=0.673
Iter 0015320: train nll 0.308, valid error 100.000%, best valid error 100.000%, avg grad norm  38.162, avg grad norm (post clip)   0.053, rho_Whh  1.12, Omega  0.00, alpha  0.000, steps in the past 0.000, valid nll 0.243
  [diag] log10|dL/dh_t| hist bins=60 range=(-12.50,-11.50) mean=-12.00 p50=-12.00 p05=-12.00 p95=-12.00
  [diag] sat-dist hist bins=60 sat<0.05=0.0% mean=0.632 p10=0.543 p90=0.674
Iter 0015340: train nll 0.281, valid error 100.000%, best valid error 100.000%, avg grad norm  52.673, avg grad norm (post clip)   0.053, rho_Whh  1.12, Omega  0.00, alpha  0.000, steps in the past 0.000, valid nll 0.277
  [diag] log10|dL/dh_t| hist bins=60 range=(-12.50,-11.50) mean=-12.00 p50=-12.00 p05=-12.00 p95=-12.00
  [diag] sat-dist hist bins=60 sat<0.05=0.0% mean=0.623 p10=0.538 p90=0.674
Iter 0015360: train nll 0.332, valid error 100.000%, best valid error 100.000%, avg grad norm  29.561, avg grad norm (post clip)   0.053, rho_Whh  1.12, Omega  0.00, alpha  0.000, steps in the past 0.000, valid nll 0.254
  [diag] log10|dL/dh_t| hist bins=60 range=(-12.50,-11.50) mean=-12.00 p50=-12.00 p05=-12.00 p95=-12.00
  [diag] sat-dist hist bins=60 sat<0.05=0.0% mean=0.636 p10=0.544 p90=0.675
Iter 0015380: train nll 0.309, valid error 100.000%, best valid error 100.000%, avg grad norm  53.193, avg grad norm (post clip)   0.053, rho_Whh  1.12, Omega  0.00, alpha  0.000, steps in the past 0.000, valid nll 0.290
  [diag] log10|dL/dh_t| hist bins=60 range=(-12.50,-11.50) mean=-12.00 p50=-12.00 p05=-12.00 p95=-12.00
  [diag] sat-dist hist bins=60 sat<0.05=0.0% mean=0.623 p10=0.538 p90=0.674
Iter 0015400: train nll 0.297, valid error 100.000%, best valid error 100.000%, avg grad norm  49.713, avg grad norm (post clip)   0.053, rho_Whh  1.12, Omega  0.00, alpha  0.000, steps in the past 0.000, valid nll 0.254
  [diag] log10|dL/dh_t| hist bins=60 range=(-12.50,-11.50) mean=-12.00 p50=-12.00 p05=-12.00 p95=-12.00
  [diag] sat-dist hist bins=60 sat<0.05=0.0% mean=0.623 p10=0.538 p90=0.674
Iter 0015420: train nll 0.298, valid error 100.000%, best valid error 100.000%, avg grad norm  44.457, avg grad norm (post clip)   0.053, rho_Whh  1.12, Omega  0.00, alpha  0.000, steps in the past 0.000, valid nll 0.254
  [diag] log10|dL/dh_t| hist bins=60 range=(-12.50,-11.50) mean=-12.00 p50=-12.00 p05=-12.00 p95=-12.00
  [diag] sat-dist hist bins=60 sat<0.05=0.0% mean=0.572 p10=0.531 p90=0.610
Iter 0015440: train nll 0.270, valid error 100.000%, best valid error 100.000%, avg grad norm  44.463, avg grad norm (post clip)   0.053, rho_Whh  1.12, Omega  0.00, alpha  0.000, steps in the past 0.000, valid nll 0.245
  [diag] log10|dL/dh_t| hist bins=60 range=(-12.50,-11.50) mean=-12.00 p50=-12.00 p05=-12.00 p95=-12.00
  [diag] sat-dist hist bins=60 sat<0.05=0.0% mean=0.615 p10=0.536 p90=0.673
Iter 0015460: train nll 0.311, valid error 100.000%, best valid error 100.000%, avg grad norm  48.388, avg grad norm (post clip)   0.053, rho_Whh  1.12, Omega  0.00, alpha  0.000, steps in the past 0.000, valid nll 0.242
  [diag] log10|dL/dh_t| hist bins=60 range=(-12.50,-11.50) mean=-12.00 p50=-12.00 p05=-12.00 p95=-12.00
  [diag] sat-dist hist bins=60 sat<0.05=0.0% mean=0.566 p10=0.530 p90=0.590
Iter 0015480: train nll 0.286, valid error 100.000%, best valid error 100.000%, avg grad norm  45.505, avg grad norm (post clip)   0.053, rho_Whh  1.12, Omega  0.00, alpha  0.000, steps in the past 0.000, valid nll 0.252
  [diag] log10|dL/dh_t| hist bins=60 range=(-12.50,-11.50) mean=-12.00 p50=-12.00 p05=-12.00 p95=-12.00
  [diag] sat-dist hist bins=60 sat<0.05=0.0% mean=0.631 p10=0.541 p90=0.675
Iter 0015500: train nll 0.316, valid error 100.000%, best valid error 100.000%, avg grad norm  46.461, avg grad norm (post clip)   0.053, rho_Whh  1.12, Omega  0.00, alpha  0.000, steps in the past 0.000, valid nll 0.272
  [diag] log10|dL/dh_t| hist bins=60 range=(-12.50,-11.50) mean=-12.00 p50=-12.00 p05=-12.00 p95=-12.00
  [diag] sat-dist hist bins=60 sat<0.05=0.0% mean=0.612 p10=0.536 p90=0.673
Iter 0015520: train nll 0.302, valid error 100.000%, best valid error 100.000%, avg grad norm  50.901, avg grad norm (post clip)   0.053, rho_Whh  1.12, Omega  0.00, alpha  0.000, steps in the past 0.000, valid nll 0.238
  [diag] log10|dL/dh_t| hist bins=60 range=(-12.50,-11.50) mean=-12.00 p50=-12.00 p05=-12.00 p95=-12.00
  [diag] sat-dist hist bins=60 sat<0.05=0.0% mean=0.631 p10=0.542 p90=0.675
Iter 0015540: train nll 0.314, valid error 100.000%, best valid error 100.000%, avg grad norm  49.837, avg grad norm (post clip)   0.053, rho_Whh  1.12, Omega  0.00, alpha  0.000, steps in the past 0.000, valid nll 0.272
  [diag] log10|dL/dh_t| hist bins=60 range=(-12.50,-11.50) mean=-12.00 p50=-12.00 p05=-12.00 p95=-12.00
  [diag] sat-dist hist bins=60 sat<0.05=0.0% mean=0.613 p10=0.536 p90=0.673
Iter 0015560: train nll 0.299, valid error 100.000%, best valid error 100.000%, avg grad norm  46.813, avg grad norm (post clip)   0.053, rho_Whh  1.12, Omega  0.00, alpha  0.000, steps in the past 0.000, valid nll 0.238
  [diag] log10|dL/dh_t| hist bins=60 range=(-12.50,-11.50) mean=-12.00 p50=-12.00 p05=-12.00 p95=-12.00
  [diag] sat-dist hist bins=60 sat<0.05=0.0% mean=0.613 p10=0.536 p90=0.673
Iter 0015580: train nll 0.289, valid error 100.000%, best valid error 100.000%, avg grad norm  49.258, avg grad norm (post clip)   0.053, rho_Whh  1.12, Omega  0.00, alpha  0.000, steps in the past 0.000, valid nll 0.238
  [diag] log10|dL/dh_t| hist bins=60 range=(-12.50,-11.50) mean=-12.00 p50=-12.00 p05=-12.00 p95=-12.00
  [diag] sat-dist hist bins=60 sat<0.05=0.0% mean=0.612 p10=0.536 p90=0.673
Iter 0015600: train nll 0.265, valid error 100.000%, best valid error 100.000%, avg grad norm  50.340, avg grad norm (post clip)   0.053, rho_Whh  1.12, Omega  0.00, alpha  0.000, steps in the past 0.000, valid nll 0.238
  [diag] log10|dL/dh_t| hist bins=60 range=(-12.50,-11.50) mean=-12.00 p50=-12.00 p05=-12.00 p95=-12.00
  [diag] sat-dist hist bins=60 sat<0.05=0.0% mean=0.611 p10=0.535 p90=0.673
Iter 0015620: train nll 0.264, valid error 100.000%, best valid error 100.000%, avg grad norm  49.679, avg grad norm (post clip)   0.053, rho_Whh  1.12, Omega  0.00, alpha  0.000, steps in the past 0.000, valid nll 0.236
  [diag] log10|dL/dh_t| hist bins=60 range=(-12.50,-11.50) mean=-12.00 p50=-12.00 p05=-12.00 p95=-12.00
  [diag] sat-dist hist bins=60 sat<0.05=0.0% mean=0.564 p10=0.530 p90=0.585
Iter 0015640: train nll 0.273, valid error 100.000%, best valid error 100.000%, avg grad norm  51.110, avg grad norm (post clip)   0.053, rho_Whh  1.12, Omega  0.00, alpha  0.000, steps in the past 0.000, valid nll 0.254
  [diag] log10|dL/dh_t| hist bins=60 range=(-12.50,-11.50) mean=-12.00 p50=-12.00 p05=-12.00 p95=-12.00
  [diag] sat-dist hist bins=60 sat<0.05=0.0% mean=0.630 p10=0.541 p90=0.674
Iter 0015660: train nll 0.294, valid error 100.000%, best valid error 100.000%, avg grad norm  45.408, avg grad norm (post clip)   0.053, rho_Whh  1.12, Omega  0.00, alpha  0.000, steps in the past 0.000, valid nll 0.270
  [diag] log10|dL/dh_t| hist bins=60 range=(-12.50,-11.50) mean=-12.00 p50=-12.00 p05=-12.00 p95=-12.00
  [diag] sat-dist hist bins=60 sat<0.05=0.0% mean=0.612 p10=0.536 p90=0.673
Iter 0015680: train nll 0.284, valid error 100.000%, best valid error 100.000%, avg grad norm  37.497, avg grad norm (post clip)   0.053, rho_Whh  1.12, Omega  0.00, alpha  0.000, steps in the past 0.000, valid nll 0.237
  [diag] log10|dL/dh_t| hist bins=60 range=(-12.50,-11.50) mean=-12.00 p50=-12.00 p05=-12.00 p95=-12.00
  [diag] sat-dist hist bins=60 sat<0.05=0.0% mean=0.630 p10=0.541 p90=0.674
Iter 0015700: train nll 0.289, valid error 100.000%, best valid error 100.000%, avg grad norm  56.700, avg grad norm (post clip)   0.053, rho_Whh  1.12, Omega  0.00, alpha  0.000, steps in the past 0.000, valid nll 0.271
  [diag] log10|dL/dh_t| hist bins=60 range=(-12.50,-11.50) mean=-12.00 p50=-12.00 p05=-12.00 p95=-12.00
  [diag] sat-dist hist bins=60 sat<0.05=0.0% mean=0.612 p10=0.536 p90=0.673
Iter 0015720: train nll 0.294, valid error 100.000%, best valid error 100.000%, avg grad norm  44.559, avg grad norm (post clip)   0.053, rho_Whh  1.12, Omega  0.00, alpha  0.000, steps in the past 0.000, valid nll 0.237
  [diag] log10|dL/dh_t| hist bins=60 range=(-12.50,-11.50) mean=-12.00 p50=-12.00 p05=-12.00 p95=-12.00
  [diag] sat-dist hist bins=60 sat<0.05=0.0% mean=0.612 p10=0.536 p90=0.673
Iter 0015740: train nll 0.309, valid error 100.000%, best valid error 100.000%, avg grad norm  44.178, avg grad norm (post clip)   0.053, rho_Whh  1.12, Omega  0.00, alpha  0.000, steps in the past 0.000, valid nll 0.237
  [diag] log10|dL/dh_t| hist bins=60 range=(-12.50,-11.50) mean=-12.00 p50=-12.00 p05=-12.00 p95=-12.00
  [diag] sat-dist hist bins=60 sat<0.05=0.0% mean=0.614 p10=0.536 p90=0.673
Iter 0015760: train nll 0.309, valid error 100.000%, best valid error 100.000%, avg grad norm  37.847, avg grad norm (post clip)   0.053, rho_Whh  1.12, Omega  0.00, alpha  0.000, steps in the past 0.000, valid nll 0.239
  [diag] log10|dL/dh_t| hist bins=60 range=(-12.50,-11.50) mean=-12.00 p50=-12.00 p05=-12.00 p95=-12.00
  [diag] sat-dist hist bins=60 sat<0.05=0.0% mean=0.614 p10=0.536 p90=0.673
Iter 0015780: train nll 0.305, valid error 100.000%, best valid error 100.000%, avg grad norm  43.339, avg grad norm (post clip)   0.053, rho_Whh  1.12, Omega  0.00, alpha  0.000, steps in the past 0.000, valid nll 0.239
  [diag] log10|dL/dh_t| hist bins=60 range=(-12.50,-11.50) mean=-12.00 p50=-12.00 p05=-12.00 p95=-12.00
  [diag] sat-dist hist bins=60 sat<0.05=0.0% mean=0.611 p10=0.536 p90=0.673
Iter 0015800: train nll 0.338, valid error 100.000%, best valid error 100.000%, avg grad norm  36.227, avg grad norm (post clip)   0.053, rho_Whh  1.12, Omega  0.00, alpha  0.000, steps in the past 0.000, valid nll 0.236
  [diag] log10|dL/dh_t| hist bins=60 range=(-12.50,-11.50) mean=-12.00 p50=-12.00 p05=-12.00 p95=-12.00
  [diag] sat-dist hist bins=60 sat<0.05=0.0% mean=0.611 p10=0.536 p90=0.673
Iter 0015820: train nll 0.301, valid error 100.000%, best valid error 100.000%, avg grad norm  48.462, avg grad norm (post clip)   0.053, rho_Whh  1.12, Omega  0.00, alpha  0.000, steps in the past 0.000, valid nll 0.236
  [diag] log10|dL/dh_t| hist bins=60 range=(-12.50,-11.50) mean=-12.00 p50=-12.00 p05=-12.00 p95=-12.00
  [diag] sat-dist hist bins=60 sat<0.05=0.0% mean=0.611 p10=0.536 p90=0.673
Iter 0015840: train nll 0.305, valid error 100.000%, best valid error 100.000%, avg grad norm  48.621, avg grad norm (post clip)   0.053, rho_Whh  1.12, Omega  0.00, alpha  0.000, steps in the past 0.000, valid nll 0.236
  [diag] log10|dL/dh_t| hist bins=60 range=(-12.50,-11.50) mean=-12.00 p50=-12.00 p05=-12.00 p95=-12.00
  [diag] sat-dist hist bins=60 sat<0.05=0.0% mean=0.611 p10=0.536 p90=0.673
Iter 0015860: train nll 0.274, valid error 100.000%, best valid error 100.000%, avg grad norm  48.493, avg grad norm (post clip)   0.053, rho_Whh  1.12, Omega  0.00, alpha  0.000, steps in the past 0.000, valid nll 0.236
  [diag] log10|dL/dh_t| hist bins=60 range=(-12.50,-11.50) mean=-12.00 p50=-12.00 p05=-12.00 p95=-12.00
  [diag] sat-dist hist bins=60 sat<0.05=0.0% mean=0.630 p10=0.542 p90=0.674
Iter 0015880: train nll 0.298, valid error 100.000%, best valid error 100.000%, avg grad norm  50.560, avg grad norm (post clip)   0.053, rho_Whh  1.12, Omega  0.00, alpha  0.000, steps in the past 0.000, valid nll 0.270
  [diag] log10|dL/dh_t| hist bins=60 range=(-12.50,-11.50) mean=-12.00 p50=-12.00 p05=-12.00 p95=-12.00
  [diag] sat-dist hist bins=60 sat<0.05=0.0% mean=0.612 p10=0.536 p90=0.673
Iter 0015900: train nll 0.292, valid error 100.000%, best valid error 100.000%, avg grad norm  40.138, avg grad norm (post clip)   0.053, rho_Whh  1.12, Omega  0.00, alpha  0.000, steps in the past 0.000, valid nll 0.237
  [diag] log10|dL/dh_t| hist bins=60 range=(-12.50,-11.50) mean=-12.00 p50=-12.00 p05=-12.00 p95=-12.00
  [diag] sat-dist hist bins=60 sat<0.05=0.0% mean=0.612 p10=0.536 p90=0.673
Iter 0015920: train nll 0.276, valid error 100.000%, best valid error 100.000%, avg grad norm  48.005, avg grad norm (post clip)   0.053, rho_Whh  1.12, Omega  0.00, alpha  0.000, steps in the past 0.000, valid nll 0.237
  [diag] log10|dL/dh_t| hist bins=60 range=(-12.50,-11.50) mean=-12.00 p50=-12.00 p05=-12.00 p95=-12.00
  [diag] sat-dist hist bins=60 sat<0.05=0.0% mean=0.630 p10=0.542 p90=0.674
Iter 0015940: train nll 0.289, valid error 100.000%, best valid error 100.000%, avg grad norm  51.437, avg grad norm (post clip)   0.053, rho_Whh  1.12, Omega  0.00, alpha  0.000, steps in the past 0.000, valid nll 0.270
  [diag] log10|dL/dh_t| hist bins=60 range=(-12.50,-11.50) mean=-12.00 p50=-12.00 p05=-12.00 p95=-12.00
  [diag] sat-dist hist bins=60 sat<0.05=0.0% mean=0.610 p10=0.536 p90=0.672
Iter 0015960: train nll 0.262, valid error 100.000%, best valid error 100.000%, avg grad norm  52.891, avg grad norm (post clip)   0.053, rho_Whh  1.12, Omega  0.00, alpha  0.000, steps in the past 0.000, valid nll 0.235
  [diag] log10|dL/dh_t| hist bins=60 range=(-12.50,-11.50) mean=-12.00 p50=-12.00 p05=-12.00 p95=-12.00
  [diag] sat-dist hist bins=60 sat<0.05=0.0% mean=0.610 p10=0.536 p90=0.672
Iter 0015980: train nll 0.304, valid error 100.000%, best valid error 100.000%, avg grad norm  53.220, avg grad norm (post clip)   0.053, rho_Whh  1.12, Omega  0.00, alpha  0.000, steps in the past 0.000, valid nll 0.235
  [diag] log10|dL/dh_t| hist bins=60 range=(-12.50,-11.50) mean=-12.00 p50=-12.00 p05=-12.00 p95=-12.00
  [diag] sat-dist hist bins=60 sat<0.05=0.0% mean=0.610 p10=0.536 p90=0.672
Iter 0016000: train nll 0.333, valid error 100.000%, best valid error 100.000%, avg grad norm  44.303, avg grad norm (post clip)   0.053, rho_Whh  1.12, Omega  0.00, alpha  0.000, steps in the past 0.000, valid nll 0.235
  [diag] log10|dL/dh_t| hist bins=60 range=(-12.50,-11.50) mean=-12.00 p50=-12.00 p05=-12.00 p95=-12.00
  [diag] sat-dist hist bins=60 sat<0.05=0.0% mean=0.629 p10=0.542 p90=0.674
Iter 0016020: train nll 0.316, valid error 100.000%, best valid error 100.000%, avg grad norm  43.715, avg grad norm (post clip)   0.053, rho_Whh  1.12, Omega  0.00, alpha  0.000, steps in the past 0.000, valid nll 0.267
  [diag] log10|dL/dh_t| hist bins=60 range=(-12.50,-11.50) mean=-12.00 p50=-12.00 p05=-12.00 p95=-12.00
  [diag] sat-dist hist bins=60 sat<0.05=0.0% mean=0.610 p10=0.536 p90=0.672
Iter 0016040: train nll 0.277, valid error 100.000%, best valid error 100.000%, avg grad norm  52.931, avg grad norm (post clip)   0.053, rho_Whh  1.12, Omega  0.00, alpha  0.000, steps in the past 0.000, valid nll 0.235
  [diag] log10|dL/dh_t| hist bins=60 range=(-12.50,-11.50) mean=-12.00 p50=-12.00 p05=-12.00 p95=-12.00
  [diag] sat-dist hist bins=60 sat<0.05=0.0% mean=0.595 p10=0.533 p90=0.667
Iter 0016060: train nll 0.266, valid error 100.000%, best valid error 100.000%, avg grad norm  58.050, avg grad norm (post clip)   0.053, rho_Whh  1.12, Omega  0.00, alpha  0.000, steps in the past 0.000, valid nll 0.229
  [diag] log10|dL/dh_t| hist bins=60 range=(-12.50,-11.50) mean=-12.00 p50=-12.00 p05=-12.00 p95=-12.00
  [diag] sat-dist hist bins=60 sat<0.05=0.0% mean=0.636 p10=0.545 p90=0.675
Iter 0016080: train nll 0.328, valid error 100.000%, best valid error 100.000%, avg grad norm  43.041, avg grad norm (post clip)   0.053, rho_Whh  1.12, Omega  0.00, alpha  0.000, steps in the past 0.000, valid nll 0.287
  [diag] log10|dL/dh_t| hist bins=60 range=(-12.50,-11.50) mean=-12.00 p50=-12.00 p05=-12.00 p95=-12.00
  [diag] sat-dist hist bins=60 sat<0.05=0.0% mean=0.628 p10=0.540 p90=0.674
Iter 0016100: train nll 0.305, valid error 100.000%, best valid error 100.000%, avg grad norm  42.702, avg grad norm (post clip)   0.053, rho_Whh  1.12, Omega  0.00, alpha  0.000, steps in the past 0.000, valid nll 0.263
  [diag] log10|dL/dh_t| hist bins=60 range=(-12.50,-11.50) mean=-12.00 p50=-12.00 p05=-12.00 p95=-12.00
  [diag] sat-dist hist bins=60 sat<0.05=0.0% mean=0.628 p10=0.540 p90=0.674
Iter 0016120: train nll 0.275, valid error 100.000%, best valid error 100.000%, avg grad norm  52.705, avg grad norm (post clip)   0.053, rho_Whh  1.12, Omega  0.00, alpha  0.000, steps in the past 0.000, valid nll 0.263
  [diag] log10|dL/dh_t| hist bins=60 range=(-12.50,-11.50) mean=-12.00 p50=-12.00 p05=-12.00 p95=-12.00
  [diag] sat-dist hist bins=60 sat<0.05=0.0% mean=0.639 p10=0.546 p90=0.676
Iter 0016140: train nll 0.287, valid error 100.000%, best valid error 100.000%, avg grad norm  45.776, avg grad norm (post clip)   0.053, rho_Whh  1.12, Omega  0.00, alpha  0.000, steps in the past 0.000, valid nll 0.297
  [diag] log10|dL/dh_t| hist bins=60 range=(-12.50,-11.50) mean=-12.00 p50=-12.00 p05=-12.00 p95=-12.00
  [diag] sat-dist hist bins=60 sat<0.05=0.0% mean=0.606 p10=0.535 p90=0.672
Iter 0016160: train nll 0.309, valid error 100.000%, best valid error 100.000%, avg grad norm  45.840, avg grad norm (post clip)   0.053, rho_Whh  1.12, Omega  0.00, alpha  0.000, steps in the past 0.000, valid nll 0.232
  [diag] log10|dL/dh_t| hist bins=60 range=(-12.50,-11.50) mean=-12.00 p50=-12.00 p05=-12.00 p95=-12.00
  [diag] sat-dist hist bins=60 sat<0.05=0.0% mean=0.628 p10=0.541 p90=0.674
Iter 0016180: train nll 0.317, valid error 100.000%, best valid error 100.000%, avg grad norm  46.982, avg grad norm (post clip)   0.053, rho_Whh  1.12, Omega  0.00, alpha  0.000, steps in the past 0.000, valid nll 0.263
  [diag] log10|dL/dh_t| hist bins=60 range=(-12.50,-11.50) mean=-12.00 p50=-12.00 p05=-12.00 p95=-12.00
  [diag] sat-dist hist bins=60 sat<0.05=0.0% mean=0.628 p10=0.541 p90=0.674
Iter 0016200: train nll 0.316, valid error 100.000%, best valid error 100.000%, avg grad norm  45.665, avg grad norm (post clip)   0.053, rho_Whh  1.12, Omega  0.00, alpha  0.000, steps in the past 0.000, valid nll 0.263
  [diag] log10|dL/dh_t| hist bins=60 range=(-12.50,-11.50) mean=-12.00 p50=-12.00 p05=-12.00 p95=-12.00
  [diag] sat-dist hist bins=60 sat<0.05=0.0% mean=0.607 p10=0.535 p90=0.672
Iter 0016220: train nll 0.302, valid error 100.000%, best valid error 100.000%, avg grad norm  44.072, avg grad norm (post clip)   0.053, rho_Whh  1.12, Omega  0.00, alpha  0.000, steps in the past 0.000, valid nll 0.232
  [diag] log10|dL/dh_t| hist bins=60 range=(-12.50,-11.50) mean=-12.00 p50=-12.00 p05=-12.00 p95=-12.00
  [diag] sat-dist hist bins=60 sat<0.05=0.0% mean=0.598 p10=0.534 p90=0.670
Iter 0016240: train nll 0.261, valid error 100.000%, best valid error 100.000%, avg grad norm  44.704, avg grad norm (post clip)   0.053, rho_Whh  1.12, Omega  0.00, alpha  0.000, steps in the past 0.000, valid nll 0.229
  [diag] log10|dL/dh_t| hist bins=60 range=(-12.50,-11.50) mean=-12.00 p50=-12.00 p05=-12.00 p95=-12.00
  [diag] sat-dist hist bins=60 sat<0.05=0.0% mean=0.637 p10=0.545 p90=0.675
Iter 0016260: train nll 0.357, valid error 100.000%, best valid error 100.000%, avg grad norm  42.471, avg grad norm (post clip)   0.053, rho_Whh  1.12, Omega  0.00, alpha  0.000, steps in the past 0.000, valid nll 0.289
  [diag] log10|dL/dh_t| hist bins=60 range=(-12.50,-11.50) mean=-12.00 p50=-12.00 p05=-12.00 p95=-12.00
  [diag] sat-dist hist bins=60 sat<0.05=0.0% mean=0.597 p10=0.534 p90=0.669
Iter 0016280: train nll 0.295, valid error 100.000%, best valid error 100.000%, avg grad norm  42.708, avg grad norm (post clip)   0.053, rho_Whh  1.12, Omega  0.00, alpha  0.000, steps in the past 0.000, valid nll 0.229
  [diag] log10|dL/dh_t| hist bins=60 range=(-12.50,-11.50) mean=-12.00 p50=-12.00 p05=-12.00 p95=-12.00
  [diag] sat-dist hist bins=60 sat<0.05=0.0% mean=0.624 p10=0.540 p90=0.674
Iter 0016300: train nll 0.308, valid error 100.000%, best valid error 100.000%, avg grad norm  50.089, avg grad norm (post clip)   0.053, rho_Whh  1.12, Omega  0.00, alpha  0.000, steps in the past 0.000, valid nll 0.254
  [diag] log10|dL/dh_t| hist bins=60 range=(-12.50,-11.50) mean=-12.00 p50=-12.00 p05=-12.00 p95=-12.00
  [diag] sat-dist hist bins=60 sat<0.05=0.0% mean=0.624 p10=0.540 p90=0.673
Iter 0016320: train nll 0.308, valid error 100.000%, best valid error 100.000%, avg grad norm  40.020, avg grad norm (post clip)   0.053, rho_Whh  1.12, Omega  0.00, alpha  0.000, steps in the past 0.000, valid nll 0.255
  [diag] log10|dL/dh_t| hist bins=60 range=(-12.50,-11.50) mean=-12.00 p50=-12.00 p05=-12.00 p95=-12.00
  [diag] sat-dist hist bins=60 sat<0.05=0.0% mean=0.624 p10=0.540 p90=0.673
Iter 0016340: train nll 0.313, valid error 100.000%, best valid error 100.000%, avg grad norm  40.581, avg grad norm (post clip)   0.053, rho_Whh  1.12, Omega  0.00, alpha  0.000, steps in the past 0.000, valid nll 0.255
  [diag] log10|dL/dh_t| hist bins=60 range=(-12.50,-11.50) mean=-12.00 p50=-12.00 p05=-12.00 p95=-12.00
  [diag] sat-dist hist bins=60 sat<0.05=0.0% mean=0.625 p10=0.540 p90=0.673
Iter 0016360: train nll 0.280, valid error 100.000%, best valid error 100.000%, avg grad norm  46.224, avg grad norm (post clip)   0.053, rho_Whh  1.12, Omega  0.00, alpha  0.000, steps in the past 0.000, valid nll 0.255
  [diag] log10|dL/dh_t| hist bins=60 range=(-12.50,-11.50) mean=-12.00 p50=-12.00 p05=-12.00 p95=-12.00
  [diag] sat-dist hist bins=60 sat<0.05=0.0% mean=0.637 p10=0.546 p90=0.675
Iter 0016380: train nll 0.310, valid error 100.000%, best valid error 100.000%, avg grad norm  38.735, avg grad norm (post clip)   0.053, rho_Whh  1.12, Omega  0.00, alpha  0.000, steps in the past 0.000, valid nll 0.288
  [diag] log10|dL/dh_t| hist bins=60 range=(-12.50,-11.50) mean=-12.00 p50=-12.00 p05=-12.00 p95=-12.00
  [diag] sat-dist hist bins=60 sat<0.05=0.0% mean=0.598 p10=0.534 p90=0.669
Iter 0016400: train nll 0.284, valid error 100.000%, best valid error 100.000%, avg grad norm  45.253, avg grad norm (post clip)   0.053, rho_Whh  1.12, Omega  0.00, alpha  0.000, steps in the past 0.000, valid nll 0.229
  [diag] log10|dL/dh_t| hist bins=60 range=(-12.50,-11.50) mean=-12.00 p50=-12.00 p05=-12.00 p95=-12.00
  [diag] sat-dist hist bins=60 sat<0.05=0.0% mean=0.625 p10=0.540 p90=0.673
Iter 0016420: train nll 0.309, valid error 100.000%, best valid error 100.000%, avg grad norm  41.021, avg grad norm (post clip)   0.053, rho_Whh  1.12, Omega  0.00, alpha  0.000, steps in the past 0.000, valid nll 0.255
  [diag] log10|dL/dh_t| hist bins=60 range=(-12.50,-11.50) mean=-12.00 p50=-12.00 p05=-12.00 p95=-12.00
  [diag] sat-dist hist bins=60 sat<0.05=0.0% mean=0.625 p10=0.540 p90=0.673
Iter 0016440: train nll 0.284, valid error 100.000%, best valid error 100.000%, avg grad norm  48.051, avg grad norm (post clip)   0.053, rho_Whh  1.12, Omega  0.00, alpha  0.000, steps in the past 0.000, valid nll 0.255
  [diag] log10|dL/dh_t| hist bins=60 range=(-12.50,-11.50) mean=-12.00 p50=-12.00 p05=-12.00 p95=-12.00
  [diag] sat-dist hist bins=60 sat<0.05=0.0% mean=0.600 p10=0.535 p90=0.670
Iter 0016460: train nll 0.255, valid error 100.000%, best valid error 100.000%, avg grad norm  55.707, avg grad norm (post clip)   0.053, rho_Whh  1.12, Omega  0.00, alpha  0.000, steps in the past 0.000, valid nll 0.229
  [diag] log10|dL/dh_t| hist bins=60 range=(-12.50,-11.50) mean=-12.00 p50=-12.00 p05=-12.00 p95=-12.00
  [diag] sat-dist hist bins=60 sat<0.05=0.0% mean=0.625 p10=0.540 p90=0.673
Iter 0016480: train nll 0.306, valid error 100.000%, best valid error 100.000%, avg grad norm  44.697, avg grad norm (post clip)   0.053, rho_Whh  1.12, Omega  0.00, alpha  0.000, steps in the past 0.000, valid nll 0.255
  [diag] log10|dL/dh_t| hist bins=60 range=(-12.50,-11.50) mean=-12.00 p50=-12.00 p05=-12.00 p95=-12.00
  [diag] sat-dist hist bins=60 sat<0.05=0.0% mean=0.600 p10=0.535 p90=0.670
Iter 0016500: train nll 0.293, valid error 100.000%, best valid error 100.000%, avg grad norm  43.313, avg grad norm (post clip)   0.053, rho_Whh  1.12, Omega  0.00, alpha  0.000, steps in the past 0.000, valid nll 0.229
  [diag] log10|dL/dh_t| hist bins=60 range=(-12.50,-11.50) mean=-12.00 p50=-12.00 p05=-12.00 p95=-12.00
  [diag] sat-dist hist bins=60 sat<0.05=0.0% mean=0.625 p10=0.541 p90=0.673
Iter 0016520: train nll 0.305, valid error 100.000%, best valid error 100.000%, avg grad norm  45.100, avg grad norm (post clip)   0.053, rho_Whh  1.12, Omega  0.00, alpha  0.000, steps in the past 0.000, valid nll 0.255
  [diag] log10|dL/dh_t| hist bins=60 range=(-12.50,-11.50) mean=-12.00 p50=-12.00 p05=-12.00 p95=-12.00
  [diag] sat-dist hist bins=60 sat<0.05=0.0% mean=0.626 p10=0.541 p90=0.673
Iter 0016540: train nll 0.302, valid error 100.000%, best valid error 100.000%, avg grad norm  42.640, avg grad norm (post clip)   0.053, rho_Whh  1.12, Omega  0.00, alpha  0.000, steps in the past 0.000, valid nll 0.258
  [diag] log10|dL/dh_t| hist bins=60 range=(-12.50,-11.50) mean=-12.00 p50=-12.00 p05=-12.00 p95=-12.00
  [diag] sat-dist hist bins=60 sat<0.05=0.0% mean=0.638 p10=0.547 p90=0.675
Iter 0016560: train nll 0.284, valid error 100.000%, best valid error 100.000%, avg grad norm  47.810, avg grad norm (post clip)   0.053, rho_Whh  1.12, Omega  0.00, alpha  0.000, steps in the past 0.000, valid nll 0.290
  [diag] log10|dL/dh_t| hist bins=60 range=(-12.50,-11.50) mean=-12.00 p50=-12.00 p05=-12.00 p95=-12.00
  [diag] sat-dist hist bins=60 sat<0.05=0.0% mean=0.603 p10=0.535 p90=0.671
Iter 0016580: train nll 0.289, valid error 100.000%, best valid error 100.000%, avg grad norm  42.338, avg grad norm (post clip)   0.053, rho_Whh  1.12, Omega  0.00, alpha  0.000, steps in the past 0.000, valid nll 0.230
  [diag] log10|dL/dh_t| hist bins=60 range=(-12.50,-11.50) mean=-12.00 p50=-12.00 p05=-12.00 p95=-12.00
  [diag] sat-dist hist bins=60 sat<0.05=0.0% mean=0.603 p10=0.535 p90=0.671
Iter 0016600: train nll 0.282, valid error 100.000%, best valid error 100.000%, avg grad norm  52.701, avg grad norm (post clip)   0.053, rho_Whh  1.12, Omega  0.00, alpha  0.000, steps in the past 0.000, valid nll 0.230
  [diag] log10|dL/dh_t| hist bins=60 range=(-12.50,-11.50) mean=-12.00 p50=-12.00 p05=-12.00 p95=-12.00
  [diag] sat-dist hist bins=60 sat<0.05=0.0% mean=0.603 p10=0.535 p90=0.671
Iter 0016620: train nll 0.298, valid error 100.000%, best valid error 100.000%, avg grad norm  46.923, avg grad norm (post clip)   0.053, rho_Whh  1.12, Omega  0.00, alpha  0.000, steps in the past 0.000, valid nll 0.230
  [diag] log10|dL/dh_t| hist bins=60 range=(-12.50,-11.50) mean=-12.00 p50=-12.00 p05=-12.00 p95=-12.00
  [diag] sat-dist hist bins=60 sat<0.05=0.0% mean=0.603 p10=0.536 p90=0.671
Iter 0016640: train nll 0.330, valid error 100.000%, best valid error 100.000%, avg grad norm  46.725, avg grad norm (post clip)   0.053, rho_Whh  1.12, Omega  0.00, alpha  0.000, steps in the past 0.000, valid nll 0.230
  [diag] log10|dL/dh_t| hist bins=60 range=(-12.50,-11.50) mean=-12.00 p50=-12.00 p05=-12.00 p95=-12.00
  [diag] sat-dist hist bins=60 sat<0.05=0.0% mean=0.626 p10=0.541 p90=0.673
Iter 0016660: train nll 0.310, valid error 100.000%, best valid error 100.000%, avg grad norm  37.795, avg grad norm (post clip)   0.053, rho_Whh  1.12, Omega  0.00, alpha  0.000, steps in the past 0.000, valid nll 0.256
  [diag] log10|dL/dh_t| hist bins=60 range=(-12.50,-11.50) mean=-12.00 p50=-12.00 p05=-12.00 p95=-12.00
  [diag] sat-dist hist bins=60 sat<0.05=0.0% mean=0.626 p10=0.541 p90=0.673
Iter 0016680: train nll 0.316, valid error 100.000%, best valid error 100.000%, avg grad norm  39.634, avg grad norm (post clip)   0.053, rho_Whh  1.12, Omega  0.00, alpha  0.000, steps in the past 0.000, valid nll 0.257
  [diag] log10|dL/dh_t| hist bins=60 range=(-12.50,-11.50) mean=-12.00 p50=-12.00 p05=-12.00 p95=-12.00
  [diag] sat-dist hist bins=60 sat<0.05=0.0% mean=0.625 p10=0.541 p90=0.673
Iter 0016700: train nll 0.306, valid error 100.000%, best valid error 100.000%, avg grad norm  42.570, avg grad norm (post clip)   0.053, rho_Whh  1.12, Omega  0.00, alpha  0.000, steps in the past 0.000, valid nll 0.255
  [diag] log10|dL/dh_t| hist bins=60 range=(-12.50,-11.50) mean=-12.00 p50=-12.00 p05=-12.00 p95=-12.00
  [diag] sat-dist hist bins=60 sat<0.05=0.0% mean=0.645 p10=0.554 p90=0.676
Iter 0016720: train nll 0.297, valid error 100.000%, best valid error 100.000%, avg grad norm  48.002, avg grad norm (post clip)   0.053, rho_Whh  1.12, Omega  0.00, alpha  0.000, steps in the past 0.000, valid nll 0.314
  [diag] log10|dL/dh_t| hist bins=60 range=(-12.50,-11.50) mean=-12.00 p50=-12.00 p05=-12.00 p95=-12.00
  [diag] sat-dist hist bins=60 sat<0.05=0.0% mean=0.609 p10=0.536 p90=0.671
Iter 0016740: train nll 0.272, valid error 100.000%, best valid error 100.000%, avg grad norm  41.213, avg grad norm (post clip)   0.053, rho_Whh  1.12, Omega  0.00, alpha  0.000, steps in the past 0.000, valid nll 0.233
  [diag] log10|dL/dh_t| hist bins=60 range=(-12.50,-11.50) mean=-12.00 p50=-12.00 p05=-12.00 p95=-12.00
  [diag] sat-dist hist bins=60 sat<0.05=0.0% mean=0.609 p10=0.536 p90=0.671
Iter 0016760: train nll 0.294, valid error 100.000%, best valid error 100.000%, avg grad norm  43.037, avg grad norm (post clip)   0.053, rho_Whh  1.12, Omega  0.00, alpha  0.000, steps in the past 0.000, valid nll 0.233
  [diag] log10|dL/dh_t| hist bins=60 range=(-12.50,-11.50) mean=-12.00 p50=-12.00 p05=-12.00 p95=-12.00
  [diag] sat-dist hist bins=60 sat<0.05=0.0% mean=0.629 p10=0.542 p90=0.673
Iter 0016780: train nll 0.287, valid error 100.000%, best valid error 100.000%, avg grad norm  42.100, avg grad norm (post clip)   0.053, rho_Whh  1.12, Omega  0.00, alpha  0.000, steps in the past 0.000, valid nll 0.263
  [diag] log10|dL/dh_t| hist bins=60 range=(-12.50,-11.50) mean=-12.00 p50=-12.00 p05=-12.00 p95=-12.00
  [diag] sat-dist hist bins=60 sat<0.05=0.0% mean=0.609 p10=0.537 p90=0.671
Iter 0016800: train nll 0.294, valid error 100.000%, best valid error 100.000%, avg grad norm  44.981, avg grad norm (post clip)   0.053, rho_Whh  1.12, Omega  0.00, alpha  0.000, steps in the past 0.000, valid nll 0.233
  [diag] log10|dL/dh_t| hist bins=60 range=(-12.50,-11.50) mean=-12.00 p50=-12.00 p05=-12.00 p95=-12.00
  [diag] sat-dist hist bins=60 sat<0.05=0.0% mean=0.609 p10=0.537 p90=0.671
Iter 0016820: train nll 0.269, valid error 100.000%, best valid error 100.000%, avg grad norm  43.008, avg grad norm (post clip)   0.053, rho_Whh  1.12, Omega  0.00, alpha  0.000, steps in the past 0.000, valid nll 0.233
  [diag] log10|dL/dh_t| hist bins=60 range=(-12.50,-11.50) mean=-12.00 p50=-12.00 p05=-12.00 p95=-12.00
  [diag] sat-dist hist bins=60 sat<0.05=0.0% mean=0.610 p10=0.537 p90=0.671
Iter 0016840: train nll 0.298, valid error 100.000%, best valid error 100.000%, avg grad norm  41.120, avg grad norm (post clip)   0.053, rho_Whh  1.12, Omega  0.00, alpha  0.000, steps in the past 0.000, valid nll 0.233
  [diag] log10|dL/dh_t| hist bins=60 range=(-12.50,-11.50) mean=-12.00 p50=-12.00 p05=-12.00 p95=-12.00
  [diag] sat-dist hist bins=60 sat<0.05=0.0% mean=0.611 p10=0.537 p90=0.672
Iter 0016860: train nll 0.262, valid error 100.000%, best valid error 100.000%, avg grad norm  35.710, avg grad norm (post clip)   0.053, rho_Whh  1.12, Omega  0.00, alpha  0.000, steps in the past 0.000, valid nll 0.234
  [diag] log10|dL/dh_t| hist bins=60 range=(-12.50,-11.50) mean=-12.00 p50=-12.00 p05=-12.00 p95=-12.00
  [diag] sat-dist hist bins=60 sat<0.05=0.0% mean=0.640 p10=0.549 p90=0.676
Iter 0016880: train nll 0.324, valid error 100.000%, best valid error 100.000%, avg grad norm  39.185, avg grad norm (post clip)   0.053, rho_Whh  1.12, Omega  0.00, alpha  0.000, steps in the past 0.000, valid nll 0.297
  [diag] log10|dL/dh_t| hist bins=60 range=(-12.50,-11.50) mean=-12.00 p50=-12.00 p05=-12.00 p95=-12.00
  [diag] sat-dist hist bins=60 sat<0.05=0.0% mean=0.611 p10=0.537 p90=0.672
Iter 0016900: train nll 0.306, valid error 100.000%, best valid error 100.000%, avg grad norm  43.215, avg grad norm (post clip)   0.053, rho_Whh  1.12, Omega  0.00, alpha  0.000, steps in the past 0.000, valid nll 0.235
  [diag] log10|dL/dh_t| hist bins=60 range=(-12.50,-11.50) mean=-12.00 p50=-12.00 p05=-12.00 p95=-12.00
  [diag] sat-dist hist bins=60 sat<0.05=0.0% mean=0.611 p10=0.537 p90=0.672
Iter 0016920: train nll 0.277, valid error 100.000%, best valid error 100.000%, avg grad norm  49.245, avg grad norm (post clip)   0.053, rho_Whh  1.12, Omega  0.00, alpha  0.000, steps in the past 0.000, valid nll 0.235
  [diag] log10|dL/dh_t| hist bins=60 range=(-12.50,-11.50) mean=-12.00 p50=-12.00 p05=-12.00 p95=-12.00
  [diag] sat-dist hist bins=60 sat<0.05=0.0% mean=0.630 p10=0.543 p90=0.673
Iter 0016940: train nll 0.334, valid error 100.000%, best valid error 100.000%, avg grad norm  41.328, avg grad norm (post clip)   0.053, rho_Whh  1.12, Omega  0.00, alpha  0.000, steps in the past 0.000, valid nll 0.265
  [diag] log10|dL/dh_t| hist bins=60 range=(-12.50,-11.50) mean=-12.00 p50=-12.00 p05=-12.00 p95=-12.00
  [diag] sat-dist hist bins=60 sat<0.05=0.0% mean=0.611 p10=0.537 p90=0.672
Iter 0016960: train nll 0.289, valid error 100.000%, best valid error 100.000%, avg grad norm  37.868, avg grad norm (post clip)   0.053, rho_Whh  1.12, Omega  0.00, alpha  0.000, steps in the past 0.000, valid nll 0.234
  [diag] log10|dL/dh_t| hist bins=60 range=(-12.50,-11.50) mean=-12.00 p50=-12.00 p05=-12.00 p95=-12.00
  [diag] sat-dist hist bins=60 sat<0.05=0.0% mean=0.611 p10=0.537 p90=0.672
Iter 0016980: train nll 0.321, valid error 100.000%, best valid error 100.000%, avg grad norm  40.377, avg grad norm (post clip)   0.053, rho_Whh  1.12, Omega  0.00, alpha  0.000, steps in the past 0.000, valid nll 0.234
  [diag] log10|dL/dh_t| hist bins=60 range=(-12.50,-11.50) mean=-12.00 p50=-12.00 p05=-12.00 p95=-12.00
  [diag] sat-dist hist bins=60 sat<0.05=0.0% mean=0.640 p10=0.549 p90=0.676
Iter 0017000: train nll 0.304, valid error 100.000%, best valid error 100.000%, avg grad norm  34.004, avg grad norm (post clip)   0.053, rho_Whh  1.12, Omega  0.00, alpha  0.000, steps in the past 0.000, valid nll 0.297
  [diag] log10|dL/dh_t| hist bins=60 range=(-12.50,-11.50) mean=-12.00 p50=-12.00 p05=-12.00 p95=-12.00
  [diag] sat-dist hist bins=60 sat<0.05=0.0% mean=0.630 p10=0.542 p90=0.674
Iter 0017020: train nll 0.317, valid error 100.000%, best valid error 100.000%, avg grad norm  38.616, avg grad norm (post clip)   0.053, rho_Whh  1.12, Omega  0.00, alpha  0.000, steps in the past 0.000, valid nll 0.266
  [diag] log10|dL/dh_t| hist bins=60 range=(-12.50,-11.50) mean=-12.00 p50=-12.00 p05=-12.00 p95=-12.00
  [diag] sat-dist hist bins=60 sat<0.05=0.0% mean=0.611 p10=0.537 p90=0.672
Iter 0017040: train nll 0.289, valid error 100.000%, best valid error 100.000%, avg grad norm  44.139, avg grad norm (post clip)   0.053, rho_Whh  1.12, Omega  0.00, alpha  0.000, steps in the past 0.000, valid nll 0.235
  [diag] log10|dL/dh_t| hist bins=60 range=(-12.50,-11.50) mean=-12.00 p50=-12.00 p05=-12.00 p95=-12.00
  [diag] sat-dist hist bins=60 sat<0.05=0.0% mean=0.611 p10=0.537 p90=0.672
Iter 0017060: train nll 0.273, valid error 100.000%, best valid error 100.000%, avg grad norm  48.985, avg grad norm (post clip)   0.053, rho_Whh  1.12, Omega  0.00, alpha  0.000, steps in the past 0.000, valid nll 0.235
  [diag] log10|dL/dh_t| hist bins=60 range=(-12.50,-11.50) mean=-12.00 p50=-12.00 p05=-12.00 p95=-12.00
  [diag] sat-dist hist bins=60 sat<0.05=0.0% mean=0.611 p10=0.537 p90=0.672
Iter 0017080: train nll 0.301, valid error 100.000%, best valid error 100.000%, avg grad norm  49.552, avg grad norm (post clip)   0.053, rho_Whh  1.12, Omega  0.00, alpha  0.000, steps in the past 0.000, valid nll 0.235
  [diag] log10|dL/dh_t| hist bins=60 range=(-12.50,-11.50) mean=-12.00 p50=-12.00 p05=-12.00 p95=-12.00
  [diag] sat-dist hist bins=60 sat<0.05=0.0% mean=0.617 p10=0.538 p90=0.673
Iter 0017100: train nll 0.319, valid error 100.000%, best valid error 100.000%, avg grad norm  38.730, avg grad norm (post clip)   0.053, rho_Whh  1.12, Omega  0.00, alpha  0.000, steps in the past 0.000, valid nll 0.241
  [diag] log10|dL/dh_t| hist bins=60 range=(-12.50,-11.50) mean=-12.00 p50=-12.00 p05=-12.00 p95=-12.00
  [diag] sat-dist hist bins=60 sat<0.05=0.0% mean=0.615 p10=0.537 p90=0.673
Iter 0017120: train nll 0.270, valid error 100.000%, best valid error 100.000%, avg grad norm  39.138, avg grad norm (post clip)   0.053, rho_Whh  1.12, Omega  0.00, alpha  0.000, steps in the past 0.000, valid nll 0.239
  [diag] log10|dL/dh_t| hist bins=60 range=(-12.50,-11.50) mean=-12.00 p50=-12.00 p05=-12.00 p95=-12.00
  [diag] sat-dist hist bins=60 sat<0.05=0.0% mean=0.615 p10=0.537 p90=0.673
Iter 0017140: train nll 0.295, valid error 100.000%, best valid error 100.000%, avg grad norm  49.631, avg grad norm (post clip)   0.053, rho_Whh  1.12, Omega  0.00, alpha  0.000, steps in the past 0.000, valid nll 0.239
  [diag] log10|dL/dh_t| hist bins=60 range=(-12.50,-11.50) mean=-12.00 p50=-12.00 p05=-12.00 p95=-12.00
  [diag] sat-dist hist bins=60 sat<0.05=0.0% mean=0.631 p10=0.542 p90=0.674
Iter 0017160: train nll 0.315, valid error 100.000%, best valid error 100.000%, avg grad norm  42.323, avg grad norm (post clip)   0.053, rho_Whh  1.12, Omega  0.00, alpha  0.000, steps in the past 0.000, valid nll 0.267
  [diag] log10|dL/dh_t| hist bins=60 range=(-12.50,-11.50) mean=-12.00 p50=-12.00 p05=-12.00 p95=-12.00
  [diag] sat-dist hist bins=60 sat<0.05=0.0% mean=0.631 p10=0.542 p90=0.674
Iter 0017180: train nll 0.305, valid error 100.000%, best valid error 100.000%, avg grad norm  45.250, avg grad norm (post clip)   0.053, rho_Whh  1.12, Omega  0.00, alpha  0.000, steps in the past 0.000, valid nll 0.267
  [diag] log10|dL/dh_t| hist bins=60 range=(-12.50,-11.50) mean=-12.00 p50=-12.00 p05=-12.00 p95=-12.00
  [diag] sat-dist hist bins=60 sat<0.05=0.0% mean=0.629 p10=0.542 p90=0.674
Iter 0017200: train nll 0.307, valid error 100.000%, best valid error 100.000%, avg grad norm  33.494, avg grad norm (post clip)   0.053, rho_Whh  1.12, Omega  0.00, alpha  0.000, steps in the past 0.000, valid nll 0.264
  [diag] log10|dL/dh_t| hist bins=60 range=(-12.50,-11.50) mean=-12.00 p50=-12.00 p05=-12.00 p95=-12.00
  [diag] sat-dist hist bins=60 sat<0.05=0.0% mean=0.609 p10=0.536 p90=0.672
Iter 0017220: train nll 0.301, valid error 100.000%, best valid error 100.000%, avg grad norm  41.199, avg grad norm (post clip)   0.053, rho_Whh  1.12, Omega  0.00, alpha  0.000, steps in the past 0.000, valid nll 0.233
  [diag] log10|dL/dh_t| hist bins=60 range=(-12.50,-11.50) mean=-12.00 p50=-12.00 p05=-12.00 p95=-12.00
  [diag] sat-dist hist bins=60 sat<0.05=0.0% mean=0.612 p10=0.536 p90=0.673
Iter 0017240: train nll 0.266, valid error 100.000%, best valid error 100.000%, avg grad norm  46.463, avg grad norm (post clip)   0.053, rho_Whh  1.12, Omega  0.00, alpha  0.000, steps in the past 0.000, valid nll 0.235
  [diag] log10|dL/dh_t| hist bins=60 range=(-12.50,-11.50) mean=-12.00 p50=-12.00 p05=-12.00 p95=-12.00
  [diag] sat-dist hist bins=60 sat<0.05=0.0% mean=0.613 p10=0.536 p90=0.673
Iter 0017260: train nll 0.277, valid error 100.000%, best valid error 100.000%, avg grad norm  41.356, avg grad norm (post clip)   0.053, rho_Whh  1.12, Omega  0.00, alpha  0.000, steps in the past 0.000, valid nll 0.237
  [diag] log10|dL/dh_t| hist bins=60 range=(-12.50,-11.50) mean=-12.00 p50=-12.00 p05=-12.00 p95=-12.00
  [diag] sat-dist hist bins=60 sat<0.05=0.0% mean=0.568 p10=0.531 p90=0.595
Iter 0017280: train nll 0.312, valid error 100.000%, best valid error 100.000%, avg grad norm  49.751, avg grad norm (post clip)   0.053, rho_Whh  1.12, Omega  0.00, alpha  0.000, steps in the past 0.000, valid nll 0.250
  [diag] log10|dL/dh_t| hist bins=60 range=(-12.50,-11.50) mean=-12.00 p50=-12.00 p05=-12.00 p95=-12.00
  [diag] sat-dist hist bins=60 sat<0.05=0.0% mean=0.568 p10=0.531 p90=0.596
Iter 0017300: train nll 0.297, valid error 100.000%, best valid error 100.000%, avg grad norm  43.781, avg grad norm (post clip)   0.053, rho_Whh  1.12, Omega  0.00, alpha  0.000, steps in the past 0.000, valid nll 0.250
  [diag] log10|dL/dh_t| hist bins=60 range=(-12.50,-11.50) mean=-12.00 p50=-12.00 p05=-12.00 p95=-12.00
  [diag] sat-dist hist bins=60 sat<0.05=0.0% mean=0.613 p10=0.536 p90=0.673
Iter 0017320: train nll 0.301, valid error 100.000%, best valid error 100.000%, avg grad norm  48.700, avg grad norm (post clip)   0.053, rho_Whh  1.12, Omega  0.00, alpha  0.000, steps in the past 0.000, valid nll 0.237
  [diag] log10|dL/dh_t| hist bins=60 range=(-12.50,-11.50) mean=-12.00 p50=-12.00 p05=-12.00 p95=-12.00
  [diag] sat-dist hist bins=60 sat<0.05=0.0% mean=0.613 p10=0.536 p90=0.673
Iter 0017340: train nll 0.266, valid error 100.000%, best valid error 100.000%, avg grad norm  49.968, avg grad norm (post clip)   0.053, rho_Whh  1.12, Omega  0.00, alpha  0.000, steps in the past 0.000, valid nll 0.236
  [diag] log10|dL/dh_t| hist bins=60 range=(-12.50,-11.50) mean=-12.00 p50=-12.00 p05=-12.00 p95=-12.00
  [diag] sat-dist hist bins=60 sat<0.05=0.0% mean=0.613 p10=0.536 p90=0.673
Iter 0017360: train nll 0.312, valid error 100.000%, best valid error 100.000%, avg grad norm  43.468, avg grad norm (post clip)   0.053, rho_Whh  1.12, Omega  0.00, alpha  0.000, steps in the past 0.000, valid nll 0.236
  [diag] log10|dL/dh_t| hist bins=60 range=(-12.50,-11.50) mean=-12.00 p50=-12.00 p05=-12.00 p95=-12.00
  [diag] sat-dist hist bins=60 sat<0.05=0.0% mean=0.613 p10=0.536 p90=0.673
Iter 0017380: train nll 0.278, valid error 100.000%, best valid error 100.000%, avg grad norm  44.432, avg grad norm (post clip)   0.053, rho_Whh  1.12, Omega  0.00, alpha  0.000, steps in the past 0.000, valid nll 0.236
  [diag] log10|dL/dh_t| hist bins=60 range=(-12.50,-11.50) mean=-12.00 p50=-12.00 p05=-12.00 p95=-12.00
  [diag] sat-dist hist bins=60 sat<0.05=0.0% mean=0.631 p10=0.542 p90=0.675
Iter 0017400: train nll 0.298, valid error 100.000%, best valid error 100.000%, avg grad norm  49.665, avg grad norm (post clip)   0.053, rho_Whh  1.12, Omega  0.00, alpha  0.000, steps in the past 0.000, valid nll 0.269
  [diag] log10|dL/dh_t| hist bins=60 range=(-12.50,-11.50) mean=-12.00 p50=-12.00 p05=-12.00 p95=-12.00
  [diag] sat-dist hist bins=60 sat<0.05=0.0% mean=0.631 p10=0.543 p90=0.675
Iter 0017420: train nll 0.330, valid error 100.000%, best valid error 100.000%, avg grad norm  40.830, avg grad norm (post clip)   0.053, rho_Whh  1.12, Omega  0.00, alpha  0.000, steps in the past 0.000, valid nll 0.269
  [diag] log10|dL/dh_t| hist bins=60 range=(-12.50,-11.50) mean=-12.00 p50=-12.00 p05=-12.00 p95=-12.00
  [diag] sat-dist hist bins=60 sat<0.05=0.0% mean=0.641 p10=0.549 p90=0.676
Iter 0017440: train nll 0.311, valid error 100.000%, best valid error 100.000%, avg grad norm  43.622, avg grad norm (post clip)   0.053, rho_Whh  1.12, Omega  0.00, alpha  0.000, steps in the past 0.000, valid nll 0.300
  [diag] log10|dL/dh_t| hist bins=60 range=(-12.50,-11.50) mean=-12.00 p50=-12.00 p05=-12.00 p95=-12.00
  [diag] sat-dist hist bins=60 sat<0.05=0.0% mean=0.596 p10=0.534 p90=0.667
Iter 0017460: train nll 0.294, valid error 100.000%, best valid error 100.000%, avg grad norm  38.882, avg grad norm (post clip)   0.053, rho_Whh  1.12, Omega  0.00, alpha  0.000, steps in the past 0.000, valid nll 0.228
  [diag] log10|dL/dh_t| hist bins=60 range=(-12.50,-11.50) mean=-12.00 p50=-12.00 p05=-12.00 p95=-12.00
  [diag] sat-dist hist bins=60 sat<0.05=0.0% mean=0.596 p10=0.534 p90=0.668
Iter 0017480: train nll 0.281, valid error 100.000%, best valid error 100.000%, avg grad norm  43.272, avg grad norm (post clip)   0.053, rho_Whh  1.12, Omega  0.00, alpha  0.000, steps in the past 0.000, valid nll 0.228
  [diag] log10|dL/dh_t| hist bins=60 range=(-12.50,-11.50) mean=-12.00 p50=-12.00 p05=-12.00 p95=-12.00
  [diag] sat-dist hist bins=60 sat<0.05=0.0% mean=0.596 p10=0.534 p90=0.668
Iter 0017500: train nll 0.284, valid error 100.000%, best valid error 100.000%, avg grad norm  49.326, avg grad norm (post clip)   0.053, rho_Whh  1.12, Omega  0.00, alpha  0.000, steps in the past 0.000, valid nll 0.228
  [diag] log10|dL/dh_t| hist bins=60 range=(-12.50,-11.50) mean=-12.00 p50=-12.00 p05=-12.00 p95=-12.00
  [diag] sat-dist hist bins=60 sat<0.05=0.0% mean=0.597 p10=0.534 p90=0.668
Iter 0017520: train nll 0.316, valid error 100.000%, best valid error 100.000%, avg grad norm  40.950, avg grad norm (post clip)   0.053, rho_Whh  1.12, Omega  0.00, alpha  0.000, steps in the past 0.000, valid nll 0.228
  [diag] log10|dL/dh_t| hist bins=60 range=(-12.50,-11.50) mean=-12.00 p50=-12.00 p05=-12.00 p95=-12.00
  [diag] sat-dist hist bins=60 sat<0.05=0.0% mean=0.638 p10=0.546 p90=0.676
Iter 0017540: train nll 0.342, valid error 100.000%, best valid error 100.000%, avg grad norm  38.564, avg grad norm (post clip)   0.053, rho_Whh  1.12, Omega  0.00, alpha  0.000, steps in the past 0.000, valid nll 0.287
  [diag] log10|dL/dh_t| hist bins=60 range=(-12.50,-11.50) mean=-12.00 p50=-12.00 p05=-12.00 p95=-12.00
  [diag] sat-dist hist bins=60 sat<0.05=0.0% mean=0.626 p10=0.540 p90=0.674
Iter 0017560: train nll 0.331, valid error 100.000%, best valid error 100.000%, avg grad norm  36.055, avg grad norm (post clip)   0.053, rho_Whh  1.12, Omega  0.00, alpha  0.000, steps in the past 0.000, valid nll 0.255
  [diag] log10|dL/dh_t| hist bins=60 range=(-12.50,-11.50) mean=-12.00 p50=-12.00 p05=-12.00 p95=-12.00
  [diag] sat-dist hist bins=60 sat<0.05=0.0% mean=0.626 p10=0.540 p90=0.674
Iter 0017580: train nll 0.278, valid error 100.000%, best valid error 100.000%, avg grad norm  50.546, avg grad norm (post clip)   0.053, rho_Whh  1.12, Omega  0.00, alpha  0.000, steps in the past 0.000, valid nll 0.255
  [diag] log10|dL/dh_t| hist bins=60 range=(-12.50,-11.50) mean=-12.00 p50=-12.00 p05=-12.00 p95=-12.00
  [diag] sat-dist hist bins=60 sat<0.05=0.0% mean=0.638 p10=0.546 p90=0.676
Iter 0017600: train nll 0.315, valid error 100.000%, best valid error 100.000%, avg grad norm  42.531, avg grad norm (post clip)   0.053, rho_Whh  1.12, Omega  0.00, alpha  0.000, steps in the past 0.000, valid nll 0.287
  [diag] log10|dL/dh_t| hist bins=60 range=(-12.50,-11.50) mean=-12.00 p50=-12.00 p05=-12.00 p95=-12.00
  [diag] sat-dist hist bins=60 sat<0.05=0.0% mean=0.626 p10=0.540 p90=0.674
Iter 0017620: train nll 0.297, valid error 100.000%, best valid error 100.000%, avg grad norm  40.945, avg grad norm (post clip)   0.053, rho_Whh  1.12, Omega  0.00, alpha  0.000, steps in the past 0.000, valid nll 0.255
  [diag] log10|dL/dh_t| hist bins=60 range=(-12.50,-11.50) mean=-12.00 p50=-12.00 p05=-12.00 p95=-12.00
  [diag] sat-dist hist bins=60 sat<0.05=0.0% mean=0.601 p10=0.535 p90=0.671
Iter 0017640: train nll 0.285, valid error 100.000%, best valid error 100.000%, avg grad norm  44.232, avg grad norm (post clip)   0.053, rho_Whh  1.12, Omega  0.00, alpha  0.000, steps in the past 0.000, valid nll 0.229
  [diag] log10|dL/dh_t| hist bins=60 range=(-12.50,-11.50) mean=-12.00 p50=-12.00 p05=-12.00 p95=-12.00
  [diag] sat-dist hist bins=60 sat<0.05=0.0% mean=0.626 p10=0.540 p90=0.674
Iter 0017660: train nll 0.323, valid error 100.000%, best valid error 100.000%, avg grad norm  45.822, avg grad norm (post clip)   0.053, rho_Whh  1.12, Omega  0.00, alpha  0.000, steps in the past 0.000, valid nll 0.255
  [diag] log10|dL/dh_t| hist bins=60 range=(-12.50,-11.50) mean=-12.00 p50=-12.00 p05=-12.00 p95=-12.00
  [diag] sat-dist hist bins=60 sat<0.05=0.0% mean=0.626 p10=0.541 p90=0.674
Iter 0017680: train nll 0.279, valid error 100.000%, best valid error 100.000%, avg grad norm  47.922, avg grad norm (post clip)   0.053, rho_Whh  1.12, Omega  0.00, alpha  0.000, steps in the past 0.000, valid nll 0.255
  [diag] log10|dL/dh_t| hist bins=60 range=(-12.50,-11.50) mean=-12.00 p50=-12.00 p05=-12.00 p95=-12.00
  [diag] sat-dist hist bins=60 sat<0.05=0.0% mean=0.601 p10=0.535 p90=0.671
Iter 0017700: train nll 0.299, valid error 100.000%, best valid error 100.000%, avg grad norm  43.533, avg grad norm (post clip)   0.053, rho_Whh  1.12, Omega  0.00, alpha  0.000, steps in the past 0.000, valid nll 0.229
  [diag] log10|dL/dh_t| hist bins=60 range=(-12.50,-11.50) mean=-12.00 p50=-12.00 p05=-12.00 p95=-12.00
  [diag] sat-dist hist bins=60 sat<0.05=0.0% mean=0.626 p10=0.541 p90=0.674
Iter 0017720: train nll 0.300, valid error 100.000%, best valid error 100.000%, avg grad norm  39.609, avg grad norm (post clip)   0.053, rho_Whh  1.12, Omega  0.00, alpha  0.000, steps in the past 0.000, valid nll 0.254
  [diag] log10|dL/dh_t| hist bins=60 range=(-12.50,-11.50) mean=-12.00 p50=-12.00 p05=-12.00 p95=-12.00
  [diag] sat-dist hist bins=60 sat<0.05=0.0% mean=0.626 p10=0.541 p90=0.674
Iter 0017740: train nll 0.295, valid error 100.000%, best valid error 100.000%, avg grad norm  40.239, avg grad norm (post clip)   0.053, rho_Whh  1.12, Omega  0.00, alpha  0.000, steps in the past 0.000, valid nll 0.254
  [diag] log10|dL/dh_t| hist bins=60 range=(-12.50,-11.50) mean=-12.00 p50=-12.00 p05=-12.00 p95=-12.00
  [diag] sat-dist hist bins=60 sat<0.05=0.0% mean=0.624 p10=0.540 p90=0.674
Iter 0017760: train nll 0.301, valid error 100.000%, best valid error 100.000%, avg grad norm  45.938, avg grad norm (post clip)   0.053, rho_Whh  1.12, Omega  0.00, alpha  0.000, steps in the past 0.000, valid nll 0.252
  [diag] log10|dL/dh_t| hist bins=60 range=(-12.50,-11.50) mean=-12.00 p50=-12.00 p05=-12.00 p95=-12.00
  [diag] sat-dist hist bins=60 sat<0.05=0.0% mean=0.596 p10=0.534 p90=0.667
Iter 0017780: train nll 0.306, valid error 100.000%, best valid error 100.000%, avg grad norm  34.667, avg grad norm (post clip)   0.053, rho_Whh  1.12, Omega  0.00, alpha  0.000, steps in the past 0.000, valid nll 0.228
  [diag] log10|dL/dh_t| hist bins=60 range=(-12.50,-11.50) mean=-12.00 p50=-12.00 p05=-12.00 p95=-12.00
  [diag] sat-dist hist bins=60 sat<0.05=0.0% mean=0.597 p10=0.534 p90=0.667
Iter 0017800: train nll 0.289, valid error 100.000%, best valid error 100.000%, avg grad norm  41.410, avg grad norm (post clip)   0.053, rho_Whh  1.12, Omega  0.00, alpha  0.000, steps in the past 0.000, valid nll 0.228
  [diag] log10|dL/dh_t| hist bins=60 range=(-12.50,-11.50) mean=-12.00 p50=-12.00 p05=-12.00 p95=-12.00
  [diag] sat-dist hist bins=60 sat<0.05=0.0% mean=0.624 p10=0.540 p90=0.674
Iter 0017820: train nll 0.310, valid error 100.000%, best valid error 100.000%, avg grad norm  38.096, avg grad norm (post clip)   0.053, rho_Whh  1.12, Omega  0.00, alpha  0.000, steps in the past 0.000, valid nll 0.250
  [diag] log10|dL/dh_t| hist bins=60 range=(-12.50,-11.50) mean=-12.00 p50=-12.00 p05=-12.00 p95=-12.00
  [diag] sat-dist hist bins=60 sat<0.05=0.0% mean=0.595 p10=0.534 p90=0.665
Iter 0017840: train nll 0.309, valid error 100.000%, best valid error 100.000%, avg grad norm  43.944, avg grad norm (post clip)   0.053, rho_Whh  1.12, Omega  0.00, alpha  0.000, steps in the past 0.000, valid nll 0.228
  [diag] log10|dL/dh_t| hist bins=60 range=(-12.50,-11.50) mean=-12.00 p50=-12.00 p05=-12.00 p95=-12.00
  [diag] sat-dist hist bins=60 sat<0.05=0.0% mean=0.637 p10=0.546 p90=0.676
Iter 0017860: train nll 0.313, valid error 100.000%, best valid error 100.000%, avg grad norm  43.167, avg grad norm (post clip)   0.053, rho_Whh  1.12, Omega  0.00, alpha  0.000, steps in the past 0.000, valid nll 0.283
  [diag] log10|dL/dh_t| hist bins=60 range=(-12.50,-11.50) mean=-12.00 p50=-12.00 p05=-12.00 p95=-12.00
  [diag] sat-dist hist bins=60 sat<0.05=0.0% mean=0.637 p10=0.546 p90=0.676
Iter 0017880: train nll 0.303, valid error 100.000%, best valid error 100.000%, avg grad norm  37.179, avg grad norm (post clip)   0.053, rho_Whh  1.12, Omega  0.00, alpha  0.000, steps in the past 0.000, valid nll 0.283
  [diag] log10|dL/dh_t| hist bins=60 range=(-12.50,-11.50) mean=-12.00 p50=-12.00 p05=-12.00 p95=-12.00
  [diag] sat-dist hist bins=60 sat<0.05=0.0% mean=0.627 p10=0.541 p90=0.674
Iter 0017900: train nll 0.313, valid error 100.000%, best valid error 100.000%, avg grad norm  36.924, avg grad norm (post clip)   0.053, rho_Whh  1.12, Omega  0.00, alpha  0.000, steps in the past 0.000, valid nll 0.257
  [diag] log10|dL/dh_t| hist bins=60 range=(-12.50,-11.50) mean=-12.00 p50=-12.00 p05=-12.00 p95=-12.00
  [diag] sat-dist hist bins=60 sat<0.05=0.0% mean=0.604 p10=0.535 p90=0.672
Iter 0017920: train nll 0.318, valid error 100.000%, best valid error 100.000%, avg grad norm  42.881, avg grad norm (post clip)   0.053, rho_Whh  1.12, Omega  0.00, alpha  0.000, steps in the past 0.000, valid nll 0.229
  [diag] log10|dL/dh_t| hist bins=60 range=(-12.50,-11.50) mean=-12.00 p50=-12.00 p05=-12.00 p95=-12.00
  [diag] sat-dist hist bins=60 sat<0.05=0.0% mean=0.627 p10=0.541 p90=0.674
Iter 0017940: train nll 0.279, valid error 100.000%, best valid error 100.000%, avg grad norm  48.206, avg grad norm (post clip)   0.053, rho_Whh  1.12, Omega  0.00, alpha  0.000, steps in the past 0.000, valid nll 0.257
  [diag] log10|dL/dh_t| hist bins=60 range=(-12.50,-11.50) mean=-12.00 p50=-12.00 p05=-12.00 p95=-12.00
  [diag] sat-dist hist bins=60 sat<0.05=0.0% mean=0.604 p10=0.535 p90=0.672
Iter 0017960: train nll 0.282, valid error 100.000%, best valid error 100.000%, avg grad norm  52.054, avg grad norm (post clip)   0.053, rho_Whh  1.12, Omega  0.00, alpha  0.000, steps in the past 0.000, valid nll 0.230
  [diag] log10|dL/dh_t| hist bins=60 range=(-12.50,-11.50) mean=-12.00 p50=-12.00 p05=-12.00 p95=-12.00
  [diag] sat-dist hist bins=60 sat<0.05=0.0% mean=0.627 p10=0.541 p90=0.674
Iter 0017980: train nll 0.295, valid error 100.000%, best valid error 100.000%, avg grad norm  40.445, avg grad norm (post clip)   0.053, rho_Whh  1.12, Omega  0.00, alpha  0.000, steps in the past 0.000, valid nll 0.257
  [diag] log10|dL/dh_t| hist bins=60 range=(-12.50,-11.50) mean=-12.00 p50=-12.00 p05=-12.00 p95=-12.00
  [diag] sat-dist hist bins=60 sat<0.05=0.0% mean=0.627 p10=0.541 p90=0.674
Iter 0018000: train nll 0.305, valid error 100.000%, best valid error 100.000%, avg grad norm  39.165, avg grad norm (post clip)   0.053, rho_Whh  1.12, Omega  0.00, alpha  0.000, steps in the past 0.000, valid nll 0.257
  [diag] log10|dL/dh_t| hist bins=60 range=(-12.50,-11.50) mean=-12.00 p50=-12.00 p05=-12.00 p95=-12.00
  [diag] sat-dist hist bins=60 sat<0.05=0.0% mean=0.630 p10=0.542 p90=0.675
Iter 0018020: train nll 0.335, valid error 100.000%, best valid error 100.000%, avg grad norm  34.358, avg grad norm (post clip)   0.053, rho_Whh  1.12, Omega  0.00, alpha  0.000, steps in the past 0.000, valid nll 0.263
  [diag] log10|dL/dh_t| hist bins=60 range=(-12.50,-11.50) mean=-12.00 p50=-12.00 p05=-12.00 p95=-12.00
  [diag] sat-dist hist bins=60 sat<0.05=0.0% mean=0.623 p10=0.539 p90=0.674
Iter 0018040: train nll 0.299, valid error 100.000%, best valid error 100.000%, avg grad norm  36.535, avg grad norm (post clip)   0.053, rho_Whh  1.12, Omega  0.00, alpha  0.000, steps in the past 0.000, valid nll 0.250
  [diag] log10|dL/dh_t| hist bins=60 range=(-12.50,-11.50) mean=-12.00 p50=-12.00 p05=-12.00 p95=-12.00
  [diag] sat-dist hist bins=60 sat<0.05=0.0% mean=0.623 p10=0.539 p90=0.674
Iter 0018060: train nll 0.273, valid error 100.000%, best valid error 100.000%, avg grad norm  43.368, avg grad norm (post clip)   0.053, rho_Whh  1.12, Omega  0.00, alpha  0.000, steps in the past 0.000, valid nll 0.250
  [diag] log10|dL/dh_t| hist bins=60 range=(-12.50,-11.50) mean=-12.00 p50=-12.00 p05=-12.00 p95=-12.00
  [diag] sat-dist hist bins=60 sat<0.05=0.0% mean=0.623 p10=0.539 p90=0.674
Iter 0018080: train nll 0.286, valid error 100.000%, best valid error 100.000%, avg grad norm  45.395, avg grad norm (post clip)   0.053, rho_Whh  1.12, Omega  0.00, alpha  0.000, steps in the past 0.000, valid nll 0.250
  [diag] log10|dL/dh_t| hist bins=60 range=(-12.50,-11.50) mean=-12.00 p50=-12.00 p05=-12.00 p95=-12.00
  [diag] sat-dist hist bins=60 sat<0.05=0.0% mean=0.632 p10=0.542 p90=0.676
Iter 0018100: train nll 0.272, valid error 100.000%, best valid error 100.000%, avg grad norm  43.604, avg grad norm (post clip)   0.053, rho_Whh  1.12, Omega  0.00, alpha  0.000, steps in the past 0.000, valid nll 0.271
  [diag] log10|dL/dh_t| hist bins=60 range=(-12.50,-11.50) mean=-12.00 p50=-12.00 p05=-12.00 p95=-12.00
  [diag] sat-dist hist bins=60 sat<0.05=0.0% mean=0.632 p10=0.542 p90=0.676
Iter 0018120: train nll 0.339, valid error 100.000%, best valid error 100.000%, avg grad norm  41.939, avg grad norm (post clip)   0.053, rho_Whh  1.12, Omega  0.00, alpha  0.000, steps in the past 0.000, valid nll 0.270
  [diag] log10|dL/dh_t| hist bins=60 range=(-12.50,-11.50) mean=-12.00 p50=-12.00 p05=-12.00 p95=-12.00
  [diag] sat-dist hist bins=60 sat<0.05=0.0% mean=0.615 p10=0.537 p90=0.674
Iter 0018140: train nll 0.288, valid error 100.000%, best valid error 100.000%, avg grad norm  45.475, avg grad norm (post clip)   0.053, rho_Whh  1.12, Omega  0.00, alpha  0.000, steps in the past 0.000, valid nll 0.238
  [diag] log10|dL/dh_t| hist bins=60 range=(-12.50,-11.50) mean=-12.00 p50=-12.00 p05=-12.00 p95=-12.00
  [diag] sat-dist hist bins=60 sat<0.05=0.0% mean=0.632 p10=0.542 p90=0.676
Iter 0018160: train nll 0.264, valid error 100.000%, best valid error 100.000%, avg grad norm  51.858, avg grad norm (post clip)   0.053, rho_Whh  1.12, Omega  0.00, alpha  0.000, steps in the past 0.000, valid nll 0.270
  [diag] log10|dL/dh_t| hist bins=60 range=(-12.50,-11.50) mean=-12.00 p50=-12.00 p05=-12.00 p95=-12.00
  [diag] sat-dist hist bins=60 sat<0.05=0.0% mean=0.632 p10=0.542 p90=0.676
Iter 0018180: train nll 0.298, valid error 100.000%, best valid error 100.000%, avg grad norm  40.667, avg grad norm (post clip)   0.053, rho_Whh  1.12, Omega  0.00, alpha  0.000, steps in the past 0.000, valid nll 0.268
  [diag] log10|dL/dh_t| hist bins=60 range=(-12.50,-11.50) mean=-12.00 p50=-12.00 p05=-12.00 p95=-12.00
  [diag] sat-dist hist bins=60 sat<0.05=0.0% mean=0.614 p10=0.536 p90=0.674
Iter 0018200: train nll 0.299, valid error 100.000%, best valid error 100.000%, avg grad norm  40.013, avg grad norm (post clip)   0.053, rho_Whh  1.12, Omega  0.00, alpha  0.000, steps in the past 0.000, valid nll 0.236
  [diag] log10|dL/dh_t| hist bins=60 range=(-12.50,-11.50) mean=-12.00 p50=-12.00 p05=-12.00 p95=-12.00
  [diag] sat-dist hist bins=60 sat<0.05=0.0% mean=0.632 p10=0.542 p90=0.676
Iter 0018220: train nll 0.295, valid error 100.000%, best valid error 100.000%, avg grad norm  41.342, avg grad norm (post clip)   0.053, rho_Whh  1.12, Omega  0.00, alpha  0.000, steps in the past 0.000, valid nll 0.269
  [diag] log10|dL/dh_t| hist bins=60 range=(-12.50,-11.50) mean=-12.00 p50=-12.00 p05=-12.00 p95=-12.00
  [diag] sat-dist hist bins=60 sat<0.05=0.0% mean=0.631 p10=0.541 p90=0.676
Iter 0018240: train nll 0.328, valid error 100.000%, best valid error 100.000%, avg grad norm  34.519, avg grad norm (post clip)   0.053, rho_Whh  1.12, Omega  0.00, alpha  0.000, steps in the past 0.000, valid nll 0.266
  [diag] log10|dL/dh_t| hist bins=60 range=(-12.50,-11.50) mean=-12.00 p50=-12.00 p05=-12.00 p95=-12.00
  [diag] sat-dist hist bins=60 sat<0.05=0.0% mean=0.612 p10=0.536 p90=0.674
Iter 0018260: train nll 0.287, valid error 100.000%, best valid error 100.000%, avg grad norm  42.039, avg grad norm (post clip)   0.053, rho_Whh  1.12, Omega  0.00, alpha  0.000, steps in the past 0.000, valid nll 0.234
  [diag] log10|dL/dh_t| hist bins=60 range=(-12.50,-11.50) mean=-12.00 p50=-12.00 p05=-12.00 p95=-12.00
  [diag] sat-dist hist bins=60 sat<0.05=0.0% mean=0.648 p10=0.553 p90=0.679
Iter 0018280: train nll 0.319, valid error 100.000%, best valid error 100.000%, avg grad norm  42.028, avg grad norm (post clip)   0.053, rho_Whh  1.12, Omega  0.00, alpha  0.000, steps in the past 0.000, valid nll 0.323
  [diag] log10|dL/dh_t| hist bins=60 range=(-12.50,-11.50) mean=-12.00 p50=-12.00 p05=-12.00 p95=-12.00
  [diag] sat-dist hist bins=60 sat<0.05=0.0% mean=0.612 p10=0.536 p90=0.674
Iter 0018300: train nll 0.299, valid error 100.000%, best valid error 100.000%, avg grad norm  41.266, avg grad norm (post clip)   0.053, rho_Whh  1.12, Omega  0.00, alpha  0.000, steps in the past 0.000, valid nll 0.234
  [diag] log10|dL/dh_t| hist bins=60 range=(-12.50,-11.50) mean=-12.00 p50=-12.00 p05=-12.00 p95=-12.00
  [diag] sat-dist hist bins=60 sat<0.05=0.0% mean=0.623 p10=0.539 p90=0.675
Iter 0018320: train nll 0.312, valid error 100.000%, best valid error 100.000%, avg grad norm  50.421, avg grad norm (post clip)   0.053, rho_Whh  1.12, Omega  0.00, alpha  0.000, steps in the past 0.000, valid nll 0.250
  [diag] log10|dL/dh_t| hist bins=60 range=(-12.50,-11.50) mean=-12.00 p50=-12.00 p05=-12.00 p95=-12.00
  [diag] sat-dist hist bins=60 sat<0.05=0.0% mean=0.622 p10=0.538 p90=0.675
Iter 0018340: train nll 0.299, valid error 100.000%, best valid error 100.000%, avg grad norm  45.258, avg grad norm (post clip)   0.053, rho_Whh  1.12, Omega  0.00, alpha  0.000, steps in the past 0.000, valid nll 0.247
  [diag] log10|dL/dh_t| hist bins=60 range=(-12.50,-11.50) mean=-12.00 p50=-12.00 p05=-12.00 p95=-12.00
  [diag] sat-dist hist bins=60 sat<0.05=0.0% mean=0.634 p10=0.543 p90=0.677
Iter 0018360: train nll 0.290, valid error 100.000%, best valid error 100.000%, avg grad norm  38.853, avg grad norm (post clip)   0.053, rho_Whh  1.12, Omega  0.00, alpha  0.000, steps in the past 0.000, valid nll 0.277
  [diag] log10|dL/dh_t| hist bins=60 range=(-12.50,-11.50) mean=-12.00 p50=-12.00 p05=-12.00 p95=-12.00
  [diag] sat-dist hist bins=60 sat<0.05=0.0% mean=0.634 p10=0.543 p90=0.677
Iter 0018380: train nll 0.315, valid error 100.000%, best valid error 100.000%, avg grad norm  43.096, avg grad norm (post clip)   0.053, rho_Whh  1.12, Omega  0.00, alpha  0.000, steps in the past 0.000, valid nll 0.276
  [diag] log10|dL/dh_t| hist bins=60 range=(-12.50,-11.50) mean=-12.00 p50=-12.00 p05=-12.00 p95=-12.00
  [diag] sat-dist hist bins=60 sat<0.05=0.0% mean=0.619 p10=0.537 p90=0.675
Iter 0018400: train nll 0.258, valid error 100.000%, best valid error 100.000%, avg grad norm  50.834, avg grad norm (post clip)   0.053, rho_Whh  1.12, Omega  0.00, alpha  0.000, steps in the past 0.000, valid nll 0.242
  [diag] log10|dL/dh_t| hist bins=60 range=(-12.50,-11.50) mean=-12.00 p50=-12.00 p05=-12.00 p95=-12.00
  [diag] sat-dist hist bins=60 sat<0.05=0.0% mean=0.644 p10=0.549 p90=0.678
Iter 0018420: train nll 0.341, valid error 100.000%, best valid error 100.000%, avg grad norm  45.108, avg grad norm (post clip)   0.053, rho_Whh  1.12, Omega  0.00, alpha  0.000, steps in the past 0.000, valid nll 0.307
  [diag] log10|dL/dh_t| hist bins=60 range=(-12.50,-11.50) mean=-12.00 p50=-12.00 p05=-12.00 p95=-12.00
  [diag] sat-dist hist bins=60 sat<0.05=0.0% mean=0.619 p10=0.537 p90=0.675
Iter 0018440: train nll 0.263, valid error 100.000%, best valid error 100.000%, avg grad norm  46.808, avg grad norm (post clip)   0.053, rho_Whh  1.12, Omega  0.00, alpha  0.000, steps in the past 0.000, valid nll 0.243
  [diag] log10|dL/dh_t| hist bins=60 range=(-12.50,-11.50) mean=-12.00 p50=-12.00 p05=-12.00 p95=-12.00
  [diag] sat-dist hist bins=60 sat<0.05=0.0% mean=0.635 p10=0.543 p90=0.677
Iter 0018460: train nll 0.319, valid error 100.000%, best valid error 100.000%, avg grad norm  44.383, avg grad norm (post clip)   0.053, rho_Whh  1.12, Omega  0.00, alpha  0.000, steps in the past 0.000, valid nll 0.276
  [diag] log10|dL/dh_t| hist bins=60 range=(-12.50,-11.50) mean=-12.00 p50=-12.00 p05=-12.00 p95=-12.00
  [diag] sat-dist hist bins=60 sat<0.05=0.0% mean=0.631 p10=0.541 p90=0.676
Iter 0018480: train nll 0.272, valid error 100.000%, best valid error 100.000%, avg grad norm  46.407, avg grad norm (post clip)   0.053, rho_Whh  1.12, Omega  0.00, alpha  0.000, steps in the past 0.000, valid nll 0.266
  [diag] log10|dL/dh_t| hist bins=60 range=(-12.50,-11.50) mean=-12.00 p50=-12.00 p05=-12.00 p95=-12.00
  [diag] sat-dist hist bins=60 sat<0.05=0.0% mean=0.631 p10=0.541 p90=0.676
Iter 0018500: train nll 0.304, valid error 100.000%, best valid error 100.000%, avg grad norm  43.743, avg grad norm (post clip)   0.053, rho_Whh  1.12, Omega  0.00, alpha  0.000, steps in the past 0.000, valid nll 0.266
  [diag] log10|dL/dh_t| hist bins=60 range=(-12.50,-11.50) mean=-12.00 p50=-12.00 p05=-12.00 p95=-12.00
  [diag] sat-dist hist bins=60 sat<0.05=0.0% mean=0.631 p10=0.541 p90=0.676
Iter 0018520: train nll 0.292, valid error 100.000%, best valid error 100.000%, avg grad norm  47.322, avg grad norm (post clip)   0.053, rho_Whh  1.12, Omega  0.00, alpha  0.000, steps in the past 0.000, valid nll 0.266
  [diag] log10|dL/dh_t| hist bins=60 range=(-12.50,-11.50) mean=-12.00 p50=-12.00 p05=-12.00 p95=-12.00
  [diag] sat-dist hist bins=60 sat<0.05=0.0% mean=0.611 p10=0.535 p90=0.674
Iter 0018540: train nll 0.271, valid error 100.000%, best valid error 100.000%, avg grad norm  45.152, avg grad norm (post clip)   0.053, rho_Whh  1.12, Omega  0.00, alpha  0.000, steps in the past 0.000, valid nll 0.233
  [diag] log10|dL/dh_t| hist bins=60 range=(-12.50,-11.50) mean=-12.00 p50=-12.00 p05=-12.00 p95=-12.00
  [diag] sat-dist hist bins=60 sat<0.05=0.0% mean=0.611 p10=0.535 p90=0.674
Iter 0018560: train nll 0.310, valid error 100.000%, best valid error 100.000%, avg grad norm  44.954, avg grad norm (post clip)   0.053, rho_Whh  1.12, Omega  0.00, alpha  0.000, steps in the past 0.000, valid nll 0.233
  [diag] log10|dL/dh_t| hist bins=60 range=(-12.50,-11.50) mean=-12.00 p50=-12.00 p05=-12.00 p95=-12.00
  [diag] sat-dist hist bins=60 sat<0.05=0.0% mean=0.630 p10=0.541 p90=0.676
Iter 0018580: train nll 0.290, valid error 100.000%, best valid error 100.000%, avg grad norm  38.630, avg grad norm (post clip)   0.053, rho_Whh  1.12, Omega  0.00, alpha  0.000, steps in the past 0.000, valid nll 0.265
  [diag] log10|dL/dh_t| hist bins=60 range=(-12.50,-11.50) mean=-12.00 p50=-12.00 p05=-12.00 p95=-12.00
  [diag] sat-dist hist bins=60 sat<0.05=0.0% mean=0.630 p10=0.541 p90=0.676
Iter 0018600: train nll 0.288, valid error 100.000%, best valid error 100.000%, avg grad norm  41.209, avg grad norm (post clip)   0.053, rho_Whh  1.12, Omega  0.00, alpha  0.000, steps in the past 0.000, valid nll 0.265
  [diag] log10|dL/dh_t| hist bins=60 range=(-12.50,-11.50) mean=-12.00 p50=-12.00 p05=-12.00 p95=-12.00
  [diag] sat-dist hist bins=60 sat<0.05=0.0% mean=0.611 p10=0.535 p90=0.674
Iter 0018620: train nll 0.298, valid error 100.000%, best valid error 100.000%, avg grad norm  49.405, avg grad norm (post clip)   0.053, rho_Whh  1.12, Omega  0.00, alpha  0.000, steps in the past 0.000, valid nll 0.233
  [diag] log10|dL/dh_t| hist bins=60 range=(-12.50,-11.50) mean=-12.00 p50=-12.00 p05=-12.00 p95=-12.00
  [diag] sat-dist hist bins=60 sat<0.05=0.0% mean=0.611 p10=0.535 p90=0.674
Iter 0018640: train nll 0.281, valid error 100.000%, best valid error 100.000%, avg grad norm  48.602, avg grad norm (post clip)   0.053, rho_Whh  1.12, Omega  0.00, alpha  0.000, steps in the past 0.000, valid nll 0.233
  [diag] log10|dL/dh_t| hist bins=60 range=(-12.50,-11.50) mean=-12.00 p50=-12.00 p05=-12.00 p95=-12.00
  [diag] sat-dist hist bins=60 sat<0.05=0.0% mean=0.631 p10=0.541 p90=0.676
Iter 0018660: train nll 0.269, valid error 100.000%, best valid error 100.000%, avg grad norm  49.751, avg grad norm (post clip)   0.053, rho_Whh  1.12, Omega  0.00, alpha  0.000, steps in the past 0.000, valid nll 0.265
  [diag] log10|dL/dh_t| hist bins=60 range=(-12.50,-11.50) mean=-12.00 p50=-12.00 p05=-12.00 p95=-12.00
  [diag] sat-dist hist bins=60 sat<0.05=0.0% mean=0.611 p10=0.535 p90=0.674
Iter 0018680: train nll 0.262, valid error 100.000%, best valid error 100.000%, avg grad norm  40.360, avg grad norm (post clip)   0.053, rho_Whh  1.12, Omega  0.00, alpha  0.000, steps in the past 0.000, valid nll 0.233
  [diag] log10|dL/dh_t| hist bins=60 range=(-12.50,-11.50) mean=-12.00 p50=-12.00 p05=-12.00 p95=-12.00
  [diag] sat-dist hist bins=60 sat<0.05=0.0% mean=0.631 p10=0.541 p90=0.676
Iter 0018700: train nll 0.298, valid error 100.000%, best valid error 100.000%, avg grad norm  43.017, avg grad norm (post clip)   0.053, rho_Whh  1.12, Omega  0.00, alpha  0.000, steps in the past 0.000, valid nll 0.265
  [diag] log10|dL/dh_t| hist bins=60 range=(-12.50,-11.50) mean=-12.00 p50=-12.00 p05=-12.00 p95=-12.00
  [diag] sat-dist hist bins=60 sat<0.05=0.0% mean=0.612 p10=0.535 p90=0.674
Iter 0018720: train nll 0.273, valid error 100.000%, best valid error 100.000%, avg grad norm  47.951, avg grad norm (post clip)   0.053, rho_Whh  1.12, Omega  0.00, alpha  0.000, steps in the past 0.000, valid nll 0.234
  [diag] log10|dL/dh_t| hist bins=60 range=(-12.50,-11.50) mean=-12.00 p50=-12.00 p05=-12.00 p95=-12.00
  [diag] sat-dist hist bins=60 sat<0.05=0.0% mean=0.566 p10=0.530 p90=0.589
Iter 0018740: train nll 0.254, valid error 100.000%, best valid error 100.000%, avg grad norm  54.129, avg grad norm (post clip)   0.053, rho_Whh  1.12, Omega  0.00, alpha  0.000, steps in the past 0.000, valid nll 0.252
  [diag] log10|dL/dh_t| hist bins=60 range=(-12.50,-11.50) mean=-12.00 p50=-12.00 p05=-12.00 p95=-12.00
  [diag] sat-dist hist bins=60 sat<0.05=0.0% mean=0.613 p10=0.535 p90=0.675
Iter 0018760: train nll 0.295, valid error 100.000%, best valid error 100.000%, avg grad norm  51.578, avg grad norm (post clip)   0.053, rho_Whh  1.12, Omega  0.00, alpha  0.000, steps in the past 0.000, valid nll 0.235
  [diag] log10|dL/dh_t| hist bins=60 range=(-12.50,-11.50) mean=-12.00 p50=-12.00 p05=-12.00 p95=-12.00
  [diag] sat-dist hist bins=60 sat<0.05=0.0% mean=0.613 p10=0.535 p90=0.674
Iter 0018780: train nll 0.298, valid error 100.000%, best valid error 100.000%, avg grad norm  46.498, avg grad norm (post clip)   0.053, rho_Whh  1.12, Omega  0.00, alpha  0.000, steps in the past 0.000, valid nll 0.235
  [diag] log10|dL/dh_t| hist bins=60 range=(-12.50,-11.50) mean=-12.00 p50=-12.00 p05=-12.00 p95=-12.00
  [diag] sat-dist hist bins=60 sat<0.05=0.0% mean=0.612 p10=0.535 p90=0.674
Iter 0018800: train nll 0.278, valid error 100.000%, best valid error 100.000%, avg grad norm  47.888, avg grad norm (post clip)   0.053, rho_Whh  1.12, Omega  0.00, alpha  0.000, steps in the past 0.000, valid nll 0.234
  [diag] log10|dL/dh_t| hist bins=60 range=(-12.50,-11.50) mean=-12.00 p50=-12.00 p05=-12.00 p95=-12.00
  [diag] sat-dist hist bins=60 sat<0.05=0.0% mean=0.613 p10=0.536 p90=0.675
Iter 0018820: train nll 0.314, valid error 100.000%, best valid error 100.000%, avg grad norm  48.048, avg grad norm (post clip)   0.053, rho_Whh  1.12, Omega  0.00, alpha  0.000, steps in the past 0.000, valid nll 0.235
  [diag] log10|dL/dh_t| hist bins=60 range=(-12.50,-11.50) mean=-12.00 p50=-12.00 p05=-12.00 p95=-12.00
  [diag] sat-dist hist bins=60 sat<0.05=0.0% mean=0.613 p10=0.536 p90=0.674
Iter 0018840: train nll 0.317, valid error 100.000%, best valid error 100.000%, avg grad norm  41.433, avg grad norm (post clip)   0.053, rho_Whh  1.12, Omega  0.00, alpha  0.000, steps in the past 0.000, valid nll 0.235
  [diag] log10|dL/dh_t| hist bins=60 range=(-12.50,-11.50) mean=-12.00 p50=-12.00 p05=-12.00 p95=-12.00
  [diag] sat-dist hist bins=60 sat<0.05=0.0% mean=0.568 p10=0.530 p90=0.594
Iter 0018860: train nll 0.301, valid error 100.000%, best valid error 100.000%, avg grad norm  40.384, avg grad norm (post clip)   0.053, rho_Whh  1.12, Omega  0.00, alpha  0.000, steps in the past 0.000, valid nll 0.250
  [diag] log10|dL/dh_t| hist bins=60 range=(-12.50,-11.50) mean=-12.00 p50=-12.00 p05=-12.00 p95=-12.00
  [diag] sat-dist hist bins=60 sat<0.05=0.0% mean=0.642 p10=0.548 p90=0.678
Iter 0018880: train nll 0.311, valid error 100.000%, best valid error 100.000%, avg grad norm  49.864, avg grad norm (post clip)   0.053, rho_Whh  1.12, Omega  0.00, alpha  0.000, steps in the past 0.000, valid nll 0.300
  [diag] log10|dL/dh_t| hist bins=60 range=(-12.50,-11.50) mean=-12.00 p50=-12.00 p05=-12.00 p95=-12.00
  [diag] sat-dist hist bins=60 sat<0.05=0.0% mean=0.603 p10=0.534 p90=0.674
Iter 0018900: train nll 0.292, valid error 100.000%, best valid error 100.000%, avg grad norm  35.902, avg grad norm (post clip)   0.053, rho_Whh  1.12, Omega  0.00, alpha  0.000, steps in the past 0.000, valid nll 0.228
  [diag] log10|dL/dh_t| hist bins=60 range=(-12.50,-11.50) mean=-12.00 p50=-12.00 p05=-12.00 p95=-12.00
  [diag] sat-dist hist bins=60 sat<0.05=0.0% mean=0.627 p10=0.539 p90=0.676
Iter 0018920: train nll 0.309, valid error 100.000%, best valid error 100.000%, avg grad norm  48.217, avg grad norm (post clip)   0.053, rho_Whh  1.12, Omega  0.00, alpha  0.000, steps in the past 0.000, valid nll 0.257
  [diag] log10|dL/dh_t| hist bins=60 range=(-12.50,-11.50) mean=-12.00 p50=-12.00 p05=-12.00 p95=-12.00
  [diag] sat-dist hist bins=60 sat<0.05=0.0% mean=0.603 p10=0.534 p90=0.674
Iter 0018940: train nll 0.281, valid error 100.000%, best valid error 100.000%, avg grad norm  50.506, avg grad norm (post clip)   0.053, rho_Whh  1.12, Omega  0.00, alpha  0.000, steps in the past 0.000, valid nll 0.229
  [diag] log10|dL/dh_t| hist bins=60 range=(-12.50,-11.50) mean=-12.00 p50=-12.00 p05=-12.00 p95=-12.00
  [diag] sat-dist hist bins=60 sat<0.05=0.0% mean=0.605 p10=0.534 p90=0.674
Iter 0018960: train nll 0.268, valid error 100.000%, best valid error 100.000%, avg grad norm  40.355, avg grad norm (post clip)   0.053, rho_Whh  1.12, Omega  0.00, alpha  0.000, steps in the past 0.000, valid nll 0.229
  [diag] log10|dL/dh_t| hist bins=60 range=(-12.50,-11.50) mean=-12.00 p50=-12.00 p05=-12.00 p95=-12.00
  [diag] sat-dist hist bins=60 sat<0.05=0.0% mean=0.605 p10=0.534 p90=0.674
Iter 0018980: train nll 0.299, valid error 100.000%, best valid error 100.000%, avg grad norm  43.114, avg grad norm (post clip)   0.053, rho_Whh  1.12, Omega  0.00, alpha  0.000, steps in the past 0.000, valid nll 0.229
  [diag] log10|dL/dh_t| hist bins=60 range=(-12.50,-11.50) mean=-12.00 p50=-12.00 p05=-12.00 p95=-12.00
  [diag] sat-dist hist bins=60 sat<0.05=0.0% mean=0.628 p10=0.540 p90=0.676
Iter 0019000: train nll 0.260, valid error 100.000%, best valid error 100.000%, avg grad norm  49.764, avg grad norm (post clip)   0.053, rho_Whh  1.12, Omega  0.00, alpha  0.000, steps in the past 0.000, valid nll 0.259
  [diag] log10|dL/dh_t| hist bins=60 range=(-12.50,-11.50) mean=-12.00 p50=-12.00 p05=-12.00 p95=-12.00
  [diag] sat-dist hist bins=60 sat<0.05=0.0% mean=0.628 p10=0.540 p90=0.676
Iter 0019020: train nll 0.295, valid error 100.000%, best valid error 100.000%, avg grad norm  45.802, avg grad norm (post clip)   0.053, rho_Whh  1.12, Omega  0.00, alpha  0.000, steps in the past 0.000, valid nll 0.259
  [diag] log10|dL/dh_t| hist bins=60 range=(-12.50,-11.50) mean=-12.00 p50=-12.00 p05=-12.00 p95=-12.00
  [diag] sat-dist hist bins=60 sat<0.05=0.0% mean=0.605 p10=0.534 p90=0.674
Iter 0019040: train nll 0.270, valid error 100.000%, best valid error 100.000%, avg grad norm  50.144, avg grad norm (post clip)   0.053, rho_Whh  1.12, Omega  0.00, alpha  0.000, steps in the past 0.000, valid nll 0.229
  [diag] log10|dL/dh_t| hist bins=60 range=(-12.50,-11.50) mean=-12.00 p50=-12.00 p05=-12.00 p95=-12.00
  [diag] sat-dist hist bins=60 sat<0.05=0.0% mean=0.605 p10=0.534 p90=0.674
Iter 0019060: train nll 0.281, valid error 100.000%, best valid error 100.000%, avg grad norm  47.465, avg grad norm (post clip)   0.053, rho_Whh  1.12, Omega  0.00, alpha  0.000, steps in the past 0.000, valid nll 0.229
  [diag] log10|dL/dh_t| hist bins=60 range=(-12.50,-11.50) mean=-12.00 p50=-12.00 p05=-12.00 p95=-12.00
  [diag] sat-dist hist bins=60 sat<0.05=0.0% mean=0.629 p10=0.540 p90=0.676
Iter 0019080: train nll 0.349, valid error 100.000%, best valid error 100.000%, avg grad norm  37.239, avg grad norm (post clip)   0.053, rho_Whh  1.12, Omega  0.00, alpha  0.000, steps in the past 0.000, valid nll 0.260
  [diag] log10|dL/dh_t| hist bins=60 range=(-12.50,-11.50) mean=-12.00 p50=-12.00 p05=-12.00 p95=-12.00
  [diag] sat-dist hist bins=60 sat<0.05=0.0% mean=0.607 p10=0.534 p90=0.674
Iter 0019100: train nll 0.282, valid error 100.000%, best valid error 100.000%, avg grad norm  47.175, avg grad norm (post clip)   0.053, rho_Whh  1.12, Omega  0.00, alpha  0.000, steps in the past 0.000, valid nll 0.230
  [diag] log10|dL/dh_t| hist bins=60 range=(-12.50,-11.50) mean=-12.00 p50=-12.00 p05=-12.00 p95=-12.00
  [diag] sat-dist hist bins=60 sat<0.05=0.0% mean=0.607 p10=0.534 p90=0.674
Iter 0019120: train nll 0.287, valid error 100.000%, best valid error 100.000%, avg grad norm  46.124, avg grad norm (post clip)   0.053, rho_Whh  1.12, Omega  0.00, alpha  0.000, steps in the past 0.000, valid nll 0.230
  [diag] log10|dL/dh_t| hist bins=60 range=(-12.50,-11.50) mean=-12.00 p50=-12.00 p05=-12.00 p95=-12.00
  [diag] sat-dist hist bins=60 sat<0.05=0.0% mean=0.629 p10=0.540 p90=0.676
Iter 0019140: train nll 0.288, valid error 100.000%, best valid error 100.000%, avg grad norm  52.238, avg grad norm (post clip)   0.053, rho_Whh  1.12, Omega  0.00, alpha  0.000, steps in the past 0.000, valid nll 0.260
  [diag] log10|dL/dh_t| hist bins=60 range=(-12.50,-11.50) mean=-12.00 p50=-12.00 p05=-12.00 p95=-12.00
  [diag] sat-dist hist bins=60 sat<0.05=0.0% mean=0.629 p10=0.540 p90=0.676
Iter 0019160: train nll 0.326, valid error 100.000%, best valid error 100.000%, avg grad norm  44.239, avg grad norm (post clip)   0.053, rho_Whh  1.12, Omega  0.00, alpha  0.000, steps in the past 0.000, valid nll 0.260
  [diag] log10|dL/dh_t| hist bins=60 range=(-12.50,-11.50) mean=-12.00 p50=-12.00 p05=-12.00 p95=-12.00
  [diag] sat-dist hist bins=60 sat<0.05=0.0% mean=0.629 p10=0.540 p90=0.676
Iter 0019180: train nll 0.323, valid error 100.000%, best valid error 100.000%, avg grad norm  43.473, avg grad norm (post clip)   0.053, rho_Whh  1.12, Omega  0.00, alpha  0.000, steps in the past 0.000, valid nll 0.260
  [diag] log10|dL/dh_t| hist bins=60 range=(-12.50,-11.50) mean=-12.00 p50=-12.00 p05=-12.00 p95=-12.00
  [diag] sat-dist hist bins=60 sat<0.05=0.0% mean=0.608 p10=0.535 p90=0.674
Iter 0019200: train nll 0.320, valid error 100.000%, best valid error 100.000%, avg grad norm  42.849, avg grad norm (post clip)   0.053, rho_Whh  1.12, Omega  0.00, alpha  0.000, steps in the past 0.000, valid nll 0.230
  [diag] log10|dL/dh_t| hist bins=60 range=(-12.50,-11.50) mean=-12.00 p50=-12.00 p05=-12.00 p95=-12.00
  [diag] sat-dist hist bins=60 sat<0.05=0.0% mean=0.649 p10=0.553 p90=0.680
Iter 0019220: train nll 0.313, valid error 100.000%, best valid error 100.000%, avg grad norm  36.602, avg grad norm (post clip)   0.053, rho_Whh  1.13, Omega  0.00, alpha  0.000, steps in the past 0.000, valid nll 0.325
  [diag] log10|dL/dh_t| hist bins=60 range=(-12.50,-11.50) mean=-12.00 p50=-12.00 p05=-12.00 p95=-12.00
  [diag] sat-dist hist bins=60 sat<0.05=0.0% mean=0.562 p10=0.529 p90=0.579
Iter 0019240: train nll 0.289, valid error 100.000%, best valid error 100.000%, avg grad norm  42.276, avg grad norm (post clip)   0.053, rho_Whh  1.12, Omega  0.00, alpha  0.000, steps in the past 0.000, valid nll 0.256
  [diag] log10|dL/dh_t| hist bins=60 range=(-12.50,-11.50) mean=-12.00 p50=-12.00 p05=-12.00 p95=-12.00
  [diag] sat-dist hist bins=60 sat<0.05=0.0% mean=0.642 p10=0.547 p90=0.678
Iter 0019260: train nll 0.317, valid error 100.000%, best valid error 100.000%, avg grad norm  46.525, avg grad norm (post clip)   0.053, rho_Whh  1.12, Omega  0.00, alpha  0.000, steps in the past 0.000, valid nll 0.298
  [diag] log10|dL/dh_t| hist bins=60 range=(-12.50,-11.50) mean=-12.00 p50=-12.00 p05=-12.00 p95=-12.00
  [diag] sat-dist hist bins=60 sat<0.05=0.0% mean=0.611 p10=0.535 p90=0.675
Iter 0019280: train nll 0.329, valid error 100.000%, best valid error 100.000%, avg grad norm  44.146, avg grad norm (post clip)   0.053, rho_Whh  1.12, Omega  0.00, alpha  0.000, steps in the past 0.000, valid nll 0.233
  [diag] log10|dL/dh_t| hist bins=60 range=(-12.50,-11.50) mean=-12.00 p50=-12.00 p05=-12.00 p95=-12.00
  [diag] sat-dist hist bins=60 sat<0.05=0.0% mean=0.631 p10=0.540 p90=0.677
Iter 0019300: train nll 0.257, valid error 100.000%, best valid error 100.000%, avg grad norm  50.101, avg grad norm (post clip)   0.053, rho_Whh  1.12, Omega  0.00, alpha  0.000, steps in the past 0.000, valid nll 0.265
  [diag] log10|dL/dh_t| hist bins=60 range=(-12.50,-11.50) mean=-12.00 p50=-12.00 p05=-12.00 p95=-12.00
  [diag] sat-dist hist bins=60 sat<0.05=0.0% mean=0.631 p10=0.541 p90=0.677
Iter 0019320: train nll 0.314, valid error 100.000%, best valid error 100.000%, avg grad norm  45.496, avg grad norm (post clip)   0.053, rho_Whh  1.12, Omega  0.00, alpha  0.000, steps in the past 0.000, valid nll 0.265
  [diag] log10|dL/dh_t| hist bins=60 range=(-12.50,-11.50) mean=-12.00 p50=-12.00 p05=-12.00 p95=-12.00
  [diag] sat-dist hist bins=60 sat<0.05=0.0% mean=0.611 p10=0.535 p90=0.675
Iter 0019340: train nll 0.274, valid error 100.000%, best valid error 100.000%, avg grad norm  49.952, avg grad norm (post clip)   0.053, rho_Whh  1.12, Omega  0.00, alpha  0.000, steps in the past 0.000, valid nll 0.233
  [diag] log10|dL/dh_t| hist bins=60 range=(-12.50,-11.50) mean=-12.00 p50=-12.00 p05=-12.00 p95=-12.00
  [diag] sat-dist hist bins=60 sat<0.05=0.0% mean=0.611 p10=0.535 p90=0.675
Iter 0019360: train nll 0.292, valid error 100.000%, best valid error 100.000%, avg grad norm  48.581, avg grad norm (post clip)   0.053, rho_Whh  1.12, Omega  0.00, alpha  0.000, steps in the past 0.000, valid nll 0.233
  [diag] log10|dL/dh_t| hist bins=60 range=(-12.50,-11.50) mean=-12.00 p50=-12.00 p05=-12.00 p95=-12.00
  [diag] sat-dist hist bins=60 sat<0.05=0.0% mean=0.611 p10=0.535 p90=0.675
Iter 0019380: train nll 0.304, valid error 100.000%, best valid error 100.000%, avg grad norm  46.442, avg grad norm (post clip)   0.053, rho_Whh  1.12, Omega  0.00, alpha  0.000, steps in the past 0.000, valid nll 0.233
  [diag] log10|dL/dh_t| hist bins=60 range=(-12.50,-11.50) mean=-12.00 p50=-12.00 p05=-12.00 p95=-12.00
  [diag] sat-dist hist bins=60 sat<0.05=0.0% mean=0.611 p10=0.535 p90=0.675
Iter 0019400: train nll 0.273, valid error 100.000%, best valid error 100.000%, avg grad norm  48.169, avg grad norm (post clip)   0.053, rho_Whh  1.12, Omega  0.00, alpha  0.000, steps in the past 0.000, valid nll 0.233
  [diag] log10|dL/dh_t| hist bins=60 range=(-12.50,-11.50) mean=-12.00 p50=-12.00 p05=-12.00 p95=-12.00
  [diag] sat-dist hist bins=60 sat<0.05=0.0% mean=0.611 p10=0.535 p90=0.675
Iter 0019420: train nll 0.310, valid error 100.000%, best valid error 100.000%, avg grad norm  35.923, avg grad norm (post clip)   0.053, rho_Whh  1.12, Omega  0.00, alpha  0.000, steps in the past 0.000, valid nll 0.233
  [diag] log10|dL/dh_t| hist bins=60 range=(-12.50,-11.50) mean=-12.00 p50=-12.00 p05=-12.00 p95=-12.00
  [diag] sat-dist hist bins=60 sat<0.05=0.0% mean=0.611 p10=0.535 p90=0.675
Iter 0019440: train nll 0.279, valid error 100.000%, best valid error 100.000%, avg grad norm  47.063, avg grad norm (post clip)   0.053, rho_Whh  1.12, Omega  0.00, alpha  0.000, steps in the past 0.000, valid nll 0.232
  [diag] log10|dL/dh_t| hist bins=60 range=(-12.50,-11.50) mean=-12.00 p50=-12.00 p05=-12.00 p95=-12.00
  [diag] sat-dist hist bins=60 sat<0.05=0.0% mean=0.631 p10=0.541 p90=0.677
Iter 0019460: train nll 0.260, valid error 100.000%, best valid error 100.000%, avg grad norm  52.485, avg grad norm (post clip)   0.053, rho_Whh  1.12, Omega  0.00, alpha  0.000, steps in the past 0.000, valid nll 0.264
  [diag] log10|dL/dh_t| hist bins=60 range=(-12.50,-11.50) mean=-12.00 p50=-12.00 p05=-12.00 p95=-12.00
  [diag] sat-dist hist bins=60 sat<0.05=0.0% mean=0.564 p10=0.530 p90=0.583
Iter 0019480: train nll 0.299, valid error 100.000%, best valid error 100.000%, avg grad norm  43.983, avg grad norm (post clip)   0.053, rho_Whh  1.12, Omega  0.00, alpha  0.000, steps in the past 0.000, valid nll 0.254
  [diag] log10|dL/dh_t| hist bins=60 range=(-12.50,-11.50) mean=-12.00 p50=-12.00 p05=-12.00 p95=-12.00
  [diag] sat-dist hist bins=60 sat<0.05=0.0% mean=0.631 p10=0.541 p90=0.677
Iter 0019500: train nll 0.276, valid error 100.000%, best valid error 100.000%, avg grad norm  46.902, avg grad norm (post clip)   0.053, rho_Whh  1.12, Omega  0.00, alpha  0.000, steps in the past 0.000, valid nll 0.264
  [diag] log10|dL/dh_t| hist bins=60 range=(-12.50,-11.50) mean=-12.00 p50=-12.00 p05=-12.00 p95=-12.00
  [diag] sat-dist hist bins=60 sat<0.05=0.0% mean=0.631 p10=0.541 p90=0.677
Iter 0019520: train nll 0.286, valid error 100.000%, best valid error 100.000%, avg grad norm  47.353, avg grad norm (post clip)   0.053, rho_Whh  1.12, Omega  0.00, alpha  0.000, steps in the past 0.000, valid nll 0.264
  [diag] log10|dL/dh_t| hist bins=60 range=(-12.50,-11.50) mean=-12.00 p50=-12.00 p05=-12.00 p95=-12.00
  [diag] sat-dist hist bins=60 sat<0.05=0.0% mean=0.631 p10=0.541 p90=0.677
Iter 0019540: train nll 0.284, valid error 100.000%, best valid error 100.000%, avg grad norm  46.802, avg grad norm (post clip)   0.053, rho_Whh  1.12, Omega  0.00, alpha  0.000, steps in the past 0.000, valid nll 0.264
  [diag] log10|dL/dh_t| hist bins=60 range=(-12.50,-11.50) mean=-12.00 p50=-12.00 p05=-12.00 p95=-12.00
  [diag] sat-dist hist bins=60 sat<0.05=0.0% mean=0.612 p10=0.535 p90=0.674
Iter 0019560: train nll 0.318, valid error 100.000%, best valid error 100.000%, avg grad norm  37.883, avg grad norm (post clip)   0.053, rho_Whh  1.12, Omega  0.00, alpha  0.000, steps in the past 0.000, valid nll 0.233
  [diag] log10|dL/dh_t| hist bins=60 range=(-12.50,-11.50) mean=-12.00 p50=-12.00 p05=-12.00 p95=-12.00
  [diag] sat-dist hist bins=60 sat<0.05=0.0% mean=0.631 p10=0.541 p90=0.676
Iter 0019580: train nll 0.282, valid error 100.000%, best valid error 100.000%, avg grad norm  47.322, avg grad norm (post clip)   0.053, rho_Whh  1.12, Omega  0.00, alpha  0.000, steps in the past 0.000, valid nll 0.264
  [diag] log10|dL/dh_t| hist bins=60 range=(-12.50,-11.50) mean=-12.00 p50=-12.00 p05=-12.00 p95=-12.00
  [diag] sat-dist hist bins=60 sat<0.05=0.0% mean=0.590 p10=0.532 p90=0.657
Iter 0019600: train nll 0.277, valid error 100.000%, best valid error 100.000%, avg grad norm  48.176, avg grad norm (post clip)   0.053, rho_Whh  1.12, Omega  0.00, alpha  0.000, steps in the past 0.000, valid nll 0.228
  [diag] log10|dL/dh_t| hist bins=60 range=(-12.50,-11.50) mean=-12.00 p50=-12.00 p05=-12.00 p95=-12.00
  [diag] sat-dist hist bins=60 sat<0.05=0.0% mean=0.622 p10=0.537 p90=0.676
Iter 0019620: train nll 0.311, valid error 100.000%, best valid error 100.000%, avg grad norm  42.697, avg grad norm (post clip)   0.053, rho_Whh  1.12, Omega  0.00, alpha  0.000, steps in the past 0.000, valid nll 0.245
  [diag] log10|dL/dh_t| hist bins=60 range=(-12.50,-11.50) mean=-12.00 p50=-12.00 p05=-12.00 p95=-12.00
  [diag] sat-dist hist bins=60 sat<0.05=0.0% mean=0.622 p10=0.538 p90=0.676
Iter 0019640: train nll 0.290, valid error 100.000%, best valid error 100.000%, avg grad norm  48.400, avg grad norm (post clip)   0.053, rho_Whh  1.12, Omega  0.00, alpha  0.000, steps in the past 0.000, valid nll 0.245
  [diag] log10|dL/dh_t| hist bins=60 range=(-12.50,-11.50) mean=-12.00 p50=-12.00 p05=-12.00 p95=-12.00
  [diag] sat-dist hist bins=60 sat<0.05=0.0% mean=0.587 p10=0.532 p90=0.650
Iter 0019660: train nll 0.285, valid error 100.000%, best valid error 100.000%, avg grad norm  50.824, avg grad norm (post clip)   0.053, rho_Whh  1.12, Omega  0.00, alpha  0.000, steps in the past 0.000, valid nll 0.230
  [diag] log10|dL/dh_t| hist bins=60 range=(-12.50,-11.50) mean=-12.00 p50=-12.00 p05=-12.00 p95=-12.00
  [diag] sat-dist hist bins=60 sat<0.05=0.0% mean=0.638 p10=0.544 p90=0.678
Iter 0019680: train nll 0.293, valid error 100.000%, best valid error 100.000%, avg grad norm  43.725, avg grad norm (post clip)   0.053, rho_Whh  1.12, Omega  0.00, alpha  0.000, steps in the past 0.000, valid nll 0.284
  [diag] log10|dL/dh_t| hist bins=60 range=(-12.50,-11.50) mean=-12.00 p50=-12.00 p05=-12.00 p95=-12.00
  [diag] sat-dist hist bins=60 sat<0.05=0.0% mean=0.624 p10=0.538 p90=0.676
Iter 0019700: train nll 0.313, valid error 100.000%, best valid error 100.000%, avg grad norm  36.472, avg grad norm (post clip)   0.053, rho_Whh  1.12, Omega  0.00, alpha  0.000, steps in the past 0.000, valid nll 0.250
  [diag] log10|dL/dh_t| hist bins=60 range=(-12.50,-11.50) mean=-12.00 p50=-12.00 p05=-12.00 p95=-12.00
  [diag] sat-dist hist bins=60 sat<0.05=0.0% mean=0.624 p10=0.538 p90=0.676
Iter 0019720: train nll 0.282, valid error 100.000%, best valid error 100.000%, avg grad norm  49.643, avg grad norm (post clip)   0.053, rho_Whh  1.12, Omega  0.00, alpha  0.000, steps in the past 0.000, valid nll 0.250
  [diag] log10|dL/dh_t| hist bins=60 range=(-12.50,-11.50) mean=-12.00 p50=-12.00 p05=-12.00 p95=-12.00
  [diag] sat-dist hist bins=60 sat<0.05=0.0% mean=0.624 p10=0.539 p90=0.676
Iter 0019740: train nll 0.304, valid error 100.000%, best valid error 100.000%, avg grad norm  42.595, avg grad norm (post clip)   0.053, rho_Whh  1.12, Omega  0.00, alpha  0.000, steps in the past 0.000, valid nll 0.250
  [diag] log10|dL/dh_t| hist bins=60 range=(-12.50,-11.50) mean=-12.00 p50=-12.00 p05=-12.00 p95=-12.00
  [diag] sat-dist hist bins=60 sat<0.05=0.0% mean=0.638 p10=0.545 p90=0.678
Iter 0019760: train nll 0.312, valid error 100.000%, best valid error 100.000%, avg grad norm  39.157, avg grad norm (post clip)   0.053, rho_Whh  1.12, Omega  0.00, alpha  0.000, steps in the past 0.000, valid nll 0.283
  [diag] log10|dL/dh_t| hist bins=60 range=(-12.50,-11.50) mean=-12.00 p50=-12.00 p05=-12.00 p95=-12.00
  [diag] sat-dist hist bins=60 sat<0.05=0.0% mean=0.638 p10=0.545 p90=0.678
Iter 0019780: train nll 0.297, valid error 100.000%, best valid error 100.000%, avg grad norm  41.999, avg grad norm (post clip)   0.053, rho_Whh  1.12, Omega  0.00, alpha  0.000, steps in the past 0.000, valid nll 0.283
  [diag] log10|dL/dh_t| hist bins=60 range=(-12.50,-11.50) mean=-12.00 p50=-12.00 p05=-12.00 p95=-12.00
  [diag] sat-dist hist bins=60 sat<0.05=0.0% mean=0.596 p10=0.533 p90=0.668
Iter 0019800: train nll 0.264, valid error 100.000%, best valid error 100.000%, avg grad norm  45.052, avg grad norm (post clip)   0.053, rho_Whh  1.12, Omega  0.00, alpha  0.000, steps in the past 0.000, valid nll 0.227
  [diag] log10|dL/dh_t| hist bins=60 range=(-12.50,-11.50) mean=-12.00 p50=-12.00 p05=-12.00 p95=-12.00
  [diag] sat-dist hist bins=60 sat<0.05=0.0% mean=0.596 p10=0.533 p90=0.668
Iter 0019820: train nll 0.307, valid error 100.000%, best valid error 100.000%, avg grad norm  39.676, avg grad norm (post clip)   0.053, rho_Whh  1.12, Omega  0.00, alpha  0.000, steps in the past 0.000, valid nll 0.227
  [diag] log10|dL/dh_t| hist bins=60 range=(-12.50,-11.50) mean=-12.00 p50=-12.00 p05=-12.00 p95=-12.00
  [diag] sat-dist hist bins=60 sat<0.05=0.0% mean=0.598 p10=0.533 p90=0.671
Iter 0019840: train nll 0.302, valid error 100.000%, best valid error 100.000%, avg grad norm  43.240, avg grad norm (post clip)   0.053, rho_Whh  1.12, Omega  0.00, alpha  0.000, steps in the past 0.000, valid nll 0.227
  [diag] log10|dL/dh_t| hist bins=60 range=(-12.50,-11.50) mean=-12.00 p50=-12.00 p05=-12.00 p95=-12.00
  [diag] sat-dist hist bins=60 sat<0.05=0.0% mean=0.598 p10=0.533 p90=0.671
Iter 0019860: train nll 0.306, valid error 100.000%, best valid error 100.000%, avg grad norm  45.572, avg grad norm (post clip)   0.053, rho_Whh  1.12, Omega  0.00, alpha  0.000, steps in the past 0.000, valid nll 0.227
  [diag] log10|dL/dh_t| hist bins=60 range=(-12.50,-11.50) mean=-12.00 p50=-12.00 p05=-12.00 p95=-12.00
  [diag] sat-dist hist bins=60 sat<0.05=0.0% mean=0.625 p10=0.539 p90=0.676
Iter 0019880: train nll 0.284, valid error 100.000%, best valid error 100.000%, avg grad norm  48.877, avg grad norm (post clip)   0.053, rho_Whh  1.12, Omega  0.00, alpha  0.000, steps in the past 0.000, valid nll 0.251
  [diag] log10|dL/dh_t| hist bins=60 range=(-12.50,-11.50) mean=-12.00 p50=-12.00 p05=-12.00 p95=-12.00
  [diag] sat-dist hist bins=60 sat<0.05=0.0% mean=0.623 p10=0.538 p90=0.676
Iter 0019900: train nll 0.305, valid error 100.000%, best valid error 100.000%, avg grad norm  38.901, avg grad norm (post clip)   0.053, rho_Whh  1.12, Omega  0.00, alpha  0.000, steps in the past 0.000, valid nll 0.248
  [diag] log10|dL/dh_t| hist bins=60 range=(-12.50,-11.50) mean=-12.00 p50=-12.00 p05=-12.00 p95=-12.00
  [diag] sat-dist hist bins=60 sat<0.05=0.0% mean=0.641 p10=0.546 p90=0.679
Iter 0019920: train nll 0.279, valid error 100.000%, best valid error 100.000%, avg grad norm  49.586, avg grad norm (post clip)   0.053, rho_Whh  1.12, Omega  0.00, alpha  0.000, steps in the past 0.000, valid nll 0.293
  [diag] log10|dL/dh_t| hist bins=60 range=(-12.50,-11.50) mean=-12.00 p50=-12.00 p05=-12.00 p95=-12.00
  [diag] sat-dist hist bins=60 sat<0.05=0.0% mean=0.606 p10=0.534 p90=0.675
Iter 0019940: train nll 0.293, valid error 100.000%, best valid error 100.000%, avg grad norm  43.016, avg grad norm (post clip)   0.053, rho_Whh  1.12, Omega  0.00, alpha  0.000, steps in the past 0.000, valid nll 0.229
  [diag] log10|dL/dh_t| hist bins=60 range=(-12.50,-11.50) mean=-12.00 p50=-12.00 p05=-12.00 p95=-12.00
  [diag] sat-dist hist bins=60 sat<0.05=0.0% mean=0.617 p10=0.535 p90=0.676
Iter 0019960: train nll 0.251, valid error 100.000%, best valid error 100.000%, avg grad norm  47.471, avg grad norm (post clip)   0.053, rho_Whh  1.12, Omega  0.00, alpha  0.000, steps in the past 0.000, valid nll 0.239
  [diag] log10|dL/dh_t| hist bins=60 range=(-12.50,-11.50) mean=-12.00 p50=-12.00 p05=-12.00 p95=-12.00
  [diag] sat-dist hist bins=60 sat<0.05=0.0% mean=0.617 p10=0.536 p90=0.676
Iter 0019980: train nll 0.277, valid error 100.000%, best valid error 100.000%, avg grad norm  45.819, avg grad norm (post clip)   0.053, rho_Whh  1.12, Omega  0.00, alpha  0.000, steps in the past 0.000, valid nll 0.239
  [diag] log10|dL/dh_t| hist bins=60 range=(-12.50,-11.50) mean=-12.00 p50=-12.00 p05=-12.00 p95=-12.00
  [diag] sat-dist hist bins=60 sat<0.05=0.0% mean=0.618 p10=0.536 p90=0.676
Iter 0020000: train nll 0.273, valid error 100.000%, best valid error 100.000%, avg grad norm  50.937, avg grad norm (post clip)   0.053, rho_Whh  1.12, Omega  0.00, alpha  0.000, steps in the past 0.000, valid nll 0.239
  [diag] log10|dL/dh_t| hist bins=60 range=(-12.50,-11.50) mean=-12.00 p50=-12.00 p05=-12.00 p95=-12.00
  [diag] sat-dist hist bins=60 sat<0.05=0.0% mean=0.617 p10=0.536 p90=0.676
Iter 0020020: train nll 0.303, valid error 100.000%, best valid error 100.000%, avg grad norm  50.412, avg grad norm (post clip)   0.053, rho_Whh  1.12, Omega  0.00, alpha  0.000, steps in the past 0.000, valid nll 0.239
  [diag] log10|dL/dh_t| hist bins=60 range=(-12.50,-11.50) mean=-12.00 p50=-12.00 p05=-12.00 p95=-12.00
  [diag] sat-dist hist bins=60 sat<0.05=0.0% mean=0.634 p10=0.541 p90=0.678
Iter 0020040: train nll 0.273, valid error 100.000%, best valid error 100.000%, avg grad norm  45.194, avg grad norm (post clip)   0.053, rho_Whh  1.12, Omega  0.00, alpha  0.000, steps in the past 0.000, valid nll 0.273
  [diag] log10|dL/dh_t| hist bins=60 range=(-12.50,-11.50) mean=-12.00 p50=-12.00 p05=-12.00 p95=-12.00
  [diag] sat-dist hist bins=60 sat<0.05=0.0% mean=0.634 p10=0.542 p90=0.678
Iter 0020060: train nll 0.337, valid error 100.000%, best valid error 100.000%, avg grad norm  42.040, avg grad norm (post clip)   0.053, rho_Whh  1.12, Omega  0.00, alpha  0.000, steps in the past 0.000, valid nll 0.273
  [diag] log10|dL/dh_t| hist bins=60 range=(-12.50,-11.50) mean=-12.00 p50=-12.00 p05=-12.00 p95=-12.00
  [diag] sat-dist hist bins=60 sat<0.05=0.0% mean=0.634 p10=0.542 p90=0.678
Iter 0020080: train nll 0.329, valid error 100.000%, best valid error 100.000%, avg grad norm  42.118, avg grad norm (post clip)   0.053, rho_Whh  1.12, Omega  0.00, alpha  0.000, steps in the past 0.000, valid nll 0.273
  [diag] log10|dL/dh_t| hist bins=60 range=(-12.50,-11.50) mean=-12.00 p50=-12.00 p05=-12.00 p95=-12.00
  [diag] sat-dist hist bins=60 sat<0.05=0.0% mean=0.618 p10=0.536 p90=0.676
Iter 0020100: train nll 0.272, valid error 100.000%, best valid error 100.000%, avg grad norm  49.617, avg grad norm (post clip)   0.053, rho_Whh  1.12, Omega  0.00, alpha  0.000, steps in the past 0.000, valid nll 0.240
  [diag] log10|dL/dh_t| hist bins=60 range=(-12.50,-11.50) mean=-12.00 p50=-12.00 p05=-12.00 p95=-12.00
  [diag] sat-dist hist bins=60 sat<0.05=0.0% mean=0.621 p10=0.537 p90=0.676
Iter 0020120: train nll 0.279, valid error 100.000%, best valid error 100.000%, avg grad norm  47.272, avg grad norm (post clip)   0.053, rho_Whh  1.12, Omega  0.00, alpha  0.000, steps in the past 0.000, valid nll 0.245
  [diag] log10|dL/dh_t| hist bins=60 range=(-12.50,-11.50) mean=-12.00 p50=-12.00 p05=-12.00 p95=-12.00
  [diag] sat-dist hist bins=60 sat<0.05=0.0% mean=0.621 p10=0.537 p90=0.676
Iter 0020140: train nll 0.318, valid error 100.000%, best valid error 100.000%, avg grad norm  47.979, avg grad norm (post clip)   0.053, rho_Whh  1.12, Omega  0.00, alpha  0.000, steps in the past 0.000, valid nll 0.244
  [diag] log10|dL/dh_t| hist bins=60 range=(-12.50,-11.50) mean=-12.00 p50=-12.00 p05=-12.00 p95=-12.00
  [diag] sat-dist hist bins=60 sat<0.05=0.0% mean=0.639 p10=0.544 p90=0.679
Iter 0020160: train nll 0.318, valid error 100.000%, best valid error 100.000%, avg grad norm  33.539, avg grad norm (post clip)   0.053, rho_Whh  1.13, Omega  0.00, alpha  0.000, steps in the past 0.000, valid nll 0.289
  [diag] log10|dL/dh_t| hist bins=60 range=(-12.50,-11.50) mean=-12.00 p50=-12.00 p05=-12.00 p95=-12.00
  [diag] sat-dist hist bins=60 sat<0.05=0.0% mean=0.627 p10=0.538 p90=0.677
Iter 0020180: train nll 0.311, valid error 100.000%, best valid error 100.000%, avg grad norm  43.248, avg grad norm (post clip)   0.053, rho_Whh  1.12, Omega  0.00, alpha  0.000, steps in the past 0.000, valid nll 0.254
  [diag] log10|dL/dh_t| hist bins=60 range=(-12.50,-11.50) mean=-12.00 p50=-12.00 p05=-12.00 p95=-12.00
  [diag] sat-dist hist bins=60 sat<0.05=0.0% mean=0.638 p10=0.543 p90=0.679
Iter 0020200: train nll 0.330, valid error 100.000%, best valid error 100.000%, avg grad norm  41.367, avg grad norm (post clip)   0.053, rho_Whh  1.13, Omega  0.00, alpha  0.000, steps in the past 0.000, valid nll 0.286
  [diag] log10|dL/dh_t| hist bins=60 range=(-12.50,-11.50) mean=-12.00 p50=-12.00 p05=-12.00 p95=-12.00
  [diag] sat-dist hist bins=60 sat<0.05=0.0% mean=0.638 p10=0.543 p90=0.679
Iter 0020220: train nll 0.323, valid error 100.000%, best valid error 100.000%, avg grad norm  41.025, avg grad norm (post clip)   0.053, rho_Whh  1.13, Omega  0.00, alpha  0.000, steps in the past 0.000, valid nll 0.285
  [diag] log10|dL/dh_t| hist bins=60 range=(-12.50,-11.50) mean=-12.00 p50=-12.00 p05=-12.00 p95=-12.00
  [diag] sat-dist hist bins=60 sat<0.05=0.0% mean=0.624 p10=0.537 p90=0.677
Iter 0020240: train nll 0.336, valid error 100.000%, best valid error 100.000%, avg grad norm  38.970, avg grad norm (post clip)   0.053, rho_Whh  1.12, Omega  0.00, alpha  0.000, steps in the past 0.000, valid nll 0.249
  [diag] log10|dL/dh_t| hist bins=60 range=(-12.50,-11.50) mean=-12.00 p50=-12.00 p05=-12.00 p95=-12.00
  [diag] sat-dist hist bins=60 sat<0.05=0.0% mean=0.638 p10=0.543 p90=0.679
Iter 0020260: train nll 0.330, valid error 100.000%, best valid error 100.000%, avg grad norm  40.282, avg grad norm (post clip)   0.053, rho_Whh  1.13, Omega  0.00, alpha  0.000, steps in the past 0.000, valid nll 0.283
  [diag] log10|dL/dh_t| hist bins=60 range=(-12.50,-11.50) mean=-12.00 p50=-12.00 p05=-12.00 p95=-12.00
  [diag] sat-dist hist bins=60 sat<0.05=0.0% mean=0.624 p10=0.537 p90=0.677
Iter 0020280: train nll 0.305, valid error 100.000%, best valid error 100.000%, avg grad norm  43.822, avg grad norm (post clip)   0.053, rho_Whh  1.12, Omega  0.00, alpha  0.000, steps in the past 0.000, valid nll 0.249
  [diag] log10|dL/dh_t| hist bins=60 range=(-12.50,-11.50) mean=-12.00 p50=-12.00 p05=-12.00 p95=-12.00
  [diag] sat-dist hist bins=60 sat<0.05=0.0% mean=0.593 p10=0.532 p90=0.666
Iter 0020300: train nll 0.266, valid error 100.000%, best valid error 100.000%, avg grad norm  52.333, avg grad norm (post clip)   0.053, rho_Whh  1.12, Omega  0.00, alpha  0.000, steps in the past 0.000, valid nll 0.226
  [diag] log10|dL/dh_t| hist bins=60 range=(-12.50,-11.50) mean=-12.00 p50=-12.00 p05=-12.00 p95=-12.00
  [diag] sat-dist hist bins=60 sat<0.05=0.0% mean=0.624 p10=0.537 p90=0.677
Iter 0020320: train nll 0.265, valid error 100.000%, best valid error 100.000%, avg grad norm  56.608, avg grad norm (post clip)   0.053, rho_Whh  1.12, Omega  0.00, alpha  0.000, steps in the past 0.000, valid nll 0.250
  [diag] log10|dL/dh_t| hist bins=60 range=(-12.50,-11.50) mean=-12.00 p50=-12.00 p05=-12.00 p95=-12.00
  [diag] sat-dist hist bins=60 sat<0.05=0.0% mean=0.624 p10=0.538 p90=0.677
Iter 0020340: train nll 0.298, valid error 100.000%, best valid error 100.000%, avg grad norm  48.809, avg grad norm (post clip)   0.053, rho_Whh  1.12, Omega  0.00, alpha  0.000, steps in the past 0.000, valid nll 0.250
  [diag] log10|dL/dh_t| hist bins=60 range=(-12.50,-11.50) mean=-12.00 p50=-12.00 p05=-12.00 p95=-12.00
  [diag] sat-dist hist bins=60 sat<0.05=0.0% mean=0.625 p10=0.538 p90=0.677
Iter 0020360: train nll 0.316, valid error 100.000%, best valid error 100.000%, avg grad norm  42.299, avg grad norm (post clip)   0.053, rho_Whh  1.12, Omega  0.00, alpha  0.000, steps in the past 0.000, valid nll 0.250
  [diag] log10|dL/dh_t| hist bins=60 range=(-12.50,-11.50) mean=-12.00 p50=-12.00 p05=-12.00 p95=-12.00
  [diag] sat-dist hist bins=60 sat<0.05=0.0% mean=0.595 p10=0.532 p90=0.670
Iter 0020380: train nll 0.265, valid error 100.000%, best valid error 100.000%, avg grad norm  43.211, avg grad norm (post clip)   0.053, rho_Whh  1.12, Omega  0.00, alpha  0.000, steps in the past 0.000, valid nll 0.226
  [diag] log10|dL/dh_t| hist bins=60 range=(-12.50,-11.50) mean=-12.00 p50=-12.00 p05=-12.00 p95=-12.00
  [diag] sat-dist hist bins=60 sat<0.05=0.0% mean=0.596 p10=0.532 p90=0.670
Iter 0020400: train nll 0.297, valid error 100.000%, best valid error 100.000%, avg grad norm  50.675, avg grad norm (post clip)   0.053, rho_Whh  1.12, Omega  0.00, alpha  0.000, steps in the past 0.000, valid nll 0.226
  [diag] log10|dL/dh_t| hist bins=60 range=(-12.50,-11.50) mean=-12.00 p50=-12.00 p05=-12.00 p95=-12.00
  [diag] sat-dist hist bins=60 sat<0.05=0.0% mean=0.600 p10=0.533 p90=0.675
Iter 0020420: train nll 0.291, valid error 100.000%, best valid error 100.000%, avg grad norm  49.776, avg grad norm (post clip)   0.053, rho_Whh  1.12, Omega  0.00, alpha  0.000, steps in the past 0.000, valid nll 0.227
  [diag] log10|dL/dh_t| hist bins=60 range=(-12.50,-11.50) mean=-12.00 p50=-12.00 p05=-12.00 p95=-12.00
  [diag] sat-dist hist bins=60 sat<0.05=0.0% mean=0.627 p10=0.538 p90=0.677
Iter 0020440: train nll 0.324, valid error 100.000%, best valid error 100.000%, avg grad norm  43.209, avg grad norm (post clip)   0.053, rho_Whh  1.12, Omega  0.00, alpha  0.000, steps in the past 0.000, valid nll 0.254
  [diag] log10|dL/dh_t| hist bins=60 range=(-12.50,-11.50) mean=-12.00 p50=-12.00 p05=-12.00 p95=-12.00
  [diag] sat-dist hist bins=60 sat<0.05=0.0% mean=0.627 p10=0.539 p90=0.677
Iter 0020460: train nll 0.321, valid error 100.000%, best valid error 100.000%, avg grad norm  45.182, avg grad norm (post clip)   0.053, rho_Whh  1.12, Omega  0.00, alpha  0.000, steps in the past 0.000, valid nll 0.254
  [diag] log10|dL/dh_t| hist bins=60 range=(-12.50,-11.50) mean=-12.00 p50=-12.00 p05=-12.00 p95=-12.00
  [diag] sat-dist hist bins=60 sat<0.05=0.0% mean=0.627 p10=0.539 p90=0.677
Iter 0020480: train nll 0.283, valid error 100.000%, best valid error 100.000%, avg grad norm  50.247, avg grad norm (post clip)   0.053, rho_Whh  1.12, Omega  0.00, alpha  0.000, steps in the past 0.000, valid nll 0.254
  [diag] log10|dL/dh_t| hist bins=60 range=(-12.50,-11.50) mean=-12.00 p50=-12.00 p05=-12.00 p95=-12.00
  [diag] sat-dist hist bins=60 sat<0.05=0.0% mean=0.602 p10=0.533 p90=0.675
Iter 0020500: train nll 0.323, valid error 100.000%, best valid error 100.000%, avg grad norm  44.688, avg grad norm (post clip)   0.053, rho_Whh  1.12, Omega  0.00, alpha  0.000, steps in the past 0.000, valid nll 0.227
  [diag] log10|dL/dh_t| hist bins=60 range=(-12.50,-11.50) mean=-12.00 p50=-12.00 p05=-12.00 p95=-12.00
  [diag] sat-dist hist bins=60 sat<0.05=0.0% mean=0.627 p10=0.539 p90=0.677
Iter 0020520: train nll 0.292, valid error 100.000%, best valid error 100.000%, avg grad norm  49.568, avg grad norm (post clip)   0.053, rho_Whh  1.12, Omega  0.00, alpha  0.000, steps in the past 0.000, valid nll 0.254
  [diag] log10|dL/dh_t| hist bins=60 range=(-12.50,-11.50) mean=-12.00 p50=-12.00 p05=-12.00 p95=-12.00
  [diag] sat-dist hist bins=60 sat<0.05=0.0% mean=0.603 p10=0.533 p90=0.675
Iter 0020540: train nll 0.297, valid error 100.000%, best valid error 100.000%, avg grad norm  43.510, avg grad norm (post clip)   0.053, rho_Whh  1.12, Omega  0.00, alpha  0.000, steps in the past 0.000, valid nll 0.227
  [diag] log10|dL/dh_t| hist bins=60 range=(-12.50,-11.50) mean=-12.00 p50=-12.00 p05=-12.00 p95=-12.00
  [diag] sat-dist hist bins=60 sat<0.05=0.0% mean=0.628 p10=0.539 p90=0.677
Iter 0020560: train nll 0.292, valid error 100.000%, best valid error 100.000%, avg grad norm  49.213, avg grad norm (post clip)   0.053, rho_Whh  1.12, Omega  0.00, alpha  0.000, steps in the past 0.000, valid nll 0.255
  [diag] log10|dL/dh_t| hist bins=60 range=(-12.50,-11.50) mean=-12.00 p50=-12.00 p05=-12.00 p95=-12.00
  [diag] sat-dist hist bins=60 sat<0.05=0.0% mean=0.603 p10=0.534 p90=0.675
Iter 0020580: train nll 0.323, valid error 100.000%, best valid error 100.000%, avg grad norm  41.953, avg grad norm (post clip)   0.053, rho_Whh  1.12, Omega  0.00, alpha  0.000, steps in the past 0.000, valid nll 0.227
  [diag] log10|dL/dh_t| hist bins=60 range=(-12.50,-11.50) mean=-12.00 p50=-12.00 p05=-12.00 p95=-12.00
  [diag] sat-dist hist bins=60 sat<0.05=0.0% mean=0.603 p10=0.534 p90=0.675
Iter 0020600: train nll 0.256, valid error 100.000%, best valid error 100.000%, avg grad norm  47.616, avg grad norm (post clip)   0.053, rho_Whh  1.12, Omega  0.00, alpha  0.000, steps in the past 0.000, valid nll 0.227
  [diag] log10|dL/dh_t| hist bins=60 range=(-12.50,-11.50) mean=-12.00 p50=-12.00 p05=-12.00 p95=-12.00
  [diag] sat-dist hist bins=60 sat<0.05=0.0% mean=0.604 p10=0.534 p90=0.674
Iter 0020620: train nll 0.335, valid error 100.000%, best valid error 100.000%, avg grad norm  46.257, avg grad norm (post clip)   0.053, rho_Whh  1.12, Omega  0.00, alpha  0.000, steps in the past 0.000, valid nll 0.227
  [diag] log10|dL/dh_t| hist bins=60 range=(-12.50,-11.50) mean=-12.00 p50=-12.00 p05=-12.00 p95=-12.00
  [diag] sat-dist hist bins=60 sat<0.05=0.0% mean=0.627 p10=0.539 p90=0.677
Iter 0020640: train nll 0.310, valid error 100.000%, best valid error 100.000%, avg grad norm  44.820, avg grad norm (post clip)   0.053, rho_Whh  1.12, Omega  0.00, alpha  0.000, steps in the past 0.000, valid nll 0.254
  [diag] log10|dL/dh_t| hist bins=60 range=(-12.50,-11.50) mean=-12.00 p50=-12.00 p05=-12.00 p95=-12.00
  [diag] sat-dist hist bins=60 sat<0.05=0.0% mean=0.627 p10=0.539 p90=0.676
Iter 0020660: train nll 0.306, valid error 100.000%, best valid error 100.000%, avg grad norm  48.863, avg grad norm (post clip)   0.053, rho_Whh  1.12, Omega  0.00, alpha  0.000, steps in the past 0.000, valid nll 0.254
  [diag] log10|dL/dh_t| hist bins=60 range=(-12.50,-11.50) mean=-12.00 p50=-12.00 p05=-12.00 p95=-12.00
  [diag] sat-dist hist bins=60 sat<0.05=0.0% mean=0.627 p10=0.539 p90=0.676
Iter 0020680: train nll 0.309, valid error 100.000%, best valid error 100.000%, avg grad norm  32.841, avg grad norm (post clip)   0.053, rho_Whh  1.12, Omega  0.00, alpha  0.000, steps in the past 0.000, valid nll 0.253
  [diag] log10|dL/dh_t| hist bins=60 range=(-12.50,-11.50) mean=-12.00 p50=-12.00 p05=-12.00 p95=-12.00
  [diag] sat-dist hist bins=60 sat<0.05=0.0% mean=0.627 p10=0.539 p90=0.676
Iter 0020700: train nll 0.279, valid error 100.000%, best valid error 100.000%, avg grad norm  45.392, avg grad norm (post clip)   0.053, rho_Whh  1.12, Omega  0.00, alpha  0.000, steps in the past 0.000, valid nll 0.253
  [diag] log10|dL/dh_t| hist bins=60 range=(-12.50,-11.50) mean=-12.00 p50=-12.00 p05=-12.00 p95=-12.00
  [diag] sat-dist hist bins=60 sat<0.05=0.0% mean=0.627 p10=0.539 p90=0.677
Iter 0020720: train nll 0.294, valid error 100.000%, best valid error 100.000%, avg grad norm  34.887, avg grad norm (post clip)   0.053, rho_Whh  1.12, Omega  0.00, alpha  0.000, steps in the past 0.000, valid nll 0.253
  [diag] log10|dL/dh_t| hist bins=60 range=(-12.50,-11.50) mean=-12.00 p50=-12.00 p05=-12.00 p95=-12.00
  [diag] sat-dist hist bins=60 sat<0.05=0.0% mean=0.601 p10=0.533 p90=0.673
Iter 0020740: train nll 0.273, valid error 100.000%, best valid error 100.000%, avg grad norm  53.325, avg grad norm (post clip)   0.053, rho_Whh  1.12, Omega  0.00, alpha  0.000, steps in the past 0.000, valid nll 0.227
  [diag] log10|dL/dh_t| hist bins=60 range=(-12.50,-11.50) mean=-12.00 p50=-12.00 p05=-12.00 p95=-12.00
  [diag] sat-dist hist bins=60 sat<0.05=0.0% mean=0.601 p10=0.533 p90=0.674
Iter 0020760: train nll 0.273, valid error 100.000%, best valid error 100.000%, avg grad norm  46.058, avg grad norm (post clip)   0.053, rho_Whh  1.12, Omega  0.00, alpha  0.000, steps in the past 0.000, valid nll 0.227
  [diag] log10|dL/dh_t| hist bins=60 range=(-12.50,-11.50) mean=-12.00 p50=-12.00 p05=-12.00 p95=-12.00
  [diag] sat-dist hist bins=60 sat<0.05=0.0% mean=0.627 p10=0.539 p90=0.677
Iter 0020780: train nll 0.309, valid error 100.000%, best valid error 100.000%, avg grad norm  44.144, avg grad norm (post clip)   0.053, rho_Whh  1.12, Omega  0.00, alpha  0.000, steps in the past 0.000, valid nll 0.253
  [diag] log10|dL/dh_t| hist bins=60 range=(-12.50,-11.50) mean=-12.00 p50=-12.00 p05=-12.00 p95=-12.00
  [diag] sat-dist hist bins=60 sat<0.05=0.0% mean=0.602 p10=0.534 p90=0.674
Iter 0020800: train nll 0.292, valid error 100.000%, best valid error 100.000%, avg grad norm  49.110, avg grad norm (post clip)   0.053, rho_Whh  1.12, Omega  0.00, alpha  0.000, steps in the past 0.000, valid nll 0.227
  [diag] log10|dL/dh_t| hist bins=60 range=(-12.50,-11.50) mean=-12.00 p50=-12.00 p05=-12.00 p95=-12.00
  [diag] sat-dist hist bins=60 sat<0.05=0.0% mean=0.628 p10=0.539 p90=0.677
Iter 0020820: train nll 0.330, valid error 100.000%, best valid error 100.000%, avg grad norm  43.266, avg grad norm (post clip)   0.053, rho_Whh  1.12, Omega  0.00, alpha  0.000, steps in the past 0.000, valid nll 0.254
  [diag] log10|dL/dh_t| hist bins=60 range=(-12.50,-11.50) mean=-12.00 p50=-12.00 p05=-12.00 p95=-12.00
  [diag] sat-dist hist bins=60 sat<0.05=0.0% mean=0.628 p10=0.539 p90=0.677
Iter 0020840: train nll 0.306, valid error 100.000%, best valid error 100.000%, avg grad norm  37.724, avg grad norm (post clip)   0.053, rho_Whh  1.12, Omega  0.00, alpha  0.000, steps in the past 0.000, valid nll 0.254
  [diag] log10|dL/dh_t| hist bins=60 range=(-12.50,-11.50) mean=-12.00 p50=-12.00 p05=-12.00 p95=-12.00
  [diag] sat-dist hist bins=60 sat<0.05=0.0% mean=0.628 p10=0.539 p90=0.677
Iter 0020860: train nll 0.278, valid error 100.000%, best valid error 100.000%, avg grad norm  44.445, avg grad norm (post clip)   0.053, rho_Whh  1.12, Omega  0.00, alpha  0.000, steps in the past 0.000, valid nll 0.255
  [diag] log10|dL/dh_t| hist bins=60 range=(-12.50,-11.50) mean=-12.00 p50=-12.00 p05=-12.00 p95=-12.00
  [diag] sat-dist hist bins=60 sat<0.05=0.0% mean=0.604 p10=0.534 p90=0.674
Iter 0020880: train nll 0.271, valid error 100.000%, best valid error 100.000%, avg grad norm  54.944, avg grad norm (post clip)   0.053, rho_Whh  1.12, Omega  0.00, alpha  0.000, steps in the past 0.000, valid nll 0.227
  [diag] log10|dL/dh_t| hist bins=60 range=(-12.50,-11.50) mean=-12.00 p50=-12.00 p05=-12.00 p95=-12.00
  [diag] sat-dist hist bins=60 sat<0.05=0.0% mean=0.628 p10=0.540 p90=0.677
Iter 0020900: train nll 0.289, valid error 100.000%, best valid error 100.000%, avg grad norm  51.169, avg grad norm (post clip)   0.053, rho_Whh  1.12, Omega  0.00, alpha  0.000, steps in the past 0.000, valid nll 0.254
  [diag] log10|dL/dh_t| hist bins=60 range=(-12.50,-11.50) mean=-12.00 p50=-12.00 p05=-12.00 p95=-12.00
  [diag] sat-dist hist bins=60 sat<0.05=0.0% mean=0.628 p10=0.540 p90=0.676
Iter 0020920: train nll 0.322, valid error 100.000%, best valid error 100.000%, avg grad norm  40.577, avg grad norm (post clip)   0.053, rho_Whh  1.12, Omega  0.00, alpha  0.000, steps in the past 0.000, valid nll 0.255
  [diag] log10|dL/dh_t| hist bins=60 range=(-12.50,-11.50) mean=-12.00 p50=-12.00 p05=-12.00 p95=-12.00
  [diag] sat-dist hist bins=60 sat<0.05=0.0% mean=0.606 p10=0.535 p90=0.674
Iter 0020940: train nll 0.310, valid error 100.000%, best valid error 100.000%, avg grad norm  39.368, avg grad norm (post clip)   0.053, rho_Whh  1.12, Omega  0.00, alpha  0.000, steps in the past 0.000, valid nll 0.228
  [diag] log10|dL/dh_t| hist bins=60 range=(-12.50,-11.50) mean=-12.00 p50=-12.00 p05=-12.00 p95=-12.00
  [diag] sat-dist hist bins=60 sat<0.05=0.0% mean=0.606 p10=0.535 p90=0.674
Iter 0020960: train nll 0.288, valid error 100.000%, best valid error 100.000%, avg grad norm  48.070, avg grad norm (post clip)   0.053, rho_Whh  1.12, Omega  0.00, alpha  0.000, steps in the past 0.000, valid nll 0.228
  [diag] log10|dL/dh_t| hist bins=60 range=(-12.50,-11.50) mean=-12.00 p50=-12.00 p05=-12.00 p95=-12.00
  [diag] sat-dist hist bins=60 sat<0.05=0.0% mean=0.629 p10=0.540 p90=0.676
Iter 0020980: train nll 0.317, valid error 100.000%, best valid error 100.000%, avg grad norm  45.248, avg grad norm (post clip)   0.053, rho_Whh  1.12, Omega  0.00, alpha  0.000, steps in the past 0.000, valid nll 0.255
  [diag] log10|dL/dh_t| hist bins=60 range=(-12.50,-11.50) mean=-12.00 p50=-12.00 p05=-12.00 p95=-12.00
  [diag] sat-dist hist bins=60 sat<0.05=0.0% mean=0.606 p10=0.535 p90=0.674
Iter 0021000: train nll 0.311, valid error 100.000%, best valid error 100.000%, avg grad norm  43.500, avg grad norm (post clip)   0.053, rho_Whh  1.12, Omega  0.00, alpha  0.000, steps in the past 0.000, valid nll 0.228
  [diag] log10|dL/dh_t| hist bins=60 range=(-12.50,-11.50) mean=-12.00 p50=-12.00 p05=-12.00 p95=-12.00
  [diag] sat-dist hist bins=60 sat<0.05=0.0% mean=0.628 p10=0.540 p90=0.677
Iter 0021020: train nll 0.312, valid error 100.000%, best valid error 100.000%, avg grad norm  35.609, avg grad norm (post clip)   0.053, rho_Whh  1.12, Omega  0.00, alpha  0.000, steps in the past 0.000, valid nll 0.254
  [diag] log10|dL/dh_t| hist bins=60 range=(-12.50,-11.50) mean=-12.00 p50=-12.00 p05=-12.00 p95=-12.00
  [diag] sat-dist hist bins=60 sat<0.05=0.0% mean=0.604 p10=0.534 p90=0.674
Iter 0021040: train nll 0.310, valid error 100.000%, best valid error 100.000%, avg grad norm  38.695, avg grad norm (post clip)   0.053, rho_Whh  1.12, Omega  0.00, alpha  0.000, steps in the past 0.000, valid nll 0.227
  [diag] log10|dL/dh_t| hist bins=60 range=(-12.50,-11.50) mean=-12.00 p50=-12.00 p05=-12.00 p95=-12.00
  [diag] sat-dist hist bins=60 sat<0.05=0.0% mean=0.628 p10=0.540 p90=0.677
Iter 0021060: train nll 0.275, valid error 100.000%, best valid error 100.000%, avg grad norm  49.838, avg grad norm (post clip)   0.053, rho_Whh  1.12, Omega  0.00, alpha  0.000, steps in the past 0.000, valid nll 0.254
  [diag] log10|dL/dh_t| hist bins=60 range=(-12.50,-11.50) mean=-12.00 p50=-12.00 p05=-12.00 p95=-12.00
  [diag] sat-dist hist bins=60 sat<0.05=0.0% mean=0.604 p10=0.534 p90=0.674
Iter 0021080: train nll 0.308, valid error 100.000%, best valid error 100.000%, avg grad norm  44.700, avg grad norm (post clip)   0.053, rho_Whh  1.12, Omega  0.00, alpha  0.000, steps in the past 0.000, valid nll 0.227
  [diag] log10|dL/dh_t| hist bins=60 range=(-12.50,-11.50) mean=-12.00 p50=-12.00 p05=-12.00 p95=-12.00
  [diag] sat-dist hist bins=60 sat<0.05=0.0% mean=0.604 p10=0.535 p90=0.674
Iter 0021100: train nll 0.300, valid error 100.000%, best valid error 100.000%, avg grad norm  45.814, avg grad norm (post clip)   0.053, rho_Whh  1.12, Omega  0.00, alpha  0.000, steps in the past 0.000, valid nll 0.227
  [diag] log10|dL/dh_t| hist bins=60 range=(-12.50,-11.50) mean=-12.00 p50=-12.00 p05=-12.00 p95=-12.00
  [diag] sat-dist hist bins=60 sat<0.05=0.0% mean=0.604 p10=0.535 p90=0.674
Iter 0021120: train nll 0.253, valid error 100.000%, best valid error 100.000%, avg grad norm  52.375, avg grad norm (post clip)   0.053, rho_Whh  1.12, Omega  0.00, alpha  0.000, steps in the past 0.000, valid nll 0.227
  [diag] log10|dL/dh_t| hist bins=60 range=(-12.50,-11.50) mean=-12.00 p50=-12.00 p05=-12.00 p95=-12.00
  [diag] sat-dist hist bins=60 sat<0.05=0.0% mean=0.628 p10=0.540 p90=0.676
Iter 0021140: train nll 0.334, valid error 100.000%, best valid error 100.000%, avg grad norm  44.995, avg grad norm (post clip)   0.053, rho_Whh  1.12, Omega  0.00, alpha  0.000, steps in the past 0.000, valid nll 0.254
  [diag] log10|dL/dh_t| hist bins=60 range=(-12.50,-11.50) mean=-12.00 p50=-12.00 p05=-12.00 p95=-12.00
  [diag] sat-dist hist bins=60 sat<0.05=0.0% mean=0.625 p10=0.539 p90=0.676
Iter 0021160: train nll 0.251, valid error 100.000%, best valid error 100.000%, avg grad norm  43.478, avg grad norm (post clip)   0.053, rho_Whh  1.12, Omega  0.00, alpha  0.000, steps in the past 0.000, valid nll 0.248
  [diag] log10|dL/dh_t| hist bins=60 range=(-12.50,-11.50) mean=-12.00 p50=-12.00 p05=-12.00 p95=-12.00
  [diag] sat-dist hist bins=60 sat<0.05=0.0% mean=0.630 p10=0.540 p90=0.677
Iter 0021180: train nll 0.279, valid error 100.000%, best valid error 100.000%, avg grad norm  48.970, avg grad norm (post clip)   0.053, rho_Whh  1.12, Omega  0.00, alpha  0.000, steps in the past 0.000, valid nll 0.259
  [diag] log10|dL/dh_t| hist bins=60 range=(-12.50,-11.50) mean=-12.00 p50=-12.00 p05=-12.00 p95=-12.00
  [diag] sat-dist hist bins=60 sat<0.05=0.0% mean=0.608 p10=0.535 p90=0.675
Iter 0021200: train nll 0.280, valid error 100.000%, best valid error 100.000%, avg grad norm  43.474, avg grad norm (post clip)   0.053, rho_Whh  1.12, Omega  0.00, alpha  0.000, steps in the past 0.000, valid nll 0.229
  [diag] log10|dL/dh_t| hist bins=60 range=(-12.50,-11.50) mean=-12.00 p50=-12.00 p05=-12.00 p95=-12.00
  [diag] sat-dist hist bins=60 sat<0.05=0.0% mean=0.609 p10=0.535 p90=0.675
Iter 0021220: train nll 0.298, valid error 100.000%, best valid error 100.000%, avg grad norm  48.881, avg grad norm (post clip)   0.053, rho_Whh  1.12, Omega  0.00, alpha  0.000, steps in the past 0.000, valid nll 0.229
  [diag] log10|dL/dh_t| hist bins=60 range=(-12.50,-11.50) mean=-12.00 p50=-12.00 p05=-12.00 p95=-12.00
  [diag] sat-dist hist bins=60 sat<0.05=0.0% mean=0.609 p10=0.535 p90=0.675
Iter 0021240: train nll 0.282, valid error 100.000%, best valid error 100.000%, avg grad norm  51.604, avg grad norm (post clip)   0.053, rho_Whh  1.12, Omega  0.00, alpha  0.000, steps in the past 0.000, valid nll 0.229
  [diag] log10|dL/dh_t| hist bins=60 range=(-12.50,-11.50) mean=-12.00 p50=-12.00 p05=-12.00 p95=-12.00
  [diag] sat-dist hist bins=60 sat<0.05=0.0% mean=0.630 p10=0.541 p90=0.677
Iter 0021260: train nll 0.293, valid error 100.000%, best valid error 100.000%, avg grad norm  43.178, avg grad norm (post clip)   0.053, rho_Whh  1.12, Omega  0.00, alpha  0.000, steps in the past 0.000, valid nll 0.259
  [diag] log10|dL/dh_t| hist bins=60 range=(-12.50,-11.50) mean=-12.00 p50=-12.00 p05=-12.00 p95=-12.00
  [diag] sat-dist hist bins=60 sat<0.05=0.0% mean=0.609 p10=0.535 p90=0.675
Iter 0021280: train nll 0.262, valid error 100.000%, best valid error 100.000%, avg grad norm  53.384, avg grad norm (post clip)   0.053, rho_Whh  1.12, Omega  0.00, alpha  0.000, steps in the past 0.000, valid nll 0.229
  [diag] log10|dL/dh_t| hist bins=60 range=(-12.50,-11.50) mean=-12.00 p50=-12.00 p05=-12.00 p95=-12.00
  [diag] sat-dist hist bins=60 sat<0.05=0.0% mean=0.611 p10=0.535 p90=0.675
Iter 0021300: train nll 0.301, valid error 100.000%, best valid error 100.000%, avg grad norm  42.103, avg grad norm (post clip)   0.053, rho_Whh  1.12, Omega  0.00, alpha  0.000, steps in the past 0.000, valid nll 0.231
  [diag] log10|dL/dh_t| hist bins=60 range=(-12.50,-11.50) mean=-12.00 p50=-12.00 p05=-12.00 p95=-12.00
  [diag] sat-dist hist bins=60 sat<0.05=0.0% mean=0.631 p10=0.541 p90=0.677
Iter 0021320: train nll 0.280, valid error 100.000%, best valid error 100.000%, avg grad norm  45.453, avg grad norm (post clip)   0.053, rho_Whh  1.12, Omega  0.00, alpha  0.000, steps in the past 0.000, valid nll 0.261
  [diag] log10|dL/dh_t| hist bins=60 range=(-12.50,-11.50) mean=-12.00 p50=-12.00 p05=-12.00 p95=-12.00
  [diag] sat-dist hist bins=60 sat<0.05=0.0% mean=0.632 p10=0.541 p90=0.677
Iter 0021340: train nll 0.329, valid error 100.000%, best valid error 100.000%, avg grad norm  37.592, avg grad norm (post clip)   0.053, rho_Whh  1.12, Omega  0.00, alpha  0.000, steps in the past 0.000, valid nll 0.261
  [diag] log10|dL/dh_t| hist bins=60 range=(-12.50,-11.50) mean=-12.00 p50=-12.00 p05=-12.00 p95=-12.00
  [diag] sat-dist hist bins=60 sat<0.05=0.0% mean=0.612 p10=0.536 p90=0.675
Iter 0021360: train nll 0.288, valid error 100.000%, best valid error 100.000%, avg grad norm  46.714, avg grad norm (post clip)   0.053, rho_Whh  1.12, Omega  0.00, alpha  0.000, steps in the past 0.000, valid nll 0.231
  [diag] log10|dL/dh_t| hist bins=60 range=(-12.50,-11.50) mean=-12.00 p50=-12.00 p05=-12.00 p95=-12.00
  [diag] sat-dist hist bins=60 sat<0.05=0.0% mean=0.632 p10=0.542 p90=0.677
Iter 0021380: train nll 0.329, valid error 100.000%, best valid error 100.000%, avg grad norm  42.761, avg grad norm (post clip)   0.053, rho_Whh  1.12, Omega  0.00, alpha  0.000, steps in the past 0.000, valid nll 0.261
  [diag] log10|dL/dh_t| hist bins=60 range=(-12.50,-11.50) mean=-12.00 p50=-12.00 p05=-12.00 p95=-12.00
  [diag] sat-dist hist bins=60 sat<0.05=0.0% mean=0.631 p10=0.541 p90=0.677
Iter 0021400: train nll 0.321, valid error 100.000%, best valid error 100.000%, avg grad norm  40.806, avg grad norm (post clip)   0.053, rho_Whh  1.12, Omega  0.00, alpha  0.000, steps in the past 0.000, valid nll 0.259
  [diag] log10|dL/dh_t| hist bins=60 range=(-12.50,-11.50) mean=-12.00 p50=-12.00 p05=-12.00 p95=-12.00
  [diag] sat-dist hist bins=60 sat<0.05=0.0% mean=0.630 p10=0.541 p90=0.677
Iter 0021420: train nll 0.291, valid error 100.000%, best valid error 100.000%, avg grad norm  41.599, avg grad norm (post clip)   0.053, rho_Whh  1.12, Omega  0.00, alpha  0.000, steps in the past 0.000, valid nll 0.259
  [diag] log10|dL/dh_t| hist bins=60 range=(-12.50,-11.50) mean=-12.00 p50=-12.00 p05=-12.00 p95=-12.00
  [diag] sat-dist hist bins=60 sat<0.05=0.0% mean=0.628 p10=0.540 p90=0.677
Iter 0021440: train nll 0.308, valid error 100.000%, best valid error 100.000%, avg grad norm  40.324, avg grad norm (post clip)   0.053, rho_Whh  1.12, Omega  0.00, alpha  0.000, steps in the past 0.000, valid nll 0.252
  [diag] log10|dL/dh_t| hist bins=60 range=(-12.50,-11.50) mean=-12.00 p50=-12.00 p05=-12.00 p95=-12.00
  [diag] sat-dist hist bins=60 sat<0.05=0.0% mean=0.628 p10=0.540 p90=0.677
Iter 0021460: train nll 0.279, valid error 100.000%, best valid error 100.000%, avg grad norm  50.874, avg grad norm (post clip)   0.053, rho_Whh  1.12, Omega  0.00, alpha  0.000, steps in the past 0.000, valid nll 0.252
  [diag] log10|dL/dh_t| hist bins=60 range=(-12.50,-11.50) mean=-12.00 p50=-12.00 p05=-12.00 p95=-12.00
  [diag] sat-dist hist bins=60 sat<0.05=0.0% mean=0.628 p10=0.540 p90=0.677
Iter 0021480: train nll 0.300, valid error 100.000%, best valid error 100.000%, avg grad norm  45.187, avg grad norm (post clip)   0.053, rho_Whh  1.12, Omega  0.00, alpha  0.000, steps in the past 0.000, valid nll 0.252
  [diag] log10|dL/dh_t| hist bins=60 range=(-12.50,-11.50) mean=-12.00 p50=-12.00 p05=-12.00 p95=-12.00
  [diag] sat-dist hist bins=60 sat<0.05=0.0% mean=0.640 p10=0.546 p90=0.679
Iter 0021500: train nll 0.303, valid error 100.000%, best valid error 100.000%, avg grad norm  44.351, avg grad norm (post clip)   0.053, rho_Whh  1.12, Omega  0.00, alpha  0.000, steps in the past 0.000, valid nll 0.285
  [diag] log10|dL/dh_t| hist bins=60 range=(-12.50,-11.50) mean=-12.00 p50=-12.00 p05=-12.00 p95=-12.00
  [diag] sat-dist hist bins=60 sat<0.05=0.0% mean=0.603 p10=0.534 p90=0.674
Iter 0021520: train nll 0.262, valid error 100.000%, best valid error 100.000%, avg grad norm  49.134, avg grad norm (post clip)   0.053, rho_Whh  1.12, Omega  0.00, alpha  0.000, steps in the past 0.000, valid nll 0.227
  [diag] log10|dL/dh_t| hist bins=60 range=(-12.50,-11.50) mean=-12.00 p50=-12.00 p05=-12.00 p95=-12.00
  [diag] sat-dist hist bins=60 sat<0.05=0.0% mean=0.603 p10=0.534 p90=0.674
Iter 0021540: train nll 0.281, valid error 100.000%, best valid error 100.000%, avg grad norm  45.602, avg grad norm (post clip)   0.053, rho_Whh  1.12, Omega  0.00, alpha  0.000, steps in the past 0.000, valid nll 0.227
  [diag] log10|dL/dh_t| hist bins=60 range=(-12.50,-11.50) mean=-12.00 p50=-12.00 p05=-12.00 p95=-12.00
  [diag] sat-dist hist bins=60 sat<0.05=0.0% mean=0.600 p10=0.533 p90=0.674
Iter 0021560: train nll 0.293, valid error 100.000%, best valid error 100.000%, avg grad norm  44.066, avg grad norm (post clip)   0.053, rho_Whh  1.12, Omega  0.00, alpha  0.000, steps in the past 0.000, valid nll 0.226
  [diag] log10|dL/dh_t| hist bins=60 range=(-12.50,-11.50) mean=-12.00 p50=-12.00 p05=-12.00 p95=-12.00
  [diag] sat-dist hist bins=60 sat<0.05=0.0% mean=0.627 p10=0.539 p90=0.677
Iter 0021580: train nll 0.306, valid error 100.000%, best valid error 100.000%, avg grad norm  43.658, avg grad norm (post clip)   0.053, rho_Whh  1.12, Omega  0.00, alpha  0.000, steps in the past 0.000, valid nll 0.251
  [diag] log10|dL/dh_t| hist bins=60 range=(-12.50,-11.50) mean=-12.00 p50=-12.00 p05=-12.00 p95=-12.00
  [diag] sat-dist hist bins=60 sat<0.05=0.0% mean=0.627 p10=0.539 p90=0.677
Iter 0021600: train nll 0.286, valid error 100.000%, best valid error 100.000%, avg grad norm  39.120, avg grad norm (post clip)   0.053, rho_Whh  1.12, Omega  0.00, alpha  0.000, steps in the past 0.000, valid nll 0.251
  [diag] log10|dL/dh_t| hist bins=60 range=(-12.50,-11.50) mean=-12.00 p50=-12.00 p05=-12.00 p95=-12.00
  [diag] sat-dist hist bins=60 sat<0.05=0.0% mean=0.601 p10=0.534 p90=0.674
Iter 0021620: train nll 0.309, valid error 100.000%, best valid error 100.000%, avg grad norm  48.549, avg grad norm (post clip)   0.053, rho_Whh  1.12, Omega  0.00, alpha  0.000, steps in the past 0.000, valid nll 0.226
  [diag] log10|dL/dh_t| hist bins=60 range=(-12.50,-11.50) mean=-12.00 p50=-12.00 p05=-12.00 p95=-12.00
  [diag] sat-dist hist bins=60 sat<0.05=0.0% mean=0.627 p10=0.539 p90=0.677
Iter 0021640: train nll 0.297, valid error 100.000%, best valid error 100.000%, avg grad norm  49.542, avg grad norm (post clip)   0.053, rho_Whh  1.12, Omega  0.00, alpha  0.000, steps in the past 0.000, valid nll 0.251
  [diag] log10|dL/dh_t| hist bins=60 range=(-12.50,-11.50) mean=-12.00 p50=-12.00 p05=-12.00 p95=-12.00
  [diag] sat-dist hist bins=60 sat<0.05=0.0% mean=0.640 p10=0.545 p90=0.679
Iter 0021660: train nll 0.253, valid error 100.000%, best valid error 100.000%, avg grad norm  52.741, avg grad norm (post clip)   0.053, rho_Whh  1.12, Omega  0.00, alpha  0.000, steps in the past 0.000, valid nll 0.284
  [diag] log10|dL/dh_t| hist bins=60 range=(-12.50,-11.50) mean=-12.00 p50=-12.00 p05=-12.00 p95=-12.00
  [diag] sat-dist hist bins=60 sat<0.05=0.0% mean=0.627 p10=0.540 p90=0.677
Iter 0021680: train nll 0.325, valid error 100.000%, best valid error 100.000%, avg grad norm  37.923, avg grad norm (post clip)   0.053, rho_Whh  1.12, Omega  0.00, alpha  0.000, steps in the past 0.000, valid nll 0.251
  [diag] log10|dL/dh_t| hist bins=60 range=(-12.50,-11.50) mean=-12.00 p50=-12.00 p05=-12.00 p95=-12.00
  [diag] sat-dist hist bins=60 sat<0.05=0.0% mean=0.627 p10=0.540 p90=0.676
Iter 0021700: train nll 0.280, valid error 100.000%, best valid error 100.000%, avg grad norm  41.360, avg grad norm (post clip)   0.053, rho_Whh  1.12, Omega  0.00, alpha  0.000, steps in the past 0.000, valid nll 0.251
  [diag] log10|dL/dh_t| hist bins=60 range=(-12.50,-11.50) mean=-12.00 p50=-12.00 p05=-12.00 p95=-12.00
  [diag] sat-dist hist bins=60 sat<0.05=0.0% mean=0.627 p10=0.540 p90=0.676
Iter 0021720: train nll 0.282, valid error 100.000%, best valid error 100.000%, avg grad norm  39.304, avg grad norm (post clip)   0.053, rho_Whh  1.12, Omega  0.00, alpha  0.000, steps in the past 0.000, valid nll 0.251
  [diag] log10|dL/dh_t| hist bins=60 range=(-12.50,-11.50) mean=-12.00 p50=-12.00 p05=-12.00 p95=-12.00
  [diag] sat-dist hist bins=60 sat<0.05=0.0% mean=0.627 p10=0.540 p90=0.676
Iter 0021740: train nll 0.308, valid error 100.000%, best valid error 100.000%, avg grad norm  42.769, avg grad norm (post clip)   0.053, rho_Whh  1.12, Omega  0.00, alpha  0.000, steps in the past 0.000, valid nll 0.251
  [diag] log10|dL/dh_t| hist bins=60 range=(-12.50,-11.50) mean=-12.00 p50=-12.00 p05=-12.00 p95=-12.00
  [diag] sat-dist hist bins=60 sat<0.05=0.0% mean=0.627 p10=0.540 p90=0.676
Iter 0021760: train nll 0.283, valid error 100.000%, best valid error 100.000%, avg grad norm  42.983, avg grad norm (post clip)   0.053, rho_Whh  1.12, Omega  0.00, alpha  0.000, steps in the past 0.000, valid nll 0.251
  [diag] log10|dL/dh_t| hist bins=60 range=(-12.50,-11.50) mean=-12.00 p50=-12.00 p05=-12.00 p95=-12.00
  [diag] sat-dist hist bins=60 sat<0.05=0.0% mean=0.627 p10=0.540 p90=0.676
Iter 0021780: train nll 0.297, valid error 100.000%, best valid error 100.000%, avg grad norm  44.477, avg grad norm (post clip)   0.053, rho_Whh  1.12, Omega  0.00, alpha  0.000, steps in the past 0.000, valid nll 0.251
  [diag] log10|dL/dh_t| hist bins=60 range=(-12.50,-11.50) mean=-12.00 p50=-12.00 p05=-12.00 p95=-12.00
  [diag] sat-dist hist bins=60 sat<0.05=0.0% mean=0.604 p10=0.534 p90=0.674
Iter 0021800: train nll 0.275, valid error 100.000%, best valid error 100.000%, avg grad norm  43.530, avg grad norm (post clip)   0.053, rho_Whh  1.12, Omega  0.00, alpha  0.000, steps in the past 0.000, valid nll 0.227
  [diag] log10|dL/dh_t| hist bins=60 range=(-12.50,-11.50) mean=-12.00 p50=-12.00 p05=-12.00 p95=-12.00
  [diag] sat-dist hist bins=60 sat<0.05=0.0% mean=0.628 p10=0.540 p90=0.677
Iter 0021820: train nll 0.317, valid error 100.000%, best valid error 100.000%, avg grad norm  45.522, avg grad norm (post clip)   0.053, rho_Whh  1.12, Omega  0.00, alpha  0.000, steps in the past 0.000, valid nll 0.253
  [diag] log10|dL/dh_t| hist bins=60 range=(-12.50,-11.50) mean=-12.00 p50=-12.00 p05=-12.00 p95=-12.00
  [diag] sat-dist hist bins=60 sat<0.05=0.0% mean=0.626 p10=0.539 p90=0.677
Iter 0021840: train nll 0.313, valid error 100.000%, best valid error 100.000%, avg grad norm  36.861, avg grad norm (post clip)   0.053, rho_Whh  1.12, Omega  0.00, alpha  0.000, steps in the past 0.000, valid nll 0.248
  [diag] log10|dL/dh_t| hist bins=60 range=(-12.50,-11.50) mean=-12.00 p50=-12.00 p05=-12.00 p95=-12.00
  [diag] sat-dist hist bins=60 sat<0.05=0.0% mean=0.597 p10=0.533 p90=0.670
Iter 0021860: train nll 0.267, valid error 100.000%, best valid error 100.000%, avg grad norm  37.762, avg grad norm (post clip)   0.053, rho_Whh  1.12, Omega  0.00, alpha  0.000, steps in the past 0.000, valid nll 0.226
  [diag] log10|dL/dh_t| hist bins=60 range=(-12.50,-11.50) mean=-12.00 p50=-12.00 p05=-12.00 p95=-12.00
  [diag] sat-dist hist bins=60 sat<0.05=0.0% mean=0.597 p10=0.533 p90=0.670
Iter 0021880: train nll 0.286, valid error 100.000%, best valid error 100.000%, avg grad norm  46.784, avg grad norm (post clip)   0.053, rho_Whh  1.12, Omega  0.00, alpha  0.000, steps in the past 0.000, valid nll 0.226
  [diag] log10|dL/dh_t| hist bins=60 range=(-12.50,-11.50) mean=-12.00 p50=-12.00 p05=-12.00 p95=-12.00
  [diag] sat-dist hist bins=60 sat<0.05=0.0% mean=0.628 p10=0.540 p90=0.677
Iter 0021900: train nll 0.315, valid error 100.000%, best valid error 100.000%, avg grad norm  35.162, avg grad norm (post clip)   0.053, rho_Whh  1.12, Omega  0.00, alpha  0.000, steps in the past 0.000, valid nll 0.253
  [diag] log10|dL/dh_t| hist bins=60 range=(-12.50,-11.50) mean=-12.00 p50=-12.00 p05=-12.00 p95=-12.00
  [diag] sat-dist hist bins=60 sat<0.05=0.0% mean=0.628 p10=0.540 p90=0.677
Iter 0021920: train nll 0.274, valid error 100.000%, best valid error 100.000%, avg grad norm  49.783, avg grad norm (post clip)   0.053, rho_Whh  1.12, Omega  0.00, alpha  0.000, steps in the past 0.000, valid nll 0.253
  [diag] log10|dL/dh_t| hist bins=60 range=(-12.50,-11.50) mean=-12.00 p50=-12.00 p05=-12.00 p95=-12.00
  [diag] sat-dist hist bins=60 sat<0.05=0.0% mean=0.640 p10=0.546 p90=0.679
Iter 0021940: train nll 0.323, valid error 100.000%, best valid error 100.000%, avg grad norm  35.957, avg grad norm (post clip)   0.053, rho_Whh  1.12, Omega  0.00, alpha  0.000, steps in the past 0.000, valid nll 0.285
  [diag] log10|dL/dh_t| hist bins=60 range=(-12.50,-11.50) mean=-12.00 p50=-12.00 p05=-12.00 p95=-12.00
  [diag] sat-dist hist bins=60 sat<0.05=0.0% mean=0.628 p10=0.540 p90=0.677
Iter 0021960: train nll 0.335, valid error 100.000%, best valid error 100.000%, avg grad norm  39.226, avg grad norm (post clip)   0.053, rho_Whh  1.12, Omega  0.00, alpha  0.000, steps in the past 0.000, valid nll 0.253
  [diag] log10|dL/dh_t| hist bins=60 range=(-12.50,-11.50) mean=-12.00 p50=-12.00 p05=-12.00 p95=-12.00
  [diag] sat-dist hist bins=60 sat<0.05=0.0% mean=0.628 p10=0.540 p90=0.677
Iter 0021980: train nll 0.285, valid error 100.000%, best valid error 100.000%, avg grad norm  44.049, avg grad norm (post clip)   0.053, rho_Whh  1.12, Omega  0.00, alpha  0.000, steps in the past 0.000, valid nll 0.253
  [diag] log10|dL/dh_t| hist bins=60 range=(-12.50,-11.50) mean=-12.00 p50=-12.00 p05=-12.00 p95=-12.00
  [diag] sat-dist hist bins=60 sat<0.05=0.0% mean=0.605 p10=0.534 p90=0.674
Iter 0022000: train nll 0.292, valid error 100.000%, best valid error 100.000%, avg grad norm  42.119, avg grad norm (post clip)   0.053, rho_Whh  1.12, Omega  0.00, alpha  0.000, steps in the past 0.000, valid nll 0.227
  [diag] log10|dL/dh_t| hist bins=60 range=(-12.50,-11.50) mean=-12.00 p50=-12.00 p05=-12.00 p95=-12.00
  [diag] sat-dist hist bins=60 sat<0.05=0.0% mean=0.641 p10=0.546 p90=0.679
Iter 0022020: train nll 0.300, valid error 100.000%, best valid error 100.000%, avg grad norm  49.131, avg grad norm (post clip)   0.053, rho_Whh  1.12, Omega  0.00, alpha  0.000, steps in the past 0.000, valid nll 0.285
  [diag] log10|dL/dh_t| hist bins=60 range=(-12.50,-11.50) mean=-12.00 p50=-12.00 p05=-12.00 p95=-12.00
  [diag] sat-dist hist bins=60 sat<0.05=0.0% mean=0.641 p10=0.547 p90=0.679
Iter 0022040: train nll 0.327, valid error 100.000%, best valid error 100.000%, avg grad norm  35.486, avg grad norm (post clip)   0.053, rho_Whh  1.12, Omega  0.00, alpha  0.000, steps in the past 0.000, valid nll 0.285
  [diag] log10|dL/dh_t| hist bins=60 range=(-12.50,-11.50) mean=-12.00 p50=-12.00 p05=-12.00 p95=-12.00
  [diag] sat-dist hist bins=60 sat<0.05=0.0% mean=0.629 p10=0.540 p90=0.677
Iter 0022060: train nll 0.313, valid error 100.000%, best valid error 100.000%, avg grad norm  38.219, avg grad norm (post clip)   0.053, rho_Whh  1.12, Omega  0.00, alpha  0.000, steps in the past 0.000, valid nll 0.253
  [diag] log10|dL/dh_t| hist bins=60 range=(-12.50,-11.50) mean=-12.00 p50=-12.00 p05=-12.00 p95=-12.00
  [diag] sat-dist hist bins=60 sat<0.05=0.0% mean=0.629 p10=0.541 p90=0.677
Iter 0022080: train nll 0.301, valid error 100.000%, best valid error 100.000%, avg grad norm  40.489, avg grad norm (post clip)   0.053, rho_Whh  1.12, Omega  0.00, alpha  0.000, steps in the past 0.000, valid nll 0.253
  [diag] log10|dL/dh_t| hist bins=60 range=(-12.50,-11.50) mean=-12.00 p50=-12.00 p05=-12.00 p95=-12.00
  [diag] sat-dist hist bins=60 sat<0.05=0.0% mean=0.629 p10=0.541 p90=0.676
Iter 0022100: train nll 0.303, valid error 100.000%, best valid error 100.000%, avg grad norm  45.672, avg grad norm (post clip)   0.053, rho_Whh  1.12, Omega  0.00, alpha  0.000, steps in the past 0.000, valid nll 0.253
  [diag] log10|dL/dh_t| hist bins=60 range=(-12.50,-11.50) mean=-12.00 p50=-12.00 p05=-12.00 p95=-12.00
  [diag] sat-dist hist bins=60 sat<0.05=0.0% mean=0.606 p10=0.535 p90=0.674
Iter 0022120: train nll 0.251, valid error 100.000%, best valid error 100.000%, avg grad norm  43.293, avg grad norm (post clip)   0.053, rho_Whh  1.12, Omega  0.00, alpha  0.000, steps in the past 0.000, valid nll 0.227
  [diag] log10|dL/dh_t| hist bins=60 range=(-12.50,-11.50) mean=-12.00 p50=-12.00 p05=-12.00 p95=-12.00
  [diag] sat-dist hist bins=60 sat<0.05=0.0% mean=0.638 p10=0.545 p90=0.678
Iter 0022140: train nll 0.294, valid error 100.000%, best valid error 100.000%, avg grad norm  45.402, avg grad norm (post clip)   0.053, rho_Whh  1.12, Omega  0.00, alpha  0.000, steps in the past 0.000, valid nll 0.278
  [diag] log10|dL/dh_t| hist bins=60 range=(-12.50,-11.50) mean=-12.00 p50=-12.00 p05=-12.00 p95=-12.00
  [diag] sat-dist hist bins=60 sat<0.05=0.0% mean=0.582 p10=0.532 p90=0.634
Iter 0022160: train nll 0.286, valid error 100.000%, best valid error 100.000%, avg grad norm  43.650, avg grad norm (post clip)   0.053, rho_Whh  1.12, Omega  0.00, alpha  0.000, steps in the past 0.000, valid nll 0.234
  [diag] log10|dL/dh_t| hist bins=60 range=(-12.50,-11.50) mean=-12.00 p50=-12.00 p05=-12.00 p95=-12.00
  [diag] sat-dist hist bins=60 sat<0.05=0.0% mean=0.621 p10=0.538 p90=0.676
Iter 0022180: train nll 0.285, valid error 100.000%, best valid error 100.000%, avg grad norm  46.100, avg grad norm (post clip)   0.053, rho_Whh  1.12, Omega  0.00, alpha  0.000, steps in the past 0.000, valid nll 0.240
  [diag] log10|dL/dh_t| hist bins=60 range=(-12.50,-11.50) mean=-12.00 p50=-12.00 p05=-12.00 p95=-12.00
  [diag] sat-dist hist bins=60 sat<0.05=0.0% mean=0.621 p10=0.538 p90=0.676
Iter 0022200: train nll 0.256, valid error 100.000%, best valid error 100.000%, avg grad norm  48.644, avg grad norm (post clip)   0.053, rho_Whh  1.12, Omega  0.00, alpha  0.000, steps in the past 0.000, valid nll 0.239
  [diag] log10|dL/dh_t| hist bins=60 range=(-12.50,-11.50) mean=-12.00 p50=-12.00 p05=-12.00 p95=-12.00
  [diag] sat-dist hist bins=60 sat<0.05=0.0% mean=0.621 p10=0.538 p90=0.676
Iter 0022220: train nll 0.282, valid error 100.000%, best valid error 100.000%, avg grad norm  41.602, avg grad norm (post clip)   0.053, rho_Whh  1.12, Omega  0.00, alpha  0.000, steps in the past 0.000, valid nll 0.240
  [diag] log10|dL/dh_t| hist bins=60 range=(-12.50,-11.50) mean=-12.00 p50=-12.00 p05=-12.00 p95=-12.00
  [diag] sat-dist hist bins=60 sat<0.05=0.0% mean=0.621 p10=0.538 p90=0.676
Iter 0022240: train nll 0.276, valid error 100.000%, best valid error 100.000%, avg grad norm  48.503, avg grad norm (post clip)   0.053, rho_Whh  1.12, Omega  0.00, alpha  0.000, steps in the past 0.000, valid nll 0.240
  [diag] log10|dL/dh_t| hist bins=60 range=(-12.50,-11.50) mean=-12.00 p50=-12.00 p05=-12.00 p95=-12.00
  [diag] sat-dist hist bins=60 sat<0.05=0.0% mean=0.621 p10=0.538 p90=0.676
Iter 0022260: train nll 0.282, valid error 100.000%, best valid error 100.000%, avg grad norm  40.404, avg grad norm (post clip)   0.053, rho_Whh  1.12, Omega  0.00, alpha  0.000, steps in the past 0.000, valid nll 0.240
  [diag] log10|dL/dh_t| hist bins=60 range=(-12.50,-11.50) mean=-12.00 p50=-12.00 p05=-12.00 p95=-12.00
  [diag] sat-dist hist bins=60 sat<0.05=0.0% mean=0.584 p10=0.532 p90=0.638
Iter 0022280: train nll 0.275, valid error 100.000%, best valid error 100.000%, avg grad norm  44.330, avg grad norm (post clip)   0.053, rho_Whh  1.12, Omega  0.00, alpha  0.000, steps in the past 0.000, valid nll 0.232
  [diag] log10|dL/dh_t| hist bins=60 range=(-12.50,-11.50) mean=-12.00 p50=-12.00 p05=-12.00 p95=-12.00
  [diag] sat-dist hist bins=60 sat<0.05=0.0% mean=0.592 p10=0.533 p90=0.661
Iter 0022300: train nll 0.301, valid error 100.000%, best valid error 100.000%, avg grad norm  42.230, avg grad norm (post clip)   0.053, rho_Whh  1.12, Omega  0.00, alpha  0.000, steps in the past 0.000, valid nll 0.226
  [diag] log10|dL/dh_t| hist bins=60 range=(-12.50,-11.50) mean=-12.00 p50=-12.00 p05=-12.00 p95=-12.00
  [diag] sat-dist hist bins=60 sat<0.05=0.0% mean=0.638 p10=0.544 p90=0.679
Iter 0022320: train nll 0.279, valid error 100.000%, best valid error 100.000%, avg grad norm  47.744, avg grad norm (post clip)   0.053, rho_Whh  1.13, Omega  0.00, alpha  0.000, steps in the past 0.000, valid nll 0.277
  [diag] log10|dL/dh_t| hist bins=60 range=(-12.50,-11.50) mean=-12.00 p50=-12.00 p05=-12.00 p95=-12.00
  [diag] sat-dist hist bins=60 sat<0.05=0.0% mean=0.629 p10=0.540 p90=0.678
Iter 0022340: train nll 0.310, valid error 100.000%, best valid error 100.000%, avg grad norm  36.754, avg grad norm (post clip)   0.053, rho_Whh  1.12, Omega  0.00, alpha  0.000, steps in the past 0.000, valid nll 0.253
  [diag] log10|dL/dh_t| hist bins=60 range=(-12.50,-11.50) mean=-12.00 p50=-12.00 p05=-12.00 p95=-12.00
  [diag] sat-dist hist bins=60 sat<0.05=0.0% mean=0.604 p10=0.534 p90=0.675
Iter 0022360: train nll 0.283, valid error 100.000%, best valid error 100.000%, avg grad norm  42.764, avg grad norm (post clip)   0.053, rho_Whh  1.12, Omega  0.00, alpha  0.000, steps in the past 0.000, valid nll 0.226
  [diag] log10|dL/dh_t| hist bins=60 range=(-12.50,-11.50) mean=-12.00 p50=-12.00 p05=-12.00 p95=-12.00
  [diag] sat-dist hist bins=60 sat<0.05=0.0% mean=0.604 p10=0.534 p90=0.675
Iter 0022380: train nll 0.260, valid error 100.000%, best valid error 100.000%, avg grad norm  46.426, avg grad norm (post clip)   0.053, rho_Whh  1.12, Omega  0.00, alpha  0.000, steps in the past 0.000, valid nll 0.226
  [diag] log10|dL/dh_t| hist bins=60 range=(-12.50,-11.50) mean=-12.00 p50=-12.00 p05=-12.00 p95=-12.00
  [diag] sat-dist hist bins=60 sat<0.05=0.0% mean=0.604 p10=0.534 p90=0.675
Iter 0022400: train nll 0.294, valid error 100.000%, best valid error 100.000%, avg grad norm  43.011, avg grad norm (post clip)   0.053, rho_Whh  1.12, Omega  0.00, alpha  0.000, steps in the past 0.000, valid nll 0.226
  [diag] log10|dL/dh_t| hist bins=60 range=(-12.50,-11.50) mean=-12.00 p50=-12.00 p05=-12.00 p95=-12.00
  [diag] sat-dist hist bins=60 sat<0.05=0.0% mean=0.629 p10=0.540 p90=0.678
Iter 0022420: train nll 0.308, valid error 100.000%, best valid error 100.000%, avg grad norm  44.037, avg grad norm (post clip)   0.053, rho_Whh  1.12, Omega  0.00, alpha  0.000, steps in the past 0.000, valid nll 0.253
  [diag] log10|dL/dh_t| hist bins=60 range=(-12.50,-11.50) mean=-12.00 p50=-12.00 p05=-12.00 p95=-12.00
  [diag] sat-dist hist bins=60 sat<0.05=0.0% mean=0.629 p10=0.540 p90=0.677
Iter 0022440: train nll 0.300, valid error 100.000%, best valid error 100.000%, avg grad norm  44.308, avg grad norm (post clip)   0.053, rho_Whh  1.12, Omega  0.00, alpha  0.000, steps in the past 0.000, valid nll 0.253
  [diag] log10|dL/dh_t| hist bins=60 range=(-12.50,-11.50) mean=-12.00 p50=-12.00 p05=-12.00 p95=-12.00
  [diag] sat-dist hist bins=60 sat<0.05=0.0% mean=0.604 p10=0.534 p90=0.675
Iter 0022460: train nll 0.275, valid error 100.000%, best valid error 100.000%, avg grad norm  44.729, avg grad norm (post clip)   0.053, rho_Whh  1.12, Omega  0.00, alpha  0.000, steps in the past 0.000, valid nll 0.226
  [diag] log10|dL/dh_t| hist bins=60 range=(-12.50,-11.50) mean=-12.00 p50=-12.00 p05=-12.00 p95=-12.00
  [diag] sat-dist hist bins=60 sat<0.05=0.0% mean=0.641 p10=0.546 p90=0.679
Iter 0022480: train nll 0.330, valid error 100.000%, best valid error 100.000%, avg grad norm  42.642, avg grad norm (post clip)   0.053, rho_Whh  1.13, Omega  0.00, alpha  0.000, steps in the past 0.000, valid nll 0.285
  [diag] log10|dL/dh_t| hist bins=60 range=(-12.50,-11.50) mean=-12.00 p50=-12.00 p05=-12.00 p95=-12.00
  [diag] sat-dist hist bins=60 sat<0.05=0.0% mean=0.604 p10=0.534 p90=0.675
Iter 0022500: train nll 0.294, valid error 100.000%, best valid error 100.000%, avg grad norm  43.802, avg grad norm (post clip)   0.053, rho_Whh  1.12, Omega  0.00, alpha  0.000, steps in the past 0.000, valid nll 0.226
  [diag] log10|dL/dh_t| hist bins=60 range=(-12.50,-11.50) mean=-12.00 p50=-12.00 p05=-12.00 p95=-12.00
  [diag] sat-dist hist bins=60 sat<0.05=0.0% mean=0.604 p10=0.534 p90=0.675
Iter 0022520: train nll 0.303, valid error 100.000%, best valid error 100.000%, avg grad norm  43.842, avg grad norm (post clip)   0.053, rho_Whh  1.12, Omega  0.00, alpha  0.000, steps in the past 0.000, valid nll 0.226
  [diag] log10|dL/dh_t| hist bins=60 range=(-12.50,-11.50) mean=-12.00 p50=-12.00 p05=-12.00 p95=-12.00
  [diag] sat-dist hist bins=60 sat<0.05=0.0% mean=0.628 p10=0.540 p90=0.677
Iter 0022540: train nll 0.272, valid error 100.000%, best valid error 100.000%, avg grad norm  44.977, avg grad norm (post clip)   0.053, rho_Whh  1.12, Omega  0.00, alpha  0.000, steps in the past 0.000, valid nll 0.252
  [diag] log10|dL/dh_t| hist bins=60 range=(-12.50,-11.50) mean=-12.00 p50=-12.00 p05=-12.00 p95=-12.00
  [diag] sat-dist hist bins=60 sat<0.05=0.0% mean=0.604 p10=0.534 p90=0.675
Iter 0022560: train nll 0.321, valid error 100.000%, best valid error 100.000%, avg grad norm  38.210, avg grad norm (post clip)   0.053, rho_Whh  1.12, Omega  0.00, alpha  0.000, steps in the past 0.000, valid nll 0.226
  [diag] log10|dL/dh_t| hist bins=60 range=(-12.50,-11.50) mean=-12.00 p50=-12.00 p05=-12.00 p95=-12.00
  [diag] sat-dist hist bins=60 sat<0.05=0.0% mean=0.605 p10=0.534 p90=0.675
Iter 0022580: train nll 0.281, valid error 100.000%, best valid error 100.000%, avg grad norm  43.237, avg grad norm (post clip)   0.053, rho_Whh  1.12, Omega  0.00, alpha  0.000, steps in the past 0.000, valid nll 0.226
  [diag] log10|dL/dh_t| hist bins=60 range=(-12.50,-11.50) mean=-12.00 p50=-12.00 p05=-12.00 p95=-12.00
  [diag] sat-dist hist bins=60 sat<0.05=0.0% mean=0.599 p10=0.533 p90=0.672
Iter 0022600: train nll 0.305, valid error 100.000%, best valid error 100.000%, avg grad norm  45.379, avg grad norm (post clip)   0.053, rho_Whh  1.12, Omega  0.00, alpha  0.000, steps in the past 0.000, valid nll 0.225
  [diag] log10|dL/dh_t| hist bins=60 range=(-12.50,-11.50) mean=-12.00 p50=-12.00 p05=-12.00 p95=-12.00
  [diag] sat-dist hist bins=60 sat<0.05=0.0% mean=0.629 p10=0.540 p90=0.678
Iter 0022620: train nll 0.292, valid error 100.000%, best valid error 100.000%, avg grad norm  46.090, avg grad norm (post clip)   0.053, rho_Whh  1.12, Omega  0.00, alpha  0.000, steps in the past 0.000, valid nll 0.253
  [diag] log10|dL/dh_t| hist bins=60 range=(-12.50,-11.50) mean=-12.00 p50=-12.00 p05=-12.00 p95=-12.00
  [diag] sat-dist hist bins=60 sat<0.05=0.0% mean=0.624 p10=0.538 p90=0.678
Iter 0022640: train nll 0.294, valid error 100.000%, best valid error 100.000%, avg grad norm  37.615, avg grad norm (post clip)   0.053, rho_Whh  1.13, Omega  0.00, alpha  0.000, steps in the past 0.000, valid nll 0.244
  [diag] log10|dL/dh_t| hist bins=60 range=(-12.50,-11.50) mean=-12.00 p50=-12.00 p05=-12.00 p95=-12.00
  [diag] sat-dist hist bins=60 sat<0.05=0.0% mean=0.624 p10=0.538 p90=0.677
Iter 0022660: train nll 0.322, valid error 100.000%, best valid error 100.000%, avg grad norm  40.418, avg grad norm (post clip)   0.053, rho_Whh  1.13, Omega  0.00, alpha  0.000, steps in the past 0.000, valid nll 0.244
  [diag] log10|dL/dh_t| hist bins=60 range=(-12.50,-11.50) mean=-12.00 p50=-12.00 p05=-12.00 p95=-12.00
  [diag] sat-dist hist bins=60 sat<0.05=0.0% mean=0.622 p10=0.537 p90=0.677
Iter 0022680: train nll 0.286, valid error 100.000%, best valid error 100.000%, avg grad norm  40.757, avg grad norm (post clip)   0.053, rho_Whh  1.13, Omega  0.00, alpha  0.000, steps in the past 0.000, valid nll 0.242
  [diag] log10|dL/dh_t| hist bins=60 range=(-12.50,-11.50) mean=-12.00 p50=-12.00 p05=-12.00 p95=-12.00
  [diag] sat-dist hist bins=60 sat<0.05=0.0% mean=0.608 p10=0.534 p90=0.677
Iter 0022700: train nll 0.321, valid error 100.000%, best valid error 100.000%, avg grad norm  42.633, avg grad norm (post clip)   0.053, rho_Whh  1.13, Omega  0.00, alpha  0.000, steps in the past 0.000, valid nll 0.228
  [diag] log10|dL/dh_t| hist bins=60 range=(-12.50,-11.50) mean=-12.00 p50=-12.00 p05=-12.00 p95=-12.00
  [diag] sat-dist hist bins=60 sat<0.05=0.0% mean=0.609 p10=0.534 p90=0.677
Iter 0022720: train nll 0.281, valid error 100.000%, best valid error 100.000%, avg grad norm  49.516, avg grad norm (post clip)   0.053, rho_Whh  1.13, Omega  0.00, alpha  0.000, steps in the past 0.000, valid nll 0.228
  [diag] log10|dL/dh_t| hist bins=60 range=(-12.50,-11.50) mean=-12.00 p50=-12.00 p05=-12.00 p95=-12.00
  [diag] sat-dist hist bins=60 sat<0.05=0.0% mean=0.630 p10=0.539 p90=0.679
Iter 0022740: train nll 0.313, valid error 100.000%, best valid error 100.000%, avg grad norm  38.775, avg grad norm (post clip)   0.053, rho_Whh  1.13, Omega  0.00, alpha  0.000, steps in the past 0.000, valid nll 0.256
  [diag] log10|dL/dh_t| hist bins=60 range=(-12.50,-11.50) mean=-12.00 p50=-12.00 p05=-12.00 p95=-12.00
  [diag] sat-dist hist bins=60 sat<0.05=0.0% mean=0.630 p10=0.539 p90=0.679
Iter 0022760: train nll 0.311, valid error 100.000%, best valid error 100.000%, avg grad norm  45.227, avg grad norm (post clip)   0.053, rho_Whh  1.13, Omega  0.00, alpha  0.000, steps in the past 0.000, valid nll 0.257
  [diag] log10|dL/dh_t| hist bins=60 range=(-12.50,-11.50) mean=-12.00 p50=-12.00 p05=-12.00 p95=-12.00
  [diag] sat-dist hist bins=60 sat<0.05=0.0% mean=0.630 p10=0.539 p90=0.679
Iter 0022780: train nll 0.257, valid error 100.000%, best valid error 100.000%, avg grad norm  55.631, avg grad norm (post clip)   0.053, rho_Whh  1.13, Omega  0.00, alpha  0.000, steps in the past 0.000, valid nll 0.257
  [diag] log10|dL/dh_t| hist bins=60 range=(-12.50,-11.50) mean=-12.00 p50=-12.00 p05=-12.00 p95=-12.00
  [diag] sat-dist hist bins=60 sat<0.05=0.0% mean=0.607 p10=0.534 p90=0.677
Iter 0022800: train nll 0.266, valid error 100.000%, best valid error 100.000%, avg grad norm  50.673, avg grad norm (post clip)   0.053, rho_Whh  1.13, Omega  0.00, alpha  0.000, steps in the past 0.000, valid nll 0.227
  [diag] log10|dL/dh_t| hist bins=60 range=(-12.50,-11.50) mean=-12.00 p50=-12.00 p05=-12.00 p95=-12.00
  [diag] sat-dist hist bins=60 sat<0.05=0.0% mean=0.627 p10=0.538 p90=0.679
Iter 0022820: train nll 0.315, valid error 100.000%, best valid error 100.000%, avg grad norm  44.155, avg grad norm (post clip)   0.053, rho_Whh  1.13, Omega  0.00, alpha  0.000, steps in the past 0.000, valid nll 0.250
  [diag] log10|dL/dh_t| hist bins=60 range=(-12.50,-11.50) mean=-12.00 p50=-12.00 p05=-12.00 p95=-12.00
  [diag] sat-dist hist bins=60 sat<0.05=0.0% mean=0.627 p10=0.538 p90=0.679
Iter 0022840: train nll 0.307, valid error 100.000%, best valid error 100.000%, avg grad norm  50.467, avg grad norm (post clip)   0.053, rho_Whh  1.13, Omega  0.00, alpha  0.000, steps in the past 0.000, valid nll 0.250
  [diag] log10|dL/dh_t| hist bins=60 range=(-12.50,-11.50) mean=-12.00 p50=-12.00 p05=-12.00 p95=-12.00
  [diag] sat-dist hist bins=60 sat<0.05=0.0% mean=0.627 p10=0.538 p90=0.679
Iter 0022860: train nll 0.291, valid error 100.000%, best valid error 100.000%, avg grad norm  53.155, avg grad norm (post clip)   0.053, rho_Whh  1.13, Omega  0.00, alpha  0.000, steps in the past 0.000, valid nll 0.250
  [diag] log10|dL/dh_t| hist bins=60 range=(-12.50,-11.50) mean=-12.00 p50=-12.00 p05=-12.00 p95=-12.00
  [diag] sat-dist hist bins=60 sat<0.05=0.0% mean=0.629 p10=0.538 p90=0.679
Iter 0022880: train nll 0.289, valid error 100.000%, best valid error 100.000%, avg grad norm  42.194, avg grad norm (post clip)   0.053, rho_Whh  1.13, Omega  0.00, alpha  0.000, steps in the past 0.000, valid nll 0.253
  [diag] log10|dL/dh_t| hist bins=60 range=(-12.50,-11.50) mean=-12.00 p50=-12.00 p05=-12.00 p95=-12.00
  [diag] sat-dist hist bins=60 sat<0.05=0.0% mean=0.625 p10=0.537 p90=0.679
Iter 0022900: train nll 0.315, valid error 100.000%, best valid error 100.000%, avg grad norm  43.718, avg grad norm (post clip)   0.053, rho_Whh  1.13, Omega  0.00, alpha  0.000, steps in the past 0.000, valid nll 0.246
  [diag] log10|dL/dh_t| hist bins=60 range=(-12.50,-11.50) mean=-12.00 p50=-12.00 p05=-12.00 p95=-12.00
  [diag] sat-dist hist bins=60 sat<0.05=0.0% mean=0.625 p10=0.537 p90=0.679
Iter 0022920: train nll 0.304, valid error 100.000%, best valid error 100.000%, avg grad norm  48.021, avg grad norm (post clip)   0.053, rho_Whh  1.13, Omega  0.00, alpha  0.000, steps in the past 0.000, valid nll 0.246
  [diag] log10|dL/dh_t| hist bins=60 range=(-12.50,-11.50) mean=-12.00 p50=-12.00 p05=-12.00 p95=-12.00
  [diag] sat-dist hist bins=60 sat<0.05=0.0% mean=0.625 p10=0.537 p90=0.679
Iter 0022940: train nll 0.327, valid error 100.000%, best valid error 100.000%, avg grad norm  39.951, avg grad norm (post clip)   0.053, rho_Whh  1.13, Omega  0.00, alpha  0.000, steps in the past 0.000, valid nll 0.246
  [diag] log10|dL/dh_t| hist bins=60 range=(-12.50,-11.50) mean=-12.00 p50=-12.00 p05=-12.00 p95=-12.00
  [diag] sat-dist hist bins=60 sat<0.05=0.0% mean=0.625 p10=0.537 p90=0.679
Iter 0022960: train nll 0.330, valid error 100.000%, best valid error 100.000%, avg grad norm  41.402, avg grad norm (post clip)   0.053, rho_Whh  1.13, Omega  0.00, alpha  0.000, steps in the past 0.000, valid nll 0.246
  [diag] log10|dL/dh_t| hist bins=60 range=(-12.50,-11.50) mean=-12.00 p50=-12.00 p05=-12.00 p95=-12.00
  [diag] sat-dist hist bins=60 sat<0.05=0.0% mean=0.625 p10=0.537 p90=0.679
Iter 0022980: train nll 0.320, valid error 100.000%, best valid error 100.000%, avg grad norm  39.621, avg grad norm (post clip)   0.053, rho_Whh  1.13, Omega  0.00, alpha  0.000, steps in the past 0.000, valid nll 0.246
  [diag] log10|dL/dh_t| hist bins=60 range=(-12.50,-11.50) mean=-12.00 p50=-12.00 p05=-12.00 p95=-12.00
  [diag] sat-dist hist bins=60 sat<0.05=0.0% mean=0.593 p10=0.532 p90=0.666
Iter 0023000: train nll 0.301, valid error 100.000%, best valid error 100.000%, avg grad norm  44.348, avg grad norm (post clip)   0.053, rho_Whh  1.13, Omega  0.00, alpha  0.000, steps in the past 0.000, valid nll 0.225
  [diag] log10|dL/dh_t| hist bins=60 range=(-12.50,-11.50) mean=-12.00 p50=-12.00 p05=-12.00 p95=-12.00
  [diag] sat-dist hist bins=60 sat<0.05=0.0% mean=0.593 p10=0.532 p90=0.666
Iter 0023020: train nll 0.276, valid error 100.000%, best valid error 100.000%, avg grad norm  43.965, avg grad norm (post clip)   0.053, rho_Whh  1.13, Omega  0.00, alpha  0.000, steps in the past 0.000, valid nll 0.225
  [diag] log10|dL/dh_t| hist bins=60 range=(-12.50,-11.50) mean=-12.00 p50=-12.00 p05=-12.00 p95=-12.00
  [diag] sat-dist hist bins=60 sat<0.05=0.0% mean=0.625 p10=0.538 p90=0.678
Iter 0023040: train nll 0.264, valid error 100.000%, best valid error 100.000%, avg grad norm  55.533, avg grad norm (post clip)   0.053, rho_Whh  1.13, Omega  0.00, alpha  0.000, steps in the past 0.000, valid nll 0.246
  [diag] log10|dL/dh_t| hist bins=60 range=(-12.50,-11.50) mean=-12.00 p50=-12.00 p05=-12.00 p95=-12.00
  [diag] sat-dist hist bins=60 sat<0.05=0.0% mean=0.625 p10=0.538 p90=0.678
Iter 0023060: train nll 0.252, valid error 100.000%, best valid error 100.000%, avg grad norm  57.670, avg grad norm (post clip)   0.053, rho_Whh  1.13, Omega  0.00, alpha  0.000, steps in the past 0.000, valid nll 0.246
  [diag] log10|dL/dh_t| hist bins=60 range=(-12.50,-11.50) mean=-12.00 p50=-12.00 p05=-12.00 p95=-12.00
  [diag] sat-dist hist bins=60 sat<0.05=0.0% mean=0.625 p10=0.538 p90=0.678
Iter 0023080: train nll 0.317, valid error 100.000%, best valid error 100.000%, avg grad norm  45.091, avg grad norm (post clip)   0.053, rho_Whh  1.13, Omega  0.00, alpha  0.000, steps in the past 0.000, valid nll 0.246
  [diag] log10|dL/dh_t| hist bins=60 range=(-12.50,-11.50) mean=-12.00 p50=-12.00 p05=-12.00 p95=-12.00
  [diag] sat-dist hist bins=60 sat<0.05=0.0% mean=0.626 p10=0.538 p90=0.678
Iter 0023100: train nll 0.261, valid error 100.000%, best valid error 100.000%, avg grad norm  50.497, avg grad norm (post clip)   0.053, rho_Whh  1.13, Omega  0.00, alpha  0.000, steps in the past 0.000, valid nll 0.247
  [diag] log10|dL/dh_t| hist bins=60 range=(-12.50,-11.50) mean=-12.00 p50=-12.00 p05=-12.00 p95=-12.00
  [diag] sat-dist hist bins=60 sat<0.05=0.0% mean=0.595 p10=0.532 p90=0.669
Iter 0023120: train nll 0.312, valid error 100.000%, best valid error 100.000%, avg grad norm  41.050, avg grad norm (post clip)   0.053, rho_Whh  1.12, Omega  0.00, alpha  0.000, steps in the past 0.000, valid nll 0.225
  [diag] log10|dL/dh_t| hist bins=60 range=(-12.50,-11.50) mean=-12.00 p50=-12.00 p05=-12.00 p95=-12.00
  [diag] sat-dist hist bins=60 sat<0.05=0.0% mean=0.625 p10=0.538 p90=0.678
Iter 0023140: train nll 0.259, valid error 100.000%, best valid error 100.000%, avg grad norm  51.811, avg grad norm (post clip)   0.053, rho_Whh  1.13, Omega  0.00, alpha  0.000, steps in the past 0.000, valid nll 0.247
  [diag] log10|dL/dh_t| hist bins=60 range=(-12.50,-11.50) mean=-12.00 p50=-12.00 p05=-12.00 p95=-12.00
  [diag] sat-dist hist bins=60 sat<0.05=0.0% mean=0.626 p10=0.538 p90=0.678
Iter 0023160: train nll 0.266, valid error 100.000%, best valid error 100.000%, avg grad norm  52.563, avg grad norm (post clip)   0.053, rho_Whh  1.13, Omega  0.00, alpha  0.000, steps in the past 0.000, valid nll 0.247
  [diag] log10|dL/dh_t| hist bins=60 range=(-12.50,-11.50) mean=-12.00 p50=-12.00 p05=-12.00 p95=-12.00
  [diag] sat-dist hist bins=60 sat<0.05=0.0% mean=0.626 p10=0.538 p90=0.678
Iter 0023180: train nll 0.278, valid error 100.000%, best valid error 100.000%, avg grad norm  43.074, avg grad norm (post clip)   0.053, rho_Whh  1.13, Omega  0.00, alpha  0.000, steps in the past 0.000, valid nll 0.247
  [diag] log10|dL/dh_t| hist bins=60 range=(-12.50,-11.50) mean=-12.00 p50=-12.00 p05=-12.00 p95=-12.00
  [diag] sat-dist hist bins=60 sat<0.05=0.0% mean=0.594 p10=0.532 p90=0.667
Iter 0023200: train nll 0.276, valid error 100.000%, best valid error 100.000%, avg grad norm  41.576, avg grad norm (post clip)   0.053, rho_Whh  1.13, Omega  0.00, alpha  0.000, steps in the past 0.000, valid nll 0.225
  [diag] log10|dL/dh_t| hist bins=60 range=(-12.50,-11.50) mean=-12.00 p50=-12.00 p05=-12.00 p95=-12.00
  [diag] sat-dist hist bins=60 sat<0.05=0.0% mean=0.625 p10=0.538 p90=0.678
Iter 0023220: train nll 0.287, valid error 100.000%, best valid error 100.000%, avg grad norm  46.604, avg grad norm (post clip)   0.053, rho_Whh  1.13, Omega  0.00, alpha  0.000, steps in the past 0.000, valid nll 0.246
  [diag] log10|dL/dh_t| hist bins=60 range=(-12.50,-11.50) mean=-12.00 p50=-12.00 p05=-12.00 p95=-12.00
  [diag] sat-dist hist bins=60 sat<0.05=0.0% mean=0.640 p10=0.544 p90=0.681
Iter 0023240: train nll 0.307, valid error 100.000%, best valid error 100.000%, avg grad norm  41.684, avg grad norm (post clip)   0.053, rho_Whh  1.13, Omega  0.00, alpha  0.000, steps in the past 0.000, valid nll 0.281
  [diag] log10|dL/dh_t| hist bins=60 range=(-12.50,-11.50) mean=-12.00 p50=-12.00 p05=-12.00 p95=-12.00
  [diag] sat-dist hist bins=60 sat<0.05=0.0% mean=0.626 p10=0.538 p90=0.679
Iter 0023260: train nll 0.263, valid error 100.000%, best valid error 100.000%, avg grad norm  49.604, avg grad norm (post clip)   0.053, rho_Whh  1.13, Omega  0.00, alpha  0.000, steps in the past 0.000, valid nll 0.248
  [diag] log10|dL/dh_t| hist bins=60 range=(-12.50,-11.50) mean=-12.00 p50=-12.00 p05=-12.00 p95=-12.00
  [diag] sat-dist hist bins=60 sat<0.05=0.0% mean=0.640 p10=0.544 p90=0.681
Iter 0023280: train nll 0.339, valid error 100.000%, best valid error 100.000%, avg grad norm  38.684, avg grad norm (post clip)   0.053, rho_Whh  1.13, Omega  0.00, alpha  0.000, steps in the past 0.000, valid nll 0.281
  [diag] log10|dL/dh_t| hist bins=60 range=(-12.50,-11.50) mean=-12.00 p50=-12.00 p05=-12.00 p95=-12.00
  [diag] sat-dist hist bins=60 sat<0.05=0.0% mean=0.626 p10=0.538 p90=0.679
Iter 0023300: train nll 0.312, valid error 100.000%, best valid error 100.000%, avg grad norm  39.104, avg grad norm (post clip)   0.053, rho_Whh  1.13, Omega  0.00, alpha  0.000, steps in the past 0.000, valid nll 0.247
  [diag] log10|dL/dh_t| hist bins=60 range=(-12.50,-11.50) mean=-12.00 p50=-12.00 p05=-12.00 p95=-12.00
  [diag] sat-dist hist bins=60 sat<0.05=0.0% mean=0.597 p10=0.532 p90=0.672
Iter 0023320: train nll 0.300, valid error 100.000%, best valid error 100.000%, avg grad norm  38.666, avg grad norm (post clip)   0.053, rho_Whh  1.13, Omega  0.00, alpha  0.000, steps in the past 0.000, valid nll 0.225
  [diag] log10|dL/dh_t| hist bins=60 range=(-12.50,-11.50) mean=-12.00 p50=-12.00 p05=-12.00 p95=-12.00
  [diag] sat-dist hist bins=60 sat<0.05=0.0% mean=0.597 p10=0.532 p90=0.673
Iter 0023340: train nll 0.254, valid error 100.000%, best valid error 100.000%, avg grad norm  52.091, avg grad norm (post clip)   0.053, rho_Whh  1.13, Omega  0.00, alpha  0.000, steps in the past 0.000, valid nll 0.225
  [diag] log10|dL/dh_t| hist bins=60 range=(-12.50,-11.50) mean=-12.00 p50=-12.00 p05=-12.00 p95=-12.00
  [diag] sat-dist hist bins=60 sat<0.05=0.0% mean=0.602 p10=0.533 p90=0.677
Iter 0023360: train nll 0.257, valid error 100.000%, best valid error 100.000%, avg grad norm  41.412, avg grad norm (post clip)   0.053, rho_Whh  1.13, Omega  0.00, alpha  0.000, steps in the past 0.000, valid nll 0.225
  [diag] log10|dL/dh_t| hist bins=60 range=(-12.50,-11.50) mean=-12.00 p50=-12.00 p05=-12.00 p95=-12.00
  [diag] sat-dist hist bins=60 sat<0.05=0.0% mean=0.603 p10=0.533 p90=0.677
Iter 0023380: train nll 0.304, valid error 100.000%, best valid error 100.000%, avg grad norm  45.787, avg grad norm (post clip)   0.053, rho_Whh  1.13, Omega  0.00, alpha  0.000, steps in the past 0.000, valid nll 0.225
  [diag] log10|dL/dh_t| hist bins=60 range=(-12.50,-11.50) mean=-12.00 p50=-12.00 p05=-12.00 p95=-12.00
  [diag] sat-dist hist bins=60 sat<0.05=0.0% mean=0.629 p10=0.539 p90=0.679
Iter 0023400: train nll 0.325, valid error 100.000%, best valid error 100.000%, avg grad norm  45.372, avg grad norm (post clip)   0.053, rho_Whh  1.13, Omega  0.00, alpha  0.000, steps in the past 0.000, valid nll 0.252
  [diag] log10|dL/dh_t| hist bins=60 range=(-12.50,-11.50) mean=-12.00 p50=-12.00 p05=-12.00 p95=-12.00
  [diag] sat-dist hist bins=60 sat<0.05=0.0% mean=0.603 p10=0.533 p90=0.676
Iter 0023420: train nll 0.302, valid error 100.000%, best valid error 100.000%, avg grad norm  47.926, avg grad norm (post clip)   0.053, rho_Whh  1.13, Omega  0.00, alpha  0.000, steps in the past 0.000, valid nll 0.225
  [diag] log10|dL/dh_t| hist bins=60 range=(-12.50,-11.50) mean=-12.00 p50=-12.00 p05=-12.00 p95=-12.00
  [diag] sat-dist hist bins=60 sat<0.05=0.0% mean=0.603 p10=0.533 p90=0.676
Iter 0023440: train nll 0.311, valid error 100.000%, best valid error 100.000%, avg grad norm  44.230, avg grad norm (post clip)   0.053, rho_Whh  1.13, Omega  0.00, alpha  0.000, steps in the past 0.000, valid nll 0.225
  [diag] log10|dL/dh_t| hist bins=60 range=(-12.50,-11.50) mean=-12.00 p50=-12.00 p05=-12.00 p95=-12.00
  [diag] sat-dist hist bins=60 sat<0.05=0.0% mean=0.642 p10=0.545 p90=0.681
Iter 0023460: train nll 0.321, valid error 100.000%, best valid error 100.000%, avg grad norm  42.294, avg grad norm (post clip)   0.053, rho_Whh  1.13, Omega  0.00, alpha  0.000, steps in the past 0.000, valid nll 0.286
  [diag] log10|dL/dh_t| hist bins=60 range=(-12.50,-11.50) mean=-12.00 p50=-12.00 p05=-12.00 p95=-12.00
  [diag] sat-dist hist bins=60 sat<0.05=0.0% mean=0.605 p10=0.534 p90=0.676
Iter 0023480: train nll 0.278, valid error 100.000%, best valid error 100.000%, avg grad norm  49.851, avg grad norm (post clip)   0.053, rho_Whh  1.13, Omega  0.00, alpha  0.000, steps in the past 0.000, valid nll 0.226
  [diag] log10|dL/dh_t| hist bins=60 range=(-12.50,-11.50) mean=-12.00 p50=-12.00 p05=-12.00 p95=-12.00
  [diag] sat-dist hist bins=60 sat<0.05=0.0% mean=0.629 p10=0.539 p90=0.679
Iter 0023500: train nll 0.239, valid error 100.000%, best valid error 100.000%, avg grad norm  51.884, avg grad norm (post clip)   0.053, rho_Whh  1.13, Omega  0.00, alpha  0.000, steps in the past 0.000, valid nll 0.253
  [diag] log10|dL/dh_t| hist bins=60 range=(-12.50,-11.50) mean=-12.00 p50=-12.00 p05=-12.00 p95=-12.00
  [diag] sat-dist hist bins=60 sat<0.05=0.0% mean=0.604 p10=0.534 p90=0.676
Iter 0023520: train nll 0.298, valid error 100.000%, best valid error 100.000%, avg grad norm  48.544, avg grad norm (post clip)   0.053, rho_Whh  1.13, Omega  0.00, alpha  0.000, steps in the past 0.000, valid nll 0.226
  [diag] log10|dL/dh_t| hist bins=60 range=(-12.50,-11.50) mean=-12.00 p50=-12.00 p05=-12.00 p95=-12.00
  [diag] sat-dist hist bins=60 sat<0.05=0.0% mean=0.604 p10=0.533 p90=0.676
Iter 0023540: train nll 0.294, valid error 100.000%, best valid error 100.000%, avg grad norm  44.935, avg grad norm (post clip)   0.053, rho_Whh  1.13, Omega  0.00, alpha  0.000, steps in the past 0.000, valid nll 0.225
  [diag] log10|dL/dh_t| hist bins=60 range=(-12.50,-11.50) mean=-12.00 p50=-12.00 p05=-12.00 p95=-12.00
  [diag] sat-dist hist bins=60 sat<0.05=0.0% mean=0.602 p10=0.533 p90=0.676
Iter 0023560: train nll 0.260, valid error 100.000%, best valid error 100.000%, avg grad norm  55.463, avg grad norm (post clip)   0.053, rho_Whh  1.13, Omega  0.00, alpha  0.000, steps in the past 0.000, valid nll 0.225
  [diag] log10|dL/dh_t| hist bins=60 range=(-12.50,-11.50) mean=-12.00 p50=-12.00 p05=-12.00 p95=-12.00
  [diag] sat-dist hist bins=60 sat<0.05=0.0% mean=0.603 p10=0.533 p90=0.676
Iter 0023580: train nll 0.285, valid error 100.000%, best valid error 100.000%, avg grad norm  49.695, avg grad norm (post clip)   0.053, rho_Whh  1.13, Omega  0.00, alpha  0.000, steps in the past 0.000, valid nll 0.225
  [diag] log10|dL/dh_t| hist bins=60 range=(-12.50,-11.50) mean=-12.00 p50=-12.00 p05=-12.00 p95=-12.00
  [diag] sat-dist hist bins=60 sat<0.05=0.0% mean=0.603 p10=0.533 p90=0.676
Iter 0023600: train nll 0.295, valid error 100.000%, best valid error 100.000%, avg grad norm  43.406, avg grad norm (post clip)   0.053, rho_Whh  1.13, Omega  0.00, alpha  0.000, steps in the past 0.000, valid nll 0.225
  [diag] log10|dL/dh_t| hist bins=60 range=(-12.50,-11.50) mean=-12.00 p50=-12.00 p05=-12.00 p95=-12.00
  [diag] sat-dist hist bins=60 sat<0.05=0.0% mean=0.629 p10=0.539 p90=0.679
Iter 0023620: train nll 0.300, valid error 100.000%, best valid error 100.000%, avg grad norm  42.088, avg grad norm (post clip)   0.053, rho_Whh  1.13, Omega  0.00, alpha  0.000, steps in the past 0.000, valid nll 0.252
  [diag] log10|dL/dh_t| hist bins=60 range=(-12.50,-11.50) mean=-12.00 p50=-12.00 p05=-12.00 p95=-12.00
  [diag] sat-dist hist bins=60 sat<0.05=0.0% mean=0.629 p10=0.539 p90=0.679
Iter 0023640: train nll 0.297, valid error 100.000%, best valid error 100.000%, avg grad norm  48.411, avg grad norm (post clip)   0.053, rho_Whh  1.13, Omega  0.00, alpha  0.000, steps in the past 0.000, valid nll 0.252
  [diag] log10|dL/dh_t| hist bins=60 range=(-12.50,-11.50) mean=-12.00 p50=-12.00 p05=-12.00 p95=-12.00
  [diag] sat-dist hist bins=60 sat<0.05=0.0% mean=0.604 p10=0.534 p90=0.676
Iter 0023660: train nll 0.313, valid error 100.000%, best valid error 100.000%, avg grad norm  44.213, avg grad norm (post clip)   0.053, rho_Whh  1.13, Omega  0.00, alpha  0.000, steps in the past 0.000, valid nll 0.225
  [diag] log10|dL/dh_t| hist bins=60 range=(-12.50,-11.50) mean=-12.00 p50=-12.00 p05=-12.00 p95=-12.00
  [diag] sat-dist hist bins=60 sat<0.05=0.0% mean=0.629 p10=0.539 p90=0.679
Iter 0023680: train nll 0.316, valid error 100.000%, best valid error 100.000%, avg grad norm  39.237, avg grad norm (post clip)   0.053, rho_Whh  1.13, Omega  0.00, alpha  0.000, steps in the past 0.000, valid nll 0.253
  [diag] log10|dL/dh_t| hist bins=60 range=(-12.50,-11.50) mean=-12.00 p50=-12.00 p05=-12.00 p95=-12.00
  [diag] sat-dist hist bins=60 sat<0.05=0.0% mean=0.629 p10=0.539 p90=0.679
Iter 0023700: train nll 0.302, valid error 100.000%, best valid error 100.000%, avg grad norm  36.747, avg grad norm (post clip)   0.053, rho_Whh  1.13, Omega  0.00, alpha  0.000, steps in the past 0.000, valid nll 0.253
  [diag] log10|dL/dh_t| hist bins=60 range=(-12.50,-11.50) mean=-12.00 p50=-12.00 p05=-12.00 p95=-12.00
  [diag] sat-dist hist bins=60 sat<0.05=0.0% mean=0.636 p10=0.542 p90=0.680
Iter 0023720: train nll 0.319, valid error 100.000%, best valid error 100.000%, avg grad norm  34.020, avg grad norm (post clip)   0.053, rho_Whh  1.13, Omega  0.00, alpha  0.000, steps in the past 0.000, valid nll 0.270
  [diag] log10|dL/dh_t| hist bins=60 range=(-12.50,-11.50) mean=-12.00 p50=-12.00 p05=-12.00 p95=-12.00
  [diag] sat-dist hist bins=60 sat<0.05=0.0% mean=0.619 p10=0.536 p90=0.678
Iter 0023740: train nll 0.304, valid error 100.000%, best valid error 100.000%, avg grad norm  46.857, avg grad norm (post clip)   0.053, rho_Whh  1.13, Omega  0.00, alpha  0.000, steps in the past 0.000, valid nll 0.237
  [diag] log10|dL/dh_t| hist bins=60 range=(-12.50,-11.50) mean=-12.00 p50=-12.00 p05=-12.00 p95=-12.00
  [diag] sat-dist hist bins=60 sat<0.05=0.0% mean=0.577 p10=0.531 p90=0.622
Iter 0023760: train nll 0.261, valid error 100.000%, best valid error 100.000%, avg grad norm  58.644, avg grad norm (post clip)   0.053, rho_Whh  1.13, Omega  0.00, alpha  0.000, steps in the past 0.000, valid nll 0.238
  [diag] log10|dL/dh_t| hist bins=60 range=(-12.50,-11.50) mean=-12.00 p50=-12.00 p05=-12.00 p95=-12.00
  [diag] sat-dist hist bins=60 sat<0.05=0.0% mean=0.636 p10=0.542 p90=0.680
Iter 0023780: train nll 0.281, valid error 100.000%, best valid error 100.000%, avg grad norm  47.307, avg grad norm (post clip)   0.053, rho_Whh  1.13, Omega  0.00, alpha  0.000, steps in the past 0.000, valid nll 0.269
  [diag] log10|dL/dh_t| hist bins=60 range=(-12.50,-11.50) mean=-12.00 p50=-12.00 p05=-12.00 p95=-12.00
  [diag] sat-dist hist bins=60 sat<0.05=0.0% mean=0.636 p10=0.542 p90=0.680
Iter 0023800: train nll 0.275, valid error 100.000%, best valid error 100.000%, avg grad norm  53.604, avg grad norm (post clip)   0.053, rho_Whh  1.13, Omega  0.00, alpha  0.000, steps in the past 0.000, valid nll 0.269
  [diag] log10|dL/dh_t| hist bins=60 range=(-12.50,-11.50) mean=-12.00 p50=-12.00 p05=-12.00 p95=-12.00
  [diag] sat-dist hist bins=60 sat<0.05=0.0% mean=0.619 p10=0.536 p90=0.678
Iter 0023820: train nll 0.307, valid error 100.000%, best valid error 100.000%, avg grad norm  42.282, avg grad norm (post clip)   0.053, rho_Whh  1.13, Omega  0.00, alpha  0.000, steps in the past 0.000, valid nll 0.236
  [diag] log10|dL/dh_t| hist bins=60 range=(-12.50,-11.50) mean=-12.00 p50=-12.00 p05=-12.00 p95=-12.00
  [diag] sat-dist hist bins=60 sat<0.05=0.0% mean=0.633 p10=0.540 p90=0.680
Iter 0023840: train nll 0.320, valid error 100.000%, best valid error 100.000%, avg grad norm  33.080, avg grad norm (post clip)   0.053, rho_Whh  1.13, Omega  0.00, alpha  0.000, steps in the past 0.000, valid nll 0.261
  [diag] log10|dL/dh_t| hist bins=60 range=(-12.50,-11.50) mean=-12.00 p50=-12.00 p05=-12.00 p95=-12.00
  [diag] sat-dist hist bins=60 sat<0.05=0.0% mean=0.633 p10=0.540 p90=0.680
Iter 0023860: train nll 0.333, valid error 100.000%, best valid error 100.000%, avg grad norm  39.633, avg grad norm (post clip)   0.053, rho_Whh  1.13, Omega  0.00, alpha  0.000, steps in the past 0.000, valid nll 0.261
  [diag] log10|dL/dh_t| hist bins=60 range=(-12.50,-11.50) mean=-12.00 p50=-12.00 p05=-12.00 p95=-12.00
  [diag] sat-dist hist bins=60 sat<0.05=0.0% mean=0.613 p10=0.535 p90=0.677
Iter 0023880: train nll 0.307, valid error 100.000%, best valid error 100.000%, avg grad norm  42.656, avg grad norm (post clip)   0.053, rho_Whh  1.13, Omega  0.00, alpha  0.000, steps in the past 0.000, valid nll 0.230
  [diag] log10|dL/dh_t| hist bins=60 range=(-12.50,-11.50) mean=-12.00 p50=-12.00 p05=-12.00 p95=-12.00
  [diag] sat-dist hist bins=60 sat<0.05=0.0% mean=0.613 p10=0.535 p90=0.677
Iter 0023900: train nll 0.299, valid error 100.000%, best valid error 100.000%, avg grad norm  37.441, avg grad norm (post clip)   0.053, rho_Whh  1.13, Omega  0.00, alpha  0.000, steps in the past 0.000, valid nll 0.230
  [diag] log10|dL/dh_t| hist bins=60 range=(-12.50,-11.50) mean=-12.00 p50=-12.00 p05=-12.00 p95=-12.00
  [diag] sat-dist hist bins=60 sat<0.05=0.0% mean=0.633 p10=0.541 p90=0.680
Iter 0023920: train nll 0.279, valid error 100.000%, best valid error 100.000%, avg grad norm  48.513, avg grad norm (post clip)   0.053, rho_Whh  1.13, Omega  0.00, alpha  0.000, steps in the past 0.000, valid nll 0.261
  [diag] log10|dL/dh_t| hist bins=60 range=(-12.50,-11.50) mean=-12.00 p50=-12.00 p05=-12.00 p95=-12.00
  [diag] sat-dist hist bins=60 sat<0.05=0.0% mean=0.633 p10=0.540 p90=0.680
Iter 0023940: train nll 0.332, valid error 100.000%, best valid error 100.000%, avg grad norm  39.839, avg grad norm (post clip)   0.053, rho_Whh  1.13, Omega  0.00, alpha  0.000, steps in the past 0.000, valid nll 0.260
  [diag] log10|dL/dh_t| hist bins=60 range=(-12.50,-11.50) mean=-12.00 p50=-12.00 p05=-12.00 p95=-12.00
  [diag] sat-dist hist bins=60 sat<0.05=0.0% mean=0.612 p10=0.535 p90=0.677
Iter 0023960: train nll 0.280, valid error 100.000%, best valid error 100.000%, avg grad norm  44.013, avg grad norm (post clip)   0.053, rho_Whh  1.13, Omega  0.00, alpha  0.000, steps in the past 0.000, valid nll 0.229
  [diag] log10|dL/dh_t| hist bins=60 range=(-12.50,-11.50) mean=-12.00 p50=-12.00 p05=-12.00 p95=-12.00
  [diag] sat-dist hist bins=60 sat<0.05=0.0% mean=0.633 p10=0.540 p90=0.680
Iter 0023980: train nll 0.285, valid error 100.000%, best valid error 100.000%, avg grad norm  51.270, avg grad norm (post clip)   0.053, rho_Whh  1.13, Omega  0.00, alpha  0.000, steps in the past 0.000, valid nll 0.260
  [diag] log10|dL/dh_t| hist bins=60 range=(-12.50,-11.50) mean=-12.00 p50=-12.00 p05=-12.00 p95=-12.00
  [diag] sat-dist hist bins=60 sat<0.05=0.0% mean=0.612 p10=0.535 p90=0.677
Iter 0024000: train nll 0.285, valid error 100.000%, best valid error 100.000%, avg grad norm  46.043, avg grad norm (post clip)   0.053, rho_Whh  1.13, Omega  0.00, alpha  0.000, steps in the past 0.000, valid nll 0.229
  [diag] log10|dL/dh_t| hist bins=60 range=(-12.50,-11.50) mean=-12.00 p50=-12.00 p05=-12.00 p95=-12.00
  [diag] sat-dist hist bins=60 sat<0.05=0.0% mean=0.612 p10=0.535 p90=0.677
Iter 0024020: train nll 0.290, valid error 100.000%, best valid error 100.000%, avg grad norm  51.856, avg grad norm (post clip)   0.053, rho_Whh  1.13, Omega  0.00, alpha  0.000, steps in the past 0.000, valid nll 0.229
  [diag] log10|dL/dh_t| hist bins=60 range=(-12.50,-11.50) mean=-12.00 p50=-12.00 p05=-12.00 p95=-12.00
  [diag] sat-dist hist bins=60 sat<0.05=0.0% mean=0.633 p10=0.541 p90=0.679
Iter 0024040: train nll 0.319, valid error 100.000%, best valid error 100.000%, avg grad norm  44.737, avg grad norm (post clip)   0.053, rho_Whh  1.13, Omega  0.00, alpha  0.000, steps in the past 0.000, valid nll 0.259
  [diag] log10|dL/dh_t| hist bins=60 range=(-12.50,-11.50) mean=-12.00 p50=-12.00 p05=-12.00 p95=-12.00
  [diag] sat-dist hist bins=60 sat<0.05=0.0% mean=0.612 p10=0.535 p90=0.677
Iter 0024060: train nll 0.300, valid error 100.000%, best valid error 100.000%, avg grad norm  43.094, avg grad norm (post clip)   0.053, rho_Whh  1.13, Omega  0.00, alpha  0.000, steps in the past 0.000, valid nll 0.229
  [diag] log10|dL/dh_t| hist bins=60 range=(-12.50,-11.50) mean=-12.00 p50=-12.00 p05=-12.00 p95=-12.00
  [diag] sat-dist hist bins=60 sat<0.05=0.0% mean=0.630 p10=0.540 p90=0.679
Iter 0024080: train nll 0.314, valid error 100.000%, best valid error 100.000%, avg grad norm  38.767, avg grad norm (post clip)   0.053, rho_Whh  1.13, Omega  0.00, alpha  0.000, steps in the past 0.000, valid nll 0.254
  [diag] log10|dL/dh_t| hist bins=60 range=(-12.50,-11.50) mean=-12.00 p50=-12.00 p05=-12.00 p95=-12.00
  [diag] sat-dist hist bins=60 sat<0.05=0.0% mean=0.631 p10=0.540 p90=0.679
Iter 0024100: train nll 0.283, valid error 100.000%, best valid error 100.000%, avg grad norm  43.848, avg grad norm (post clip)   0.053, rho_Whh  1.13, Omega  0.00, alpha  0.000, steps in the past 0.000, valid nll 0.255
  [diag] log10|dL/dh_t| hist bins=60 range=(-12.50,-11.50) mean=-12.00 p50=-12.00 p05=-12.00 p95=-12.00
  [diag] sat-dist hist bins=60 sat<0.05=0.0% mean=0.608 p10=0.534 p90=0.676
Iter 0024120: train nll 0.265, valid error 100.000%, best valid error 100.000%, avg grad norm  53.317, avg grad norm (post clip)   0.053, rho_Whh  1.13, Omega  0.00, alpha  0.000, steps in the past 0.000, valid nll 0.227
  [diag] log10|dL/dh_t| hist bins=60 range=(-12.50,-11.50) mean=-12.00 p50=-12.00 p05=-12.00 p95=-12.00
  [diag] sat-dist hist bins=60 sat<0.05=0.0% mean=0.631 p10=0.540 p90=0.679
Iter 0024140: train nll 0.301, valid error 100.000%, best valid error 100.000%, avg grad norm  48.950, avg grad norm (post clip)   0.053, rho_Whh  1.13, Omega  0.00, alpha  0.000, steps in the past 0.000, valid nll 0.254
  [diag] log10|dL/dh_t| hist bins=60 range=(-12.50,-11.50) mean=-12.00 p50=-12.00 p05=-12.00 p95=-12.00
  [diag] sat-dist hist bins=60 sat<0.05=0.0% mean=0.631 p10=0.540 p90=0.679
Iter 0024160: train nll 0.325, valid error 100.000%, best valid error 100.000%, avg grad norm  42.978, avg grad norm (post clip)   0.053, rho_Whh  1.13, Omega  0.00, alpha  0.000, steps in the past 0.000, valid nll 0.254
  [diag] log10|dL/dh_t| hist bins=60 range=(-12.50,-11.50) mean=-12.00 p50=-12.00 p05=-12.00 p95=-12.00
  [diag] sat-dist hist bins=60 sat<0.05=0.0% mean=0.608 p10=0.535 p90=0.676
Iter 0024180: train nll 0.281, valid error 100.000%, best valid error 100.000%, avg grad norm  45.854, avg grad norm (post clip)   0.053, rho_Whh  1.13, Omega  0.00, alpha  0.000, steps in the past 0.000, valid nll 0.226
  [diag] log10|dL/dh_t| hist bins=60 range=(-12.50,-11.50) mean=-12.00 p50=-12.00 p05=-12.00 p95=-12.00
  [diag] sat-dist hist bins=60 sat<0.05=0.0% mean=0.631 p10=0.540 p90=0.679
Iter 0024200: train nll 0.280, valid error 100.000%, best valid error 100.000%, avg grad norm  51.054, avg grad norm (post clip)   0.053, rho_Whh  1.13, Omega  0.00, alpha  0.000, steps in the past 0.000, valid nll 0.254
  [diag] log10|dL/dh_t| hist bins=60 range=(-12.50,-11.50) mean=-12.00 p50=-12.00 p05=-12.00 p95=-12.00
  [diag] sat-dist hist bins=60 sat<0.05=0.0% mean=0.608 p10=0.535 p90=0.676
Iter 0024220: train nll 0.301, valid error 100.000%, best valid error 100.000%, avg grad norm  42.398, avg grad norm (post clip)   0.053, rho_Whh  1.13, Omega  0.00, alpha  0.000, steps in the past 0.000, valid nll 0.226
  [diag] log10|dL/dh_t| hist bins=60 range=(-12.50,-11.50) mean=-12.00 p50=-12.00 p05=-12.00 p95=-12.00
  [diag] sat-dist hist bins=60 sat<0.05=0.0% mean=0.626 p10=0.538 p90=0.678
Iter 0024240: train nll 0.240, valid error 100.000%, best valid error 100.000%, avg grad norm  47.844, avg grad norm (post clip)   0.053, rho_Whh  1.13, Omega  0.00, alpha  0.000, steps in the past 0.000, valid nll 0.245
  [diag] log10|dL/dh_t| hist bins=60 range=(-12.50,-11.50) mean=-12.00 p50=-12.00 p05=-12.00 p95=-12.00
  [diag] sat-dist hist bins=60 sat<0.05=0.0% mean=0.596 p10=0.533 p90=0.669
Iter 0024260: train nll 0.296, valid error 100.000%, best valid error 100.000%, avg grad norm  44.042, avg grad norm (post clip)   0.053, rho_Whh  1.13, Omega  0.00, alpha  0.000, steps in the past 0.000, valid nll 0.224
  [diag] log10|dL/dh_t| hist bins=60 range=(-12.50,-11.50) mean=-12.00 p50=-12.00 p05=-12.00 p95=-12.00
  [diag] sat-dist hist bins=60 sat<0.05=0.0% mean=0.626 p10=0.538 p90=0.678
Iter 0024280: train nll 0.305, valid error 100.000%, best valid error 100.000%, avg grad norm  36.839, avg grad norm (post clip)   0.053, rho_Whh  1.13, Omega  0.00, alpha  0.000, steps in the past 0.000, valid nll 0.245
  [diag] log10|dL/dh_t| hist bins=60 range=(-12.50,-11.50) mean=-12.00 p50=-12.00 p05=-12.00 p95=-12.00
  [diag] sat-dist hist bins=60 sat<0.05=0.0% mean=0.626 p10=0.538 p90=0.678
Iter 0024300: train nll 0.324, valid error 100.000%, best valid error 100.000%, avg grad norm  43.671, avg grad norm (post clip)   0.053, rho_Whh  1.13, Omega  0.00, alpha  0.000, steps in the past 0.000, valid nll 0.245
  [diag] log10|dL/dh_t| hist bins=60 range=(-12.50,-11.50) mean=-12.00 p50=-12.00 p05=-12.00 p95=-12.00
  [diag] sat-dist hist bins=60 sat<0.05=0.0% mean=0.626 p10=0.539 p90=0.678
Iter 0024320: train nll 0.307, valid error 100.000%, best valid error 100.000%, avg grad norm  40.017, avg grad norm (post clip)   0.053, rho_Whh  1.13, Omega  0.00, alpha  0.000, steps in the past 0.000, valid nll 0.245
  [diag] log10|dL/dh_t| hist bins=60 range=(-12.50,-11.50) mean=-12.00 p50=-12.00 p05=-12.00 p95=-12.00
  [diag] sat-dist hist bins=60 sat<0.05=0.0% mean=0.593 p10=0.533 p90=0.664
Iter 0024340: train nll 0.301, valid error 100.000%, best valid error 100.000%, avg grad norm  43.434, avg grad norm (post clip)   0.053, rho_Whh  1.13, Omega  0.00, alpha  0.000, steps in the past 0.000, valid nll 0.225
  [diag] log10|dL/dh_t| hist bins=60 range=(-12.50,-11.50) mean=-12.00 p50=-12.00 p05=-12.00 p95=-12.00
  [diag] sat-dist hist bins=60 sat<0.05=0.0% mean=0.593 p10=0.533 p90=0.663
Iter 0024360: train nll 0.278, valid error 100.000%, best valid error 100.000%, avg grad norm  46.871, avg grad norm (post clip)   0.053, rho_Whh  1.12, Omega  0.00, alpha  0.000, steps in the past 0.000, valid nll 0.225
  [diag] log10|dL/dh_t| hist bins=60 range=(-12.50,-11.50) mean=-12.00 p50=-12.00 p05=-12.00 p95=-12.00
  [diag] sat-dist hist bins=60 sat<0.05=0.0% mean=0.625 p10=0.538 p90=0.678
Iter 0024380: train nll 0.276, valid error 100.000%, best valid error 100.000%, avg grad norm  47.948, avg grad norm (post clip)   0.053, rho_Whh  1.13, Omega  0.00, alpha  0.000, steps in the past 0.000, valid nll 0.243
  [diag] log10|dL/dh_t| hist bins=60 range=(-12.50,-11.50) mean=-12.00 p50=-12.00 p05=-12.00 p95=-12.00
  [diag] sat-dist hist bins=60 sat<0.05=0.0% mean=0.639 p10=0.544 p90=0.680
Iter 0024400: train nll 0.316, valid error 100.000%, best valid error 100.000%, avg grad norm  39.209, avg grad norm (post clip)   0.053, rho_Whh  1.13, Omega  0.00, alpha  0.000, steps in the past 0.000, valid nll 0.275
  [diag] log10|dL/dh_t| hist bins=60 range=(-12.50,-11.50) mean=-12.00 p50=-12.00 p05=-12.00 p95=-12.00
  [diag] sat-dist hist bins=60 sat<0.05=0.0% mean=0.594 p10=0.533 p90=0.663
Iter 0024420: train nll 0.305, valid error 100.000%, best valid error 100.000%, avg grad norm  44.493, avg grad norm (post clip)   0.053, rho_Whh  1.12, Omega  0.00, alpha  0.000, steps in the past 0.000, valid nll 0.225
  [diag] log10|dL/dh_t| hist bins=60 range=(-12.50,-11.50) mean=-12.00 p50=-12.00 p05=-12.00 p95=-12.00
  [diag] sat-dist hist bins=60 sat<0.05=0.0% mean=0.595 p10=0.533 p90=0.666
Iter 0024440: train nll 0.286, valid error 100.000%, best valid error 100.000%, avg grad norm  46.221, avg grad norm (post clip)   0.053, rho_Whh  1.12, Omega  0.00, alpha  0.000, steps in the past 0.000, valid nll 0.225
  [diag] log10|dL/dh_t| hist bins=60 range=(-12.50,-11.50) mean=-12.00 p50=-12.00 p05=-12.00 p95=-12.00
  [diag] sat-dist hist bins=60 sat<0.05=0.0% mean=0.625 p10=0.539 p90=0.678
Iter 0024460: train nll 0.291, valid error 100.000%, best valid error 100.000%, avg grad norm  47.755, avg grad norm (post clip)   0.053, rho_Whh  1.13, Omega  0.00, alpha  0.000, steps in the past 0.000, valid nll 0.244
  [diag] log10|dL/dh_t| hist bins=60 range=(-12.50,-11.50) mean=-12.00 p50=-12.00 p05=-12.00 p95=-12.00
  [diag] sat-dist hist bins=60 sat<0.05=0.0% mean=0.625 p10=0.538 p90=0.678
Iter 0024480: train nll 0.254, valid error 100.000%, best valid error 100.000%, avg grad norm  43.191, avg grad norm (post clip)   0.053, rho_Whh  1.13, Omega  0.00, alpha  0.000, steps in the past 0.000, valid nll 0.244
  [diag] log10|dL/dh_t| hist bins=60 range=(-12.50,-11.50) mean=-12.00 p50=-12.00 p05=-12.00 p95=-12.00
  [diag] sat-dist hist bins=60 sat<0.05=0.0% mean=0.615 p10=0.536 p90=0.677
Iter 0024500: train nll 0.296, valid error 100.000%, best valid error 100.000%, avg grad norm  42.662, avg grad norm (post clip)   0.053, rho_Whh  1.13, Omega  0.00, alpha  0.000, steps in the past 0.000, valid nll 0.231
  [diag] log10|dL/dh_t| hist bins=60 range=(-12.50,-11.50) mean=-12.00 p50=-12.00 p05=-12.00 p95=-12.00
  [diag] sat-dist hist bins=60 sat<0.05=0.0% mean=0.615 p10=0.536 p90=0.677
Iter 0024520: train nll 0.278, valid error 100.000%, best valid error 100.000%, avg grad norm  47.074, avg grad norm (post clip)   0.053, rho_Whh  1.13, Omega  0.00, alpha  0.000, steps in the past 0.000, valid nll 0.231
  [diag] log10|dL/dh_t| hist bins=60 range=(-12.50,-11.50) mean=-12.00 p50=-12.00 p05=-12.00 p95=-12.00
  [diag] sat-dist hist bins=60 sat<0.05=0.0% mean=0.615 p10=0.536 p90=0.677
Iter 0024540: train nll 0.294, valid error 100.000%, best valid error 100.000%, avg grad norm  39.208, avg grad norm (post clip)   0.053, rho_Whh  1.13, Omega  0.00, alpha  0.000, steps in the past 0.000, valid nll 0.231
  [diag] log10|dL/dh_t| hist bins=60 range=(-12.50,-11.50) mean=-12.00 p50=-12.00 p05=-12.00 p95=-12.00
  [diag] sat-dist hist bins=60 sat<0.05=0.0% mean=0.614 p10=0.536 p90=0.677
Iter 0024560: train nll 0.306, valid error 100.000%, best valid error 100.000%, avg grad norm  45.031, avg grad norm (post clip)   0.053, rho_Whh  1.13, Omega  0.00, alpha  0.000, steps in the past 0.000, valid nll 0.230
  [diag] log10|dL/dh_t| hist bins=60 range=(-12.50,-11.50) mean=-12.00 p50=-12.00 p05=-12.00 p95=-12.00
  [diag] sat-dist hist bins=60 sat<0.05=0.0% mean=0.601 p10=0.533 p90=0.676
Iter 0024580: train nll 0.246, valid error 100.000%, best valid error 100.000%, avg grad norm  55.812, avg grad norm (post clip)   0.053, rho_Whh  1.13, Omega  0.00, alpha  0.000, steps in the past 0.000, valid nll 0.224
  [diag] log10|dL/dh_t| hist bins=60 range=(-12.50,-11.50) mean=-12.00 p50=-12.00 p05=-12.00 p95=-12.00
  [diag] sat-dist hist bins=60 sat<0.05=0.0% mean=0.628 p10=0.539 p90=0.679
Iter 0024600: train nll 0.298, valid error 100.000%, best valid error 100.000%, avg grad norm  52.953, avg grad norm (post clip)   0.053, rho_Whh  1.13, Omega  0.00, alpha  0.000, steps in the past 0.000, valid nll 0.249
  [diag] log10|dL/dh_t| hist bins=60 range=(-12.50,-11.50) mean=-12.00 p50=-12.00 p05=-12.00 p95=-12.00
  [diag] sat-dist hist bins=60 sat<0.05=0.0% mean=0.641 p10=0.545 p90=0.681
Iter 0024620: train nll 0.331, valid error 100.000%, best valid error 100.000%, avg grad norm  40.263, avg grad norm (post clip)   0.053, rho_Whh  1.13, Omega  0.00, alpha  0.000, steps in the past 0.000, valid nll 0.281
  [diag] log10|dL/dh_t| hist bins=60 range=(-12.50,-11.50) mean=-12.00 p50=-12.00 p05=-12.00 p95=-12.00
  [diag] sat-dist hist bins=60 sat<0.05=0.0% mean=0.601 p10=0.533 p90=0.675
Iter 0024640: train nll 0.301, valid error 100.000%, best valid error 100.000%, avg grad norm  40.900, avg grad norm (post clip)   0.053, rho_Whh  1.13, Omega  0.00, alpha  0.000, steps in the past 0.000, valid nll 0.224
  [diag] log10|dL/dh_t| hist bins=60 range=(-12.50,-11.50) mean=-12.00 p50=-12.00 p05=-12.00 p95=-12.00
  [diag] sat-dist hist bins=60 sat<0.05=0.0% mean=0.649 p10=0.551 p90=0.683
Iter 0024660: train nll 0.286, valid error 100.000%, best valid error 100.000%, avg grad norm  40.456, avg grad norm (post clip)   0.053, rho_Whh  1.13, Omega  0.00, alpha  0.000, steps in the past 0.000, valid nll 0.307
  [diag] log10|dL/dh_t| hist bins=60 range=(-12.50,-11.50) mean=-12.00 p50=-12.00 p05=-12.00 p95=-12.00
  [diag] sat-dist hist bins=60 sat<0.05=0.0% mean=0.641 p10=0.545 p90=0.681
Iter 0024680: train nll 0.285, valid error 100.000%, best valid error 100.000%, avg grad norm  45.029, avg grad norm (post clip)   0.053, rho_Whh  1.13, Omega  0.00, alpha  0.000, steps in the past 0.000, valid nll 0.279
  [diag] log10|dL/dh_t| hist bins=60 range=(-12.50,-11.50) mean=-12.00 p50=-12.00 p05=-12.00 p95=-12.00
  [diag] sat-dist hist bins=60 sat<0.05=0.0% mean=0.630 p10=0.539 p90=0.679
Iter 0024700: train nll 0.288, valid error 100.000%, best valid error 100.000%, avg grad norm  41.026, avg grad norm (post clip)   0.053, rho_Whh  1.13, Omega  0.00, alpha  0.000, steps in the past 0.000, valid nll 0.251
  [diag] log10|dL/dh_t| hist bins=60 range=(-12.50,-11.50) mean=-12.00 p50=-12.00 p05=-12.00 p95=-12.00
  [diag] sat-dist hist bins=60 sat<0.05=0.0% mean=0.604 p10=0.533 p90=0.677
Iter 0024720: train nll 0.272, valid error 100.000%, best valid error 100.000%, avg grad norm  40.074, avg grad norm (post clip)   0.053, rho_Whh  1.13, Omega  0.00, alpha  0.000, steps in the past 0.000, valid nll 0.225
  [diag] log10|dL/dh_t| hist bins=60 range=(-12.50,-11.50) mean=-12.00 p50=-12.00 p05=-12.00 p95=-12.00
  [diag] sat-dist hist bins=60 sat<0.05=0.0% mean=0.603 p10=0.533 p90=0.677
Iter 0024740: train nll 0.278, valid error 100.000%, best valid error 100.000%, avg grad norm  44.387, avg grad norm (post clip)   0.053, rho_Whh  1.13, Omega  0.00, alpha  0.000, steps in the past 0.000, valid nll 0.225
  [diag] log10|dL/dh_t| hist bins=60 range=(-12.50,-11.50) mean=-12.00 p50=-12.00 p05=-12.00 p95=-12.00
  [diag] sat-dist hist bins=60 sat<0.05=0.0% mean=0.629 p10=0.539 p90=0.680
Iter 0024760: train nll 0.327, valid error 100.000%, best valid error 100.000%, avg grad norm  40.134, avg grad norm (post clip)   0.053, rho_Whh  1.13, Omega  0.00, alpha  0.000, steps in the past 0.000, valid nll 0.251
  [diag] log10|dL/dh_t| hist bins=60 range=(-12.50,-11.50) mean=-12.00 p50=-12.00 p05=-12.00 p95=-12.00
  [diag] sat-dist hist bins=60 sat<0.05=0.0% mean=0.604 p10=0.533 p90=0.677
Iter 0024780: train nll 0.308, valid error 100.000%, best valid error 100.000%, avg grad norm  40.209, avg grad norm (post clip)   0.053, rho_Whh  1.13, Omega  0.00, alpha  0.000, steps in the past 0.000, valid nll 0.225
  [diag] log10|dL/dh_t| hist bins=60 range=(-12.50,-11.50) mean=-12.00 p50=-12.00 p05=-12.00 p95=-12.00
  [diag] sat-dist hist bins=60 sat<0.05=0.0% mean=0.629 p10=0.539 p90=0.679
Iter 0024800: train nll 0.294, valid error 100.000%, best valid error 100.000%, avg grad norm  46.230, avg grad norm (post clip)   0.053, rho_Whh  1.13, Omega  0.00, alpha  0.000, steps in the past 0.000, valid nll 0.251
  [diag] log10|dL/dh_t| hist bins=60 range=(-12.50,-11.50) mean=-12.00 p50=-12.00 p05=-12.00 p95=-12.00
  [diag] sat-dist hist bins=60 sat<0.05=0.0% mean=0.629 p10=0.539 p90=0.679
Iter 0024820: train nll 0.320, valid error 100.000%, best valid error 100.000%, avg grad norm  39.365, avg grad norm (post clip)   0.053, rho_Whh  1.13, Omega  0.00, alpha  0.000, steps in the past 0.000, valid nll 0.251
  [diag] log10|dL/dh_t| hist bins=60 range=(-12.50,-11.50) mean=-12.00 p50=-12.00 p05=-12.00 p95=-12.00
  [diag] sat-dist hist bins=60 sat<0.05=0.0% mean=0.629 p10=0.539 p90=0.679
Iter 0024840: train nll 0.349, valid error 100.000%, best valid error 100.000%, avg grad norm  38.954, avg grad norm (post clip)   0.053, rho_Whh  1.13, Omega  0.00, alpha  0.000, steps in the past 0.000, valid nll 0.250
  [diag] log10|dL/dh_t| hist bins=60 range=(-12.50,-11.50) mean=-12.00 p50=-12.00 p05=-12.00 p95=-12.00
  [diag] sat-dist hist bins=60 sat<0.05=0.0% mean=0.630 p10=0.539 p90=0.679
Iter 0024860: train nll 0.287, valid error 100.000%, best valid error 100.000%, avg grad norm  40.088, avg grad norm (post clip)   0.053, rho_Whh  1.13, Omega  0.00, alpha  0.000, steps in the past 0.000, valid nll 0.251
  [diag] log10|dL/dh_t| hist bins=60 range=(-12.50,-11.50) mean=-12.00 p50=-12.00 p05=-12.00 p95=-12.00
  [diag] sat-dist hist bins=60 sat<0.05=0.0% mean=0.609 p10=0.534 p90=0.677
Iter 0024880: train nll 0.290, valid error 100.000%, best valid error 100.000%, avg grad norm  44.614, avg grad norm (post clip)   0.053, rho_Whh  1.13, Omega  0.00, alpha  0.000, steps in the past 0.000, valid nll 0.226
  [diag] log10|dL/dh_t| hist bins=60 range=(-12.50,-11.50) mean=-12.00 p50=-12.00 p05=-12.00 p95=-12.00
  [diag] sat-dist hist bins=60 sat<0.05=0.0% mean=0.609 p10=0.534 p90=0.677
Iter 0024900: train nll 0.287, valid error 100.000%, best valid error 100.000%, avg grad norm  46.130, avg grad norm (post clip)   0.053, rho_Whh  1.13, Omega  0.00, alpha  0.000, steps in the past 0.000, valid nll 0.226
  [diag] log10|dL/dh_t| hist bins=60 range=(-12.50,-11.50) mean=-12.00 p50=-12.00 p05=-12.00 p95=-12.00
  [diag] sat-dist hist bins=60 sat<0.05=0.0% mean=0.620 p10=0.536 p90=0.679
Iter 0024920: train nll 0.285, valid error 100.000%, best valid error 100.000%, avg grad norm  37.791, avg grad norm (post clip)   0.053, rho_Whh  1.13, Omega  0.00, alpha  0.000, steps in the past 0.000, valid nll 0.236
  [diag] log10|dL/dh_t| hist bins=60 range=(-12.50,-11.50) mean=-12.00 p50=-12.00 p05=-12.00 p95=-12.00
  [diag] sat-dist hist bins=60 sat<0.05=0.0% mean=0.637 p10=0.542 p90=0.681
Iter 0024940: train nll 0.313, valid error 100.000%, best valid error 100.000%, avg grad norm  44.526, avg grad norm (post clip)   0.053, rho_Whh  1.13, Omega  0.00, alpha  0.000, steps in the past 0.000, valid nll 0.268
  [diag] log10|dL/dh_t| hist bins=60 range=(-12.50,-11.50) mean=-12.00 p50=-12.00 p05=-12.00 p95=-12.00
  [diag] sat-dist hist bins=60 sat<0.05=0.0% mean=0.621 p10=0.536 p90=0.679
Iter 0024960: train nll 0.308, valid error 100.000%, best valid error 100.000%, avg grad norm  43.271, avg grad norm (post clip)   0.053, rho_Whh  1.13, Omega  0.00, alpha  0.000, steps in the past 0.000, valid nll 0.237
  [diag] log10|dL/dh_t| hist bins=60 range=(-12.50,-11.50) mean=-12.00 p50=-12.00 p05=-12.00 p95=-12.00
  [diag] sat-dist hist bins=60 sat<0.05=0.0% mean=0.621 p10=0.537 p90=0.679
Iter 0024980: train nll 0.313, valid error 100.000%, best valid error 100.000%, avg grad norm  40.257, avg grad norm (post clip)   0.053, rho_Whh  1.13, Omega  0.00, alpha  0.000, steps in the past 0.000, valid nll 0.237
  [diag] log10|dL/dh_t| hist bins=60 range=(-12.50,-11.50) mean=-12.00 p50=-12.00 p05=-12.00 p95=-12.00
  [diag] sat-dist hist bins=60 sat<0.05=0.0% mean=0.637 p10=0.542 p90=0.681
Iter 0025000: train nll 0.336, valid error 100.000%, best valid error 100.000%, avg grad norm  42.817, avg grad norm (post clip)   0.053, rho_Whh  1.13, Omega  0.00, alpha  0.000, steps in the past 0.000, valid nll 0.269
  [diag] log10|dL/dh_t| hist bins=60 range=(-12.50,-11.50) mean=-12.00 p50=-12.00 p05=-12.00 p95=-12.00
  [diag] sat-dist hist bins=60 sat<0.05=0.0% mean=0.638 p10=0.543 p90=0.681
Iter 0025020: train nll 0.302, valid error 100.000%, best valid error 100.000%, avg grad norm  39.339, avg grad norm (post clip)   0.053, rho_Whh  1.13, Omega  0.00, alpha  0.000, steps in the past 0.000, valid nll 0.270
  [diag] log10|dL/dh_t| hist bins=60 range=(-12.50,-11.50) mean=-12.00 p50=-12.00 p05=-12.00 p95=-12.00
  [diag] sat-dist hist bins=60 sat<0.05=0.0% mean=0.622 p10=0.537 p90=0.679
Iter 0025040: train nll 0.280, valid error 100.000%, best valid error 100.000%, avg grad norm  44.424, avg grad norm (post clip)   0.053, rho_Whh  1.13, Omega  0.00, alpha  0.000, steps in the past 0.000, valid nll 0.238
  [diag] log10|dL/dh_t| hist bins=60 range=(-12.50,-11.50) mean=-12.00 p50=-12.00 p05=-12.00 p95=-12.00
  [diag] sat-dist hist bins=60 sat<0.05=0.0% mean=0.638 p10=0.543 p90=0.681
Iter 0025060: train nll 0.309, valid error 100.000%, best valid error 100.000%, avg grad norm  47.212, avg grad norm (post clip)   0.053, rho_Whh  1.13, Omega  0.00, alpha  0.000, steps in the past 0.000, valid nll 0.270
  [diag] log10|dL/dh_t| hist bins=60 range=(-12.50,-11.50) mean=-12.00 p50=-12.00 p05=-12.00 p95=-12.00
  [diag] sat-dist hist bins=60 sat<0.05=0.0% mean=0.621 p10=0.537 p90=0.678
Iter 0025080: train nll 0.282, valid error 100.000%, best valid error 100.000%, avg grad norm  35.726, avg grad norm (post clip)   0.053, rho_Whh  1.13, Omega  0.00, alpha  0.000, steps in the past 0.000, valid nll 0.237
  [diag] log10|dL/dh_t| hist bins=60 range=(-12.50,-11.50) mean=-12.00 p50=-12.00 p05=-12.00 p95=-12.00
  [diag] sat-dist hist bins=60 sat<0.05=0.0% mean=0.621 p10=0.537 p90=0.678
Iter 0025100: train nll 0.320, valid error 100.000%, best valid error 100.000%, avg grad norm  36.933, avg grad norm (post clip)   0.053, rho_Whh  1.13, Omega  0.00, alpha  0.000, steps in the past 0.000, valid nll 0.237
  [diag] log10|dL/dh_t| hist bins=60 range=(-12.50,-11.50) mean=-12.00 p50=-12.00 p05=-12.00 p95=-12.00
  [diag] sat-dist hist bins=60 sat<0.05=0.0% mean=0.621 p10=0.537 p90=0.678
Iter 0025120: train nll 0.280, valid error 100.000%, best valid error 100.000%, avg grad norm  49.948, avg grad norm (post clip)   0.053, rho_Whh  1.13, Omega  0.00, alpha  0.000, steps in the past 0.000, valid nll 0.237
  [diag] log10|dL/dh_t| hist bins=60 range=(-12.50,-11.50) mean=-12.00 p50=-12.00 p05=-12.00 p95=-12.00
  [diag] sat-dist hist bins=60 sat<0.05=0.0% mean=0.622 p10=0.537 p90=0.679
Iter 0025140: train nll 0.295, valid error 100.000%, best valid error 100.000%, avg grad norm  42.454, avg grad norm (post clip)   0.053, rho_Whh  1.13, Omega  0.00, alpha  0.000, steps in the past 0.000, valid nll 0.238
  [diag] log10|dL/dh_t| hist bins=60 range=(-12.50,-11.50) mean=-12.00 p50=-12.00 p05=-12.00 p95=-12.00
  [diag] sat-dist hist bins=60 sat<0.05=0.0% mean=0.622 p10=0.537 p90=0.679
Iter 0025160: train nll 0.293, valid error 100.000%, best valid error 100.000%, avg grad norm  45.909, avg grad norm (post clip)   0.053, rho_Whh  1.13, Omega  0.00, alpha  0.000, steps in the past 0.000, valid nll 0.238
  [diag] log10|dL/dh_t| hist bins=60 range=(-12.50,-11.50) mean=-12.00 p50=-12.00 p05=-12.00 p95=-12.00
  [diag] sat-dist hist bins=60 sat<0.05=0.0% mean=0.584 p10=0.532 p90=0.638
Iter 0025180: train nll 0.274, valid error 100.000%, best valid error 100.000%, avg grad norm  43.947, avg grad norm (post clip)   0.053, rho_Whh  1.13, Omega  0.00, alpha  0.000, steps in the past 0.000, valid nll 0.231
  [diag] log10|dL/dh_t| hist bins=60 range=(-12.50,-11.50) mean=-12.00 p50=-12.00 p05=-12.00 p95=-12.00
  [diag] sat-dist hist bins=60 sat<0.05=0.0% mean=0.622 p10=0.537 p90=0.679
Iter 0025200: train nll 0.310, valid error 100.000%, best valid error 100.000%, avg grad norm  37.442, avg grad norm (post clip)   0.053, rho_Whh  1.13, Omega  0.00, alpha  0.000, steps in the past 0.000, valid nll 0.238
  [diag] log10|dL/dh_t| hist bins=60 range=(-12.50,-11.50) mean=-12.00 p50=-12.00 p05=-12.00 p95=-12.00
  [diag] sat-dist hist bins=60 sat<0.05=0.0% mean=0.629 p10=0.539 p90=0.680
Iter 0025220: train nll 0.277, valid error 100.000%, best valid error 100.000%, avg grad norm  44.540, avg grad norm (post clip)   0.053, rho_Whh  1.13, Omega  0.00, alpha  0.000, steps in the past 0.000, valid nll 0.249
  [diag] log10|dL/dh_t| hist bins=60 range=(-12.50,-11.50) mean=-12.00 p50=-12.00 p05=-12.00 p95=-12.00
  [diag] sat-dist hist bins=60 sat<0.05=0.0% mean=0.629 p10=0.539 p90=0.680
Iter 0025240: train nll 0.281, valid error 100.000%, best valid error 100.000%, avg grad norm  47.904, avg grad norm (post clip)   0.053, rho_Whh  1.13, Omega  0.00, alpha  0.000, steps in the past 0.000, valid nll 0.249
  [diag] log10|dL/dh_t| hist bins=60 range=(-12.50,-11.50) mean=-12.00 p50=-12.00 p05=-12.00 p95=-12.00
  [diag] sat-dist hist bins=60 sat<0.05=0.0% mean=0.602 p10=0.533 p90=0.676
Iter 0025260: train nll 0.292, valid error 100.000%, best valid error 100.000%, avg grad norm  44.373, avg grad norm (post clip)   0.053, rho_Whh  1.13, Omega  0.00, alpha  0.000, steps in the past 0.000, valid nll 0.224
  [diag] log10|dL/dh_t| hist bins=60 range=(-12.50,-11.50) mean=-12.00 p50=-12.00 p05=-12.00 p95=-12.00
  [diag] sat-dist hist bins=60 sat<0.05=0.0% mean=0.629 p10=0.539 p90=0.679
Iter 0025280: train nll 0.269, valid error 100.000%, best valid error 100.000%, avg grad norm  51.005, avg grad norm (post clip)   0.053, rho_Whh  1.13, Omega  0.00, alpha  0.000, steps in the past 0.000, valid nll 0.248
  [diag] log10|dL/dh_t| hist bins=60 range=(-12.50,-11.50) mean=-12.00 p50=-12.00 p05=-12.00 p95=-12.00
  [diag] sat-dist hist bins=60 sat<0.05=0.0% mean=0.605 p10=0.533 p90=0.677
Iter 0025300: train nll 0.267, valid error 100.000%, best valid error 100.000%, avg grad norm  43.129, avg grad norm (post clip)   0.053, rho_Whh  1.13, Omega  0.00, alpha  0.000, steps in the past 0.000, valid nll 0.225
  [diag] log10|dL/dh_t| hist bins=60 range=(-12.50,-11.50) mean=-12.00 p50=-12.00 p05=-12.00 p95=-12.00
  [diag] sat-dist hist bins=60 sat<0.05=0.0% mean=0.606 p10=0.534 p90=0.678
Iter 0025320: train nll 0.332, valid error 100.000%, best valid error 100.000%, avg grad norm  37.155, avg grad norm (post clip)   0.053, rho_Whh  1.13, Omega  0.00, alpha  0.000, steps in the past 0.000, valid nll 0.225
  [diag] log10|dL/dh_t| hist bins=60 range=(-12.50,-11.50) mean=-12.00 p50=-12.00 p05=-12.00 p95=-12.00
  [diag] sat-dist hist bins=60 sat<0.05=0.0% mean=0.631 p10=0.539 p90=0.680
Iter 0025340: train nll 0.330, valid error 100.000%, best valid error 100.000%, avg grad norm  42.438, avg grad norm (post clip)   0.053, rho_Whh  1.13, Omega  0.00, alpha  0.000, steps in the past 0.000, valid nll 0.252
  [diag] log10|dL/dh_t| hist bins=60 range=(-12.50,-11.50) mean=-12.00 p50=-12.00 p05=-12.00 p95=-12.00
  [diag] sat-dist hist bins=60 sat<0.05=0.0% mean=0.643 p10=0.546 p90=0.682
Iter 0025360: train nll 0.313, valid error 100.000%, best valid error 100.000%, avg grad norm  38.325, avg grad norm (post clip)   0.053, rho_Whh  1.13, Omega  0.00, alpha  0.000, steps in the past 0.000, valid nll 0.285
  [diag] log10|dL/dh_t| hist bins=60 range=(-12.50,-11.50) mean=-12.00 p50=-12.00 p05=-12.00 p95=-12.00
  [diag] sat-dist hist bins=60 sat<0.05=0.0% mean=0.631 p10=0.540 p90=0.680
Iter 0025380: train nll 0.275, valid error 100.000%, best valid error 100.000%, avg grad norm  41.693, avg grad norm (post clip)   0.053, rho_Whh  1.13, Omega  0.00, alpha  0.000, steps in the past 0.000, valid nll 0.253
  [diag] log10|dL/dh_t| hist bins=60 range=(-12.50,-11.50) mean=-12.00 p50=-12.00 p05=-12.00 p95=-12.00
  [diag] sat-dist hist bins=60 sat<0.05=0.0% mean=0.607 p10=0.534 p90=0.677
Iter 0025400: train nll 0.266, valid error 100.000%, best valid error 100.000%, avg grad norm  47.023, avg grad norm (post clip)   0.053, rho_Whh  1.13, Omega  0.00, alpha  0.000, steps in the past 0.000, valid nll 0.225
  [diag] log10|dL/dh_t| hist bins=60 range=(-12.50,-11.50) mean=-12.00 p50=-12.00 p05=-12.00 p95=-12.00
  [diag] sat-dist hist bins=60 sat<0.05=0.0% mean=0.610 p10=0.534 p90=0.678
Iter 0025420: train nll 0.301, valid error 100.000%, best valid error 100.000%, avg grad norm  34.495, avg grad norm (post clip)   0.053, rho_Whh  1.13, Omega  0.00, alpha  0.000, steps in the past 0.000, valid nll 0.227
  [diag] log10|dL/dh_t| hist bins=60 range=(-12.50,-11.50) mean=-12.00 p50=-12.00 p05=-12.00 p95=-12.00
  [diag] sat-dist hist bins=60 sat<0.05=0.0% mean=0.613 p10=0.535 p90=0.678
Iter 0025440: train nll 0.283, valid error 100.000%, best valid error 100.000%, avg grad norm  46.491, avg grad norm (post clip)   0.053, rho_Whh  1.13, Omega  0.00, alpha  0.000, steps in the past 0.000, valid nll 0.228
  [diag] log10|dL/dh_t| hist bins=60 range=(-12.50,-11.50) mean=-12.00 p50=-12.00 p05=-12.00 p95=-12.00
  [diag] sat-dist hist bins=60 sat<0.05=0.0% mean=0.633 p10=0.540 p90=0.681
Iter 0025460: train nll 0.283, valid error 100.000%, best valid error 100.000%, avg grad norm  43.998, avg grad norm (post clip)   0.053, rho_Whh  1.13, Omega  0.00, alpha  0.000, steps in the past 0.000, valid nll 0.259
  [diag] log10|dL/dh_t| hist bins=60 range=(-12.50,-11.50) mean=-12.00 p50=-12.00 p05=-12.00 p95=-12.00
  [diag] sat-dist hist bins=60 sat<0.05=0.0% mean=0.613 p10=0.534 p90=0.678
Iter 0025480: train nll 0.269, valid error 100.000%, best valid error 100.000%, avg grad norm  49.646, avg grad norm (post clip)   0.053, rho_Whh  1.13, Omega  0.00, alpha  0.000, steps in the past 0.000, valid nll 0.228
  [diag] log10|dL/dh_t| hist bins=60 range=(-12.50,-11.50) mean=-12.00 p50=-12.00 p05=-12.00 p95=-12.00
  [diag] sat-dist hist bins=60 sat<0.05=0.0% mean=0.565 p10=0.529 p90=0.584
Iter 0025500: train nll 0.295, valid error 100.000%, best valid error 100.000%, avg grad norm  42.308, avg grad norm (post clip)   0.053, rho_Whh  1.13, Omega  0.00, alpha  0.000, steps in the past 0.000, valid nll 0.251
  [diag] log10|dL/dh_t| hist bins=60 range=(-12.50,-11.50) mean=-12.00 p50=-12.00 p05=-12.00 p95=-12.00
  [diag] sat-dist hist bins=60 sat<0.05=0.0% mean=0.613 p10=0.535 p90=0.678
Iter 0025520: train nll 0.323, valid error 100.000%, best valid error 100.000%, avg grad norm  40.654, avg grad norm (post clip)   0.053, rho_Whh  1.13, Omega  0.00, alpha  0.000, steps in the past 0.000, valid nll 0.229
  [diag] log10|dL/dh_t| hist bins=60 range=(-12.50,-11.50) mean=-12.00 p50=-12.00 p05=-12.00 p95=-12.00
  [diag] sat-dist hist bins=60 sat<0.05=0.0% mean=0.614 p10=0.535 p90=0.678
Iter 0025540: train nll 0.287, valid error 100.000%, best valid error 100.000%, avg grad norm  46.181, avg grad norm (post clip)   0.053, rho_Whh  1.13, Omega  0.00, alpha  0.000, steps in the past 0.000, valid nll 0.229
  [diag] log10|dL/dh_t| hist bins=60 range=(-12.50,-11.50) mean=-12.00 p50=-12.00 p05=-12.00 p95=-12.00
  [diag] sat-dist hist bins=60 sat<0.05=0.0% mean=0.626 p10=0.538 p90=0.680
Iter 0025560: train nll 0.314, valid error 100.000%, best valid error 100.000%, avg grad norm  41.351, avg grad norm (post clip)   0.053, rho_Whh  1.13, Omega  0.00, alpha  0.000, steps in the past 0.000, valid nll 0.245
  [diag] log10|dL/dh_t| hist bins=60 range=(-12.50,-11.50) mean=-12.00 p50=-12.00 p05=-12.00 p95=-12.00
  [diag] sat-dist hist bins=60 sat<0.05=0.0% mean=0.596 p10=0.532 p90=0.671
Iter 0025580: train nll 0.310, valid error 100.000%, best valid error 100.000%, avg grad norm  39.486, avg grad norm (post clip)   0.053, rho_Whh  1.13, Omega  0.00, alpha  0.000, steps in the past 0.000, valid nll 0.223
  [diag] log10|dL/dh_t| hist bins=60 range=(-12.50,-11.50) mean=-12.00 p50=-12.00 p05=-12.00 p95=-12.00
  [diag] sat-dist hist bins=60 sat<0.05=0.0% mean=0.627 p10=0.538 p90=0.680
Iter 0025600: train nll 0.289, valid error 100.000%, best valid error 100.000%, avg grad norm  53.101, avg grad norm (post clip)   0.053, rho_Whh  1.13, Omega  0.00, alpha  0.000, steps in the past 0.000, valid nll 0.245
  [diag] log10|dL/dh_t| hist bins=60 range=(-12.50,-11.50) mean=-12.00 p50=-12.00 p05=-12.00 p95=-12.00
  [diag] sat-dist hist bins=60 sat<0.05=0.0% mean=0.596 p10=0.532 p90=0.671
Iter 0025620: train nll 0.295, valid error 100.000%, best valid error 100.000%, avg grad norm  45.756, avg grad norm (post clip)   0.053, rho_Whh  1.13, Omega  0.00, alpha  0.000, steps in the past 0.000, valid nll 0.223
  [diag] log10|dL/dh_t| hist bins=60 range=(-12.50,-11.50) mean=-12.00 p50=-12.00 p05=-12.00 p95=-12.00
  [diag] sat-dist hist bins=60 sat<0.05=0.0% mean=0.627 p10=0.538 p90=0.680
Iter 0025640: train nll 0.296, valid error 100.000%, best valid error 100.000%, avg grad norm  35.630, avg grad norm (post clip)   0.053, rho_Whh  1.13, Omega  0.00, alpha  0.000, steps in the past 0.000, valid nll 0.246
  [diag] log10|dL/dh_t| hist bins=60 range=(-12.50,-11.50) mean=-12.00 p50=-12.00 p05=-12.00 p95=-12.00
  [diag] sat-dist hist bins=60 sat<0.05=0.0% mean=0.627 p10=0.538 p90=0.680
Iter 0025660: train nll 0.286, valid error 100.000%, best valid error 100.000%, avg grad norm  47.535, avg grad norm (post clip)   0.053, rho_Whh  1.13, Omega  0.00, alpha  0.000, steps in the past 0.000, valid nll 0.246
  [diag] log10|dL/dh_t| hist bins=60 range=(-12.50,-11.50) mean=-12.00 p50=-12.00 p05=-12.00 p95=-12.00
  [diag] sat-dist hist bins=60 sat<0.05=0.0% mean=0.601 p10=0.533 p90=0.677
Iter 0025680: train nll 0.311, valid error 100.000%, best valid error 100.000%, avg grad norm  41.951, avg grad norm (post clip)   0.053, rho_Whh  1.13, Omega  0.00, alpha  0.000, steps in the past 0.000, valid nll 0.223
  [diag] log10|dL/dh_t| hist bins=60 range=(-12.50,-11.50) mean=-12.00 p50=-12.00 p05=-12.00 p95=-12.00
  [diag] sat-dist hist bins=60 sat<0.05=0.0% mean=0.629 p10=0.538 p90=0.680
Iter 0025700: train nll 0.307, valid error 100.000%, best valid error 100.000%, avg grad norm  50.876, avg grad norm (post clip)   0.053, rho_Whh  1.13, Omega  0.00, alpha  0.000, steps in the past 0.000, valid nll 0.248
  [diag] log10|dL/dh_t| hist bins=60 range=(-12.50,-11.50) mean=-12.00 p50=-12.00 p05=-12.00 p95=-12.00
  [diag] sat-dist hist bins=60 sat<0.05=0.0% mean=0.612 p10=0.534 p90=0.679
Iter 0025720: train nll 0.279, valid error 100.000%, best valid error 100.000%, avg grad norm  45.243, avg grad norm (post clip)   0.053, rho_Whh  1.13, Omega  0.00, alpha  0.000, steps in the past 0.000, valid nll 0.228
  [diag] log10|dL/dh_t| hist bins=60 range=(-12.50,-11.50) mean=-12.00 p50=-12.00 p05=-12.00 p95=-12.00
  [diag] sat-dist hist bins=60 sat<0.05=0.0% mean=0.633 p10=0.540 p90=0.681
Iter 0025740: train nll 0.320, valid error 100.000%, best valid error 100.000%, avg grad norm  41.349, avg grad norm (post clip)   0.053, rho_Whh  1.13, Omega  0.00, alpha  0.000, steps in the past 0.000, valid nll 0.258
  [diag] log10|dL/dh_t| hist bins=60 range=(-12.50,-11.50) mean=-12.00 p50=-12.00 p05=-12.00 p95=-12.00
  [diag] sat-dist hist bins=60 sat<0.05=0.0% mean=0.568 p10=0.529 p90=0.596
Iter 0025760: train nll 0.273, valid error 100.000%, best valid error 100.000%, avg grad norm  44.520, avg grad norm (post clip)   0.053, rho_Whh  1.13, Omega  0.00, alpha  0.000, steps in the past 0.000, valid nll 0.246
  [diag] log10|dL/dh_t| hist bins=60 range=(-12.50,-11.50) mean=-12.00 p50=-12.00 p05=-12.00 p95=-12.00
  [diag] sat-dist hist bins=60 sat<0.05=0.0% mean=0.569 p10=0.529 p90=0.597
Iter 0025780: train nll 0.301, valid error 100.000%, best valid error 100.000%, avg grad norm  48.106, avg grad norm (post clip)   0.053, rho_Whh  1.13, Omega  0.00, alpha  0.000, steps in the past 0.000, valid nll 0.246
  [diag] log10|dL/dh_t| hist bins=60 range=(-12.50,-11.50) mean=-12.00 p50=-12.00 p05=-12.00 p95=-12.00
  [diag] sat-dist hist bins=60 sat<0.05=0.0% mean=0.646 p10=0.547 p90=0.684
Iter 0025800: train nll 0.297, valid error 100.000%, best valid error 100.000%, avg grad norm  46.567, avg grad norm (post clip)   0.053, rho_Whh  1.13, Omega  0.00, alpha  0.000, steps in the past 0.000, valid nll 0.295
  [diag] log10|dL/dh_t| hist bins=60 range=(-12.50,-11.50) mean=-12.00 p50=-12.00 p05=-12.00 p95=-12.00
  [diag] sat-dist hist bins=60 sat<0.05=0.0% mean=0.616 p10=0.535 p90=0.679
Iter 0025820: train nll 0.276, valid error 100.000%, best valid error 100.000%, avg grad norm  41.467, avg grad norm (post clip)   0.053, rho_Whh  1.13, Omega  0.00, alpha  0.000, steps in the past 0.000, valid nll 0.231
  [diag] log10|dL/dh_t| hist bins=60 range=(-12.50,-11.50) mean=-12.00 p50=-12.00 p05=-12.00 p95=-12.00
  [diag] sat-dist hist bins=60 sat<0.05=0.0% mean=0.623 p10=0.536 p90=0.680
Iter 0025840: train nll 0.286, valid error 100.000%, best valid error 100.000%, avg grad norm  48.628, avg grad norm (post clip)   0.053, rho_Whh  1.13, Omega  0.00, alpha  0.000, steps in the past 0.000, valid nll 0.239
  [diag] log10|dL/dh_t| hist bins=60 range=(-12.50,-11.50) mean=-12.00 p50=-12.00 p05=-12.00 p95=-12.00
  [diag] sat-dist hist bins=60 sat<0.05=0.0% mean=0.623 p10=0.536 p90=0.680
Iter 0025860: train nll 0.302, valid error 100.000%, best valid error 100.000%, avg grad norm  44.186, avg grad norm (post clip)   0.053, rho_Whh  1.13, Omega  0.00, alpha  0.000, steps in the past 0.000, valid nll 0.239
  [diag] log10|dL/dh_t| hist bins=60 range=(-12.50,-11.50) mean=-12.00 p50=-12.00 p05=-12.00 p95=-12.00
  [diag] sat-dist hist bins=60 sat<0.05=0.0% mean=0.585 p10=0.531 p90=0.644
Iter 0025880: train nll 0.306, valid error 100.000%, best valid error 100.000%, avg grad norm  43.668, avg grad norm (post clip)   0.053, rho_Whh  1.13, Omega  0.00, alpha  0.000, steps in the past 0.000, valid nll 0.228
  [diag] log10|dL/dh_t| hist bins=60 range=(-12.50,-11.50) mean=-12.00 p50=-12.00 p05=-12.00 p95=-12.00
  [diag] sat-dist hist bins=60 sat<0.05=0.0% mean=0.623 p10=0.536 p90=0.680
Iter 0025900: train nll 0.267, valid error 100.000%, best valid error 100.000%, avg grad norm  54.913, avg grad norm (post clip)   0.053, rho_Whh  1.13, Omega  0.00, alpha  0.000, steps in the past 0.000, valid nll 0.239
  [diag] log10|dL/dh_t| hist bins=60 range=(-12.50,-11.50) mean=-12.00 p50=-12.00 p05=-12.00 p95=-12.00
  [diag] sat-dist hist bins=60 sat<0.05=0.0% mean=0.624 p10=0.537 p90=0.680
Iter 0025920: train nll 0.344, valid error 100.000%, best valid error 100.000%, avg grad norm  42.633, avg grad norm (post clip)   0.053, rho_Whh  1.13, Omega  0.00, alpha  0.000, steps in the past 0.000, valid nll 0.240
  [diag] log10|dL/dh_t| hist bins=60 range=(-12.50,-11.50) mean=-12.00 p50=-12.00 p05=-12.00 p95=-12.00
  [diag] sat-dist hist bins=60 sat<0.05=0.0% mean=0.635 p10=0.540 p90=0.682
Iter 0025940: train nll 0.260, valid error 100.000%, best valid error 100.000%, avg grad norm  44.650, avg grad norm (post clip)   0.053, rho_Whh  1.13, Omega  0.00, alpha  0.000, steps in the past 0.000, valid nll 0.263
  [diag] log10|dL/dh_t| hist bins=60 range=(-12.50,-11.50) mean=-12.00 p50=-12.00 p05=-12.00 p95=-12.00
  [diag] sat-dist hist bins=60 sat<0.05=0.0% mean=0.615 p10=0.534 p90=0.680
Iter 0025960: train nll 0.280, valid error 100.000%, best valid error 100.000%, avg grad norm  42.488, avg grad norm (post clip)   0.053, rho_Whh  1.13, Omega  0.00, alpha  0.000, steps in the past 0.000, valid nll 0.230
  [diag] log10|dL/dh_t| hist bins=60 range=(-12.50,-11.50) mean=-12.00 p50=-12.00 p05=-12.00 p95=-12.00
  [diag] sat-dist hist bins=60 sat<0.05=0.0% mean=0.616 p10=0.534 p90=0.680
Iter 0025980: train nll 0.274, valid error 100.000%, best valid error 100.000%, avg grad norm  47.199, avg grad norm (post clip)   0.053, rho_Whh  1.13, Omega  0.00, alpha  0.000, steps in the past 0.000, valid nll 0.230
  [diag] log10|dL/dh_t| hist bins=60 range=(-12.50,-11.50) mean=-12.00 p50=-12.00 p05=-12.00 p95=-12.00
  [diag] sat-dist hist bins=60 sat<0.05=0.0% mean=0.616 p10=0.534 p90=0.680
Iter 0026000: train nll 0.325, valid error 100.000%, best valid error 100.000%, avg grad norm  44.496, avg grad norm (post clip)   0.053, rho_Whh  1.13, Omega  0.00, alpha  0.000, steps in the past 0.000, valid nll 0.230
  [diag] log10|dL/dh_t| hist bins=60 range=(-12.50,-11.50) mean=-12.00 p50=-12.00 p05=-12.00 p95=-12.00
  [diag] sat-dist hist bins=60 sat<0.05=0.0% mean=0.646 p10=0.547 p90=0.684
Iter 0026020: train nll 0.315, valid error 100.000%, best valid error 100.000%, avg grad norm  45.085, avg grad norm (post clip)   0.053, rho_Whh  1.13, Omega  0.00, alpha  0.000, steps in the past 0.000, valid nll 0.294
  [diag] log10|dL/dh_t| hist bins=60 range=(-12.50,-11.50) mean=-12.00 p50=-12.00 p05=-12.00 p95=-12.00
  [diag] sat-dist hist bins=60 sat<0.05=0.0% mean=0.635 p10=0.540 p90=0.682
Iter 0026040: train nll 0.270, valid error 100.000%, best valid error 100.000%, avg grad norm  45.746, avg grad norm (post clip)   0.053, rho_Whh  1.13, Omega  0.00, alpha  0.000, steps in the past 0.000, valid nll 0.263
  [diag] log10|dL/dh_t| hist bins=60 range=(-12.50,-11.50) mean=-12.00 p50=-12.00 p05=-12.00 p95=-12.00
  [diag] sat-dist hist bins=60 sat<0.05=0.0% mean=0.616 p10=0.535 p90=0.680
Iter 0026060: train nll 0.263, valid error 100.000%, best valid error 100.000%, avg grad norm  44.708, avg grad norm (post clip)   0.053, rho_Whh  1.13, Omega  0.00, alpha  0.000, steps in the past 0.000, valid nll 0.230
  [diag] log10|dL/dh_t| hist bins=60 range=(-12.50,-11.50) mean=-12.00 p50=-12.00 p05=-12.00 p95=-12.00
  [diag] sat-dist hist bins=60 sat<0.05=0.0% mean=0.635 p10=0.540 p90=0.682
Iter 0026080: train nll 0.259, valid error 100.000%, best valid error 100.000%, avg grad norm  48.327, avg grad norm (post clip)   0.053, rho_Whh  1.13, Omega  0.00, alpha  0.000, steps in the past 0.000, valid nll 0.262
  [diag] log10|dL/dh_t| hist bins=60 range=(-12.50,-11.50) mean=-12.00 p50=-12.00 p05=-12.00 p95=-12.00
  [diag] sat-dist hist bins=60 sat<0.05=0.0% mean=0.571 p10=0.529 p90=0.606
Iter 0026100: train nll 0.286, valid error 100.000%, best valid error 100.000%, avg grad norm  49.742, avg grad norm (post clip)   0.053, rho_Whh  1.13, Omega  0.00, alpha  0.000, steps in the past 0.000, valid nll 0.243
  [diag] log10|dL/dh_t| hist bins=60 range=(-12.50,-11.50) mean=-12.00 p50=-12.00 p05=-12.00 p95=-12.00
  [diag] sat-dist hist bins=60 sat<0.05=0.0% mean=0.636 p10=0.541 p90=0.682
Iter 0026120: train nll 0.313, valid error 100.000%, best valid error 100.000%, avg grad norm  45.908, avg grad norm (post clip)   0.053, rho_Whh  1.13, Omega  0.00, alpha  0.000, steps in the past 0.000, valid nll 0.265
  [diag] log10|dL/dh_t| hist bins=60 range=(-12.50,-11.50) mean=-12.00 p50=-12.00 p05=-12.00 p95=-12.00
  [diag] sat-dist hist bins=60 sat<0.05=0.0% mean=0.618 p10=0.535 p90=0.680
Iter 0026140: train nll 0.276, valid error 100.000%, best valid error 100.000%, avg grad norm  51.911, avg grad norm (post clip)   0.053, rho_Whh  1.13, Omega  0.00, alpha  0.000, steps in the past 0.000, valid nll 0.233
  [diag] log10|dL/dh_t| hist bins=60 range=(-12.50,-11.50) mean=-12.00 p50=-12.00 p05=-12.00 p95=-12.00
  [diag] sat-dist hist bins=60 sat<0.05=0.0% mean=0.636 p10=0.541 p90=0.682
Iter 0026160: train nll 0.316, valid error 100.000%, best valid error 100.000%, avg grad norm  43.781, avg grad norm (post clip)   0.053, rho_Whh  1.13, Omega  0.00, alpha  0.000, steps in the past 0.000, valid nll 0.265
  [diag] log10|dL/dh_t| hist bins=60 range=(-12.50,-11.50) mean=-12.00 p50=-12.00 p05=-12.00 p95=-12.00
  [diag] sat-dist hist bins=60 sat<0.05=0.0% mean=0.645 p10=0.545 p90=0.684
Iter 0026180: train nll 0.321, valid error 100.000%, best valid error 100.000%, avg grad norm  38.926, avg grad norm (post clip)   0.053, rho_Whh  1.13, Omega  0.00, alpha  0.000, steps in the past 0.000, valid nll 0.289
  [diag] log10|dL/dh_t| hist bins=60 range=(-12.50,-11.50) mean=-12.00 p50=-12.00 p05=-12.00 p95=-12.00
  [diag] sat-dist hist bins=60 sat<0.05=0.0% mean=0.633 p10=0.539 p90=0.682
Iter 0026200: train nll 0.312, valid error 100.000%, best valid error 100.000%, avg grad norm  42.119, avg grad norm (post clip)   0.053, rho_Whh  1.13, Omega  0.00, alpha  0.000, steps in the past 0.000, valid nll 0.256
  [diag] log10|dL/dh_t| hist bins=60 range=(-12.50,-11.50) mean=-12.00 p50=-12.00 p05=-12.00 p95=-12.00
  [diag] sat-dist hist bins=60 sat<0.05=0.0% mean=0.645 p10=0.545 p90=0.684
Iter 0026220: train nll 0.342, valid error 100.000%, best valid error 100.000%, avg grad norm  37.885, avg grad norm (post clip)   0.053, rho_Whh  1.13, Omega  0.00, alpha  0.000, steps in the past 0.000, valid nll 0.289
  [diag] log10|dL/dh_t| hist bins=60 range=(-12.50,-11.50) mean=-12.00 p50=-12.00 p05=-12.00 p95=-12.00
  [diag] sat-dist hist bins=60 sat<0.05=0.0% mean=0.611 p10=0.534 p90=0.679
Iter 0026240: train nll 0.330, valid error 100.000%, best valid error 100.000%, avg grad norm  42.560, avg grad norm (post clip)   0.053, rho_Whh  1.13, Omega  0.00, alpha  0.000, steps in the past 0.000, valid nll 0.226
  [diag] log10|dL/dh_t| hist bins=60 range=(-12.50,-11.50) mean=-12.00 p50=-12.00 p05=-12.00 p95=-12.00
  [diag] sat-dist hist bins=60 sat<0.05=0.0% mean=0.601 p10=0.532 p90=0.678
Iter 0026260: train nll 0.297, valid error 100.000%, best valid error 100.000%, avg grad norm  37.226, avg grad norm (post clip)   0.053, rho_Whh  1.13, Omega  0.00, alpha  0.000, steps in the past 0.000, valid nll 0.223
  [diag] log10|dL/dh_t| hist bins=60 range=(-12.50,-11.50) mean=-12.00 p50=-12.00 p05=-12.00 p95=-12.00
  [diag] sat-dist hist bins=60 sat<0.05=0.0% mean=0.629 p10=0.538 p90=0.681
Iter 0026280: train nll 0.299, valid error 100.000%, best valid error 100.000%, avg grad norm  50.552, avg grad norm (post clip)   0.053, rho_Whh  1.13, Omega  0.00, alpha  0.000, steps in the past 0.000, valid nll 0.249
  [diag] log10|dL/dh_t| hist bins=60 range=(-12.50,-11.50) mean=-12.00 p50=-12.00 p05=-12.00 p95=-12.00
  [diag] sat-dist hist bins=60 sat<0.05=0.0% mean=0.629 p10=0.538 p90=0.681
Iter 0026300: train nll 0.319, valid error 100.000%, best valid error 100.000%, avg grad norm  42.934, avg grad norm (post clip)   0.053, rho_Whh  1.13, Omega  0.00, alpha  0.000, steps in the past 0.000, valid nll 0.248
  [diag] log10|dL/dh_t| hist bins=60 range=(-12.50,-11.50) mean=-12.00 p50=-12.00 p05=-12.00 p95=-12.00
  [diag] sat-dist hist bins=60 sat<0.05=0.0% mean=0.642 p10=0.544 p90=0.683
Iter 0026320: train nll 0.295, valid error 100.000%, best valid error 100.000%, avg grad norm  50.875, avg grad norm (post clip)   0.053, rho_Whh  1.13, Omega  0.00, alpha  0.000, steps in the past 0.000, valid nll 0.281
  [diag] log10|dL/dh_t| hist bins=60 range=(-12.50,-11.50) mean=-12.00 p50=-12.00 p05=-12.00 p95=-12.00
  [diag] sat-dist hist bins=60 sat<0.05=0.0% mean=0.629 p10=0.538 p90=0.681
Iter 0026340: train nll 0.306, valid error 100.000%, best valid error 100.000%, avg grad norm  35.633, avg grad norm (post clip)   0.053, rho_Whh  1.13, Omega  0.00, alpha  0.000, steps in the past 0.000, valid nll 0.249
  [diag] log10|dL/dh_t| hist bins=60 range=(-12.50,-11.50) mean=-12.00 p50=-12.00 p05=-12.00 p95=-12.00
  [diag] sat-dist hist bins=60 sat<0.05=0.0% mean=0.643 p10=0.545 p90=0.683
Iter 0026360: train nll 0.267, valid error 100.000%, best valid error 100.000%, avg grad norm  53.131, avg grad norm (post clip)   0.053, rho_Whh  1.13, Omega  0.00, alpha  0.000, steps in the past 0.000, valid nll 0.281
  [diag] log10|dL/dh_t| hist bins=60 range=(-12.50,-11.50) mean=-12.00 p50=-12.00 p05=-12.00 p95=-12.00
  [diag] sat-dist hist bins=60 sat<0.05=0.0% mean=0.603 p10=0.533 p90=0.678
Iter 0026380: train nll 0.275, valid error 100.000%, best valid error 100.000%, avg grad norm  38.862, avg grad norm (post clip)   0.053, rho_Whh  1.13, Omega  0.00, alpha  0.000, steps in the past 0.000, valid nll 0.223
  [diag] log10|dL/dh_t| hist bins=60 range=(-12.50,-11.50) mean=-12.00 p50=-12.00 p05=-12.00 p95=-12.00
  [diag] sat-dist hist bins=60 sat<0.05=0.0% mean=0.628 p10=0.538 p90=0.681
Iter 0026400: train nll 0.327, valid error 100.000%, best valid error 100.000%, avg grad norm  39.222, avg grad norm (post clip)   0.053, rho_Whh  1.13, Omega  0.00, alpha  0.000, steps in the past 0.000, valid nll 0.245
  [diag] log10|dL/dh_t| hist bins=60 range=(-12.50,-11.50) mean=-12.00 p50=-12.00 p05=-12.00 p95=-12.00
  [diag] sat-dist hist bins=60 sat<0.05=0.0% mean=0.598 p10=0.532 p90=0.674
Iter 0026420: train nll 0.274, valid error 100.000%, best valid error 100.000%, avg grad norm  53.148, avg grad norm (post clip)   0.053, rho_Whh  1.13, Omega  0.00, alpha  0.000, steps in the past 0.000, valid nll 0.223
  [diag] log10|dL/dh_t| hist bins=60 range=(-12.50,-11.50) mean=-12.00 p50=-12.00 p05=-12.00 p95=-12.00
  [diag] sat-dist hist bins=60 sat<0.05=0.0% mean=0.627 p10=0.538 p90=0.680
Iter 0026440: train nll 0.299, valid error 100.000%, best valid error 100.000%, avg grad norm  47.272, avg grad norm (post clip)   0.053, rho_Whh  1.13, Omega  0.00, alpha  0.000, steps in the past 0.000, valid nll 0.245
  [diag] log10|dL/dh_t| hist bins=60 range=(-12.50,-11.50) mean=-12.00 p50=-12.00 p05=-12.00 p95=-12.00
  [diag] sat-dist hist bins=60 sat<0.05=0.0% mean=0.598 p10=0.532 p90=0.675
Iter 0026460: train nll 0.287, valid error 100.000%, best valid error 100.000%, avg grad norm  42.105, avg grad norm (post clip)   0.053, rho_Whh  1.13, Omega  0.00, alpha  0.000, steps in the past 0.000, valid nll 0.223
  [diag] log10|dL/dh_t| hist bins=60 range=(-12.50,-11.50) mean=-12.00 p50=-12.00 p05=-12.00 p95=-12.00
  [diag] sat-dist hist bins=60 sat<0.05=0.0% mean=0.628 p10=0.538 p90=0.681
Iter 0026480: train nll 0.272, valid error 100.000%, best valid error 100.000%, avg grad norm  54.377, avg grad norm (post clip)   0.053, rho_Whh  1.13, Omega  0.00, alpha  0.000, steps in the past 0.000, valid nll 0.245
  [diag] log10|dL/dh_t| hist bins=60 range=(-12.50,-11.50) mean=-12.00 p50=-12.00 p05=-12.00 p95=-12.00
  [diag] sat-dist hist bins=60 sat<0.05=0.0% mean=0.600 p10=0.533 p90=0.676
Iter 0026500: train nll 0.267, valid error 100.000%, best valid error 100.000%, avg grad norm  50.070, avg grad norm (post clip)   0.053, rho_Whh  1.13, Omega  0.00, alpha  0.000, steps in the past 0.000, valid nll 0.223
  [diag] log10|dL/dh_t| hist bins=60 range=(-12.50,-11.50) mean=-12.00 p50=-12.00 p05=-12.00 p95=-12.00
  [diag] sat-dist hist bins=60 sat<0.05=0.0% mean=0.600 p10=0.533 p90=0.676
Iter 0026520: train nll 0.290, valid error 100.000%, best valid error 100.000%, avg grad norm  45.154, avg grad norm (post clip)   0.053, rho_Whh  1.13, Omega  0.00, alpha  0.000, steps in the past 0.000, valid nll 0.223
  [diag] log10|dL/dh_t| hist bins=60 range=(-12.50,-11.50) mean=-12.00 p50=-12.00 p05=-12.00 p95=-12.00
  [diag] sat-dist hist bins=60 sat<0.05=0.0% mean=0.626 p10=0.537 p90=0.680
Iter 0026540: train nll 0.301, valid error 100.000%, best valid error 100.000%, avg grad norm  45.755, avg grad norm (post clip)   0.053, rho_Whh  1.13, Omega  0.00, alpha  0.000, steps in the past 0.000, valid nll 0.242
  [diag] log10|dL/dh_t| hist bins=60 range=(-12.50,-11.50) mean=-12.00 p50=-12.00 p05=-12.00 p95=-12.00
  [diag] sat-dist hist bins=60 sat<0.05=0.0% mean=0.625 p10=0.537 p90=0.680
Iter 0026560: train nll 0.291, valid error 100.000%, best valid error 100.000%, avg grad norm  39.567, avg grad norm (post clip)   0.053, rho_Whh  1.13, Omega  0.00, alpha  0.000, steps in the past 0.000, valid nll 0.241
  [diag] log10|dL/dh_t| hist bins=60 range=(-12.50,-11.50) mean=-12.00 p50=-12.00 p05=-12.00 p95=-12.00
  [diag] sat-dist hist bins=60 sat<0.05=0.0% mean=0.649 p10=0.549 p90=0.685
Iter 0026580: train nll 0.297, valid error 100.000%, best valid error 100.000%, avg grad norm  39.106, avg grad norm (post clip)   0.053, rho_Whh  1.13, Omega  0.00, alpha  0.000, steps in the past 0.000, valid nll 0.301
  [diag] log10|dL/dh_t| hist bins=60 range=(-12.50,-11.50) mean=-12.00 p50=-12.00 p05=-12.00 p95=-12.00
  [diag] sat-dist hist bins=60 sat<0.05=0.0% mean=0.589 p10=0.531 p90=0.654
Iter 0026600: train nll 0.317, valid error 100.000%, best valid error 100.000%, avg grad norm  35.723, avg grad norm (post clip)   0.053, rho_Whh  1.13, Omega  0.00, alpha  0.000, steps in the past 0.000, valid nll 0.226
  [diag] log10|dL/dh_t| hist bins=60 range=(-12.50,-11.50) mean=-12.00 p50=-12.00 p05=-12.00 p95=-12.00
  [diag] sat-dist hist bins=60 sat<0.05=0.0% mean=0.640 p10=0.543 p90=0.683
Iter 0026620: train nll 0.288, valid error 100.000%, best valid error 100.000%, avg grad norm  46.289, avg grad norm (post clip)   0.053, rho_Whh  1.13, Omega  0.00, alpha  0.000, steps in the past 0.000, valid nll 0.273
  [diag] log10|dL/dh_t| hist bins=60 range=(-12.50,-11.50) mean=-12.00 p50=-12.00 p05=-12.00 p95=-12.00
  [diag] sat-dist hist bins=60 sat<0.05=0.0% mean=0.624 p10=0.537 p90=0.680
Iter 0026640: train nll 0.284, valid error 100.000%, best valid error 100.000%, avg grad norm  39.065, avg grad norm (post clip)   0.053, rho_Whh  1.13, Omega  0.00, alpha  0.000, steps in the past 0.000, valid nll 0.239
  [diag] log10|dL/dh_t| hist bins=60 range=(-12.50,-11.50) mean=-12.00 p50=-12.00 p05=-12.00 p95=-12.00
  [diag] sat-dist hist bins=60 sat<0.05=0.0% mean=0.587 p10=0.531 p90=0.649
Iter 0026660: train nll 0.303, valid error 100.000%, best valid error 100.000%, avg grad norm  44.379, avg grad norm (post clip)   0.053, rho_Whh  1.13, Omega  0.00, alpha  0.000, steps in the past 0.000, valid nll 0.227
  [diag] log10|dL/dh_t| hist bins=60 range=(-12.50,-11.50) mean=-12.00 p50=-12.00 p05=-12.00 p95=-12.00
  [diag] sat-dist hist bins=60 sat<0.05=0.0% mean=0.624 p10=0.537 p90=0.680
Iter 0026680: train nll 0.296, valid error 100.000%, best valid error 100.000%, avg grad norm  48.626, avg grad norm (post clip)   0.053, rho_Whh  1.13, Omega  0.00, alpha  0.000, steps in the past 0.000, valid nll 0.239
  [diag] log10|dL/dh_t| hist bins=60 range=(-12.50,-11.50) mean=-12.00 p50=-12.00 p05=-12.00 p95=-12.00
  [diag] sat-dist hist bins=60 sat<0.05=0.0% mean=0.640 p10=0.543 p90=0.682
Iter 0026700: train nll 0.290, valid error 100.000%, best valid error 100.000%, avg grad norm  48.487, avg grad norm (post clip)   0.053, rho_Whh  1.13, Omega  0.00, alpha  0.000, steps in the past 0.000, valid nll 0.271
  [diag] log10|dL/dh_t| hist bins=60 range=(-12.50,-11.50) mean=-12.00 p50=-12.00 p05=-12.00 p95=-12.00
  [diag] sat-dist hist bins=60 sat<0.05=0.0% mean=0.648 p10=0.548 p90=0.685
Iter 0026720: train nll 0.308, valid error 100.000%, best valid error 100.000%, avg grad norm  45.093, avg grad norm (post clip)   0.053, rho_Whh  1.13, Omega  0.00, alpha  0.000, steps in the past 0.000, valid nll 0.298
  [diag] log10|dL/dh_t| hist bins=60 range=(-12.50,-11.50) mean=-12.00 p50=-12.00 p05=-12.00 p95=-12.00
  [diag] sat-dist hist bins=60 sat<0.05=0.0% mean=0.621 p10=0.536 p90=0.680
Iter 0026740: train nll 0.279, valid error 100.000%, best valid error 100.000%, avg grad norm  43.466, avg grad norm (post clip)   0.053, rho_Whh  1.13, Omega  0.00, alpha  0.000, steps in the past 0.000, valid nll 0.235
  [diag] log10|dL/dh_t| hist bins=60 range=(-12.50,-11.50) mean=-12.00 p50=-12.00 p05=-12.00 p95=-12.00
  [diag] sat-dist hist bins=60 sat<0.05=0.0% mean=0.638 p10=0.542 p90=0.682
Iter 0026760: train nll 0.290, valid error 100.000%, best valid error 100.000%, avg grad norm  46.005, avg grad norm (post clip)   0.053, rho_Whh  1.13, Omega  0.00, alpha  0.000, steps in the past 0.000, valid nll 0.267
  [diag] log10|dL/dh_t| hist bins=60 range=(-12.50,-11.50) mean=-12.00 p50=-12.00 p05=-12.00 p95=-12.00
  [diag] sat-dist hist bins=60 sat<0.05=0.0% mean=0.621 p10=0.536 p90=0.680
Iter 0026780: train nll 0.280, valid error 100.000%, best valid error 100.000%, avg grad norm  44.560, avg grad norm (post clip)   0.053, rho_Whh  1.13, Omega  0.00, alpha  0.000, steps in the past 0.000, valid nll 0.235
  [diag] log10|dL/dh_t| hist bins=60 range=(-12.50,-11.50) mean=-12.00 p50=-12.00 p05=-12.00 p95=-12.00
  [diag] sat-dist hist bins=60 sat<0.05=0.0% mean=0.638 p10=0.542 p90=0.682
Iter 0026800: train nll 0.295, valid error 100.000%, best valid error 100.000%, avg grad norm  47.417, avg grad norm (post clip)   0.053, rho_Whh  1.13, Omega  0.00, alpha  0.000, steps in the past 0.000, valid nll 0.268
  [diag] log10|dL/dh_t| hist bins=60 range=(-12.50,-11.50) mean=-12.00 p50=-12.00 p05=-12.00 p95=-12.00
  [diag] sat-dist hist bins=60 sat<0.05=0.0% mean=0.621 p10=0.536 p90=0.680
Iter 0026820: train nll 0.314, valid error 100.000%, best valid error 100.000%, avg grad norm  40.715, avg grad norm (post clip)   0.053, rho_Whh  1.13, Omega  0.00, alpha  0.000, steps in the past 0.000, valid nll 0.235
  [diag] log10|dL/dh_t| hist bins=60 range=(-12.50,-11.50) mean=-12.00 p50=-12.00 p05=-12.00 p95=-12.00
  [diag] sat-dist hist bins=60 sat<0.05=0.0% mean=0.580 p10=0.531 p90=0.631
Iter 0026840: train nll 0.275, valid error 100.000%, best valid error 100.000%, avg grad norm  51.154, avg grad norm (post clip)   0.053, rho_Whh  1.13, Omega  0.00, alpha  0.000, steps in the past 0.000, valid nll 0.233
  [diag] log10|dL/dh_t| hist bins=60 range=(-12.50,-11.50) mean=-12.00 p50=-12.00 p05=-12.00 p95=-12.00
  [diag] sat-dist hist bins=60 sat<0.05=0.0% mean=0.628 p10=0.538 p90=0.681
Iter 0026860: train nll 0.315, valid error 100.000%, best valid error 100.000%, avg grad norm  42.099, avg grad norm (post clip)   0.053, rho_Whh  1.13, Omega  0.00, alpha  0.000, steps in the past 0.000, valid nll 0.246
  [diag] log10|dL/dh_t| hist bins=60 range=(-12.50,-11.50) mean=-12.00 p50=-12.00 p05=-12.00 p95=-12.00
  [diag] sat-dist hist bins=60 sat<0.05=0.0% mean=0.628 p10=0.538 p90=0.681
Iter 0026880: train nll 0.281, valid error 100.000%, best valid error 100.000%, avg grad norm  40.793, avg grad norm (post clip)   0.053, rho_Whh  1.13, Omega  0.00, alpha  0.000, steps in the past 0.000, valid nll 0.245
  [diag] log10|dL/dh_t| hist bins=60 range=(-12.50,-11.50) mean=-12.00 p50=-12.00 p05=-12.00 p95=-12.00
  [diag] sat-dist hist bins=60 sat<0.05=0.0% mean=0.628 p10=0.538 p90=0.681
Iter 0026900: train nll 0.306, valid error 100.000%, best valid error 100.000%, avg grad norm  43.434, avg grad norm (post clip)   0.053, rho_Whh  1.13, Omega  0.00, alpha  0.000, steps in the past 0.000, valid nll 0.245
  [diag] log10|dL/dh_t| hist bins=60 range=(-12.50,-11.50) mean=-12.00 p50=-12.00 p05=-12.00 p95=-12.00
  [diag] sat-dist hist bins=60 sat<0.05=0.0% mean=0.599 p10=0.533 p90=0.675
Iter 0026920: train nll 0.273, valid error 100.000%, best valid error 100.000%, avg grad norm  48.366, avg grad norm (post clip)   0.053, rho_Whh  1.13, Omega  0.00, alpha  0.000, steps in the past 0.000, valid nll 0.223
  [diag] log10|dL/dh_t| hist bins=60 range=(-12.50,-11.50) mean=-12.00 p50=-12.00 p05=-12.00 p95=-12.00
  [diag] sat-dist hist bins=60 sat<0.05=0.0% mean=0.628 p10=0.538 p90=0.681
Iter 0026940: train nll 0.306, valid error 100.000%, best valid error 100.000%, avg grad norm  45.423, avg grad norm (post clip)   0.053, rho_Whh  1.13, Omega  0.00, alpha  0.000, steps in the past 0.000, valid nll 0.246
  [diag] log10|dL/dh_t| hist bins=60 range=(-12.50,-11.50) mean=-12.00 p50=-12.00 p05=-12.00 p95=-12.00
  [diag] sat-dist hist bins=60 sat<0.05=0.0% mean=0.629 p10=0.539 p90=0.681
Iter 0026960: train nll 0.285, valid error 100.000%, best valid error 100.000%, avg grad norm  49.587, avg grad norm (post clip)   0.053, rho_Whh  1.13, Omega  0.00, alpha  0.000, steps in the past 0.000, valid nll 0.246
  [diag] log10|dL/dh_t| hist bins=60 range=(-12.50,-11.50) mean=-12.00 p50=-12.00 p05=-12.00 p95=-12.00
  [diag] sat-dist hist bins=60 sat<0.05=0.0% mean=0.628 p10=0.538 p90=0.681
Iter 0026980: train nll 0.270, valid error 100.000%, best valid error 100.000%, avg grad norm  43.401, avg grad norm (post clip)   0.053, rho_Whh  1.13, Omega  0.00, alpha  0.000, steps in the past 0.000, valid nll 0.245
  [diag] log10|dL/dh_t| hist bins=60 range=(-12.50,-11.50) mean=-12.00 p50=-12.00 p05=-12.00 p95=-12.00
  [diag] sat-dist hist bins=60 sat<0.05=0.0% mean=0.599 p10=0.533 p90=0.675
Iter 0027000: train nll 0.270, valid error 100.000%, best valid error 100.000%, avg grad norm  49.808, avg grad norm (post clip)   0.053, rho_Whh  1.13, Omega  0.00, alpha  0.000, steps in the past 0.000, valid nll 0.223
  [diag] log10|dL/dh_t| hist bins=60 range=(-12.50,-11.50) mean=-12.00 p50=-12.00 p05=-12.00 p95=-12.00
  [diag] sat-dist hist bins=60 sat<0.05=0.0% mean=0.630 p10=0.539 p90=0.681
Iter 0027020: train nll 0.274, valid error 100.000%, best valid error 100.000%, avg grad norm  49.248, avg grad norm (post clip)   0.053, rho_Whh  1.13, Omega  0.00, alpha  0.000, steps in the past 0.000, valid nll 0.248
  [diag] log10|dL/dh_t| hist bins=60 range=(-12.50,-11.50) mean=-12.00 p50=-12.00 p05=-12.00 p95=-12.00
  [diag] sat-dist hist bins=60 sat<0.05=0.0% mean=0.629 p10=0.538 p90=0.681
Iter 0027040: train nll 0.260, valid error 100.000%, best valid error 100.000%, avg grad norm  52.235, avg grad norm (post clip)   0.053, rho_Whh  1.13, Omega  0.00, alpha  0.000, steps in the past 0.000, valid nll 0.247
  [diag] log10|dL/dh_t| hist bins=60 range=(-12.50,-11.50) mean=-12.00 p50=-12.00 p05=-12.00 p95=-12.00
  [diag] sat-dist hist bins=60 sat<0.05=0.0% mean=0.631 p10=0.538 p90=0.682
Iter 0027060: train nll 0.295, valid error 100.000%, best valid error 100.000%, avg grad norm  47.903, avg grad norm (post clip)   0.053, rho_Whh  1.13, Omega  0.00, alpha  0.000, steps in the past 0.000, valid nll 0.250
  [diag] log10|dL/dh_t| hist bins=60 range=(-12.50,-11.50) mean=-12.00 p50=-12.00 p05=-12.00 p95=-12.00
  [diag] sat-dist hist bins=60 sat<0.05=0.0% mean=0.605 p10=0.533 p90=0.679
Iter 0027080: train nll 0.308, valid error 100.000%, best valid error 100.000%, avg grad norm  49.338, avg grad norm (post clip)   0.053, rho_Whh  1.13, Omega  0.00, alpha  0.000, steps in the past 0.000, valid nll 0.223
  [diag] log10|dL/dh_t| hist bins=60 range=(-12.50,-11.50) mean=-12.00 p50=-12.00 p05=-12.00 p95=-12.00
  [diag] sat-dist hist bins=60 sat<0.05=0.0% mean=0.631 p10=0.539 p90=0.681
Iter 0027100: train nll 0.313, valid error 100.000%, best valid error 100.000%, avg grad norm  44.613, avg grad norm (post clip)   0.053, rho_Whh  1.13, Omega  0.00, alpha  0.000, steps in the past 0.000, valid nll 0.249
  [diag] log10|dL/dh_t| hist bins=60 range=(-12.50,-11.50) mean=-12.00 p50=-12.00 p05=-12.00 p95=-12.00
  [diag] sat-dist hist bins=60 sat<0.05=0.0% mean=0.621 p10=0.536 p90=0.680
Iter 0027120: train nll 0.273, valid error 100.000%, best valid error 100.000%, avg grad norm  48.391, avg grad norm (post clip)   0.053, rho_Whh  1.13, Omega  0.00, alpha  0.000, steps in the past 0.000, valid nll 0.234
  [diag] log10|dL/dh_t| hist bins=60 range=(-12.50,-11.50) mean=-12.00 p50=-12.00 p05=-12.00 p95=-12.00
  [diag] sat-dist hist bins=60 sat<0.05=0.0% mean=0.638 p10=0.542 p90=0.683
Iter 0027140: train nll 0.295, valid error 100.000%, best valid error 100.000%, avg grad norm  44.080, avg grad norm (post clip)   0.053, rho_Whh  1.13, Omega  0.00, alpha  0.000, steps in the past 0.000, valid nll 0.266
  [diag] log10|dL/dh_t| hist bins=60 range=(-12.50,-11.50) mean=-12.00 p50=-12.00 p05=-12.00 p95=-12.00
  [diag] sat-dist hist bins=60 sat<0.05=0.0% mean=0.621 p10=0.536 p90=0.680
Iter 0027160: train nll 0.312, valid error 100.000%, best valid error 100.000%, avg grad norm  35.810, avg grad norm (post clip)   0.053, rho_Whh  1.13, Omega  0.00, alpha  0.000, steps in the past 0.000, valid nll 0.234
  [diag] log10|dL/dh_t| hist bins=60 range=(-12.50,-11.50) mean=-12.00 p50=-12.00 p05=-12.00 p95=-12.00
  [diag] sat-dist hist bins=60 sat<0.05=0.0% mean=0.621 p10=0.536 p90=0.680
Iter 0027180: train nll 0.310, valid error 100.000%, best valid error 100.000%, avg grad norm  43.358, avg grad norm (post clip)   0.053, rho_Whh  1.13, Omega  0.00, alpha  0.000, steps in the past 0.000, valid nll 0.234
  [diag] log10|dL/dh_t| hist bins=60 range=(-12.50,-11.50) mean=-12.00 p50=-12.00 p05=-12.00 p95=-12.00
  [diag] sat-dist hist bins=60 sat<0.05=0.0% mean=0.621 p10=0.536 p90=0.680
Iter 0027200: train nll 0.313, valid error 100.000%, best valid error 100.000%, avg grad norm  41.228, avg grad norm (post clip)   0.053, rho_Whh  1.13, Omega  0.00, alpha  0.000, steps in the past 0.000, valid nll 0.234
  [diag] log10|dL/dh_t| hist bins=60 range=(-12.50,-11.50) mean=-12.00 p50=-12.00 p05=-12.00 p95=-12.00
  [diag] sat-dist hist bins=60 sat<0.05=0.0% mean=0.638 p10=0.542 p90=0.683
Iter 0027220: train nll 0.308, valid error 100.000%, best valid error 100.000%, avg grad norm  41.448, avg grad norm (post clip)   0.053, rho_Whh  1.13, Omega  0.00, alpha  0.000, steps in the past 0.000, valid nll 0.265
  [diag] log10|dL/dh_t| hist bins=60 range=(-12.50,-11.50) mean=-12.00 p50=-12.00 p05=-12.00 p95=-12.00
  [diag] sat-dist hist bins=60 sat<0.05=0.0% mean=0.620 p10=0.536 p90=0.680
Iter 0027240: train nll 0.272, valid error 100.000%, best valid error 100.000%, avg grad norm  47.180, avg grad norm (post clip)   0.053, rho_Whh  1.13, Omega  0.00, alpha  0.000, steps in the past 0.000, valid nll 0.233
  [diag] log10|dL/dh_t| hist bins=60 range=(-12.50,-11.50) mean=-12.00 p50=-12.00 p05=-12.00 p95=-12.00
  [diag] sat-dist hist bins=60 sat<0.05=0.0% mean=0.638 p10=0.542 p90=0.682
Iter 0027260: train nll 0.301, valid error 100.000%, best valid error 100.000%, avg grad norm  49.704, avg grad norm (post clip)   0.053, rho_Whh  1.13, Omega  0.00, alpha  0.000, steps in the past 0.000, valid nll 0.265
  [diag] log10|dL/dh_t| hist bins=60 range=(-12.50,-11.50) mean=-12.00 p50=-12.00 p05=-12.00 p95=-12.00
  [diag] sat-dist hist bins=60 sat<0.05=0.0% mean=0.620 p10=0.536 p90=0.680
Iter 0027280: train nll 0.291, valid error 100.000%, best valid error 100.000%, avg grad norm  45.990, avg grad norm (post clip)   0.053, rho_Whh  1.13, Omega  0.00, alpha  0.000, steps in the past 0.000, valid nll 0.233
  [diag] log10|dL/dh_t| hist bins=60 range=(-12.50,-11.50) mean=-12.00 p50=-12.00 p05=-12.00 p95=-12.00
  [diag] sat-dist hist bins=60 sat<0.05=0.0% mean=0.620 p10=0.536 p90=0.680
Iter 0027300: train nll 0.288, valid error 100.000%, best valid error 100.000%, avg grad norm  48.995, avg grad norm (post clip)   0.053, rho_Whh  1.13, Omega  0.00, alpha  0.000, steps in the past 0.000, valid nll 0.233
  [diag] log10|dL/dh_t| hist bins=60 range=(-12.50,-11.50) mean=-12.00 p50=-12.00 p05=-12.00 p95=-12.00
  [diag] sat-dist hist bins=60 sat<0.05=0.0% mean=0.620 p10=0.536 p90=0.679
Iter 0027320: train nll 0.325, valid error 100.000%, best valid error 100.000%, avg grad norm  40.772, avg grad norm (post clip)   0.053, rho_Whh  1.13, Omega  0.00, alpha  0.000, steps in the past 0.000, valid nll 0.233
  [diag] log10|dL/dh_t| hist bins=60 range=(-12.50,-11.50) mean=-12.00 p50=-12.00 p05=-12.00 p95=-12.00
  [diag] sat-dist hist bins=60 sat<0.05=0.0% mean=0.638 p10=0.542 p90=0.682
Iter 0027340: train nll 0.308, valid error 100.000%, best valid error 100.000%, avg grad norm  40.045, avg grad norm (post clip)   0.053, rho_Whh  1.13, Omega  0.00, alpha  0.000, steps in the past 0.000, valid nll 0.264
  [diag] log10|dL/dh_t| hist bins=60 range=(-12.50,-11.50) mean=-12.00 p50=-12.00 p05=-12.00 p95=-12.00
  [diag] sat-dist hist bins=60 sat<0.05=0.0% mean=0.620 p10=0.536 p90=0.679
Iter 0027360: train nll 0.285, valid error 100.000%, best valid error 100.000%, avg grad norm  47.746, avg grad norm (post clip)   0.053, rho_Whh  1.13, Omega  0.00, alpha  0.000, steps in the past 0.000, valid nll 0.232
  [diag] log10|dL/dh_t| hist bins=60 range=(-12.50,-11.50) mean=-12.00 p50=-12.00 p05=-12.00 p95=-12.00
  [diag] sat-dist hist bins=60 sat<0.05=0.0% mean=0.620 p10=0.537 p90=0.679
Iter 0027380: train nll 0.285, valid error 100.000%, best valid error 100.000%, avg grad norm  50.816, avg grad norm (post clip)   0.053, rho_Whh  1.13, Omega  0.00, alpha  0.000, steps in the past 0.000, valid nll 0.232
  [diag] log10|dL/dh_t| hist bins=60 range=(-12.50,-11.50) mean=-12.00 p50=-12.00 p05=-12.00 p95=-12.00
  [diag] sat-dist hist bins=60 sat<0.05=0.0% mean=0.637 p10=0.542 p90=0.682
Iter 0027400: train nll 0.267, valid error 100.000%, best valid error 100.000%, avg grad norm  43.349, avg grad norm (post clip)   0.053, rho_Whh  1.13, Omega  0.00, alpha  0.000, steps in the past 0.000, valid nll 0.262
  [diag] log10|dL/dh_t| hist bins=60 range=(-12.50,-11.50) mean=-12.00 p50=-12.00 p05=-12.00 p95=-12.00
  [diag] sat-dist hist bins=60 sat<0.05=0.0% mean=0.637 p10=0.542 p90=0.682
Iter 0027420: train nll 0.300, valid error 100.000%, best valid error 100.000%, avg grad norm  42.362, avg grad norm (post clip)   0.053, rho_Whh  1.13, Omega  0.00, alpha  0.000, steps in the past 0.000, valid nll 0.262
  [diag] log10|dL/dh_t| hist bins=60 range=(-12.50,-11.50) mean=-12.00 p50=-12.00 p05=-12.00 p95=-12.00
  [diag] sat-dist hist bins=60 sat<0.05=0.0% mean=0.633 p10=0.540 p90=0.681
Iter 0027440: train nll 0.321, valid error 100.000%, best valid error 100.000%, avg grad norm  35.265, avg grad norm (post clip)   0.053, rho_Whh  1.13, Omega  0.00, alpha  0.000, steps in the past 0.000, valid nll 0.254
  [diag] log10|dL/dh_t| hist bins=60 range=(-12.50,-11.50) mean=-12.00 p50=-12.00 p05=-12.00 p95=-12.00
  [diag] sat-dist hist bins=60 sat<0.05=0.0% mean=0.633 p10=0.541 p90=0.681
Iter 0027460: train nll 0.308, valid error 100.000%, best valid error 100.000%, avg grad norm  45.199, avg grad norm (post clip)   0.053, rho_Whh  1.13, Omega  0.00, alpha  0.000, steps in the past 0.000, valid nll 0.254
  [diag] log10|dL/dh_t| hist bins=60 range=(-12.50,-11.50) mean=-12.00 p50=-12.00 p05=-12.00 p95=-12.00
  [diag] sat-dist hist bins=60 sat<0.05=0.0% mean=0.612 p10=0.535 p90=0.678
Iter 0027480: train nll 0.287, valid error 100.000%, best valid error 100.000%, avg grad norm  45.880, avg grad norm (post clip)   0.053, rho_Whh  1.13, Omega  0.00, alpha  0.000, steps in the past 0.000, valid nll 0.226
  [diag] log10|dL/dh_t| hist bins=60 range=(-12.50,-11.50) mean=-12.00 p50=-12.00 p05=-12.00 p95=-12.00
  [diag] sat-dist hist bins=60 sat<0.05=0.0% mean=0.612 p10=0.535 p90=0.678
Iter 0027500: train nll 0.290, valid error 100.000%, best valid error 100.000%, avg grad norm  46.390, avg grad norm (post clip)   0.053, rho_Whh  1.13, Omega  0.00, alpha  0.000, steps in the past 0.000, valid nll 0.226
  [diag] log10|dL/dh_t| hist bins=60 range=(-12.50,-11.50) mean=-12.00 p50=-12.00 p05=-12.00 p95=-12.00
  [diag] sat-dist hist bins=60 sat<0.05=0.0% mean=0.612 p10=0.535 p90=0.678
Iter 0027520: train nll 0.285, valid error 100.000%, best valid error 100.000%, avg grad norm  48.336, avg grad norm (post clip)   0.053, rho_Whh  1.13, Omega  0.00, alpha  0.000, steps in the past 0.000, valid nll 0.226
  [diag] log10|dL/dh_t| hist bins=60 range=(-12.50,-11.50) mean=-12.00 p50=-12.00 p05=-12.00 p95=-12.00
  [diag] sat-dist hist bins=60 sat<0.05=0.0% mean=0.633 p10=0.541 p90=0.681
Iter 0027540: train nll 0.287, valid error 100.000%, best valid error 100.000%, avg grad norm  47.392, avg grad norm (post clip)   0.053, rho_Whh  1.13, Omega  0.00, alpha  0.000, steps in the past 0.000, valid nll 0.253
  [diag] log10|dL/dh_t| hist bins=60 range=(-12.50,-11.50) mean=-12.00 p50=-12.00 p05=-12.00 p95=-12.00
  [diag] sat-dist hist bins=60 sat<0.05=0.0% mean=0.610 p10=0.535 p90=0.678
Iter 0027560: train nll 0.267, valid error 100.000%, best valid error 100.000%, avg grad norm  41.516, avg grad norm (post clip)   0.053, rho_Whh  1.13, Omega  0.00, alpha  0.000, steps in the past 0.000, valid nll 0.225
  [diag] log10|dL/dh_t| hist bins=60 range=(-12.50,-11.50) mean=-12.00 p50=-12.00 p05=-12.00 p95=-12.00
  [diag] sat-dist hist bins=60 sat<0.05=0.0% mean=0.632 p10=0.540 p90=0.681
Iter 0027580: train nll 0.258, valid error 100.000%, best valid error 100.000%, avg grad norm  48.863, avg grad norm (post clip)   0.053, rho_Whh  1.13, Omega  0.00, alpha  0.000, steps in the past 0.000, valid nll 0.252
  [diag] log10|dL/dh_t| hist bins=60 range=(-12.50,-11.50) mean=-12.00 p50=-12.00 p05=-12.00 p95=-12.00
  [diag] sat-dist hist bins=60 sat<0.05=0.0% mean=0.645 p10=0.546 p90=0.684
Iter 0027600: train nll 0.313, valid error 100.000%, best valid error 100.000%, avg grad norm  41.169, avg grad norm (post clip)   0.053, rho_Whh  1.13, Omega  0.00, alpha  0.000, steps in the past 0.000, valid nll 0.284
  [diag] log10|dL/dh_t| hist bins=60 range=(-12.50,-11.50) mean=-12.00 p50=-12.00 p05=-12.00 p95=-12.00
  [diag] sat-dist hist bins=60 sat<0.05=0.0% mean=0.610 p10=0.534 p90=0.678
Iter 0027620: train nll 0.292, valid error 100.000%, best valid error 100.000%, avg grad norm  34.745, avg grad norm (post clip)   0.053, rho_Whh  1.13, Omega  0.00, alpha  0.000, steps in the past 0.000, valid nll 0.225
  [diag] log10|dL/dh_t| hist bins=60 range=(-12.50,-11.50) mean=-12.00 p50=-12.00 p05=-12.00 p95=-12.00
  [diag] sat-dist hist bins=60 sat<0.05=0.0% mean=0.610 p10=0.534 p90=0.678
Iter 0027640: train nll 0.285, valid error 100.000%, best valid error 100.000%, avg grad norm  51.977, avg grad norm (post clip)   0.053, rho_Whh  1.13, Omega  0.00, alpha  0.000, steps in the past 0.000, valid nll 0.225
  [diag] log10|dL/dh_t| hist bins=60 range=(-12.50,-11.50) mean=-12.00 p50=-12.00 p05=-12.00 p95=-12.00
  [diag] sat-dist hist bins=60 sat<0.05=0.0% mean=0.610 p10=0.535 p90=0.678
Iter 0027660: train nll 0.290, valid error 100.000%, best valid error 100.000%, avg grad norm  42.015, avg grad norm (post clip)   0.053, rho_Whh  1.13, Omega  0.00, alpha  0.000, steps in the past 0.000, valid nll 0.225
  [diag] log10|dL/dh_t| hist bins=60 range=(-12.50,-11.50) mean=-12.00 p50=-12.00 p05=-12.00 p95=-12.00
  [diag] sat-dist hist bins=60 sat<0.05=0.0% mean=0.611 p10=0.535 p90=0.679
Iter 0027680: train nll 0.264, valid error 100.000%, best valid error 100.000%, avg grad norm  41.899, avg grad norm (post clip)   0.053, rho_Whh  1.13, Omega  0.00, alpha  0.000, steps in the past 0.000, valid nll 0.225
  [diag] log10|dL/dh_t| hist bins=60 range=(-12.50,-11.50) mean=-12.00 p50=-12.00 p05=-12.00 p95=-12.00
  [diag] sat-dist hist bins=60 sat<0.05=0.0% mean=0.633 p10=0.540 p90=0.681
Iter 0027700: train nll 0.307, valid error 100.000%, best valid error 100.000%, avg grad norm  41.758, avg grad norm (post clip)   0.053, rho_Whh  1.13, Omega  0.00, alpha  0.000, steps in the past 0.000, valid nll 0.253
  [diag] log10|dL/dh_t| hist bins=60 range=(-12.50,-11.50) mean=-12.00 p50=-12.00 p05=-12.00 p95=-12.00
  [diag] sat-dist hist bins=60 sat<0.05=0.0% mean=0.630 p10=0.539 p90=0.681
Iter 0027720: train nll 0.262, valid error 100.000%, best valid error 100.000%, avg grad norm  46.651, avg grad norm (post clip)   0.053, rho_Whh  1.13, Omega  0.00, alpha  0.000, steps in the past 0.000, valid nll 0.246
  [diag] log10|dL/dh_t| hist bins=60 range=(-12.50,-11.50) mean=-12.00 p50=-12.00 p05=-12.00 p95=-12.00
  [diag] sat-dist hist bins=60 sat<0.05=0.0% mean=0.630 p10=0.539 p90=0.681
Iter 0027740: train nll 0.313, valid error 100.000%, best valid error 100.000%, avg grad norm  44.312, avg grad norm (post clip)   0.053, rho_Whh  1.13, Omega  0.00, alpha  0.000, steps in the past 0.000, valid nll 0.246
  [diag] log10|dL/dh_t| hist bins=60 range=(-12.50,-11.50) mean=-12.00 p50=-12.00 p05=-12.00 p95=-12.00
  [diag] sat-dist hist bins=60 sat<0.05=0.0% mean=0.622 p10=0.536 p90=0.680
Iter 0027760: train nll 0.280, valid error 100.000%, best valid error 100.000%, avg grad norm  45.628, avg grad norm (post clip)   0.053, rho_Whh  1.13, Omega  0.00, alpha  0.000, steps in the past 0.000, valid nll 0.234
  [diag] log10|dL/dh_t| hist bins=60 range=(-12.50,-11.50) mean=-12.00 p50=-12.00 p05=-12.00 p95=-12.00
  [diag] sat-dist hist bins=60 sat<0.05=0.0% mean=0.622 p10=0.536 p90=0.680
Iter 0027780: train nll 0.302, valid error 100.000%, best valid error 100.000%, avg grad norm  42.092, avg grad norm (post clip)   0.053, rho_Whh  1.13, Omega  0.00, alpha  0.000, steps in the past 0.000, valid nll 0.234
  [diag] log10|dL/dh_t| hist bins=60 range=(-12.50,-11.50) mean=-12.00 p50=-12.00 p05=-12.00 p95=-12.00
  [diag] sat-dist hist bins=60 sat<0.05=0.0% mean=0.622 p10=0.536 p90=0.680
Iter 0027800: train nll 0.307, valid error 100.000%, best valid error 100.000%, avg grad norm  43.737, avg grad norm (post clip)   0.053, rho_Whh  1.13, Omega  0.00, alpha  0.000, steps in the past 0.000, valid nll 0.234
  [diag] log10|dL/dh_t| hist bins=60 range=(-12.50,-11.50) mean=-12.00 p50=-12.00 p05=-12.00 p95=-12.00
  [diag] sat-dist hist bins=60 sat<0.05=0.0% mean=0.622 p10=0.536 p90=0.680
Iter 0027820: train nll 0.273, valid error 100.000%, best valid error 100.000%, avg grad norm  41.617, avg grad norm (post clip)   0.053, rho_Whh  1.13, Omega  0.00, alpha  0.000, steps in the past 0.000, valid nll 0.234
  [diag] log10|dL/dh_t| hist bins=60 range=(-12.50,-11.50) mean=-12.00 p50=-12.00 p05=-12.00 p95=-12.00
  [diag] sat-dist hist bins=60 sat<0.05=0.0% mean=0.639 p10=0.542 p90=0.683
Iter 0027840: train nll 0.284, valid error 100.000%, best valid error 100.000%, avg grad norm  45.533, avg grad norm (post clip)   0.053, rho_Whh  1.13, Omega  0.00, alpha  0.000, steps in the past 0.000, valid nll 0.266
  [diag] log10|dL/dh_t| hist bins=60 range=(-12.50,-11.50) mean=-12.00 p50=-12.00 p05=-12.00 p95=-12.00
  [diag] sat-dist hist bins=60 sat<0.05=0.0% mean=0.632 p10=0.539 p90=0.683
Iter 0027860: train nll 0.274, valid error 100.000%, best valid error 100.000%, avg grad norm  41.388, avg grad norm (post clip)   0.053, rho_Whh  1.13, Omega  0.00, alpha  0.000, steps in the past 0.000, valid nll 0.251
  [diag] log10|dL/dh_t| hist bins=60 range=(-12.50,-11.50) mean=-12.00 p50=-12.00 p05=-12.00 p95=-12.00
  [diag] sat-dist hist bins=60 sat<0.05=0.0% mean=0.645 p10=0.545 p90=0.685
Iter 0027880: train nll 0.277, valid error 100.000%, best valid error 100.000%, avg grad norm  52.075, avg grad norm (post clip)   0.053, rho_Whh  1.13, Omega  0.00, alpha  0.000, steps in the past 0.000, valid nll 0.284
  [diag] log10|dL/dh_t| hist bins=60 range=(-12.50,-11.50) mean=-12.00 p50=-12.00 p05=-12.00 p95=-12.00
  [diag] sat-dist hist bins=60 sat<0.05=0.0% mean=0.634 p10=0.539 p90=0.683
Iter 0027900: train nll 0.299, valid error 100.000%, best valid error 100.000%, avg grad norm  44.984, avg grad norm (post clip)   0.053, rho_Whh  1.13, Omega  0.00, alpha  0.000, steps in the past 0.000, valid nll 0.256
  [diag] log10|dL/dh_t| hist bins=60 range=(-12.50,-11.50) mean=-12.00 p50=-12.00 p05=-12.00 p95=-12.00
  [diag] sat-dist hist bins=60 sat<0.05=0.0% mean=0.645 p10=0.545 p90=0.685
Iter 0027920: train nll 0.308, valid error 100.000%, best valid error 100.000%, avg grad norm  39.688, avg grad norm (post clip)   0.053, rho_Whh  1.13, Omega  0.00, alpha  0.000, steps in the past 0.000, valid nll 0.286
  [diag] log10|dL/dh_t| hist bins=60 range=(-12.50,-11.50) mean=-12.00 p50=-12.00 p05=-12.00 p95=-12.00
  [diag] sat-dist hist bins=60 sat<0.05=0.0% mean=0.635 p10=0.539 p90=0.684
Iter 0027940: train nll 0.270, valid error 100.000%, best valid error 100.000%, avg grad norm  44.412, avg grad norm (post clip)   0.053, rho_Whh  1.13, Omega  0.00, alpha  0.000, steps in the past 0.000, valid nll 0.258
  [diag] log10|dL/dh_t| hist bins=60 range=(-12.50,-11.50) mean=-12.00 p50=-12.00 p05=-12.00 p95=-12.00
  [diag] sat-dist hist bins=60 sat<0.05=0.0% mean=0.615 p10=0.534 p90=0.681
Iter 0027960: train nll 0.288, valid error 100.000%, best valid error 100.000%, avg grad norm  43.035, avg grad norm (post clip)   0.053, rho_Whh  1.13, Omega  0.00, alpha  0.000, steps in the past 0.000, valid nll 0.228
  [diag] log10|dL/dh_t| hist bins=60 range=(-12.50,-11.50) mean=-12.00 p50=-12.00 p05=-12.00 p95=-12.00
  [diag] sat-dist hist bins=60 sat<0.05=0.0% mean=0.636 p10=0.540 p90=0.684
Iter 0027980: train nll 0.312, valid error 100.000%, best valid error 100.000%, avg grad norm  45.802, avg grad norm (post clip)   0.053, rho_Whh  1.13, Omega  0.00, alpha  0.000, steps in the past 0.000, valid nll 0.259
  [diag] log10|dL/dh_t| hist bins=60 range=(-12.50,-11.50) mean=-12.00 p50=-12.00 p05=-12.00 p95=-12.00
  [diag] sat-dist hist bins=60 sat<0.05=0.0% mean=0.636 p10=0.540 p90=0.684
Iter 0028000: train nll 0.279, valid error 100.000%, best valid error 100.000%, avg grad norm  44.745, avg grad norm (post clip)   0.053, rho_Whh  1.13, Omega  0.00, alpha  0.000, steps in the past 0.000, valid nll 0.260
  [diag] log10|dL/dh_t| hist bins=60 range=(-12.50,-11.50) mean=-12.00 p50=-12.00 p05=-12.00 p95=-12.00
  [diag] sat-dist hist bins=60 sat<0.05=0.0% mean=0.615 p10=0.534 p90=0.681
Iter 0028020: train nll 0.278, valid error 100.000%, best valid error 100.000%, avg grad norm  49.661, avg grad norm (post clip)   0.053, rho_Whh  1.13, Omega  0.00, alpha  0.000, steps in the past 0.000, valid nll 0.228
  [diag] log10|dL/dh_t| hist bins=60 range=(-12.50,-11.50) mean=-12.00 p50=-12.00 p05=-12.00 p95=-12.00
  [diag] sat-dist hist bins=60 sat<0.05=0.0% mean=0.632 p10=0.538 p90=0.684
Iter 0028040: train nll 0.262, valid error 100.000%, best valid error 100.000%, avg grad norm  41.995, avg grad norm (post clip)   0.053, rho_Whh  1.13, Omega  0.00, alpha  0.000, steps in the past 0.000, valid nll 0.251
  [diag] log10|dL/dh_t| hist bins=60 range=(-12.50,-11.50) mean=-12.00 p50=-12.00 p05=-12.00 p95=-12.00
  [diag] sat-dist hist bins=60 sat<0.05=0.0% mean=0.606 p10=0.532 p90=0.681
Iter 0028060: train nll 0.270, valid error 100.000%, best valid error 100.000%, avg grad norm  54.116, avg grad norm (post clip)   0.053, rho_Whh  1.13, Omega  0.00, alpha  0.000, steps in the past 0.000, valid nll 0.223
  [diag] log10|dL/dh_t| hist bins=60 range=(-12.50,-11.50) mean=-12.00 p50=-12.00 p05=-12.00 p95=-12.00
  [diag] sat-dist hist bins=60 sat<0.05=0.0% mean=0.632 p10=0.538 p90=0.683
Iter 0028080: train nll 0.328, valid error 100.000%, best valid error 100.000%, avg grad norm  45.127, avg grad norm (post clip)   0.053, rho_Whh  1.13, Omega  0.00, alpha  0.000, steps in the past 0.000, valid nll 0.251
  [diag] log10|dL/dh_t| hist bins=60 range=(-12.50,-11.50) mean=-12.00 p50=-12.00 p05=-12.00 p95=-12.00
  [diag] sat-dist hist bins=60 sat<0.05=0.0% mean=0.644 p10=0.544 p90=0.686
Iter 0028100: train nll 0.284, valid error 100.000%, best valid error 100.000%, avg grad norm  47.656, avg grad norm (post clip)   0.053, rho_Whh  1.13, Omega  0.00, alpha  0.000, steps in the past 0.000, valid nll 0.284
  [diag] log10|dL/dh_t| hist bins=60 range=(-12.50,-11.50) mean=-12.00 p50=-12.00 p05=-12.00 p95=-12.00
  [diag] sat-dist hist bins=60 sat<0.05=0.0% mean=0.606 p10=0.532 p90=0.681
Iter 0028120: train nll 0.280, valid error 100.000%, best valid error 100.000%, avg grad norm  43.441, avg grad norm (post clip)   0.053, rho_Whh  1.13, Omega  0.00, alpha  0.000, steps in the past 0.000, valid nll 0.223
  [diag] log10|dL/dh_t| hist bins=60 range=(-12.50,-11.50) mean=-12.00 p50=-12.00 p05=-12.00 p95=-12.00
  [diag] sat-dist hist bins=60 sat<0.05=0.0% mean=0.632 p10=0.538 p90=0.683
Iter 0028140: train nll 0.275, valid error 100.000%, best valid error 100.000%, avg grad norm  54.670, avg grad norm (post clip)   0.053, rho_Whh  1.13, Omega  0.00, alpha  0.000, steps in the past 0.000, valid nll 0.250
  [diag] log10|dL/dh_t| hist bins=60 range=(-12.50,-11.50) mean=-12.00 p50=-12.00 p05=-12.00 p95=-12.00
  [diag] sat-dist hist bins=60 sat<0.05=0.0% mean=0.606 p10=0.532 p90=0.680
Iter 0028160: train nll 0.296, valid error 100.000%, best valid error 100.000%, avg grad norm  38.345, avg grad norm (post clip)   0.053, rho_Whh  1.13, Omega  0.00, alpha  0.000, steps in the past 0.000, valid nll 0.223
  [diag] log10|dL/dh_t| hist bins=60 range=(-12.50,-11.50) mean=-12.00 p50=-12.00 p05=-12.00 p95=-12.00
  [diag] sat-dist hist bins=60 sat<0.05=0.0% mean=0.606 p10=0.533 p90=0.680
Iter 0028180: train nll 0.294, valid error 100.000%, best valid error 100.000%, avg grad norm  51.129, avg grad norm (post clip)   0.053, rho_Whh  1.13, Omega  0.00, alpha  0.000, steps in the past 0.000, valid nll 0.223
  [diag] log10|dL/dh_t| hist bins=60 range=(-12.50,-11.50) mean=-12.00 p50=-12.00 p05=-12.00 p95=-12.00
  [diag] sat-dist hist bins=60 sat<0.05=0.0% mean=0.644 p10=0.545 p90=0.685
Iter 0028200: train nll 0.332, valid error 100.000%, best valid error 100.000%, avg grad norm  38.714, avg grad norm (post clip)   0.053, rho_Whh  1.13, Omega  0.00, alpha  0.000, steps in the past 0.000, valid nll 0.283
  [diag] log10|dL/dh_t| hist bins=60 range=(-12.50,-11.50) mean=-12.00 p50=-12.00 p05=-12.00 p95=-12.00
  [diag] sat-dist hist bins=60 sat<0.05=0.0% mean=0.606 p10=0.533 p90=0.680
Iter 0028220: train nll 0.283, valid error 100.000%, best valid error 100.000%, avg grad norm  45.309, avg grad norm (post clip)   0.053, rho_Whh  1.13, Omega  0.00, alpha  0.000, steps in the past 0.000, valid nll 0.223
  [diag] log10|dL/dh_t| hist bins=60 range=(-12.50,-11.50) mean=-12.00 p50=-12.00 p05=-12.00 p95=-12.00
  [diag] sat-dist hist bins=60 sat<0.05=0.0% mean=0.632 p10=0.539 p90=0.683
Iter 0028240: train nll 0.270, valid error 100.000%, best valid error 100.000%, avg grad norm  54.631, avg grad norm (post clip)   0.053, rho_Whh  1.13, Omega  0.00, alpha  0.000, steps in the past 0.000, valid nll 0.250
  [diag] log10|dL/dh_t| hist bins=60 range=(-12.50,-11.50) mean=-12.00 p50=-12.00 p05=-12.00 p95=-12.00
  [diag] sat-dist hist bins=60 sat<0.05=0.0% mean=0.607 p10=0.533 p90=0.680
Iter 0028260: train nll 0.314, valid error 100.000%, best valid error 100.000%, avg grad norm  41.573, avg grad norm (post clip)   0.053, rho_Whh  1.13, Omega  0.00, alpha  0.000, steps in the past 0.000, valid nll 0.223
  [diag] log10|dL/dh_t| hist bins=60 range=(-12.50,-11.50) mean=-12.00 p50=-12.00 p05=-12.00 p95=-12.00
  [diag] sat-dist hist bins=60 sat<0.05=0.0% mean=0.632 p10=0.539 p90=0.682
Iter 0028280: train nll 0.263, valid error 100.000%, best valid error 100.000%, avg grad norm  55.309, avg grad norm (post clip)   0.053, rho_Whh  1.13, Omega  0.00, alpha  0.000, steps in the past 0.000, valid nll 0.250
  [diag] log10|dL/dh_t| hist bins=60 range=(-12.50,-11.50) mean=-12.00 p50=-12.00 p05=-12.00 p95=-12.00
  [diag] sat-dist hist bins=60 sat<0.05=0.0% mean=0.607 p10=0.533 p90=0.679
Iter 0028300: train nll 0.310, valid error 100.000%, best valid error 100.000%, avg grad norm  38.663, avg grad norm (post clip)   0.053, rho_Whh  1.13, Omega  0.00, alpha  0.000, steps in the past 0.000, valid nll 0.223
  [diag] log10|dL/dh_t| hist bins=60 range=(-12.50,-11.50) mean=-12.00 p50=-12.00 p05=-12.00 p95=-12.00
  [diag] sat-dist hist bins=60 sat<0.05=0.0% mean=0.607 p10=0.533 p90=0.679
Iter 0028320: train nll 0.272, valid error 100.000%, best valid error 100.000%, avg grad norm  50.554, avg grad norm (post clip)   0.053, rho_Whh  1.13, Omega  0.00, alpha  0.000, steps in the past 0.000, valid nll 0.223
  [diag] log10|dL/dh_t| hist bins=60 range=(-12.50,-11.50) mean=-12.00 p50=-12.00 p05=-12.00 p95=-12.00
  [diag] sat-dist hist bins=60 sat<0.05=0.0% mean=0.607 p10=0.533 p90=0.679
Iter 0028340: train nll 0.289, valid error 100.000%, best valid error 100.000%, avg grad norm  54.703, avg grad norm (post clip)   0.053, rho_Whh  1.13, Omega  0.00, alpha  0.000, steps in the past 0.000, valid nll 0.223
  [diag] log10|dL/dh_t| hist bins=60 range=(-12.50,-11.50) mean=-12.00 p50=-12.00 p05=-12.00 p95=-12.00
  [diag] sat-dist hist bins=60 sat<0.05=0.0% mean=0.643 p10=0.544 p90=0.685
Iter 0028360: train nll 0.283, valid error 100.000%, best valid error 100.000%, avg grad norm  41.794, avg grad norm (post clip)   0.053, rho_Whh  1.13, Omega  0.00, alpha  0.000, steps in the past 0.000, valid nll 0.277
  [diag] log10|dL/dh_t| hist bins=60 range=(-12.50,-11.50) mean=-12.00 p50=-12.00 p05=-12.00 p95=-12.00
  [diag] sat-dist hist bins=60 sat<0.05=0.0% mean=0.629 p10=0.538 p90=0.682
Iter 0028380: train nll 0.290, valid error 100.000%, best valid error 100.000%, avg grad norm  42.480, avg grad norm (post clip)   0.053, rho_Whh  1.13, Omega  0.00, alpha  0.000, steps in the past 0.000, valid nll 0.244
  [diag] log10|dL/dh_t| hist bins=60 range=(-12.50,-11.50) mean=-12.00 p50=-12.00 p05=-12.00 p95=-12.00
  [diag] sat-dist hist bins=60 sat<0.05=0.0% mean=0.630 p10=0.538 p90=0.683
Iter 0028400: train nll 0.280, valid error 100.000%, best valid error 100.000%, avg grad norm  46.445, avg grad norm (post clip)   0.053, rho_Whh  1.13, Omega  0.00, alpha  0.000, steps in the past 0.000, valid nll 0.247
  [diag] log10|dL/dh_t| hist bins=60 range=(-12.50,-11.50) mean=-12.00 p50=-12.00 p05=-12.00 p95=-12.00
  [diag] sat-dist hist bins=60 sat<0.05=0.0% mean=0.603 p10=0.532 p90=0.680
Iter 0028420: train nll 0.291, valid error 100.000%, best valid error 100.000%, avg grad norm  43.217, avg grad norm (post clip)   0.053, rho_Whh  1.13, Omega  0.00, alpha  0.000, steps in the past 0.000, valid nll 0.222
  [diag] log10|dL/dh_t| hist bins=60 range=(-12.50,-11.50) mean=-12.00 p50=-12.00 p05=-12.00 p95=-12.00
  [diag] sat-dist hist bins=60 sat<0.05=0.0% mean=0.603 p10=0.532 p90=0.680
Iter 0028440: train nll 0.274, valid error 100.000%, best valid error 100.000%, avg grad norm  44.309, avg grad norm (post clip)   0.053, rho_Whh  1.13, Omega  0.00, alpha  0.000, steps in the past 0.000, valid nll 0.222
  [diag] log10|dL/dh_t| hist bins=60 range=(-12.50,-11.50) mean=-12.00 p50=-12.00 p05=-12.00 p95=-12.00
  [diag] sat-dist hist bins=60 sat<0.05=0.0% mean=0.603 p10=0.532 p90=0.680
Iter 0028460: train nll 0.309, valid error 100.000%, best valid error 100.000%, avg grad norm  48.068, avg grad norm (post clip)   0.053, rho_Whh  1.13, Omega  0.00, alpha  0.000, steps in the past 0.000, valid nll 0.222
  [diag] log10|dL/dh_t| hist bins=60 range=(-12.50,-11.50) mean=-12.00 p50=-12.00 p05=-12.00 p95=-12.00
  [diag] sat-dist hist bins=60 sat<0.05=0.0% mean=0.604 p10=0.532 p90=0.680
Iter 0028480: train nll 0.275, valid error 100.000%, best valid error 100.000%, avg grad norm  43.048, avg grad norm (post clip)   0.053, rho_Whh  1.13, Omega  0.00, alpha  0.000, steps in the past 0.000, valid nll 0.222
  [diag] log10|dL/dh_t| hist bins=60 range=(-12.50,-11.50) mean=-12.00 p50=-12.00 p05=-12.00 p95=-12.00
  [diag] sat-dist hist bins=60 sat<0.05=0.0% mean=0.605 p10=0.532 p90=0.680
Iter 0028500: train nll 0.262, valid error 100.000%, best valid error 100.000%, avg grad norm  45.585, avg grad norm (post clip)   0.053, rho_Whh  1.13, Omega  0.00, alpha  0.000, steps in the past 0.000, valid nll 0.222
  [diag] log10|dL/dh_t| hist bins=60 range=(-12.50,-11.50) mean=-12.00 p50=-12.00 p05=-12.00 p95=-12.00
  [diag] sat-dist hist bins=60 sat<0.05=0.0% mean=0.631 p10=0.538 p90=0.683
Iter 0028520: train nll 0.265, valid error 100.000%, best valid error 100.000%, avg grad norm  47.735, avg grad norm (post clip)   0.053, rho_Whh  1.13, Omega  0.00, alpha  0.000, steps in the past 0.000, valid nll 0.248
  [diag] log10|dL/dh_t| hist bins=60 range=(-12.50,-11.50) mean=-12.00 p50=-12.00 p05=-12.00 p95=-12.00
  [diag] sat-dist hist bins=60 sat<0.05=0.0% mean=0.605 p10=0.533 p90=0.680
Iter 0028540: train nll 0.306, valid error 100.000%, best valid error 100.000%, avg grad norm  41.788, avg grad norm (post clip)   0.053, rho_Whh  1.13, Omega  0.00, alpha  0.000, steps in the past 0.000, valid nll 0.222
  [diag] log10|dL/dh_t| hist bins=60 range=(-12.50,-11.50) mean=-12.00 p50=-12.00 p05=-12.00 p95=-12.00
  [diag] sat-dist hist bins=60 sat<0.05=0.0% mean=0.606 p10=0.533 p90=0.680
Iter 0028560: train nll 0.273, valid error 100.000%, best valid error 100.000%, avg grad norm  50.691, avg grad norm (post clip)   0.053, rho_Whh  1.13, Omega  0.00, alpha  0.000, steps in the past 0.000, valid nll 0.223
  [diag] log10|dL/dh_t| hist bins=60 range=(-12.50,-11.50) mean=-12.00 p50=-12.00 p05=-12.00 p95=-12.00
  [diag] sat-dist hist bins=60 sat<0.05=0.0% mean=0.606 p10=0.533 p90=0.680
Iter 0028580: train nll 0.253, valid error 100.000%, best valid error 100.000%, avg grad norm  57.121, avg grad norm (post clip)   0.053, rho_Whh  1.13, Omega  0.00, alpha  0.000, steps in the past 0.000, valid nll 0.223
  [diag] log10|dL/dh_t| hist bins=60 range=(-12.50,-11.50) mean=-12.00 p50=-12.00 p05=-12.00 p95=-12.00
  [diag] sat-dist hist bins=60 sat<0.05=0.0% mean=0.632 p10=0.539 p90=0.683
Iter 0028600: train nll 0.332, valid error 100.000%, best valid error 100.000%, avg grad norm  41.558, avg grad norm (post clip)   0.053, rho_Whh  1.13, Omega  0.00, alpha  0.000, steps in the past 0.000, valid nll 0.249
  [diag] log10|dL/dh_t| hist bins=60 range=(-12.50,-11.50) mean=-12.00 p50=-12.00 p05=-12.00 p95=-12.00
  [diag] sat-dist hist bins=60 sat<0.05=0.0% mean=0.606 p10=0.533 p90=0.680
Iter 0028620: train nll 0.300, valid error 100.000%, best valid error 100.000%, avg grad norm  48.761, avg grad norm (post clip)   0.053, rho_Whh  1.13, Omega  0.00, alpha  0.000, steps in the past 0.000, valid nll 0.223
  [diag] log10|dL/dh_t| hist bins=60 range=(-12.50,-11.50) mean=-12.00 p50=-12.00 p05=-12.00 p95=-12.00
  [diag] sat-dist hist bins=60 sat<0.05=0.0% mean=0.644 p10=0.545 p90=0.685
Iter 0028640: train nll 0.319, valid error 100.000%, best valid error 100.000%, avg grad norm  42.489, avg grad norm (post clip)   0.053, rho_Whh  1.13, Omega  0.00, alpha  0.000, steps in the past 0.000, valid nll 0.281
  [diag] log10|dL/dh_t| hist bins=60 range=(-12.50,-11.50) mean=-12.00 p50=-12.00 p05=-12.00 p95=-12.00
  [diag] sat-dist hist bins=60 sat<0.05=0.0% mean=0.632 p10=0.539 p90=0.682
Iter 0028660: train nll 0.289, valid error 100.000%, best valid error 100.000%, avg grad norm  43.494, avg grad norm (post clip)   0.053, rho_Whh  1.13, Omega  0.00, alpha  0.000, steps in the past 0.000, valid nll 0.249
  [diag] log10|dL/dh_t| hist bins=60 range=(-12.50,-11.50) mean=-12.00 p50=-12.00 p05=-12.00 p95=-12.00
  [diag] sat-dist hist bins=60 sat<0.05=0.0% mean=0.606 p10=0.533 p90=0.679
Iter 0028680: train nll 0.300, valid error 100.000%, best valid error 100.000%, avg grad norm  45.135, avg grad norm (post clip)   0.053, rho_Whh  1.13, Omega  0.00, alpha  0.000, steps in the past 0.000, valid nll 0.223
  [diag] log10|dL/dh_t| hist bins=60 range=(-12.50,-11.50) mean=-12.00 p50=-12.00 p05=-12.00 p95=-12.00
  [diag] sat-dist hist bins=60 sat<0.05=0.0% mean=0.606 p10=0.533 p90=0.679
Iter 0028700: train nll 0.317, valid error 100.000%, best valid error 100.000%, avg grad norm  38.445, avg grad norm (post clip)   0.053, rho_Whh  1.13, Omega  0.00, alpha  0.000, steps in the past 0.000, valid nll 0.222
  [diag] log10|dL/dh_t| hist bins=60 range=(-12.50,-11.50) mean=-12.00 p50=-12.00 p05=-12.00 p95=-12.00
  [diag] sat-dist hist bins=60 sat<0.05=0.0% mean=0.606 p10=0.533 p90=0.679
Iter 0028720: train nll 0.265, valid error 100.000%, best valid error 100.000%, avg grad norm  46.273, avg grad norm (post clip)   0.053, rho_Whh  1.13, Omega  0.00, alpha  0.000, steps in the past 0.000, valid nll 0.222
  [diag] log10|dL/dh_t| hist bins=60 range=(-12.50,-11.50) mean=-12.00 p50=-12.00 p05=-12.00 p95=-12.00
  [diag] sat-dist hist bins=60 sat<0.05=0.0% mean=0.606 p10=0.533 p90=0.679
Iter 0028740: train nll 0.257, valid error 100.000%, best valid error 100.000%, avg grad norm  54.089, avg grad norm (post clip)   0.053, rho_Whh  1.13, Omega  0.00, alpha  0.000, steps in the past 0.000, valid nll 0.222
  [diag] log10|dL/dh_t| hist bins=60 range=(-12.50,-11.50) mean=-12.00 p50=-12.00 p05=-12.00 p95=-12.00
  [diag] sat-dist hist bins=60 sat<0.05=0.0% mean=0.630 p10=0.538 p90=0.682
Iter 0028760: train nll 0.284, valid error 100.000%, best valid error 100.000%, avg grad norm  43.019, avg grad norm (post clip)   0.053, rho_Whh  1.13, Omega  0.00, alpha  0.000, steps in the past 0.000, valid nll 0.246
  [diag] log10|dL/dh_t| hist bins=60 range=(-12.50,-11.50) mean=-12.00 p50=-12.00 p05=-12.00 p95=-12.00
  [diag] sat-dist hist bins=60 sat<0.05=0.0% mean=0.604 p10=0.533 p90=0.679
Iter 0028780: train nll 0.290, valid error 100.000%, best valid error 100.000%, avg grad norm  46.448, avg grad norm (post clip)   0.053, rho_Whh  1.13, Omega  0.00, alpha  0.000, steps in the past 0.000, valid nll 0.222
  [diag] log10|dL/dh_t| hist bins=60 range=(-12.50,-11.50) mean=-12.00 p50=-12.00 p05=-12.00 p95=-12.00
  [diag] sat-dist hist bins=60 sat<0.05=0.0% mean=0.604 p10=0.533 p90=0.679
Iter 0028800: train nll 0.280, valid error 100.000%, best valid error 100.000%, avg grad norm  49.198, avg grad norm (post clip)   0.053, rho_Whh  1.13, Omega  0.00, alpha  0.000, steps in the past 0.000, valid nll 0.222
  [diag] log10|dL/dh_t| hist bins=60 range=(-12.50,-11.50) mean=-12.00 p50=-12.00 p05=-12.00 p95=-12.00
  [diag] sat-dist hist bins=60 sat<0.05=0.0% mean=0.631 p10=0.539 p90=0.682
Iter 0028820: train nll 0.288, valid error 100.000%, best valid error 100.000%, avg grad norm  45.034, avg grad norm (post clip)   0.053, rho_Whh  1.13, Omega  0.00, alpha  0.000, steps in the past 0.000, valid nll 0.247
  [diag] log10|dL/dh_t| hist bins=60 range=(-12.50,-11.50) mean=-12.00 p50=-12.00 p05=-12.00 p95=-12.00
  [diag] sat-dist hist bins=60 sat<0.05=0.0% mean=0.605 p10=0.533 p90=0.680
Iter 0028840: train nll 0.248, valid error 100.000%, best valid error 100.000%, avg grad norm  50.382, avg grad norm (post clip)   0.053, rho_Whh  1.13, Omega  0.00, alpha  0.000, steps in the past 0.000, valid nll 0.222
  [diag] log10|dL/dh_t| hist bins=60 range=(-12.50,-11.50) mean=-12.00 p50=-12.00 p05=-12.00 p95=-12.00
  [diag] sat-dist hist bins=60 sat<0.05=0.0% mean=0.637 p10=0.540 p90=0.684
Iter 0028860: train nll 0.312, valid error 100.000%, best valid error 100.000%, avg grad norm  34.656, avg grad norm (post clip)   0.053, rho_Whh  1.13, Omega  0.00, alpha  0.000, steps in the past 0.000, valid nll 0.261
  [diag] log10|dL/dh_t| hist bins=60 range=(-12.50,-11.50) mean=-12.00 p50=-12.00 p05=-12.00 p95=-12.00
  [diag] sat-dist hist bins=60 sat<0.05=0.0% mean=0.637 p10=0.541 p90=0.684
Iter 0028880: train nll 0.291, valid error 100.000%, best valid error 100.000%, avg grad norm  52.396, avg grad norm (post clip)   0.053, rho_Whh  1.13, Omega  0.00, alpha  0.000, steps in the past 0.000, valid nll 0.261
  [diag] log10|dL/dh_t| hist bins=60 range=(-12.50,-11.50) mean=-12.00 p50=-12.00 p05=-12.00 p95=-12.00
  [diag] sat-dist hist bins=60 sat<0.05=0.0% mean=0.637 p10=0.541 p90=0.684
Iter 0028900: train nll 0.285, valid error 100.000%, best valid error 100.000%, avg grad norm  46.490, avg grad norm (post clip)   0.053, rho_Whh  1.13, Omega  0.00, alpha  0.000, steps in the past 0.000, valid nll 0.261
  [diag] log10|dL/dh_t| hist bins=60 range=(-12.50,-11.50) mean=-12.00 p50=-12.00 p05=-12.00 p95=-12.00
  [diag] sat-dist hist bins=60 sat<0.05=0.0% mean=0.648 p10=0.547 p90=0.686
Iter 0028920: train nll 0.316, valid error 100.000%, best valid error 100.000%, avg grad norm  45.242, avg grad norm (post clip)   0.053, rho_Whh  1.13, Omega  0.00, alpha  0.000, steps in the past 0.000, valid nll 0.292
  [diag] log10|dL/dh_t| hist bins=60 range=(-12.50,-11.50) mean=-12.00 p50=-12.00 p05=-12.00 p95=-12.00
  [diag] sat-dist hist bins=60 sat<0.05=0.0% mean=0.619 p10=0.535 p90=0.681
Iter 0028940: train nll 0.279, valid error 100.000%, best valid error 100.000%, avg grad norm  37.210, avg grad norm (post clip)   0.053, rho_Whh  1.13, Omega  0.00, alpha  0.000, steps in the past 0.000, valid nll 0.230
  [diag] log10|dL/dh_t| hist bins=60 range=(-12.50,-11.50) mean=-12.00 p50=-12.00 p05=-12.00 p95=-12.00
  [diag] sat-dist hist bins=60 sat<0.05=0.0% mean=0.619 p10=0.535 p90=0.681
Iter 0028960: train nll 0.288, valid error 100.000%, best valid error 100.000%, avg grad norm  50.166, avg grad norm (post clip)   0.053, rho_Whh  1.13, Omega  0.00, alpha  0.000, steps in the past 0.000, valid nll 0.230
  [diag] log10|dL/dh_t| hist bins=60 range=(-12.50,-11.50) mean=-12.00 p50=-12.00 p05=-12.00 p95=-12.00
  [diag] sat-dist hist bins=60 sat<0.05=0.0% mean=0.619 p10=0.536 p90=0.681
Iter 0028980: train nll 0.320, valid error 100.000%, best valid error 100.000%, avg grad norm  40.566, avg grad norm (post clip)   0.053, rho_Whh  1.13, Omega  0.00, alpha  0.000, steps in the past 0.000, valid nll 0.230
  [diag] log10|dL/dh_t| hist bins=60 range=(-12.50,-11.50) mean=-12.00 p50=-12.00 p05=-12.00 p95=-12.00
  [diag] sat-dist hist bins=60 sat<0.05=0.0% mean=0.619 p10=0.536 p90=0.680
Iter 0029000: train nll 0.314, valid error 100.000%, best valid error 100.000%, avg grad norm  41.177, avg grad norm (post clip)   0.053, rho_Whh  1.13, Omega  0.00, alpha  0.000, steps in the past 0.000, valid nll 0.230
  [diag] log10|dL/dh_t| hist bins=60 range=(-12.50,-11.50) mean=-12.00 p50=-12.00 p05=-12.00 p95=-12.00
  [diag] sat-dist hist bins=60 sat<0.05=0.0% mean=0.637 p10=0.542 p90=0.683
Iter 0029020: train nll 0.298, valid error 100.000%, best valid error 100.000%, avg grad norm  42.122, avg grad norm (post clip)   0.053, rho_Whh  1.13, Omega  0.00, alpha  0.000, steps in the past 0.000, valid nll 0.260
  [diag] log10|dL/dh_t| hist bins=60 range=(-12.50,-11.50) mean=-12.00 p50=-12.00 p05=-12.00 p95=-12.00
  [diag] sat-dist hist bins=60 sat<0.05=0.0% mean=0.619 p10=0.536 p90=0.680
Iter 0029040: train nll 0.286, valid error 100.000%, best valid error 100.000%, avg grad norm  45.328, avg grad norm (post clip)   0.053, rho_Whh  1.13, Omega  0.00, alpha  0.000, steps in the past 0.000, valid nll 0.230
  [diag] log10|dL/dh_t| hist bins=60 range=(-12.50,-11.50) mean=-12.00 p50=-12.00 p05=-12.00 p95=-12.00
  [diag] sat-dist hist bins=60 sat<0.05=0.0% mean=0.573 p10=0.530 p90=0.608
Iter 0029060: train nll 0.256, valid error 100.000%, best valid error 100.000%, avg grad norm  47.206, avg grad norm (post clip)   0.053, rho_Whh  1.13, Omega  0.00, alpha  0.000, steps in the past 0.000, valid nll 0.241
  [diag] log10|dL/dh_t| hist bins=60 range=(-12.50,-11.50) mean=-12.00 p50=-12.00 p05=-12.00 p95=-12.00
  [diag] sat-dist hist bins=60 sat<0.05=0.0% mean=0.574 p10=0.530 p90=0.611
Iter 0029080: train nll 0.280, valid error 100.000%, best valid error 100.000%, avg grad norm  43.389, avg grad norm (post clip)   0.053, rho_Whh  1.13, Omega  0.00, alpha  0.000, steps in the past 0.000, valid nll 0.240
  [diag] log10|dL/dh_t| hist bins=60 range=(-12.50,-11.50) mean=-12.00 p50=-12.00 p05=-12.00 p95=-12.00
  [diag] sat-dist hist bins=60 sat<0.05=0.0% mean=0.574 p10=0.530 p90=0.612
Iter 0029100: train nll 0.262, valid error 100.000%, best valid error 100.000%, avg grad norm  54.381, avg grad norm (post clip)   0.053, rho_Whh  1.13, Omega  0.00, alpha  0.000, steps in the past 0.000, valid nll 0.239
  [diag] log10|dL/dh_t| hist bins=60 range=(-12.50,-11.50) mean=-12.00 p50=-12.00 p05=-12.00 p95=-12.00
  [diag] sat-dist hist bins=60 sat<0.05=0.0% mean=0.620 p10=0.536 p90=0.680
Iter 0029120: train nll 0.270, valid error 100.000%, best valid error 100.000%, avg grad norm  49.804, avg grad norm (post clip)   0.053, rho_Whh  1.13, Omega  0.00, alpha  0.000, steps in the past 0.000, valid nll 0.230
  [diag] log10|dL/dh_t| hist bins=60 range=(-12.50,-11.50) mean=-12.00 p50=-12.00 p05=-12.00 p95=-12.00
  [diag] sat-dist hist bins=60 sat<0.05=0.0% mean=0.638 p10=0.542 p90=0.683
Iter 0029140: train nll 0.275, valid error 100.000%, best valid error 100.000%, avg grad norm  43.777, avg grad norm (post clip)   0.053, rho_Whh  1.13, Omega  0.00, alpha  0.000, steps in the past 0.000, valid nll 0.261
  [diag] log10|dL/dh_t| hist bins=60 range=(-12.50,-11.50) mean=-12.00 p50=-12.00 p05=-12.00 p95=-12.00
  [diag] sat-dist hist bins=60 sat<0.05=0.0% mean=0.638 p10=0.542 p90=0.683
Iter 0029160: train nll 0.303, valid error 100.000%, best valid error 100.000%, avg grad norm  42.965, avg grad norm (post clip)   0.053, rho_Whh  1.13, Omega  0.00, alpha  0.000, steps in the past 0.000, valid nll 0.260
  [diag] log10|dL/dh_t| hist bins=60 range=(-12.50,-11.50) mean=-12.00 p50=-12.00 p05=-12.00 p95=-12.00
  [diag] sat-dist hist bins=60 sat<0.05=0.0% mean=0.620 p10=0.536 p90=0.680
Iter 0029180: train nll 0.282, valid error 100.000%, best valid error 100.000%, avg grad norm  44.280, avg grad norm (post clip)   0.053, rho_Whh  1.13, Omega  0.00, alpha  0.000, steps in the past 0.000, valid nll 0.231
  [diag] log10|dL/dh_t| hist bins=60 range=(-12.50,-11.50) mean=-12.00 p50=-12.00 p05=-12.00 p95=-12.00
  [diag] sat-dist hist bins=60 sat<0.05=0.0% mean=0.620 p10=0.536 p90=0.680
Iter 0029200: train nll 0.264, valid error 100.000%, best valid error 100.000%, avg grad norm  52.494, avg grad norm (post clip)   0.053, rho_Whh  1.13, Omega  0.00, alpha  0.000, steps in the past 0.000, valid nll 0.230
  [diag] log10|dL/dh_t| hist bins=60 range=(-12.50,-11.50) mean=-12.00 p50=-12.00 p05=-12.00 p95=-12.00
  [diag] sat-dist hist bins=60 sat<0.05=0.0% mean=0.620 p10=0.536 p90=0.680
Iter 0029220: train nll 0.272, valid error 100.000%, best valid error 100.000%, avg grad norm  47.676, avg grad norm (post clip)   0.053, rho_Whh  1.13, Omega  0.00, alpha  0.000, steps in the past 0.000, valid nll 0.230
  [diag] log10|dL/dh_t| hist bins=60 range=(-12.50,-11.50) mean=-12.00 p50=-12.00 p05=-12.00 p95=-12.00
  [diag] sat-dist hist bins=60 sat<0.05=0.0% mean=0.619 p10=0.536 p90=0.680
Iter 0029240: train nll 0.283, valid error 100.000%, best valid error 100.000%, avg grad norm  46.187, avg grad norm (post clip)   0.053, rho_Whh  1.13, Omega  0.00, alpha  0.000, steps in the past 0.000, valid nll 0.230
  [diag] log10|dL/dh_t| hist bins=60 range=(-12.50,-11.50) mean=-12.00 p50=-12.00 p05=-12.00 p95=-12.00
  [diag] sat-dist hist bins=60 sat<0.05=0.0% mean=0.638 p10=0.542 p90=0.683
Iter 0029260: train nll 0.287, valid error 100.000%, best valid error 100.000%, avg grad norm  41.347, avg grad norm (post clip)   0.053, rho_Whh  1.13, Omega  0.00, alpha  0.000, steps in the past 0.000, valid nll 0.260
  [diag] log10|dL/dh_t| hist bins=60 range=(-12.50,-11.50) mean=-12.00 p50=-12.00 p05=-12.00 p95=-12.00
  [diag] sat-dist hist bins=60 sat<0.05=0.0% mean=0.620 p10=0.536 p90=0.681
Iter 0029280: train nll 0.318, valid error 100.000%, best valid error 100.000%, avg grad norm  37.270, avg grad norm (post clip)   0.053, rho_Whh  1.13, Omega  0.00, alpha  0.000, steps in the past 0.000, valid nll 0.231
  [diag] log10|dL/dh_t| hist bins=60 range=(-12.50,-11.50) mean=-12.00 p50=-12.00 p05=-12.00 p95=-12.00
  [diag] sat-dist hist bins=60 sat<0.05=0.0% mean=0.620 p10=0.536 p90=0.681
Iter 0029300: train nll 0.271, valid error 100.000%, best valid error 100.000%, avg grad norm  49.791, avg grad norm (post clip)   0.053, rho_Whh  1.13, Omega  0.00, alpha  0.000, steps in the past 0.000, valid nll 0.231
  [diag] log10|dL/dh_t| hist bins=60 range=(-12.50,-11.50) mean=-12.00 p50=-12.00 p05=-12.00 p95=-12.00
  [diag] sat-dist hist bins=60 sat<0.05=0.0% mean=0.638 p10=0.542 p90=0.684
Iter 0029320: train nll 0.310, valid error 100.000%, best valid error 100.000%, avg grad norm  40.680, avg grad norm (post clip)   0.053, rho_Whh  1.13, Omega  0.00, alpha  0.000, steps in the past 0.000, valid nll 0.262
  [diag] log10|dL/dh_t| hist bins=60 range=(-12.50,-11.50) mean=-12.00 p50=-12.00 p05=-12.00 p95=-12.00
  [diag] sat-dist hist bins=60 sat<0.05=0.0% mean=0.638 p10=0.542 p90=0.684
Iter 0029340: train nll 0.266, valid error 100.000%, best valid error 100.000%, avg grad norm  45.775, avg grad norm (post clip)   0.053, rho_Whh  1.13, Omega  0.00, alpha  0.000, steps in the past 0.000, valid nll 0.262
  [diag] log10|dL/dh_t| hist bins=60 range=(-12.50,-11.50) mean=-12.00 p50=-12.00 p05=-12.00 p95=-12.00
  [diag] sat-dist hist bins=60 sat<0.05=0.0% mean=0.638 p10=0.542 p90=0.684
Iter 0029360: train nll 0.268, valid error 100.000%, best valid error 100.000%, avg grad norm  55.052, avg grad norm (post clip)   0.053, rho_Whh  1.13, Omega  0.00, alpha  0.000, steps in the past 0.000, valid nll 0.262
  [diag] log10|dL/dh_t| hist bins=60 range=(-12.50,-11.50) mean=-12.00 p50=-12.00 p05=-12.00 p95=-12.00
  [diag] sat-dist hist bins=60 sat<0.05=0.0% mean=0.576 p10=0.531 p90=0.618
Iter 0029380: train nll 0.288, valid error 100.000%, best valid error 100.000%, avg grad norm  44.807, avg grad norm (post clip)   0.053, rho_Whh  1.13, Omega  0.00, alpha  0.000, steps in the past 0.000, valid nll 0.237
  [diag] log10|dL/dh_t| hist bins=60 range=(-12.50,-11.50) mean=-12.00 p50=-12.00 p05=-12.00 p95=-12.00
  [diag] sat-dist hist bins=60 sat<0.05=0.0% mean=0.623 p10=0.536 p90=0.681
Iter 0029400: train nll 0.284, valid error 100.000%, best valid error 100.000%, avg grad norm  40.779, avg grad norm (post clip)   0.053, rho_Whh  1.13, Omega  0.00, alpha  0.000, steps in the past 0.000, valid nll 0.234
  [diag] log10|dL/dh_t| hist bins=60 range=(-12.50,-11.50) mean=-12.00 p50=-12.00 p05=-12.00 p95=-12.00
  [diag] sat-dist hist bins=60 sat<0.05=0.0% mean=0.622 p10=0.536 p90=0.681
Iter 0029420: train nll 0.286, valid error 100.000%, best valid error 100.000%, avg grad norm  44.317, avg grad norm (post clip)   0.053, rho_Whh  1.13, Omega  0.00, alpha  0.000, steps in the past 0.000, valid nll 0.233
  [diag] log10|dL/dh_t| hist bins=60 range=(-12.50,-11.50) mean=-12.00 p50=-12.00 p05=-12.00 p95=-12.00
  [diag] sat-dist hist bins=60 sat<0.05=0.0% mean=0.622 p10=0.536 p90=0.681
Iter 0029440: train nll 0.270, valid error 100.000%, best valid error 100.000%, avg grad norm  44.856, avg grad norm (post clip)   0.053, rho_Whh  1.13, Omega  0.00, alpha  0.000, steps in the past 0.000, valid nll 0.233
  [diag] log10|dL/dh_t| hist bins=60 range=(-12.50,-11.50) mean=-12.00 p50=-12.00 p05=-12.00 p95=-12.00
  [diag] sat-dist hist bins=60 sat<0.05=0.0% mean=0.649 p10=0.548 p90=0.686
Iter 0029460: train nll 0.316, valid error 100.000%, best valid error 100.000%, avg grad norm  37.451, avg grad norm (post clip)   0.053, rho_Whh  1.13, Omega  0.00, alpha  0.000, steps in the past 0.000, valid nll 0.293
  [diag] log10|dL/dh_t| hist bins=60 range=(-12.50,-11.50) mean=-12.00 p50=-12.00 p05=-12.00 p95=-12.00
  [diag] sat-dist hist bins=60 sat<0.05=0.0% mean=0.622 p10=0.536 p90=0.681
Iter 0029480: train nll 0.287, valid error 100.000%, best valid error 100.000%, avg grad norm  46.785, avg grad norm (post clip)   0.053, rho_Whh  1.13, Omega  0.00, alpha  0.000, steps in the past 0.000, valid nll 0.233
  [diag] log10|dL/dh_t| hist bins=60 range=(-12.50,-11.50) mean=-12.00 p50=-12.00 p05=-12.00 p95=-12.00
  [diag] sat-dist hist bins=60 sat<0.05=0.0% mean=0.622 p10=0.537 p90=0.681
Iter 0029500: train nll 0.302, valid error 100.000%, best valid error 100.000%, avg grad norm  41.044, avg grad norm (post clip)   0.053, rho_Whh  1.13, Omega  0.00, alpha  0.000, steps in the past 0.000, valid nll 0.233
  [diag] log10|dL/dh_t| hist bins=60 range=(-12.50,-11.50) mean=-12.00 p50=-12.00 p05=-12.00 p95=-12.00
  [diag] sat-dist hist bins=60 sat<0.05=0.0% mean=0.580 p10=0.531 p90=0.630
Iter 0029520: train nll 0.286, valid error 100.000%, best valid error 100.000%, avg grad norm  41.717, avg grad norm (post clip)   0.053, rho_Whh  1.13, Omega  0.00, alpha  0.000, steps in the past 0.000, valid nll 0.233
  [diag] log10|dL/dh_t| hist bins=60 range=(-12.50,-11.50) mean=-12.00 p50=-12.00 p05=-12.00 p95=-12.00
  [diag] sat-dist hist bins=60 sat<0.05=0.0% mean=0.631 p10=0.539 p90=0.683
Iter 0029540: train nll 0.284, valid error 100.000%, best valid error 100.000%, avg grad norm  44.508, avg grad norm (post clip)   0.053, rho_Whh  1.13, Omega  0.00, alpha  0.000, steps in the past 0.000, valid nll 0.247
  [diag] log10|dL/dh_t| hist bins=60 range=(-12.50,-11.50) mean=-12.00 p50=-12.00 p05=-12.00 p95=-12.00
  [diag] sat-dist hist bins=60 sat<0.05=0.0% mean=0.645 p10=0.545 p90=0.685
Iter 0029560: train nll 0.315, valid error 100.000%, best valid error 100.000%, avg grad norm  38.629, avg grad norm (post clip)   0.053, rho_Whh  1.13, Omega  0.00, alpha  0.000, steps in the past 0.000, valid nll 0.279
  [diag] log10|dL/dh_t| hist bins=60 range=(-12.50,-11.50) mean=-12.00 p50=-12.00 p05=-12.00 p95=-12.00
  [diag] sat-dist hist bins=60 sat<0.05=0.0% mean=0.632 p10=0.539 p90=0.683
Iter 0029580: train nll 0.303, valid error 100.000%, best valid error 100.000%, avg grad norm  40.753, avg grad norm (post clip)   0.053, rho_Whh  1.13, Omega  0.00, alpha  0.000, steps in the past 0.000, valid nll 0.247
  [diag] log10|dL/dh_t| hist bins=60 range=(-12.50,-11.50) mean=-12.00 p50=-12.00 p05=-12.00 p95=-12.00
  [diag] sat-dist hist bins=60 sat<0.05=0.0% mean=0.630 p10=0.538 p90=0.682
Iter 0029600: train nll 0.295, valid error 100.000%, best valid error 100.000%, avg grad norm  42.582, avg grad norm (post clip)   0.053, rho_Whh  1.13, Omega  0.00, alpha  0.000, steps in the past 0.000, valid nll 0.244
  [diag] log10|dL/dh_t| hist bins=60 range=(-12.50,-11.50) mean=-12.00 p50=-12.00 p05=-12.00 p95=-12.00
  [diag] sat-dist hist bins=60 sat<0.05=0.0% mean=0.630 p10=0.538 p90=0.682
Iter 0029620: train nll 0.263, valid error 100.000%, best valid error 100.000%, avg grad norm  53.633, avg grad norm (post clip)   0.053, rho_Whh  1.13, Omega  0.00, alpha  0.000, steps in the past 0.000, valid nll 0.244
  [diag] log10|dL/dh_t| hist bins=60 range=(-12.50,-11.50) mean=-12.00 p50=-12.00 p05=-12.00 p95=-12.00
  [diag] sat-dist hist bins=60 sat<0.05=0.0% mean=0.630 p10=0.538 p90=0.682
Iter 0029640: train nll 0.291, valid error 100.000%, best valid error 100.000%, avg grad norm  44.737, avg grad norm (post clip)   0.053, rho_Whh  1.13, Omega  0.00, alpha  0.000, steps in the past 0.000, valid nll 0.244
  [diag] log10|dL/dh_t| hist bins=60 range=(-12.50,-11.50) mean=-12.00 p50=-12.00 p05=-12.00 p95=-12.00
  [diag] sat-dist hist bins=60 sat<0.05=0.0% mean=0.630 p10=0.538 p90=0.682
Iter 0029660: train nll 0.296, valid error 100.000%, best valid error 100.000%, avg grad norm  41.418, avg grad norm (post clip)   0.053, rho_Whh  1.13, Omega  0.00, alpha  0.000, steps in the past 0.000, valid nll 0.244
  [diag] log10|dL/dh_t| hist bins=60 range=(-12.50,-11.50) mean=-12.00 p50=-12.00 p05=-12.00 p95=-12.00
  [diag] sat-dist hist bins=60 sat<0.05=0.0% mean=0.601 p10=0.533 p90=0.677
Iter 0029680: train nll 0.242, valid error 100.000%, best valid error 100.000%, avg grad norm  47.016, avg grad norm (post clip)   0.053, rho_Whh  1.13, Omega  0.00, alpha  0.000, steps in the past 0.000, valid nll 0.221
  [diag] log10|dL/dh_t| hist bins=60 range=(-12.50,-11.50) mean=-12.00 p50=-12.00 p05=-12.00 p95=-12.00
  [diag] sat-dist hist bins=60 sat<0.05=0.0% mean=0.601 p10=0.533 p90=0.678
Iter 0029700: train nll 0.251, valid error 100.000%, best valid error 100.000%, avg grad norm  50.266, avg grad norm (post clip)   0.053, rho_Whh  1.13, Omega  0.00, alpha  0.000, steps in the past 0.000, valid nll 0.221
  [diag] log10|dL/dh_t| hist bins=60 range=(-12.50,-11.50) mean=-12.00 p50=-12.00 p05=-12.00 p95=-12.00
  [diag] sat-dist hist bins=60 sat<0.05=0.0% mean=0.601 p10=0.533 p90=0.677
Iter 0029720: train nll 0.289, valid error 100.000%, best valid error 100.000%, avg grad norm  52.997, avg grad norm (post clip)   0.053, rho_Whh  1.13, Omega  0.00, alpha  0.000, steps in the past 0.000, valid nll 0.221
  [diag] log10|dL/dh_t| hist bins=60 range=(-12.50,-11.50) mean=-12.00 p50=-12.00 p05=-12.00 p95=-12.00
  [diag] sat-dist hist bins=60 sat<0.05=0.0% mean=0.615 p10=0.534 p90=0.681
Iter 0029740: train nll 0.284, valid error 100.000%, best valid error 100.000%, avg grad norm  41.140, avg grad norm (post clip)   0.053, rho_Whh  1.13, Omega  0.00, alpha  0.000, steps in the past 0.000, valid nll 0.226
  [diag] log10|dL/dh_t| hist bins=60 range=(-12.50,-11.50) mean=-12.00 p50=-12.00 p05=-12.00 p95=-12.00
  [diag] sat-dist hist bins=60 sat<0.05=0.0% mean=0.615 p10=0.534 p90=0.681
Iter 0029760: train nll 0.306, valid error 100.000%, best valid error 100.000%, avg grad norm  41.088, avg grad norm (post clip)   0.053, rho_Whh  1.13, Omega  0.00, alpha  0.000, steps in the past 0.000, valid nll 0.226
  [diag] log10|dL/dh_t| hist bins=60 range=(-12.50,-11.50) mean=-12.00 p50=-12.00 p05=-12.00 p95=-12.00
  [diag] sat-dist hist bins=60 sat<0.05=0.0% mean=0.615 p10=0.534 p90=0.681
Iter 0029780: train nll 0.310, valid error 100.000%, best valid error 100.000%, avg grad norm  43.243, avg grad norm (post clip)   0.053, rho_Whh  1.13, Omega  0.00, alpha  0.000, steps in the past 0.000, valid nll 0.226
  [diag] log10|dL/dh_t| hist bins=60 range=(-12.50,-11.50) mean=-12.00 p50=-12.00 p05=-12.00 p95=-12.00
  [diag] sat-dist hist bins=60 sat<0.05=0.0% mean=0.617 p10=0.534 p90=0.682
Iter 0029800: train nll 0.285, valid error 100.000%, best valid error 100.000%, avg grad norm  41.075, avg grad norm (post clip)   0.053, rho_Whh  1.13, Omega  0.00, alpha  0.000, steps in the past 0.000, valid nll 0.227
  [diag] log10|dL/dh_t| hist bins=60 range=(-12.50,-11.50) mean=-12.00 p50=-12.00 p05=-12.00 p95=-12.00
  [diag] sat-dist hist bins=60 sat<0.05=0.0% mean=0.617 p10=0.534 p90=0.682
Iter 0029820: train nll 0.243, valid error 100.000%, best valid error 100.000%, avg grad norm  59.603, avg grad norm (post clip)   0.053, rho_Whh  1.13, Omega  0.00, alpha  0.000, steps in the past 0.000, valid nll 0.227
  [diag] log10|dL/dh_t| hist bins=60 range=(-12.50,-11.50) mean=-12.00 p50=-12.00 p05=-12.00 p95=-12.00
  [diag] sat-dist hist bins=60 sat<0.05=0.0% mean=0.617 p10=0.534 p90=0.681
Iter 0029840: train nll 0.271, valid error 100.000%, best valid error 100.000%, avg grad norm  42.432, avg grad norm (post clip)   0.053, rho_Whh  1.13, Omega  0.00, alpha  0.000, steps in the past 0.000, valid nll 0.227
  [diag] log10|dL/dh_t| hist bins=60 range=(-12.50,-11.50) mean=-12.00 p50=-12.00 p05=-12.00 p95=-12.00
  [diag] sat-dist hist bins=60 sat<0.05=0.0% mean=0.617 p10=0.535 p90=0.681
Iter 0029860: train nll 0.282, valid error 100.000%, best valid error 100.000%, avg grad norm  47.910, avg grad norm (post clip)   0.053, rho_Whh  1.13, Omega  0.00, alpha  0.000, steps in the past 0.000, valid nll 0.227
  [diag] log10|dL/dh_t| hist bins=60 range=(-12.50,-11.50) mean=-12.00 p50=-12.00 p05=-12.00 p95=-12.00
  [diag] sat-dist hist bins=60 sat<0.05=0.0% mean=0.617 p10=0.535 p90=0.681
Iter 0029880: train nll 0.256, valid error 100.000%, best valid error 100.000%, avg grad norm  48.554, avg grad norm (post clip)   0.053, rho_Whh  1.13, Omega  0.00, alpha  0.000, steps in the past 0.000, valid nll 0.227
  [diag] log10|dL/dh_t| hist bins=60 range=(-12.50,-11.50) mean=-12.00 p50=-12.00 p05=-12.00 p95=-12.00
  [diag] sat-dist hist bins=60 sat<0.05=0.0% mean=0.617 p10=0.535 p90=0.681
Iter 0029900: train nll 0.316, valid error 100.000%, best valid error 100.000%, avg grad norm  43.684, avg grad norm (post clip)   0.053, rho_Whh  1.13, Omega  0.00, alpha  0.000, steps in the past 0.000, valid nll 0.227
  [diag] log10|dL/dh_t| hist bins=60 range=(-12.50,-11.50) mean=-12.00 p50=-12.00 p05=-12.00 p95=-12.00
  [diag] sat-dist hist bins=60 sat<0.05=0.0% mean=0.617 p10=0.535 p90=0.681
Iter 0029920: train nll 0.265, valid error 100.000%, best valid error 100.000%, avg grad norm  45.590, avg grad norm (post clip)   0.053, rho_Whh  1.13, Omega  0.00, alpha  0.000, steps in the past 0.000, valid nll 0.227
  [diag] log10|dL/dh_t| hist bins=60 range=(-12.50,-11.50) mean=-12.00 p50=-12.00 p05=-12.00 p95=-12.00
  [diag] sat-dist hist bins=60 sat<0.05=0.0% mean=0.617 p10=0.535 p90=0.681
Iter 0029940: train nll 0.293, valid error 100.000%, best valid error 100.000%, avg grad norm  48.417, avg grad norm (post clip)   0.053, rho_Whh  1.13, Omega  0.00, alpha  0.000, steps in the past 0.000, valid nll 0.227
  [diag] log10|dL/dh_t| hist bins=60 range=(-12.50,-11.50) mean=-12.00 p50=-12.00 p05=-12.00 p95=-12.00
  [diag] sat-dist hist bins=60 sat<0.05=0.0% mean=0.637 p10=0.541 p90=0.684
Iter 0029960: train nll 0.281, valid error 100.000%, best valid error 100.000%, avg grad norm  46.165, avg grad norm (post clip)   0.053, rho_Whh  1.13, Omega  0.00, alpha  0.000, steps in the past 0.000, valid nll 0.258
  [diag] log10|dL/dh_t| hist bins=60 range=(-12.50,-11.50) mean=-12.00 p50=-12.00 p05=-12.00 p95=-12.00
  [diag] sat-dist hist bins=60 sat<0.05=0.0% mean=0.617 p10=0.535 p90=0.681
Iter 0029980: train nll 0.288, valid error 100.000%, best valid error 100.000%, avg grad norm  42.563, avg grad norm (post clip)   0.053, rho_Whh  1.13, Omega  0.00, alpha  0.000, steps in the past 0.000, valid nll 0.227
  [diag] log10|dL/dh_t| hist bins=60 range=(-12.50,-11.50) mean=-12.00 p50=-12.00 p05=-12.00 p95=-12.00
  [diag] sat-dist hist bins=60 sat<0.05=0.0% mean=0.617 p10=0.535 p90=0.681
Iter 0030000: train nll 0.267, valid error 100.000%, best valid error 100.000%, avg grad norm  53.907, avg grad norm (post clip)   0.053, rho_Whh  1.13, Omega  0.00, alpha  0.000, steps in the past 0.000, valid nll 0.227
  [diag] log10|dL/dh_t| hist bins=60 range=(-12.50,-11.50) mean=-12.00 p50=-12.00 p05=-12.00 p95=-12.00
  [diag] sat-dist hist bins=60 sat<0.05=0.0% mean=0.640 p10=0.542 p90=0.685
Iter 0030020: train nll 0.297, valid error 100.000%, best valid error 100.000%, avg grad norm  44.564, avg grad norm (post clip)   0.053, rho_Whh  1.13, Omega  0.00, alpha  0.000, steps in the past 0.000, valid nll 0.265
  [diag] log10|dL/dh_t| hist bins=60 range=(-12.50,-11.50) mean=-12.00 p50=-12.00 p05=-12.00 p95=-12.00
  [diag] sat-dist hist bins=60 sat<0.05=0.0% mean=0.640 p10=0.542 p90=0.684
Iter 0030040: train nll 0.285, valid error 100.000%, best valid error 100.000%, avg grad norm  49.899, avg grad norm (post clip)   0.053, rho_Whh  1.13, Omega  0.00, alpha  0.000, steps in the past 0.000, valid nll 0.265
  [diag] log10|dL/dh_t| hist bins=60 range=(-12.50,-11.50) mean=-12.00 p50=-12.00 p05=-12.00 p95=-12.00
  [diag] sat-dist hist bins=60 sat<0.05=0.0% mean=0.623 p10=0.536 p90=0.682
Iter 0030060: train nll 0.310, valid error 100.000%, best valid error 100.000%, avg grad norm  41.810, avg grad norm (post clip)   0.053, rho_Whh  1.13, Omega  0.00, alpha  0.000, steps in the past 0.000, valid nll 0.233
  [diag] log10|dL/dh_t| hist bins=60 range=(-12.50,-11.50) mean=-12.00 p50=-12.00 p05=-12.00 p95=-12.00
  [diag] sat-dist hist bins=60 sat<0.05=0.0% mean=0.623 p10=0.536 p90=0.682
Iter 0030080: train nll 0.270, valid error 100.000%, best valid error 100.000%, avg grad norm  45.138, avg grad norm (post clip)   0.053, rho_Whh  1.13, Omega  0.00, alpha  0.000, steps in the past 0.000, valid nll 0.234
  [diag] log10|dL/dh_t| hist bins=60 range=(-12.50,-11.50) mean=-12.00 p50=-12.00 p05=-12.00 p95=-12.00
  [diag] sat-dist hist bins=60 sat<0.05=0.0% mean=0.587 p10=0.531 p90=0.647
Iter 0030100: train nll 0.284, valid error 100.000%, best valid error 100.000%, avg grad norm  50.294, avg grad norm (post clip)   0.053, rho_Whh  1.13, Omega  0.00, alpha  0.000, steps in the past 0.000, valid nll 0.226
  [diag] log10|dL/dh_t| hist bins=60 range=(-12.50,-11.50) mean=-12.00 p50=-12.00 p05=-12.00 p95=-12.00
  [diag] sat-dist hist bins=60 sat<0.05=0.0% mean=0.625 p10=0.537 p90=0.682
Iter 0030120: train nll 0.320, valid error 100.000%, best valid error 100.000%, avg grad norm  43.828, avg grad norm (post clip)   0.053, rho_Whh  1.13, Omega  0.00, alpha  0.000, steps in the past 0.000, valid nll 0.236
  [diag] log10|dL/dh_t| hist bins=60 range=(-12.50,-11.50) mean=-12.00 p50=-12.00 p05=-12.00 p95=-12.00
  [diag] sat-dist hist bins=60 sat<0.05=0.0% mean=0.625 p10=0.537 p90=0.682
Iter 0030140: train nll 0.292, valid error 100.000%, best valid error 100.000%, avg grad norm  40.625, avg grad norm (post clip)   0.053, rho_Whh  1.13, Omega  0.00, alpha  0.000, steps in the past 0.000, valid nll 0.236
  [diag] log10|dL/dh_t| hist bins=60 range=(-12.50,-11.50) mean=-12.00 p50=-12.00 p05=-12.00 p95=-12.00
  [diag] sat-dist hist bins=60 sat<0.05=0.0% mean=0.640 p10=0.542 p90=0.685
Iter 0030160: train nll 0.324, valid error 100.000%, best valid error 100.000%, avg grad norm  38.382, avg grad norm (post clip)   0.053, rho_Whh  1.13, Omega  0.00, alpha  0.000, steps in the past 0.000, valid nll 0.266
  [diag] log10|dL/dh_t| hist bins=60 range=(-12.50,-11.50) mean=-12.00 p50=-12.00 p05=-12.00 p95=-12.00
  [diag] sat-dist hist bins=60 sat<0.05=0.0% mean=0.624 p10=0.537 p90=0.682
Iter 0030180: train nll 0.263, valid error 100.000%, best valid error 100.000%, avg grad norm  41.286, avg grad norm (post clip)   0.053, rho_Whh  1.13, Omega  0.00, alpha  0.000, steps in the past 0.000, valid nll 0.234
  [diag] log10|dL/dh_t| hist bins=60 range=(-12.50,-11.50) mean=-12.00 p50=-12.00 p05=-12.00 p95=-12.00
  [diag] sat-dist hist bins=60 sat<0.05=0.0% mean=0.640 p10=0.543 p90=0.685
Iter 0030200: train nll 0.279, valid error 100.000%, best valid error 100.000%, avg grad norm  49.056, avg grad norm (post clip)   0.053, rho_Whh  1.13, Omega  0.00, alpha  0.000, steps in the past 0.000, valid nll 0.266
  [diag] log10|dL/dh_t| hist bins=60 range=(-12.50,-11.50) mean=-12.00 p50=-12.00 p05=-12.00 p95=-12.00
  [diag] sat-dist hist bins=60 sat<0.05=0.0% mean=0.624 p10=0.537 p90=0.682
Iter 0030220: train nll 0.286, valid error 100.000%, best valid error 100.000%, avg grad norm  42.468, avg grad norm (post clip)   0.053, rho_Whh  1.13, Omega  0.00, alpha  0.000, steps in the past 0.000, valid nll 0.234
  [diag] log10|dL/dh_t| hist bins=60 range=(-12.50,-11.50) mean=-12.00 p50=-12.00 p05=-12.00 p95=-12.00
  [diag] sat-dist hist bins=60 sat<0.05=0.0% mean=0.640 p10=0.543 p90=0.684
Iter 0030240: train nll 0.308, valid error 100.000%, best valid error 100.000%, avg grad norm  48.824, avg grad norm (post clip)   0.053, rho_Whh  1.13, Omega  0.00, alpha  0.000, steps in the past 0.000, valid nll 0.265
  [diag] log10|dL/dh_t| hist bins=60 range=(-12.50,-11.50) mean=-12.00 p50=-12.00 p05=-12.00 p95=-12.00
  [diag] sat-dist hist bins=60 sat<0.05=0.0% mean=0.624 p10=0.537 p90=0.681
Iter 0030260: train nll 0.307, valid error 100.000%, best valid error 100.000%, avg grad norm  37.503, avg grad norm (post clip)   0.053, rho_Whh  1.13, Omega  0.00, alpha  0.000, steps in the past 0.000, valid nll 0.234
  [diag] log10|dL/dh_t| hist bins=60 range=(-12.50,-11.50) mean=-12.00 p50=-12.00 p05=-12.00 p95=-12.00
  [diag] sat-dist hist bins=60 sat<0.05=0.0% mean=0.624 p10=0.537 p90=0.681
Iter 0030280: train nll 0.280, valid error 100.000%, best valid error 100.000%, avg grad norm  42.739, avg grad norm (post clip)   0.053, rho_Whh  1.13, Omega  0.00, alpha  0.000, steps in the past 0.000, valid nll 0.234
  [diag] log10|dL/dh_t| hist bins=60 range=(-12.50,-11.50) mean=-12.00 p50=-12.00 p05=-12.00 p95=-12.00
  [diag] sat-dist hist bins=60 sat<0.05=0.0% mean=0.624 p10=0.537 p90=0.681
Iter 0030300: train nll 0.275, valid error 100.000%, best valid error 100.000%, avg grad norm  46.354, avg grad norm (post clip)   0.053, rho_Whh  1.13, Omega  0.00, alpha  0.000, steps in the past 0.000, valid nll 0.234
  [diag] log10|dL/dh_t| hist bins=60 range=(-12.50,-11.50) mean=-12.00 p50=-12.00 p05=-12.00 p95=-12.00
  [diag] sat-dist hist bins=60 sat<0.05=0.0% mean=0.624 p10=0.537 p90=0.681
Iter 0030320: train nll 0.271, valid error 100.000%, best valid error 100.000%, avg grad norm  43.060, avg grad norm (post clip)   0.053, rho_Whh  1.13, Omega  0.00, alpha  0.000, steps in the past 0.000, valid nll 0.234
  [diag] log10|dL/dh_t| hist bins=60 range=(-12.50,-11.50) mean=-12.00 p50=-12.00 p05=-12.00 p95=-12.00
  [diag] sat-dist hist bins=60 sat<0.05=0.0% mean=0.641 p10=0.543 p90=0.684
Iter 0030340: train nll 0.314, valid error 100.000%, best valid error 100.000%, avg grad norm  36.182, avg grad norm (post clip)   0.053, rho_Whh  1.13, Omega  0.00, alpha  0.000, steps in the past 0.000, valid nll 0.266
  [diag] log10|dL/dh_t| hist bins=60 range=(-12.50,-11.50) mean=-12.00 p50=-12.00 p05=-12.00 p95=-12.00
  [diag] sat-dist hist bins=60 sat<0.05=0.0% mean=0.625 p10=0.537 p90=0.681
Iter 0030360: train nll 0.310, valid error 100.000%, best valid error 100.000%, avg grad norm  40.423, avg grad norm (post clip)   0.053, rho_Whh  1.13, Omega  0.00, alpha  0.000, steps in the past 0.000, valid nll 0.235
  [diag] log10|dL/dh_t| hist bins=60 range=(-12.50,-11.50) mean=-12.00 p50=-12.00 p05=-12.00 p95=-12.00
  [diag] sat-dist hist bins=60 sat<0.05=0.0% mean=0.625 p10=0.537 p90=0.681
Iter 0030380: train nll 0.311, valid error 100.000%, best valid error 100.000%, avg grad norm  35.209, avg grad norm (post clip)   0.053, rho_Whh  1.13, Omega  0.00, alpha  0.000, steps in the past 0.000, valid nll 0.234
  [diag] log10|dL/dh_t| hist bins=60 range=(-12.50,-11.50) mean=-12.00 p50=-12.00 p05=-12.00 p95=-12.00
  [diag] sat-dist hist bins=60 sat<0.05=0.0% mean=0.623 p10=0.537 p90=0.681
Iter 0030400: train nll 0.282, valid error 100.000%, best valid error 100.000%, avg grad norm  47.775, avg grad norm (post clip)   0.053, rho_Whh  1.13, Omega  0.00, alpha  0.000, steps in the past 0.000, valid nll 0.232
  [diag] log10|dL/dh_t| hist bins=60 range=(-12.50,-11.50) mean=-12.00 p50=-12.00 p05=-12.00 p95=-12.00
  [diag] sat-dist hist bins=60 sat<0.05=0.0% mean=0.640 p10=0.543 p90=0.684
Iter 0030420: train nll 0.293, valid error 100.000%, best valid error 100.000%, avg grad norm  44.973, avg grad norm (post clip)   0.053, rho_Whh  1.13, Omega  0.00, alpha  0.000, steps in the past 0.000, valid nll 0.263
  [diag] log10|dL/dh_t| hist bins=60 range=(-12.50,-11.50) mean=-12.00 p50=-12.00 p05=-12.00 p95=-12.00
  [diag] sat-dist hist bins=60 sat<0.05=0.0% mean=0.623 p10=0.537 p90=0.682
Iter 0030440: train nll 0.293, valid error 100.000%, best valid error 100.000%, avg grad norm  29.004, avg grad norm (post clip)   0.053, rho_Whh  1.13, Omega  0.00, alpha  0.000, steps in the past 0.000, valid nll 0.233
  [diag] log10|dL/dh_t| hist bins=60 range=(-12.50,-11.50) mean=-12.00 p50=-12.00 p05=-12.00 p95=-12.00
  [diag] sat-dist hist bins=60 sat<0.05=0.0% mean=0.623 p10=0.536 p90=0.682
Iter 0030460: train nll 0.272, valid error 100.000%, best valid error 100.000%, avg grad norm  42.018, avg grad norm (post clip)   0.053, rho_Whh  1.13, Omega  0.00, alpha  0.000, steps in the past 0.000, valid nll 0.233
  [diag] log10|dL/dh_t| hist bins=60 range=(-12.50,-11.50) mean=-12.00 p50=-12.00 p05=-12.00 p95=-12.00
  [diag] sat-dist hist bins=60 sat<0.05=0.0% mean=0.623 p10=0.537 p90=0.681
Iter 0030480: train nll 0.309, valid error 100.000%, best valid error 100.000%, avg grad norm  42.676, avg grad norm (post clip)   0.053, rho_Whh  1.13, Omega  0.00, alpha  0.000, steps in the past 0.000, valid nll 0.233
  [diag] log10|dL/dh_t| hist bins=60 range=(-12.50,-11.50) mean=-12.00 p50=-12.00 p05=-12.00 p95=-12.00
  [diag] sat-dist hist bins=60 sat<0.05=0.0% mean=0.623 p10=0.536 p90=0.682
Iter 0030500: train nll 0.275, valid error 100.000%, best valid error 100.000%, avg grad norm  42.009, avg grad norm (post clip)   0.053, rho_Whh  1.13, Omega  0.00, alpha  0.000, steps in the past 0.000, valid nll 0.232
  [diag] log10|dL/dh_t| hist bins=60 range=(-12.50,-11.50) mean=-12.00 p50=-12.00 p05=-12.00 p95=-12.00
  [diag] sat-dist hist bins=60 sat<0.05=0.0% mean=0.640 p10=0.542 p90=0.684
Iter 0030520: train nll 0.310, valid error 100.000%, best valid error 100.000%, avg grad norm  39.475, avg grad norm (post clip)   0.053, rho_Whh  1.13, Omega  0.00, alpha  0.000, steps in the past 0.000, valid nll 0.263
  [diag] log10|dL/dh_t| hist bins=60 range=(-12.50,-11.50) mean=-12.00 p50=-12.00 p05=-12.00 p95=-12.00
  [diag] sat-dist hist bins=60 sat<0.05=0.0% mean=0.640 p10=0.543 p90=0.684
Iter 0030540: train nll 0.313, valid error 100.000%, best valid error 100.000%, avg grad norm  42.268, avg grad norm (post clip)   0.053, rho_Whh  1.13, Omega  0.00, alpha  0.000, steps in the past 0.000, valid nll 0.263
  [diag] log10|dL/dh_t| hist bins=60 range=(-12.50,-11.50) mean=-12.00 p50=-12.00 p05=-12.00 p95=-12.00
  [diag] sat-dist hist bins=60 sat<0.05=0.0% mean=0.622 p10=0.537 p90=0.681
Iter 0030560: train nll 0.309, valid error 100.000%, best valid error 100.000%, avg grad norm  40.773, avg grad norm (post clip)   0.053, rho_Whh  1.13, Omega  0.00, alpha  0.000, steps in the past 0.000, valid nll 0.232
  [diag] log10|dL/dh_t| hist bins=60 range=(-12.50,-11.50) mean=-12.00 p50=-12.00 p05=-12.00 p95=-12.00
  [diag] sat-dist hist bins=60 sat<0.05=0.0% mean=0.623 p10=0.537 p90=0.681
Iter 0030580: train nll 0.262, valid error 100.000%, best valid error 100.000%, avg grad norm  47.356, avg grad norm (post clip)   0.053, rho_Whh  1.13, Omega  0.00, alpha  0.000, steps in the past 0.000, valid nll 0.232
  [diag] log10|dL/dh_t| hist bins=60 range=(-12.50,-11.50) mean=-12.00 p50=-12.00 p05=-12.00 p95=-12.00
  [diag] sat-dist hist bins=60 sat<0.05=0.0% mean=0.582 p10=0.531 p90=0.633
Iter 0030600: train nll 0.294, valid error 100.000%, best valid error 100.000%, avg grad norm  44.739, avg grad norm (post clip)   0.053, rho_Whh  1.13, Omega  0.00, alpha  0.000, steps in the past 0.000, valid nll 0.231
  [diag] log10|dL/dh_t| hist bins=60 range=(-12.50,-11.50) mean=-12.00 p50=-12.00 p05=-12.00 p95=-12.00
  [diag] sat-dist hist bins=60 sat<0.05=0.0% mean=0.582 p10=0.531 p90=0.633
Iter 0030620: train nll 0.262, valid error 100.000%, best valid error 100.000%, avg grad norm  56.673, avg grad norm (post clip)   0.053, rho_Whh  1.13, Omega  0.00, alpha  0.000, steps in the past 0.000, valid nll 0.231
  [diag] log10|dL/dh_t| hist bins=60 range=(-12.50,-11.50) mean=-12.00 p50=-12.00 p05=-12.00 p95=-12.00
  [diag] sat-dist hist bins=60 sat<0.05=0.0% mean=0.623 p10=0.537 p90=0.681
Iter 0030640: train nll 0.296, valid error 100.000%, best valid error 100.000%, avg grad norm  53.908, avg grad norm (post clip)   0.053, rho_Whh  1.13, Omega  0.00, alpha  0.000, steps in the past 0.000, valid nll 0.232
  [diag] log10|dL/dh_t| hist bins=60 range=(-12.50,-11.50) mean=-12.00 p50=-12.00 p05=-12.00 p95=-12.00
  [diag] sat-dist hist bins=60 sat<0.05=0.0% mean=0.640 p10=0.543 p90=0.684
Iter 0030660: train nll 0.322, valid error 100.000%, best valid error 100.000%, avg grad norm  42.113, avg grad norm (post clip)   0.053, rho_Whh  1.13, Omega  0.00, alpha  0.000, steps in the past 0.000, valid nll 0.263
  [diag] log10|dL/dh_t| hist bins=60 range=(-12.50,-11.50) mean=-12.00 p50=-12.00 p05=-12.00 p95=-12.00
  [diag] sat-dist hist bins=60 sat<0.05=0.0% mean=0.640 p10=0.543 p90=0.684
Iter 0030680: train nll 0.310, valid error 100.000%, best valid error 100.000%, avg grad norm  42.695, avg grad norm (post clip)   0.053, rho_Whh  1.13, Omega  0.00, alpha  0.000, steps in the past 0.000, valid nll 0.262
  [diag] log10|dL/dh_t| hist bins=60 range=(-12.50,-11.50) mean=-12.00 p50=-12.00 p05=-12.00 p95=-12.00
  [diag] sat-dist hist bins=60 sat<0.05=0.0% mean=0.641 p10=0.543 p90=0.684
Iter 0030700: train nll 0.322, valid error 100.000%, best valid error 100.000%, avg grad norm  32.823, avg grad norm (post clip)   0.053, rho_Whh  1.13, Omega  0.00, alpha  0.000, steps in the past 0.000, valid nll 0.265
  [diag] log10|dL/dh_t| hist bins=60 range=(-12.50,-11.50) mean=-12.00 p50=-12.00 p05=-12.00 p95=-12.00
  [diag] sat-dist hist bins=60 sat<0.05=0.0% mean=0.625 p10=0.537 p90=0.681
Iter 0030720: train nll 0.288, valid error 100.000%, best valid error 100.000%, avg grad norm  37.036, avg grad norm (post clip)   0.053, rho_Whh  1.13, Omega  0.00, alpha  0.000, steps in the past 0.000, valid nll 0.235
  [diag] log10|dL/dh_t| hist bins=60 range=(-12.50,-11.50) mean=-12.00 p50=-12.00 p05=-12.00 p95=-12.00
  [diag] sat-dist hist bins=60 sat<0.05=0.0% mean=0.625 p10=0.538 p90=0.681
Iter 0030740: train nll 0.295, valid error 100.000%, best valid error 100.000%, avg grad norm  44.297, avg grad norm (post clip)   0.053, rho_Whh  1.13, Omega  0.00, alpha  0.000, steps in the past 0.000, valid nll 0.235
  [diag] log10|dL/dh_t| hist bins=60 range=(-12.50,-11.50) mean=-12.00 p50=-12.00 p05=-12.00 p95=-12.00
  [diag] sat-dist hist bins=60 sat<0.05=0.0% mean=0.626 p10=0.538 p90=0.681
Iter 0030760: train nll 0.308, valid error 100.000%, best valid error 100.000%, avg grad norm  39.797, avg grad norm (post clip)   0.053, rho_Whh  1.13, Omega  0.00, alpha  0.000, steps in the past 0.000, valid nll 0.236
  [diag] log10|dL/dh_t| hist bins=60 range=(-12.50,-11.50) mean=-12.00 p50=-12.00 p05=-12.00 p95=-12.00
  [diag] sat-dist hist bins=60 sat<0.05=0.0% mean=0.626 p10=0.538 p90=0.681
Iter 0030780: train nll 0.272, valid error 100.000%, best valid error 100.000%, avg grad norm  40.384, avg grad norm (post clip)   0.053, rho_Whh  1.13, Omega  0.00, alpha  0.000, steps in the past 0.000, valid nll 0.236
  [diag] log10|dL/dh_t| hist bins=60 range=(-12.50,-11.50) mean=-12.00 p50=-12.00 p05=-12.00 p95=-12.00
  [diag] sat-dist hist bins=60 sat<0.05=0.0% mean=0.628 p10=0.538 p90=0.682
Iter 0030800: train nll 0.282, valid error 100.000%, best valid error 100.000%, avg grad norm  43.116, avg grad norm (post clip)   0.053, rho_Whh  1.13, Omega  0.00, alpha  0.000, steps in the past 0.000, valid nll 0.238
  [diag] log10|dL/dh_t| hist bins=60 range=(-12.50,-11.50) mean=-12.00 p50=-12.00 p05=-12.00 p95=-12.00
  [diag] sat-dist hist bins=60 sat<0.05=0.0% mean=0.628 p10=0.538 p90=0.682
Iter 0030820: train nll 0.291, valid error 100.000%, best valid error 100.000%, avg grad norm  46.989, avg grad norm (post clip)   0.053, rho_Whh  1.13, Omega  0.00, alpha  0.000, steps in the past 0.000, valid nll 0.238
  [diag] log10|dL/dh_t| hist bins=60 range=(-12.50,-11.50) mean=-12.00 p50=-12.00 p05=-12.00 p95=-12.00
  [diag] sat-dist hist bins=60 sat<0.05=0.0% mean=0.595 p10=0.533 p90=0.666
Iter 0030840: train nll 0.271, valid error 100.000%, best valid error 100.000%, avg grad norm  43.206, avg grad norm (post clip)   0.053, rho_Whh  1.13, Omega  0.00, alpha  0.000, steps in the past 0.000, valid nll 0.222
  [diag] log10|dL/dh_t| hist bins=60 range=(-12.50,-11.50) mean=-12.00 p50=-12.00 p05=-12.00 p95=-12.00
  [diag] sat-dist hist bins=60 sat<0.05=0.0% mean=0.628 p10=0.538 p90=0.682
Iter 0030860: train nll 0.282, valid error 100.000%, best valid error 100.000%, avg grad norm  43.224, avg grad norm (post clip)   0.053, rho_Whh  1.13, Omega  0.00, alpha  0.000, steps in the past 0.000, valid nll 0.238
  [diag] log10|dL/dh_t| hist bins=60 range=(-12.50,-11.50) mean=-12.00 p50=-12.00 p05=-12.00 p95=-12.00
  [diag] sat-dist hist bins=60 sat<0.05=0.0% mean=0.628 p10=0.538 p90=0.682
Iter 0030880: train nll 0.284, valid error 100.000%, best valid error 100.000%, avg grad norm  44.423, avg grad norm (post clip)   0.053, rho_Whh  1.13, Omega  0.00, alpha  0.000, steps in the past 0.000, valid nll 0.238
  [diag] log10|dL/dh_t| hist bins=60 range=(-12.50,-11.50) mean=-12.00 p50=-12.00 p05=-12.00 p95=-12.00
  [diag] sat-dist hist bins=60 sat<0.05=0.0% mean=0.628 p10=0.539 p90=0.681
Iter 0030900: train nll 0.308, valid error 100.000%, best valid error 100.000%, avg grad norm  41.753, avg grad norm (post clip)   0.053, rho_Whh  1.13, Omega  0.00, alpha  0.000, steps in the past 0.000, valid nll 0.238
  [diag] log10|dL/dh_t| hist bins=60 range=(-12.50,-11.50) mean=-12.00 p50=-12.00 p05=-12.00 p95=-12.00
  [diag] sat-dist hist bins=60 sat<0.05=0.0% mean=0.628 p10=0.539 p90=0.681
Iter 0030920: train nll 0.333, valid error 100.000%, best valid error 100.000%, avg grad norm  37.786, avg grad norm (post clip)   0.053, rho_Whh  1.13, Omega  0.00, alpha  0.000, steps in the past 0.000, valid nll 0.239
  [diag] log10|dL/dh_t| hist bins=60 range=(-12.50,-11.50) mean=-12.00 p50=-12.00 p05=-12.00 p95=-12.00
  [diag] sat-dist hist bins=60 sat<0.05=0.0% mean=0.597 p10=0.533 p90=0.669
Iter 0030940: train nll 0.261, valid error 100.000%, best valid error 100.000%, avg grad norm  41.570, avg grad norm (post clip)   0.053, rho_Whh  1.13, Omega  0.00, alpha  0.000, steps in the past 0.000, valid nll 0.221
  [diag] log10|dL/dh_t| hist bins=60 range=(-12.50,-11.50) mean=-12.00 p50=-12.00 p05=-12.00 p95=-12.00
  [diag] sat-dist hist bins=60 sat<0.05=0.0% mean=0.628 p10=0.539 p90=0.681
Iter 0030960: train nll 0.288, valid error 100.000%, best valid error 100.000%, avg grad norm  44.119, avg grad norm (post clip)   0.053, rho_Whh  1.13, Omega  0.00, alpha  0.000, steps in the past 0.000, valid nll 0.239
  [diag] log10|dL/dh_t| hist bins=60 range=(-12.50,-11.50) mean=-12.00 p50=-12.00 p05=-12.00 p95=-12.00
  [diag] sat-dist hist bins=60 sat<0.05=0.0% mean=0.643 p10=0.545 p90=0.684
Iter 0030980: train nll 0.307, valid error 100.000%, best valid error 100.000%, avg grad norm  41.007, avg grad norm (post clip)   0.053, rho_Whh  1.13, Omega  0.00, alpha  0.000, steps in the past 0.000, valid nll 0.269
  [diag] log10|dL/dh_t| hist bins=60 range=(-12.50,-11.50) mean=-12.00 p50=-12.00 p05=-12.00 p95=-12.00
  [diag] sat-dist hist bins=60 sat<0.05=0.0% mean=0.642 p10=0.545 p90=0.684
Iter 0031000: train nll 0.284, valid error 100.000%, best valid error 100.000%, avg grad norm  38.470, avg grad norm (post clip)   0.053, rho_Whh  1.13, Omega  0.00, alpha  0.000, steps in the past 0.000, valid nll 0.267
  [diag] log10|dL/dh_t| hist bins=60 range=(-12.50,-11.50) mean=-12.00 p50=-12.00 p05=-12.00 p95=-12.00
  [diag] sat-dist hist bins=60 sat<0.05=0.0% mean=0.594 p10=0.533 p90=0.663
Iter 0031020: train nll 0.301, valid error 100.000%, best valid error 100.000%, avg grad norm  43.178, avg grad norm (post clip)   0.053, rho_Whh  1.13, Omega  0.00, alpha  0.000, steps in the past 0.000, valid nll 0.222
  [diag] log10|dL/dh_t| hist bins=60 range=(-12.50,-11.50) mean=-12.00 p50=-12.00 p05=-12.00 p95=-12.00
  [diag] sat-dist hist bins=60 sat<0.05=0.0% mean=0.627 p10=0.539 p90=0.681
Iter 0031040: train nll 0.299, valid error 100.000%, best valid error 100.000%, avg grad norm  38.391, avg grad norm (post clip)   0.053, rho_Whh  1.13, Omega  0.00, alpha  0.000, steps in the past 0.000, valid nll 0.237
  [diag] log10|dL/dh_t| hist bins=60 range=(-12.50,-11.50) mean=-12.00 p50=-12.00 p05=-12.00 p95=-12.00
  [diag] sat-dist hist bins=60 sat<0.05=0.0% mean=0.627 p10=0.539 p90=0.681
Iter 0031060: train nll 0.317, valid error 100.000%, best valid error 100.000%, avg grad norm  38.005, avg grad norm (post clip)   0.053, rho_Whh  1.13, Omega  0.00, alpha  0.000, steps in the past 0.000, valid nll 0.237
  [diag] log10|dL/dh_t| hist bins=60 range=(-12.50,-11.50) mean=-12.00 p50=-12.00 p05=-12.00 p95=-12.00
  [diag] sat-dist hist bins=60 sat<0.05=0.0% mean=0.627 p10=0.539 p90=0.680
Iter 0031080: train nll 0.320, valid error 100.000%, best valid error 100.000%, avg grad norm  40.029, avg grad norm (post clip)   0.053, rho_Whh  1.13, Omega  0.00, alpha  0.000, steps in the past 0.000, valid nll 0.237
  [diag] log10|dL/dh_t| hist bins=60 range=(-12.50,-11.50) mean=-12.00 p50=-12.00 p05=-12.00 p95=-12.00
  [diag] sat-dist hist bins=60 sat<0.05=0.0% mean=0.625 p10=0.538 p90=0.680
Iter 0031100: train nll 0.272, valid error 100.000%, best valid error 100.000%, avg grad norm  38.273, avg grad norm (post clip)   0.053, rho_Whh  1.13, Omega  0.00, alpha  0.000, steps in the past 0.000, valid nll 0.234
  [diag] log10|dL/dh_t| hist bins=60 range=(-12.50,-11.50) mean=-12.00 p50=-12.00 p05=-12.00 p95=-12.00
  [diag] sat-dist hist bins=60 sat<0.05=0.0% mean=0.642 p10=0.544 p90=0.684
Iter 0031120: train nll 0.297, valid error 100.000%, best valid error 100.000%, avg grad norm  37.203, avg grad norm (post clip)   0.053, rho_Whh  1.13, Omega  0.00, alpha  0.000, steps in the past 0.000, valid nll 0.266
  [diag] log10|dL/dh_t| hist bins=60 range=(-12.50,-11.50) mean=-12.00 p50=-12.00 p05=-12.00 p95=-12.00
  [diag] sat-dist hist bins=60 sat<0.05=0.0% mean=0.592 p10=0.533 p90=0.655
Iter 0031140: train nll 0.283, valid error 100.000%, best valid error 100.000%, avg grad norm  41.847, avg grad norm (post clip)   0.053, rho_Whh  1.13, Omega  0.00, alpha  0.000, steps in the past 0.000, valid nll 0.224
  [diag] log10|dL/dh_t| hist bins=60 range=(-12.50,-11.50) mean=-12.00 p50=-12.00 p05=-12.00 p95=-12.00
  [diag] sat-dist hist bins=60 sat<0.05=0.0% mean=0.651 p10=0.549 p90=0.686
Iter 0031160: train nll 0.311, valid error 100.000%, best valid error 100.000%, avg grad norm  44.292, avg grad norm (post clip)   0.053, rho_Whh  1.13, Omega  0.00, alpha  0.000, steps in the past 0.000, valid nll 0.292
  [diag] log10|dL/dh_t| hist bins=60 range=(-12.50,-11.50) mean=-12.00 p50=-12.00 p05=-12.00 p95=-12.00
  [diag] sat-dist hist bins=60 sat<0.05=0.0% mean=0.628 p10=0.539 p90=0.681
Iter 0031180: train nll 0.307, valid error 100.000%, best valid error 100.000%, avg grad norm  33.531, avg grad norm (post clip)   0.053, rho_Whh  1.13, Omega  0.00, alpha  0.000, steps in the past 0.000, valid nll 0.238
  [diag] log10|dL/dh_t| hist bins=60 range=(-12.50,-11.50) mean=-12.00 p50=-12.00 p05=-12.00 p95=-12.00
  [diag] sat-dist hist bins=60 sat<0.05=0.0% mean=0.636 p10=0.541 p90=0.683
Iter 0031200: train nll 0.305, valid error 100.000%, best valid error 100.000%, avg grad norm  38.621, avg grad norm (post clip)   0.053, rho_Whh  1.13, Omega  0.00, alpha  0.000, steps in the past 0.000, valid nll 0.253
  [diag] log10|dL/dh_t| hist bins=60 range=(-12.50,-11.50) mean=-12.00 p50=-12.00 p05=-12.00 p95=-12.00
  [diag] sat-dist hist bins=60 sat<0.05=0.0% mean=0.648 p10=0.548 p90=0.686
Iter 0031220: train nll 0.307, valid error 100.000%, best valid error 100.000%, avg grad norm  40.941, avg grad norm (post clip)   0.053, rho_Whh  1.13, Omega  0.00, alpha  0.000, steps in the past 0.000, valid nll 0.282
  [diag] log10|dL/dh_t| hist bins=60 range=(-12.50,-11.50) mean=-12.00 p50=-12.00 p05=-12.00 p95=-12.00
  [diag] sat-dist hist bins=60 sat<0.05=0.0% mean=0.581 p10=0.531 p90=0.631
Iter 0031240: train nll 0.292, valid error 100.000%, best valid error 100.000%, avg grad norm  35.642, avg grad norm (post clip)   0.053, rho_Whh  1.13, Omega  0.00, alpha  0.000, steps in the past 0.000, valid nll 0.232
  [diag] log10|dL/dh_t| hist bins=60 range=(-12.50,-11.50) mean=-12.00 p50=-12.00 p05=-12.00 p95=-12.00
  [diag] sat-dist hist bins=60 sat<0.05=0.0% mean=0.623 p10=0.537 p90=0.681
Iter 0031260: train nll 0.300, valid error 100.000%, best valid error 100.000%, avg grad norm  48.802, avg grad norm (post clip)   0.053, rho_Whh  1.13, Omega  0.00, alpha  0.000, steps in the past 0.000, valid nll 0.231
  [diag] log10|dL/dh_t| hist bins=60 range=(-12.50,-11.50) mean=-12.00 p50=-12.00 p05=-12.00 p95=-12.00
  [diag] sat-dist hist bins=60 sat<0.05=0.0% mean=0.640 p10=0.543 p90=0.685
Iter 0031280: train nll 0.278, valid error 100.000%, best valid error 100.000%, avg grad norm  39.257, avg grad norm (post clip)   0.053, rho_Whh  1.13, Omega  0.00, alpha  0.000, steps in the past 0.000, valid nll 0.262
  [diag] log10|dL/dh_t| hist bins=60 range=(-12.50,-11.50) mean=-12.00 p50=-12.00 p05=-12.00 p95=-12.00
  [diag] sat-dist hist bins=60 sat<0.05=0.0% mean=0.623 p10=0.537 p90=0.682
Iter 0031300: train nll 0.251, valid error 100.000%, best valid error 100.000%, avg grad norm  50.587, avg grad norm (post clip)   0.053, rho_Whh  1.13, Omega  0.00, alpha  0.000, steps in the past 0.000, valid nll 0.231
  [diag] log10|dL/dh_t| hist bins=60 range=(-12.50,-11.50) mean=-12.00 p50=-12.00 p05=-12.00 p95=-12.00
  [diag] sat-dist hist bins=60 sat<0.05=0.0% mean=0.641 p10=0.543 p90=0.685
Iter 0031320: train nll 0.305, valid error 100.000%, best valid error 100.000%, avg grad norm  37.453, avg grad norm (post clip)   0.053, rho_Whh  1.13, Omega  0.00, alpha  0.000, steps in the past 0.000, valid nll 0.263
  [diag] log10|dL/dh_t| hist bins=60 range=(-12.50,-11.50) mean=-12.00 p50=-12.00 p05=-12.00 p95=-12.00
  [diag] sat-dist hist bins=60 sat<0.05=0.0% mean=0.641 p10=0.543 p90=0.685
Iter 0031340: train nll 0.282, valid error 100.000%, best valid error 100.000%, avg grad norm  43.910, avg grad norm (post clip)   0.053, rho_Whh  1.13, Omega  0.00, alpha  0.000, steps in the past 0.000, valid nll 0.263
  [diag] log10|dL/dh_t| hist bins=60 range=(-12.50,-11.50) mean=-12.00 p50=-12.00 p05=-12.00 p95=-12.00
  [diag] sat-dist hist bins=60 sat<0.05=0.0% mean=0.624 p10=0.537 p90=0.682
Iter 0031360: train nll 0.309, valid error 100.000%, best valid error 100.000%, avg grad norm  43.469, avg grad norm (post clip)   0.053, rho_Whh  1.13, Omega  0.00, alpha  0.000, steps in the past 0.000, valid nll 0.232
  [diag] log10|dL/dh_t| hist bins=60 range=(-12.50,-11.50) mean=-12.00 p50=-12.00 p05=-12.00 p95=-12.00
  [diag] sat-dist hist bins=60 sat<0.05=0.0% mean=0.641 p10=0.543 p90=0.685
Iter 0031380: train nll 0.316, valid error 100.000%, best valid error 100.000%, avg grad norm  45.967, avg grad norm (post clip)   0.053, rho_Whh  1.13, Omega  0.00, alpha  0.000, steps in the past 0.000, valid nll 0.264
  [diag] log10|dL/dh_t| hist bins=60 range=(-12.50,-11.50) mean=-12.00 p50=-12.00 p05=-12.00 p95=-12.00
  [diag] sat-dist hist bins=60 sat<0.05=0.0% mean=0.624 p10=0.537 p90=0.682
Iter 0031400: train nll 0.295, valid error 100.000%, best valid error 100.000%, avg grad norm  29.987, avg grad norm (post clip)   0.053, rho_Whh  1.13, Omega  0.00, alpha  0.000, steps in the past 0.000, valid nll 0.233
  [diag] log10|dL/dh_t| hist bins=60 range=(-12.50,-11.50) mean=-12.00 p50=-12.00 p05=-12.00 p95=-12.00
  [diag] sat-dist hist bins=60 sat<0.05=0.0% mean=0.641 p10=0.543 p90=0.685
Iter 0031420: train nll 0.327, valid error 100.000%, best valid error 100.000%, avg grad norm  40.916, avg grad norm (post clip)   0.053, rho_Whh  1.13, Omega  0.00, alpha  0.000, steps in the past 0.000, valid nll 0.264
  [diag] log10|dL/dh_t| hist bins=60 range=(-12.50,-11.50) mean=-12.00 p50=-12.00 p05=-12.00 p95=-12.00
  [diag] sat-dist hist bins=60 sat<0.05=0.0% mean=0.624 p10=0.537 p90=0.682
Iter 0031440: train nll 0.283, valid error 100.000%, best valid error 100.000%, avg grad norm  43.416, avg grad norm (post clip)   0.053, rho_Whh  1.13, Omega  0.00, alpha  0.000, steps in the past 0.000, valid nll 0.233
  [diag] log10|dL/dh_t| hist bins=60 range=(-12.50,-11.50) mean=-12.00 p50=-12.00 p05=-12.00 p95=-12.00
  [diag] sat-dist hist bins=60 sat<0.05=0.0% mean=0.623 p10=0.537 p90=0.682
Iter 0031460: train nll 0.257, valid error 100.000%, best valid error 100.000%, avg grad norm  42.871, avg grad norm (post clip)   0.053, rho_Whh  1.13, Omega  0.00, alpha  0.000, steps in the past 0.000, valid nll 0.231
  [diag] log10|dL/dh_t| hist bins=60 range=(-12.50,-11.50) mean=-12.00 p50=-12.00 p05=-12.00 p95=-12.00
  [diag] sat-dist hist bins=60 sat<0.05=0.0% mean=0.623 p10=0.537 p90=0.682
Iter 0031480: train nll 0.264, valid error 100.000%, best valid error 100.000%, avg grad norm  49.499, avg grad norm (post clip)   0.053, rho_Whh  1.13, Omega  0.00, alpha  0.000, steps in the past 0.000, valid nll 0.232
  [diag] log10|dL/dh_t| hist bins=60 range=(-12.50,-11.50) mean=-12.00 p50=-12.00 p05=-12.00 p95=-12.00
  [diag] sat-dist hist bins=60 sat<0.05=0.0% mean=0.581 p10=0.531 p90=0.632
Iter 0031500: train nll 0.281, valid error 100.000%, best valid error 100.000%, avg grad norm  46.958, avg grad norm (post clip)   0.053, rho_Whh  1.13, Omega  0.00, alpha  0.000, steps in the past 0.000, valid nll 0.231
  [diag] log10|dL/dh_t| hist bins=60 range=(-12.50,-11.50) mean=-12.00 p50=-12.00 p05=-12.00 p95=-12.00
  [diag] sat-dist hist bins=60 sat<0.05=0.0% mean=0.623 p10=0.537 p90=0.682
Iter 0031520: train nll 0.257, valid error 100.000%, best valid error 100.000%, avg grad norm  47.735, avg grad norm (post clip)   0.053, rho_Whh  1.13, Omega  0.00, alpha  0.000, steps in the past 0.000, valid nll 0.231
  [diag] log10|dL/dh_t| hist bins=60 range=(-12.50,-11.50) mean=-12.00 p50=-12.00 p05=-12.00 p95=-12.00
  [diag] sat-dist hist bins=60 sat<0.05=0.0% mean=0.623 p10=0.537 p90=0.682
Iter 0031540: train nll 0.267, valid error 100.000%, best valid error 100.000%, avg grad norm  42.399, avg grad norm (post clip)   0.053, rho_Whh  1.13, Omega  0.00, alpha  0.000, steps in the past 0.000, valid nll 0.231
  [diag] log10|dL/dh_t| hist bins=60 range=(-12.50,-11.50) mean=-12.00 p50=-12.00 p05=-12.00 p95=-12.00
  [diag] sat-dist hist bins=60 sat<0.05=0.0% mean=0.623 p10=0.537 p90=0.682
Iter 0031560: train nll 0.274, valid error 100.000%, best valid error 100.000%, avg grad norm  49.000, avg grad norm (post clip)   0.053, rho_Whh  1.13, Omega  0.00, alpha  0.000, steps in the past 0.000, valid nll 0.231
  [diag] log10|dL/dh_t| hist bins=60 range=(-12.50,-11.50) mean=-12.00 p50=-12.00 p05=-12.00 p95=-12.00
  [diag] sat-dist hist bins=60 sat<0.05=0.0% mean=0.623 p10=0.537 p90=0.682
Iter 0031580: train nll 0.284, valid error 100.000%, best valid error 100.000%, avg grad norm  47.309, avg grad norm (post clip)   0.053, rho_Whh  1.13, Omega  0.00, alpha  0.000, steps in the past 0.000, valid nll 0.231
  [diag] log10|dL/dh_t| hist bins=60 range=(-12.50,-11.50) mean=-12.00 p50=-12.00 p05=-12.00 p95=-12.00
  [diag] sat-dist hist bins=60 sat<0.05=0.0% mean=0.623 p10=0.537 p90=0.681
Iter 0031600: train nll 0.285, valid error 100.000%, best valid error 100.000%, avg grad norm  38.451, avg grad norm (post clip)   0.053, rho_Whh  1.13, Omega  0.00, alpha  0.000, steps in the past 0.000, valid nll 0.231
  [diag] log10|dL/dh_t| hist bins=60 range=(-12.50,-11.50) mean=-12.00 p50=-12.00 p05=-12.00 p95=-12.00
  [diag] sat-dist hist bins=60 sat<0.05=0.0% mean=0.623 p10=0.537 p90=0.681
Iter 0031620: train nll 0.291, valid error 100.000%, best valid error 100.000%, avg grad norm  43.794, avg grad norm (post clip)   0.053, rho_Whh  1.13, Omega  0.00, alpha  0.000, steps in the past 0.000, valid nll 0.231
  [diag] log10|dL/dh_t| hist bins=60 range=(-12.50,-11.50) mean=-12.00 p50=-12.00 p05=-12.00 p95=-12.00
  [diag] sat-dist hist bins=60 sat<0.05=0.0% mean=0.624 p10=0.537 p90=0.681
Iter 0031640: train nll 0.287, valid error 100.000%, best valid error 100.000%, avg grad norm  45.812, avg grad norm (post clip)   0.053, rho_Whh  1.13, Omega  0.00, alpha  0.000, steps in the past 0.000, valid nll 0.232
  [diag] log10|dL/dh_t| hist bins=60 range=(-12.50,-11.50) mean=-12.00 p50=-12.00 p05=-12.00 p95=-12.00
  [diag] sat-dist hist bins=60 sat<0.05=0.0% mean=0.641 p10=0.543 p90=0.684
Iter 0031660: train nll 0.321, valid error 100.000%, best valid error 100.000%, avg grad norm  42.386, avg grad norm (post clip)   0.053, rho_Whh  1.13, Omega  0.00, alpha  0.000, steps in the past 0.000, valid nll 0.262
  [diag] log10|dL/dh_t| hist bins=60 range=(-12.50,-11.50) mean=-12.00 p50=-12.00 p05=-12.00 p95=-12.00
  [diag] sat-dist hist bins=60 sat<0.05=0.0% mean=0.585 p10=0.532 p90=0.640
Iter 0031680: train nll 0.276, valid error 100.000%, best valid error 100.000%, avg grad norm  46.485, avg grad norm (post clip)   0.053, rho_Whh  1.13, Omega  0.00, alpha  0.000, steps in the past 0.000, valid nll 0.228
  [diag] log10|dL/dh_t| hist bins=60 range=(-12.50,-11.50) mean=-12.00 p50=-12.00 p05=-12.00 p95=-12.00
  [diag] sat-dist hist bins=60 sat<0.05=0.0% mean=0.588 p10=0.532 p90=0.648
Iter 0031700: train nll 0.266, valid error 100.000%, best valid error 100.000%, avg grad norm  43.878, avg grad norm (post clip)   0.053, rho_Whh  1.13, Omega  0.00, alpha  0.000, steps in the past 0.000, valid nll 0.225
  [diag] log10|dL/dh_t| hist bins=60 range=(-12.50,-11.50) mean=-12.00 p50=-12.00 p05=-12.00 p95=-12.00
  [diag] sat-dist hist bins=60 sat<0.05=0.0% mean=0.589 p10=0.532 p90=0.651
Iter 0031720: train nll 0.257, valid error 100.000%, best valid error 100.000%, avg grad norm  48.869, avg grad norm (post clip)   0.053, rho_Whh  1.13, Omega  0.00, alpha  0.000, steps in the past 0.000, valid nll 0.224
  [diag] log10|dL/dh_t| hist bins=60 range=(-12.50,-11.50) mean=-12.00 p50=-12.00 p05=-12.00 p95=-12.00
  [diag] sat-dist hist bins=60 sat<0.05=0.0% mean=0.595 p10=0.532 p90=0.668
Iter 0031740: train nll 0.248, valid error 100.000%, best valid error 100.000%, avg grad norm  44.834, avg grad norm (post clip)   0.053, rho_Whh  1.13, Omega  0.00, alpha  0.000, steps in the past 0.000, valid nll 0.221
  [diag] log10|dL/dh_t| hist bins=60 range=(-12.50,-11.50) mean=-12.00 p50=-12.00 p05=-12.00 p95=-12.00
  [diag] sat-dist hist bins=60 sat<0.05=0.0% mean=0.628 p10=0.538 p90=0.682
Iter 0031760: train nll 0.308, valid error 100.000%, best valid error 100.000%, avg grad norm  42.607, avg grad norm (post clip)   0.053, rho_Whh  1.13, Omega  0.00, alpha  0.000, steps in the past 0.000, valid nll 0.238
  [diag] log10|dL/dh_t| hist bins=60 range=(-12.50,-11.50) mean=-12.00 p50=-12.00 p05=-12.00 p95=-12.00
  [diag] sat-dist hist bins=60 sat<0.05=0.0% mean=0.643 p10=0.544 p90=0.685
Iter 0031780: train nll 0.306, valid error 100.000%, best valid error 100.000%, avg grad norm  39.249, avg grad norm (post clip)   0.053, rho_Whh  1.13, Omega  0.00, alpha  0.000, steps in the past 0.000, valid nll 0.269
  [diag] log10|dL/dh_t| hist bins=60 range=(-12.50,-11.50) mean=-12.00 p50=-12.00 p05=-12.00 p95=-12.00
  [diag] sat-dist hist bins=60 sat<0.05=0.0% mean=0.628 p10=0.538 p90=0.682
Iter 0031800: train nll 0.317, valid error 100.000%, best valid error 100.000%, avg grad norm  36.121, avg grad norm (post clip)   0.053, rho_Whh  1.13, Omega  0.00, alpha  0.000, steps in the past 0.000, valid nll 0.238
  [diag] log10|dL/dh_t| hist bins=60 range=(-12.50,-11.50) mean=-12.00 p50=-12.00 p05=-12.00 p95=-12.00
  [diag] sat-dist hist bins=60 sat<0.05=0.0% mean=0.628 p10=0.538 p90=0.682
Iter 0031820: train nll 0.281, valid error 100.000%, best valid error 100.000%, avg grad norm  46.554, avg grad norm (post clip)   0.053, rho_Whh  1.13, Omega  0.00, alpha  0.000, steps in the past 0.000, valid nll 0.237
  [diag] log10|dL/dh_t| hist bins=60 range=(-12.50,-11.50) mean=-12.00 p50=-12.00 p05=-12.00 p95=-12.00
  [diag] sat-dist hist bins=60 sat<0.05=0.0% mean=0.643 p10=0.545 p90=0.685
Iter 0031840: train nll 0.314, valid error 100.000%, best valid error 100.000%, avg grad norm  38.783, avg grad norm (post clip)   0.053, rho_Whh  1.13, Omega  0.00, alpha  0.000, steps in the past 0.000, valid nll 0.268
  [diag] log10|dL/dh_t| hist bins=60 range=(-12.50,-11.50) mean=-12.00 p50=-12.00 p05=-12.00 p95=-12.00
  [diag] sat-dist hist bins=60 sat<0.05=0.0% mean=0.644 p10=0.545 p90=0.685
Iter 0031860: train nll 0.317, valid error 100.000%, best valid error 100.000%, avg grad norm  36.146, avg grad norm (post clip)   0.053, rho_Whh  1.13, Omega  0.00, alpha  0.000, steps in the past 0.000, valid nll 0.269
  [diag] log10|dL/dh_t| hist bins=60 range=(-12.50,-11.50) mean=-12.00 p50=-12.00 p05=-12.00 p95=-12.00
  [diag] sat-dist hist bins=60 sat<0.05=0.0% mean=0.630 p10=0.539 p90=0.682
Iter 0031880: train nll 0.280, valid error 100.000%, best valid error 100.000%, avg grad norm  39.878, avg grad norm (post clip)   0.053, rho_Whh  1.13, Omega  0.00, alpha  0.000, steps in the past 0.000, valid nll 0.239
  [diag] log10|dL/dh_t| hist bins=60 range=(-12.50,-11.50) mean=-12.00 p50=-12.00 p05=-12.00 p95=-12.00
  [diag] sat-dist hist bins=60 sat<0.05=0.0% mean=0.630 p10=0.539 p90=0.682
Iter 0031900: train nll 0.273, valid error 100.000%, best valid error 100.000%, avg grad norm  48.002, avg grad norm (post clip)   0.053, rho_Whh  1.13, Omega  0.00, alpha  0.000, steps in the past 0.000, valid nll 0.239
  [diag] log10|dL/dh_t| hist bins=60 range=(-12.50,-11.50) mean=-12.00 p50=-12.00 p05=-12.00 p95=-12.00
  [diag] sat-dist hist bins=60 sat<0.05=0.0% mean=0.630 p10=0.539 p90=0.682
Iter 0031920: train nll 0.319, valid error 100.000%, best valid error 100.000%, avg grad norm  40.968, avg grad norm (post clip)   0.053, rho_Whh  1.13, Omega  0.00, alpha  0.000, steps in the past 0.000, valid nll 0.239
  [diag] log10|dL/dh_t| hist bins=60 range=(-12.50,-11.50) mean=-12.00 p50=-12.00 p05=-12.00 p95=-12.00
  [diag] sat-dist hist bins=60 sat<0.05=0.0% mean=0.644 p10=0.546 p90=0.685
Iter 0031940: train nll 0.319, valid error 100.000%, best valid error 100.000%, avg grad norm  43.917, avg grad norm (post clip)   0.053, rho_Whh  1.13, Omega  0.00, alpha  0.000, steps in the past 0.000, valid nll 0.269
  [diag] log10|dL/dh_t| hist bins=60 range=(-12.50,-11.50) mean=-12.00 p50=-12.00 p05=-12.00 p95=-12.00
  [diag] sat-dist hist bins=60 sat<0.05=0.0% mean=0.630 p10=0.539 p90=0.682
Iter 0031960: train nll 0.289, valid error 100.000%, best valid error 100.000%, avg grad norm  37.399, avg grad norm (post clip)   0.053, rho_Whh  1.13, Omega  0.00, alpha  0.000, steps in the past 0.000, valid nll 0.239
  [diag] log10|dL/dh_t| hist bins=60 range=(-12.50,-11.50) mean=-12.00 p50=-12.00 p05=-12.00 p95=-12.00
  [diag] sat-dist hist bins=60 sat<0.05=0.0% mean=0.630 p10=0.540 p90=0.682
Iter 0031980: train nll 0.325, valid error 100.000%, best valid error 100.000%, avg grad norm  41.234, avg grad norm (post clip)   0.053, rho_Whh  1.13, Omega  0.00, alpha  0.000, steps in the past 0.000, valid nll 0.239
  [diag] log10|dL/dh_t| hist bins=60 range=(-12.50,-11.50) mean=-12.00 p50=-12.00 p05=-12.00 p95=-12.00
  [diag] sat-dist hist bins=60 sat<0.05=0.0% mean=0.601 p10=0.534 p90=0.674
Iter 0032000: train nll 0.291, valid error 100.000%, best valid error 100.000%, avg grad norm  39.744, avg grad norm (post clip)   0.053, rho_Whh  1.13, Omega  0.00, alpha  0.000, steps in the past 0.000, valid nll 0.220
  [diag] log10|dL/dh_t| hist bins=60 range=(-12.50,-11.50) mean=-12.00 p50=-12.00 p05=-12.00 p95=-12.00
  [diag] sat-dist hist bins=60 sat<0.05=0.0% mean=0.630 p10=0.540 p90=0.681
Iter 0032020: train nll 0.297, valid error 100.000%, best valid error 100.000%, avg grad norm  37.597, avg grad norm (post clip)   0.053, rho_Whh  1.13, Omega  0.00, alpha  0.000, steps in the past 0.000, valid nll 0.239
  [diag] log10|dL/dh_t| hist bins=60 range=(-12.50,-11.50) mean=-12.00 p50=-12.00 p05=-12.00 p95=-12.00
  [diag] sat-dist hist bins=60 sat<0.05=0.0% mean=0.644 p10=0.545 p90=0.685
Iter 0032040: train nll 0.309, valid error 100.000%, best valid error 100.000%, avg grad norm  33.454, avg grad norm (post clip)   0.053, rho_Whh  1.13, Omega  0.00, alpha  0.000, steps in the past 0.000, valid nll 0.268
  [diag] log10|dL/dh_t| hist bins=60 range=(-12.50,-11.50) mean=-12.00 p50=-12.00 p05=-12.00 p95=-12.00
  [diag] sat-dist hist bins=60 sat<0.05=0.0% mean=0.629 p10=0.539 p90=0.682
Iter 0032060: train nll 0.290, valid error 100.000%, best valid error 100.000%, avg grad norm  37.293, avg grad norm (post clip)   0.053, rho_Whh  1.13, Omega  0.00, alpha  0.000, steps in the past 0.000, valid nll 0.238
  [diag] log10|dL/dh_t| hist bins=60 range=(-12.50,-11.50) mean=-12.00 p50=-12.00 p05=-12.00 p95=-12.00
  [diag] sat-dist hist bins=60 sat<0.05=0.0% mean=0.629 p10=0.539 p90=0.682
Iter 0032080: train nll 0.299, valid error 100.000%, best valid error 100.000%, avg grad norm  35.552, avg grad norm (post clip)   0.053, rho_Whh  1.13, Omega  0.00, alpha  0.000, steps in the past 0.000, valid nll 0.238
  [diag] log10|dL/dh_t| hist bins=60 range=(-12.50,-11.50) mean=-12.00 p50=-12.00 p05=-12.00 p95=-12.00
  [diag] sat-dist hist bins=60 sat<0.05=0.0% mean=0.629 p10=0.539 p90=0.681
Iter 0032100: train nll 0.302, valid error 100.000%, best valid error 100.000%, avg grad norm  43.983, avg grad norm (post clip)   0.053, rho_Whh  1.13, Omega  0.00, alpha  0.000, steps in the past 0.000, valid nll 0.238
  [diag] log10|dL/dh_t| hist bins=60 range=(-12.50,-11.50) mean=-12.00 p50=-12.00 p05=-12.00 p95=-12.00
  [diag] sat-dist hist bins=60 sat<0.05=0.0% mean=0.629 p10=0.539 p90=0.682
Iter 0032120: train nll 0.309, valid error 100.000%, best valid error 100.000%, avg grad norm  37.577, avg grad norm (post clip)   0.053, rho_Whh  1.13, Omega  0.00, alpha  0.000, steps in the past 0.000, valid nll 0.238
  [diag] log10|dL/dh_t| hist bins=60 range=(-12.50,-11.50) mean=-12.00 p50=-12.00 p05=-12.00 p95=-12.00
  [diag] sat-dist hist bins=60 sat<0.05=0.0% mean=0.629 p10=0.539 p90=0.682
Iter 0032140: train nll 0.279, valid error 100.000%, best valid error 100.000%, avg grad norm  39.740, avg grad norm (post clip)   0.053, rho_Whh  1.13, Omega  0.00, alpha  0.000, steps in the past 0.000, valid nll 0.238
  [diag] log10|dL/dh_t| hist bins=60 range=(-12.50,-11.50) mean=-12.00 p50=-12.00 p05=-12.00 p95=-12.00
  [diag] sat-dist hist bins=60 sat<0.05=0.0% mean=0.629 p10=0.539 p90=0.682
Iter 0032160: train nll 0.256, valid error 100.000%, best valid error 100.000%, avg grad norm  49.045, avg grad norm (post clip)   0.053, rho_Whh  1.13, Omega  0.00, alpha  0.000, steps in the past 0.000, valid nll 0.238
  [diag] log10|dL/dh_t| hist bins=60 range=(-12.50,-11.50) mean=-12.00 p50=-12.00 p05=-12.00 p95=-12.00
  [diag] sat-dist hist bins=60 sat<0.05=0.0% mean=0.629 p10=0.540 p90=0.681
Iter 0032180: train nll 0.321, valid error 100.000%, best valid error 100.000%, avg grad norm  38.278, avg grad norm (post clip)   0.053, rho_Whh  1.13, Omega  0.00, alpha  0.000, steps in the past 0.000, valid nll 0.238
  [diag] log10|dL/dh_t| hist bins=60 range=(-12.50,-11.50) mean=-12.00 p50=-12.00 p05=-12.00 p95=-12.00
  [diag] sat-dist hist bins=60 sat<0.05=0.0% mean=0.600 p10=0.534 p90=0.672
Iter 0032200: train nll 0.290, valid error 100.000%, best valid error 100.000%, avg grad norm  41.067, avg grad norm (post clip)   0.053, rho_Whh  1.13, Omega  0.00, alpha  0.000, steps in the past 0.000, valid nll 0.220
  [diag] log10|dL/dh_t| hist bins=60 range=(-12.50,-11.50) mean=-12.00 p50=-12.00 p05=-12.00 p95=-12.00
  [diag] sat-dist hist bins=60 sat<0.05=0.0% mean=0.631 p10=0.540 p90=0.682
Iter 0032220: train nll 0.347, valid error 100.000%, best valid error 100.000%, avg grad norm  40.674, avg grad norm (post clip)   0.053, rho_Whh  1.13, Omega  0.00, alpha  0.000, steps in the past 0.000, valid nll 0.240
  [diag] log10|dL/dh_t| hist bins=60 range=(-12.50,-11.50) mean=-12.00 p50=-12.00 p05=-12.00 p95=-12.00
  [diag] sat-dist hist bins=60 sat<0.05=0.0% mean=0.631 p10=0.540 p90=0.682
Iter 0032240: train nll 0.284, valid error 100.000%, best valid error 100.000%, avg grad norm  42.118, avg grad norm (post clip)   0.053, rho_Whh  1.13, Omega  0.00, alpha  0.000, steps in the past 0.000, valid nll 0.240
  [diag] log10|dL/dh_t| hist bins=60 range=(-12.50,-11.50) mean=-12.00 p50=-12.00 p05=-12.00 p95=-12.00
  [diag] sat-dist hist bins=60 sat<0.05=0.0% mean=0.631 p10=0.540 p90=0.681
Iter 0032260: train nll 0.276, valid error 100.000%, best valid error 100.000%, avg grad norm  45.986, avg grad norm (post clip)   0.053, rho_Whh  1.13, Omega  0.00, alpha  0.000, steps in the past 0.000, valid nll 0.240
  [diag] log10|dL/dh_t| hist bins=60 range=(-12.50,-11.50) mean=-12.00 p50=-12.00 p05=-12.00 p95=-12.00
  [diag] sat-dist hist bins=60 sat<0.05=0.0% mean=0.631 p10=0.540 p90=0.681
Iter 0032280: train nll 0.286, valid error 100.000%, best valid error 100.000%, avg grad norm  43.940, avg grad norm (post clip)   0.053, rho_Whh  1.13, Omega  0.00, alpha  0.000, steps in the past 0.000, valid nll 0.240
  [diag] log10|dL/dh_t| hist bins=60 range=(-12.50,-11.50) mean=-12.00 p50=-12.00 p05=-12.00 p95=-12.00
  [diag] sat-dist hist bins=60 sat<0.05=0.0% mean=0.631 p10=0.540 p90=0.682
Iter 0032300: train nll 0.300, valid error 100.000%, best valid error 100.000%, avg grad norm  33.677, avg grad norm (post clip)   0.053, rho_Whh  1.13, Omega  0.00, alpha  0.000, steps in the past 0.000, valid nll 0.241
  [diag] log10|dL/dh_t| hist bins=60 range=(-12.50,-11.50) mean=-12.00 p50=-12.00 p05=-12.00 p95=-12.00
  [diag] sat-dist hist bins=60 sat<0.05=0.0% mean=0.628 p10=0.539 p90=0.681
Iter 0032320: train nll 0.301, valid error 100.000%, best valid error 100.000%, avg grad norm  39.305, avg grad norm (post clip)   0.053, rho_Whh  1.13, Omega  0.00, alpha  0.000, steps in the past 0.000, valid nll 0.235
  [diag] log10|dL/dh_t| hist bins=60 range=(-12.50,-11.50) mean=-12.00 p50=-12.00 p05=-12.00 p95=-12.00
  [diag] sat-dist hist bins=60 sat<0.05=0.0% mean=0.628 p10=0.539 p90=0.681
Iter 0032340: train nll 0.293, valid error 100.000%, best valid error 100.000%, avg grad norm  41.255, avg grad norm (post clip)   0.053, rho_Whh  1.13, Omega  0.00, alpha  0.000, steps in the past 0.000, valid nll 0.236
  [diag] log10|dL/dh_t| hist bins=60 range=(-12.50,-11.50) mean=-12.00 p50=-12.00 p05=-12.00 p95=-12.00
  [diag] sat-dist hist bins=60 sat<0.05=0.0% mean=0.627 p10=0.539 p90=0.681
Iter 0032360: train nll 0.289, valid error 100.000%, best valid error 100.000%, avg grad norm  39.897, avg grad norm (post clip)   0.053, rho_Whh  1.13, Omega  0.00, alpha  0.000, steps in the past 0.000, valid nll 0.235
  [diag] log10|dL/dh_t| hist bins=60 range=(-12.50,-11.50) mean=-12.00 p50=-12.00 p05=-12.00 p95=-12.00
  [diag] sat-dist hist bins=60 sat<0.05=0.0% mean=0.628 p10=0.539 p90=0.681
Iter 0032380: train nll 0.350, valid error 100.000%, best valid error 100.000%, avg grad norm  33.558, avg grad norm (post clip)   0.053, rho_Whh  1.13, Omega  0.00, alpha  0.000, steps in the past 0.000, valid nll 0.235
  [diag] log10|dL/dh_t| hist bins=60 range=(-12.50,-11.50) mean=-12.00 p50=-12.00 p05=-12.00 p95=-12.00
  [diag] sat-dist hist bins=60 sat<0.05=0.0% mean=0.643 p10=0.545 p90=0.684
Iter 0032400: train nll 0.310, valid error 100.000%, best valid error 100.000%, avg grad norm  39.184, avg grad norm (post clip)   0.053, rho_Whh  1.13, Omega  0.00, alpha  0.000, steps in the past 0.000, valid nll 0.264
  [diag] log10|dL/dh_t| hist bins=60 range=(-12.50,-11.50) mean=-12.00 p50=-12.00 p05=-12.00 p95=-12.00
  [diag] sat-dist hist bins=60 sat<0.05=0.0% mean=0.643 p10=0.546 p90=0.684
Iter 0032420: train nll 0.309, valid error 100.000%, best valid error 100.000%, avg grad norm  39.899, avg grad norm (post clip)   0.053, rho_Whh  1.13, Omega  0.00, alpha  0.000, steps in the past 0.000, valid nll 0.265
  [diag] log10|dL/dh_t| hist bins=60 range=(-12.50,-11.50) mean=-12.00 p50=-12.00 p05=-12.00 p95=-12.00
  [diag] sat-dist hist bins=60 sat<0.05=0.0% mean=0.643 p10=0.546 p90=0.684
Iter 0032440: train nll 0.290, valid error 100.000%, best valid error 100.000%, avg grad norm  39.371, avg grad norm (post clip)   0.053, rho_Whh  1.13, Omega  0.00, alpha  0.000, steps in the past 0.000, valid nll 0.265
  [diag] log10|dL/dh_t| hist bins=60 range=(-12.50,-11.50) mean=-12.00 p50=-12.00 p05=-12.00 p95=-12.00
  [diag] sat-dist hist bins=60 sat<0.05=0.0% mean=0.597 p10=0.534 p90=0.666
Iter 0032460: train nll 0.279, valid error 100.000%, best valid error 100.000%, avg grad norm  42.287, avg grad norm (post clip)   0.053, rho_Whh  1.13, Omega  0.00, alpha  0.000, steps in the past 0.000, valid nll 0.221
  [diag] log10|dL/dh_t| hist bins=60 range=(-12.50,-11.50) mean=-12.00 p50=-12.00 p05=-12.00 p95=-12.00
  [diag] sat-dist hist bins=60 sat<0.05=0.0% mean=0.629 p10=0.540 p90=0.680
Iter 0032480: train nll 0.296, valid error 100.000%, best valid error 100.000%, avg grad norm  41.275, avg grad norm (post clip)   0.053, rho_Whh  1.13, Omega  0.00, alpha  0.000, steps in the past 0.000, valid nll 0.236
  [diag] log10|dL/dh_t| hist bins=60 range=(-12.50,-11.50) mean=-12.00 p50=-12.00 p05=-12.00 p95=-12.00
  [diag] sat-dist hist bins=60 sat<0.05=0.0% mean=0.629 p10=0.540 p90=0.680
Iter 0032500: train nll 0.301, valid error 100.000%, best valid error 100.000%, avg grad norm  34.980, avg grad norm (post clip)   0.053, rho_Whh  1.13, Omega  0.00, alpha  0.000, steps in the past 0.000, valid nll 0.236
  [diag] log10|dL/dh_t| hist bins=60 range=(-12.50,-11.50) mean=-12.00 p50=-12.00 p05=-12.00 p95=-12.00
  [diag] sat-dist hist bins=60 sat<0.05=0.0% mean=0.629 p10=0.540 p90=0.680
Iter 0032520: train nll 0.261, valid error 100.000%, best valid error 100.000%, avg grad norm  44.535, avg grad norm (post clip)   0.053, rho_Whh  1.13, Omega  0.00, alpha  0.000, steps in the past 0.000, valid nll 0.236
  [diag] log10|dL/dh_t| hist bins=60 range=(-12.50,-11.50) mean=-12.00 p50=-12.00 p05=-12.00 p95=-12.00
  [diag] sat-dist hist bins=60 sat<0.05=0.0% mean=0.643 p10=0.547 p90=0.683
Iter 0032540: train nll 0.269, valid error 100.000%, best valid error 100.000%, avg grad norm  45.372, avg grad norm (post clip)   0.053, rho_Whh  1.13, Omega  0.00, alpha  0.000, steps in the past 0.000, valid nll 0.265
  [diag] log10|dL/dh_t| hist bins=60 range=(-12.50,-11.50) mean=-12.00 p50=-12.00 p05=-12.00 p95=-12.00
  [diag] sat-dist hist bins=60 sat<0.05=0.0% mean=0.629 p10=0.540 p90=0.680
Iter 0032560: train nll 0.294, valid error 100.000%, best valid error 100.000%, avg grad norm  36.504, avg grad norm (post clip)   0.053, rho_Whh  1.13, Omega  0.00, alpha  0.000, steps in the past 0.000, valid nll 0.236
  [diag] log10|dL/dh_t| hist bins=60 range=(-12.50,-11.50) mean=-12.00 p50=-12.00 p05=-12.00 p95=-12.00
  [diag] sat-dist hist bins=60 sat<0.05=0.0% mean=0.599 p10=0.535 p90=0.667
Iter 0032580: train nll 0.292, valid error 100.000%, best valid error 100.000%, avg grad norm  40.619, avg grad norm (post clip)   0.053, rho_Whh  1.13, Omega  0.00, alpha  0.000, steps in the past 0.000, valid nll 0.221
  [diag] log10|dL/dh_t| hist bins=60 range=(-12.50,-11.50) mean=-12.00 p50=-12.00 p05=-12.00 p95=-12.00
  [diag] sat-dist hist bins=60 sat<0.05=0.0% mean=0.629 p10=0.540 p90=0.680
Iter 0032600: train nll 0.251, valid error 100.000%, best valid error 100.000%, avg grad norm  44.170, avg grad norm (post clip)   0.053, rho_Whh  1.13, Omega  0.00, alpha  0.000, steps in the past 0.000, valid nll 0.236
  [diag] log10|dL/dh_t| hist bins=60 range=(-12.50,-11.50) mean=-12.00 p50=-12.00 p05=-12.00 p95=-12.00
  [diag] sat-dist hist bins=60 sat<0.05=0.0% mean=0.646 p10=0.548 p90=0.685
Iter 0032620: train nll 0.305, valid error 100.000%, best valid error 100.000%, avg grad norm  35.731, avg grad norm (post clip)   0.053, rho_Whh  1.13, Omega  0.00, alpha  0.000, steps in the past 0.000, valid nll 0.271
  [diag] log10|dL/dh_t| hist bins=60 range=(-12.50,-11.50) mean=-12.00 p50=-12.00 p05=-12.00 p95=-12.00
  [diag] sat-dist hist bins=60 sat<0.05=0.0% mean=0.614 p10=0.536 p90=0.679
Iter 0032640: train nll 0.249, valid error 100.000%, best valid error 100.000%, avg grad norm  36.617, avg grad norm (post clip)   0.053, rho_Whh  1.13, Omega  0.00, alpha  0.000, steps in the past 0.000, valid nll 0.222
  [diag] log10|dL/dh_t| hist bins=60 range=(-12.50,-11.50) mean=-12.00 p50=-12.00 p05=-12.00 p95=-12.00
  [diag] sat-dist hist bins=60 sat<0.05=0.0% mean=0.613 p10=0.536 p90=0.679
Iter 0032660: train nll 0.265, valid error 100.000%, best valid error 100.000%, avg grad norm  42.287, avg grad norm (post clip)   0.053, rho_Whh  1.13, Omega  0.00, alpha  0.000, steps in the past 0.000, valid nll 0.222
  [diag] log10|dL/dh_t| hist bins=60 range=(-12.50,-11.50) mean=-12.00 p50=-12.00 p05=-12.00 p95=-12.00
  [diag] sat-dist hist bins=60 sat<0.05=0.0% mean=0.622 p10=0.537 p90=0.681
Iter 0032680: train nll 0.281, valid error 100.000%, best valid error 100.000%, avg grad norm  45.693, avg grad norm (post clip)   0.053, rho_Whh  1.13, Omega  0.00, alpha  0.000, steps in the past 0.000, valid nll 0.228
  [diag] log10|dL/dh_t| hist bins=60 range=(-12.50,-11.50) mean=-12.00 p50=-12.00 p05=-12.00 p95=-12.00
  [diag] sat-dist hist bins=60 sat<0.05=0.0% mean=0.622 p10=0.537 p90=0.681
Iter 0032700: train nll 0.301, valid error 100.000%, best valid error 100.000%, avg grad norm  43.636, avg grad norm (post clip)   0.053, rho_Whh  1.13, Omega  0.00, alpha  0.000, steps in the past 0.000, valid nll 0.228
  [diag] log10|dL/dh_t| hist bins=60 range=(-12.50,-11.50) mean=-12.00 p50=-12.00 p05=-12.00 p95=-12.00
  [diag] sat-dist hist bins=60 sat<0.05=0.0% mean=0.622 p10=0.538 p90=0.681
Iter 0032720: train nll 0.274, valid error 100.000%, best valid error 100.000%, avg grad norm  45.740, avg grad norm (post clip)   0.053, rho_Whh  1.13, Omega  0.00, alpha  0.000, steps in the past 0.000, valid nll 0.228
  [diag] log10|dL/dh_t| hist bins=60 range=(-12.50,-11.50) mean=-12.00 p50=-12.00 p05=-12.00 p95=-12.00
  [diag] sat-dist hist bins=60 sat<0.05=0.0% mean=0.640 p10=0.544 p90=0.684
Iter 0032740: train nll 0.282, valid error 100.000%, best valid error 100.000%, avg grad norm  49.868, avg grad norm (post clip)   0.053, rho_Whh  1.13, Omega  0.00, alpha  0.000, steps in the past 0.000, valid nll 0.257
  [diag] log10|dL/dh_t| hist bins=60 range=(-12.50,-11.50) mean=-12.00 p50=-12.00 p05=-12.00 p95=-12.00
  [diag] sat-dist hist bins=60 sat<0.05=0.0% mean=0.622 p10=0.538 p90=0.680
Iter 0032760: train nll 0.293, valid error 100.000%, best valid error 100.000%, avg grad norm  40.619, avg grad norm (post clip)   0.053, rho_Whh  1.13, Omega  0.00, alpha  0.000, steps in the past 0.000, valid nll 0.228
  [diag] log10|dL/dh_t| hist bins=60 range=(-12.50,-11.50) mean=-12.00 p50=-12.00 p05=-12.00 p95=-12.00
  [diag] sat-dist hist bins=60 sat<0.05=0.0% mean=0.622 p10=0.538 p90=0.680
Iter 0032780: train nll 0.275, valid error 100.000%, best valid error 100.000%, avg grad norm  45.844, avg grad norm (post clip)   0.053, rho_Whh  1.13, Omega  0.00, alpha  0.000, steps in the past 0.000, valid nll 0.228
  [diag] log10|dL/dh_t| hist bins=60 range=(-12.50,-11.50) mean=-12.00 p50=-12.00 p05=-12.00 p95=-12.00
  [diag] sat-dist hist bins=60 sat<0.05=0.0% mean=0.622 p10=0.538 p90=0.680
Iter 0032800: train nll 0.286, valid error 100.000%, best valid error 100.000%, avg grad norm  45.882, avg grad norm (post clip)   0.053, rho_Whh  1.13, Omega  0.00, alpha  0.000, steps in the past 0.000, valid nll 0.228
  [diag] log10|dL/dh_t| hist bins=60 range=(-12.50,-11.50) mean=-12.00 p50=-12.00 p05=-12.00 p95=-12.00
  [diag] sat-dist hist bins=60 sat<0.05=0.0% mean=0.639 p10=0.544 p90=0.684
Iter 0032820: train nll 0.288, valid error 100.000%, best valid error 100.000%, avg grad norm  38.524, avg grad norm (post clip)   0.053, rho_Whh  1.13, Omega  0.00, alpha  0.000, steps in the past 0.000, valid nll 0.255
  [diag] log10|dL/dh_t| hist bins=60 range=(-12.50,-11.50) mean=-12.00 p50=-12.00 p05=-12.00 p95=-12.00
  [diag] sat-dist hist bins=60 sat<0.05=0.0% mean=0.650 p10=0.549 p90=0.686
Iter 0032840: train nll 0.310, valid error 100.000%, best valid error 100.000%, avg grad norm  39.333, avg grad norm (post clip)   0.053, rho_Whh  1.13, Omega  0.00, alpha  0.000, steps in the past 0.000, valid nll 0.283
  [diag] log10|dL/dh_t| hist bins=60 range=(-12.50,-11.50) mean=-12.00 p50=-12.00 p05=-12.00 p95=-12.00
  [diag] sat-dist hist bins=60 sat<0.05=0.0% mean=0.578 p10=0.532 p90=0.616
Iter 0032860: train nll 0.252, valid error 100.000%, best valid error 100.000%, avg grad norm  44.818, avg grad norm (post clip)   0.053, rho_Whh  1.13, Omega  0.00, alpha  0.000, steps in the past 0.000, valid nll 0.236
  [diag] log10|dL/dh_t| hist bins=60 range=(-12.50,-11.50) mean=-12.00 p50=-12.00 p05=-12.00 p95=-12.00
  [diag] sat-dist hist bins=60 sat<0.05=0.0% mean=0.622 p10=0.538 p90=0.680
Iter 0032880: train nll 0.311, valid error 100.000%, best valid error 100.000%, avg grad norm  40.948, avg grad norm (post clip)   0.053, rho_Whh  1.13, Omega  0.00, alpha  0.000, steps in the past 0.000, valid nll 0.228
  [diag] log10|dL/dh_t| hist bins=60 range=(-12.50,-11.50) mean=-12.00 p50=-12.00 p05=-12.00 p95=-12.00
  [diag] sat-dist hist bins=60 sat<0.05=0.0% mean=0.624 p10=0.538 p90=0.680
Iter 0032900: train nll 0.261, valid error 100.000%, best valid error 100.000%, avg grad norm  43.480, avg grad norm (post clip)   0.053, rho_Whh  1.13, Omega  0.00, alpha  0.000, steps in the past 0.000, valid nll 0.229
  [diag] log10|dL/dh_t| hist bins=60 range=(-12.50,-11.50) mean=-12.00 p50=-12.00 p05=-12.00 p95=-12.00
  [diag] sat-dist hist bins=60 sat<0.05=0.0% mean=0.624 p10=0.538 p90=0.680
Iter 0032920: train nll 0.291, valid error 100.000%, best valid error 100.000%, avg grad norm  40.859, avg grad norm (post clip)   0.053, rho_Whh  1.13, Omega  0.00, alpha  0.000, steps in the past 0.000, valid nll 0.229
  [diag] log10|dL/dh_t| hist bins=60 range=(-12.50,-11.50) mean=-12.00 p50=-12.00 p05=-12.00 p95=-12.00
  [diag] sat-dist hist bins=60 sat<0.05=0.0% mean=0.641 p10=0.544 p90=0.684
Iter 0032940: train nll 0.285, valid error 100.000%, best valid error 100.000%, avg grad norm  40.774, avg grad norm (post clip)   0.053, rho_Whh  1.13, Omega  0.00, alpha  0.000, steps in the past 0.000, valid nll 0.258
  [diag] log10|dL/dh_t| hist bins=60 range=(-12.50,-11.50) mean=-12.00 p50=-12.00 p05=-12.00 p95=-12.00
  [diag] sat-dist hist bins=60 sat<0.05=0.0% mean=0.641 p10=0.545 p90=0.683
Iter 0032960: train nll 0.275, valid error 100.000%, best valid error 100.000%, avg grad norm  36.361, avg grad norm (post clip)   0.053, rho_Whh  1.13, Omega  0.00, alpha  0.000, steps in the past 0.000, valid nll 0.258
  [diag] log10|dL/dh_t| hist bins=60 range=(-12.50,-11.50) mean=-12.00 p50=-12.00 p05=-12.00 p95=-12.00
  [diag] sat-dist hist bins=60 sat<0.05=0.0% mean=0.624 p10=0.539 p90=0.680
Iter 0032980: train nll 0.280, valid error 100.000%, best valid error 100.000%, avg grad norm  35.012, avg grad norm (post clip)   0.053, rho_Whh  1.13, Omega  0.00, alpha  0.000, steps in the past 0.000, valid nll 0.230
  [diag] log10|dL/dh_t| hist bins=60 range=(-12.50,-11.50) mean=-12.00 p50=-12.00 p05=-12.00 p95=-12.00
  [diag] sat-dist hist bins=60 sat<0.05=0.0% mean=0.641 p10=0.545 p90=0.683
Iter 0033000: train nll 0.338, valid error 100.000%, best valid error 100.000%, avg grad norm  43.218, avg grad norm (post clip)   0.053, rho_Whh  1.13, Omega  0.00, alpha  0.000, steps in the past 0.000, valid nll 0.258
  [diag] log10|dL/dh_t| hist bins=60 range=(-12.50,-11.50) mean=-12.00 p50=-12.00 p05=-12.00 p95=-12.00
  [diag] sat-dist hist bins=60 sat<0.05=0.0% mean=0.624 p10=0.539 p90=0.680
Iter 0033020: train nll 0.285, valid error 100.000%, best valid error 100.000%, avg grad norm  42.564, avg grad norm (post clip)   0.053, rho_Whh  1.13, Omega  0.00, alpha  0.000, steps in the past 0.000, valid nll 0.230
  [diag] log10|dL/dh_t| hist bins=60 range=(-12.50,-11.50) mean=-12.00 p50=-12.00 p05=-12.00 p95=-12.00
  [diag] sat-dist hist bins=60 sat<0.05=0.0% mean=0.641 p10=0.545 p90=0.683
Iter 0033040: train nll 0.289, valid error 100.000%, best valid error 100.000%, avg grad norm  37.718, avg grad norm (post clip)   0.053, rho_Whh  1.13, Omega  0.00, alpha  0.000, steps in the past 0.000, valid nll 0.259
  [diag] log10|dL/dh_t| hist bins=60 range=(-12.50,-11.50) mean=-12.00 p50=-12.00 p05=-12.00 p95=-12.00
  [diag] sat-dist hist bins=60 sat<0.05=0.0% mean=0.626 p10=0.539 p90=0.680
Iter 0033060: train nll 0.297, valid error 100.000%, best valid error 100.000%, avg grad norm  36.180, avg grad norm (post clip)   0.053, rho_Whh  1.13, Omega  0.00, alpha  0.000, steps in the past 0.000, valid nll 0.231
  [diag] log10|dL/dh_t| hist bins=60 range=(-12.50,-11.50) mean=-12.00 p50=-12.00 p05=-12.00 p95=-12.00
  [diag] sat-dist hist bins=60 sat<0.05=0.0% mean=0.632 p10=0.541 p90=0.682
Iter 0033080: train nll 0.292, valid error 100.000%, best valid error 100.000%, avg grad norm  34.949, avg grad norm (post clip)   0.053, rho_Whh  1.13, Omega  0.00, alpha  0.000, steps in the past 0.000, valid nll 0.241
  [diag] log10|dL/dh_t| hist bins=60 range=(-12.50,-11.50) mean=-12.00 p50=-12.00 p05=-12.00 p95=-12.00
  [diag] sat-dist hist bins=60 sat<0.05=0.0% mean=0.632 p10=0.541 p90=0.682
Iter 0033100: train nll 0.276, valid error 100.000%, best valid error 100.000%, avg grad norm  40.748, avg grad norm (post clip)   0.053, rho_Whh  1.13, Omega  0.00, alpha  0.000, steps in the past 0.000, valid nll 0.241
  [diag] log10|dL/dh_t| hist bins=60 range=(-12.50,-11.50) mean=-12.00 p50=-12.00 p05=-12.00 p95=-12.00
  [diag] sat-dist hist bins=60 sat<0.05=0.0% mean=0.606 p10=0.535 p90=0.677
Iter 0033120: train nll 0.317, valid error 100.000%, best valid error 100.000%, avg grad norm  37.856, avg grad norm (post clip)   0.053, rho_Whh  1.13, Omega  0.00, alpha  0.000, steps in the past 0.000, valid nll 0.220
  [diag] log10|dL/dh_t| hist bins=60 range=(-12.50,-11.50) mean=-12.00 p50=-12.00 p05=-12.00 p95=-12.00
  [diag] sat-dist hist bins=60 sat<0.05=0.0% mean=0.606 p10=0.535 p90=0.677
Iter 0033140: train nll 0.301, valid error 100.000%, best valid error 100.000%, avg grad norm  39.614, avg grad norm (post clip)   0.053, rho_Whh  1.13, Omega  0.00, alpha  0.000, steps in the past 0.000, valid nll 0.220
  [diag] log10|dL/dh_t| hist bins=60 range=(-12.50,-11.50) mean=-12.00 p50=-12.00 p05=-12.00 p95=-12.00
  [diag] sat-dist hist bins=60 sat<0.05=0.0% mean=0.632 p10=0.541 p90=0.681
Iter 0033160: train nll 0.301, valid error 100.000%, best valid error 100.000%, avg grad norm  39.357, avg grad norm (post clip)   0.053, rho_Whh  1.13, Omega  0.00, alpha  0.000, steps in the past 0.000, valid nll 0.240
  [diag] log10|dL/dh_t| hist bins=60 range=(-12.50,-11.50) mean=-12.00 p50=-12.00 p05=-12.00 p95=-12.00
  [diag] sat-dist hist bins=60 sat<0.05=0.0% mean=0.606 p10=0.536 p90=0.676
Iter 0033180: train nll 0.269, valid error 100.000%, best valid error 100.000%, avg grad norm  42.691, avg grad norm (post clip)   0.053, rho_Whh  1.13, Omega  0.00, alpha  0.000, steps in the past 0.000, valid nll 0.220
  [diag] log10|dL/dh_t| hist bins=60 range=(-12.50,-11.50) mean=-12.00 p50=-12.00 p05=-12.00 p95=-12.00
  [diag] sat-dist hist bins=60 sat<0.05=0.0% mean=0.607 p10=0.536 p90=0.676
Iter 0033200: train nll 0.278, valid error 100.000%, best valid error 100.000%, avg grad norm  42.739, avg grad norm (post clip)   0.053, rho_Whh  1.13, Omega  0.00, alpha  0.000, steps in the past 0.000, valid nll 0.220
  [diag] log10|dL/dh_t| hist bins=60 range=(-12.50,-11.50) mean=-12.00 p50=-12.00 p05=-12.00 p95=-12.00
  [diag] sat-dist hist bins=60 sat<0.05=0.0% mean=0.605 p10=0.536 p90=0.676
Iter 0033220: train nll 0.268, valid error 100.000%, best valid error 100.000%, avg grad norm  41.753, avg grad norm (post clip)   0.053, rho_Whh  1.13, Omega  0.00, alpha  0.000, steps in the past 0.000, valid nll 0.220
  [diag] log10|dL/dh_t| hist bins=60 range=(-12.50,-11.50) mean=-12.00 p50=-12.00 p05=-12.00 p95=-12.00
  [diag] sat-dist hist bins=60 sat<0.05=0.0% mean=0.630 p10=0.540 p90=0.681
Iter 0033240: train nll 0.270, valid error 100.000%, best valid error 100.000%, avg grad norm  36.354, avg grad norm (post clip)   0.053, rho_Whh  1.13, Omega  0.00, alpha  0.000, steps in the past 0.000, valid nll 0.237
  [diag] log10|dL/dh_t| hist bins=60 range=(-12.50,-11.50) mean=-12.00 p50=-12.00 p05=-12.00 p95=-12.00
  [diag] sat-dist hist bins=60 sat<0.05=0.0% mean=0.630 p10=0.540 p90=0.681
Iter 0033260: train nll 0.298, valid error 100.000%, best valid error 100.000%, avg grad norm  38.408, avg grad norm (post clip)   0.053, rho_Whh  1.13, Omega  0.00, alpha  0.000, steps in the past 0.000, valid nll 0.237
  [diag] log10|dL/dh_t| hist bins=60 range=(-12.50,-11.50) mean=-12.00 p50=-12.00 p05=-12.00 p95=-12.00
  [diag] sat-dist hist bins=60 sat<0.05=0.0% mean=0.646 p10=0.548 p90=0.685
Iter 0033280: train nll 0.300, valid error 100.000%, best valid error 100.000%, avg grad norm  41.237, avg grad norm (post clip)   0.053, rho_Whh  1.13, Omega  0.00, alpha  0.000, steps in the past 0.000, valid nll 0.271
  [diag] log10|dL/dh_t| hist bins=60 range=(-12.50,-11.50) mean=-12.00 p50=-12.00 p05=-12.00 p95=-12.00
  [diag] sat-dist hist bins=60 sat<0.05=0.0% mean=0.654 p10=0.551 p90=0.688
Iter 0033300: train nll 0.305, valid error 100.000%, best valid error 100.000%, avg grad norm  28.547, avg grad norm (post clip)   0.053, rho_Whh  1.13, Omega  0.00, alpha  0.000, steps in the past 0.000, valid nll 0.294
  [diag] log10|dL/dh_t| hist bins=60 range=(-12.50,-11.50) mean=-12.00 p50=-12.00 p05=-12.00 p95=-12.00
  [diag] sat-dist hist bins=60 sat<0.05=0.0% mean=0.632 p10=0.541 p90=0.682
Iter 0033320: train nll 0.294, valid error 100.000%, best valid error 100.000%, avg grad norm  36.531, avg grad norm (post clip)   0.053, rho_Whh  1.13, Omega  0.00, alpha  0.000, steps in the past 0.000, valid nll 0.241
  [diag] log10|dL/dh_t| hist bins=60 range=(-12.50,-11.50) mean=-12.00 p50=-12.00 p05=-12.00 p95=-12.00
  [diag] sat-dist hist bins=60 sat<0.05=0.0% mean=0.646 p10=0.547 p90=0.686
Iter 0033340: train nll 0.301, valid error 100.000%, best valid error 100.000%, avg grad norm  36.425, avg grad norm (post clip)   0.053, rho_Whh  1.13, Omega  0.00, alpha  0.000, steps in the past 0.000, valid nll 0.271
  [diag] log10|dL/dh_t| hist bins=60 range=(-12.50,-11.50) mean=-12.00 p50=-12.00 p05=-12.00 p95=-12.00
  [diag] sat-dist hist bins=60 sat<0.05=0.0% mean=0.631 p10=0.540 p90=0.682
Iter 0033360: train nll 0.302, valid error 100.000%, best valid error 100.000%, avg grad norm  31.174, avg grad norm (post clip)   0.053, rho_Whh  1.13, Omega  0.00, alpha  0.000, steps in the past 0.000, valid nll 0.239
  [diag] log10|dL/dh_t| hist bins=60 range=(-12.50,-11.50) mean=-12.00 p50=-12.00 p05=-12.00 p95=-12.00
  [diag] sat-dist hist bins=60 sat<0.05=0.0% mean=0.631 p10=0.540 p90=0.683
Iter 0033380: train nll 0.285, valid error 100.000%, best valid error 100.000%, avg grad norm  36.426, avg grad norm (post clip)   0.053, rho_Whh  1.13, Omega  0.00, alpha  0.000, steps in the past 0.000, valid nll 0.240
  [diag] log10|dL/dh_t| hist bins=60 range=(-12.50,-11.50) mean=-12.00 p50=-12.00 p05=-12.00 p95=-12.00
  [diag] sat-dist hist bins=60 sat<0.05=0.0% mean=0.630 p10=0.539 p90=0.683
Iter 0033400: train nll 0.279, valid error 100.000%, best valid error 100.000%, avg grad norm  41.641, avg grad norm (post clip)   0.053, rho_Whh  1.13, Omega  0.00, alpha  0.000, steps in the past 0.000, valid nll 0.238
  [diag] log10|dL/dh_t| hist bins=60 range=(-12.50,-11.50) mean=-12.00 p50=-12.00 p05=-12.00 p95=-12.00
  [diag] sat-dist hist bins=60 sat<0.05=0.0% mean=0.630 p10=0.539 p90=0.683
Iter 0033420: train nll 0.296, valid error 100.000%, best valid error 100.000%, avg grad norm  44.881, avg grad norm (post clip)   0.053, rho_Whh  1.13, Omega  0.00, alpha  0.000, steps in the past 0.000, valid nll 0.237
  [diag] log10|dL/dh_t| hist bins=60 range=(-12.50,-11.50) mean=-12.00 p50=-12.00 p05=-12.00 p95=-12.00
  [diag] sat-dist hist bins=60 sat<0.05=0.0% mean=0.601 p10=0.533 p90=0.675
Iter 0033440: train nll 0.276, valid error 100.000%, best valid error 100.000%, avg grad norm  38.867, avg grad norm (post clip)   0.053, rho_Whh  1.13, Omega  0.00, alpha  0.000, steps in the past 0.000, valid nll 0.219
  [diag] log10|dL/dh_t| hist bins=60 range=(-12.50,-11.50) mean=-12.00 p50=-12.00 p05=-12.00 p95=-12.00
  [diag] sat-dist hist bins=60 sat<0.05=0.0% mean=0.599 p10=0.533 p90=0.674
Iter 0033460: train nll 0.264, valid error 100.000%, best valid error 100.000%, avg grad norm  46.174, avg grad norm (post clip)   0.053, rho_Whh  1.13, Omega  0.00, alpha  0.000, steps in the past 0.000, valid nll 0.219
  [diag] log10|dL/dh_t| hist bins=60 range=(-12.50,-11.50) mean=-12.00 p50=-12.00 p05=-12.00 p95=-12.00
  [diag] sat-dist hist bins=60 sat<0.05=0.0% mean=0.630 p10=0.539 p90=0.683
Iter 0033480: train nll 0.303, valid error 100.000%, best valid error 100.000%, avg grad norm  46.868, avg grad norm (post clip)   0.053, rho_Whh  1.13, Omega  0.00, alpha  0.000, steps in the past 0.000, valid nll 0.238
  [diag] log10|dL/dh_t| hist bins=60 range=(-12.50,-11.50) mean=-12.00 p50=-12.00 p05=-12.00 p95=-12.00
  [diag] sat-dist hist bins=60 sat<0.05=0.0% mean=0.631 p10=0.539 p90=0.683
Iter 0033500: train nll 0.275, valid error 100.000%, best valid error 100.000%, avg grad norm  46.879, avg grad norm (post clip)   0.053, rho_Whh  1.13, Omega  0.00, alpha  0.000, steps in the past 0.000, valid nll 0.238
  [diag] log10|dL/dh_t| hist bins=60 range=(-12.50,-11.50) mean=-12.00 p50=-12.00 p05=-12.00 p95=-12.00
  [diag] sat-dist hist bins=60 sat<0.05=0.0% mean=0.631 p10=0.539 p90=0.683
Iter 0033520: train nll 0.287, valid error 100.000%, best valid error 100.000%, avg grad norm  42.171, avg grad norm (post clip)   0.053, rho_Whh  1.13, Omega  0.00, alpha  0.000, steps in the past 0.000, valid nll 0.238
  [diag] log10|dL/dh_t| hist bins=60 range=(-12.50,-11.50) mean=-12.00 p50=-12.00 p05=-12.00 p95=-12.00
  [diag] sat-dist hist bins=60 sat<0.05=0.0% mean=0.601 p10=0.534 p90=0.675
Iter 0033540: train nll 0.284, valid error 100.000%, best valid error 100.000%, avg grad norm  43.390, avg grad norm (post clip)   0.053, rho_Whh  1.13, Omega  0.00, alpha  0.000, steps in the past 0.000, valid nll 0.219
  [diag] log10|dL/dh_t| hist bins=60 range=(-12.50,-11.50) mean=-12.00 p50=-12.00 p05=-12.00 p95=-12.00
  [diag] sat-dist hist bins=60 sat<0.05=0.0% mean=0.645 p10=0.546 p90=0.686
Iter 0033560: train nll 0.333, valid error 100.000%, best valid error 100.000%, avg grad norm  34.957, avg grad norm (post clip)   0.053, rho_Whh  1.13, Omega  0.00, alpha  0.000, steps in the past 0.000, valid nll 0.268
  [diag] log10|dL/dh_t| hist bins=60 range=(-12.50,-11.50) mean=-12.00 p50=-12.00 p05=-12.00 p95=-12.00
  [diag] sat-dist hist bins=60 sat<0.05=0.0% mean=0.626 p10=0.538 p90=0.683
Iter 0033580: train nll 0.282, valid error 100.000%, best valid error 100.000%, avg grad norm  41.110, avg grad norm (post clip)   0.053, rho_Whh  1.13, Omega  0.00, alpha  0.000, steps in the past 0.000, valid nll 0.232
  [diag] log10|dL/dh_t| hist bins=60 range=(-12.50,-11.50) mean=-12.00 p50=-12.00 p05=-12.00 p95=-12.00
  [diag] sat-dist hist bins=60 sat<0.05=0.0% mean=0.626 p10=0.538 p90=0.683
Iter 0033600: train nll 0.291, valid error 100.000%, best valid error 100.000%, avg grad norm  39.229, avg grad norm (post clip)   0.053, rho_Whh  1.13, Omega  0.00, alpha  0.000, steps in the past 0.000, valid nll 0.232
  [diag] log10|dL/dh_t| hist bins=60 range=(-12.50,-11.50) mean=-12.00 p50=-12.00 p05=-12.00 p95=-12.00
  [diag] sat-dist hist bins=60 sat<0.05=0.0% mean=0.626 p10=0.538 p90=0.683
Iter 0033620: train nll 0.314, valid error 100.000%, best valid error 100.000%, avg grad norm  39.077, avg grad norm (post clip)   0.053, rho_Whh  1.13, Omega  0.00, alpha  0.000, steps in the past 0.000, valid nll 0.232
  [diag] log10|dL/dh_t| hist bins=60 range=(-12.50,-11.50) mean=-12.00 p50=-12.00 p05=-12.00 p95=-12.00
  [diag] sat-dist hist bins=60 sat<0.05=0.0% mean=0.626 p10=0.538 p90=0.683
Iter 0033640: train nll 0.304, valid error 100.000%, best valid error 100.000%, avg grad norm  39.415, avg grad norm (post clip)   0.053, rho_Whh  1.13, Omega  0.00, alpha  0.000, steps in the past 0.000, valid nll 0.232
  [diag] log10|dL/dh_t| hist bins=60 range=(-12.50,-11.50) mean=-12.00 p50=-12.00 p05=-12.00 p95=-12.00
  [diag] sat-dist hist bins=60 sat<0.05=0.0% mean=0.627 p10=0.538 p90=0.683
Iter 0033660: train nll 0.291, valid error 100.000%, best valid error 100.000%, avg grad norm  44.208, avg grad norm (post clip)   0.053, rho_Whh  1.13, Omega  0.00, alpha  0.000, steps in the past 0.000, valid nll 0.232
  [diag] log10|dL/dh_t| hist bins=60 range=(-12.50,-11.50) mean=-12.00 p50=-12.00 p05=-12.00 p95=-12.00
  [diag] sat-dist hist bins=60 sat<0.05=0.0% mean=0.641 p10=0.542 p90=0.687
Iter 0033680: train nll 0.315, valid error 100.000%, best valid error 100.000%, avg grad norm  30.280, avg grad norm (post clip)   0.053, rho_Whh  1.13, Omega  0.00, alpha  0.000, steps in the past 0.000, valid nll 0.258
  [diag] log10|dL/dh_t| hist bins=60 range=(-12.50,-11.50) mean=-12.00 p50=-12.00 p05=-12.00 p95=-12.00
  [diag] sat-dist hist bins=60 sat<0.05=0.0% mean=0.639 p10=0.541 p90=0.686
Iter 0033700: train nll 0.280, valid error 100.000%, best valid error 100.000%, avg grad norm  43.782, avg grad norm (post clip)   0.053, rho_Whh  1.13, Omega  0.00, alpha  0.000, steps in the past 0.000, valid nll 0.253
  [diag] log10|dL/dh_t| hist bins=60 range=(-12.50,-11.50) mean=-12.00 p50=-12.00 p05=-12.00 p95=-12.00
  [diag] sat-dist hist bins=60 sat<0.05=0.0% mean=0.618 p10=0.535 p90=0.683
Iter 0033720: train nll 0.251, valid error 100.000%, best valid error 100.000%, avg grad norm  46.369, avg grad norm (post clip)   0.053, rho_Whh  1.13, Omega  0.00, alpha  0.000, steps in the past 0.000, valid nll 0.224
  [diag] log10|dL/dh_t| hist bins=60 range=(-12.50,-11.50) mean=-12.00 p50=-12.00 p05=-12.00 p95=-12.00
  [diag] sat-dist hist bins=60 sat<0.05=0.0% mean=0.650 p10=0.547 p90=0.689
Iter 0033740: train nll 0.309, valid error 100.000%, best valid error 100.000%, avg grad norm  41.735, avg grad norm (post clip)   0.053, rho_Whh  1.13, Omega  0.00, alpha  0.000, steps in the past 0.000, valid nll 0.283
  [diag] log10|dL/dh_t| hist bins=60 range=(-12.50,-11.50) mean=-12.00 p50=-12.00 p05=-12.00 p95=-12.00
  [diag] sat-dist hist bins=60 sat<0.05=0.0% mean=0.639 p10=0.541 p90=0.686
Iter 0033760: train nll 0.289, valid error 100.000%, best valid error 100.000%, avg grad norm  41.753, avg grad norm (post clip)   0.053, rho_Whh  1.13, Omega  0.00, alpha  0.000, steps in the past 0.000, valid nll 0.253
  [diag] log10|dL/dh_t| hist bins=60 range=(-12.50,-11.50) mean=-12.00 p50=-12.00 p05=-12.00 p95=-12.00
  [diag] sat-dist hist bins=60 sat<0.05=0.0% mean=0.634 p10=0.539 p90=0.686
Iter 0033780: train nll 0.324, valid error 100.000%, best valid error 100.000%, avg grad norm  36.527, avg grad norm (post clip)   0.053, rho_Whh  1.13, Omega  0.00, alpha  0.000, steps in the past 0.000, valid nll 0.244
  [diag] log10|dL/dh_t| hist bins=60 range=(-12.50,-11.50) mean=-12.00 p50=-12.00 p05=-12.00 p95=-12.00
  [diag] sat-dist hist bins=60 sat<0.05=0.0% mean=0.604 p10=0.533 p90=0.682
Iter 0033800: train nll 0.298, valid error 100.000%, best valid error 100.000%, avg grad norm  35.953, avg grad norm (post clip)   0.053, rho_Whh  1.13, Omega  0.00, alpha  0.000, steps in the past 0.000, valid nll 0.218
  [diag] log10|dL/dh_t| hist bins=60 range=(-12.50,-11.50) mean=-12.00 p50=-12.00 p05=-12.00 p95=-12.00
  [diag] sat-dist hist bins=60 sat<0.05=0.0% mean=0.634 p10=0.538 p90=0.686
Iter 0033820: train nll 0.277, valid error 100.000%, best valid error 100.000%, avg grad norm  44.327, avg grad norm (post clip)   0.053, rho_Whh  1.13, Omega  0.00, alpha  0.000, steps in the past 0.000, valid nll 0.244
  [diag] log10|dL/dh_t| hist bins=60 range=(-12.50,-11.50) mean=-12.00 p50=-12.00 p05=-12.00 p95=-12.00
  [diag] sat-dist hist bins=60 sat<0.05=0.0% mean=0.620 p10=0.534 p90=0.685
Iter 0033840: train nll 0.281, valid error 100.000%, best valid error 100.000%, avg grad norm  44.423, avg grad norm (post clip)   0.053, rho_Whh  1.13, Omega  0.00, alpha  0.000, steps in the past 0.000, valid nll 0.226
  [diag] log10|dL/dh_t| hist bins=60 range=(-12.50,-11.50) mean=-12.00 p50=-12.00 p05=-12.00 p95=-12.00
  [diag] sat-dist hist bins=60 sat<0.05=0.0% mean=0.630 p10=0.536 p90=0.687
Iter 0033860: train nll 0.256, valid error 100.000%, best valid error 100.000%, avg grad norm  42.957, avg grad norm (post clip)   0.053, rho_Whh  1.13, Omega  0.00, alpha  0.000, steps in the past 0.000, valid nll 0.238
  [diag] log10|dL/dh_t| hist bins=60 range=(-12.50,-11.50) mean=-12.00 p50=-12.00 p05=-12.00 p95=-12.00
  [diag] sat-dist hist bins=60 sat<0.05=0.0% mean=0.630 p10=0.536 p90=0.687
Iter 0033880: train nll 0.289, valid error 100.000%, best valid error 100.000%, avg grad norm  50.418, avg grad norm (post clip)   0.053, rho_Whh  1.13, Omega  0.00, alpha  0.000, steps in the past 0.000, valid nll 0.238
  [diag] log10|dL/dh_t| hist bins=60 range=(-12.50,-11.50) mean=-12.00 p50=-12.00 p05=-12.00 p95=-12.00
  [diag] sat-dist hist bins=60 sat<0.05=0.0% mean=0.630 p10=0.536 p90=0.687
Iter 0033900: train nll 0.291, valid error 100.000%, best valid error 100.000%, avg grad norm  49.264, avg grad norm (post clip)   0.053, rho_Whh  1.13, Omega  0.00, alpha  0.000, steps in the past 0.000, valid nll 0.238
  [diag] log10|dL/dh_t| hist bins=60 range=(-12.50,-11.50) mean=-12.00 p50=-12.00 p05=-12.00 p95=-12.00
  [diag] sat-dist hist bins=60 sat<0.05=0.0% mean=0.596 p10=0.531 p90=0.674
Iter 0033920: train nll 0.257, valid error 100.000%, best valid error 100.000%, avg grad norm  52.575, avg grad norm (post clip)   0.053, rho_Whh  1.13, Omega  0.00, alpha  0.000, steps in the past 0.000, valid nll 0.219
  [diag] log10|dL/dh_t| hist bins=60 range=(-12.50,-11.50) mean=-12.00 p50=-12.00 p05=-12.00 p95=-12.00
  [diag] sat-dist hist bins=60 sat<0.05=0.0% mean=0.645 p10=0.542 p90=0.689
Iter 0033940: train nll 0.270, valid error 100.000%, best valid error 100.000%, avg grad norm  52.693, avg grad norm (post clip)   0.053, rho_Whh  1.13, Omega  0.00, alpha  0.000, steps in the past 0.000, valid nll 0.271
  [diag] log10|dL/dh_t| hist bins=60 range=(-12.50,-11.50) mean=-12.00 p50=-12.00 p05=-12.00 p95=-12.00
  [diag] sat-dist hist bins=60 sat<0.05=0.0% mean=0.630 p10=0.536 p90=0.686
Iter 0033960: train nll 0.279, valid error 100.000%, best valid error 100.000%, avg grad norm  47.968, avg grad norm (post clip)   0.053, rho_Whh  1.13, Omega  0.00, alpha  0.000, steps in the past 0.000, valid nll 0.238
  [diag] log10|dL/dh_t| hist bins=60 range=(-12.50,-11.50) mean=-12.00 p50=-12.00 p05=-12.00 p95=-12.00
  [diag] sat-dist hist bins=60 sat<0.05=0.0% mean=0.623 p10=0.534 p90=0.686
Iter 0033980: train nll 0.277, valid error 100.000%, best valid error 100.000%, avg grad norm  44.302, avg grad norm (post clip)   0.053, rho_Whh  1.13, Omega  0.00, alpha  0.000, steps in the past 0.000, valid nll 0.229
  [diag] log10|dL/dh_t| hist bins=60 range=(-12.50,-11.50) mean=-12.00 p50=-12.00 p05=-12.00 p95=-12.00
  [diag] sat-dist hist bins=60 sat<0.05=0.0% mean=0.623 p10=0.534 p90=0.686
Iter 0034000: train nll 0.265, valid error 100.000%, best valid error 100.000%, avg grad norm  51.869, avg grad norm (post clip)   0.053, rho_Whh  1.13, Omega  0.00, alpha  0.000, steps in the past 0.000, valid nll 0.229
  [diag] log10|dL/dh_t| hist bins=60 range=(-12.50,-11.50) mean=-12.00 p50=-12.00 p05=-12.00 p95=-12.00
  [diag] sat-dist hist bins=60 sat<0.05=0.0% mean=0.642 p10=0.541 p90=0.689
Iter 0034020: train nll 0.330, valid error 100.000%, best valid error 100.000%, avg grad norm  42.130, avg grad norm (post clip)   0.053, rho_Whh  1.13, Omega  0.00, alpha  0.000, steps in the past 0.000, valid nll 0.261
  [diag] log10|dL/dh_t| hist bins=60 range=(-12.50,-11.50) mean=-12.00 p50=-12.00 p05=-12.00 p95=-12.00
  [diag] sat-dist hist bins=60 sat<0.05=0.0% mean=0.642 p10=0.541 p90=0.688
Iter 0034040: train nll 0.297, valid error 100.000%, best valid error 100.000%, avg grad norm  47.794, avg grad norm (post clip)   0.053, rho_Whh  1.13, Omega  0.00, alpha  0.000, steps in the past 0.000, valid nll 0.261
  [diag] log10|dL/dh_t| hist bins=60 range=(-12.50,-11.50) mean=-12.00 p50=-12.00 p05=-12.00 p95=-12.00
  [diag] sat-dist hist bins=60 sat<0.05=0.0% mean=0.624 p10=0.535 p90=0.685
Iter 0034060: train nll 0.286, valid error 100.000%, best valid error 100.000%, avg grad norm  47.058, avg grad norm (post clip)   0.053, rho_Whh  1.13, Omega  0.00, alpha  0.000, steps in the past 0.000, valid nll 0.229
  [diag] log10|dL/dh_t| hist bins=60 range=(-12.50,-11.50) mean=-12.00 p50=-12.00 p05=-12.00 p95=-12.00
  [diag] sat-dist hist bins=60 sat<0.05=0.0% mean=0.625 p10=0.535 p90=0.686
Iter 0034080: train nll 0.305, valid error 100.000%, best valid error 100.000%, avg grad norm  40.635, avg grad norm (post clip)   0.053, rho_Whh  1.13, Omega  0.00, alpha  0.000, steps in the past 0.000, valid nll 0.231
  [diag] log10|dL/dh_t| hist bins=60 range=(-12.50,-11.50) mean=-12.00 p50=-12.00 p05=-12.00 p95=-12.00
  [diag] sat-dist hist bins=60 sat<0.05=0.0% mean=0.619 p10=0.533 p90=0.686
Iter 0034100: train nll 0.257, valid error 100.000%, best valid error 100.000%, avg grad norm  43.752, avg grad norm (post clip)   0.053, rho_Whh  1.13, Omega  0.00, alpha  0.000, steps in the past 0.000, valid nll 0.225
  [diag] log10|dL/dh_t| hist bins=60 range=(-12.50,-11.50) mean=-12.00 p50=-12.00 p05=-12.00 p95=-12.00
  [diag] sat-dist hist bins=60 sat<0.05=0.0% mean=0.640 p10=0.539 p90=0.689
Iter 0034120: train nll 0.295, valid error 100.000%, best valid error 100.000%, avg grad norm  49.428, avg grad norm (post clip)   0.053, rho_Whh  1.13, Omega  0.00, alpha  0.000, steps in the past 0.000, valid nll 0.257
  [diag] log10|dL/dh_t| hist bins=60 range=(-12.50,-11.50) mean=-12.00 p50=-12.00 p05=-12.00 p95=-12.00
  [diag] sat-dist hist bins=60 sat<0.05=0.0% mean=0.620 p10=0.534 p90=0.685
Iter 0034140: train nll 0.307, valid error 100.000%, best valid error 100.000%, avg grad norm  38.104, avg grad norm (post clip)   0.053, rho_Whh  1.13, Omega  0.00, alpha  0.000, steps in the past 0.000, valid nll 0.225
  [diag] log10|dL/dh_t| hist bins=60 range=(-12.50,-11.50) mean=-12.00 p50=-12.00 p05=-12.00 p95=-12.00
  [diag] sat-dist hist bins=60 sat<0.05=0.0% mean=0.620 p10=0.534 p90=0.685
Iter 0034160: train nll 0.283, valid error 100.000%, best valid error 100.000%, avg grad norm  43.375, avg grad norm (post clip)   0.053, rho_Whh  1.13, Omega  0.00, alpha  0.000, steps in the past 0.000, valid nll 0.226
  [diag] log10|dL/dh_t| hist bins=60 range=(-12.50,-11.50) mean=-12.00 p50=-12.00 p05=-12.00 p95=-12.00
  [diag] sat-dist hist bins=60 sat<0.05=0.0% mean=0.620 p10=0.534 p90=0.685
Iter 0034180: train nll 0.266, valid error 100.000%, best valid error 100.000%, avg grad norm  41.084, avg grad norm (post clip)   0.053, rho_Whh  1.13, Omega  0.00, alpha  0.000, steps in the past 0.000, valid nll 0.226
  [diag] log10|dL/dh_t| hist bins=60 range=(-12.50,-11.50) mean=-12.00 p50=-12.00 p05=-12.00 p95=-12.00
  [diag] sat-dist hist bins=60 sat<0.05=0.0% mean=0.620 p10=0.534 p90=0.685
Iter 0034200: train nll 0.296, valid error 100.000%, best valid error 100.000%, avg grad norm  45.597, avg grad norm (post clip)   0.053, rho_Whh  1.13, Omega  0.00, alpha  0.000, steps in the past 0.000, valid nll 0.226
  [diag] log10|dL/dh_t| hist bins=60 range=(-12.50,-11.50) mean=-12.00 p50=-12.00 p05=-12.00 p95=-12.00
  [diag] sat-dist hist bins=60 sat<0.05=0.0% mean=0.571 p10=0.529 p90=0.601
Iter 0034220: train nll 0.265, valid error 100.000%, best valid error 100.000%, avg grad norm  53.465, avg grad norm (post clip)   0.053, rho_Whh  1.13, Omega  0.00, alpha  0.000, steps in the past 0.000, valid nll 0.240
  [diag] log10|dL/dh_t| hist bins=60 range=(-12.50,-11.50) mean=-12.00 p50=-12.00 p05=-12.00 p95=-12.00
  [diag] sat-dist hist bins=60 sat<0.05=0.0% mean=0.640 p10=0.540 p90=0.688
Iter 0034240: train nll 0.319, valid error 100.000%, best valid error 100.000%, avg grad norm  44.466, avg grad norm (post clip)   0.053, rho_Whh  1.13, Omega  0.00, alpha  0.000, steps in the past 0.000, valid nll 0.257
  [diag] log10|dL/dh_t| hist bins=60 range=(-12.50,-11.50) mean=-12.00 p50=-12.00 p05=-12.00 p95=-12.00
  [diag] sat-dist hist bins=60 sat<0.05=0.0% mean=0.621 p10=0.535 p90=0.685
Iter 0034260: train nll 0.247, valid error 100.000%, best valid error 100.000%, avg grad norm  56.752, avg grad norm (post clip)   0.053, rho_Whh  1.13, Omega  0.00, alpha  0.000, steps in the past 0.000, valid nll 0.226
  [diag] log10|dL/dh_t| hist bins=60 range=(-12.50,-11.50) mean=-12.00 p50=-12.00 p05=-12.00 p95=-12.00
  [diag] sat-dist hist bins=60 sat<0.05=0.0% mean=0.621 p10=0.535 p90=0.684
Iter 0034280: train nll 0.287, valid error 100.000%, best valid error 100.000%, avg grad norm  55.793, avg grad norm (post clip)   0.053, rho_Whh  1.13, Omega  0.00, alpha  0.000, steps in the past 0.000, valid nll 0.226
  [diag] log10|dL/dh_t| hist bins=60 range=(-12.50,-11.50) mean=-12.00 p50=-12.00 p05=-12.00 p95=-12.00
  [diag] sat-dist hist bins=60 sat<0.05=0.0% mean=0.639 p10=0.540 p90=0.688
Iter 0034300: train nll 0.285, valid error 100.000%, best valid error 100.000%, avg grad norm  43.792, avg grad norm (post clip)   0.053, rho_Whh  1.13, Omega  0.00, alpha  0.000, steps in the past 0.000, valid nll 0.254
  [diag] log10|dL/dh_t| hist bins=60 range=(-12.50,-11.50) mean=-12.00 p50=-12.00 p05=-12.00 p95=-12.00
  [diag] sat-dist hist bins=60 sat<0.05=0.0% mean=0.619 p10=0.534 p90=0.685
Iter 0034320: train nll 0.275, valid error 100.000%, best valid error 100.000%, avg grad norm  44.084, avg grad norm (post clip)   0.053, rho_Whh  1.13, Omega  0.00, alpha  0.000, steps in the past 0.000, valid nll 0.224
  [diag] log10|dL/dh_t| hist bins=60 range=(-12.50,-11.50) mean=-12.00 p50=-12.00 p05=-12.00 p95=-12.00
  [diag] sat-dist hist bins=60 sat<0.05=0.0% mean=0.651 p10=0.547 p90=0.690
Iter 0034340: train nll 0.330, valid error 100.000%, best valid error 100.000%, avg grad norm  40.636, avg grad norm (post clip)   0.053, rho_Whh  1.13, Omega  0.00, alpha  0.000, steps in the past 0.000, valid nll 0.285
  [diag] log10|dL/dh_t| hist bins=60 range=(-12.50,-11.50) mean=-12.00 p50=-12.00 p05=-12.00 p95=-12.00
  [diag] sat-dist hist bins=60 sat<0.05=0.0% mean=0.619 p10=0.534 p90=0.685
Iter 0034360: train nll 0.285, valid error 100.000%, best valid error 100.000%, avg grad norm  37.701, avg grad norm (post clip)   0.053, rho_Whh  1.13, Omega  0.00, alpha  0.000, steps in the past 0.000, valid nll 0.224
  [diag] log10|dL/dh_t| hist bins=60 range=(-12.50,-11.50) mean=-12.00 p50=-12.00 p05=-12.00 p95=-12.00
  [diag] sat-dist hist bins=60 sat<0.05=0.0% mean=0.619 p10=0.534 p90=0.685
Iter 0034380: train nll 0.261, valid error 100.000%, best valid error 100.000%, avg grad norm  55.140, avg grad norm (post clip)   0.053, rho_Whh  1.13, Omega  0.00, alpha  0.000, steps in the past 0.000, valid nll 0.224
  [diag] log10|dL/dh_t| hist bins=60 range=(-12.50,-11.50) mean=-12.00 p50=-12.00 p05=-12.00 p95=-12.00
  [diag] sat-dist hist bins=60 sat<0.05=0.0% mean=0.640 p10=0.540 p90=0.688
Iter 0034400: train nll 0.292, valid error 100.000%, best valid error 100.000%, avg grad norm  44.130, avg grad norm (post clip)   0.053, rho_Whh  1.13, Omega  0.00, alpha  0.000, steps in the past 0.000, valid nll 0.256
  [diag] log10|dL/dh_t| hist bins=60 range=(-12.50,-11.50) mean=-12.00 p50=-12.00 p05=-12.00 p95=-12.00
  [diag] sat-dist hist bins=60 sat<0.05=0.0% mean=0.640 p10=0.540 p90=0.688
Iter 0034420: train nll 0.293, valid error 100.000%, best valid error 100.000%, avg grad norm  41.799, avg grad norm (post clip)   0.053, rho_Whh  1.13, Omega  0.00, alpha  0.000, steps in the past 0.000, valid nll 0.256
  [diag] log10|dL/dh_t| hist bins=60 range=(-12.50,-11.50) mean=-12.00 p50=-12.00 p05=-12.00 p95=-12.00
  [diag] sat-dist hist bins=60 sat<0.05=0.0% mean=0.651 p10=0.547 p90=0.690
Iter 0034440: train nll 0.309, valid error 100.000%, best valid error 100.000%, avg grad norm  42.572, avg grad norm (post clip)   0.053, rho_Whh  1.13, Omega  0.00, alpha  0.000, steps in the past 0.000, valid nll 0.286
  [diag] log10|dL/dh_t| hist bins=60 range=(-12.50,-11.50) mean=-12.00 p50=-12.00 p05=-12.00 p95=-12.00
  [diag] sat-dist hist bins=60 sat<0.05=0.0% mean=0.635 p10=0.538 p90=0.688
Iter 0034460: train nll 0.288, valid error 100.000%, best valid error 100.000%, avg grad norm  35.035, avg grad norm (post clip)   0.053, rho_Whh  1.13, Omega  0.00, alpha  0.000, steps in the past 0.000, valid nll 0.247
  [diag] log10|dL/dh_t| hist bins=60 range=(-12.50,-11.50) mean=-12.00 p50=-12.00 p05=-12.00 p95=-12.00
  [diag] sat-dist hist bins=60 sat<0.05=0.0% mean=0.610 p10=0.532 p90=0.684
Iter 0034480: train nll 0.274, valid error 100.000%, best valid error 100.000%, avg grad norm  50.692, avg grad norm (post clip)   0.053, rho_Whh  1.13, Omega  0.00, alpha  0.000, steps in the past 0.000, valid nll 0.219
  [diag] log10|dL/dh_t| hist bins=60 range=(-12.50,-11.50) mean=-12.00 p50=-12.00 p05=-12.00 p95=-12.00
  [diag] sat-dist hist bins=60 sat<0.05=0.0% mean=0.609 p10=0.532 p90=0.685
Iter 0034500: train nll 0.242, valid error 100.000%, best valid error 100.000%, avg grad norm  53.162, avg grad norm (post clip)   0.053, rho_Whh  1.13, Omega  0.00, alpha  0.000, steps in the past 0.000, valid nll 0.219
  [diag] log10|dL/dh_t| hist bins=60 range=(-12.50,-11.50) mean=-12.00 p50=-12.00 p05=-12.00 p95=-12.00
  [diag] sat-dist hist bins=60 sat<0.05=0.0% mean=0.649 p10=0.544 p90=0.690
Iter 0034520: train nll 0.316, valid error 100.000%, best valid error 100.000%, avg grad norm  49.257, avg grad norm (post clip)   0.053, rho_Whh  1.13, Omega  0.00, alpha  0.000, steps in the past 0.000, valid nll 0.279
  [diag] log10|dL/dh_t| hist bins=60 range=(-12.50,-11.50) mean=-12.00 p50=-12.00 p05=-12.00 p95=-12.00
  [diag] sat-dist hist bins=60 sat<0.05=0.0% mean=0.635 p10=0.538 p90=0.688
Iter 0034540: train nll 0.330, valid error 100.000%, best valid error 100.000%, avg grad norm  41.725, avg grad norm (post clip)   0.053, rho_Whh  1.13, Omega  0.00, alpha  0.000, steps in the past 0.000, valid nll 0.246
  [diag] log10|dL/dh_t| hist bins=60 range=(-12.50,-11.50) mean=-12.00 p50=-12.00 p05=-12.00 p95=-12.00
  [diag] sat-dist hist bins=60 sat<0.05=0.0% mean=0.635 p10=0.538 p90=0.687
Iter 0034560: train nll 0.299, valid error 100.000%, best valid error 100.000%, avg grad norm  42.349, avg grad norm (post clip)   0.053, rho_Whh  1.13, Omega  0.00, alpha  0.000, steps in the past 0.000, valid nll 0.246
  [diag] log10|dL/dh_t| hist bins=60 range=(-12.50,-11.50) mean=-12.00 p50=-12.00 p05=-12.00 p95=-12.00
  [diag] sat-dist hist bins=60 sat<0.05=0.0% mean=0.610 p10=0.533 p90=0.684
Iter 0034580: train nll 0.298, valid error 100.000%, best valid error 100.000%, avg grad norm  37.740, avg grad norm (post clip)   0.053, rho_Whh  1.13, Omega  0.00, alpha  0.000, steps in the past 0.000, valid nll 0.219
  [diag] log10|dL/dh_t| hist bins=60 range=(-12.50,-11.50) mean=-12.00 p50=-12.00 p05=-12.00 p95=-12.00
  [diag] sat-dist hist bins=60 sat<0.05=0.0% mean=0.636 p10=0.538 p90=0.687
Iter 0034600: train nll 0.275, valid error 100.000%, best valid error 100.000%, avg grad norm  51.092, avg grad norm (post clip)   0.053, rho_Whh  1.13, Omega  0.00, alpha  0.000, steps in the past 0.000, valid nll 0.246
  [diag] log10|dL/dh_t| hist bins=60 range=(-12.50,-11.50) mean=-12.00 p50=-12.00 p05=-12.00 p95=-12.00
  [diag] sat-dist hist bins=60 sat<0.05=0.0% mean=0.635 p10=0.538 p90=0.687
Iter 0034620: train nll 0.280, valid error 100.000%, best valid error 100.000%, avg grad norm  46.804, avg grad norm (post clip)   0.053, rho_Whh  1.13, Omega  0.00, alpha  0.000, steps in the past 0.000, valid nll 0.245
  [diag] log10|dL/dh_t| hist bins=60 range=(-12.50,-11.50) mean=-12.00 p50=-12.00 p05=-12.00 p95=-12.00
  [diag] sat-dist hist bins=60 sat<0.05=0.0% mean=0.648 p10=0.544 p90=0.690
Iter 0034640: train nll 0.325, valid error 100.000%, best valid error 100.000%, avg grad norm  37.431, avg grad norm (post clip)   0.053, rho_Whh  1.13, Omega  0.00, alpha  0.000, steps in the past 0.000, valid nll 0.276
  [diag] log10|dL/dh_t| hist bins=60 range=(-12.50,-11.50) mean=-12.00 p50=-12.00 p05=-12.00 p95=-12.00
  [diag] sat-dist hist bins=60 sat<0.05=0.0% mean=0.634 p10=0.538 p90=0.687
Iter 0034660: train nll 0.285, valid error 100.000%, best valid error 100.000%, avg grad norm  50.917, avg grad norm (post clip)   0.053, rho_Whh  1.13, Omega  0.00, alpha  0.000, steps in the past 0.000, valid nll 0.244
  [diag] log10|dL/dh_t| hist bins=60 range=(-12.50,-11.50) mean=-12.00 p50=-12.00 p05=-12.00 p95=-12.00
  [diag] sat-dist hist bins=60 sat<0.05=0.0% mean=0.648 p10=0.544 p90=0.690
Iter 0034680: train nll 0.289, valid error 100.000%, best valid error 100.000%, avg grad norm  39.425, avg grad norm (post clip)   0.053, rho_Whh  1.13, Omega  0.00, alpha  0.000, steps in the past 0.000, valid nll 0.277
  [diag] log10|dL/dh_t| hist bins=60 range=(-12.50,-11.50) mean=-12.00 p50=-12.00 p05=-12.00 p95=-12.00
  [diag] sat-dist hist bins=60 sat<0.05=0.0% mean=0.608 p10=0.532 p90=0.684
Iter 0034700: train nll 0.276, valid error 100.000%, best valid error 100.000%, avg grad norm  41.339, avg grad norm (post clip)   0.053, rho_Whh  1.13, Omega  0.00, alpha  0.000, steps in the past 0.000, valid nll 0.218
  [diag] log10|dL/dh_t| hist bins=60 range=(-12.50,-11.50) mean=-12.00 p50=-12.00 p05=-12.00 p95=-12.00
  [diag] sat-dist hist bins=60 sat<0.05=0.0% mean=0.635 p10=0.538 p90=0.687
Iter 0034720: train nll 0.319, valid error 100.000%, best valid error 100.000%, avg grad norm  44.444, avg grad norm (post clip)   0.053, rho_Whh  1.13, Omega  0.00, alpha  0.000, steps in the past 0.000, valid nll 0.245
  [diag] log10|dL/dh_t| hist bins=60 range=(-12.50,-11.50) mean=-12.00 p50=-12.00 p05=-12.00 p95=-12.00
  [diag] sat-dist hist bins=60 sat<0.05=0.0% mean=0.635 p10=0.538 p90=0.687
Iter 0034740: train nll 0.291, valid error 100.000%, best valid error 100.000%, avg grad norm  46.700, avg grad norm (post clip)   0.053, rho_Whh  1.13, Omega  0.00, alpha  0.000, steps in the past 0.000, valid nll 0.245
  [diag] log10|dL/dh_t| hist bins=60 range=(-12.50,-11.50) mean=-12.00 p50=-12.00 p05=-12.00 p95=-12.00
  [diag] sat-dist hist bins=60 sat<0.05=0.0% mean=0.609 p10=0.532 p90=0.684
Iter 0034760: train nll 0.279, valid error 100.000%, best valid error 100.000%, avg grad norm  50.281, avg grad norm (post clip)   0.053, rho_Whh  1.13, Omega  0.00, alpha  0.000, steps in the past 0.000, valid nll 0.219
  [diag] log10|dL/dh_t| hist bins=60 range=(-12.50,-11.50) mean=-12.00 p50=-12.00 p05=-12.00 p95=-12.00
  [diag] sat-dist hist bins=60 sat<0.05=0.0% mean=0.635 p10=0.538 p90=0.687
Iter 0034780: train nll 0.311, valid error 100.000%, best valid error 100.000%, avg grad norm  49.028, avg grad norm (post clip)   0.053, rho_Whh  1.13, Omega  0.00, alpha  0.000, steps in the past 0.000, valid nll 0.245
  [diag] log10|dL/dh_t| hist bins=60 range=(-12.50,-11.50) mean=-12.00 p50=-12.00 p05=-12.00 p95=-12.00
  [diag] sat-dist hist bins=60 sat<0.05=0.0% mean=0.635 p10=0.538 p90=0.687
Iter 0034800: train nll 0.265, valid error 100.000%, best valid error 100.000%, avg grad norm  44.940, avg grad norm (post clip)   0.053, rho_Whh  1.13, Omega  0.00, alpha  0.000, steps in the past 0.000, valid nll 0.245
  [diag] log10|dL/dh_t| hist bins=60 range=(-12.50,-11.50) mean=-12.00 p50=-12.00 p05=-12.00 p95=-12.00
  [diag] sat-dist hist bins=60 sat<0.05=0.0% mean=0.609 p10=0.533 p90=0.684
Iter 0034820: train nll 0.278, valid error 100.000%, best valid error 100.000%, avg grad norm  42.151, avg grad norm (post clip)   0.053, rho_Whh  1.13, Omega  0.00, alpha  0.000, steps in the past 0.000, valid nll 0.219
  [diag] log10|dL/dh_t| hist bins=60 range=(-12.50,-11.50) mean=-12.00 p50=-12.00 p05=-12.00 p95=-12.00
  [diag] sat-dist hist bins=60 sat<0.05=0.0% mean=0.609 p10=0.533 p90=0.683
Iter 0034840: train nll 0.291, valid error 100.000%, best valid error 100.000%, avg grad norm  47.398, avg grad norm (post clip)   0.053, rho_Whh  1.13, Omega  0.00, alpha  0.000, steps in the past 0.000, valid nll 0.219
  [diag] log10|dL/dh_t| hist bins=60 range=(-12.50,-11.50) mean=-12.00 p50=-12.00 p05=-12.00 p95=-12.00
  [diag] sat-dist hist bins=60 sat<0.05=0.0% mean=0.635 p10=0.539 p90=0.687
Iter 0034860: train nll 0.280, valid error 100.000%, best valid error 100.000%, avg grad norm  45.397, avg grad norm (post clip)   0.053, rho_Whh  1.13, Omega  0.00, alpha  0.000, steps in the past 0.000, valid nll 0.245
  [diag] log10|dL/dh_t| hist bins=60 range=(-12.50,-11.50) mean=-12.00 p50=-12.00 p05=-12.00 p95=-12.00
  [diag] sat-dist hist bins=60 sat<0.05=0.0% mean=0.626 p10=0.536 p90=0.686
Iter 0034880: train nll 0.286, valid error 100.000%, best valid error 100.000%, avg grad norm  41.102, avg grad norm (post clip)   0.053, rho_Whh  1.13, Omega  0.00, alpha  0.000, steps in the past 0.000, valid nll 0.232
  [diag] log10|dL/dh_t| hist bins=60 range=(-12.50,-11.50) mean=-12.00 p50=-12.00 p05=-12.00 p95=-12.00
  [diag] sat-dist hist bins=60 sat<0.05=0.0% mean=0.627 p10=0.536 p90=0.686
Iter 0034900: train nll 0.276, valid error 100.000%, best valid error 100.000%, avg grad norm  48.003, avg grad norm (post clip)   0.053, rho_Whh  1.13, Omega  0.00, alpha  0.000, steps in the past 0.000, valid nll 0.232
  [diag] log10|dL/dh_t| hist bins=60 range=(-12.50,-11.50) mean=-12.00 p50=-12.00 p05=-12.00 p95=-12.00
  [diag] sat-dist hist bins=60 sat<0.05=0.0% mean=0.627 p10=0.536 p90=0.686
Iter 0034920: train nll 0.268, valid error 100.000%, best valid error 100.000%, avg grad norm  37.053, avg grad norm (post clip)   0.053, rho_Whh  1.13, Omega  0.00, alpha  0.000, steps in the past 0.000, valid nll 0.232
  [diag] log10|dL/dh_t| hist bins=60 range=(-12.50,-11.50) mean=-12.00 p50=-12.00 p05=-12.00 p95=-12.00
  [diag] sat-dist hist bins=60 sat<0.05=0.0% mean=0.644 p10=0.542 p90=0.689
Iter 0034940: train nll 0.266, valid error 100.000%, best valid error 100.000%, avg grad norm  48.210, avg grad norm (post clip)   0.053, rho_Whh  1.13, Omega  0.00, alpha  0.000, steps in the past 0.000, valid nll 0.264
  [diag] log10|dL/dh_t| hist bins=60 range=(-12.50,-11.50) mean=-12.00 p50=-12.00 p05=-12.00 p95=-12.00
  [diag] sat-dist hist bins=60 sat<0.05=0.0% mean=0.587 p10=0.530 p90=0.649
Iter 0034960: train nll 0.282, valid error 100.000%, best valid error 100.000%, avg grad norm  44.112, avg grad norm (post clip)   0.053, rho_Whh  1.13, Omega  0.00, alpha  0.000, steps in the past 0.000, valid nll 0.223
  [diag] log10|dL/dh_t| hist bins=60 range=(-12.50,-11.50) mean=-12.00 p50=-12.00 p05=-12.00 p95=-12.00
  [diag] sat-dist hist bins=60 sat<0.05=0.0% mean=0.627 p10=0.536 p90=0.686
Iter 0034980: train nll 0.317, valid error 100.000%, best valid error 100.000%, avg grad norm  48.465, avg grad norm (post clip)   0.053, rho_Whh  1.13, Omega  0.00, alpha  0.000, steps in the past 0.000, valid nll 0.232
  [diag] log10|dL/dh_t| hist bins=60 range=(-12.50,-11.50) mean=-12.00 p50=-12.00 p05=-12.00 p95=-12.00
  [diag] sat-dist hist bins=60 sat<0.05=0.0% mean=0.626 p10=0.536 p90=0.686
Iter 0035000: train nll 0.271, valid error 100.000%, best valid error 100.000%, avg grad norm  46.762, avg grad norm (post clip)   0.053, rho_Whh  1.13, Omega  0.00, alpha  0.000, steps in the past 0.000, valid nll 0.231
  [diag] log10|dL/dh_t| hist bins=60 range=(-12.50,-11.50) mean=-12.00 p50=-12.00 p05=-12.00 p95=-12.00
  [diag] sat-dist hist bins=60 sat<0.05=0.0% mean=0.626 p10=0.536 p90=0.685
Iter 0035020: train nll 0.288, valid error 100.000%, best valid error 100.000%, avg grad norm  44.084, avg grad norm (post clip)   0.053, rho_Whh  1.13, Omega  0.00, alpha  0.000, steps in the past 0.000, valid nll 0.231
  [diag] log10|dL/dh_t| hist bins=60 range=(-12.50,-11.50) mean=-12.00 p50=-12.00 p05=-12.00 p95=-12.00
  [diag] sat-dist hist bins=60 sat<0.05=0.0% mean=0.627 p10=0.536 p90=0.685
Iter 0035040: train nll 0.297, valid error 100.000%, best valid error 100.000%, avg grad norm  44.627, avg grad norm (post clip)   0.053, rho_Whh  1.13, Omega  0.00, alpha  0.000, steps in the past 0.000, valid nll 0.231
  [diag] log10|dL/dh_t| hist bins=60 range=(-12.50,-11.50) mean=-12.00 p50=-12.00 p05=-12.00 p95=-12.00
  [diag] sat-dist hist bins=60 sat<0.05=0.0% mean=0.627 p10=0.536 p90=0.685
Iter 0035060: train nll 0.284, valid error 100.000%, best valid error 100.000%, avg grad norm  43.787, avg grad norm (post clip)   0.053, rho_Whh  1.13, Omega  0.00, alpha  0.000, steps in the past 0.000, valid nll 0.232
  [diag] log10|dL/dh_t| hist bins=60 range=(-12.50,-11.50) mean=-12.00 p50=-12.00 p05=-12.00 p95=-12.00
  [diag] sat-dist hist bins=60 sat<0.05=0.0% mean=0.627 p10=0.536 p90=0.686
Iter 0035080: train nll 0.250, valid error 100.000%, best valid error 100.000%, avg grad norm  46.483, avg grad norm (post clip)   0.053, rho_Whh  1.13, Omega  0.00, alpha  0.000, steps in the past 0.000, valid nll 0.232
  [diag] log10|dL/dh_t| hist bins=60 range=(-12.50,-11.50) mean=-12.00 p50=-12.00 p05=-12.00 p95=-12.00
  [diag] sat-dist hist bins=60 sat<0.05=0.0% mean=0.627 p10=0.536 p90=0.685
Iter 0035100: train nll 0.305, valid error 100.000%, best valid error 100.000%, avg grad norm  41.574, avg grad norm (post clip)   0.053, rho_Whh  1.13, Omega  0.00, alpha  0.000, steps in the past 0.000, valid nll 0.232
  [diag] log10|dL/dh_t| hist bins=60 range=(-12.50,-11.50) mean=-12.00 p50=-12.00 p05=-12.00 p95=-12.00
  [diag] sat-dist hist bins=60 sat<0.05=0.0% mean=0.627 p10=0.536 p90=0.685
Iter 0035120: train nll 0.309, valid error 100.000%, best valid error 100.000%, avg grad norm  41.701, avg grad norm (post clip)   0.053, rho_Whh  1.13, Omega  0.00, alpha  0.000, steps in the past 0.000, valid nll 0.231
  [diag] log10|dL/dh_t| hist bins=60 range=(-12.50,-11.50) mean=-12.00 p50=-12.00 p05=-12.00 p95=-12.00
  [diag] sat-dist hist bins=60 sat<0.05=0.0% mean=0.644 p10=0.542 p90=0.689
Iter 0035140: train nll 0.302, valid error 100.000%, best valid error 100.000%, avg grad norm  44.016, avg grad norm (post clip)   0.053, rho_Whh  1.13, Omega  0.00, alpha  0.000, steps in the past 0.000, valid nll 0.263
  [diag] log10|dL/dh_t| hist bins=60 range=(-12.50,-11.50) mean=-12.00 p50=-12.00 p05=-12.00 p95=-12.00
  [diag] sat-dist hist bins=60 sat<0.05=0.0% mean=0.627 p10=0.537 p90=0.685
Iter 0035160: train nll 0.284, valid error 100.000%, best valid error 100.000%, avg grad norm  45.676, avg grad norm (post clip)   0.053, rho_Whh  1.13, Omega  0.00, alpha  0.000, steps in the past 0.000, valid nll 0.232
  [diag] log10|dL/dh_t| hist bins=60 range=(-12.50,-11.50) mean=-12.00 p50=-12.00 p05=-12.00 p95=-12.00
  [diag] sat-dist hist bins=60 sat<0.05=0.0% mean=0.627 p10=0.536 p90=0.685
Iter 0035180: train nll 0.278, valid error 100.000%, best valid error 100.000%, avg grad norm  45.222, avg grad norm (post clip)   0.053, rho_Whh  1.13, Omega  0.00, alpha  0.000, steps in the past 0.000, valid nll 0.231
  [diag] log10|dL/dh_t| hist bins=60 range=(-12.50,-11.50) mean=-12.00 p50=-12.00 p05=-12.00 p95=-12.00
  [diag] sat-dist hist bins=60 sat<0.05=0.0% mean=0.627 p10=0.536 p90=0.685
Iter 0035200: train nll 0.269, valid error 100.000%, best valid error 100.000%, avg grad norm  48.676, avg grad norm (post clip)   0.053, rho_Whh  1.13, Omega  0.00, alpha  0.000, steps in the past 0.000, valid nll 0.231
  [diag] log10|dL/dh_t| hist bins=60 range=(-12.50,-11.50) mean=-12.00 p50=-12.00 p05=-12.00 p95=-12.00
  [diag] sat-dist hist bins=60 sat<0.05=0.0% mean=0.627 p10=0.537 p90=0.685
Iter 0035220: train nll 0.282, valid error 100.000%, best valid error 100.000%, avg grad norm  45.020, avg grad norm (post clip)   0.053, rho_Whh  1.13, Omega  0.00, alpha  0.000, steps in the past 0.000, valid nll 0.231
  [diag] log10|dL/dh_t| hist bins=60 range=(-12.50,-11.50) mean=-12.00 p50=-12.00 p05=-12.00 p95=-12.00
  [diag] sat-dist hist bins=60 sat<0.05=0.0% mean=0.627 p10=0.537 p90=0.685
Iter 0035240: train nll 0.257, valid error 100.000%, best valid error 100.000%, avg grad norm  47.695, avg grad norm (post clip)   0.053, rho_Whh  1.13, Omega  0.00, alpha  0.000, steps in the past 0.000, valid nll 0.231
  [diag] log10|dL/dh_t| hist bins=60 range=(-12.50,-11.50) mean=-12.00 p50=-12.00 p05=-12.00 p95=-12.00
  [diag] sat-dist hist bins=60 sat<0.05=0.0% mean=0.587 p10=0.531 p90=0.647
Iter 0035260: train nll 0.244, valid error 100.000%, best valid error 100.000%, avg grad norm  48.736, avg grad norm (post clip)   0.053, rho_Whh  1.13, Omega  0.00, alpha  0.000, steps in the past 0.000, valid nll 0.223
  [diag] log10|dL/dh_t| hist bins=60 range=(-12.50,-11.50) mean=-12.00 p50=-12.00 p05=-12.00 p95=-12.00
  [diag] sat-dist hist bins=60 sat<0.05=0.0% mean=0.627 p10=0.537 p90=0.685
Iter 0035280: train nll 0.275, valid error 100.000%, best valid error 100.000%, avg grad norm  49.032, avg grad norm (post clip)   0.053, rho_Whh  1.13, Omega  0.00, alpha  0.000, steps in the past 0.000, valid nll 0.231
  [diag] log10|dL/dh_t| hist bins=60 range=(-12.50,-11.50) mean=-12.00 p50=-12.00 p05=-12.00 p95=-12.00
  [diag] sat-dist hist bins=60 sat<0.05=0.0% mean=0.627 p10=0.537 p90=0.684
Iter 0035300: train nll 0.323, valid error 100.000%, best valid error 100.000%, avg grad norm  42.622, avg grad norm (post clip)   0.053, rho_Whh  1.13, Omega  0.00, alpha  0.000, steps in the past 0.000, valid nll 0.231
  [diag] log10|dL/dh_t| hist bins=60 range=(-12.50,-11.50) mean=-12.00 p50=-12.00 p05=-12.00 p95=-12.00
  [diag] sat-dist hist bins=60 sat<0.05=0.0% mean=0.631 p10=0.538 p90=0.685
Iter 0035320: train nll 0.279, valid error 100.000%, best valid error 100.000%, avg grad norm  37.154, avg grad norm (post clip)   0.053, rho_Whh  1.13, Omega  0.00, alpha  0.000, steps in the past 0.000, valid nll 0.236
  [diag] log10|dL/dh_t| hist bins=60 range=(-12.50,-11.50) mean=-12.00 p50=-12.00 p05=-12.00 p95=-12.00
  [diag] sat-dist hist bins=60 sat<0.05=0.0% mean=0.638 p10=0.540 p90=0.687
Iter 0035340: train nll 0.290, valid error 100.000%, best valid error 100.000%, avg grad norm  43.082, avg grad norm (post clip)   0.053, rho_Whh  1.13, Omega  0.00, alpha  0.000, steps in the past 0.000, valid nll 0.249
  [diag] log10|dL/dh_t| hist bins=60 range=(-12.50,-11.50) mean=-12.00 p50=-12.00 p05=-12.00 p95=-12.00
  [diag] sat-dist hist bins=60 sat<0.05=0.0% mean=0.615 p10=0.534 p90=0.684
Iter 0035360: train nll 0.284, valid error 100.000%, best valid error 100.000%, avg grad norm  35.521, avg grad norm (post clip)   0.053, rho_Whh  1.13, Omega  0.00, alpha  0.000, steps in the past 0.000, valid nll 0.220
  [diag] log10|dL/dh_t| hist bins=60 range=(-12.50,-11.50) mean=-12.00 p50=-12.00 p05=-12.00 p95=-12.00
  [diag] sat-dist hist bins=60 sat<0.05=0.0% mean=0.638 p10=0.540 p90=0.687
Iter 0035380: train nll 0.265, valid error 100.000%, best valid error 100.000%, avg grad norm  43.976, avg grad norm (post clip)   0.053, rho_Whh  1.13, Omega  0.00, alpha  0.000, steps in the past 0.000, valid nll 0.249
  [diag] log10|dL/dh_t| hist bins=60 range=(-12.50,-11.50) mean=-12.00 p50=-12.00 p05=-12.00 p95=-12.00
  [diag] sat-dist hist bins=60 sat<0.05=0.0% mean=0.640 p10=0.540 p90=0.688
Iter 0035400: train nll 0.295, valid error 100.000%, best valid error 100.000%, avg grad norm  42.190, avg grad norm (post clip)   0.053, rho_Whh  1.13, Omega  0.00, alpha  0.000, steps in the past 0.000, valid nll 0.255
  [diag] log10|dL/dh_t| hist bins=60 range=(-12.50,-11.50) mean=-12.00 p50=-12.00 p05=-12.00 p95=-12.00
  [diag] sat-dist hist bins=60 sat<0.05=0.0% mean=0.640 p10=0.540 p90=0.688
Iter 0035420: train nll 0.285, valid error 100.000%, best valid error 100.000%, avg grad norm  41.421, avg grad norm (post clip)   0.053, rho_Whh  1.13, Omega  0.00, alpha  0.000, steps in the past 0.000, valid nll 0.255
  [diag] log10|dL/dh_t| hist bins=60 range=(-12.50,-11.50) mean=-12.00 p50=-12.00 p05=-12.00 p95=-12.00
  [diag] sat-dist hist bins=60 sat<0.05=0.0% mean=0.620 p10=0.534 p90=0.685
Iter 0035440: train nll 0.276, valid error 100.000%, best valid error 100.000%, avg grad norm  46.163, avg grad norm (post clip)   0.053, rho_Whh  1.13, Omega  0.00, alpha  0.000, steps in the past 0.000, valid nll 0.224
  [diag] log10|dL/dh_t| hist bins=60 range=(-12.50,-11.50) mean=-12.00 p50=-12.00 p05=-12.00 p95=-12.00
  [diag] sat-dist hist bins=60 sat<0.05=0.0% mean=0.640 p10=0.540 p90=0.688
Iter 0035460: train nll 0.262, valid error 100.000%, best valid error 100.000%, avg grad norm  46.535, avg grad norm (post clip)   0.053, rho_Whh  1.13, Omega  0.00, alpha  0.000, steps in the past 0.000, valid nll 0.255
  [diag] log10|dL/dh_t| hist bins=60 range=(-12.50,-11.50) mean=-12.00 p50=-12.00 p05=-12.00 p95=-12.00
  [diag] sat-dist hist bins=60 sat<0.05=0.0% mean=0.640 p10=0.540 p90=0.688
Iter 0035480: train nll 0.290, valid error 100.000%, best valid error 100.000%, avg grad norm  40.189, avg grad norm (post clip)   0.053, rho_Whh  1.13, Omega  0.00, alpha  0.000, steps in the past 0.000, valid nll 0.253
  [diag] log10|dL/dh_t| hist bins=60 range=(-12.50,-11.50) mean=-12.00 p50=-12.00 p05=-12.00 p95=-12.00
  [diag] sat-dist hist bins=60 sat<0.05=0.0% mean=0.599 p10=0.531 p90=0.679
Iter 0035500: train nll 0.272, valid error 100.000%, best valid error 100.000%, avg grad norm  46.122, avg grad norm (post clip)   0.053, rho_Whh  1.13, Omega  0.00, alpha  0.000, steps in the past 0.000, valid nll 0.217
  [diag] log10|dL/dh_t| hist bins=60 range=(-12.50,-11.50) mean=-12.00 p50=-12.00 p05=-12.00 p95=-12.00
  [diag] sat-dist hist bins=60 sat<0.05=0.0% mean=0.629 p10=0.536 p90=0.687
Iter 0035520: train nll 0.284, valid error 100.000%, best valid error 100.000%, avg grad norm  42.507, avg grad norm (post clip)   0.053, rho_Whh  1.13, Omega  0.00, alpha  0.000, steps in the past 0.000, valid nll 0.235
  [diag] log10|dL/dh_t| hist bins=60 range=(-12.50,-11.50) mean=-12.00 p50=-12.00 p05=-12.00 p95=-12.00
  [diag] sat-dist hist bins=60 sat<0.05=0.0% mean=0.630 p10=0.536 p90=0.688
Iter 0035540: train nll 0.263, valid error 100.000%, best valid error 100.000%, avg grad norm  46.161, avg grad norm (post clip)   0.053, rho_Whh  1.13, Omega  0.00, alpha  0.000, steps in the past 0.000, valid nll 0.236
  [diag] log10|dL/dh_t| hist bins=60 range=(-12.50,-11.50) mean=-12.00 p50=-12.00 p05=-12.00 p95=-12.00
  [diag] sat-dist hist bins=60 sat<0.05=0.0% mean=0.630 p10=0.536 p90=0.687
Iter 0035560: train nll 0.299, valid error 100.000%, best valid error 100.000%, avg grad norm  47.215, avg grad norm (post clip)   0.053, rho_Whh  1.13, Omega  0.00, alpha  0.000, steps in the past 0.000, valid nll 0.236
  [diag] log10|dL/dh_t| hist bins=60 range=(-12.50,-11.50) mean=-12.00 p50=-12.00 p05=-12.00 p95=-12.00
  [diag] sat-dist hist bins=60 sat<0.05=0.0% mean=0.630 p10=0.536 p90=0.687
Iter 0035580: train nll 0.263, valid error 100.000%, best valid error 100.000%, avg grad norm  57.497, avg grad norm (post clip)   0.053, rho_Whh  1.13, Omega  0.00, alpha  0.000, steps in the past 0.000, valid nll 0.236
  [diag] log10|dL/dh_t| hist bins=60 range=(-12.50,-11.50) mean=-12.00 p50=-12.00 p05=-12.00 p95=-12.00
  [diag] sat-dist hist bins=60 sat<0.05=0.0% mean=0.595 p10=0.531 p90=0.672
Iter 0035600: train nll 0.281, valid error 100.000%, best valid error 100.000%, avg grad norm  48.916, avg grad norm (post clip)   0.053, rho_Whh  1.13, Omega  0.00, alpha  0.000, steps in the past 0.000, valid nll 0.218
  [diag] log10|dL/dh_t| hist bins=60 range=(-12.50,-11.50) mean=-12.00 p50=-12.00 p05=-12.00 p95=-12.00
  [diag] sat-dist hist bins=60 sat<0.05=0.0% mean=0.595 p10=0.531 p90=0.672
Iter 0035620: train nll 0.258, valid error 100.000%, best valid error 100.000%, avg grad norm  51.968, avg grad norm (post clip)   0.053, rho_Whh  1.13, Omega  0.00, alpha  0.000, steps in the past 0.000, valid nll 0.218
  [diag] log10|dL/dh_t| hist bins=60 range=(-12.50,-11.50) mean=-12.00 p50=-12.00 p05=-12.00 p95=-12.00
  [diag] sat-dist hist bins=60 sat<0.05=0.0% mean=0.630 p10=0.537 p90=0.687
Iter 0035640: train nll 0.309, valid error 100.000%, best valid error 100.000%, avg grad norm  44.000, avg grad norm (post clip)   0.053, rho_Whh  1.13, Omega  0.00, alpha  0.000, steps in the past 0.000, valid nll 0.236
  [diag] log10|dL/dh_t| hist bins=60 range=(-12.50,-11.50) mean=-12.00 p50=-12.00 p05=-12.00 p95=-12.00
  [diag] sat-dist hist bins=60 sat<0.05=0.0% mean=0.597 p10=0.531 p90=0.675
Iter 0035660: train nll 0.283, valid error 100.000%, best valid error 100.000%, avg grad norm  44.108, avg grad norm (post clip)   0.053, rho_Whh  1.13, Omega  0.00, alpha  0.000, steps in the past 0.000, valid nll 0.217
  [diag] log10|dL/dh_t| hist bins=60 range=(-12.50,-11.50) mean=-12.00 p50=-12.00 p05=-12.00 p95=-12.00
  [diag] sat-dist hist bins=60 sat<0.05=0.0% mean=0.631 p10=0.537 p90=0.687
Iter 0035680: train nll 0.299, valid error 100.000%, best valid error 100.000%, avg grad norm  48.641, avg grad norm (post clip)   0.053, rho_Whh  1.13, Omega  0.00, alpha  0.000, steps in the past 0.000, valid nll 0.236
  [diag] log10|dL/dh_t| hist bins=60 range=(-12.50,-11.50) mean=-12.00 p50=-12.00 p05=-12.00 p95=-12.00
  [diag] sat-dist hist bins=60 sat<0.05=0.0% mean=0.631 p10=0.537 p90=0.687
Iter 0035700: train nll 0.290, valid error 100.000%, best valid error 100.000%, avg grad norm  49.624, avg grad norm (post clip)   0.053, rho_Whh  1.13, Omega  0.00, alpha  0.000, steps in the past 0.000, valid nll 0.236
  [diag] log10|dL/dh_t| hist bins=60 range=(-12.50,-11.50) mean=-12.00 p50=-12.00 p05=-12.00 p95=-12.00
  [diag] sat-dist hist bins=60 sat<0.05=0.0% mean=0.631 p10=0.537 p90=0.686
Iter 0035720: train nll 0.294, valid error 100.000%, best valid error 100.000%, avg grad norm  45.649, avg grad norm (post clip)   0.053, rho_Whh  1.13, Omega  0.00, alpha  0.000, steps in the past 0.000, valid nll 0.236
  [diag] log10|dL/dh_t| hist bins=60 range=(-12.50,-11.50) mean=-12.00 p50=-12.00 p05=-12.00 p95=-12.00
  [diag] sat-dist hist bins=60 sat<0.05=0.0% mean=0.598 p10=0.532 p90=0.676
Iter 0035740: train nll 0.288, valid error 100.000%, best valid error 100.000%, avg grad norm  42.234, avg grad norm (post clip)   0.053, rho_Whh  1.13, Omega  0.00, alpha  0.000, steps in the past 0.000, valid nll 0.217
  [diag] log10|dL/dh_t| hist bins=60 range=(-12.50,-11.50) mean=-12.00 p50=-12.00 p05=-12.00 p95=-12.00
  [diag] sat-dist hist bins=60 sat<0.05=0.0% mean=0.646 p10=0.544 p90=0.689
Iter 0035760: train nll 0.316, valid error 100.000%, best valid error 100.000%, avg grad norm  43.842, avg grad norm (post clip)   0.053, rho_Whh  1.13, Omega  0.00, alpha  0.000, steps in the past 0.000, valid nll 0.267
  [diag] log10|dL/dh_t| hist bins=60 range=(-12.50,-11.50) mean=-12.00 p50=-12.00 p05=-12.00 p95=-12.00
  [diag] sat-dist hist bins=60 sat<0.05=0.0% mean=0.630 p10=0.537 p90=0.687
Iter 0035780: train nll 0.286, valid error 100.000%, best valid error 100.000%, avg grad norm  41.039, avg grad norm (post clip)   0.053, rho_Whh  1.13, Omega  0.00, alpha  0.000, steps in the past 0.000, valid nll 0.236
  [diag] log10|dL/dh_t| hist bins=60 range=(-12.50,-11.50) mean=-12.00 p50=-12.00 p05=-12.00 p95=-12.00
  [diag] sat-dist hist bins=60 sat<0.05=0.0% mean=0.617 p10=0.533 p90=0.685
Iter 0035800: train nll 0.276, valid error 100.000%, best valid error 100.000%, avg grad norm  45.499, avg grad norm (post clip)   0.053, rho_Whh  1.13, Omega  0.00, alpha  0.000, steps in the past 0.000, valid nll 0.221
  [diag] log10|dL/dh_t| hist bins=60 range=(-12.50,-11.50) mean=-12.00 p50=-12.00 p05=-12.00 p95=-12.00
  [diag] sat-dist hist bins=60 sat<0.05=0.0% mean=0.639 p10=0.539 p90=0.689
Iter 0035820: train nll 0.291, valid error 100.000%, best valid error 100.000%, avg grad norm  49.797, avg grad norm (post clip)   0.053, rho_Whh  1.13, Omega  0.00, alpha  0.000, steps in the past 0.000, valid nll 0.251
  [diag] log10|dL/dh_t| hist bins=60 range=(-12.50,-11.50) mean=-12.00 p50=-12.00 p05=-12.00 p95=-12.00
  [diag] sat-dist hist bins=60 sat<0.05=0.0% mean=0.617 p10=0.534 p90=0.685
Iter 0035840: train nll 0.256, valid error 100.000%, best valid error 100.000%, avg grad norm  49.950, avg grad norm (post clip)   0.053, rho_Whh  1.13, Omega  0.00, alpha  0.000, steps in the past 0.000, valid nll 0.221
  [diag] log10|dL/dh_t| hist bins=60 range=(-12.50,-11.50) mean=-12.00 p50=-12.00 p05=-12.00 p95=-12.00
  [diag] sat-dist hist bins=60 sat<0.05=0.0% mean=0.617 p10=0.534 p90=0.685
Iter 0035860: train nll 0.254, valid error 100.000%, best valid error 100.000%, avg grad norm  51.287, avg grad norm (post clip)   0.053, rho_Whh  1.13, Omega  0.00, alpha  0.000, steps in the past 0.000, valid nll 0.221
  [diag] log10|dL/dh_t| hist bins=60 range=(-12.50,-11.50) mean=-12.00 p50=-12.00 p05=-12.00 p95=-12.00
  [diag] sat-dist hist bins=60 sat<0.05=0.0% mean=0.651 p10=0.546 p90=0.691
Iter 0035880: train nll 0.292, valid error 100.000%, best valid error 100.000%, avg grad norm  38.520, avg grad norm (post clip)   0.053, rho_Whh  1.13, Omega  0.00, alpha  0.000, steps in the past 0.000, valid nll 0.281
  [diag] log10|dL/dh_t| hist bins=60 range=(-12.50,-11.50) mean=-12.00 p50=-12.00 p05=-12.00 p95=-12.00
  [diag] sat-dist hist bins=60 sat<0.05=0.0% mean=0.616 p10=0.533 p90=0.685
Iter 0035900: train nll 0.242, valid error 100.000%, best valid error 100.000%, avg grad norm  51.493, avg grad norm (post clip)   0.053, rho_Whh  1.13, Omega  0.00, alpha  0.000, steps in the past 0.000, valid nll 0.221
  [diag] log10|dL/dh_t| hist bins=60 range=(-12.50,-11.50) mean=-12.00 p50=-12.00 p05=-12.00 p95=-12.00
  [diag] sat-dist hist bins=60 sat<0.05=0.0% mean=0.638 p10=0.539 p90=0.688
Iter 0035920: train nll 0.266, valid error 100.000%, best valid error 100.000%, avg grad norm  51.927, avg grad norm (post clip)   0.053, rho_Whh  1.13, Omega  0.00, alpha  0.000, steps in the past 0.000, valid nll 0.249
  [diag] log10|dL/dh_t| hist bins=60 range=(-12.50,-11.50) mean=-12.00 p50=-12.00 p05=-12.00 p95=-12.00
  [diag] sat-dist hist bins=60 sat<0.05=0.0% mean=0.616 p10=0.533 p90=0.685
Iter 0035940: train nll 0.258, valid error 100.000%, best valid error 100.000%, avg grad norm  46.818, avg grad norm (post clip)   0.053, rho_Whh  1.13, Omega  0.00, alpha  0.000, steps in the past 0.000, valid nll 0.220
  [diag] log10|dL/dh_t| hist bins=60 range=(-12.50,-11.50) mean=-12.00 p50=-12.00 p05=-12.00 p95=-12.00
  [diag] sat-dist hist bins=60 sat<0.05=0.0% mean=0.648 p10=0.543 p90=0.691
Iter 0035960: train nll 0.244, valid error 100.000%, best valid error 100.000%, avg grad norm  46.509, avg grad norm (post clip)   0.053, rho_Whh  1.13, Omega  0.00, alpha  0.000, steps in the past 0.000, valid nll 0.273
  [diag] log10|dL/dh_t| hist bins=60 range=(-12.50,-11.50) mean=-12.00 p50=-12.00 p05=-12.00 p95=-12.00
  [diag] sat-dist hist bins=60 sat<0.05=0.0% mean=0.633 p10=0.537 p90=0.688
Iter 0035980: train nll 0.298, valid error 100.000%, best valid error 100.000%, avg grad norm  38.523, avg grad norm (post clip)   0.053, rho_Whh  1.13, Omega  0.00, alpha  0.000, steps in the past 0.000, valid nll 0.240
  [diag] log10|dL/dh_t| hist bins=60 range=(-12.50,-11.50) mean=-12.00 p50=-12.00 p05=-12.00 p95=-12.00
  [diag] sat-dist hist bins=60 sat<0.05=0.0% mean=0.634 p10=0.537 p90=0.688
Iter 0036000: train nll 0.308, valid error 100.000%, best valid error 100.000%, avg grad norm  43.492, avg grad norm (post clip)   0.053, rho_Whh  1.13, Omega  0.00, alpha  0.000, steps in the past 0.000, valid nll 0.241
  [diag] log10|dL/dh_t| hist bins=60 range=(-12.50,-11.50) mean=-12.00 p50=-12.00 p05=-12.00 p95=-12.00
  [diag] sat-dist hist bins=60 sat<0.05=0.0% mean=0.633 p10=0.537 p90=0.688
Iter 0036020: train nll 0.295, valid error 100.000%, best valid error 100.000%, avg grad norm  39.710, avg grad norm (post clip)   0.053, rho_Whh  1.13, Omega  0.00, alpha  0.000, steps in the past 0.000, valid nll 0.240
  [diag] log10|dL/dh_t| hist bins=60 range=(-12.50,-11.50) mean=-12.00 p50=-12.00 p05=-12.00 p95=-12.00
  [diag] sat-dist hist bins=60 sat<0.05=0.0% mean=0.604 p10=0.532 p90=0.684
Iter 0036040: train nll 0.292, valid error 100.000%, best valid error 100.000%, avg grad norm  54.327, avg grad norm (post clip)   0.053, rho_Whh  1.13, Omega  0.00, alpha  0.000, steps in the past 0.000, valid nll 0.217
  [diag] log10|dL/dh_t| hist bins=60 range=(-12.50,-11.50) mean=-12.00 p50=-12.00 p05=-12.00 p95=-12.00
  [diag] sat-dist hist bins=60 sat<0.05=0.0% mean=0.634 p10=0.538 p90=0.687
Iter 0036060: train nll 0.327, valid error 100.000%, best valid error 100.000%, avg grad norm  43.249, avg grad norm (post clip)   0.053, rho_Whh  1.13, Omega  0.00, alpha  0.000, steps in the past 0.000, valid nll 0.240
  [diag] log10|dL/dh_t| hist bins=60 range=(-12.50,-11.50) mean=-12.00 p50=-12.00 p05=-12.00 p95=-12.00
  [diag] sat-dist hist bins=60 sat<0.05=0.0% mean=0.648 p10=0.544 p90=0.690
Iter 0036080: train nll 0.320, valid error 100.000%, best valid error 100.000%, avg grad norm  41.231, avg grad norm (post clip)   0.053, rho_Whh  1.13, Omega  0.00, alpha  0.000, steps in the past 0.000, valid nll 0.272
  [diag] log10|dL/dh_t| hist bins=60 range=(-12.50,-11.50) mean=-12.00 p50=-12.00 p05=-12.00 p95=-12.00
  [diag] sat-dist hist bins=60 sat<0.05=0.0% mean=0.634 p10=0.538 p90=0.687
Iter 0036100: train nll 0.253, valid error 100.000%, best valid error 100.000%, avg grad norm  42.913, avg grad norm (post clip)   0.053, rho_Whh  1.13, Omega  0.00, alpha  0.000, steps in the past 0.000, valid nll 0.241
  [diag] log10|dL/dh_t| hist bins=60 range=(-12.50,-11.50) mean=-12.00 p50=-12.00 p05=-12.00 p95=-12.00
  [diag] sat-dist hist bins=60 sat<0.05=0.0% mean=0.606 p10=0.532 p90=0.683
Iter 0036120: train nll 0.303, valid error 100.000%, best valid error 100.000%, avg grad norm  44.595, avg grad norm (post clip)   0.053, rho_Whh  1.13, Omega  0.00, alpha  0.000, steps in the past 0.000, valid nll 0.217
  [diag] log10|dL/dh_t| hist bins=60 range=(-12.50,-11.50) mean=-12.00 p50=-12.00 p05=-12.00 p95=-12.00
  [diag] sat-dist hist bins=60 sat<0.05=0.0% mean=0.634 p10=0.538 p90=0.687
Iter 0036140: train nll 0.331, valid error 100.000%, best valid error 100.000%, avg grad norm  40.225, avg grad norm (post clip)   0.053, rho_Whh  1.13, Omega  0.00, alpha  0.000, steps in the past 0.000, valid nll 0.241
  [diag] log10|dL/dh_t| hist bins=60 range=(-12.50,-11.50) mean=-12.00 p50=-12.00 p05=-12.00 p95=-12.00
  [diag] sat-dist hist bins=60 sat<0.05=0.0% mean=0.606 p10=0.532 p90=0.683
Iter 0036160: train nll 0.257, valid error 100.000%, best valid error 100.000%, avg grad norm  46.050, avg grad norm (post clip)   0.053, rho_Whh  1.13, Omega  0.00, alpha  0.000, steps in the past 0.000, valid nll 0.217
  [diag] log10|dL/dh_t| hist bins=60 range=(-12.50,-11.50) mean=-12.00 p50=-12.00 p05=-12.00 p95=-12.00
  [diag] sat-dist hist bins=60 sat<0.05=0.0% mean=0.633 p10=0.538 p90=0.687
Iter 0036180: train nll 0.303, valid error 100.000%, best valid error 100.000%, avg grad norm  38.881, avg grad norm (post clip)   0.053, rho_Whh  1.13, Omega  0.00, alpha  0.000, steps in the past 0.000, valid nll 0.239
  [diag] log10|dL/dh_t| hist bins=60 range=(-12.50,-11.50) mean=-12.00 p50=-12.00 p05=-12.00 p95=-12.00
  [diag] sat-dist hist bins=60 sat<0.05=0.0% mean=0.647 p10=0.544 p90=0.690
Iter 0036200: train nll 0.295, valid error 100.000%, best valid error 100.000%, avg grad norm  36.921, avg grad norm (post clip)   0.053, rho_Whh  1.13, Omega  0.00, alpha  0.000, steps in the past 0.000, valid nll 0.270
  [diag] log10|dL/dh_t| hist bins=60 range=(-12.50,-11.50) mean=-12.00 p50=-12.00 p05=-12.00 p95=-12.00
  [diag] sat-dist hist bins=60 sat<0.05=0.0% mean=0.645 p10=0.543 p90=0.690
Iter 0036220: train nll 0.264, valid error 100.000%, best valid error 100.000%, avg grad norm  42.373, avg grad norm (post clip)   0.053, rho_Whh  1.13, Omega  0.00, alpha  0.000, steps in the past 0.000, valid nll 0.265
  [diag] log10|dL/dh_t| hist bins=60 range=(-12.50,-11.50) mean=-12.00 p50=-12.00 p05=-12.00 p95=-12.00
  [diag] sat-dist hist bins=60 sat<0.05=0.0% mean=0.629 p10=0.537 p90=0.686
Iter 0036240: train nll 0.296, valid error 100.000%, best valid error 100.000%, avg grad norm  42.836, avg grad norm (post clip)   0.053, rho_Whh  1.13, Omega  0.00, alpha  0.000, steps in the past 0.000, valid nll 0.233
  [diag] log10|dL/dh_t| hist bins=60 range=(-12.50,-11.50) mean=-12.00 p50=-12.00 p05=-12.00 p95=-12.00
  [diag] sat-dist hist bins=60 sat<0.05=0.0% mean=0.630 p10=0.537 p90=0.687
Iter 0036260: train nll 0.274, valid error 100.000%, best valid error 100.000%, avg grad norm  44.871, avg grad norm (post clip)   0.053, rho_Whh  1.13, Omega  0.00, alpha  0.000, steps in the past 0.000, valid nll 0.234
  [diag] log10|dL/dh_t| hist bins=60 range=(-12.50,-11.50) mean=-12.00 p50=-12.00 p05=-12.00 p95=-12.00
  [diag] sat-dist hist bins=60 sat<0.05=0.0% mean=0.630 p10=0.537 p90=0.687
Iter 0036280: train nll 0.271, valid error 100.000%, best valid error 100.000%, avg grad norm  47.254, avg grad norm (post clip)   0.053, rho_Whh  1.13, Omega  0.00, alpha  0.000, steps in the past 0.000, valid nll 0.234
  [diag] log10|dL/dh_t| hist bins=60 range=(-12.50,-11.50) mean=-12.00 p50=-12.00 p05=-12.00 p95=-12.00
  [diag] sat-dist hist bins=60 sat<0.05=0.0% mean=0.636 p10=0.538 p90=0.688
Iter 0036300: train nll 0.303, valid error 100.000%, best valid error 100.000%, avg grad norm  44.125, avg grad norm (post clip)   0.053, rho_Whh  1.13, Omega  0.00, alpha  0.000, steps in the past 0.000, valid nll 0.245
  [diag] log10|dL/dh_t| hist bins=60 range=(-12.50,-11.50) mean=-12.00 p50=-12.00 p05=-12.00 p95=-12.00
  [diag] sat-dist hist bins=60 sat<0.05=0.0% mean=0.612 p10=0.533 p90=0.685
Iter 0036320: train nll 0.298, valid error 100.000%, best valid error 100.000%, avg grad norm  40.878, avg grad norm (post clip)   0.053, rho_Whh  1.13, Omega  0.00, alpha  0.000, steps in the past 0.000, valid nll 0.219
  [diag] log10|dL/dh_t| hist bins=60 range=(-12.50,-11.50) mean=-12.00 p50=-12.00 p05=-12.00 p95=-12.00
  [diag] sat-dist hist bins=60 sat<0.05=0.0% mean=0.637 p10=0.539 p90=0.688
Iter 0036340: train nll 0.290, valid error 100.000%, best valid error 100.000%, avg grad norm  49.401, avg grad norm (post clip)   0.053, rho_Whh  1.13, Omega  0.00, alpha  0.000, steps in the past 0.000, valid nll 0.246
  [diag] log10|dL/dh_t| hist bins=60 range=(-12.50,-11.50) mean=-12.00 p50=-12.00 p05=-12.00 p95=-12.00
  [diag] sat-dist hist bins=60 sat<0.05=0.0% mean=0.613 p10=0.533 p90=0.685
Iter 0036360: train nll 0.269, valid error 100.000%, best valid error 100.000%, avg grad norm  41.636, avg grad norm (post clip)   0.053, rho_Whh  1.13, Omega  0.00, alpha  0.000, steps in the past 0.000, valid nll 0.219
  [diag] log10|dL/dh_t| hist bins=60 range=(-12.50,-11.50) mean=-12.00 p50=-12.00 p05=-12.00 p95=-12.00
  [diag] sat-dist hist bins=60 sat<0.05=0.0% mean=0.613 p10=0.533 p90=0.684
Iter 0036380: train nll 0.311, valid error 100.000%, best valid error 100.000%, avg grad norm  45.644, avg grad norm (post clip)   0.053, rho_Whh  1.13, Omega  0.00, alpha  0.000, steps in the past 0.000, valid nll 0.219
  [diag] log10|dL/dh_t| hist bins=60 range=(-12.50,-11.50) mean=-12.00 p50=-12.00 p05=-12.00 p95=-12.00
  [diag] sat-dist hist bins=60 sat<0.05=0.0% mean=0.637 p10=0.539 p90=0.688
Iter 0036400: train nll 0.271, valid error 100.000%, best valid error 100.000%, avg grad norm  46.123, avg grad norm (post clip)   0.053, rho_Whh  1.13, Omega  0.00, alpha  0.000, steps in the past 0.000, valid nll 0.246
  [diag] log10|dL/dh_t| hist bins=60 range=(-12.50,-11.50) mean=-12.00 p50=-12.00 p05=-12.00 p95=-12.00
  [diag] sat-dist hist bins=60 sat<0.05=0.0% mean=0.637 p10=0.539 p90=0.688
Iter 0036420: train nll 0.296, valid error 100.000%, best valid error 100.000%, avg grad norm  36.253, avg grad norm (post clip)   0.053, rho_Whh  1.13, Omega  0.00, alpha  0.000, steps in the past 0.000, valid nll 0.246
  [diag] log10|dL/dh_t| hist bins=60 range=(-12.50,-11.50) mean=-12.00 p50=-12.00 p05=-12.00 p95=-12.00
  [diag] sat-dist hist bins=60 sat<0.05=0.0% mean=0.650 p10=0.546 p90=0.691
Iter 0036440: train nll 0.292, valid error 100.000%, best valid error 100.000%, avg grad norm  46.174, avg grad norm (post clip)   0.053, rho_Whh  1.13, Omega  0.00, alpha  0.000, steps in the past 0.000, valid nll 0.277
  [diag] log10|dL/dh_t| hist bins=60 range=(-12.50,-11.50) mean=-12.00 p50=-12.00 p05=-12.00 p95=-12.00
  [diag] sat-dist hist bins=60 sat<0.05=0.0% mean=0.638 p10=0.540 p90=0.687
Iter 0036460: train nll 0.290, valid error 100.000%, best valid error 100.000%, avg grad norm  41.568, avg grad norm (post clip)   0.053, rho_Whh  1.13, Omega  0.00, alpha  0.000, steps in the past 0.000, valid nll 0.246
  [diag] log10|dL/dh_t| hist bins=60 range=(-12.50,-11.50) mean=-12.00 p50=-12.00 p05=-12.00 p95=-12.00
  [diag] sat-dist hist bins=60 sat<0.05=0.0% mean=0.638 p10=0.540 p90=0.687
Iter 0036480: train nll 0.297, valid error 100.000%, best valid error 100.000%, avg grad norm  50.647, avg grad norm (post clip)   0.053, rho_Whh  1.13, Omega  0.00, alpha  0.000, steps in the past 0.000, valid nll 0.246
  [diag] log10|dL/dh_t| hist bins=60 range=(-12.50,-11.50) mean=-12.00 p50=-12.00 p05=-12.00 p95=-12.00
  [diag] sat-dist hist bins=60 sat<0.05=0.0% mean=0.615 p10=0.534 p90=0.683
Iter 0036500: train nll 0.268, valid error 100.000%, best valid error 100.000%, avg grad norm  42.487, avg grad norm (post clip)   0.053, rho_Whh  1.13, Omega  0.00, alpha  0.000, steps in the past 0.000, valid nll 0.219
  [diag] log10|dL/dh_t| hist bins=60 range=(-12.50,-11.50) mean=-12.00 p50=-12.00 p05=-12.00 p95=-12.00
  [diag] sat-dist hist bins=60 sat<0.05=0.0% mean=0.615 p10=0.534 p90=0.683
Iter 0036520: train nll 0.269, valid error 100.000%, best valid error 100.000%, avg grad norm  41.580, avg grad norm (post clip)   0.053, rho_Whh  1.13, Omega  0.00, alpha  0.000, steps in the past 0.000, valid nll 0.219
  [diag] log10|dL/dh_t| hist bins=60 range=(-12.50,-11.50) mean=-12.00 p50=-12.00 p05=-12.00 p95=-12.00
  [diag] sat-dist hist bins=60 sat<0.05=0.0% mean=0.615 p10=0.534 p90=0.683
Iter 0036540: train nll 0.270, valid error 100.000%, best valid error 100.000%, avg grad norm  50.737, avg grad norm (post clip)   0.053, rho_Whh  1.13, Omega  0.00, alpha  0.000, steps in the past 0.000, valid nll 0.219
  [diag] log10|dL/dh_t| hist bins=60 range=(-12.50,-11.50) mean=-12.00 p50=-12.00 p05=-12.00 p95=-12.00
  [diag] sat-dist hist bins=60 sat<0.05=0.0% mean=0.619 p10=0.534 p90=0.685
Iter 0036560: train nll 0.291, valid error 100.000%, best valid error 100.000%, avg grad norm  36.692, avg grad norm (post clip)   0.053, rho_Whh  1.13, Omega  0.00, alpha  0.000, steps in the past 0.000, valid nll 0.222
  [diag] log10|dL/dh_t| hist bins=60 range=(-12.50,-11.50) mean=-12.00 p50=-12.00 p05=-12.00 p95=-12.00
  [diag] sat-dist hist bins=60 sat<0.05=0.0% mean=0.569 p10=0.529 p90=0.593
Iter 0036580: train nll 0.287, valid error 100.000%, best valid error 100.000%, avg grad norm  52.588, avg grad norm (post clip)   0.053, rho_Whh  1.13, Omega  0.00, alpha  0.000, steps in the past 0.000, valid nll 0.243
  [diag] log10|dL/dh_t| hist bins=60 range=(-12.50,-11.50) mean=-12.00 p50=-12.00 p05=-12.00 p95=-12.00
  [diag] sat-dist hist bins=60 sat<0.05=0.0% mean=0.619 p10=0.535 p90=0.684
Iter 0036600: train nll 0.295, valid error 100.000%, best valid error 100.000%, avg grad norm  47.363, avg grad norm (post clip)   0.053, rho_Whh  1.13, Omega  0.00, alpha  0.000, steps in the past 0.000, valid nll 0.222
  [diag] log10|dL/dh_t| hist bins=60 range=(-12.50,-11.50) mean=-12.00 p50=-12.00 p05=-12.00 p95=-12.00
  [diag] sat-dist hist bins=60 sat<0.05=0.0% mean=0.619 p10=0.535 p90=0.684
Iter 0036620: train nll 0.317, valid error 100.000%, best valid error 100.000%, avg grad norm  43.154, avg grad norm (post clip)   0.053, rho_Whh  1.13, Omega  0.00, alpha  0.000, steps in the past 0.000, valid nll 0.222
  [diag] log10|dL/dh_t| hist bins=60 range=(-12.50,-11.50) mean=-12.00 p50=-12.00 p05=-12.00 p95=-12.00
  [diag] sat-dist hist bins=60 sat<0.05=0.0% mean=0.640 p10=0.541 p90=0.688
Iter 0036640: train nll 0.266, valid error 100.000%, best valid error 100.000%, avg grad norm  49.790, avg grad norm (post clip)   0.053, rho_Whh  1.13, Omega  0.00, alpha  0.000, steps in the past 0.000, valid nll 0.250
  [diag] log10|dL/dh_t| hist bins=60 range=(-12.50,-11.50) mean=-12.00 p50=-12.00 p05=-12.00 p95=-12.00
  [diag] sat-dist hist bins=60 sat<0.05=0.0% mean=0.640 p10=0.541 p90=0.688
Iter 0036660: train nll 0.274, valid error 100.000%, best valid error 100.000%, avg grad norm  38.207, avg grad norm (post clip)   0.053, rho_Whh  1.13, Omega  0.00, alpha  0.000, steps in the past 0.000, valid nll 0.250
  [diag] log10|dL/dh_t| hist bins=60 range=(-12.50,-11.50) mean=-12.00 p50=-12.00 p05=-12.00 p95=-12.00
  [diag] sat-dist hist bins=60 sat<0.05=0.0% mean=0.618 p10=0.535 p90=0.684
Iter 0036680: train nll 0.261, valid error 100.000%, best valid error 100.000%, avg grad norm  45.171, avg grad norm (post clip)   0.053, rho_Whh  1.13, Omega  0.00, alpha  0.000, steps in the past 0.000, valid nll 0.221
  [diag] log10|dL/dh_t| hist bins=60 range=(-12.50,-11.50) mean=-12.00 p50=-12.00 p05=-12.00 p95=-12.00
  [diag] sat-dist hist bins=60 sat<0.05=0.0% mean=0.639 p10=0.541 p90=0.688
Iter 0036700: train nll 0.295, valid error 100.000%, best valid error 100.000%, avg grad norm  48.796, avg grad norm (post clip)   0.053, rho_Whh  1.13, Omega  0.00, alpha  0.000, steps in the past 0.000, valid nll 0.250
  [diag] log10|dL/dh_t| hist bins=60 range=(-12.50,-11.50) mean=-12.00 p50=-12.00 p05=-12.00 p95=-12.00
  [diag] sat-dist hist bins=60 sat<0.05=0.0% mean=0.618 p10=0.535 p90=0.684
Iter 0036720: train nll 0.285, valid error 100.000%, best valid error 100.000%, avg grad norm  45.816, avg grad norm (post clip)   0.053, rho_Whh  1.13, Omega  0.00, alpha  0.000, steps in the past 0.000, valid nll 0.221
  [diag] log10|dL/dh_t| hist bins=60 range=(-12.50,-11.50) mean=-12.00 p50=-12.00 p05=-12.00 p95=-12.00
  [diag] sat-dist hist bins=60 sat<0.05=0.0% mean=0.619 p10=0.535 p90=0.684
Iter 0036740: train nll 0.290, valid error 100.000%, best valid error 100.000%, avg grad norm  46.779, avg grad norm (post clip)   0.053, rho_Whh  1.13, Omega  0.00, alpha  0.000, steps in the past 0.000, valid nll 0.222
  [diag] log10|dL/dh_t| hist bins=60 range=(-12.50,-11.50) mean=-12.00 p50=-12.00 p05=-12.00 p95=-12.00
  [diag] sat-dist hist bins=60 sat<0.05=0.0% mean=0.640 p10=0.541 p90=0.688
Iter 0036760: train nll 0.268, valid error 100.000%, best valid error 100.000%, avg grad norm  43.311, avg grad norm (post clip)   0.053, rho_Whh  1.13, Omega  0.00, alpha  0.000, steps in the past 0.000, valid nll 0.251
  [diag] log10|dL/dh_t| hist bins=60 range=(-12.50,-11.50) mean=-12.00 p50=-12.00 p05=-12.00 p95=-12.00
  [diag] sat-dist hist bins=60 sat<0.05=0.0% mean=0.648 p10=0.545 p90=0.690
Iter 0036780: train nll 0.323, valid error 100.000%, best valid error 100.000%, avg grad norm  35.544, avg grad norm (post clip)   0.053, rho_Whh  1.13, Omega  0.00, alpha  0.000, steps in the past 0.000, valid nll 0.271
  [diag] log10|dL/dh_t| hist bins=60 range=(-12.50,-11.50) mean=-12.00 p50=-12.00 p05=-12.00 p95=-12.00
  [diag] sat-dist hist bins=60 sat<0.05=0.0% mean=0.611 p10=0.533 p90=0.684
Iter 0036800: train nll 0.299, valid error 100.000%, best valid error 100.000%, avg grad norm  40.821, avg grad norm (post clip)   0.053, rho_Whh  1.13, Omega  0.00, alpha  0.000, steps in the past 0.000, valid nll 0.218
  [diag] log10|dL/dh_t| hist bins=60 range=(-12.50,-11.50) mean=-12.00 p50=-12.00 p05=-12.00 p95=-12.00
  [diag] sat-dist hist bins=60 sat<0.05=0.0% mean=0.620 p10=0.534 p90=0.685
Iter 0036820: train nll 0.287, valid error 100.000%, best valid error 100.000%, avg grad norm  43.931, avg grad norm (post clip)   0.053, rho_Whh  1.13, Omega  0.00, alpha  0.000, steps in the past 0.000, valid nll 0.222
  [diag] log10|dL/dh_t| hist bins=60 range=(-12.50,-11.50) mean=-12.00 p50=-12.00 p05=-12.00 p95=-12.00
  [diag] sat-dist hist bins=60 sat<0.05=0.0% mean=0.640 p10=0.540 p90=0.689
Iter 0036840: train nll 0.280, valid error 100.000%, best valid error 100.000%, avg grad norm  46.398, avg grad norm (post clip)   0.053, rho_Whh  1.13, Omega  0.00, alpha  0.000, steps in the past 0.000, valid nll 0.251
  [diag] log10|dL/dh_t| hist bins=60 range=(-12.50,-11.50) mean=-12.00 p50=-12.00 p05=-12.00 p95=-12.00
  [diag] sat-dist hist bins=60 sat<0.05=0.0% mean=0.620 p10=0.535 p90=0.685
Iter 0036860: train nll 0.291, valid error 100.000%, best valid error 100.000%, avg grad norm  41.414, avg grad norm (post clip)   0.053, rho_Whh  1.13, Omega  0.00, alpha  0.000, steps in the past 0.000, valid nll 0.222
  [diag] log10|dL/dh_t| hist bins=60 range=(-12.50,-11.50) mean=-12.00 p50=-12.00 p05=-12.00 p95=-12.00
  [diag] sat-dist hist bins=60 sat<0.05=0.0% mean=0.640 p10=0.540 p90=0.689
Iter 0036880: train nll 0.278, valid error 100.000%, best valid error 100.000%, avg grad norm  39.389, avg grad norm (post clip)   0.053, rho_Whh  1.13, Omega  0.00, alpha  0.000, steps in the past 0.000, valid nll 0.251
  [diag] log10|dL/dh_t| hist bins=60 range=(-12.50,-11.50) mean=-12.00 p50=-12.00 p05=-12.00 p95=-12.00
  [diag] sat-dist hist bins=60 sat<0.05=0.0% mean=0.640 p10=0.541 p90=0.688
Iter 0036900: train nll 0.303, valid error 100.000%, best valid error 100.000%, avg grad norm  44.828, avg grad norm (post clip)   0.053, rho_Whh  1.13, Omega  0.00, alpha  0.000, steps in the past 0.000, valid nll 0.251
  [diag] log10|dL/dh_t| hist bins=60 range=(-12.50,-11.50) mean=-12.00 p50=-12.00 p05=-12.00 p95=-12.00
  [diag] sat-dist hist bins=60 sat<0.05=0.0% mean=0.619 p10=0.534 p90=0.685
Iter 0036920: train nll 0.281, valid error 100.000%, best valid error 100.000%, avg grad norm  38.573, avg grad norm (post clip)   0.053, rho_Whh  1.13, Omega  0.00, alpha  0.000, steps in the past 0.000, valid nll 0.221
  [diag] log10|dL/dh_t| hist bins=60 range=(-12.50,-11.50) mean=-12.00 p50=-12.00 p05=-12.00 p95=-12.00
  [diag] sat-dist hist bins=60 sat<0.05=0.0% mean=0.619 p10=0.535 p90=0.684
Iter 0036940: train nll 0.310, valid error 100.000%, best valid error 100.000%, avg grad norm  40.730, avg grad norm (post clip)   0.053, rho_Whh  1.13, Omega  0.00, alpha  0.000, steps in the past 0.000, valid nll 0.221
  [diag] log10|dL/dh_t| hist bins=60 range=(-12.50,-11.50) mean=-12.00 p50=-12.00 p05=-12.00 p95=-12.00
  [diag] sat-dist hist bins=60 sat<0.05=0.0% mean=0.640 p10=0.540 p90=0.688
Iter 0036960: train nll 0.315, valid error 100.000%, best valid error 100.000%, avg grad norm  39.674, avg grad norm (post clip)   0.053, rho_Whh  1.13, Omega  0.00, alpha  0.000, steps in the past 0.000, valid nll 0.250
  [diag] log10|dL/dh_t| hist bins=60 range=(-12.50,-11.50) mean=-12.00 p50=-12.00 p05=-12.00 p95=-12.00
  [diag] sat-dist hist bins=60 sat<0.05=0.0% mean=0.640 p10=0.541 p90=0.688
Iter 0036980: train nll 0.300, valid error 100.000%, best valid error 100.000%, avg grad norm  37.567, avg grad norm (post clip)   0.053, rho_Whh  1.13, Omega  0.00, alpha  0.000, steps in the past 0.000, valid nll 0.250
  [diag] log10|dL/dh_t| hist bins=60 range=(-12.50,-11.50) mean=-12.00 p50=-12.00 p05=-12.00 p95=-12.00
  [diag] sat-dist hist bins=60 sat<0.05=0.0% mean=0.621 p10=0.535 p90=0.685
Iter 0037000: train nll 0.255, valid error 100.000%, best valid error 100.000%, avg grad norm  41.406, avg grad norm (post clip)   0.053, rho_Whh  1.13, Omega  0.00, alpha  0.000, steps in the past 0.000, valid nll 0.223
  [diag] log10|dL/dh_t| hist bins=60 range=(-12.50,-11.50) mean=-12.00 p50=-12.00 p05=-12.00 p95=-12.00
  [diag] sat-dist hist bins=60 sat<0.05=0.0% mean=0.621 p10=0.535 p90=0.685
Iter 0037020: train nll 0.287, valid error 100.000%, best valid error 100.000%, avg grad norm  46.095, avg grad norm (post clip)   0.053, rho_Whh  1.13, Omega  0.00, alpha  0.000, steps in the past 0.000, valid nll 0.223
  [diag] log10|dL/dh_t| hist bins=60 range=(-12.50,-11.50) mean=-12.00 p50=-12.00 p05=-12.00 p95=-12.00
  [diag] sat-dist hist bins=60 sat<0.05=0.0% mean=0.621 p10=0.535 p90=0.685
Iter 0037040: train nll 0.257, valid error 100.000%, best valid error 100.000%, avg grad norm  46.249, avg grad norm (post clip)   0.053, rho_Whh  1.13, Omega  0.00, alpha  0.000, steps in the past 0.000, valid nll 0.223
  [diag] log10|dL/dh_t| hist bins=60 range=(-12.50,-11.50) mean=-12.00 p50=-12.00 p05=-12.00 p95=-12.00
  [diag] sat-dist hist bins=60 sat<0.05=0.0% mean=0.621 p10=0.535 p90=0.685
Iter 0037060: train nll 0.254, valid error 100.000%, best valid error 100.000%, avg grad norm  52.827, avg grad norm (post clip)   0.053, rho_Whh  1.13, Omega  0.00, alpha  0.000, steps in the past 0.000, valid nll 0.223
  [diag] log10|dL/dh_t| hist bins=60 range=(-12.50,-11.50) mean=-12.00 p50=-12.00 p05=-12.00 p95=-12.00
  [diag] sat-dist hist bins=60 sat<0.05=0.0% mean=0.621 p10=0.535 p90=0.685
Iter 0037080: train nll 0.282, valid error 100.000%, best valid error 100.000%, avg grad norm  51.882, avg grad norm (post clip)   0.053, rho_Whh  1.13, Omega  0.00, alpha  0.000, steps in the past 0.000, valid nll 0.223
  [diag] log10|dL/dh_t| hist bins=60 range=(-12.50,-11.50) mean=-12.00 p50=-12.00 p05=-12.00 p95=-12.00
  [diag] sat-dist hist bins=60 sat<0.05=0.0% mean=0.652 p10=0.547 p90=0.691
Iter 0037100: train nll 0.268, valid error 100.000%, best valid error 100.000%, avg grad norm  50.955, avg grad norm (post clip)   0.053, rho_Whh  1.13, Omega  0.00, alpha  0.000, steps in the past 0.000, valid nll 0.280
  [diag] log10|dL/dh_t| hist bins=60 range=(-12.50,-11.50) mean=-12.00 p50=-12.00 p05=-12.00 p95=-12.00
  [diag] sat-dist hist bins=60 sat<0.05=0.0% mean=0.621 p10=0.536 p90=0.684
Iter 0037120: train nll 0.296, valid error 100.000%, best valid error 100.000%, avg grad norm  40.020, avg grad norm (post clip)   0.053, rho_Whh  1.13, Omega  0.00, alpha  0.000, steps in the past 0.000, valid nll 0.223
  [diag] log10|dL/dh_t| hist bins=60 range=(-12.50,-11.50) mean=-12.00 p50=-12.00 p05=-12.00 p95=-12.00
  [diag] sat-dist hist bins=60 sat<0.05=0.0% mean=0.641 p10=0.542 p90=0.688
Iter 0037140: train nll 0.288, valid error 100.000%, best valid error 100.000%, avg grad norm  44.136, avg grad norm (post clip)   0.053, rho_Whh  1.13, Omega  0.00, alpha  0.000, steps in the past 0.000, valid nll 0.251
  [diag] log10|dL/dh_t| hist bins=60 range=(-12.50,-11.50) mean=-12.00 p50=-12.00 p05=-12.00 p95=-12.00
  [diag] sat-dist hist bins=60 sat<0.05=0.0% mean=0.641 p10=0.542 p90=0.688
Iter 0037160: train nll 0.318, valid error 100.000%, best valid error 100.000%, avg grad norm  32.783, avg grad norm (post clip)   0.053, rho_Whh  1.13, Omega  0.00, alpha  0.000, steps in the past 0.000, valid nll 0.251
  [diag] log10|dL/dh_t| hist bins=60 range=(-12.50,-11.50) mean=-12.00 p50=-12.00 p05=-12.00 p95=-12.00
  [diag] sat-dist hist bins=60 sat<0.05=0.0% mean=0.621 p10=0.536 p90=0.684
Iter 0037180: train nll 0.297, valid error 100.000%, best valid error 100.000%, avg grad norm  41.156, avg grad norm (post clip)   0.053, rho_Whh  1.13, Omega  0.00, alpha  0.000, steps in the past 0.000, valid nll 0.223
  [diag] log10|dL/dh_t| hist bins=60 range=(-12.50,-11.50) mean=-12.00 p50=-12.00 p05=-12.00 p95=-12.00
  [diag] sat-dist hist bins=60 sat<0.05=0.0% mean=0.621 p10=0.536 p90=0.684
Iter 0037200: train nll 0.278, valid error 100.000%, best valid error 100.000%, avg grad norm  45.897, avg grad norm (post clip)   0.053, rho_Whh  1.13, Omega  0.00, alpha  0.000, steps in the past 0.000, valid nll 0.223
  [diag] log10|dL/dh_t| hist bins=60 range=(-12.50,-11.50) mean=-12.00 p50=-12.00 p05=-12.00 p95=-12.00
  [diag] sat-dist hist bins=60 sat<0.05=0.0% mean=0.640 p10=0.541 p90=0.687
Iter 0037220: train nll 0.271, valid error 100.000%, best valid error 100.000%, avg grad norm  44.592, avg grad norm (post clip)   0.053, rho_Whh  1.13, Omega  0.00, alpha  0.000, steps in the past 0.000, valid nll 0.250
  [diag] log10|dL/dh_t| hist bins=60 range=(-12.50,-11.50) mean=-12.00 p50=-12.00 p05=-12.00 p95=-12.00
  [diag] sat-dist hist bins=60 sat<0.05=0.0% mean=0.620 p10=0.536 p90=0.684
Iter 0037240: train nll 0.280, valid error 100.000%, best valid error 100.000%, avg grad norm  36.942, avg grad norm (post clip)   0.053, rho_Whh  1.13, Omega  0.00, alpha  0.000, steps in the past 0.000, valid nll 0.222
  [diag] log10|dL/dh_t| hist bins=60 range=(-12.50,-11.50) mean=-12.00 p50=-12.00 p05=-12.00 p95=-12.00
  [diag] sat-dist hist bins=60 sat<0.05=0.0% mean=0.625 p10=0.536 p90=0.685
Iter 0037260: train nll 0.257, valid error 100.000%, best valid error 100.000%, avg grad norm  48.713, avg grad norm (post clip)   0.053, rho_Whh  1.13, Omega  0.00, alpha  0.000, steps in the past 0.000, valid nll 0.226
  [diag] log10|dL/dh_t| hist bins=60 range=(-12.50,-11.50) mean=-12.00 p50=-12.00 p05=-12.00 p95=-12.00
  [diag] sat-dist hist bins=60 sat<0.05=0.0% mean=0.618 p10=0.535 p90=0.684
Iter 0037280: train nll 0.308, valid error 100.000%, best valid error 100.000%, avg grad norm  45.082, avg grad norm (post clip)   0.053, rho_Whh  1.13, Omega  0.00, alpha  0.000, steps in the past 0.000, valid nll 0.220
  [diag] log10|dL/dh_t| hist bins=60 range=(-12.50,-11.50) mean=-12.00 p50=-12.00 p05=-12.00 p95=-12.00
  [diag] sat-dist hist bins=60 sat<0.05=0.0% mean=0.651 p10=0.547 p90=0.691
Iter 0037300: train nll 0.291, valid error 100.000%, best valid error 100.000%, avg grad norm  46.953, avg grad norm (post clip)   0.053, rho_Whh  1.13, Omega  0.00, alpha  0.000, steps in the past 0.000, valid nll 0.277
  [diag] log10|dL/dh_t| hist bins=60 range=(-12.50,-11.50) mean=-12.00 p50=-12.00 p05=-12.00 p95=-12.00
  [diag] sat-dist hist bins=60 sat<0.05=0.0% mean=0.619 p10=0.535 p90=0.684
Iter 0037320: train nll 0.287, valid error 100.000%, best valid error 100.000%, avg grad norm  41.994, avg grad norm (post clip)   0.053, rho_Whh  1.13, Omega  0.00, alpha  0.000, steps in the past 0.000, valid nll 0.221
  [diag] log10|dL/dh_t| hist bins=60 range=(-12.50,-11.50) mean=-12.00 p50=-12.00 p05=-12.00 p95=-12.00
  [diag] sat-dist hist bins=60 sat<0.05=0.0% mean=0.652 p10=0.547 p90=0.691
Iter 0037340: train nll 0.294, valid error 100.000%, best valid error 100.000%, avg grad norm  35.558, avg grad norm (post clip)   0.053, rho_Whh  1.13, Omega  0.00, alpha  0.000, steps in the past 0.000, valid nll 0.278
  [diag] log10|dL/dh_t| hist bins=60 range=(-12.50,-11.50) mean=-12.00 p50=-12.00 p05=-12.00 p95=-12.00
  [diag] sat-dist hist bins=60 sat<0.05=0.0% mean=0.640 p10=0.541 p90=0.688
Iter 0037360: train nll 0.313, valid error 100.000%, best valid error 100.000%, avg grad norm  37.299, avg grad norm (post clip)   0.053, rho_Whh  1.13, Omega  0.00, alpha  0.000, steps in the past 0.000, valid nll 0.249
  [diag] log10|dL/dh_t| hist bins=60 range=(-12.50,-11.50) mean=-12.00 p50=-12.00 p05=-12.00 p95=-12.00
  [diag] sat-dist hist bins=60 sat<0.05=0.0% mean=0.652 p10=0.547 p90=0.691
Iter 0037380: train nll 0.273, valid error 100.000%, best valid error 100.000%, avg grad norm  44.275, avg grad norm (post clip)   0.053, rho_Whh  1.13, Omega  0.00, alpha  0.000, steps in the past 0.000, valid nll 0.278
  [diag] log10|dL/dh_t| hist bins=60 range=(-12.50,-11.50) mean=-12.00 p50=-12.00 p05=-12.00 p95=-12.00
  [diag] sat-dist hist bins=60 sat<0.05=0.0% mean=0.619 p10=0.535 p90=0.684
Iter 0037400: train nll 0.273, valid error 100.000%, best valid error 100.000%, avg grad norm  42.163, avg grad norm (post clip)   0.053, rho_Whh  1.13, Omega  0.00, alpha  0.000, steps in the past 0.000, valid nll 0.221
  [diag] log10|dL/dh_t| hist bins=60 range=(-12.50,-11.50) mean=-12.00 p50=-12.00 p05=-12.00 p95=-12.00
  [diag] sat-dist hist bins=60 sat<0.05=0.0% mean=0.620 p10=0.535 p90=0.684
Iter 0037420: train nll 0.285, valid error 100.000%, best valid error 100.000%, avg grad norm  46.750, avg grad norm (post clip)   0.053, rho_Whh  1.13, Omega  0.00, alpha  0.000, steps in the past 0.000, valid nll 0.221
  [diag] log10|dL/dh_t| hist bins=60 range=(-12.50,-11.50) mean=-12.00 p50=-12.00 p05=-12.00 p95=-12.00
  [diag] sat-dist hist bins=60 sat<0.05=0.0% mean=0.620 p10=0.536 p90=0.683
Iter 0037440: train nll 0.281, valid error 100.000%, best valid error 100.000%, avg grad norm  42.766, avg grad norm (post clip)   0.053, rho_Whh  1.13, Omega  0.00, alpha  0.000, steps in the past 0.000, valid nll 0.221
  [diag] log10|dL/dh_t| hist bins=60 range=(-12.50,-11.50) mean=-12.00 p50=-12.00 p05=-12.00 p95=-12.00
  [diag] sat-dist hist bins=60 sat<0.05=0.0% mean=0.618 p10=0.535 p90=0.683
Iter 0037460: train nll 0.278, valid error 100.000%, best valid error 100.000%, avg grad norm  44.388, avg grad norm (post clip)   0.053, rho_Whh  1.13, Omega  0.00, alpha  0.000, steps in the past 0.000, valid nll 0.220
  [diag] log10|dL/dh_t| hist bins=60 range=(-12.50,-11.50) mean=-12.00 p50=-12.00 p05=-12.00 p95=-12.00
  [diag] sat-dist hist bins=60 sat<0.05=0.0% mean=0.618 p10=0.535 p90=0.683
Iter 0037480: train nll 0.272, valid error 100.000%, best valid error 100.000%, avg grad norm  49.918, avg grad norm (post clip)   0.053, rho_Whh  1.13, Omega  0.00, alpha  0.000, steps in the past 0.000, valid nll 0.220
  [diag] log10|dL/dh_t| hist bins=60 range=(-12.50,-11.50) mean=-12.00 p50=-12.00 p05=-12.00 p95=-12.00
  [diag] sat-dist hist bins=60 sat<0.05=0.0% mean=0.618 p10=0.535 p90=0.683
Iter 0037500: train nll 0.314, valid error 100.000%, best valid error 100.000%, avg grad norm  41.967, avg grad norm (post clip)   0.053, rho_Whh  1.13, Omega  0.00, alpha  0.000, steps in the past 0.000, valid nll 0.220
  [diag] log10|dL/dh_t| hist bins=60 range=(-12.50,-11.50) mean=-12.00 p50=-12.00 p05=-12.00 p95=-12.00
  [diag] sat-dist hist bins=60 sat<0.05=0.0% mean=0.618 p10=0.536 p90=0.683
Iter 0037520: train nll 0.277, valid error 100.000%, best valid error 100.000%, avg grad norm  42.170, avg grad norm (post clip)   0.053, rho_Whh  1.13, Omega  0.00, alpha  0.000, steps in the past 0.000, valid nll 0.220
  [diag] log10|dL/dh_t| hist bins=60 range=(-12.50,-11.50) mean=-12.00 p50=-12.00 p05=-12.00 p95=-12.00
  [diag] sat-dist hist bins=60 sat<0.05=0.0% mean=0.653 p10=0.547 p90=0.691
Iter 0037540: train nll 0.313, valid error 100.000%, best valid error 100.000%, avg grad norm  38.153, avg grad norm (post clip)   0.053, rho_Whh  1.13, Omega  0.00, alpha  0.000, steps in the past 0.000, valid nll 0.279
  [diag] log10|dL/dh_t| hist bins=60 range=(-12.50,-11.50) mean=-12.00 p50=-12.00 p05=-12.00 p95=-12.00
  [diag] sat-dist hist bins=60 sat<0.05=0.0% mean=0.622 p10=0.536 p90=0.684
Iter 0037560: train nll 0.295, valid error 100.000%, best valid error 100.000%, avg grad norm  41.887, avg grad norm (post clip)   0.053, rho_Whh  1.13, Omega  0.00, alpha  0.000, steps in the past 0.000, valid nll 0.223
  [diag] log10|dL/dh_t| hist bins=60 range=(-12.50,-11.50) mean=-12.00 p50=-12.00 p05=-12.00 p95=-12.00
  [diag] sat-dist hist bins=60 sat<0.05=0.0% mean=0.623 p10=0.536 p90=0.684
Iter 0037580: train nll 0.284, valid error 100.000%, best valid error 100.000%, avg grad norm  43.299, avg grad norm (post clip)   0.053, rho_Whh  1.13, Omega  0.00, alpha  0.000, steps in the past 0.000, valid nll 0.223
  [diag] log10|dL/dh_t| hist bins=60 range=(-12.50,-11.50) mean=-12.00 p50=-12.00 p05=-12.00 p95=-12.00
  [diag] sat-dist hist bins=60 sat<0.05=0.0% mean=0.623 p10=0.537 p90=0.683
Iter 0037600: train nll 0.295, valid error 100.000%, best valid error 100.000%, avg grad norm  42.746, avg grad norm (post clip)   0.053, rho_Whh  1.13, Omega  0.00, alpha  0.000, steps in the past 0.000, valid nll 0.223
  [diag] log10|dL/dh_t| hist bins=60 range=(-12.50,-11.50) mean=-12.00 p50=-12.00 p05=-12.00 p95=-12.00
  [diag] sat-dist hist bins=60 sat<0.05=0.0% mean=0.577 p10=0.531 p90=0.613
Iter 0037620: train nll 0.264, valid error 100.000%, best valid error 100.000%, avg grad norm  40.914, avg grad norm (post clip)   0.053, rho_Whh  1.13, Omega  0.00, alpha  0.000, steps in the past 0.000, valid nll 0.234
  [diag] log10|dL/dh_t| hist bins=60 range=(-12.50,-11.50) mean=-12.00 p50=-12.00 p05=-12.00 p95=-12.00
  [diag] sat-dist hist bins=60 sat<0.05=0.0% mean=0.625 p10=0.537 p90=0.684
Iter 0037640: train nll 0.272, valid error 100.000%, best valid error 100.000%, avg grad norm  38.891, avg grad norm (post clip)   0.053, rho_Whh  1.13, Omega  0.00, alpha  0.000, steps in the past 0.000, valid nll 0.226
  [diag] log10|dL/dh_t| hist bins=60 range=(-12.50,-11.50) mean=-12.00 p50=-12.00 p05=-12.00 p95=-12.00
  [diag] sat-dist hist bins=60 sat<0.05=0.0% mean=0.625 p10=0.537 p90=0.684
Iter 0037660: train nll 0.287, valid error 100.000%, best valid error 100.000%, avg grad norm  48.777, avg grad norm (post clip)   0.053, rho_Whh  1.13, Omega  0.00, alpha  0.000, steps in the past 0.000, valid nll 0.226
  [diag] log10|dL/dh_t| hist bins=60 range=(-12.50,-11.50) mean=-12.00 p50=-12.00 p05=-12.00 p95=-12.00
  [diag] sat-dist hist bins=60 sat<0.05=0.0% mean=0.625 p10=0.537 p90=0.684
Iter 0037680: train nll 0.262, valid error 100.000%, best valid error 100.000%, avg grad norm  53.177, avg grad norm (post clip)   0.053, rho_Whh  1.13, Omega  0.00, alpha  0.000, steps in the past 0.000, valid nll 0.226
  [diag] log10|dL/dh_t| hist bins=60 range=(-12.50,-11.50) mean=-12.00 p50=-12.00 p05=-12.00 p95=-12.00
  [diag] sat-dist hist bins=60 sat<0.05=0.0% mean=0.624 p10=0.537 p90=0.684
Iter 0037700: train nll 0.302, valid error 100.000%, best valid error 100.000%, avg grad norm  35.876, avg grad norm (post clip)   0.053, rho_Whh  1.13, Omega  0.00, alpha  0.000, steps in the past 0.000, valid nll 0.225
  [diag] log10|dL/dh_t| hist bins=60 range=(-12.50,-11.50) mean=-12.00 p50=-12.00 p05=-12.00 p95=-12.00
  [diag] sat-dist hist bins=60 sat<0.05=0.0% mean=0.653 p10=0.547 p90=0.691
Iter 0037720: train nll 0.291, valid error 100.000%, best valid error 100.000%, avg grad norm  48.691, avg grad norm (post clip)   0.053, rho_Whh  1.13, Omega  0.00, alpha  0.000, steps in the past 0.000, valid nll 0.280
  [diag] log10|dL/dh_t| hist bins=60 range=(-12.50,-11.50) mean=-12.00 p50=-12.00 p05=-12.00 p95=-12.00
  [diag] sat-dist hist bins=60 sat<0.05=0.0% mean=0.580 p10=0.531 p90=0.624
Iter 0037740: train nll 0.250, valid error 100.000%, best valid error 100.000%, avg grad norm  43.769, avg grad norm (post clip)   0.053, rho_Whh  1.13, Omega  0.00, alpha  0.000, steps in the past 0.000, valid nll 0.231
  [diag] log10|dL/dh_t| hist bins=60 range=(-12.50,-11.50) mean=-12.00 p50=-12.00 p05=-12.00 p95=-12.00
  [diag] sat-dist hist bins=60 sat<0.05=0.0% mean=0.643 p10=0.543 p90=0.687
Iter 0037760: train nll 0.300, valid error 100.000%, best valid error 100.000%, avg grad norm  39.014, avg grad norm (post clip)   0.053, rho_Whh  1.13, Omega  0.00, alpha  0.000, steps in the past 0.000, valid nll 0.253
  [diag] log10|dL/dh_t| hist bins=60 range=(-12.50,-11.50) mean=-12.00 p50=-12.00 p05=-12.00 p95=-12.00
  [diag] sat-dist hist bins=60 sat<0.05=0.0% mean=0.622 p10=0.536 p90=0.684
Iter 0037780: train nll 0.273, valid error 100.000%, best valid error 100.000%, avg grad norm  38.181, avg grad norm (post clip)   0.053, rho_Whh  1.13, Omega  0.00, alpha  0.000, steps in the past 0.000, valid nll 0.222
  [diag] log10|dL/dh_t| hist bins=60 range=(-12.50,-11.50) mean=-12.00 p50=-12.00 p05=-12.00 p95=-12.00
  [diag] sat-dist hist bins=60 sat<0.05=0.0% mean=0.622 p10=0.536 p90=0.684
Iter 0037800: train nll 0.295, valid error 100.000%, best valid error 100.000%, avg grad norm  43.166, avg grad norm (post clip)   0.053, rho_Whh  1.13, Omega  0.00, alpha  0.000, steps in the past 0.000, valid nll 0.222
  [diag] log10|dL/dh_t| hist bins=60 range=(-12.50,-11.50) mean=-12.00 p50=-12.00 p05=-12.00 p95=-12.00
  [diag] sat-dist hist bins=60 sat<0.05=0.0% mean=0.641 p10=0.542 p90=0.687
Iter 0037820: train nll 0.305, valid error 100.000%, best valid error 100.000%, avg grad norm  41.614, avg grad norm (post clip)   0.053, rho_Whh  1.13, Omega  0.00, alpha  0.000, steps in the past 0.000, valid nll 0.250
  [diag] log10|dL/dh_t| hist bins=60 range=(-12.50,-11.50) mean=-12.00 p50=-12.00 p05=-12.00 p95=-12.00
  [diag] sat-dist hist bins=60 sat<0.05=0.0% mean=0.622 p10=0.537 p90=0.683
Iter 0037840: train nll 0.304, valid error 100.000%, best valid error 100.000%, avg grad norm  38.240, avg grad norm (post clip)   0.053, rho_Whh  1.13, Omega  0.00, alpha  0.000, steps in the past 0.000, valid nll 0.222
  [diag] log10|dL/dh_t| hist bins=60 range=(-12.50,-11.50) mean=-12.00 p50=-12.00 p05=-12.00 p95=-12.00
  [diag] sat-dist hist bins=60 sat<0.05=0.0% mean=0.642 p10=0.543 p90=0.687
Iter 0037860: train nll 0.315, valid error 100.000%, best valid error 100.000%, avg grad norm  33.909, avg grad norm (post clip)   0.053, rho_Whh  1.13, Omega  0.00, alpha  0.000, steps in the past 0.000, valid nll 0.251
  [diag] log10|dL/dh_t| hist bins=60 range=(-12.50,-11.50) mean=-12.00 p50=-12.00 p05=-12.00 p95=-12.00
  [diag] sat-dist hist bins=60 sat<0.05=0.0% mean=0.623 p10=0.537 p90=0.683
Iter 0037880: train nll 0.266, valid error 100.000%, best valid error 100.000%, avg grad norm  43.758, avg grad norm (post clip)   0.053, rho_Whh  1.13, Omega  0.00, alpha  0.000, steps in the past 0.000, valid nll 0.223
  [diag] log10|dL/dh_t| hist bins=60 range=(-12.50,-11.50) mean=-12.00 p50=-12.00 p05=-12.00 p95=-12.00
  [diag] sat-dist hist bins=60 sat<0.05=0.0% mean=0.629 p10=0.538 p90=0.685
Iter 0037900: train nll 0.299, valid error 100.000%, best valid error 100.000%, avg grad norm  38.612, avg grad norm (post clip)   0.053, rho_Whh  1.13, Omega  0.00, alpha  0.000, steps in the past 0.000, valid nll 0.230
  [diag] log10|dL/dh_t| hist bins=60 range=(-12.50,-11.50) mean=-12.00 p50=-12.00 p05=-12.00 p95=-12.00
  [diag] sat-dist hist bins=60 sat<0.05=0.0% mean=0.645 p10=0.544 p90=0.689
Iter 0037920: train nll 0.269, valid error 100.000%, best valid error 100.000%, avg grad norm  44.574, avg grad norm (post clip)   0.053, rho_Whh  1.13, Omega  0.00, alpha  0.000, steps in the past 0.000, valid nll 0.259
  [diag] log10|dL/dh_t| hist bins=60 range=(-12.50,-11.50) mean=-12.00 p50=-12.00 p05=-12.00 p95=-12.00
  [diag] sat-dist hist bins=60 sat<0.05=0.0% mean=0.584 p10=0.531 p90=0.637
Iter 0037940: train nll 0.246, valid error 100.000%, best valid error 100.000%, avg grad norm  41.275, avg grad norm (post clip)   0.053, rho_Whh  1.13, Omega  0.00, alpha  0.000, steps in the past 0.000, valid nll 0.226
  [diag] log10|dL/dh_t| hist bins=60 range=(-12.50,-11.50) mean=-12.00 p50=-12.00 p05=-12.00 p95=-12.00
  [diag] sat-dist hist bins=60 sat<0.05=0.0% mean=0.627 p10=0.537 p90=0.685
Iter 0037960: train nll 0.279, valid error 100.000%, best valid error 100.000%, avg grad norm  45.185, avg grad norm (post clip)   0.053, rho_Whh  1.13, Omega  0.00, alpha  0.000, steps in the past 0.000, valid nll 0.227
  [diag] log10|dL/dh_t| hist bins=60 range=(-12.50,-11.50) mean=-12.00 p50=-12.00 p05=-12.00 p95=-12.00
  [diag] sat-dist hist bins=60 sat<0.05=0.0% mean=0.644 p10=0.543 p90=0.689
Iter 0037980: train nll 0.290, valid error 100.000%, best valid error 100.000%, avg grad norm  41.675, avg grad norm (post clip)   0.053, rho_Whh  1.13, Omega  0.00, alpha  0.000, steps in the past 0.000, valid nll 0.257
  [diag] log10|dL/dh_t| hist bins=60 range=(-12.50,-11.50) mean=-12.00 p50=-12.00 p05=-12.00 p95=-12.00
  [diag] sat-dist hist bins=60 sat<0.05=0.0% mean=0.626 p10=0.537 p90=0.685
Iter 0038000: train nll 0.277, valid error 100.000%, best valid error 100.000%, avg grad norm  42.708, avg grad norm (post clip)   0.053, rho_Whh  1.13, Omega  0.00, alpha  0.000, steps in the past 0.000, valid nll 0.226
  [diag] log10|dL/dh_t| hist bins=60 range=(-12.50,-11.50) mean=-12.00 p50=-12.00 p05=-12.00 p95=-12.00
  [diag] sat-dist hist bins=60 sat<0.05=0.0% mean=0.624 p10=0.536 p90=0.685
Iter 0038020: train nll 0.296, valid error 100.000%, best valid error 100.000%, avg grad norm  39.035, avg grad norm (post clip)   0.053, rho_Whh  1.13, Omega  0.00, alpha  0.000, steps in the past 0.000, valid nll 0.225
  [diag] log10|dL/dh_t| hist bins=60 range=(-12.50,-11.50) mean=-12.00 p50=-12.00 p05=-12.00 p95=-12.00
  [diag] sat-dist hist bins=60 sat<0.05=0.0% mean=0.643 p10=0.542 p90=0.689
Iter 0038040: train nll 0.276, valid error 100.000%, best valid error 100.000%, avg grad norm  42.574, avg grad norm (post clip)   0.053, rho_Whh  1.13, Omega  0.00, alpha  0.000, steps in the past 0.000, valid nll 0.254
  [diag] log10|dL/dh_t| hist bins=60 range=(-12.50,-11.50) mean=-12.00 p50=-12.00 p05=-12.00 p95=-12.00
  [diag] sat-dist hist bins=60 sat<0.05=0.0% mean=0.643 p10=0.542 p90=0.689
Iter 0038060: train nll 0.309, valid error 100.000%, best valid error 100.000%, avg grad norm  39.312, avg grad norm (post clip)   0.053, rho_Whh  1.13, Omega  0.00, alpha  0.000, steps in the past 0.000, valid nll 0.254
  [diag] log10|dL/dh_t| hist bins=60 range=(-12.50,-11.50) mean=-12.00 p50=-12.00 p05=-12.00 p95=-12.00
  [diag] sat-dist hist bins=60 sat<0.05=0.0% mean=0.579 p10=0.531 p90=0.623
Iter 0038080: train nll 0.250, valid error 100.000%, best valid error 100.000%, avg grad norm  44.041, avg grad norm (post clip)   0.053, rho_Whh  1.13, Omega  0.00, alpha  0.000, steps in the past 0.000, valid nll 0.231
  [diag] log10|dL/dh_t| hist bins=60 range=(-12.50,-11.50) mean=-12.00 p50=-12.00 p05=-12.00 p95=-12.00
  [diag] sat-dist hist bins=60 sat<0.05=0.0% mean=0.625 p10=0.536 p90=0.685
Iter 0038100: train nll 0.301, valid error 100.000%, best valid error 100.000%, avg grad norm  45.909, avg grad norm (post clip)   0.053, rho_Whh  1.13, Omega  0.00, alpha  0.000, steps in the past 0.000, valid nll 0.225
  [diag] log10|dL/dh_t| hist bins=60 range=(-12.50,-11.50) mean=-12.00 p50=-12.00 p05=-12.00 p95=-12.00
  [diag] sat-dist hist bins=60 sat<0.05=0.0% mean=0.625 p10=0.536 p90=0.685
Iter 0038120: train nll 0.236, valid error 100.000%, best valid error 100.000%, avg grad norm  49.785, avg grad norm (post clip)   0.053, rho_Whh  1.13, Omega  0.00, alpha  0.000, steps in the past 0.000, valid nll 0.225
  [diag] log10|dL/dh_t| hist bins=60 range=(-12.50,-11.50) mean=-12.00 p50=-12.00 p05=-12.00 p95=-12.00
  [diag] sat-dist hist bins=60 sat<0.05=0.0% mean=0.643 p10=0.543 p90=0.688
Iter 0038140: train nll 0.299, valid error 100.000%, best valid error 100.000%, avg grad norm  46.182, avg grad norm (post clip)   0.053, rho_Whh  1.13, Omega  0.00, alpha  0.000, steps in the past 0.000, valid nll 0.254
  [diag] log10|dL/dh_t| hist bins=60 range=(-12.50,-11.50) mean=-12.00 p50=-12.00 p05=-12.00 p95=-12.00
  [diag] sat-dist hist bins=60 sat<0.05=0.0% mean=0.625 p10=0.537 p90=0.684
Iter 0038160: train nll 0.297, valid error 100.000%, best valid error 100.000%, avg grad norm  39.243, avg grad norm (post clip)   0.053, rho_Whh  1.13, Omega  0.00, alpha  0.000, steps in the past 0.000, valid nll 0.225
  [diag] log10|dL/dh_t| hist bins=60 range=(-12.50,-11.50) mean=-12.00 p50=-12.00 p05=-12.00 p95=-12.00
  [diag] sat-dist hist bins=60 sat<0.05=0.0% mean=0.643 p10=0.542 p90=0.688
Iter 0038180: train nll 0.300, valid error 100.000%, best valid error 100.000%, avg grad norm  34.945, avg grad norm (post clip)   0.053, rho_Whh  1.13, Omega  0.00, alpha  0.000, steps in the past 0.000, valid nll 0.253
  [diag] log10|dL/dh_t| hist bins=60 range=(-12.50,-11.50) mean=-12.00 p50=-12.00 p05=-12.00 p95=-12.00
  [diag] sat-dist hist bins=60 sat<0.05=0.0% mean=0.578 p10=0.531 p90=0.619
Iter 0038200: train nll 0.261, valid error 100.000%, best valid error 100.000%, avg grad norm  42.611, avg grad norm (post clip)   0.053, rho_Whh  1.13, Omega  0.00, alpha  0.000, steps in the past 0.000, valid nll 0.232
  [diag] log10|dL/dh_t| hist bins=60 range=(-12.50,-11.50) mean=-12.00 p50=-12.00 p05=-12.00 p95=-12.00
  [diag] sat-dist hist bins=60 sat<0.05=0.0% mean=0.636 p10=0.539 p90=0.688
Iter 0038220: train nll 0.278, valid error 100.000%, best valid error 100.000%, avg grad norm  42.258, avg grad norm (post clip)   0.053, rho_Whh  1.13, Omega  0.00, alpha  0.000, steps in the past 0.000, valid nll 0.240
  [diag] log10|dL/dh_t| hist bins=60 range=(-12.50,-11.50) mean=-12.00 p50=-12.00 p05=-12.00 p95=-12.00
  [diag] sat-dist hist bins=60 sat<0.05=0.0% mean=0.610 p10=0.533 p90=0.684
Iter 0038240: train nll 0.248, valid error 100.000%, best valid error 100.000%, avg grad norm  48.113, avg grad norm (post clip)   0.053, rho_Whh  1.13, Omega  0.00, alpha  0.000, steps in the past 0.000, valid nll 0.216
  [diag] log10|dL/dh_t| hist bins=60 range=(-12.50,-11.50) mean=-12.00 p50=-12.00 p05=-12.00 p95=-12.00
  [diag] sat-dist hist bins=60 sat<0.05=0.0% mean=0.610 p10=0.533 p90=0.684
Iter 0038260: train nll 0.286, valid error 100.000%, best valid error 100.000%, avg grad norm  49.832, avg grad norm (post clip)   0.053, rho_Whh  1.13, Omega  0.00, alpha  0.000, steps in the past 0.000, valid nll 0.216
  [diag] log10|dL/dh_t| hist bins=60 range=(-12.50,-11.50) mean=-12.00 p50=-12.00 p05=-12.00 p95=-12.00
  [diag] sat-dist hist bins=60 sat<0.05=0.0% mean=0.610 p10=0.533 p90=0.684
Iter 0038280: train nll 0.276, valid error 100.000%, best valid error 100.000%, avg grad norm  48.716, avg grad norm (post clip)   0.053, rho_Whh  1.13, Omega  0.00, alpha  0.000, steps in the past 0.000, valid nll 0.216
  [diag] log10|dL/dh_t| hist bins=60 range=(-12.50,-11.50) mean=-12.00 p50=-12.00 p05=-12.00 p95=-12.00
  [diag] sat-dist hist bins=60 sat<0.05=0.0% mean=0.635 p10=0.539 p90=0.687
Iter 0038300: train nll 0.287, valid error 100.000%, best valid error 100.000%, avg grad norm  36.891, avg grad norm (post clip)   0.053, rho_Whh  1.13, Omega  0.00, alpha  0.000, steps in the past 0.000, valid nll 0.238
  [diag] log10|dL/dh_t| hist bins=60 range=(-12.50,-11.50) mean=-12.00 p50=-12.00 p05=-12.00 p95=-12.00
  [diag] sat-dist hist bins=60 sat<0.05=0.0% mean=0.635 p10=0.539 p90=0.687
Iter 0038320: train nll 0.308, valid error 100.000%, best valid error 100.000%, avg grad norm  40.476, avg grad norm (post clip)   0.053, rho_Whh  1.13, Omega  0.00, alpha  0.000, steps in the past 0.000, valid nll 0.238
  [diag] log10|dL/dh_t| hist bins=60 range=(-12.50,-11.50) mean=-12.00 p50=-12.00 p05=-12.00 p95=-12.00
  [diag] sat-dist hist bins=60 sat<0.05=0.0% mean=0.606 p10=0.533 p90=0.683
Iter 0038340: train nll 0.286, valid error 100.000%, best valid error 100.000%, avg grad norm  41.152, avg grad norm (post clip)   0.053, rho_Whh  1.13, Omega  0.00, alpha  0.000, steps in the past 0.000, valid nll 0.216
  [diag] log10|dL/dh_t| hist bins=60 range=(-12.50,-11.50) mean=-12.00 p50=-12.00 p05=-12.00 p95=-12.00
  [diag] sat-dist hist bins=60 sat<0.05=0.0% mean=0.635 p10=0.539 p90=0.687
Iter 0038360: train nll 0.292, valid error 100.000%, best valid error 100.000%, avg grad norm  40.560, avg grad norm (post clip)   0.053, rho_Whh  1.13, Omega  0.00, alpha  0.000, steps in the past 0.000, valid nll 0.238
  [diag] log10|dL/dh_t| hist bins=60 range=(-12.50,-11.50) mean=-12.00 p50=-12.00 p05=-12.00 p95=-12.00
  [diag] sat-dist hist bins=60 sat<0.05=0.0% mean=0.609 p10=0.533 p90=0.683
Iter 0038380: train nll 0.313, valid error 100.000%, best valid error 100.000%, avg grad norm  41.723, avg grad norm (post clip)   0.053, rho_Whh  1.13, Omega  0.00, alpha  0.000, steps in the past 0.000, valid nll 0.216
  [diag] log10|dL/dh_t| hist bins=60 range=(-12.50,-11.50) mean=-12.00 p50=-12.00 p05=-12.00 p95=-12.00
  [diag] sat-dist hist bins=60 sat<0.05=0.0% mean=0.636 p10=0.539 p90=0.687
Iter 0038400: train nll 0.302, valid error 100.000%, best valid error 100.000%, avg grad norm  44.891, avg grad norm (post clip)   0.053, rho_Whh  1.13, Omega  0.00, alpha  0.000, steps in the past 0.000, valid nll 0.239
  [diag] log10|dL/dh_t| hist bins=60 range=(-12.50,-11.50) mean=-12.00 p50=-12.00 p05=-12.00 p95=-12.00
  [diag] sat-dist hist bins=60 sat<0.05=0.0% mean=0.609 p10=0.533 p90=0.683
Iter 0038420: train nll 0.269, valid error 100.000%, best valid error 100.000%, avg grad norm  38.562, avg grad norm (post clip)   0.053, rho_Whh  1.13, Omega  0.00, alpha  0.000, steps in the past 0.000, valid nll 0.216
  [diag] log10|dL/dh_t| hist bins=60 range=(-12.50,-11.50) mean=-12.00 p50=-12.00 p05=-12.00 p95=-12.00
  [diag] sat-dist hist bins=60 sat<0.05=0.0% mean=0.636 p10=0.539 p90=0.687
Iter 0038440: train nll 0.276, valid error 100.000%, best valid error 100.000%, avg grad norm  45.862, avg grad norm (post clip)   0.053, rho_Whh  1.13, Omega  0.00, alpha  0.000, steps in the past 0.000, valid nll 0.239
  [diag] log10|dL/dh_t| hist bins=60 range=(-12.50,-11.50) mean=-12.00 p50=-12.00 p05=-12.00 p95=-12.00
  [diag] sat-dist hist bins=60 sat<0.05=0.0% mean=0.610 p10=0.534 p90=0.683
Iter 0038460: train nll 0.293, valid error 100.000%, best valid error 100.000%, avg grad norm  35.777, avg grad norm (post clip)   0.053, rho_Whh  1.13, Omega  0.00, alpha  0.000, steps in the past 0.000, valid nll 0.216
  [diag] log10|dL/dh_t| hist bins=60 range=(-12.50,-11.50) mean=-12.00 p50=-12.00 p05=-12.00 p95=-12.00
  [diag] sat-dist hist bins=60 sat<0.05=0.0% mean=0.635 p10=0.539 p90=0.687
Iter 0038480: train nll 0.278, valid error 100.000%, best valid error 100.000%, avg grad norm  38.175, avg grad norm (post clip)   0.053, rho_Whh  1.13, Omega  0.00, alpha  0.000, steps in the past 0.000, valid nll 0.237
  [diag] log10|dL/dh_t| hist bins=60 range=(-12.50,-11.50) mean=-12.00 p50=-12.00 p05=-12.00 p95=-12.00
  [diag] sat-dist hist bins=60 sat<0.05=0.0% mean=0.635 p10=0.539 p90=0.687
Iter 0038500: train nll 0.300, valid error 100.000%, best valid error 100.000%, avg grad norm  40.630, avg grad norm (post clip)   0.053, rho_Whh  1.13, Omega  0.00, alpha  0.000, steps in the past 0.000, valid nll 0.237
  [diag] log10|dL/dh_t| hist bins=60 range=(-12.50,-11.50) mean=-12.00 p50=-12.00 p05=-12.00 p95=-12.00
  [diag] sat-dist hist bins=60 sat<0.05=0.0% mean=0.649 p10=0.545 p90=0.691
Iter 0038520: train nll 0.293, valid error 100.000%, best valid error 100.000%, avg grad norm  37.666, avg grad norm (post clip)   0.053, rho_Whh  1.13, Omega  0.00, alpha  0.000, steps in the past 0.000, valid nll 0.267
  [diag] log10|dL/dh_t| hist bins=60 range=(-12.50,-11.50) mean=-12.00 p50=-12.00 p05=-12.00 p95=-12.00
  [diag] sat-dist hist bins=60 sat<0.05=0.0% mean=0.634 p10=0.539 p90=0.687
Iter 0038540: train nll 0.291, valid error 100.000%, best valid error 100.000%, avg grad norm  41.367, avg grad norm (post clip)   0.053, rho_Whh  1.13, Omega  0.00, alpha  0.000, steps in the past 0.000, valid nll 0.237
  [diag] log10|dL/dh_t| hist bins=60 range=(-12.50,-11.50) mean=-12.00 p50=-12.00 p05=-12.00 p95=-12.00
  [diag] sat-dist hist bins=60 sat<0.05=0.0% mean=0.608 p10=0.533 p90=0.684
Iter 0038560: train nll 0.278, valid error 100.000%, best valid error 100.000%, avg grad norm  37.224, avg grad norm (post clip)   0.053, rho_Whh  1.13, Omega  0.00, alpha  0.000, steps in the past 0.000, valid nll 0.216
  [diag] log10|dL/dh_t| hist bins=60 range=(-12.50,-11.50) mean=-12.00 p50=-12.00 p05=-12.00 p95=-12.00
  [diag] sat-dist hist bins=60 sat<0.05=0.0% mean=0.636 p10=0.539 p90=0.688
Iter 0038580: train nll 0.232, valid error 100.000%, best valid error 100.000%, avg grad norm  56.144, avg grad norm (post clip)   0.053, rho_Whh  1.13, Omega  0.00, alpha  0.000, steps in the past 0.000, valid nll 0.239
  [diag] log10|dL/dh_t| hist bins=60 range=(-12.50,-11.50) mean=-12.00 p50=-12.00 p05=-12.00 p95=-12.00
  [diag] sat-dist hist bins=60 sat<0.05=0.0% mean=0.607 p10=0.533 p90=0.684
Iter 0038600: train nll 0.259, valid error 100.000%, best valid error 100.000%, avg grad norm  44.087, avg grad norm (post clip)   0.053, rho_Whh  1.13, Omega  0.00, alpha  0.000, steps in the past 0.000, valid nll 0.215
  [diag] log10|dL/dh_t| hist bins=60 range=(-12.50,-11.50) mean=-12.00 p50=-12.00 p05=-12.00 p95=-12.00
  [diag] sat-dist hist bins=60 sat<0.05=0.0% mean=0.635 p10=0.539 p90=0.688
Iter 0038620: train nll 0.300, valid error 100.000%, best valid error 100.000%, avg grad norm  43.653, avg grad norm (post clip)   0.053, rho_Whh  1.13, Omega  0.00, alpha  0.000, steps in the past 0.000, valid nll 0.238
  [diag] log10|dL/dh_t| hist bins=60 range=(-12.50,-11.50) mean=-12.00 p50=-12.00 p05=-12.00 p95=-12.00
  [diag] sat-dist hist bins=60 sat<0.05=0.0% mean=0.635 p10=0.539 p90=0.687
Iter 0038640: train nll 0.256, valid error 100.000%, best valid error 100.000%, avg grad norm  45.720, avg grad norm (post clip)   0.053, rho_Whh  1.13, Omega  0.00, alpha  0.000, steps in the past 0.000, valid nll 0.238
  [diag] log10|dL/dh_t| hist bins=60 range=(-12.50,-11.50) mean=-12.00 p50=-12.00 p05=-12.00 p95=-12.00
  [diag] sat-dist hist bins=60 sat<0.05=0.0% mean=0.635 p10=0.539 p90=0.687
Iter 0038660: train nll 0.262, valid error 100.000%, best valid error 100.000%, avg grad norm  43.993, avg grad norm (post clip)   0.053, rho_Whh  1.13, Omega  0.00, alpha  0.000, steps in the past 0.000, valid nll 0.238
  [diag] log10|dL/dh_t| hist bins=60 range=(-12.50,-11.50) mean=-12.00 p50=-12.00 p05=-12.00 p95=-12.00
  [diag] sat-dist hist bins=60 sat<0.05=0.0% mean=0.608 p10=0.533 p90=0.683
Iter 0038680: train nll 0.259, valid error 100.000%, best valid error 100.000%, avg grad norm  44.756, avg grad norm (post clip)   0.053, rho_Whh  1.13, Omega  0.00, alpha  0.000, steps in the past 0.000, valid nll 0.216
  [diag] log10|dL/dh_t| hist bins=60 range=(-12.50,-11.50) mean=-12.00 p50=-12.00 p05=-12.00 p95=-12.00
  [diag] sat-dist hist bins=60 sat<0.05=0.0% mean=0.649 p10=0.546 p90=0.690
Iter 0038700: train nll 0.292, valid error 100.000%, best valid error 100.000%, avg grad norm  52.454, avg grad norm (post clip)   0.053, rho_Whh  1.13, Omega  0.00, alpha  0.000, steps in the past 0.000, valid nll 0.268
  [diag] log10|dL/dh_t| hist bins=60 range=(-12.50,-11.50) mean=-12.00 p50=-12.00 p05=-12.00 p95=-12.00
  [diag] sat-dist hist bins=60 sat<0.05=0.0% mean=0.635 p10=0.539 p90=0.687
Iter 0038720: train nll 0.275, valid error 100.000%, best valid error 100.000%, avg grad norm  46.766, avg grad norm (post clip)   0.053, rho_Whh  1.13, Omega  0.00, alpha  0.000, steps in the past 0.000, valid nll 0.238
  [diag] log10|dL/dh_t| hist bins=60 range=(-12.50,-11.50) mean=-12.00 p50=-12.00 p05=-12.00 p95=-12.00
  [diag] sat-dist hist bins=60 sat<0.05=0.0% mean=0.649 p10=0.546 p90=0.690
Iter 0038740: train nll 0.279, valid error 100.000%, best valid error 100.000%, avg grad norm  39.084, avg grad norm (post clip)   0.053, rho_Whh  1.13, Omega  0.00, alpha  0.000, steps in the past 0.000, valid nll 0.268
  [diag] log10|dL/dh_t| hist bins=60 range=(-12.50,-11.50) mean=-12.00 p50=-12.00 p05=-12.00 p95=-12.00
  [diag] sat-dist hist bins=60 sat<0.05=0.0% mean=0.608 p10=0.533 p90=0.683
Iter 0038760: train nll 0.267, valid error 100.000%, best valid error 100.000%, avg grad norm  36.707, avg grad norm (post clip)   0.053, rho_Whh  1.13, Omega  0.00, alpha  0.000, steps in the past 0.000, valid nll 0.215
  [diag] log10|dL/dh_t| hist bins=60 range=(-12.50,-11.50) mean=-12.00 p50=-12.00 p05=-12.00 p95=-12.00
  [diag] sat-dist hist bins=60 sat<0.05=0.0% mean=0.597 p10=0.532 p90=0.672
Iter 0038780: train nll 0.273, valid error 100.000%, best valid error 100.000%, avg grad norm  38.017, avg grad norm (post clip)   0.053, rho_Whh  1.13, Omega  0.00, alpha  0.000, steps in the past 0.000, valid nll 0.216
  [diag] log10|dL/dh_t| hist bins=60 range=(-12.50,-11.50) mean=-12.00 p50=-12.00 p05=-12.00 p95=-12.00
  [diag] sat-dist hist bins=60 sat<0.05=0.0% mean=0.631 p10=0.537 p90=0.687
Iter 0038800: train nll 0.291, valid error 100.000%, best valid error 100.000%, avg grad norm  43.816, avg grad norm (post clip)   0.053, rho_Whh  1.13, Omega  0.00, alpha  0.000, steps in the past 0.000, valid nll 0.231
  [diag] log10|dL/dh_t| hist bins=60 range=(-12.50,-11.50) mean=-12.00 p50=-12.00 p05=-12.00 p95=-12.00
  [diag] sat-dist hist bins=60 sat<0.05=0.0% mean=0.628 p10=0.536 p90=0.687
Iter 0038820: train nll 0.302, valid error 100.000%, best valid error 100.000%, avg grad norm  33.675, avg grad norm (post clip)   0.053, rho_Whh  1.13, Omega  0.00, alpha  0.000, steps in the past 0.000, valid nll 0.228
  [diag] log10|dL/dh_t| hist bins=60 range=(-12.50,-11.50) mean=-12.00 p50=-12.00 p05=-12.00 p95=-12.00
  [diag] sat-dist hist bins=60 sat<0.05=0.0% mean=0.587 p10=0.531 p90=0.645
Iter 0038840: train nll 0.250, valid error 100.000%, best valid error 100.000%, avg grad norm  52.115, avg grad norm (post clip)   0.053, rho_Whh  1.13, Omega  0.00, alpha  0.000, steps in the past 0.000, valid nll 0.222
  [diag] log10|dL/dh_t| hist bins=60 range=(-12.50,-11.50) mean=-12.00 p50=-12.00 p05=-12.00 p95=-12.00
  [diag] sat-dist hist bins=60 sat<0.05=0.0% mean=0.582 p10=0.530 p90=0.635
Iter 0038860: train nll 0.288, valid error 100.000%, best valid error 100.000%, avg grad norm  41.773, avg grad norm (post clip)   0.053, rho_Whh  1.13, Omega  0.00, alpha  0.000, steps in the past 0.000, valid nll 0.226
  [diag] log10|dL/dh_t| hist bins=60 range=(-12.50,-11.50) mean=-12.00 p50=-12.00 p05=-12.00 p95=-12.00
  [diag] sat-dist hist bins=60 sat<0.05=0.0% mean=0.642 p10=0.540 p90=0.690
Iter 0038880: train nll 0.324, valid error 100.000%, best valid error 100.000%, avg grad norm  42.020, avg grad norm (post clip)   0.053, rho_Whh  1.13, Omega  0.00, alpha  0.000, steps in the past 0.000, valid nll 0.252
  [diag] log10|dL/dh_t| hist bins=60 range=(-12.50,-11.50) mean=-12.00 p50=-12.00 p05=-12.00 p95=-12.00
  [diag] sat-dist hist bins=60 sat<0.05=0.0% mean=0.622 p10=0.535 p90=0.687
Iter 0038900: train nll 0.274, valid error 100.000%, best valid error 100.000%, avg grad norm  45.701, avg grad norm (post clip)   0.053, rho_Whh  1.13, Omega  0.00, alpha  0.000, steps in the past 0.000, valid nll 0.222
  [diag] log10|dL/dh_t| hist bins=60 range=(-12.50,-11.50) mean=-12.00 p50=-12.00 p05=-12.00 p95=-12.00
  [diag] sat-dist hist bins=60 sat<0.05=0.0% mean=0.622 p10=0.535 p90=0.687
Iter 0038920: train nll 0.278, valid error 100.000%, best valid error 100.000%, avg grad norm  48.837, avg grad norm (post clip)   0.053, rho_Whh  1.13, Omega  0.00, alpha  0.000, steps in the past 0.000, valid nll 0.222
  [diag] log10|dL/dh_t| hist bins=60 range=(-12.50,-11.50) mean=-12.00 p50=-12.00 p05=-12.00 p95=-12.00
  [diag] sat-dist hist bins=60 sat<0.05=0.0% mean=0.641 p10=0.540 p90=0.690
Iter 0038940: train nll 0.276, valid error 100.000%, best valid error 100.000%, avg grad norm  40.491, avg grad norm (post clip)   0.053, rho_Whh  1.13, Omega  0.00, alpha  0.000, steps in the past 0.000, valid nll 0.249
  [diag] log10|dL/dh_t| hist bins=60 range=(-12.50,-11.50) mean=-12.00 p50=-12.00 p05=-12.00 p95=-12.00
  [diag] sat-dist hist bins=60 sat<0.05=0.0% mean=0.641 p10=0.540 p90=0.690
Iter 0038960: train nll 0.280, valid error 100.000%, best valid error 100.000%, avg grad norm  43.965, avg grad norm (post clip)   0.053, rho_Whh  1.13, Omega  0.00, alpha  0.000, steps in the past 0.000, valid nll 0.249
  [diag] log10|dL/dh_t| hist bins=60 range=(-12.50,-11.50) mean=-12.00 p50=-12.00 p05=-12.00 p95=-12.00
  [diag] sat-dist hist bins=60 sat<0.05=0.0% mean=0.641 p10=0.540 p90=0.690
Iter 0038980: train nll 0.291, valid error 100.000%, best valid error 100.000%, avg grad norm  42.275, avg grad norm (post clip)   0.053, rho_Whh  1.13, Omega  0.00, alpha  0.000, steps in the past 0.000, valid nll 0.249
  [diag] log10|dL/dh_t| hist bins=60 range=(-12.50,-11.50) mean=-12.00 p50=-12.00 p05=-12.00 p95=-12.00
  [diag] sat-dist hist bins=60 sat<0.05=0.0% mean=0.620 p10=0.534 p90=0.686
Iter 0039000: train nll 0.284, valid error 100.000%, best valid error 100.000%, avg grad norm  42.261, avg grad norm (post clip)   0.053, rho_Whh  1.13, Omega  0.00, alpha  0.000, steps in the past 0.000, valid nll 0.220
  [diag] log10|dL/dh_t| hist bins=60 range=(-12.50,-11.50) mean=-12.00 p50=-12.00 p05=-12.00 p95=-12.00
  [diag] sat-dist hist bins=60 sat<0.05=0.0% mean=0.620 p10=0.534 p90=0.686
Iter 0039020: train nll 0.264, valid error 100.000%, best valid error 100.000%, avg grad norm  48.846, avg grad norm (post clip)   0.053, rho_Whh  1.13, Omega  0.00, alpha  0.000, steps in the past 0.000, valid nll 0.220
  [diag] log10|dL/dh_t| hist bins=60 range=(-12.50,-11.50) mean=-12.00 p50=-12.00 p05=-12.00 p95=-12.00
  [diag] sat-dist hist bins=60 sat<0.05=0.0% mean=0.641 p10=0.540 p90=0.690
Iter 0039040: train nll 0.292, valid error 100.000%, best valid error 100.000%, avg grad norm  43.944, avg grad norm (post clip)   0.053, rho_Whh  1.13, Omega  0.00, alpha  0.000, steps in the past 0.000, valid nll 0.249
  [diag] log10|dL/dh_t| hist bins=60 range=(-12.50,-11.50) mean=-12.00 p50=-12.00 p05=-12.00 p95=-12.00
  [diag] sat-dist hist bins=60 sat<0.05=0.0% mean=0.641 p10=0.540 p90=0.690
Iter 0039060: train nll 0.308, valid error 100.000%, best valid error 100.000%, avg grad norm  42.463, avg grad norm (post clip)   0.053, rho_Whh  1.13, Omega  0.00, alpha  0.000, steps in the past 0.000, valid nll 0.249
  [diag] log10|dL/dh_t| hist bins=60 range=(-12.50,-11.50) mean=-12.00 p50=-12.00 p05=-12.00 p95=-12.00
  [diag] sat-dist hist bins=60 sat<0.05=0.0% mean=0.641 p10=0.540 p90=0.690
Iter 0039080: train nll 0.273, valid error 100.000%, best valid error 100.000%, avg grad norm  43.535, avg grad norm (post clip)   0.053, rho_Whh  1.13, Omega  0.00, alpha  0.000, steps in the past 0.000, valid nll 0.248
  [diag] log10|dL/dh_t| hist bins=60 range=(-12.50,-11.50) mean=-12.00 p50=-12.00 p05=-12.00 p95=-12.00
  [diag] sat-dist hist bins=60 sat<0.05=0.0% mean=0.641 p10=0.540 p90=0.690
Iter 0039100: train nll 0.278, valid error 100.000%, best valid error 100.000%, avg grad norm  42.917, avg grad norm (post clip)   0.053, rho_Whh  1.13, Omega  0.00, alpha  0.000, steps in the past 0.000, valid nll 0.248
  [diag] log10|dL/dh_t| hist bins=60 range=(-12.50,-11.50) mean=-12.00 p50=-12.00 p05=-12.00 p95=-12.00
  [diag] sat-dist hist bins=60 sat<0.05=0.0% mean=0.620 p10=0.534 p90=0.686
Iter 0039120: train nll 0.287, valid error 100.000%, best valid error 100.000%, avg grad norm  38.367, avg grad norm (post clip)   0.053, rho_Whh  1.13, Omega  0.00, alpha  0.000, steps in the past 0.000, valid nll 0.220
  [diag] log10|dL/dh_t| hist bins=60 range=(-12.50,-11.50) mean=-12.00 p50=-12.00 p05=-12.00 p95=-12.00
  [diag] sat-dist hist bins=60 sat<0.05=0.0% mean=0.620 p10=0.534 p90=0.686
Iter 0039140: train nll 0.294, valid error 100.000%, best valid error 100.000%, avg grad norm  40.726, avg grad norm (post clip)   0.053, rho_Whh  1.13, Omega  0.00, alpha  0.000, steps in the past 0.000, valid nll 0.220
  [diag] log10|dL/dh_t| hist bins=60 range=(-12.50,-11.50) mean=-12.00 p50=-12.00 p05=-12.00 p95=-12.00
  [diag] sat-dist hist bins=60 sat<0.05=0.0% mean=0.620 p10=0.535 p90=0.686
Iter 0039160: train nll 0.276, valid error 100.000%, best valid error 100.000%, avg grad norm  45.572, avg grad norm (post clip)   0.053, rho_Whh  1.13, Omega  0.00, alpha  0.000, steps in the past 0.000, valid nll 0.220
  [diag] log10|dL/dh_t| hist bins=60 range=(-12.50,-11.50) mean=-12.00 p50=-12.00 p05=-12.00 p95=-12.00
  [diag] sat-dist hist bins=60 sat<0.05=0.0% mean=0.620 p10=0.535 p90=0.685
Iter 0039180: train nll 0.292, valid error 100.000%, best valid error 100.000%, avg grad norm  49.547, avg grad norm (post clip)   0.053, rho_Whh  1.13, Omega  0.00, alpha  0.000, steps in the past 0.000, valid nll 0.220
  [diag] log10|dL/dh_t| hist bins=60 range=(-12.50,-11.50) mean=-12.00 p50=-12.00 p05=-12.00 p95=-12.00
  [diag] sat-dist hist bins=60 sat<0.05=0.0% mean=0.641 p10=0.541 p90=0.689
Iter 0039200: train nll 0.287, valid error 100.000%, best valid error 100.000%, avg grad norm  38.236, avg grad norm (post clip)   0.053, rho_Whh  1.13, Omega  0.00, alpha  0.000, steps in the past 0.000, valid nll 0.248
  [diag] log10|dL/dh_t| hist bins=60 range=(-12.50,-11.50) mean=-12.00 p50=-12.00 p05=-12.00 p95=-12.00
  [diag] sat-dist hist bins=60 sat<0.05=0.0% mean=0.620 p10=0.535 p90=0.685
Iter 0039220: train nll 0.298, valid error 100.000%, best valid error 100.000%, avg grad norm  37.976, avg grad norm (post clip)   0.053, rho_Whh  1.13, Omega  0.00, alpha  0.000, steps in the past 0.000, valid nll 0.220
  [diag] log10|dL/dh_t| hist bins=60 range=(-12.50,-11.50) mean=-12.00 p50=-12.00 p05=-12.00 p95=-12.00
  [diag] sat-dist hist bins=60 sat<0.05=0.0% mean=0.641 p10=0.541 p90=0.689
Iter 0039240: train nll 0.292, valid error 100.000%, best valid error 100.000%, avg grad norm  38.447, avg grad norm (post clip)   0.053, rho_Whh  1.13, Omega  0.00, alpha  0.000, steps in the past 0.000, valid nll 0.248
  [diag] log10|dL/dh_t| hist bins=60 range=(-12.50,-11.50) mean=-12.00 p50=-12.00 p05=-12.00 p95=-12.00
  [diag] sat-dist hist bins=60 sat<0.05=0.0% mean=0.620 p10=0.535 p90=0.685
Iter 0039260: train nll 0.283, valid error 100.000%, best valid error 100.000%, avg grad norm  41.746, avg grad norm (post clip)   0.053, rho_Whh  1.13, Omega  0.00, alpha  0.000, steps in the past 0.000, valid nll 0.220
  [diag] log10|dL/dh_t| hist bins=60 range=(-12.50,-11.50) mean=-12.00 p50=-12.00 p05=-12.00 p95=-12.00
  [diag] sat-dist hist bins=60 sat<0.05=0.0% mean=0.621 p10=0.536 p90=0.684
Iter 0039280: train nll 0.292, valid error 100.000%, best valid error 100.000%, avg grad norm  38.536, avg grad norm (post clip)   0.053, rho_Whh  1.13, Omega  0.00, alpha  0.000, steps in the past 0.000, valid nll 0.220
  [diag] log10|dL/dh_t| hist bins=60 range=(-12.50,-11.50) mean=-12.00 p50=-12.00 p05=-12.00 p95=-12.00
  [diag] sat-dist hist bins=60 sat<0.05=0.0% mean=0.621 p10=0.536 p90=0.684
Iter 0039300: train nll 0.260, valid error 100.000%, best valid error 100.000%, avg grad norm  47.496, avg grad norm (post clip)   0.053, rho_Whh  1.13, Omega  0.00, alpha  0.000, steps in the past 0.000, valid nll 0.220
  [diag] log10|dL/dh_t| hist bins=60 range=(-12.50,-11.50) mean=-12.00 p50=-12.00 p05=-12.00 p95=-12.00
  [diag] sat-dist hist bins=60 sat<0.05=0.0% mean=0.572 p10=0.530 p90=0.599
Iter 0039320: train nll 0.266, valid error 100.000%, best valid error 100.000%, avg grad norm  44.042, avg grad norm (post clip)   0.053, rho_Whh  1.13, Omega  0.00, alpha  0.000, steps in the past 0.000, valid nll 0.239
  [diag] log10|dL/dh_t| hist bins=60 range=(-12.50,-11.50) mean=-12.00 p50=-12.00 p05=-12.00 p95=-12.00
  [diag] sat-dist hist bins=60 sat<0.05=0.0% mean=0.620 p10=0.535 p90=0.684
Iter 0039340: train nll 0.292, valid error 100.000%, best valid error 100.000%, avg grad norm  37.322, avg grad norm (post clip)   0.053, rho_Whh  1.13, Omega  0.00, alpha  0.000, steps in the past 0.000, valid nll 0.219
  [diag] log10|dL/dh_t| hist bins=60 range=(-12.50,-11.50) mean=-12.00 p50=-12.00 p05=-12.00 p95=-12.00
  [diag] sat-dist hist bins=60 sat<0.05=0.0% mean=0.619 p10=0.535 p90=0.684
Iter 0039360: train nll 0.241, valid error 100.000%, best valid error 100.000%, avg grad norm  49.172, avg grad norm (post clip)   0.053, rho_Whh  1.13, Omega  0.00, alpha  0.000, steps in the past 0.000, valid nll 0.219
  [diag] log10|dL/dh_t| hist bins=60 range=(-12.50,-11.50) mean=-12.00 p50=-12.00 p05=-12.00 p95=-12.00
  [diag] sat-dist hist bins=60 sat<0.05=0.0% mean=0.619 p10=0.535 p90=0.685
Iter 0039380: train nll 0.266, valid error 100.000%, best valid error 100.000%, avg grad norm  45.693, avg grad norm (post clip)   0.053, rho_Whh  1.13, Omega  0.00, alpha  0.000, steps in the past 0.000, valid nll 0.219
  [diag] log10|dL/dh_t| hist bins=60 range=(-12.50,-11.50) mean=-12.00 p50=-12.00 p05=-12.00 p95=-12.00
  [diag] sat-dist hist bins=60 sat<0.05=0.0% mean=0.640 p10=0.541 p90=0.688
Iter 0039400: train nll 0.281, valid error 100.000%, best valid error 100.000%, avg grad norm  44.291, avg grad norm (post clip)   0.053, rho_Whh  1.13, Omega  0.00, alpha  0.000, steps in the past 0.000, valid nll 0.245
  [diag] log10|dL/dh_t| hist bins=60 range=(-12.50,-11.50) mean=-12.00 p50=-12.00 p05=-12.00 p95=-12.00
  [diag] sat-dist hist bins=60 sat<0.05=0.0% mean=0.652 p10=0.547 p90=0.692
Iter 0039420: train nll 0.321, valid error 100.000%, best valid error 100.000%, avg grad norm  36.835, avg grad norm (post clip)   0.053, rho_Whh  1.13, Omega  0.00, alpha  0.000, steps in the past 0.000, valid nll 0.274
  [diag] log10|dL/dh_t| hist bins=60 range=(-12.50,-11.50) mean=-12.00 p50=-12.00 p05=-12.00 p95=-12.00
  [diag] sat-dist hist bins=60 sat<0.05=0.0% mean=0.618 p10=0.535 p90=0.684
Iter 0039440: train nll 0.277, valid error 100.000%, best valid error 100.000%, avg grad norm  35.165, avg grad norm (post clip)   0.053, rho_Whh  1.13, Omega  0.00, alpha  0.000, steps in the past 0.000, valid nll 0.218
  [diag] log10|dL/dh_t| hist bins=60 range=(-12.50,-11.50) mean=-12.00 p50=-12.00 p05=-12.00 p95=-12.00
  [diag] sat-dist hist bins=60 sat<0.05=0.0% mean=0.618 p10=0.535 p90=0.684
Iter 0039460: train nll 0.240, valid error 100.000%, best valid error 100.000%, avg grad norm  48.895, avg grad norm (post clip)   0.053, rho_Whh  1.13, Omega  0.00, alpha  0.000, steps in the past 0.000, valid nll 0.218
  [diag] log10|dL/dh_t| hist bins=60 range=(-12.50,-11.50) mean=-12.00 p50=-12.00 p05=-12.00 p95=-12.00
  [diag] sat-dist hist bins=60 sat<0.05=0.0% mean=0.618 p10=0.535 p90=0.684
Iter 0039480: train nll 0.243, valid error 100.000%, best valid error 100.000%, avg grad norm  43.761, avg grad norm (post clip)   0.053, rho_Whh  1.13, Omega  0.00, alpha  0.000, steps in the past 0.000, valid nll 0.218
  [diag] log10|dL/dh_t| hist bins=60 range=(-12.50,-11.50) mean=-12.00 p50=-12.00 p05=-12.00 p95=-12.00
  [diag] sat-dist hist bins=60 sat<0.05=0.0% mean=0.617 p10=0.535 p90=0.684
Iter 0039500: train nll 0.296, valid error 100.000%, best valid error 100.000%, avg grad norm  43.291, avg grad norm (post clip)   0.053, rho_Whh  1.13, Omega  0.00, alpha  0.000, steps in the past 0.000, valid nll 0.218
  [diag] log10|dL/dh_t| hist bins=60 range=(-12.50,-11.50) mean=-12.00 p50=-12.00 p05=-12.00 p95=-12.00
  [diag] sat-dist hist bins=60 sat<0.05=0.0% mean=0.618 p10=0.535 p90=0.684
Iter 0039520: train nll 0.303, valid error 100.000%, best valid error 100.000%, avg grad norm  44.184, avg grad norm (post clip)   0.053, rho_Whh  1.13, Omega  0.00, alpha  0.000, steps in the past 0.000, valid nll 0.218
  [diag] log10|dL/dh_t| hist bins=60 range=(-12.50,-11.50) mean=-12.00 p50=-12.00 p05=-12.00 p95=-12.00
  [diag] sat-dist hist bins=60 sat<0.05=0.0% mean=0.640 p10=0.541 p90=0.688
Iter 0039540: train nll 0.268, valid error 100.000%, best valid error 100.000%, avg grad norm  50.156, avg grad norm (post clip)   0.053, rho_Whh  1.13, Omega  0.00, alpha  0.000, steps in the past 0.000, valid nll 0.244
  [diag] log10|dL/dh_t| hist bins=60 range=(-12.50,-11.50) mean=-12.00 p50=-12.00 p05=-12.00 p95=-12.00
  [diag] sat-dist hist bins=60 sat<0.05=0.0% mean=0.625 p10=0.536 p90=0.685
Iter 0039560: train nll 0.293, valid error 100.000%, best valid error 100.000%, avg grad norm  36.060, avg grad norm (post clip)   0.053, rho_Whh  1.13, Omega  0.00, alpha  0.000, steps in the past 0.000, valid nll 0.223
  [diag] log10|dL/dh_t| hist bins=60 range=(-12.50,-11.50) mean=-12.00 p50=-12.00 p05=-12.00 p95=-12.00
  [diag] sat-dist hist bins=60 sat<0.05=0.0% mean=0.579 p10=0.531 p90=0.621
Iter 0039580: train nll 0.278, valid error 100.000%, best valid error 100.000%, avg grad norm  46.231, avg grad norm (post clip)   0.053, rho_Whh  1.13, Omega  0.00, alpha  0.000, steps in the past 0.000, valid nll 0.231
  [diag] log10|dL/dh_t| hist bins=60 range=(-12.50,-11.50) mean=-12.00 p50=-12.00 p05=-12.00 p95=-12.00
  [diag] sat-dist hist bins=60 sat<0.05=0.0% mean=0.579 p10=0.531 p90=0.623
Iter 0039600: train nll 0.262, valid error 100.000%, best valid error 100.000%, avg grad norm  45.809, avg grad norm (post clip)   0.053, rho_Whh  1.13, Omega  0.00, alpha  0.000, steps in the past 0.000, valid nll 0.230
  [diag] log10|dL/dh_t| hist bins=60 range=(-12.50,-11.50) mean=-12.00 p50=-12.00 p05=-12.00 p95=-12.00
  [diag] sat-dist hist bins=60 sat<0.05=0.0% mean=0.625 p10=0.536 p90=0.686
Iter 0039620: train nll 0.260, valid error 100.000%, best valid error 100.000%, avg grad norm  43.306, avg grad norm (post clip)   0.053, rho_Whh  1.13, Omega  0.00, alpha  0.000, steps in the past 0.000, valid nll 0.223
  [diag] log10|dL/dh_t| hist bins=60 range=(-12.50,-11.50) mean=-12.00 p50=-12.00 p05=-12.00 p95=-12.00
  [diag] sat-dist hist bins=60 sat<0.05=0.0% mean=0.631 p10=0.537 p90=0.688
Iter 0039640: train nll 0.307, valid error 100.000%, best valid error 100.000%, avg grad norm  39.394, avg grad norm (post clip)   0.053, rho_Whh  1.13, Omega  0.00, alpha  0.000, steps in the past 0.000, valid nll 0.230
  [diag] log10|dL/dh_t| hist bins=60 range=(-12.50,-11.50) mean=-12.00 p50=-12.00 p05=-12.00 p95=-12.00
  [diag] sat-dist hist bins=60 sat<0.05=0.0% mean=0.594 p10=0.531 p90=0.667
Iter 0039660: train nll 0.266, valid error 100.000%, best valid error 100.000%, avg grad norm  43.632, avg grad norm (post clip)   0.053, rho_Whh  1.13, Omega  0.00, alpha  0.000, steps in the past 0.000, valid nll 0.217
  [diag] log10|dL/dh_t| hist bins=60 range=(-12.50,-11.50) mean=-12.00 p50=-12.00 p05=-12.00 p95=-12.00
  [diag] sat-dist hist bins=60 sat<0.05=0.0% mean=0.647 p10=0.543 p90=0.691
Iter 0039680: train nll 0.305, valid error 100.000%, best valid error 100.000%, avg grad norm  36.867, avg grad norm (post clip)   0.053, rho_Whh  1.13, Omega  0.00, alpha  0.000, steps in the past 0.000, valid nll 0.261
  [diag] log10|dL/dh_t| hist bins=60 range=(-12.50,-11.50) mean=-12.00 p50=-12.00 p05=-12.00 p95=-12.00
  [diag] sat-dist hist bins=60 sat<0.05=0.0% mean=0.632 p10=0.537 p90=0.688
Iter 0039700: train nll 0.302, valid error 100.000%, best valid error 100.000%, avg grad norm  37.435, avg grad norm (post clip)   0.053, rho_Whh  1.13, Omega  0.00, alpha  0.000, steps in the past 0.000, valid nll 0.232
  [diag] log10|dL/dh_t| hist bins=60 range=(-12.50,-11.50) mean=-12.00 p50=-12.00 p05=-12.00 p95=-12.00
  [diag] sat-dist hist bins=60 sat<0.05=0.0% mean=0.597 p10=0.532 p90=0.674
Iter 0039720: train nll 0.295, valid error 100.000%, best valid error 100.000%, avg grad norm  45.781, avg grad norm (post clip)   0.053, rho_Whh  1.13, Omega  0.00, alpha  0.000, steps in the past 0.000, valid nll 0.215
  [diag] log10|dL/dh_t| hist bins=60 range=(-12.50,-11.50) mean=-12.00 p50=-12.00 p05=-12.00 p95=-12.00
  [diag] sat-dist hist bins=60 sat<0.05=0.0% mean=0.632 p10=0.538 p90=0.688
Iter 0039740: train nll 0.304, valid error 100.000%, best valid error 100.000%, avg grad norm  44.418, avg grad norm (post clip)   0.053, rho_Whh  1.13, Omega  0.00, alpha  0.000, steps in the past 0.000, valid nll 0.232
  [diag] log10|dL/dh_t| hist bins=60 range=(-12.50,-11.50) mean=-12.00 p50=-12.00 p05=-12.00 p95=-12.00
  [diag] sat-dist hist bins=60 sat<0.05=0.0% mean=0.633 p10=0.538 p90=0.688
Iter 0039760: train nll 0.259, valid error 100.000%, best valid error 100.000%, avg grad norm  42.096, avg grad norm (post clip)   0.053, rho_Whh  1.13, Omega  0.00, alpha  0.000, steps in the past 0.000, valid nll 0.234
  [diag] log10|dL/dh_t| hist bins=60 range=(-12.50,-11.50) mean=-12.00 p50=-12.00 p05=-12.00 p95=-12.00
  [diag] sat-dist hist bins=60 sat<0.05=0.0% mean=0.624 p10=0.535 p90=0.687
Iter 0039780: train nll 0.278, valid error 100.000%, best valid error 100.000%, avg grad norm  43.970, avg grad norm (post clip)   0.053, rho_Whh  1.13, Omega  0.00, alpha  0.000, steps in the past 0.000, valid nll 0.223
  [diag] log10|dL/dh_t| hist bins=60 range=(-12.50,-11.50) mean=-12.00 p50=-12.00 p05=-12.00 p95=-12.00
  [diag] sat-dist hist bins=60 sat<0.05=0.0% mean=0.624 p10=0.535 p90=0.687
Iter 0039800: train nll 0.288, valid error 100.000%, best valid error 100.000%, avg grad norm  44.575, avg grad norm (post clip)   0.053, rho_Whh  1.13, Omega  0.00, alpha  0.000, steps in the past 0.000, valid nll 0.223
  [diag] log10|dL/dh_t| hist bins=60 range=(-12.50,-11.50) mean=-12.00 p50=-12.00 p05=-12.00 p95=-12.00
  [diag] sat-dist hist bins=60 sat<0.05=0.0% mean=0.624 p10=0.535 p90=0.687
Iter 0039820: train nll 0.270, valid error 100.000%, best valid error 100.000%, avg grad norm  50.722, avg grad norm (post clip)   0.053, rho_Whh  1.13, Omega  0.00, alpha  0.000, steps in the past 0.000, valid nll 0.223
  [diag] log10|dL/dh_t| hist bins=60 range=(-12.50,-11.50) mean=-12.00 p50=-12.00 p05=-12.00 p95=-12.00
  [diag] sat-dist hist bins=60 sat<0.05=0.0% mean=0.574 p10=0.530 p90=0.610
Iter 0039840: train nll 0.273, valid error 100.000%, best valid error 100.000%, avg grad norm  45.905, avg grad norm (post clip)   0.053, rho_Whh  1.13, Omega  0.00, alpha  0.000, steps in the past 0.000, valid nll 0.234
  [diag] log10|dL/dh_t| hist bins=60 range=(-12.50,-11.50) mean=-12.00 p50=-12.00 p05=-12.00 p95=-12.00
  [diag] sat-dist hist bins=60 sat<0.05=0.0% mean=0.575 p10=0.530 p90=0.610
Iter 0039860: train nll 0.252, valid error 100.000%, best valid error 100.000%, avg grad norm  58.245, avg grad norm (post clip)   0.053, rho_Whh  1.13, Omega  0.00, alpha  0.000, steps in the past 0.000, valid nll 0.234
  [diag] log10|dL/dh_t| hist bins=60 range=(-12.50,-11.50) mean=-12.00 p50=-12.00 p05=-12.00 p95=-12.00
  [diag] sat-dist hist bins=60 sat<0.05=0.0% mean=0.624 p10=0.535 p90=0.686
Iter 0039880: train nll 0.300, valid error 100.000%, best valid error 100.000%, avg grad norm  47.199, avg grad norm (post clip)   0.053, rho_Whh  1.13, Omega  0.00, alpha  0.000, steps in the past 0.000, valid nll 0.222
  [diag] log10|dL/dh_t| hist bins=60 range=(-12.50,-11.50) mean=-12.00 p50=-12.00 p05=-12.00 p95=-12.00
  [diag] sat-dist hist bins=60 sat<0.05=0.0% mean=0.624 p10=0.536 p90=0.686
Iter 0039900: train nll 0.283, valid error 100.000%, best valid error 100.000%, avg grad norm  44.761, avg grad norm (post clip)   0.053, rho_Whh  1.13, Omega  0.00, alpha  0.000, steps in the past 0.000, valid nll 0.222
  [diag] log10|dL/dh_t| hist bins=60 range=(-12.50,-11.50) mean=-12.00 p50=-12.00 p05=-12.00 p95=-12.00
  [diag] sat-dist hist bins=60 sat<0.05=0.0% mean=0.624 p10=0.536 p90=0.686
Iter 0039920: train nll 0.247, valid error 100.000%, best valid error 100.000%, avg grad norm  51.982, avg grad norm (post clip)   0.053, rho_Whh  1.13, Omega  0.00, alpha  0.000, steps in the past 0.000, valid nll 0.222
  [diag] log10|dL/dh_t| hist bins=60 range=(-12.50,-11.50) mean=-12.00 p50=-12.00 p05=-12.00 p95=-12.00
  [diag] sat-dist hist bins=60 sat<0.05=0.0% mean=0.644 p10=0.542 p90=0.690
Iter 0039940: train nll 0.291, valid error 100.000%, best valid error 100.000%, avg grad norm  44.759, avg grad norm (post clip)   0.053, rho_Whh  1.13, Omega  0.00, alpha  0.000, steps in the past 0.000, valid nll 0.254
  [diag] log10|dL/dh_t| hist bins=60 range=(-12.50,-11.50) mean=-12.00 p50=-12.00 p05=-12.00 p95=-12.00
  [diag] sat-dist hist bins=60 sat<0.05=0.0% mean=0.632 p10=0.537 p90=0.688
Iter 0039960: train nll 0.276, valid error 100.000%, best valid error 100.000%, avg grad norm  39.882, avg grad norm (post clip)   0.053, rho_Whh  1.13, Omega  0.00, alpha  0.000, steps in the past 0.000, valid nll 0.231
  [diag] log10|dL/dh_t| hist bins=60 range=(-12.50,-11.50) mean=-12.00 p50=-12.00 p05=-12.00 p95=-12.00
  [diag] sat-dist hist bins=60 sat<0.05=0.0% mean=0.632 p10=0.537 p90=0.688
Iter 0039980: train nll 0.302, valid error 100.000%, best valid error 100.000%, avg grad norm  40.400, avg grad norm (post clip)   0.053, rho_Whh  1.13, Omega  0.00, alpha  0.000, steps in the past 0.000, valid nll 0.231
  [diag] log10|dL/dh_t| hist bins=60 range=(-12.50,-11.50) mean=-12.00 p50=-12.00 p05=-12.00 p95=-12.00
  [diag] sat-dist hist bins=60 sat<0.05=0.0% mean=0.632 p10=0.537 p90=0.688
Iter 0040000: train nll 0.253, valid error 100.000%, best valid error 100.000%, avg grad norm  49.767, avg grad norm (post clip)   0.053, rho_Whh  1.13, Omega  0.00, alpha  0.000, steps in the past 0.000, valid nll 0.231
  [diag] log10|dL/dh_t| hist bins=60 range=(-12.50,-11.50) mean=-12.00 p50=-12.00 p05=-12.00 p95=-12.00
  [diag] sat-dist hist bins=60 sat<0.05=0.0% mean=0.597 p10=0.531 p90=0.674
Iter 0040020: train nll 0.241, valid error 100.000%, best valid error 100.000%, avg grad norm  43.563, avg grad norm (post clip)   0.053, rho_Whh  1.13, Omega  0.00, alpha  0.000, steps in the past 0.000, valid nll 0.215
  [diag] log10|dL/dh_t| hist bins=60 range=(-12.50,-11.50) mean=-12.00 p50=-12.00 p05=-12.00 p95=-12.00
  [diag] sat-dist hist bins=60 sat<0.05=0.0% mean=0.631 p10=0.537 p90=0.688
Iter 0040040: train nll 0.285, valid error 100.000%, best valid error 100.000%, avg grad norm  38.358, avg grad norm (post clip)   0.053, rho_Whh  1.13, Omega  0.00, alpha  0.000, steps in the past 0.000, valid nll 0.231
  [diag] log10|dL/dh_t| hist bins=60 range=(-12.50,-11.50) mean=-12.00 p50=-12.00 p05=-12.00 p95=-12.00
  [diag] sat-dist hist bins=60 sat<0.05=0.0% mean=0.647 p10=0.543 p90=0.692
Iter 0040060: train nll 0.251, valid error 100.000%, best valid error 100.000%, avg grad norm  47.775, avg grad norm (post clip)   0.053, rho_Whh  1.13, Omega  0.00, alpha  0.000, steps in the past 0.000, valid nll 0.261
  [diag] log10|dL/dh_t| hist bins=60 range=(-12.50,-11.50) mean=-12.00 p50=-12.00 p05=-12.00 p95=-12.00
  [diag] sat-dist hist bins=60 sat<0.05=0.0% mean=0.631 p10=0.537 p90=0.688
Iter 0040080: train nll 0.288, valid error 100.000%, best valid error 100.000%, avg grad norm  42.989, avg grad norm (post clip)   0.053, rho_Whh  1.13, Omega  0.00, alpha  0.000, steps in the past 0.000, valid nll 0.230
  [diag] log10|dL/dh_t| hist bins=60 range=(-12.50,-11.50) mean=-12.00 p50=-12.00 p05=-12.00 p95=-12.00
  [diag] sat-dist hist bins=60 sat<0.05=0.0% mean=0.608 p10=0.532 p90=0.685
Iter 0040100: train nll 0.279, valid error 100.000%, best valid error 100.000%, avg grad norm  47.354, avg grad norm (post clip)   0.053, rho_Whh  1.13, Omega  0.00, alpha  0.000, steps in the past 0.000, valid nll 0.214
  [diag] log10|dL/dh_t| hist bins=60 range=(-12.50,-11.50) mean=-12.00 p50=-12.00 p05=-12.00 p95=-12.00
  [diag] sat-dist hist bins=60 sat<0.05=0.0% mean=0.636 p10=0.538 p90=0.689
Iter 0040120: train nll 0.281, valid error 100.000%, best valid error 100.000%, avg grad norm  44.828, avg grad norm (post clip)   0.053, rho_Whh  1.13, Omega  0.00, alpha  0.000, steps in the past 0.000, valid nll 0.238
  [diag] log10|dL/dh_t| hist bins=60 range=(-12.50,-11.50) mean=-12.00 p50=-12.00 p05=-12.00 p95=-12.00
  [diag] sat-dist hist bins=60 sat<0.05=0.0% mean=0.609 p10=0.533 p90=0.685
Iter 0040140: train nll 0.297, valid error 100.000%, best valid error 100.000%, avg grad norm  40.483, avg grad norm (post clip)   0.053, rho_Whh  1.13, Omega  0.00, alpha  0.000, steps in the past 0.000, valid nll 0.215
  [diag] log10|dL/dh_t| hist bins=60 range=(-12.50,-11.50) mean=-12.00 p50=-12.00 p05=-12.00 p95=-12.00
  [diag] sat-dist hist bins=60 sat<0.05=0.0% mean=0.636 p10=0.539 p90=0.689
Iter 0040160: train nll 0.296, valid error 100.000%, best valid error 100.000%, avg grad norm  40.354, avg grad norm (post clip)   0.053, rho_Whh  1.13, Omega  0.00, alpha  0.000, steps in the past 0.000, valid nll 0.237
  [diag] log10|dL/dh_t| hist bins=60 range=(-12.50,-11.50) mean=-12.00 p50=-12.00 p05=-12.00 p95=-12.00
  [diag] sat-dist hist bins=60 sat<0.05=0.0% mean=0.636 p10=0.539 p90=0.688
Iter 0040180: train nll 0.300, valid error 100.000%, best valid error 100.000%, avg grad norm  45.868, avg grad norm (post clip)   0.053, rho_Whh  1.13, Omega  0.00, alpha  0.000, steps in the past 0.000, valid nll 0.237
  [diag] log10|dL/dh_t| hist bins=60 range=(-12.50,-11.50) mean=-12.00 p50=-12.00 p05=-12.00 p95=-12.00
  [diag] sat-dist hist bins=60 sat<0.05=0.0% mean=0.636 p10=0.539 p90=0.688
Iter 0040200: train nll 0.265, valid error 100.000%, best valid error 100.000%, avg grad norm  46.579, avg grad norm (post clip)   0.053, rho_Whh  1.13, Omega  0.00, alpha  0.000, steps in the past 0.000, valid nll 0.237
  [diag] log10|dL/dh_t| hist bins=60 range=(-12.50,-11.50) mean=-12.00 p50=-12.00 p05=-12.00 p95=-12.00
  [diag] sat-dist hist bins=60 sat<0.05=0.0% mean=0.608 p10=0.533 p90=0.684
Iter 0040220: train nll 0.267, valid error 100.000%, best valid error 100.000%, avg grad norm  40.907, avg grad norm (post clip)   0.053, rho_Whh  1.13, Omega  0.00, alpha  0.000, steps in the past 0.000, valid nll 0.214
  [diag] log10|dL/dh_t| hist bins=60 range=(-12.50,-11.50) mean=-12.00 p50=-12.00 p05=-12.00 p95=-12.00
  [diag] sat-dist hist bins=60 sat<0.05=0.0% mean=0.650 p10=0.545 p90=0.692
Iter 0040240: train nll 0.268, valid error 100.000%, best valid error 100.000%, avg grad norm  51.086, avg grad norm (post clip)   0.053, rho_Whh  1.13, Omega  0.00, alpha  0.000, steps in the past 0.000, valid nll 0.267
  [diag] log10|dL/dh_t| hist bins=60 range=(-12.50,-11.50) mean=-12.00 p50=-12.00 p05=-12.00 p95=-12.00
  [diag] sat-dist hist bins=60 sat<0.05=0.0% mean=0.639 p10=0.540 p90=0.689
Iter 0040260: train nll 0.277, valid error 100.000%, best valid error 100.000%, avg grad norm  40.099, avg grad norm (post clip)   0.053, rho_Whh  1.13, Omega  0.00, alpha  0.000, steps in the past 0.000, valid nll 0.243
  [diag] log10|dL/dh_t| hist bins=60 range=(-12.50,-11.50) mean=-12.00 p50=-12.00 p05=-12.00 p95=-12.00
  [diag] sat-dist hist bins=60 sat<0.05=0.0% mean=0.615 p10=0.534 p90=0.685
Iter 0040280: train nll 0.259, valid error 100.000%, best valid error 100.000%, avg grad norm  44.813, avg grad norm (post clip)   0.053, rho_Whh  1.13, Omega  0.00, alpha  0.000, steps in the past 0.000, valid nll 0.216
  [diag] log10|dL/dh_t| hist bins=60 range=(-12.50,-11.50) mean=-12.00 p50=-12.00 p05=-12.00 p95=-12.00
  [diag] sat-dist hist bins=60 sat<0.05=0.0% mean=0.639 p10=0.540 p90=0.689
Iter 0040300: train nll 0.298, valid error 100.000%, best valid error 100.000%, avg grad norm  47.078, avg grad norm (post clip)   0.053, rho_Whh  1.13, Omega  0.00, alpha  0.000, steps in the past 0.000, valid nll 0.242
  [diag] log10|dL/dh_t| hist bins=60 range=(-12.50,-11.50) mean=-12.00 p50=-12.00 p05=-12.00 p95=-12.00
  [diag] sat-dist hist bins=60 sat<0.05=0.0% mean=0.639 p10=0.540 p90=0.689
Iter 0040320: train nll 0.299, valid error 100.000%, best valid error 100.000%, avg grad norm  40.124, avg grad norm (post clip)   0.053, rho_Whh  1.13, Omega  0.00, alpha  0.000, steps in the past 0.000, valid nll 0.242
  [diag] log10|dL/dh_t| hist bins=60 range=(-12.50,-11.50) mean=-12.00 p50=-12.00 p05=-12.00 p95=-12.00
  [diag] sat-dist hist bins=60 sat<0.05=0.0% mean=0.639 p10=0.540 p90=0.689
Iter 0040340: train nll 0.286, valid error 100.000%, best valid error 100.000%, avg grad norm  45.753, avg grad norm (post clip)   0.053, rho_Whh  1.13, Omega  0.00, alpha  0.000, steps in the past 0.000, valid nll 0.242
  [diag] log10|dL/dh_t| hist bins=60 range=(-12.50,-11.50) mean=-12.00 p50=-12.00 p05=-12.00 p95=-12.00
  [diag] sat-dist hist bins=60 sat<0.05=0.0% mean=0.615 p10=0.534 p90=0.685
Iter 0040360: train nll 0.268, valid error 100.000%, best valid error 100.000%, avg grad norm  36.259, avg grad norm (post clip)   0.053, rho_Whh  1.13, Omega  0.00, alpha  0.000, steps in the past 0.000, valid nll 0.216
  [diag] log10|dL/dh_t| hist bins=60 range=(-12.50,-11.50) mean=-12.00 p50=-12.00 p05=-12.00 p95=-12.00
  [diag] sat-dist hist bins=60 sat<0.05=0.0% mean=0.619 p10=0.535 p90=0.686
Iter 0040380: train nll 0.309, valid error 100.000%, best valid error 100.000%, avg grad norm  43.229, avg grad norm (post clip)   0.053, rho_Whh  1.13, Omega  0.00, alpha  0.000, steps in the past 0.000, valid nll 0.218
  [diag] log10|dL/dh_t| hist bins=60 range=(-12.50,-11.50) mean=-12.00 p50=-12.00 p05=-12.00 p95=-12.00
  [diag] sat-dist hist bins=60 sat<0.05=0.0% mean=0.619 p10=0.535 p90=0.686
Iter 0040400: train nll 0.286, valid error 100.000%, best valid error 100.000%, avg grad norm  43.217, avg grad norm (post clip)   0.053, rho_Whh  1.13, Omega  0.00, alpha  0.000, steps in the past 0.000, valid nll 0.218
  [diag] log10|dL/dh_t| hist bins=60 range=(-12.50,-11.50) mean=-12.00 p50=-12.00 p05=-12.00 p95=-12.00
  [diag] sat-dist hist bins=60 sat<0.05=0.0% mean=0.641 p10=0.541 p90=0.689
Iter 0040420: train nll 0.314, valid error 100.000%, best valid error 100.000%, avg grad norm  42.964, avg grad norm (post clip)   0.053, rho_Whh  1.13, Omega  0.00, alpha  0.000, steps in the past 0.000, valid nll 0.246
  [diag] log10|dL/dh_t| hist bins=60 range=(-12.50,-11.50) mean=-12.00 p50=-12.00 p05=-12.00 p95=-12.00
  [diag] sat-dist hist bins=60 sat<0.05=0.0% mean=0.615 p10=0.534 p90=0.685
Iter 0040440: train nll 0.267, valid error 100.000%, best valid error 100.000%, avg grad norm  35.874, avg grad norm (post clip)   0.053, rho_Whh  1.13, Omega  0.00, alpha  0.000, steps in the past 0.000, valid nll 0.216
  [diag] log10|dL/dh_t| hist bins=60 range=(-12.50,-11.50) mean=-12.00 p50=-12.00 p05=-12.00 p95=-12.00
  [diag] sat-dist hist bins=60 sat<0.05=0.0% mean=0.639 p10=0.540 p90=0.689
Iter 0040460: train nll 0.309, valid error 100.000%, best valid error 100.000%, avg grad norm  51.669, avg grad norm (post clip)   0.053, rho_Whh  1.13, Omega  0.00, alpha  0.000, steps in the past 0.000, valid nll 0.241
  [diag] log10|dL/dh_t| hist bins=60 range=(-12.50,-11.50) mean=-12.00 p50=-12.00 p05=-12.00 p95=-12.00
  [diag] sat-dist hist bins=60 sat<0.05=0.0% mean=0.633 p10=0.537 p90=0.689
Iter 0040480: train nll 0.256, valid error 100.000%, best valid error 100.000%, avg grad norm  38.208, avg grad norm (post clip)   0.053, rho_Whh  1.13, Omega  0.00, alpha  0.000, steps in the past 0.000, valid nll 0.232
  [diag] log10|dL/dh_t| hist bins=60 range=(-12.50,-11.50) mean=-12.00 p50=-12.00 p05=-12.00 p95=-12.00
  [diag] sat-dist hist bins=60 sat<0.05=0.0% mean=0.632 p10=0.537 p90=0.689
Iter 0040500: train nll 0.276, valid error 100.000%, best valid error 100.000%, avg grad norm  43.902, avg grad norm (post clip)   0.053, rho_Whh  1.13, Omega  0.00, alpha  0.000, steps in the past 0.000, valid nll 0.231
  [diag] log10|dL/dh_t| hist bins=60 range=(-12.50,-11.50) mean=-12.00 p50=-12.00 p05=-12.00 p95=-12.00
  [diag] sat-dist hist bins=60 sat<0.05=0.0% mean=0.648 p10=0.543 p90=0.692
Iter 0040520: train nll 0.279, valid error 100.000%, best valid error 100.000%, avg grad norm  43.207, avg grad norm (post clip)   0.053, rho_Whh  1.13, Omega  0.00, alpha  0.000, steps in the past 0.000, valid nll 0.262
  [diag] log10|dL/dh_t| hist bins=60 range=(-12.50,-11.50) mean=-12.00 p50=-12.00 p05=-12.00 p95=-12.00
  [diag] sat-dist hist bins=60 sat<0.05=0.0% mean=0.648 p10=0.543 p90=0.692
Iter 0040540: train nll 0.316, valid error 100.000%, best valid error 100.000%, avg grad norm  31.034, avg grad norm (post clip)   0.053, rho_Whh  1.13, Omega  0.00, alpha  0.000, steps in the past 0.000, valid nll 0.262
  [diag] log10|dL/dh_t| hist bins=60 range=(-12.50,-11.50) mean=-12.00 p50=-12.00 p05=-12.00 p95=-12.00
  [diag] sat-dist hist bins=60 sat<0.05=0.0% mean=0.648 p10=0.543 p90=0.693
Iter 0040560: train nll 0.284, valid error 100.000%, best valid error 100.000%, avg grad norm  34.190, avg grad norm (post clip)   0.053, rho_Whh  1.13, Omega  0.00, alpha  0.000, steps in the past 0.000, valid nll 0.262
  [diag] log10|dL/dh_t| hist bins=60 range=(-12.50,-11.50) mean=-12.00 p50=-12.00 p05=-12.00 p95=-12.00
  [diag] sat-dist hist bins=60 sat<0.05=0.0% mean=0.651 p10=0.544 p90=0.694
Iter 0040580: train nll 0.285, valid error 100.000%, best valid error 100.000%, avg grad norm  39.244, avg grad norm (post clip)   0.053, rho_Whh  1.13, Omega  0.00, alpha  0.000, steps in the past 0.000, valid nll 0.269
  [diag] log10|dL/dh_t| hist bins=60 range=(-12.50,-11.50) mean=-12.00 p50=-12.00 p05=-12.00 p95=-12.00
  [diag] sat-dist hist bins=60 sat<0.05=0.0% mean=0.636 p10=0.537 p90=0.691
Iter 0040600: train nll 0.287, valid error 100.000%, best valid error 100.000%, avg grad norm  43.081, avg grad norm (post clip)   0.053, rho_Whh  1.13, Omega  0.00, alpha  0.000, steps in the past 0.000, valid nll 0.238
  [diag] log10|dL/dh_t| hist bins=60 range=(-12.50,-11.50) mean=-12.00 p50=-12.00 p05=-12.00 p95=-12.00
  [diag] sat-dist hist bins=60 sat<0.05=0.0% mean=0.636 p10=0.537 p90=0.691
Iter 0040620: train nll 0.292, valid error 100.000%, best valid error 100.000%, avg grad norm  45.183, avg grad norm (post clip)   0.053, rho_Whh  1.13, Omega  0.00, alpha  0.000, steps in the past 0.000, valid nll 0.238
  [diag] log10|dL/dh_t| hist bins=60 range=(-12.50,-11.50) mean=-12.00 p50=-12.00 p05=-12.00 p95=-12.00
  [diag] sat-dist hist bins=60 sat<0.05=0.0% mean=0.636 p10=0.537 p90=0.691
Iter 0040640: train nll 0.273, valid error 100.000%, best valid error 100.000%, avg grad norm  41.572, avg grad norm (post clip)   0.053, rho_Whh  1.13, Omega  0.00, alpha  0.000, steps in the past 0.000, valid nll 0.237
  [diag] log10|dL/dh_t| hist bins=60 range=(-12.50,-11.50) mean=-12.00 p50=-12.00 p05=-12.00 p95=-12.00
  [diag] sat-dist hist bins=60 sat<0.05=0.0% mean=0.637 p10=0.537 p90=0.691
Iter 0040660: train nll 0.297, valid error 100.000%, best valid error 100.000%, avg grad norm  43.546, avg grad norm (post clip)   0.053, rho_Whh  1.13, Omega  0.00, alpha  0.000, steps in the past 0.000, valid nll 0.238
  [diag] log10|dL/dh_t| hist bins=60 range=(-12.50,-11.50) mean=-12.00 p50=-12.00 p05=-12.00 p95=-12.00
  [diag] sat-dist hist bins=60 sat<0.05=0.0% mean=0.637 p10=0.538 p90=0.691
Iter 0040680: train nll 0.308, valid error 100.000%, best valid error 100.000%, avg grad norm  41.716, avg grad norm (post clip)   0.053, rho_Whh  1.13, Omega  0.00, alpha  0.000, steps in the past 0.000, valid nll 0.239
  [diag] log10|dL/dh_t| hist bins=60 range=(-12.50,-11.50) mean=-12.00 p50=-12.00 p05=-12.00 p95=-12.00
  [diag] sat-dist hist bins=60 sat<0.05=0.0% mean=0.637 p10=0.538 p90=0.691
Iter 0040700: train nll 0.268, valid error 100.000%, best valid error 100.000%, avg grad norm  39.255, avg grad norm (post clip)   0.053, rho_Whh  1.13, Omega  0.00, alpha  0.000, steps in the past 0.000, valid nll 0.238
  [diag] log10|dL/dh_t| hist bins=60 range=(-12.50,-11.50) mean=-12.00 p50=-12.00 p05=-12.00 p95=-12.00
  [diag] sat-dist hist bins=60 sat<0.05=0.0% mean=0.636 p10=0.537 p90=0.691
Iter 0040720: train nll 0.274, valid error 100.000%, best valid error 100.000%, avg grad norm  44.139, avg grad norm (post clip)   0.053, rho_Whh  1.13, Omega  0.00, alpha  0.000, steps in the past 0.000, valid nll 0.237
  [diag] log10|dL/dh_t| hist bins=60 range=(-12.50,-11.50) mean=-12.00 p50=-12.00 p05=-12.00 p95=-12.00
  [diag] sat-dist hist bins=60 sat<0.05=0.0% mean=0.612 p10=0.532 p90=0.687
Iter 0040740: train nll 0.276, valid error 100.000%, best valid error 100.000%, avg grad norm  49.259, avg grad norm (post clip)   0.053, rho_Whh  1.13, Omega  0.00, alpha  0.000, steps in the past 0.000, valid nll 0.215
  [diag] log10|dL/dh_t| hist bins=60 range=(-12.50,-11.50) mean=-12.00 p50=-12.00 p05=-12.00 p95=-12.00
  [diag] sat-dist hist bins=60 sat<0.05=0.0% mean=0.622 p10=0.534 p90=0.689
Iter 0040760: train nll 0.312, valid error 100.000%, best valid error 100.000%, avg grad norm  39.023, avg grad norm (post clip)   0.053, rho_Whh  1.13, Omega  0.00, alpha  0.000, steps in the past 0.000, valid nll 0.220
  [diag] log10|dL/dh_t| hist bins=60 range=(-12.50,-11.50) mean=-12.00 p50=-12.00 p05=-12.00 p95=-12.00
  [diag] sat-dist hist bins=60 sat<0.05=0.0% mean=0.655 p10=0.546 p90=0.696
Iter 0040780: train nll 0.305, valid error 100.000%, best valid error 100.000%, avg grad norm  42.327, avg grad norm (post clip)   0.053, rho_Whh  1.13, Omega  0.00, alpha  0.000, steps in the past 0.000, valid nll 0.280
  [diag] log10|dL/dh_t| hist bins=60 range=(-12.50,-11.50) mean=-12.00 p50=-12.00 p05=-12.00 p95=-12.00
  [diag] sat-dist hist bins=60 sat<0.05=0.0% mean=0.594 p10=0.529 p90=0.672
Iter 0040800: train nll 0.291, valid error 100.000%, best valid error 100.000%, avg grad norm  38.982, avg grad norm (post clip)   0.053, rho_Whh  1.13, Omega  0.00, alpha  0.000, steps in the past 0.000, valid nll 0.215
  [diag] log10|dL/dh_t| hist bins=60 range=(-12.50,-11.50) mean=-12.00 p50=-12.00 p05=-12.00 p95=-12.00
  [diag] sat-dist hist bins=60 sat<0.05=0.0% mean=0.648 p10=0.542 p90=0.694
Iter 0040820: train nll 0.299, valid error 100.000%, best valid error 100.000%, avg grad norm  46.051, avg grad norm (post clip)   0.053, rho_Whh  1.13, Omega  0.00, alpha  0.000, steps in the past 0.000, valid nll 0.263
  [diag] log10|dL/dh_t| hist bins=60 range=(-12.50,-11.50) mean=-12.00 p50=-12.00 p05=-12.00 p95=-12.00
  [diag] sat-dist hist bins=60 sat<0.05=0.0% mean=0.603 p10=0.530 p90=0.687
Iter 0040840: train nll 0.261, valid error 100.000%, best valid error 100.000%, avg grad norm  48.491, avg grad norm (post clip)   0.053, rho_Whh  1.13, Omega  0.00, alpha  0.000, steps in the past 0.000, valid nll 0.213
  [diag] log10|dL/dh_t| hist bins=60 range=(-12.50,-11.50) mean=-12.00 p50=-12.00 p05=-12.00 p95=-12.00
  [diag] sat-dist hist bins=60 sat<0.05=0.0% mean=0.603 p10=0.530 p90=0.687
Iter 0040860: train nll 0.282, valid error 100.000%, best valid error 100.000%, avg grad norm  50.993, avg grad norm (post clip)   0.053, rho_Whh  1.13, Omega  0.00, alpha  0.000, steps in the past 0.000, valid nll 0.213
  [diag] log10|dL/dh_t| hist bins=60 range=(-12.50,-11.50) mean=-12.00 p50=-12.00 p05=-12.00 p95=-12.00
  [diag] sat-dist hist bins=60 sat<0.05=0.0% mean=0.636 p10=0.537 p90=0.692
Iter 0040880: train nll 0.295, valid error 100.000%, best valid error 100.000%, avg grad norm  46.156, avg grad norm (post clip)   0.053, rho_Whh  1.13, Omega  0.00, alpha  0.000, steps in the past 0.000, valid nll 0.237
  [diag] log10|dL/dh_t| hist bins=60 range=(-12.50,-11.50) mean=-12.00 p50=-12.00 p05=-12.00 p95=-12.00
  [diag] sat-dist hist bins=60 sat<0.05=0.0% mean=0.611 p10=0.531 p90=0.689
Iter 0040900: train nll 0.255, valid error 100.000%, best valid error 100.000%, avg grad norm  41.772, avg grad norm (post clip)   0.053, rho_Whh  1.13, Omega  0.00, alpha  0.000, steps in the past 0.000, valid nll 0.214
  [diag] log10|dL/dh_t| hist bins=60 range=(-12.50,-11.50) mean=-12.00 p50=-12.00 p05=-12.00 p95=-12.00
  [diag] sat-dist hist bins=60 sat<0.05=0.0% mean=0.652 p10=0.543 p90=0.695
Iter 0040920: train nll 0.318, valid error 100.000%, best valid error 100.000%, avg grad norm  53.338, avg grad norm (post clip)   0.053, rho_Whh  1.13, Omega  0.00, alpha  0.000, steps in the past 0.000, valid nll 0.273
  [diag] log10|dL/dh_t| hist bins=60 range=(-12.50,-11.50) mean=-12.00 p50=-12.00 p05=-12.00 p95=-12.00
  [diag] sat-dist hist bins=60 sat<0.05=0.0% mean=0.611 p10=0.532 p90=0.688
Iter 0040940: train nll 0.273, valid error 100.000%, best valid error 100.000%, avg grad norm  47.108, avg grad norm (post clip)   0.053, rho_Whh  1.13, Omega  0.00, alpha  0.000, steps in the past 0.000, valid nll 0.214
  [diag] log10|dL/dh_t| hist bins=60 range=(-12.50,-11.50) mean=-12.00 p50=-12.00 p05=-12.00 p95=-12.00
  [diag] sat-dist hist bins=60 sat<0.05=0.0% mean=0.612 p10=0.532 p90=0.688
Iter 0040960: train nll 0.284, valid error 100.000%, best valid error 100.000%, avg grad norm  46.580, avg grad norm (post clip)   0.053, rho_Whh  1.13, Omega  0.00, alpha  0.000, steps in the past 0.000, valid nll 0.214
  [diag] log10|dL/dh_t| hist bins=60 range=(-12.50,-11.50) mean=-12.00 p50=-12.00 p05=-12.00 p95=-12.00
  [diag] sat-dist hist bins=60 sat<0.05=0.0% mean=0.652 p10=0.544 p90=0.695
Iter 0040980: train nll 0.303, valid error 100.000%, best valid error 100.000%, avg grad norm  48.432, avg grad norm (post clip)   0.053, rho_Whh  1.13, Omega  0.00, alpha  0.000, steps in the past 0.000, valid nll 0.272
  [diag] log10|dL/dh_t| hist bins=60 range=(-12.50,-11.50) mean=-12.00 p50=-12.00 p05=-12.00 p95=-12.00
  [diag] sat-dist hist bins=60 sat<0.05=0.0% mean=0.603 p10=0.531 p90=0.687
Iter 0041000: train nll 0.292, valid error 100.000%, best valid error 100.000%, avg grad norm  37.277, avg grad norm (post clip)   0.053, rho_Whh  1.13, Omega  0.00, alpha  0.000, steps in the past 0.000, valid nll 0.213
  [diag] log10|dL/dh_t| hist bins=60 range=(-12.50,-11.50) mean=-12.00 p50=-12.00 p05=-12.00 p95=-12.00
  [diag] sat-dist hist bins=60 sat<0.05=0.0% mean=0.635 p10=0.536 p90=0.691
Iter 0041020: train nll 0.293, valid error 100.000%, best valid error 100.000%, avg grad norm  43.182, avg grad norm (post clip)   0.053, rho_Whh  1.13, Omega  0.00, alpha  0.000, steps in the past 0.000, valid nll 0.235
  [diag] log10|dL/dh_t| hist bins=60 range=(-12.50,-11.50) mean=-12.00 p50=-12.00 p05=-12.00 p95=-12.00
  [diag] sat-dist hist bins=60 sat<0.05=0.0% mean=0.648 p10=0.541 p90=0.694
Iter 0041040: train nll 0.280, valid error 100.000%, best valid error 100.000%, avg grad norm  54.221, avg grad norm (post clip)   0.053, rho_Whh  1.13, Omega  0.00, alpha  0.000, steps in the past 0.000, valid nll 0.261
  [diag] log10|dL/dh_t| hist bins=60 range=(-12.50,-11.50) mean=-12.00 p50=-12.00 p05=-12.00 p95=-12.00
  [diag] sat-dist hist bins=60 sat<0.05=0.0% mean=0.630 p10=0.535 p90=0.691
Iter 0041060: train nll 0.270, valid error 100.000%, best valid error 100.000%, avg grad norm  44.817, avg grad norm (post clip)   0.053, rho_Whh  1.13, Omega  0.00, alpha  0.000, steps in the past 0.000, valid nll 0.229
  [diag] log10|dL/dh_t| hist bins=60 range=(-12.50,-11.50) mean=-12.00 p50=-12.00 p05=-12.00 p95=-12.00
  [diag] sat-dist hist bins=60 sat<0.05=0.0% mean=0.630 p10=0.535 p90=0.690
Iter 0041080: train nll 0.253, valid error 100.000%, best valid error 100.000%, avg grad norm  53.348, avg grad norm (post clip)   0.053, rho_Whh  1.13, Omega  0.00, alpha  0.000, steps in the past 0.000, valid nll 0.229
  [diag] log10|dL/dh_t| hist bins=60 range=(-12.50,-11.50) mean=-12.00 p50=-12.00 p05=-12.00 p95=-12.00
  [diag] sat-dist hist bins=60 sat<0.05=0.0% mean=0.588 p10=0.529 p90=0.655
Iter 0041100: train nll 0.298, valid error 100.000%, best valid error 100.000%, avg grad norm  36.283, avg grad norm (post clip)   0.053, rho_Whh  1.13, Omega  0.00, alpha  0.000, steps in the past 0.000, valid nll 0.218
  [diag] log10|dL/dh_t| hist bins=60 range=(-12.50,-11.50) mean=-12.00 p50=-12.00 p05=-12.00 p95=-12.00
  [diag] sat-dist hist bins=60 sat<0.05=0.0% mean=0.630 p10=0.535 p90=0.690
Iter 0041120: train nll 0.298, valid error 100.000%, best valid error 100.000%, avg grad norm  44.190, avg grad norm (post clip)   0.053, rho_Whh  1.13, Omega  0.00, alpha  0.000, steps in the past 0.000, valid nll 0.228
  [diag] log10|dL/dh_t| hist bins=60 range=(-12.50,-11.50) mean=-12.00 p50=-12.00 p05=-12.00 p95=-12.00
  [diag] sat-dist hist bins=60 sat<0.05=0.0% mean=0.630 p10=0.535 p90=0.690
Iter 0041140: train nll 0.276, valid error 100.000%, best valid error 100.000%, avg grad norm  52.048, avg grad norm (post clip)   0.053, rho_Whh  1.13, Omega  0.00, alpha  0.000, steps in the past 0.000, valid nll 0.228
  [diag] log10|dL/dh_t| hist bins=60 range=(-12.50,-11.50) mean=-12.00 p50=-12.00 p05=-12.00 p95=-12.00
  [diag] sat-dist hist bins=60 sat<0.05=0.0% mean=0.630 p10=0.535 p90=0.690
Iter 0041160: train nll 0.260, valid error 100.000%, best valid error 100.000%, avg grad norm  50.646, avg grad norm (post clip)   0.053, rho_Whh  1.13, Omega  0.00, alpha  0.000, steps in the past 0.000, valid nll 0.228
  [diag] log10|dL/dh_t| hist bins=60 range=(-12.50,-11.50) mean=-12.00 p50=-12.00 p05=-12.00 p95=-12.00
  [diag] sat-dist hist bins=60 sat<0.05=0.0% mean=0.590 p10=0.530 p90=0.660
Iter 0041180: train nll 0.257, valid error 100.000%, best valid error 100.000%, avg grad norm  45.613, avg grad norm (post clip)   0.053, rho_Whh  1.13, Omega  0.00, alpha  0.000, steps in the past 0.000, valid nll 0.217
  [diag] log10|dL/dh_t| hist bins=60 range=(-12.50,-11.50) mean=-12.00 p50=-12.00 p05=-12.00 p95=-12.00
  [diag] sat-dist hist bins=60 sat<0.05=0.0% mean=0.631 p10=0.536 p90=0.690
Iter 0041200: train nll 0.266, valid error 100.000%, best valid error 100.000%, avg grad norm  50.051, avg grad norm (post clip)   0.053, rho_Whh  1.13, Omega  0.00, alpha  0.000, steps in the past 0.000, valid nll 0.229
  [diag] log10|dL/dh_t| hist bins=60 range=(-12.50,-11.50) mean=-12.00 p50=-12.00 p05=-12.00 p95=-12.00
  [diag] sat-dist hist bins=60 sat<0.05=0.0% mean=0.631 p10=0.536 p90=0.690
Iter 0041220: train nll 0.286, valid error 100.000%, best valid error 100.000%, avg grad norm  46.349, avg grad norm (post clip)   0.053, rho_Whh  1.13, Omega  0.00, alpha  0.000, steps in the past 0.000, valid nll 0.229
  [diag] log10|dL/dh_t| hist bins=60 range=(-12.50,-11.50) mean=-12.00 p50=-12.00 p05=-12.00 p95=-12.00
  [diag] sat-dist hist bins=60 sat<0.05=0.0% mean=0.648 p10=0.542 p90=0.693
Iter 0041240: train nll 0.279, valid error 100.000%, best valid error 100.000%, avg grad norm  40.187, avg grad norm (post clip)   0.053, rho_Whh  1.13, Omega  0.00, alpha  0.000, steps in the past 0.000, valid nll 0.260
  [diag] log10|dL/dh_t| hist bins=60 range=(-12.50,-11.50) mean=-12.00 p50=-12.00 p05=-12.00 p95=-12.00
  [diag] sat-dist hist bins=60 sat<0.05=0.0% mean=0.631 p10=0.536 p90=0.689
Iter 0041260: train nll 0.293, valid error 100.000%, best valid error 100.000%, avg grad norm  45.764, avg grad norm (post clip)   0.053, rho_Whh  1.13, Omega  0.00, alpha  0.000, steps in the past 0.000, valid nll 0.229
  [diag] log10|dL/dh_t| hist bins=60 range=(-12.50,-11.50) mean=-12.00 p50=-12.00 p05=-12.00 p95=-12.00
  [diag] sat-dist hist bins=60 sat<0.05=0.0% mean=0.630 p10=0.536 p90=0.690
Iter 0041280: train nll 0.284, valid error 100.000%, best valid error 100.000%, avg grad norm  38.848, avg grad norm (post clip)   0.053, rho_Whh  1.13, Omega  0.00, alpha  0.000, steps in the past 0.000, valid nll 0.228
  [diag] log10|dL/dh_t| hist bins=60 range=(-12.50,-11.50) mean=-12.00 p50=-12.00 p05=-12.00 p95=-12.00
  [diag] sat-dist hist bins=60 sat<0.05=0.0% mean=0.590 p10=0.530 p90=0.659
Iter 0041300: train nll 0.250, valid error 100.000%, best valid error 100.000%, avg grad norm  44.840, avg grad norm (post clip)   0.053, rho_Whh  1.13, Omega  0.00, alpha  0.000, steps in the past 0.000, valid nll 0.217
  [diag] log10|dL/dh_t| hist bins=60 range=(-12.50,-11.50) mean=-12.00 p50=-12.00 p05=-12.00 p95=-12.00
  [diag] sat-dist hist bins=60 sat<0.05=0.0% mean=0.642 p10=0.539 p90=0.692
Iter 0041320: train nll 0.322, valid error 100.000%, best valid error 100.000%, avg grad norm  47.797, avg grad norm (post clip)   0.053, rho_Whh  1.13, Omega  0.00, alpha  0.000, steps in the past 0.000, valid nll 0.246
  [diag] log10|dL/dh_t| hist bins=60 range=(-12.50,-11.50) mean=-12.00 p50=-12.00 p05=-12.00 p95=-12.00
  [diag] sat-dist hist bins=60 sat<0.05=0.0% mean=0.619 p10=0.533 p90=0.688
Iter 0041340: train nll 0.258, valid error 100.000%, best valid error 100.000%, avg grad norm  53.414, avg grad norm (post clip)   0.053, rho_Whh  1.13, Omega  0.00, alpha  0.000, steps in the past 0.000, valid nll 0.217
  [diag] log10|dL/dh_t| hist bins=60 range=(-12.50,-11.50) mean=-12.00 p50=-12.00 p05=-12.00 p95=-12.00
  [diag] sat-dist hist bins=60 sat<0.05=0.0% mean=0.619 p10=0.533 p90=0.688
Iter 0041360: train nll 0.276, valid error 100.000%, best valid error 100.000%, avg grad norm  44.505, avg grad norm (post clip)   0.053, rho_Whh  1.13, Omega  0.00, alpha  0.000, steps in the past 0.000, valid nll 0.217
  [diag] log10|dL/dh_t| hist bins=60 range=(-12.50,-11.50) mean=-12.00 p50=-12.00 p05=-12.00 p95=-12.00
  [diag] sat-dist hist bins=60 sat<0.05=0.0% mean=0.619 p10=0.533 p90=0.688
Iter 0041380: train nll 0.267, valid error 100.000%, best valid error 100.000%, avg grad norm  44.490, avg grad norm (post clip)   0.053, rho_Whh  1.13, Omega  0.00, alpha  0.000, steps in the past 0.000, valid nll 0.217
  [diag] log10|dL/dh_t| hist bins=60 range=(-12.50,-11.50) mean=-12.00 p50=-12.00 p05=-12.00 p95=-12.00
  [diag] sat-dist hist bins=60 sat<0.05=0.0% mean=0.642 p10=0.539 p90=0.692
Iter 0041400: train nll 0.260, valid error 100.000%, best valid error 100.000%, avg grad norm  46.137, avg grad norm (post clip)   0.053, rho_Whh  1.13, Omega  0.00, alpha  0.000, steps in the past 0.000, valid nll 0.246
