Starting to train (PyTorch).
  [diag] log10|dL/dh_t| hist bins=60 range=(-12.50,-11.50) mean=-12.00 p50=-12.00 p05=-12.00 p95=-12.00
  [diag] sat-dist hist bins=60 sat<0.05=0.0% mean=0.992 p10=0.991 p90=0.993
  [diag] z-gate sat-dist hist bins=60 mean=0.119 p10=0.119 p90=0.119
  [diag] r-gate sat-dist hist bins=60 mean=0.498 p10=0.498 p90=0.498
Iter 0000020: train nll 1.808, valid error 100.000%, best valid error 100.000%, avg grad norm   0.869, avg grad norm (post clip)   0.000, rho_Whh  0.08, Omega  0.00, alpha  0.000, steps in the past 0.000, valid nll 1.646
  [diag] log10|dL/dh_t| hist bins=60 range=(-12.50,-11.50) mean=-12.00 p50=-12.00 p05=-12.00 p95=-12.00
  [diag] sat-dist hist bins=60 sat<0.05=0.0% mean=0.991 p10=0.990 p90=0.992
  [diag] z-gate sat-dist hist bins=60 mean=0.119 p10=0.119 p90=0.119
  [diag] r-gate sat-dist hist bins=60 mean=0.498 p10=0.498 p90=0.498
Iter 0000040: train nll 1.591, valid error 100.000%, best valid error 100.000%, avg grad norm   0.783, avg grad norm (post clip)   0.000, rho_Whh  0.08, Omega  0.00, alpha  0.000, steps in the past 0.000, valid nll 1.519
  [diag] log10|dL/dh_t| hist bins=60 range=(-12.50,-11.50) mean=-12.00 p50=-12.00 p05=-12.00 p95=-12.00
  [diag] sat-dist hist bins=60 sat<0.05=0.0% mean=0.989 p10=0.988 p90=0.990
  [diag] z-gate sat-dist hist bins=60 mean=0.119 p10=0.119 p90=0.119
  [diag] r-gate sat-dist hist bins=60 mean=0.498 p10=0.498 p90=0.498
Iter 0000060: train nll 1.472, valid error 100.000%, best valid error 100.000%, avg grad norm   0.755, avg grad norm (post clip)   0.000, rho_Whh  0.08, Omega  0.00, alpha  0.000, steps in the past 0.000, valid nll 1.402
  [diag] log10|dL/dh_t| hist bins=60 range=(-12.50,-11.50) mean=-12.00 p50=-12.00 p05=-12.00 p95=-12.00
  [diag] sat-dist hist bins=60 sat<0.05=0.0% mean=0.986 p10=0.985 p90=0.987
  [diag] z-gate sat-dist hist bins=60 mean=0.119 p10=0.119 p90=0.119
  [diag] r-gate sat-dist hist bins=60 mean=0.498 p10=0.498 p90=0.498
Iter 0000080: train nll 1.363, valid error 100.000%, best valid error 100.000%, avg grad norm   0.723, avg grad norm (post clip)   0.000, rho_Whh  0.08, Omega  0.00, alpha  0.000, steps in the past 0.000, valid nll 1.294
  [diag] log10|dL/dh_t| hist bins=60 range=(-12.50,-11.50) mean=-12.00 p50=-12.00 p05=-12.00 p95=-12.00
  [diag] sat-dist hist bins=60 sat<0.05=0.0% mean=0.983 p10=0.982 p90=0.985
  [diag] z-gate sat-dist hist bins=60 mean=0.119 p10=0.119 p90=0.119
  [diag] r-gate sat-dist hist bins=60 mean=0.498 p10=0.498 p90=0.498
Iter 0000100: train nll 1.261, valid error 100.000%, best valid error 100.000%, avg grad norm   0.693, avg grad norm (post clip)   0.000, rho_Whh  0.08, Omega  0.00, alpha  0.000, steps in the past 0.000, valid nll 1.196
  [diag] log10|dL/dh_t| hist bins=60 range=(-12.50,-11.50) mean=-12.00 p50=-12.00 p05=-12.00 p95=-12.00
  [diag] sat-dist hist bins=60 sat<0.05=0.0% mean=0.980 p10=0.979 p90=0.982
  [diag] z-gate sat-dist hist bins=60 mean=0.119 p10=0.119 p90=0.119
  [diag] r-gate sat-dist hist bins=60 mean=0.498 p10=0.498 p90=0.498
Iter 0000120: train nll 1.165, valid error 100.000%, best valid error 100.000%, avg grad norm   0.666, avg grad norm (post clip)   0.000, rho_Whh  0.08, Omega  0.00, alpha  0.000, steps in the past 0.000, valid nll 1.105
  [diag] log10|dL/dh_t| hist bins=60 range=(-12.50,-11.50) mean=-12.00 p50=-12.00 p05=-12.00 p95=-12.00
  [diag] sat-dist hist bins=60 sat<0.05=0.0% mean=0.977 p10=0.975 p90=0.978
  [diag] z-gate sat-dist hist bins=60 mean=0.119 p10=0.119 p90=0.119
  [diag] r-gate sat-dist hist bins=60 mean=0.498 p10=0.498 p90=0.498
Iter 0000140: train nll 1.089, valid error 100.000%, best valid error 100.000%, avg grad norm   0.626, avg grad norm (post clip)   0.000, rho_Whh  0.08, Omega  0.00, alpha  0.000, steps in the past 0.000, valid nll 1.023
  [diag] log10|dL/dh_t| hist bins=60 range=(-12.50,-11.50) mean=-12.00 p50=-12.00 p05=-12.00 p95=-12.00
  [diag] sat-dist hist bins=60 sat<0.05=0.0% mean=0.973 p10=0.971 p90=0.975
  [diag] z-gate sat-dist hist bins=60 mean=0.119 p10=0.119 p90=0.119
  [diag] r-gate sat-dist hist bins=60 mean=0.498 p10=0.498 p90=0.498
Iter 0000160: train nll 1.009, valid error 100.000%, best valid error 100.000%, avg grad norm   0.600, avg grad norm (post clip)   0.000, rho_Whh  0.08, Omega  0.00, alpha  0.000, steps in the past 0.000, valid nll 0.949
  [diag] log10|dL/dh_t| hist bins=60 range=(-12.50,-11.50) mean=-12.00 p50=-12.00 p05=-12.00 p95=-12.00
  [diag] sat-dist hist bins=60 sat<0.05=0.0% mean=0.968 p10=0.966 p90=0.971
  [diag] z-gate sat-dist hist bins=60 mean=0.119 p10=0.119 p90=0.119
  [diag] r-gate sat-dist hist bins=60 mean=0.498 p10=0.498 p90=0.498
Iter 0000180: train nll 0.931, valid error 100.000%, best valid error 100.000%, avg grad norm   0.578, avg grad norm (post clip)   0.000, rho_Whh  0.08, Omega  0.00, alpha  0.000, steps in the past 0.000, valid nll 0.880
  [diag] log10|dL/dh_t| hist bins=60 range=(-12.50,-11.50) mean=-12.00 p50=-12.00 p05=-12.00 p95=-12.00
  [diag] sat-dist hist bins=60 sat<0.05=0.0% mean=0.964 p10=0.961 p90=0.967
  [diag] z-gate sat-dist hist bins=60 mean=0.119 p10=0.119 p90=0.119
  [diag] r-gate sat-dist hist bins=60 mean=0.498 p10=0.498 p90=0.498
Iter 0000200: train nll 0.864, valid error 100.000%, best valid error 100.000%, avg grad norm   0.552, avg grad norm (post clip)   0.000, rho_Whh  0.08, Omega  0.00, alpha  0.000, steps in the past 0.000, valid nll 0.818
  [diag] log10|dL/dh_t| hist bins=60 range=(-12.50,-11.50) mean=-12.00 p50=-12.00 p05=-12.00 p95=-12.00
  [diag] sat-dist hist bins=60 sat<0.05=0.0% mean=0.959 p10=0.957 p90=0.962
  [diag] z-gate sat-dist hist bins=60 mean=0.119 p10=0.119 p90=0.119
  [diag] r-gate sat-dist hist bins=60 mean=0.498 p10=0.498 p90=0.498
Iter 0000220: train nll 0.825, valid error 100.000%, best valid error 100.000%, avg grad norm   0.510, avg grad norm (post clip)   0.000, rho_Whh  0.08, Omega  0.00, alpha  0.000, steps in the past 0.000, valid nll 0.764
  [diag] log10|dL/dh_t| hist bins=60 range=(-12.50,-11.50) mean=-12.00 p50=-12.00 p05=-12.00 p95=-12.00
  [diag] sat-dist hist bins=60 sat<0.05=0.0% mean=0.954 p10=0.951 p90=0.958
  [diag] z-gate sat-dist hist bins=60 mean=0.119 p10=0.119 p90=0.119
  [diag] r-gate sat-dist hist bins=60 mean=0.498 p10=0.498 p90=0.498
Iter 0000240: train nll 0.778, valid error 100.000%, best valid error 100.000%, avg grad norm   0.482, avg grad norm (post clip)   0.000, rho_Whh  0.08, Omega  0.00, alpha  0.000, steps in the past 0.000, valid nll 0.714
  [diag] log10|dL/dh_t| hist bins=60 range=(-12.50,-11.50) mean=-12.00 p50=-12.00 p05=-12.00 p95=-12.00
  [diag] sat-dist hist bins=60 sat<0.05=0.0% mean=0.949 p10=0.946 p90=0.953
  [diag] z-gate sat-dist hist bins=60 mean=0.119 p10=0.119 p90=0.119
  [diag] r-gate sat-dist hist bins=60 mean=0.498 p10=0.498 p90=0.498
Iter 0000260: train nll 0.711, valid error 100.000%, best valid error 100.000%, avg grad norm   0.473, avg grad norm (post clip)   0.000, rho_Whh  0.08, Omega  0.00, alpha  0.000, steps in the past 0.000, valid nll 0.668
  [diag] log10|dL/dh_t| hist bins=60 range=(-12.50,-11.50) mean=-12.00 p50=-12.00 p05=-12.00 p95=-12.00
  [diag] sat-dist hist bins=60 sat<0.05=0.0% mean=0.944 p10=0.940 p90=0.948
  [diag] z-gate sat-dist hist bins=60 mean=0.119 p10=0.119 p90=0.119
  [diag] r-gate sat-dist hist bins=60 mean=0.498 p10=0.498 p90=0.498
Iter 0000280: train nll 0.682, valid error 100.000%, best valid error 100.000%, avg grad norm   0.439, avg grad norm (post clip)   0.000, rho_Whh  0.08, Omega  0.00, alpha  0.000, steps in the past 0.000, valid nll 0.628
  [diag] log10|dL/dh_t| hist bins=60 range=(-12.50,-11.50) mean=-12.00 p50=-12.00 p05=-12.00 p95=-12.00
  [diag] sat-dist hist bins=60 sat<0.05=0.0% mean=0.938 p10=0.935 p90=0.943
  [diag] z-gate sat-dist hist bins=60 mean=0.119 p10=0.119 p90=0.119
  [diag] r-gate sat-dist hist bins=60 mean=0.498 p10=0.498 p90=0.498
Iter 0000300: train nll 0.635, valid error 100.000%, best valid error 100.000%, avg grad norm   0.422, avg grad norm (post clip)   0.000, rho_Whh  0.08, Omega  0.00, alpha  0.000, steps in the past 0.000, valid nll 0.591
  [diag] log10|dL/dh_t| hist bins=60 range=(-12.50,-11.50) mean=-12.00 p50=-12.00 p05=-12.00 p95=-12.00
  [diag] sat-dist hist bins=60 sat<0.05=0.0% mean=0.933 p10=0.929 p90=0.938
  [diag] z-gate sat-dist hist bins=60 mean=0.119 p10=0.119 p90=0.119
  [diag] r-gate sat-dist hist bins=60 mean=0.498 p10=0.498 p90=0.498
Iter 0000320: train nll 0.620, valid error 100.000%, best valid error 100.000%, avg grad norm   0.386, avg grad norm (post clip)   0.000, rho_Whh  0.08, Omega  0.00, alpha  0.000, steps in the past 0.000, valid nll 0.559
  [diag] log10|dL/dh_t| hist bins=60 range=(-12.50,-11.50) mean=-12.00 p50=-12.00 p05=-12.00 p95=-12.00
  [diag] sat-dist hist bins=60 sat<0.05=0.0% mean=0.928 p10=0.923 p90=0.933
  [diag] z-gate sat-dist hist bins=60 mean=0.119 p10=0.119 p90=0.119
  [diag] r-gate sat-dist hist bins=60 mean=0.498 p10=0.498 p90=0.498
Iter 0000340: train nll 0.568, valid error 100.000%, best valid error 100.000%, avg grad norm   0.378, avg grad norm (post clip)   0.000, rho_Whh  0.08, Omega  0.00, alpha  0.000, steps in the past 0.000, valid nll 0.529
  [diag] log10|dL/dh_t| hist bins=60 range=(-12.50,-11.50) mean=-12.00 p50=-12.00 p05=-12.00 p95=-12.00
  [diag] sat-dist hist bins=60 sat<0.05=0.0% mean=0.923 p10=0.918 p90=0.929
  [diag] z-gate sat-dist hist bins=60 mean=0.119 p10=0.119 p90=0.119
  [diag] r-gate sat-dist hist bins=60 mean=0.498 p10=0.497 p90=0.498
Iter 0000360: train nll 0.566, valid error 100.000%, best valid error 100.000%, avg grad norm   0.340, avg grad norm (post clip)   0.000, rho_Whh  0.09, Omega  0.00, alpha  0.000, steps in the past 0.000, valid nll 0.504
  [diag] log10|dL/dh_t| hist bins=60 range=(-12.50,-11.50) mean=-12.00 p50=-12.00 p05=-12.00 p95=-12.00
  [diag] sat-dist hist bins=60 sat<0.05=0.0% mean=0.918 p10=0.913 p90=0.924
  [diag] z-gate sat-dist hist bins=60 mean=0.119 p10=0.119 p90=0.119
  [diag] r-gate sat-dist hist bins=60 mean=0.497 p10=0.497 p90=0.498
Iter 0000380: train nll 0.526, valid error 100.000%, best valid error 100.000%, avg grad norm   0.328, avg grad norm (post clip)   0.000, rho_Whh  0.10, Omega  0.00, alpha  0.000, steps in the past 0.000, valid nll 0.481
  [diag] log10|dL/dh_t| hist bins=60 range=(-12.50,-11.50) mean=-12.00 p50=-12.00 p05=-12.00 p95=-12.00
  [diag] sat-dist hist bins=60 sat<0.05=0.0% mean=0.913 p10=0.908 p90=0.920
  [diag] z-gate sat-dist hist bins=60 mean=0.119 p10=0.119 p90=0.119
  [diag] r-gate sat-dist hist bins=60 mean=0.497 p10=0.497 p90=0.498
Iter 0000400: train nll 0.514, valid error 100.000%, best valid error 100.000%, avg grad norm   0.302, avg grad norm (post clip)   0.000, rho_Whh  0.10, Omega  0.00, alpha  0.000, steps in the past 0.000, valid nll 0.461
  [diag] log10|dL/dh_t| hist bins=60 range=(-12.50,-11.50) mean=-12.00 p50=-12.00 p05=-12.00 p95=-12.00
  [diag] sat-dist hist bins=60 sat<0.05=0.0% mean=0.909 p10=0.903 p90=0.916
  [diag] z-gate sat-dist hist bins=60 mean=0.119 p10=0.119 p90=0.119
  [diag] r-gate sat-dist hist bins=60 mean=0.497 p10=0.497 p90=0.498
Iter 0000420: train nll 0.509, valid error 100.000%, best valid error 100.000%, avg grad norm   0.274, avg grad norm (post clip)   0.000, rho_Whh  0.11, Omega  0.00, alpha  0.000, steps in the past 0.000, valid nll 0.444
  [diag] log10|dL/dh_t| hist bins=60 range=(-12.50,-11.50) mean=-12.00 p50=-12.00 p05=-12.00 p95=-12.00
  [diag] sat-dist hist bins=60 sat<0.05=0.0% mean=0.904 p10=0.898 p90=0.912
  [diag] z-gate sat-dist hist bins=60 mean=0.119 p10=0.119 p90=0.119
  [diag] r-gate sat-dist hist bins=60 mean=0.497 p10=0.497 p90=0.497
Iter 0000440: train nll 0.497, valid error 100.000%, best valid error 100.000%, avg grad norm   0.253, avg grad norm (post clip)   0.000, rho_Whh  0.12, Omega  0.00, alpha  0.000, steps in the past 0.000, valid nll 0.430
  [diag] log10|dL/dh_t| hist bins=60 range=(-12.50,-11.50) mean=-12.00 p50=-12.00 p05=-12.00 p95=-12.00
  [diag] sat-dist hist bins=60 sat<0.05=0.0% mean=0.900 p10=0.894 p90=0.908
  [diag] z-gate sat-dist hist bins=60 mean=0.119 p10=0.119 p90=0.119
  [diag] r-gate sat-dist hist bins=60 mean=0.497 p10=0.497 p90=0.497
Iter 0000460: train nll 0.477, valid error 100.000%, best valid error 100.000%, avg grad norm   0.238, avg grad norm (post clip)   0.000, rho_Whh  0.12, Omega  0.00, alpha  0.000, steps in the past 0.000, valid nll 0.417
  [diag] log10|dL/dh_t| hist bins=60 range=(-12.50,-11.50) mean=-12.00 p50=-12.00 p05=-12.00 p95=-12.00
  [diag] sat-dist hist bins=60 sat<0.05=0.0% mean=0.897 p10=0.890 p90=0.905
  [diag] z-gate sat-dist hist bins=60 mean=0.119 p10=0.119 p90=0.120
  [diag] r-gate sat-dist hist bins=60 mean=0.497 p10=0.497 p90=0.497
Iter 0000480: train nll 0.470, valid error 100.000%, best valid error 100.000%, avg grad norm   0.219, avg grad norm (post clip)   0.000, rho_Whh  0.13, Omega  0.00, alpha  0.000, steps in the past 0.000, valid nll 0.406
  [diag] log10|dL/dh_t| hist bins=60 range=(-12.50,-11.50) mean=-12.00 p50=-12.00 p05=-12.00 p95=-12.00
  [diag] sat-dist hist bins=60 sat<0.05=0.0% mean=0.893 p10=0.886 p90=0.901
  [diag] z-gate sat-dist hist bins=60 mean=0.120 p10=0.120 p90=0.120
  [diag] r-gate sat-dist hist bins=60 mean=0.497 p10=0.497 p90=0.497
Iter 0000500: train nll 0.421, valid error 100.000%, best valid error 100.000%, avg grad norm   0.225, avg grad norm (post clip)   0.000, rho_Whh  0.14, Omega  0.00, alpha  0.000, steps in the past 0.000, valid nll 0.395
  [diag] log10|dL/dh_t| hist bins=60 range=(-12.50,-11.50) mean=-12.00 p50=-12.00 p05=-12.00 p95=-12.00
  [diag] sat-dist hist bins=60 sat<0.05=0.0% mean=0.889 p10=0.882 p90=0.898
  [diag] z-gate sat-dist hist bins=60 mean=0.120 p10=0.120 p90=0.120
  [diag] r-gate sat-dist hist bins=60 mean=0.497 p10=0.497 p90=0.497
Iter 0000520: train nll 0.433, valid error 100.000%, best valid error 100.000%, avg grad norm   0.195, avg grad norm (post clip)   0.000, rho_Whh  0.14, Omega  0.00, alpha  0.000, steps in the past 0.000, valid nll 0.387
  [diag] log10|dL/dh_t| hist bins=60 range=(-12.50,-11.50) mean=-12.00 p50=-12.00 p05=-12.00 p95=-12.00
  [diag] sat-dist hist bins=60 sat<0.05=0.0% mean=0.886 p10=0.879 p90=0.895
  [diag] z-gate sat-dist hist bins=60 mean=0.120 p10=0.120 p90=0.120
  [diag] r-gate sat-dist hist bins=60 mean=0.497 p10=0.497 p90=0.497
Iter 0000540: train nll 0.427, valid error 100.000%, best valid error 100.000%, avg grad norm   0.180, avg grad norm (post clip)   0.000, rho_Whh  0.15, Omega  0.00, alpha  0.000, steps in the past 0.000, valid nll 0.379
  [diag] log10|dL/dh_t| hist bins=60 range=(-12.50,-11.50) mean=-12.00 p50=-12.00 p05=-12.00 p95=-12.00
  [diag] sat-dist hist bins=60 sat<0.05=0.0% mean=0.883 p10=0.876 p90=0.893
  [diag] z-gate sat-dist hist bins=60 mean=0.120 p10=0.120 p90=0.120
  [diag] r-gate sat-dist hist bins=60 mean=0.497 p10=0.497 p90=0.497
Iter 0000560: train nll 0.441, valid error 100.000%, best valid error 100.000%, avg grad norm   0.156, avg grad norm (post clip)   0.000, rho_Whh  0.16, Omega  0.00, alpha  0.000, steps in the past 0.000, valid nll 0.373
  [diag] log10|dL/dh_t| hist bins=60 range=(-12.50,-11.50) mean=-12.00 p50=-12.00 p05=-12.00 p95=-12.00
  [diag] sat-dist hist bins=60 sat<0.05=0.0% mean=0.880 p10=0.872 p90=0.890
  [diag] z-gate sat-dist hist bins=60 mean=0.120 p10=0.120 p90=0.120
  [diag] r-gate sat-dist hist bins=60 mean=0.497 p10=0.497 p90=0.497
Iter 0000580: train nll 0.404, valid error 100.000%, best valid error 100.000%, avg grad norm   0.160, avg grad norm (post clip)   0.000, rho_Whh  0.16, Omega  0.00, alpha  0.000, steps in the past 0.000, valid nll 0.368
  [diag] log10|dL/dh_t| hist bins=60 range=(-12.50,-11.50) mean=-12.00 p50=-12.00 p05=-12.00 p95=-12.00
  [diag] sat-dist hist bins=60 sat<0.05=0.0% mean=0.878 p10=0.870 p90=0.888
  [diag] z-gate sat-dist hist bins=60 mean=0.120 p10=0.120 p90=0.120
  [diag] r-gate sat-dist hist bins=60 mean=0.497 p10=0.497 p90=0.497
Iter 0000600: train nll 0.460, valid error 100.000%, best valid error 100.000%, avg grad norm   0.119, avg grad norm (post clip)   0.000, rho_Whh  0.16, Omega  0.00, alpha  0.000, steps in the past 0.000, valid nll 0.364
  [diag] log10|dL/dh_t| hist bins=60 range=(-12.50,-11.50) mean=-12.00 p50=-12.00 p05=-12.00 p95=-12.00
  [diag] sat-dist hist bins=60 sat<0.05=0.0% mean=0.876 p10=0.868 p90=0.886
  [diag] z-gate sat-dist hist bins=60 mean=0.120 p10=0.120 p90=0.120
  [diag] r-gate sat-dist hist bins=60 mean=0.497 p10=0.497 p90=0.497
Iter 0000620: train nll 0.413, valid error 100.000%, best valid error 100.000%, avg grad norm   0.131, avg grad norm (post clip)   0.000, rho_Whh  0.17, Omega  0.00, alpha  0.000, steps in the past 0.000, valid nll 0.360
  [diag] log10|dL/dh_t| hist bins=60 range=(-12.50,-11.50) mean=-12.00 p50=-12.00 p05=-12.00 p95=-12.00
  [diag] sat-dist hist bins=60 sat<0.05=0.0% mean=0.874 p10=0.866 p90=0.885
  [diag] z-gate sat-dist hist bins=60 mean=0.120 p10=0.120 p90=0.120
  [diag] r-gate sat-dist hist bins=60 mean=0.497 p10=0.497 p90=0.497
Iter 0000640: train nll 0.435, valid error 100.000%, best valid error 100.000%, avg grad norm   0.111, avg grad norm (post clip)   0.000, rho_Whh  0.17, Omega  0.00, alpha  0.000, steps in the past 0.000, valid nll 0.357
  [diag] log10|dL/dh_t| hist bins=60 range=(-12.50,-11.50) mean=-12.00 p50=-12.00 p05=-12.00 p95=-12.00
  [diag] sat-dist hist bins=60 sat<0.05=0.0% mean=0.871 p10=0.863 p90=0.882
  [diag] z-gate sat-dist hist bins=60 mean=0.120 p10=0.120 p90=0.120
  [diag] r-gate sat-dist hist bins=60 mean=0.497 p10=0.497 p90=0.497
Iter 0000660: train nll 0.367, valid error 100.000%, best valid error 100.000%, avg grad norm   0.133, avg grad norm (post clip)   0.000, rho_Whh  0.18, Omega  0.00, alpha  0.000, steps in the past 0.000, valid nll 0.353
  [diag] log10|dL/dh_t| hist bins=60 range=(-12.50,-11.50) mean=-12.00 p50=-12.00 p05=-12.00 p95=-12.00
  [diag] sat-dist hist bins=60 sat<0.05=0.0% mean=0.869 p10=0.861 p90=0.881
  [diag] z-gate sat-dist hist bins=60 mean=0.120 p10=0.120 p90=0.120
  [diag] r-gate sat-dist hist bins=60 mean=0.497 p10=0.497 p90=0.497
Iter 0000680: train nll 0.403, valid error 100.000%, best valid error 100.000%, avg grad norm   0.108, avg grad norm (post clip)   0.000, rho_Whh  0.18, Omega  0.00, alpha  0.000, steps in the past 0.000, valid nll 0.351
  [diag] log10|dL/dh_t| hist bins=60 range=(-12.50,-11.50) mean=-12.00 p50=-12.00 p05=-12.00 p95=-12.00
  [diag] sat-dist hist bins=60 sat<0.05=0.0% mean=0.868 p10=0.860 p90=0.880
  [diag] z-gate sat-dist hist bins=60 mean=0.120 p10=0.120 p90=0.120
  [diag] r-gate sat-dist hist bins=60 mean=0.497 p10=0.497 p90=0.497
Iter 0000700: train nll 0.431, valid error 100.000%, best valid error 100.000%, avg grad norm   0.092, avg grad norm (post clip)   0.000, rho_Whh  0.18, Omega  0.00, alpha  0.000, steps in the past 0.000, valid nll 0.349
  [diag] log10|dL/dh_t| hist bins=60 range=(-12.50,-11.50) mean=-12.00 p50=-12.00 p05=-12.00 p95=-12.00
  [diag] sat-dist hist bins=60 sat<0.05=0.0% mean=0.867 p10=0.859 p90=0.879
  [diag] z-gate sat-dist hist bins=60 mean=0.120 p10=0.120 p90=0.120
  [diag] r-gate sat-dist hist bins=60 mean=0.497 p10=0.497 p90=0.497
Iter 0000720: train nll 0.438, valid error 100.000%, best valid error 100.000%, avg grad norm   0.084, avg grad norm (post clip)   0.000, rho_Whh  0.18, Omega  0.00, alpha  0.000, steps in the past 0.000, valid nll 0.347
  [diag] log10|dL/dh_t| hist bins=60 range=(-12.50,-11.50) mean=-12.00 p50=-12.00 p05=-12.00 p95=-12.00
  [diag] sat-dist hist bins=60 sat<0.05=0.0% mean=0.866 p10=0.857 p90=0.877
  [diag] z-gate sat-dist hist bins=60 mean=0.120 p10=0.120 p90=0.120
  [diag] r-gate sat-dist hist bins=60 mean=0.497 p10=0.497 p90=0.497
Iter 0000740: train nll 0.390, valid error 100.000%, best valid error 100.000%, avg grad norm   0.097, avg grad norm (post clip)   0.000, rho_Whh  0.18, Omega  0.00, alpha  0.000, steps in the past 0.000, valid nll 0.346
  [diag] log10|dL/dh_t| hist bins=60 range=(-12.50,-11.50) mean=-12.00 p50=-12.00 p05=-12.00 p95=-12.00
  [diag] sat-dist hist bins=60 sat<0.05=0.0% mean=0.864 p10=0.856 p90=0.876
  [diag] z-gate sat-dist hist bins=60 mean=0.120 p10=0.120 p90=0.120
  [diag] r-gate sat-dist hist bins=60 mean=0.497 p10=0.497 p90=0.497
Iter 0000760: train nll 0.390, valid error 100.000%, best valid error 100.000%, avg grad norm   0.090, avg grad norm (post clip)   0.000, rho_Whh  0.19, Omega  0.00, alpha  0.000, steps in the past 0.000, valid nll 0.344
  [diag] log10|dL/dh_t| hist bins=60 range=(-12.50,-11.50) mean=-12.00 p50=-12.00 p05=-12.00 p95=-12.00
  [diag] sat-dist hist bins=60 sat<0.05=0.0% mean=0.863 p10=0.854 p90=0.875
  [diag] z-gate sat-dist hist bins=60 mean=0.120 p10=0.120 p90=0.120
  [diag] r-gate sat-dist hist bins=60 mean=0.497 p10=0.497 p90=0.497
Iter 0000780: train nll 0.376, valid error 100.000%, best valid error 100.000%, avg grad norm   0.085, avg grad norm (post clip)   0.000, rho_Whh  0.19, Omega  0.00, alpha  0.000, steps in the past 0.000, valid nll 0.342
  [diag] log10|dL/dh_t| hist bins=60 range=(-12.50,-11.50) mean=-12.00 p50=-12.00 p05=-12.00 p95=-12.00
  [diag] sat-dist hist bins=60 sat<0.05=0.0% mean=0.862 p10=0.853 p90=0.874
  [diag] z-gate sat-dist hist bins=60 mean=0.120 p10=0.120 p90=0.120
  [diag] r-gate sat-dist hist bins=60 mean=0.497 p10=0.497 p90=0.497
Iter 0000800: train nll 0.417, valid error 100.000%, best valid error 100.000%, avg grad norm   0.070, avg grad norm (post clip)   0.000, rho_Whh  0.19, Omega  0.00, alpha  0.000, steps in the past 0.000, valid nll 0.341
  [diag] log10|dL/dh_t| hist bins=60 range=(-12.50,-11.50) mean=-12.00 p50=-12.00 p05=-12.00 p95=-12.00
  [diag] sat-dist hist bins=60 sat<0.05=0.0% mean=0.861 p10=0.852 p90=0.873
  [diag] z-gate sat-dist hist bins=60 mean=0.120 p10=0.120 p90=0.120
  [diag] r-gate sat-dist hist bins=60 mean=0.497 p10=0.497 p90=0.497
Iter 0000820: train nll 0.386, valid error 100.000%, best valid error 100.000%, avg grad norm   0.075, avg grad norm (post clip)   0.000, rho_Whh  0.19, Omega  0.00, alpha  0.000, steps in the past 0.000, valid nll 0.340
  [diag] log10|dL/dh_t| hist bins=60 range=(-12.50,-11.50) mean=-12.00 p50=-12.00 p05=-12.00 p95=-12.00
  [diag] sat-dist hist bins=60 sat<0.05=0.0% mean=0.860 p10=0.851 p90=0.872
  [diag] z-gate sat-dist hist bins=60 mean=0.120 p10=0.120 p90=0.120
  [diag] r-gate sat-dist hist bins=60 mean=0.497 p10=0.497 p90=0.497
Iter 0000840: train nll 0.412, valid error 100.000%, best valid error 100.000%, avg grad norm   0.071, avg grad norm (post clip)   0.000, rho_Whh  0.19, Omega  0.00, alpha  0.000, steps in the past 0.000, valid nll 0.340
  [diag] log10|dL/dh_t| hist bins=60 range=(-12.50,-11.50) mean=-12.00 p50=-12.00 p05=-12.00 p95=-12.00
  [diag] sat-dist hist bins=60 sat<0.05=0.0% mean=0.860 p10=0.851 p90=0.872
  [diag] z-gate sat-dist hist bins=60 mean=0.120 p10=0.120 p90=0.120
  [diag] r-gate sat-dist hist bins=60 mean=0.497 p10=0.497 p90=0.497
Iter 0000860: train nll 0.426, valid error 100.000%, best valid error 100.000%, avg grad norm   0.064, avg grad norm (post clip)   0.000, rho_Whh  0.19, Omega  0.00, alpha  0.000, steps in the past 0.000, valid nll 0.339
  [diag] log10|dL/dh_t| hist bins=60 range=(-12.50,-11.50) mean=-12.00 p50=-12.00 p05=-12.00 p95=-12.00
  [diag] sat-dist hist bins=60 sat<0.05=0.0% mean=0.859 p10=0.850 p90=0.871
  [diag] z-gate sat-dist hist bins=60 mean=0.120 p10=0.120 p90=0.120
  [diag] r-gate sat-dist hist bins=60 mean=0.497 p10=0.497 p90=0.497
Iter 0000880: train nll 0.394, valid error 100.000%, best valid error 100.000%, avg grad norm   0.070, avg grad norm (post clip)   0.000, rho_Whh  0.19, Omega  0.00, alpha  0.000, steps in the past 0.000, valid nll 0.338
  [diag] log10|dL/dh_t| hist bins=60 range=(-12.50,-11.50) mean=-12.00 p50=-12.00 p05=-12.00 p95=-12.00
  [diag] sat-dist hist bins=60 sat<0.05=0.0% mean=0.858 p10=0.849 p90=0.870
  [diag] z-gate sat-dist hist bins=60 mean=0.120 p10=0.120 p90=0.120
  [diag] r-gate sat-dist hist bins=60 mean=0.497 p10=0.497 p90=0.497
Iter 0000900: train nll 0.384, valid error 100.000%, best valid error 100.000%, avg grad norm   0.073, avg grad norm (post clip)   0.000, rho_Whh  0.19, Omega  0.00, alpha  0.000, steps in the past 0.000, valid nll 0.338
  [diag] log10|dL/dh_t| hist bins=60 range=(-12.50,-11.50) mean=-12.00 p50=-12.00 p05=-12.00 p95=-12.00
  [diag] sat-dist hist bins=60 sat<0.05=0.0% mean=0.858 p10=0.849 p90=0.870
  [diag] z-gate sat-dist hist bins=60 mean=0.120 p10=0.120 p90=0.120
  [diag] r-gate sat-dist hist bins=60 mean=0.497 p10=0.497 p90=0.497
Iter 0000920: train nll 0.431, valid error 100.000%, best valid error 100.000%, avg grad norm   0.071, avg grad norm (post clip)   0.000, rho_Whh  0.19, Omega  0.00, alpha  0.000, steps in the past 0.000, valid nll 0.337
  [diag] log10|dL/dh_t| hist bins=60 range=(-12.50,-11.50) mean=-12.00 p50=-12.00 p05=-12.00 p95=-12.00
  [diag] sat-dist hist bins=60 sat<0.05=0.0% mean=0.858 p10=0.849 p90=0.870
  [diag] z-gate sat-dist hist bins=60 mean=0.120 p10=0.120 p90=0.120
  [diag] r-gate sat-dist hist bins=60 mean=0.497 p10=0.497 p90=0.497
Iter 0000940: train nll 0.411, valid error 100.000%, best valid error 100.000%, avg grad norm   0.062, avg grad norm (post clip)   0.000, rho_Whh  0.19, Omega  0.00, alpha  0.000, steps in the past 0.000, valid nll 0.337
  [diag] log10|dL/dh_t| hist bins=60 range=(-12.50,-11.50) mean=-12.00 p50=-12.00 p05=-12.00 p95=-12.00
  [diag] sat-dist hist bins=60 sat<0.05=0.0% mean=0.857 p10=0.849 p90=0.870
  [diag] z-gate sat-dist hist bins=60 mean=0.120 p10=0.120 p90=0.120
  [diag] r-gate sat-dist hist bins=60 mean=0.497 p10=0.497 p90=0.497
Iter 0000960: train nll 0.427, valid error 100.000%, best valid error 100.000%, avg grad norm   0.068, avg grad norm (post clip)   0.000, rho_Whh  0.19, Omega  0.00, alpha  0.000, steps in the past 0.000, valid nll 0.337
  [diag] log10|dL/dh_t| hist bins=60 range=(-12.50,-11.50) mean=-12.00 p50=-12.00 p05=-12.00 p95=-12.00
  [diag] sat-dist hist bins=60 sat<0.05=0.0% mean=0.857 p10=0.848 p90=0.869
  [diag] z-gate sat-dist hist bins=60 mean=0.120 p10=0.120 p90=0.120
  [diag] r-gate sat-dist hist bins=60 mean=0.497 p10=0.497 p90=0.497
Iter 0000980: train nll 0.380, valid error 100.000%, best valid error 100.000%, avg grad norm   0.063, avg grad norm (post clip)   0.000, rho_Whh  0.19, Omega  0.00, alpha  0.000, steps in the past 0.000, valid nll 0.336
  [diag] log10|dL/dh_t| hist bins=60 range=(-12.50,-11.50) mean=-12.00 p50=-12.00 p05=-12.00 p95=-12.00
  [diag] sat-dist hist bins=60 sat<0.05=0.0% mean=0.857 p10=0.848 p90=0.869
  [diag] z-gate sat-dist hist bins=60 mean=0.120 p10=0.120 p90=0.120
  [diag] r-gate sat-dist hist bins=60 mean=0.497 p10=0.497 p90=0.497
Iter 0001000: train nll 0.422, valid error 100.000%, best valid error 100.000%, avg grad norm   0.063, avg grad norm (post clip)   0.000, rho_Whh  0.19, Omega  0.00, alpha  0.000, steps in the past 0.000, valid nll 0.336
  [diag] log10|dL/dh_t| hist bins=60 range=(-12.50,-11.50) mean=-12.00 p50=-12.00 p05=-12.00 p95=-12.00
  [diag] sat-dist hist bins=60 sat<0.05=0.0% mean=0.857 p10=0.848 p90=0.869
  [diag] z-gate sat-dist hist bins=60 mean=0.120 p10=0.120 p90=0.120
  [diag] r-gate sat-dist hist bins=60 mean=0.497 p10=0.497 p90=0.497
Iter 0001020: train nll 0.412, valid error 100.000%, best valid error 100.000%, avg grad norm   0.060, avg grad norm (post clip)   0.000, rho_Whh  0.19, Omega  0.00, alpha  0.000, steps in the past 0.000, valid nll 0.336
  [diag] log10|dL/dh_t| hist bins=60 range=(-12.50,-11.50) mean=-12.00 p50=-12.00 p05=-12.00 p95=-12.00
  [diag] sat-dist hist bins=60 sat<0.05=0.0% mean=0.856 p10=0.847 p90=0.868
  [diag] z-gate sat-dist hist bins=60 mean=0.120 p10=0.120 p90=0.120
  [diag] r-gate sat-dist hist bins=60 mean=0.497 p10=0.497 p90=0.497
Iter 0001040: train nll 0.390, valid error 100.000%, best valid error 100.000%, avg grad norm   0.060, avg grad norm (post clip)   0.000, rho_Whh  0.19, Omega  0.00, alpha  0.000, steps in the past 0.000, valid nll 0.335
  [diag] log10|dL/dh_t| hist bins=60 range=(-12.50,-11.50) mean=-12.00 p50=-12.00 p05=-12.00 p95=-12.00
  [diag] sat-dist hist bins=60 sat<0.05=0.0% mean=0.856 p10=0.847 p90=0.868
  [diag] z-gate sat-dist hist bins=60 mean=0.120 p10=0.120 p90=0.120
  [diag] r-gate sat-dist hist bins=60 mean=0.497 p10=0.497 p90=0.497
Iter 0001060: train nll 0.372, valid error 100.000%, best valid error 100.000%, avg grad norm   0.060, avg grad norm (post clip)   0.000, rho_Whh  0.19, Omega  0.00, alpha  0.000, steps in the past 0.000, valid nll 0.335
  [diag] log10|dL/dh_t| hist bins=60 range=(-12.50,-11.50) mean=-12.00 p50=-12.00 p05=-12.00 p95=-12.00
  [diag] sat-dist hist bins=60 sat<0.05=0.0% mean=0.856 p10=0.847 p90=0.868
  [diag] z-gate sat-dist hist bins=60 mean=0.120 p10=0.120 p90=0.120
  [diag] r-gate sat-dist hist bins=60 mean=0.497 p10=0.497 p90=0.497
Iter 0001080: train nll 0.429, valid error 100.000%, best valid error 100.000%, avg grad norm   0.070, avg grad norm (post clip)   0.000, rho_Whh  0.19, Omega  0.00, alpha  0.000, steps in the past 0.000, valid nll 0.335
  [diag] log10|dL/dh_t| hist bins=60 range=(-12.50,-11.50) mean=-12.00 p50=-12.00 p05=-12.00 p95=-12.00
  [diag] sat-dist hist bins=60 sat<0.05=0.0% mean=0.856 p10=0.847 p90=0.868
  [diag] z-gate sat-dist hist bins=60 mean=0.120 p10=0.120 p90=0.120
  [diag] r-gate sat-dist hist bins=60 mean=0.497 p10=0.497 p90=0.497
Iter 0001100: train nll 0.414, valid error 100.000%, best valid error 100.000%, avg grad norm   0.064, avg grad norm (post clip)   0.000, rho_Whh  0.19, Omega  0.00, alpha  0.000, steps in the past 0.000, valid nll 0.335
  [diag] log10|dL/dh_t| hist bins=60 range=(-12.50,-11.50) mean=-12.00 p50=-12.00 p05=-12.00 p95=-12.00
  [diag] sat-dist hist bins=60 sat<0.05=0.0% mean=0.855 p10=0.846 p90=0.868
  [diag] z-gate sat-dist hist bins=60 mean=0.120 p10=0.120 p90=0.120
  [diag] r-gate sat-dist hist bins=60 mean=0.497 p10=0.497 p90=0.497
Iter 0001120: train nll 0.383, valid error 100.000%, best valid error 100.000%, avg grad norm   0.059, avg grad norm (post clip)   0.000, rho_Whh  0.19, Omega  0.00, alpha  0.000, steps in the past 0.000, valid nll 0.334
  [diag] log10|dL/dh_t| hist bins=60 range=(-12.50,-11.50) mean=-12.00 p50=-12.00 p05=-12.00 p95=-12.00
  [diag] sat-dist hist bins=60 sat<0.05=0.0% mean=0.856 p10=0.847 p90=0.868
  [diag] z-gate sat-dist hist bins=60 mean=0.120 p10=0.120 p90=0.120
  [diag] r-gate sat-dist hist bins=60 mean=0.497 p10=0.497 p90=0.497
Iter 0001140: train nll 0.418, valid error 100.000%, best valid error 100.000%, avg grad norm   0.072, avg grad norm (post clip)   0.000, rho_Whh  0.19, Omega  0.00, alpha  0.000, steps in the past 0.000, valid nll 0.334
  [diag] log10|dL/dh_t| hist bins=60 range=(-12.50,-11.50) mean=-12.00 p50=-12.00 p05=-12.00 p95=-12.00
  [diag] sat-dist hist bins=60 sat<0.05=0.0% mean=0.855 p10=0.846 p90=0.867
  [diag] z-gate sat-dist hist bins=60 mean=0.120 p10=0.120 p90=0.120
  [diag] r-gate sat-dist hist bins=60 mean=0.497 p10=0.497 p90=0.497
Iter 0001160: train nll 0.358, valid error 100.000%, best valid error 100.000%, avg grad norm   0.049, avg grad norm (post clip)   0.000, rho_Whh  0.19, Omega  0.00, alpha  0.000, steps in the past 0.000, valid nll 0.334
  [diag] log10|dL/dh_t| hist bins=60 range=(-12.50,-11.50) mean=-12.00 p50=-12.00 p05=-12.00 p95=-12.00
  [diag] sat-dist hist bins=60 sat<0.05=0.0% mean=0.855 p10=0.846 p90=0.867
  [diag] z-gate sat-dist hist bins=60 mean=0.120 p10=0.120 p90=0.120
  [diag] r-gate sat-dist hist bins=60 mean=0.497 p10=0.497 p90=0.497
Iter 0001180: train nll 0.414, valid error 100.000%, best valid error 100.000%, avg grad norm   0.056, avg grad norm (post clip)   0.000, rho_Whh  0.19, Omega  0.00, alpha  0.000, steps in the past 0.000, valid nll 0.334
  [diag] log10|dL/dh_t| hist bins=60 range=(-12.50,-11.50) mean=-12.00 p50=-12.00 p05=-12.00 p95=-12.00
  [diag] sat-dist hist bins=60 sat<0.05=0.0% mean=0.855 p10=0.846 p90=0.867
  [diag] z-gate sat-dist hist bins=60 mean=0.120 p10=0.120 p90=0.120
  [diag] r-gate sat-dist hist bins=60 mean=0.497 p10=0.497 p90=0.497
Iter 0001200: train nll 0.406, valid error 100.000%, best valid error 100.000%, avg grad norm   0.051, avg grad norm (post clip)   0.000, rho_Whh  0.19, Omega  0.00, alpha  0.000, steps in the past 0.000, valid nll 0.334
  [diag] log10|dL/dh_t| hist bins=60 range=(-12.50,-11.50) mean=-12.00 p50=-12.00 p05=-12.00 p95=-12.00
  [diag] sat-dist hist bins=60 sat<0.05=0.0% mean=0.855 p10=0.847 p90=0.867
  [diag] z-gate sat-dist hist bins=60 mean=0.120 p10=0.120 p90=0.120
  [diag] r-gate sat-dist hist bins=60 mean=0.497 p10=0.497 p90=0.497
Iter 0001220: train nll 0.432, valid error 100.000%, best valid error 100.000%, avg grad norm   0.059, avg grad norm (post clip)   0.000, rho_Whh  0.18, Omega  0.00, alpha  0.000, steps in the past 0.000, valid nll 0.334
  [diag] log10|dL/dh_t| hist bins=60 range=(-12.50,-11.50) mean=-12.00 p50=-12.00 p05=-12.00 p95=-12.00
  [diag] sat-dist hist bins=60 sat<0.05=0.0% mean=0.856 p10=0.847 p90=0.867
  [diag] z-gate sat-dist hist bins=60 mean=0.120 p10=0.120 p90=0.120
  [diag] r-gate sat-dist hist bins=60 mean=0.497 p10=0.497 p90=0.497
Iter 0001240: train nll 0.411, valid error 100.000%, best valid error 100.000%, avg grad norm   0.051, avg grad norm (post clip)   0.000, rho_Whh  0.18, Omega  0.00, alpha  0.000, steps in the past 0.000, valid nll 0.334
  [diag] log10|dL/dh_t| hist bins=60 range=(-12.50,-11.50) mean=-12.00 p50=-12.00 p05=-12.00 p95=-12.00
  [diag] sat-dist hist bins=60 sat<0.05=0.0% mean=0.856 p10=0.847 p90=0.867
  [diag] z-gate sat-dist hist bins=60 mean=0.120 p10=0.120 p90=0.120
  [diag] r-gate sat-dist hist bins=60 mean=0.497 p10=0.497 p90=0.497
Iter 0001260: train nll 0.398, valid error 100.000%, best valid error 100.000%, avg grad norm   0.062, avg grad norm (post clip)   0.000, rho_Whh  0.18, Omega  0.00, alpha  0.000, steps in the past 0.000, valid nll 0.333
  [diag] log10|dL/dh_t| hist bins=60 range=(-12.50,-11.50) mean=-12.00 p50=-12.00 p05=-12.00 p95=-12.00
  [diag] sat-dist hist bins=60 sat<0.05=0.0% mean=0.855 p10=0.846 p90=0.867
  [diag] z-gate sat-dist hist bins=60 mean=0.120 p10=0.120 p90=0.120
  [diag] r-gate sat-dist hist bins=60 mean=0.497 p10=0.497 p90=0.497
Iter 0001280: train nll 0.387, valid error 100.000%, best valid error 100.000%, avg grad norm   0.057, avg grad norm (post clip)   0.000, rho_Whh  0.18, Omega  0.00, alpha  0.000, steps in the past 0.000, valid nll 0.333
  [diag] log10|dL/dh_t| hist bins=60 range=(-12.50,-11.50) mean=-12.00 p50=-12.00 p05=-12.00 p95=-12.00
  [diag] sat-dist hist bins=60 sat<0.05=0.0% mean=0.856 p10=0.847 p90=0.867
  [diag] z-gate sat-dist hist bins=60 mean=0.120 p10=0.120 p90=0.120
  [diag] r-gate sat-dist hist bins=60 mean=0.497 p10=0.497 p90=0.497
Iter 0001300: train nll 0.414, valid error 100.000%, best valid error 100.000%, avg grad norm   0.058, avg grad norm (post clip)   0.000, rho_Whh  0.18, Omega  0.00, alpha  0.000, steps in the past 0.000, valid nll 0.333
  [diag] log10|dL/dh_t| hist bins=60 range=(-12.50,-11.50) mean=-12.00 p50=-12.00 p05=-12.00 p95=-12.00
  [diag] sat-dist hist bins=60 sat<0.05=0.0% mean=0.856 p10=0.847 p90=0.868
  [diag] z-gate sat-dist hist bins=60 mean=0.120 p10=0.120 p90=0.120
  [diag] r-gate sat-dist hist bins=60 mean=0.497 p10=0.497 p90=0.497
Iter 0001320: train nll 0.448, valid error 100.000%, best valid error 100.000%, avg grad norm   0.057, avg grad norm (post clip)   0.000, rho_Whh  0.18, Omega  0.00, alpha  0.000, steps in the past 0.000, valid nll 0.333
  [diag] log10|dL/dh_t| hist bins=60 range=(-12.50,-11.50) mean=-12.00 p50=-12.00 p05=-12.00 p95=-12.00
  [diag] sat-dist hist bins=60 sat<0.05=0.0% mean=0.856 p10=0.848 p90=0.868
  [diag] z-gate sat-dist hist bins=60 mean=0.120 p10=0.120 p90=0.120
  [diag] r-gate sat-dist hist bins=60 mean=0.497 p10=0.497 p90=0.497
Iter 0001340: train nll 0.425, valid error 100.000%, best valid error 100.000%, avg grad norm   0.052, avg grad norm (post clip)   0.000, rho_Whh  0.17, Omega  0.00, alpha  0.000, steps in the past 0.000, valid nll 0.333
  [diag] log10|dL/dh_t| hist bins=60 range=(-12.50,-11.50) mean=-12.00 p50=-12.00 p05=-12.00 p95=-12.00
  [diag] sat-dist hist bins=60 sat<0.05=0.0% mean=0.857 p10=0.848 p90=0.868
  [diag] z-gate sat-dist hist bins=60 mean=0.120 p10=0.120 p90=0.120
  [diag] r-gate sat-dist hist bins=60 mean=0.497 p10=0.497 p90=0.497
Iter 0001360: train nll 0.414, valid error 100.000%, best valid error 100.000%, avg grad norm   0.062, avg grad norm (post clip)   0.000, rho_Whh  0.17, Omega  0.00, alpha  0.000, steps in the past 0.000, valid nll 0.333
  [diag] log10|dL/dh_t| hist bins=60 range=(-12.50,-11.50) mean=-12.00 p50=-12.00 p05=-12.00 p95=-12.00
  [diag] sat-dist hist bins=60 sat<0.05=0.0% mean=0.856 p10=0.848 p90=0.868
  [diag] z-gate sat-dist hist bins=60 mean=0.120 p10=0.120 p90=0.120
  [diag] r-gate sat-dist hist bins=60 mean=0.497 p10=0.497 p90=0.497
Iter 0001380: train nll 0.387, valid error 100.000%, best valid error 100.000%, avg grad norm   0.055, avg grad norm (post clip)   0.000, rho_Whh  0.17, Omega  0.00, alpha  0.000, steps in the past 0.000, valid nll 0.333
  [diag] log10|dL/dh_t| hist bins=60 range=(-12.50,-11.50) mean=-12.00 p50=-12.00 p05=-12.00 p95=-12.00
  [diag] sat-dist hist bins=60 sat<0.05=0.0% mean=0.857 p10=0.848 p90=0.868
  [diag] z-gate sat-dist hist bins=60 mean=0.120 p10=0.120 p90=0.120
  [diag] r-gate sat-dist hist bins=60 mean=0.497 p10=0.497 p90=0.497
Iter 0001400: train nll 0.428, valid error 100.000%, best valid error 100.000%, avg grad norm   0.068, avg grad norm (post clip)   0.000, rho_Whh  0.17, Omega  0.00, alpha  0.000, steps in the past 0.000, valid nll 0.333
  [diag] log10|dL/dh_t| hist bins=60 range=(-12.50,-11.50) mean=-12.00 p50=-12.00 p05=-12.00 p95=-12.00
  [diag] sat-dist hist bins=60 sat<0.05=0.0% mean=0.857 p10=0.848 p90=0.868
  [diag] z-gate sat-dist hist bins=60 mean=0.120 p10=0.120 p90=0.120
  [diag] r-gate sat-dist hist bins=60 mean=0.497 p10=0.497 p90=0.497
Iter 0001420: train nll 0.418, valid error 100.000%, best valid error 100.000%, avg grad norm   0.059, avg grad norm (post clip)   0.000, rho_Whh  0.17, Omega  0.00, alpha  0.000, steps in the past 0.000, valid nll 0.333
  [diag] log10|dL/dh_t| hist bins=60 range=(-12.50,-11.50) mean=-12.00 p50=-12.00 p05=-12.00 p95=-12.00
  [diag] sat-dist hist bins=60 sat<0.05=0.0% mean=0.858 p10=0.849 p90=0.869
  [diag] z-gate sat-dist hist bins=60 mean=0.120 p10=0.120 p90=0.120
  [diag] r-gate sat-dist hist bins=60 mean=0.497 p10=0.497 p90=0.497
Iter 0001440: train nll 0.434, valid error 100.000%, best valid error 100.000%, avg grad norm   0.060, avg grad norm (post clip)   0.000, rho_Whh  0.17, Omega  0.00, alpha  0.000, steps in the past 0.000, valid nll 0.333
  [diag] log10|dL/dh_t| hist bins=60 range=(-12.50,-11.50) mean=-12.00 p50=-12.00 p05=-12.00 p95=-12.00
  [diag] sat-dist hist bins=60 sat<0.05=0.0% mean=0.857 p10=0.849 p90=0.869
  [diag] z-gate sat-dist hist bins=60 mean=0.120 p10=0.120 p90=0.120
  [diag] r-gate sat-dist hist bins=60 mean=0.497 p10=0.497 p90=0.497
Iter 0001460: train nll 0.399, valid error 100.000%, best valid error 100.000%, avg grad norm   0.057, avg grad norm (post clip)   0.000, rho_Whh  0.17, Omega  0.00, alpha  0.000, steps in the past 0.000, valid nll 0.333
  [diag] log10|dL/dh_t| hist bins=60 range=(-12.50,-11.50) mean=-12.00 p50=-12.00 p05=-12.00 p95=-12.00
  [diag] sat-dist hist bins=60 sat<0.05=0.0% mean=0.858 p10=0.849 p90=0.869
  [diag] z-gate sat-dist hist bins=60 mean=0.120 p10=0.120 p90=0.120
  [diag] r-gate sat-dist hist bins=60 mean=0.497 p10=0.497 p90=0.497
Iter 0001480: train nll 0.413, valid error 100.000%, best valid error 100.000%, avg grad norm   0.054, avg grad norm (post clip)   0.000, rho_Whh  0.16, Omega  0.00, alpha  0.000, steps in the past 0.000, valid nll 0.333
  [diag] log10|dL/dh_t| hist bins=60 range=(-12.50,-11.50) mean=-12.00 p50=-12.00 p05=-12.00 p95=-12.00
  [diag] sat-dist hist bins=60 sat<0.05=0.0% mean=0.858 p10=0.849 p90=0.869
  [diag] z-gate sat-dist hist bins=60 mean=0.120 p10=0.120 p90=0.120
  [diag] r-gate sat-dist hist bins=60 mean=0.497 p10=0.497 p90=0.497
Iter 0001500: train nll 0.397, valid error 100.000%, best valid error 100.000%, avg grad norm   0.046, avg grad norm (post clip)   0.000, rho_Whh  0.16, Omega  0.00, alpha  0.000, steps in the past 0.000, valid nll 0.333
  [diag] log10|dL/dh_t| hist bins=60 range=(-12.50,-11.50) mean=-12.00 p50=-12.00 p05=-12.00 p95=-12.00
  [diag] sat-dist hist bins=60 sat<0.05=0.0% mean=0.858 p10=0.849 p90=0.869
  [diag] z-gate sat-dist hist bins=60 mean=0.120 p10=0.120 p90=0.120
  [diag] r-gate sat-dist hist bins=60 mean=0.497 p10=0.497 p90=0.497
Iter 0001520: train nll 0.414, valid error 100.000%, best valid error 100.000%, avg grad norm   0.059, avg grad norm (post clip)   0.000, rho_Whh  0.16, Omega  0.00, alpha  0.000, steps in the past 0.000, valid nll 0.333
  [diag] log10|dL/dh_t| hist bins=60 range=(-12.50,-11.50) mean=-12.00 p50=-12.00 p05=-12.00 p95=-12.00
  [diag] sat-dist hist bins=60 sat<0.05=0.0% mean=0.858 p10=0.850 p90=0.869
  [diag] z-gate sat-dist hist bins=60 mean=0.120 p10=0.120 p90=0.120
  [diag] r-gate sat-dist hist bins=60 mean=0.497 p10=0.497 p90=0.497
Iter 0001540: train nll 0.445, valid error 100.000%, best valid error 100.000%, avg grad norm   0.068, avg grad norm (post clip)   0.000, rho_Whh  0.16, Omega  0.00, alpha  0.000, steps in the past 0.000, valid nll 0.333
  [diag] log10|dL/dh_t| hist bins=60 range=(-12.50,-11.50) mean=-12.00 p50=-12.00 p05=-12.00 p95=-12.00
  [diag] sat-dist hist bins=60 sat<0.05=0.0% mean=0.859 p10=0.850 p90=0.869
  [diag] z-gate sat-dist hist bins=60 mean=0.120 p10=0.120 p90=0.120
  [diag] r-gate sat-dist hist bins=60 mean=0.497 p10=0.497 p90=0.497
Iter 0001560: train nll 0.406, valid error 100.000%, best valid error 100.000%, avg grad norm   0.058, avg grad norm (post clip)   0.000, rho_Whh  0.16, Omega  0.00, alpha  0.000, steps in the past 0.000, valid nll 0.333
  [diag] log10|dL/dh_t| hist bins=60 range=(-12.50,-11.50) mean=-12.00 p50=-12.00 p05=-12.00 p95=-12.00
  [diag] sat-dist hist bins=60 sat<0.05=0.0% mean=0.858 p10=0.850 p90=0.869
  [diag] z-gate sat-dist hist bins=60 mean=0.120 p10=0.120 p90=0.120
  [diag] r-gate sat-dist hist bins=60 mean=0.497 p10=0.497 p90=0.497
Iter 0001580: train nll 0.380, valid error 100.000%, best valid error 100.000%, avg grad norm   0.051, avg grad norm (post clip)   0.000, rho_Whh  0.16, Omega  0.00, alpha  0.000, steps in the past 0.000, valid nll 0.332
  [diag] log10|dL/dh_t| hist bins=60 range=(-12.50,-11.50) mean=-12.00 p50=-12.00 p05=-12.00 p95=-12.00
  [diag] sat-dist hist bins=60 sat<0.05=0.0% mean=0.858 p10=0.850 p90=0.869
  [diag] z-gate sat-dist hist bins=60 mean=0.120 p10=0.120 p90=0.120
  [diag] r-gate sat-dist hist bins=60 mean=0.497 p10=0.497 p90=0.497
Iter 0001600: train nll 0.392, valid error 100.000%, best valid error 100.000%, avg grad norm   0.057, avg grad norm (post clip)   0.000, rho_Whh  0.16, Omega  0.00, alpha  0.000, steps in the past 0.000, valid nll 0.332
  [diag] log10|dL/dh_t| hist bins=60 range=(-12.50,-11.50) mean=-12.00 p50=-12.00 p05=-12.00 p95=-12.00
  [diag] sat-dist hist bins=60 sat<0.05=0.0% mean=0.858 p10=0.850 p90=0.869
  [diag] z-gate sat-dist hist bins=60 mean=0.120 p10=0.120 p90=0.120
  [diag] r-gate sat-dist hist bins=60 mean=0.497 p10=0.497 p90=0.497
Iter 0001620: train nll 0.393, valid error 100.000%, best valid error 100.000%, avg grad norm   0.044, avg grad norm (post clip)   0.000, rho_Whh  0.16, Omega  0.00, alpha  0.000, steps in the past 0.000, valid nll 0.332
  [diag] log10|dL/dh_t| hist bins=60 range=(-12.50,-11.50) mean=-12.00 p50=-12.00 p05=-12.00 p95=-12.00
  [diag] sat-dist hist bins=60 sat<0.05=0.0% mean=0.858 p10=0.850 p90=0.869
  [diag] z-gate sat-dist hist bins=60 mean=0.120 p10=0.120 p90=0.120
  [diag] r-gate sat-dist hist bins=60 mean=0.497 p10=0.497 p90=0.497
Iter 0001640: train nll 0.379, valid error 100.000%, best valid error 100.000%, avg grad norm   0.052, avg grad norm (post clip)   0.000, rho_Whh  0.16, Omega  0.00, alpha  0.000, steps in the past 0.000, valid nll 0.332
  [diag] log10|dL/dh_t| hist bins=60 range=(-12.50,-11.50) mean=-12.00 p50=-12.00 p05=-12.00 p95=-12.00
  [diag] sat-dist hist bins=60 sat<0.05=0.0% mean=0.858 p10=0.850 p90=0.869
  [diag] z-gate sat-dist hist bins=60 mean=0.120 p10=0.120 p90=0.120
  [diag] r-gate sat-dist hist bins=60 mean=0.497 p10=0.497 p90=0.497
Iter 0001660: train nll 0.406, valid error 100.000%, best valid error 100.000%, avg grad norm   0.053, avg grad norm (post clip)   0.000, rho_Whh  0.15, Omega  0.00, alpha  0.000, steps in the past 0.000, valid nll 0.332
  [diag] log10|dL/dh_t| hist bins=60 range=(-12.50,-11.50) mean=-12.00 p50=-12.00 p05=-12.00 p95=-12.00
  [diag] sat-dist hist bins=60 sat<0.05=0.0% mean=0.859 p10=0.850 p90=0.870
  [diag] z-gate sat-dist hist bins=60 mean=0.120 p10=0.120 p90=0.120
  [diag] r-gate sat-dist hist bins=60 mean=0.497 p10=0.497 p90=0.497
Iter 0001680: train nll 0.449, valid error 100.000%, best valid error 100.000%, avg grad norm   0.056, avg grad norm (post clip)   0.000, rho_Whh  0.15, Omega  0.00, alpha  0.000, steps in the past 0.000, valid nll 0.332
  [diag] log10|dL/dh_t| hist bins=60 range=(-12.50,-11.50) mean=-12.00 p50=-12.00 p05=-12.00 p95=-12.00
  [diag] sat-dist hist bins=60 sat<0.05=0.0% mean=0.859 p10=0.851 p90=0.870
  [diag] z-gate sat-dist hist bins=60 mean=0.120 p10=0.120 p90=0.120
  [diag] r-gate sat-dist hist bins=60 mean=0.497 p10=0.497 p90=0.497
Iter 0001700: train nll 0.433, valid error 100.000%, best valid error 100.000%, avg grad norm   0.063, avg grad norm (post clip)   0.000, rho_Whh  0.15, Omega  0.00, alpha  0.000, steps in the past 0.000, valid nll 0.332
  [diag] log10|dL/dh_t| hist bins=60 range=(-12.50,-11.50) mean=-12.00 p50=-12.00 p05=-12.00 p95=-12.00
  [diag] sat-dist hist bins=60 sat<0.05=0.0% mean=0.859 p10=0.851 p90=0.870
  [diag] z-gate sat-dist hist bins=60 mean=0.120 p10=0.120 p90=0.120
  [diag] r-gate sat-dist hist bins=60 mean=0.497 p10=0.497 p90=0.497
Iter 0001720: train nll 0.374, valid error 100.000%, best valid error 100.000%, avg grad norm   0.041, avg grad norm (post clip)   0.000, rho_Whh  0.15, Omega  0.00, alpha  0.000, steps in the past 0.000, valid nll 0.332
  [diag] log10|dL/dh_t| hist bins=60 range=(-12.50,-11.50) mean=-12.00 p50=-12.00 p05=-12.00 p95=-12.00
  [diag] sat-dist hist bins=60 sat<0.05=0.0% mean=0.859 p10=0.850 p90=0.869
  [diag] z-gate sat-dist hist bins=60 mean=0.120 p10=0.120 p90=0.120
  [diag] r-gate sat-dist hist bins=60 mean=0.497 p10=0.497 p90=0.497
Iter 0001740: train nll 0.366, valid error 100.000%, best valid error 100.000%, avg grad norm   0.061, avg grad norm (post clip)   0.000, rho_Whh  0.15, Omega  0.00, alpha  0.000, steps in the past 0.000, valid nll 0.332
  [diag] log10|dL/dh_t| hist bins=60 range=(-12.50,-11.50) mean=-12.00 p50=-12.00 p05=-12.00 p95=-12.00
  [diag] sat-dist hist bins=60 sat<0.05=0.0% mean=0.859 p10=0.850 p90=0.869
  [diag] z-gate sat-dist hist bins=60 mean=0.120 p10=0.120 p90=0.120
  [diag] r-gate sat-dist hist bins=60 mean=0.497 p10=0.497 p90=0.497
Iter 0001760: train nll 0.385, valid error 100.000%, best valid error 100.000%, avg grad norm   0.053, avg grad norm (post clip)   0.000, rho_Whh  0.15, Omega  0.00, alpha  0.000, steps in the past 0.000, valid nll 0.332
  [diag] log10|dL/dh_t| hist bins=60 range=(-12.50,-11.50) mean=-12.00 p50=-12.00 p05=-12.00 p95=-12.00
  [diag] sat-dist hist bins=60 sat<0.05=0.0% mean=0.859 p10=0.850 p90=0.869
  [diag] z-gate sat-dist hist bins=60 mean=0.120 p10=0.120 p90=0.120
  [diag] r-gate sat-dist hist bins=60 mean=0.497 p10=0.497 p90=0.497
Iter 0001780: train nll 0.378, valid error 100.000%, best valid error 100.000%, avg grad norm   0.053, avg grad norm (post clip)   0.000, rho_Whh  0.15, Omega  0.00, alpha  0.000, steps in the past 0.000, valid nll 0.331
  [diag] log10|dL/dh_t| hist bins=60 range=(-12.50,-11.50) mean=-12.00 p50=-12.00 p05=-12.00 p95=-12.00
  [diag] sat-dist hist bins=60 sat<0.05=0.0% mean=0.859 p10=0.850 p90=0.869
  [diag] z-gate sat-dist hist bins=60 mean=0.120 p10=0.120 p90=0.120
  [diag] r-gate sat-dist hist bins=60 mean=0.497 p10=0.497 p90=0.497
Iter 0001800: train nll 0.406, valid error 100.000%, best valid error 100.000%, avg grad norm   0.051, avg grad norm (post clip)   0.000, rho_Whh  0.15, Omega  0.00, alpha  0.000, steps in the past 0.000, valid nll 0.331
  [diag] log10|dL/dh_t| hist bins=60 range=(-12.50,-11.50) mean=-12.00 p50=-12.00 p05=-12.00 p95=-12.00
  [diag] sat-dist hist bins=60 sat<0.05=0.0% mean=0.859 p10=0.850 p90=0.869
  [diag] z-gate sat-dist hist bins=60 mean=0.120 p10=0.120 p90=0.120
  [diag] r-gate sat-dist hist bins=60 mean=0.497 p10=0.497 p90=0.497
Iter 0001820: train nll 0.377, valid error 100.000%, best valid error 100.000%, avg grad norm   0.053, avg grad norm (post clip)   0.000, rho_Whh  0.15, Omega  0.00, alpha  0.000, steps in the past 0.000, valid nll 0.331
  [diag] log10|dL/dh_t| hist bins=60 range=(-12.50,-11.50) mean=-12.00 p50=-12.00 p05=-12.00 p95=-12.00
  [diag] sat-dist hist bins=60 sat<0.05=0.0% mean=0.859 p10=0.851 p90=0.869
  [diag] z-gate sat-dist hist bins=60 mean=0.120 p10=0.120 p90=0.120
  [diag] r-gate sat-dist hist bins=60 mean=0.497 p10=0.497 p90=0.497
Iter 0001840: train nll 0.403, valid error 100.000%, best valid error 100.000%, avg grad norm   0.047, avg grad norm (post clip)   0.000, rho_Whh  0.14, Omega  0.00, alpha  0.000, steps in the past 0.000, valid nll 0.331
  [diag] log10|dL/dh_t| hist bins=60 range=(-12.50,-11.50) mean=-12.00 p50=-12.00 p05=-12.00 p95=-12.00
  [diag] sat-dist hist bins=60 sat<0.05=0.0% mean=0.860 p10=0.851 p90=0.870
  [diag] z-gate sat-dist hist bins=60 mean=0.120 p10=0.120 p90=0.120
  [diag] r-gate sat-dist hist bins=60 mean=0.497 p10=0.497 p90=0.497
Iter 0001860: train nll 0.449, valid error 100.000%, best valid error 100.000%, avg grad norm   0.055, avg grad norm (post clip)   0.000, rho_Whh  0.14, Omega  0.00, alpha  0.000, steps in the past 0.000, valid nll 0.331
  [diag] log10|dL/dh_t| hist bins=60 range=(-12.50,-11.50) mean=-12.00 p50=-12.00 p05=-12.00 p95=-12.00
  [diag] sat-dist hist bins=60 sat<0.05=0.0% mean=0.860 p10=0.852 p90=0.870
  [diag] z-gate sat-dist hist bins=60 mean=0.120 p10=0.120 p90=0.120
  [diag] r-gate sat-dist hist bins=60 mean=0.497 p10=0.497 p90=0.497
Iter 0001880: train nll 0.416, valid error 100.000%, best valid error 100.000%, avg grad norm   0.059, avg grad norm (post clip)   0.000, rho_Whh  0.14, Omega  0.00, alpha  0.000, steps in the past 0.000, valid nll 0.331
  [diag] log10|dL/dh_t| hist bins=60 range=(-12.50,-11.50) mean=-12.00 p50=-12.00 p05=-12.00 p95=-12.00
  [diag] sat-dist hist bins=60 sat<0.05=0.0% mean=0.860 p10=0.852 p90=0.870
  [diag] z-gate sat-dist hist bins=60 mean=0.120 p10=0.120 p90=0.120
  [diag] r-gate sat-dist hist bins=60 mean=0.497 p10=0.497 p90=0.497
Iter 0001900: train nll 0.393, valid error 100.000%, best valid error 100.000%, avg grad norm   0.052, avg grad norm (post clip)   0.000, rho_Whh  0.14, Omega  0.00, alpha  0.000, steps in the past 0.000, valid nll 0.331
  [diag] log10|dL/dh_t| hist bins=60 range=(-12.50,-11.50) mean=-12.00 p50=-12.00 p05=-12.00 p95=-12.00
  [diag] sat-dist hist bins=60 sat<0.05=0.0% mean=0.861 p10=0.852 p90=0.871
  [diag] z-gate sat-dist hist bins=60 mean=0.120 p10=0.120 p90=0.120
  [diag] r-gate sat-dist hist bins=60 mean=0.497 p10=0.497 p90=0.497
Iter 0001920: train nll 0.427, valid error 100.000%, best valid error 100.000%, avg grad norm   0.056, avg grad norm (post clip)   0.000, rho_Whh  0.14, Omega  0.00, alpha  0.000, steps in the past 0.000, valid nll 0.331
  [diag] log10|dL/dh_t| hist bins=60 range=(-12.50,-11.50) mean=-12.00 p50=-12.00 p05=-12.00 p95=-12.00
  [diag] sat-dist hist bins=60 sat<0.05=0.0% mean=0.861 p10=0.853 p90=0.871
  [diag] z-gate sat-dist hist bins=60 mean=0.120 p10=0.120 p90=0.120
  [diag] r-gate sat-dist hist bins=60 mean=0.497 p10=0.497 p90=0.497
Iter 0001940: train nll 0.437, valid error 100.000%, best valid error 100.000%, avg grad norm   0.058, avg grad norm (post clip)   0.000, rho_Whh  0.13, Omega  0.00, alpha  0.000, steps in the past 0.000, valid nll 0.331
  [diag] log10|dL/dh_t| hist bins=60 range=(-12.50,-11.50) mean=-12.00 p50=-12.00 p05=-12.00 p95=-12.00
  [diag] sat-dist hist bins=60 sat<0.05=0.0% mean=0.861 p10=0.853 p90=0.871
  [diag] z-gate sat-dist hist bins=60 mean=0.120 p10=0.120 p90=0.120
  [diag] r-gate sat-dist hist bins=60 mean=0.497 p10=0.497 p90=0.497
Iter 0001960: train nll 0.403, valid error 100.000%, best valid error 100.000%, avg grad norm   0.055, avg grad norm (post clip)   0.000, rho_Whh  0.13, Omega  0.00, alpha  0.000, steps in the past 0.000, valid nll 0.331
  [diag] log10|dL/dh_t| hist bins=60 range=(-12.50,-11.50) mean=-12.00 p50=-12.00 p05=-12.00 p95=-12.00
  [diag] sat-dist hist bins=60 sat<0.05=0.0% mean=0.861 p10=0.853 p90=0.871
  [diag] z-gate sat-dist hist bins=60 mean=0.120 p10=0.120 p90=0.120
  [diag] r-gate sat-dist hist bins=60 mean=0.497 p10=0.497 p90=0.497
Iter 0001980: train nll 0.370, valid error 100.000%, best valid error 100.000%, avg grad norm   0.050, avg grad norm (post clip)   0.000, rho_Whh  0.13, Omega  0.00, alpha  0.000, steps in the past 0.000, valid nll 0.331
  [diag] log10|dL/dh_t| hist bins=60 range=(-12.50,-11.50) mean=-12.00 p50=-12.00 p05=-12.00 p95=-12.00
  [diag] sat-dist hist bins=60 sat<0.05=0.0% mean=0.861 p10=0.853 p90=0.871
  [diag] z-gate sat-dist hist bins=60 mean=0.120 p10=0.120 p90=0.120
  [diag] r-gate sat-dist hist bins=60 mean=0.497 p10=0.497 p90=0.497
Iter 0002000: train nll 0.369, valid error 100.000%, best valid error 100.000%, avg grad norm   0.047, avg grad norm (post clip)   0.000, rho_Whh  0.13, Omega  0.00, alpha  0.000, steps in the past 0.000, valid nll 0.331
  [diag] log10|dL/dh_t| hist bins=60 range=(-12.50,-11.50) mean=-12.00 p50=-12.00 p05=-12.00 p95=-12.00
  [diag] sat-dist hist bins=60 sat<0.05=0.0% mean=0.861 p10=0.853 p90=0.871
  [diag] z-gate sat-dist hist bins=60 mean=0.120 p10=0.120 p90=0.120
  [diag] r-gate sat-dist hist bins=60 mean=0.497 p10=0.497 p90=0.497
Iter 0002020: train nll 0.392, valid error 100.000%, best valid error 100.000%, avg grad norm   0.050, avg grad norm (post clip)   0.000, rho_Whh  0.13, Omega  0.00, alpha  0.000, steps in the past 0.000, valid nll 0.331
  [diag] log10|dL/dh_t| hist bins=60 range=(-12.50,-11.50) mean=-12.00 p50=-12.00 p05=-12.00 p95=-12.00
  [diag] sat-dist hist bins=60 sat<0.05=0.0% mean=0.861 p10=0.853 p90=0.871
  [diag] z-gate sat-dist hist bins=60 mean=0.120 p10=0.120 p90=0.120
  [diag] r-gate sat-dist hist bins=60 mean=0.497 p10=0.497 p90=0.497
Iter 0002040: train nll 0.372, valid error 100.000%, best valid error 100.000%, avg grad norm   0.050, avg grad norm (post clip)   0.000, rho_Whh  0.13, Omega  0.00, alpha  0.000, steps in the past 0.000, valid nll 0.331
  [diag] log10|dL/dh_t| hist bins=60 range=(-12.50,-11.50) mean=-12.00 p50=-12.00 p05=-12.00 p95=-12.00
  [diag] sat-dist hist bins=60 sat<0.05=0.0% mean=0.860 p10=0.852 p90=0.870
  [diag] z-gate sat-dist hist bins=60 mean=0.120 p10=0.120 p90=0.120
  [diag] r-gate sat-dist hist bins=60 mean=0.497 p10=0.497 p90=0.497
Iter 0002060: train nll 0.343, valid error 100.000%, best valid error 100.000%, avg grad norm   0.049, avg grad norm (post clip)   0.000, rho_Whh  0.13, Omega  0.00, alpha  0.000, steps in the past 0.000, valid nll 0.331
  [diag] log10|dL/dh_t| hist bins=60 range=(-12.50,-11.50) mean=-12.00 p50=-12.00 p05=-12.00 p95=-12.00
  [diag] sat-dist hist bins=60 sat<0.05=0.0% mean=0.860 p10=0.852 p90=0.870
  [diag] z-gate sat-dist hist bins=60 mean=0.120 p10=0.120 p90=0.120
  [diag] r-gate sat-dist hist bins=60 mean=0.497 p10=0.497 p90=0.497
Iter 0002080: train nll 0.396, valid error 100.000%, best valid error 100.000%, avg grad norm   0.048, avg grad norm (post clip)   0.000, rho_Whh  0.13, Omega  0.00, alpha  0.000, steps in the past 0.000, valid nll 0.331
  [diag] log10|dL/dh_t| hist bins=60 range=(-12.50,-11.50) mean=-12.00 p50=-12.00 p05=-12.00 p95=-12.00
  [diag] sat-dist hist bins=60 sat<0.05=0.0% mean=0.861 p10=0.853 p90=0.871
  [diag] z-gate sat-dist hist bins=60 mean=0.120 p10=0.120 p90=0.120
  [diag] r-gate sat-dist hist bins=60 mean=0.497 p10=0.497 p90=0.497
Iter 0002100: train nll 0.432, valid error 100.000%, best valid error 100.000%, avg grad norm   0.053, avg grad norm (post clip)   0.000, rho_Whh  0.13, Omega  0.00, alpha  0.000, steps in the past 0.000, valid nll 0.331
  [diag] log10|dL/dh_t| hist bins=60 range=(-12.50,-11.50) mean=-12.00 p50=-12.00 p05=-12.00 p95=-12.00
  [diag] sat-dist hist bins=60 sat<0.05=0.0% mean=0.861 p10=0.853 p90=0.871
  [diag] z-gate sat-dist hist bins=60 mean=0.120 p10=0.120 p90=0.120
  [diag] r-gate sat-dist hist bins=60 mean=0.497 p10=0.497 p90=0.497
Iter 0002120: train nll 0.393, valid error 100.000%, best valid error 100.000%, avg grad norm   0.044, avg grad norm (post clip)   0.000, rho_Whh  0.13, Omega  0.00, alpha  0.000, steps in the past 0.000, valid nll 0.331
  [diag] log10|dL/dh_t| hist bins=60 range=(-12.50,-11.50) mean=-12.00 p50=-12.00 p05=-12.00 p95=-12.00
  [diag] sat-dist hist bins=60 sat<0.05=0.0% mean=0.861 p10=0.853 p90=0.871
  [diag] z-gate sat-dist hist bins=60 mean=0.120 p10=0.120 p90=0.120
  [diag] r-gate sat-dist hist bins=60 mean=0.497 p10=0.497 p90=0.497
Iter 0002140: train nll 0.409, valid error 100.000%, best valid error 100.000%, avg grad norm   0.051, avg grad norm (post clip)   0.000, rho_Whh  0.12, Omega  0.00, alpha  0.000, steps in the past 0.000, valid nll 0.331
  [diag] log10|dL/dh_t| hist bins=60 range=(-12.50,-11.50) mean=-12.00 p50=-12.00 p05=-12.00 p95=-12.00
  [diag] sat-dist hist bins=60 sat<0.05=0.0% mean=0.861 p10=0.853 p90=0.871
  [diag] z-gate sat-dist hist bins=60 mean=0.120 p10=0.120 p90=0.120
  [diag] r-gate sat-dist hist bins=60 mean=0.497 p10=0.497 p90=0.497
Iter 0002160: train nll 0.358, valid error 100.000%, best valid error 100.000%, avg grad norm   0.045, avg grad norm (post clip)   0.000, rho_Whh  0.12, Omega  0.00, alpha  0.000, steps in the past 0.000, valid nll 0.330
  [diag] log10|dL/dh_t| hist bins=60 range=(-12.50,-11.50) mean=-12.00 p50=-12.00 p05=-12.00 p95=-12.00
  [diag] sat-dist hist bins=60 sat<0.05=0.0% mean=0.861 p10=0.853 p90=0.871
  [diag] z-gate sat-dist hist bins=60 mean=0.120 p10=0.120 p90=0.120
  [diag] r-gate sat-dist hist bins=60 mean=0.497 p10=0.497 p90=0.497
Iter 0002180: train nll 0.370, valid error 100.000%, best valid error 100.000%, avg grad norm   0.048, avg grad norm (post clip)   0.000, rho_Whh  0.12, Omega  0.00, alpha  0.000, steps in the past 0.000, valid nll 0.330
  [diag] log10|dL/dh_t| hist bins=60 range=(-12.50,-11.50) mean=-12.00 p50=-12.00 p05=-12.00 p95=-12.00
  [diag] sat-dist hist bins=60 sat<0.05=0.0% mean=0.861 p10=0.853 p90=0.871
  [diag] z-gate sat-dist hist bins=60 mean=0.120 p10=0.120 p90=0.120
  [diag] r-gate sat-dist hist bins=60 mean=0.497 p10=0.497 p90=0.497
Iter 0002200: train nll 0.402, valid error 100.000%, best valid error 100.000%, avg grad norm   0.051, avg grad norm (post clip)   0.000, rho_Whh  0.12, Omega  0.00, alpha  0.000, steps in the past 0.000, valid nll 0.330
  [diag] log10|dL/dh_t| hist bins=60 range=(-12.50,-11.50) mean=-12.00 p50=-12.00 p05=-12.00 p95=-12.00
  [diag] sat-dist hist bins=60 sat<0.05=0.0% mean=0.861 p10=0.853 p90=0.871
  [diag] z-gate sat-dist hist bins=60 mean=0.120 p10=0.120 p90=0.120
  [diag] r-gate sat-dist hist bins=60 mean=0.497 p10=0.497 p90=0.497
Iter 0002220: train nll 0.373, valid error 100.000%, best valid error 100.000%, avg grad norm   0.048, avg grad norm (post clip)   0.000, rho_Whh  0.12, Omega  0.00, alpha  0.000, steps in the past 0.000, valid nll 0.330
  [diag] log10|dL/dh_t| hist bins=60 range=(-12.50,-11.50) mean=-12.00 p50=-12.00 p05=-12.00 p95=-12.00
  [diag] sat-dist hist bins=60 sat<0.05=0.0% mean=0.862 p10=0.854 p90=0.872
  [diag] z-gate sat-dist hist bins=60 mean=0.120 p10=0.120 p90=0.120
  [diag] r-gate sat-dist hist bins=60 mean=0.497 p10=0.497 p90=0.497
Iter 0002240: train nll 0.450, valid error 100.000%, best valid error 100.000%, avg grad norm   0.065, avg grad norm (post clip)   0.000, rho_Whh  0.12, Omega  0.00, alpha  0.000, steps in the past 0.000, valid nll 0.330
  [diag] log10|dL/dh_t| hist bins=60 range=(-12.50,-11.50) mean=-12.00 p50=-12.00 p05=-12.00 p95=-12.00
  [diag] sat-dist hist bins=60 sat<0.05=0.0% mean=0.862 p10=0.854 p90=0.872
  [diag] z-gate sat-dist hist bins=60 mean=0.120 p10=0.120 p90=0.120
  [diag] r-gate sat-dist hist bins=60 mean=0.497 p10=0.497 p90=0.497
Iter 0002260: train nll 0.408, valid error 100.000%, best valid error 100.000%, avg grad norm   0.057, avg grad norm (post clip)   0.000, rho_Whh  0.12, Omega  0.00, alpha  0.000, steps in the past 0.000, valid nll 0.330
  [diag] log10|dL/dh_t| hist bins=60 range=(-12.50,-11.50) mean=-12.00 p50=-12.00 p05=-12.00 p95=-12.00
  [diag] sat-dist hist bins=60 sat<0.05=0.0% mean=0.863 p10=0.855 p90=0.872
  [diag] z-gate sat-dist hist bins=60 mean=0.120 p10=0.120 p90=0.120
  [diag] r-gate sat-dist hist bins=60 mean=0.497 p10=0.497 p90=0.497
Iter 0002280: train nll 0.419, valid error 100.000%, best valid error 100.000%, avg grad norm   0.059, avg grad norm (post clip)   0.000, rho_Whh  0.11, Omega  0.00, alpha  0.000, steps in the past 0.000, valid nll 0.330
  [diag] log10|dL/dh_t| hist bins=60 range=(-12.50,-11.50) mean=-12.00 p50=-12.00 p05=-12.00 p95=-12.00
  [diag] sat-dist hist bins=60 sat<0.05=0.0% mean=0.863 p10=0.855 p90=0.873
  [diag] z-gate sat-dist hist bins=60 mean=0.120 p10=0.120 p90=0.120
  [diag] r-gate sat-dist hist bins=60 mean=0.497 p10=0.497 p90=0.497
Iter 0002300: train nll 0.411, valid error 100.000%, best valid error 100.000%, avg grad norm   0.055, avg grad norm (post clip)   0.000, rho_Whh  0.11, Omega  0.00, alpha  0.000, steps in the past 0.000, valid nll 0.330
  [diag] log10|dL/dh_t| hist bins=60 range=(-12.50,-11.50) mean=-12.00 p50=-12.00 p05=-12.00 p95=-12.00
  [diag] sat-dist hist bins=60 sat<0.05=0.0% mean=0.864 p10=0.857 p90=0.874
  [diag] z-gate sat-dist hist bins=60 mean=0.120 p10=0.120 p90=0.120
  [diag] r-gate sat-dist hist bins=60 mean=0.497 p10=0.497 p90=0.497
Iter 0002320: train nll 0.493, valid error 100.000%, best valid error 100.000%, avg grad norm   0.070, avg grad norm (post clip)   0.000, rho_Whh  0.11, Omega  0.00, alpha  0.000, steps in the past 0.000, valid nll 0.331
  [diag] log10|dL/dh_t| hist bins=60 range=(-12.50,-11.50) mean=-12.00 p50=-12.00 p05=-12.00 p95=-12.00
  [diag] sat-dist hist bins=60 sat<0.05=0.0% mean=0.864 p10=0.857 p90=0.873
  [diag] z-gate sat-dist hist bins=60 mean=0.120 p10=0.120 p90=0.120
  [diag] r-gate sat-dist hist bins=60 mean=0.497 p10=0.497 p90=0.497
Iter 0002340: train nll 0.379, valid error 100.000%, best valid error 100.000%, avg grad norm   0.052, avg grad norm (post clip)   0.000, rho_Whh  0.11, Omega  0.00, alpha  0.000, steps in the past 0.000, valid nll 0.331
  [diag] log10|dL/dh_t| hist bins=60 range=(-12.50,-11.50) mean=-12.00 p50=-12.00 p05=-12.00 p95=-12.00
  [diag] sat-dist hist bins=60 sat<0.05=0.0% mean=0.864 p10=0.857 p90=0.874
  [diag] z-gate sat-dist hist bins=60 mean=0.120 p10=0.120 p90=0.120
  [diag] r-gate sat-dist hist bins=60 mean=0.497 p10=0.497 p90=0.497
Iter 0002360: train nll 0.397, valid error 100.000%, best valid error 100.000%, avg grad norm   0.040, avg grad norm (post clip)   0.000, rho_Whh  0.11, Omega  0.00, alpha  0.000, steps in the past 0.000, valid nll 0.331
  [diag] log10|dL/dh_t| hist bins=60 range=(-12.50,-11.50) mean=-12.00 p50=-12.00 p05=-12.00 p95=-12.00
  [diag] sat-dist hist bins=60 sat<0.05=0.0% mean=0.865 p10=0.857 p90=0.874
  [diag] z-gate sat-dist hist bins=60 mean=0.120 p10=0.120 p90=0.120
  [diag] r-gate sat-dist hist bins=60 mean=0.497 p10=0.497 p90=0.497
Iter 0002380: train nll 0.428, valid error 100.000%, best valid error 100.000%, avg grad norm   0.056, avg grad norm (post clip)   0.000, rho_Whh  0.10, Omega  0.00, alpha  0.000, steps in the past 0.000, valid nll 0.331
  [diag] log10|dL/dh_t| hist bins=60 range=(-12.50,-11.50) mean=-12.00 p50=-12.00 p05=-12.00 p95=-12.00
  [diag] sat-dist hist bins=60 sat<0.05=0.0% mean=0.865 p10=0.857 p90=0.874
  [diag] z-gate sat-dist hist bins=60 mean=0.120 p10=0.120 p90=0.120
  [diag] r-gate sat-dist hist bins=60 mean=0.497 p10=0.497 p90=0.497
Iter 0002400: train nll 0.390, valid error 100.000%, best valid error 100.000%, avg grad norm   0.039, avg grad norm (post clip)   0.000, rho_Whh  0.10, Omega  0.00, alpha  0.000, steps in the past 0.000, valid nll 0.331
  [diag] log10|dL/dh_t| hist bins=60 range=(-12.50,-11.50) mean=-12.00 p50=-12.00 p05=-12.00 p95=-12.00
  [diag] sat-dist hist bins=60 sat<0.05=0.0% mean=0.865 p10=0.858 p90=0.874
  [diag] z-gate sat-dist hist bins=60 mean=0.120 p10=0.120 p90=0.120
  [diag] r-gate sat-dist hist bins=60 mean=0.497 p10=0.497 p90=0.497
Iter 0002420: train nll 0.426, valid error 100.000%, best valid error 100.000%, avg grad norm   0.053, avg grad norm (post clip)   0.000, rho_Whh  0.10, Omega  0.00, alpha  0.000, steps in the past 0.000, valid nll 0.331
  [diag] log10|dL/dh_t| hist bins=60 range=(-12.50,-11.50) mean=-12.00 p50=-12.00 p05=-12.00 p95=-12.00
  [diag] sat-dist hist bins=60 sat<0.05=0.0% mean=0.865 p10=0.858 p90=0.874
  [diag] z-gate sat-dist hist bins=60 mean=0.120 p10=0.120 p90=0.120
  [diag] r-gate sat-dist hist bins=60 mean=0.497 p10=0.497 p90=0.497
Iter 0002440: train nll 0.383, valid error 100.000%, best valid error 100.000%, avg grad norm   0.058, avg grad norm (post clip)   0.000, rho_Whh  0.10, Omega  0.00, alpha  0.000, steps in the past 0.000, valid nll 0.330
  [diag] log10|dL/dh_t| hist bins=60 range=(-12.50,-11.50) mean=-12.00 p50=-12.00 p05=-12.00 p95=-12.00
  [diag] sat-dist hist bins=60 sat<0.05=0.0% mean=0.866 p10=0.858 p90=0.875
  [diag] z-gate sat-dist hist bins=60 mean=0.120 p10=0.120 p90=0.120
  [diag] r-gate sat-dist hist bins=60 mean=0.497 p10=0.497 p90=0.497
Iter 0002460: train nll 0.433, valid error 100.000%, best valid error 100.000%, avg grad norm   0.056, avg grad norm (post clip)   0.000, rho_Whh  0.10, Omega  0.00, alpha  0.000, steps in the past 0.000, valid nll 0.331
  [diag] log10|dL/dh_t| hist bins=60 range=(-12.50,-11.50) mean=-12.00 p50=-12.00 p05=-12.00 p95=-12.00
  [diag] sat-dist hist bins=60 sat<0.05=0.0% mean=0.866 p10=0.859 p90=0.875
  [diag] z-gate sat-dist hist bins=60 mean=0.120 p10=0.120 p90=0.120
  [diag] r-gate sat-dist hist bins=60 mean=0.497 p10=0.497 p90=0.497
Iter 0002480: train nll 0.424, valid error 100.000%, best valid error 100.000%, avg grad norm   0.056, avg grad norm (post clip)   0.000, rho_Whh  0.09, Omega  0.00, alpha  0.000, steps in the past 0.000, valid nll 0.331
  [diag] log10|dL/dh_t| hist bins=60 range=(-12.50,-11.50) mean=-12.00 p50=-12.00 p05=-12.00 p95=-12.00
  [diag] sat-dist hist bins=60 sat<0.05=0.0% mean=0.867 p10=0.859 p90=0.875
  [diag] z-gate sat-dist hist bins=60 mean=0.120 p10=0.120 p90=0.120
  [diag] r-gate sat-dist hist bins=60 mean=0.497 p10=0.497 p90=0.497
Iter 0002500: train nll 0.434, valid error 100.000%, best valid error 100.000%, avg grad norm   0.067, avg grad norm (post clip)   0.000, rho_Whh  0.09, Omega  0.00, alpha  0.000, steps in the past 0.000, valid nll 0.331
  [diag] log10|dL/dh_t| hist bins=60 range=(-12.50,-11.50) mean=-12.00 p50=-12.00 p05=-12.00 p95=-12.00
  [diag] sat-dist hist bins=60 sat<0.05=0.0% mean=0.867 p10=0.859 p90=0.875
  [diag] z-gate sat-dist hist bins=60 mean=0.120 p10=0.120 p90=0.120
  [diag] r-gate sat-dist hist bins=60 mean=0.497 p10=0.497 p90=0.497
Iter 0002520: train nll 0.390, valid error 100.000%, best valid error 100.000%, avg grad norm   0.050, avg grad norm (post clip)   0.000, rho_Whh  0.09, Omega  0.00, alpha  0.000, steps in the past 0.000, valid nll 0.331
  [diag] log10|dL/dh_t| hist bins=60 range=(-12.50,-11.50) mean=-12.00 p50=-12.00 p05=-12.00 p95=-12.00
  [diag] sat-dist hist bins=60 sat<0.05=0.0% mean=0.866 p10=0.859 p90=0.875
  [diag] z-gate sat-dist hist bins=60 mean=0.120 p10=0.120 p90=0.121
  [diag] r-gate sat-dist hist bins=60 mean=0.497 p10=0.497 p90=0.497
Iter 0002540: train nll 0.360, valid error 100.000%, best valid error 100.000%, avg grad norm   0.044, avg grad norm (post clip)   0.000, rho_Whh  0.09, Omega  0.00, alpha  0.000, steps in the past 0.000, valid nll 0.330
  [diag] log10|dL/dh_t| hist bins=60 range=(-12.50,-11.50) mean=-12.00 p50=-12.00 p05=-12.00 p95=-12.00
  [diag] sat-dist hist bins=60 sat<0.05=0.0% mean=0.866 p10=0.859 p90=0.875
  [diag] z-gate sat-dist hist bins=60 mean=0.120 p10=0.120 p90=0.121
  [diag] r-gate sat-dist hist bins=60 mean=0.497 p10=0.497 p90=0.497
Iter 0002560: train nll 0.372, valid error 100.000%, best valid error 100.000%, avg grad norm   0.049, avg grad norm (post clip)   0.000, rho_Whh  0.09, Omega  0.00, alpha  0.000, steps in the past 0.000, valid nll 0.330
  [diag] log10|dL/dh_t| hist bins=60 range=(-12.50,-11.50) mean=-12.00 p50=-12.00 p05=-12.00 p95=-12.00
  [diag] sat-dist hist bins=60 sat<0.05=0.0% mean=0.866 p10=0.859 p90=0.875
  [diag] z-gate sat-dist hist bins=60 mean=0.120 p10=0.120 p90=0.121
  [diag] r-gate sat-dist hist bins=60 mean=0.497 p10=0.497 p90=0.497
Iter 0002580: train nll 0.407, valid error 100.000%, best valid error 100.000%, avg grad norm   0.057, avg grad norm (post clip)   0.000, rho_Whh  0.09, Omega  0.00, alpha  0.000, steps in the past 0.000, valid nll 0.330
  [diag] log10|dL/dh_t| hist bins=60 range=(-12.50,-11.50) mean=-12.00 p50=-12.00 p05=-12.00 p95=-12.00
  [diag] sat-dist hist bins=60 sat<0.05=0.0% mean=0.867 p10=0.859 p90=0.875
  [diag] z-gate sat-dist hist bins=60 mean=0.120 p10=0.120 p90=0.121
  [diag] r-gate sat-dist hist bins=60 mean=0.497 p10=0.497 p90=0.497
Iter 0002600: train nll 0.426, valid error 100.000%, best valid error 100.000%, avg grad norm   0.063, avg grad norm (post clip)   0.000, rho_Whh  0.09, Omega  0.00, alpha  0.000, steps in the past 0.000, valid nll 0.330
  [diag] log10|dL/dh_t| hist bins=60 range=(-12.50,-11.50) mean=-12.00 p50=-12.00 p05=-12.00 p95=-12.00
  [diag] sat-dist hist bins=60 sat<0.05=0.0% mean=0.867 p10=0.859 p90=0.875
  [diag] z-gate sat-dist hist bins=60 mean=0.120 p10=0.120 p90=0.121
  [diag] r-gate sat-dist hist bins=60 mean=0.497 p10=0.497 p90=0.497
Iter 0002620: train nll 0.386, valid error 100.000%, best valid error 100.000%, avg grad norm   0.046, avg grad norm (post clip)   0.000, rho_Whh  0.09, Omega  0.00, alpha  0.000, steps in the past 0.000, valid nll 0.330
  [diag] log10|dL/dh_t| hist bins=60 range=(-12.50,-11.50) mean=-12.00 p50=-12.00 p05=-12.00 p95=-12.00
  [diag] sat-dist hist bins=60 sat<0.05=0.0% mean=0.867 p10=0.859 p90=0.875
  [diag] z-gate sat-dist hist bins=60 mean=0.121 p10=0.120 p90=0.121
  [diag] r-gate sat-dist hist bins=60 mean=0.497 p10=0.497 p90=0.497
Iter 0002640: train nll 0.377, valid error 100.000%, best valid error 100.000%, avg grad norm   0.051, avg grad norm (post clip)   0.000, rho_Whh  0.09, Omega  0.00, alpha  0.000, steps in the past 0.000, valid nll 0.330
  [diag] log10|dL/dh_t| hist bins=60 range=(-12.50,-11.50) mean=-12.00 p50=-12.00 p05=-12.00 p95=-12.00
  [diag] sat-dist hist bins=60 sat<0.05=0.0% mean=0.867 p10=0.859 p90=0.875
  [diag] z-gate sat-dist hist bins=60 mean=0.121 p10=0.120 p90=0.121
  [diag] r-gate sat-dist hist bins=60 mean=0.497 p10=0.497 p90=0.497
Iter 0002660: train nll 0.393, valid error 100.000%, best valid error 100.000%, avg grad norm   0.054, avg grad norm (post clip)   0.000, rho_Whh  0.09, Omega  0.00, alpha  0.000, steps in the past 0.000, valid nll 0.330
  [diag] log10|dL/dh_t| hist bins=60 range=(-12.50,-11.50) mean=-12.00 p50=-12.00 p05=-12.00 p95=-12.00
  [diag] sat-dist hist bins=60 sat<0.05=0.0% mean=0.867 p10=0.859 p90=0.875
  [diag] z-gate sat-dist hist bins=60 mean=0.121 p10=0.120 p90=0.121
  [diag] r-gate sat-dist hist bins=60 mean=0.497 p10=0.497 p90=0.497
Iter 0002680: train nll 0.388, valid error 100.000%, best valid error 100.000%, avg grad norm   0.046, avg grad norm (post clip)   0.000, rho_Whh  0.08, Omega  0.00, alpha  0.000, steps in the past 0.000, valid nll 0.330
  [diag] log10|dL/dh_t| hist bins=60 range=(-12.50,-11.50) mean=-12.00 p50=-12.00 p05=-12.00 p95=-12.00
  [diag] sat-dist hist bins=60 sat<0.05=0.0% mean=0.867 p10=0.859 p90=0.875
  [diag] z-gate sat-dist hist bins=60 mean=0.121 p10=0.120 p90=0.121
  [diag] r-gate sat-dist hist bins=60 mean=0.497 p10=0.497 p90=0.497
Iter 0002700: train nll 0.373, valid error 100.000%, best valid error 100.000%, avg grad norm   0.045, avg grad norm (post clip)   0.000, rho_Whh  0.08, Omega  0.00, alpha  0.000, steps in the past 0.000, valid nll 0.330
  [diag] log10|dL/dh_t| hist bins=60 range=(-12.50,-11.50) mean=-12.00 p50=-12.00 p05=-12.00 p95=-12.00
  [diag] sat-dist hist bins=60 sat<0.05=0.0% mean=0.867 p10=0.859 p90=0.875
  [diag] z-gate sat-dist hist bins=60 mean=0.121 p10=0.121 p90=0.121
  [diag] r-gate sat-dist hist bins=60 mean=0.497 p10=0.497 p90=0.497
Iter 0002720: train nll 0.389, valid error 100.000%, best valid error 100.000%, avg grad norm   0.042, avg grad norm (post clip)   0.000, rho_Whh  0.08, Omega  0.00, alpha  0.000, steps in the past 0.000, valid nll 0.330
  [diag] log10|dL/dh_t| hist bins=60 range=(-12.50,-11.50) mean=-12.00 p50=-12.00 p05=-12.00 p95=-12.00
  [diag] sat-dist hist bins=60 sat<0.05=0.0% mean=0.867 p10=0.860 p90=0.876
  [diag] z-gate sat-dist hist bins=60 mean=0.121 p10=0.121 p90=0.121
  [diag] r-gate sat-dist hist bins=60 mean=0.497 p10=0.497 p90=0.497
Iter 0002740: train nll 0.423, valid error 100.000%, best valid error 100.000%, avg grad norm   0.054, avg grad norm (post clip)   0.000, rho_Whh  0.08, Omega  0.00, alpha  0.000, steps in the past 0.000, valid nll 0.330
  [diag] log10|dL/dh_t| hist bins=60 range=(-12.50,-11.50) mean=-12.00 p50=-12.00 p05=-12.00 p95=-12.00
  [diag] sat-dist hist bins=60 sat<0.05=0.0% mean=0.867 p10=0.860 p90=0.876
  [diag] z-gate sat-dist hist bins=60 mean=0.121 p10=0.121 p90=0.121
  [diag] r-gate sat-dist hist bins=60 mean=0.497 p10=0.497 p90=0.497
Iter 0002760: train nll 0.398, valid error 100.000%, best valid error 100.000%, avg grad norm   0.050, avg grad norm (post clip)   0.000, rho_Whh  0.08, Omega  0.00, alpha  0.000, steps in the past 0.000, valid nll 0.330
  [diag] log10|dL/dh_t| hist bins=60 range=(-12.50,-11.50) mean=-12.00 p50=-12.00 p05=-12.00 p95=-12.00
  [diag] sat-dist hist bins=60 sat<0.05=0.0% mean=0.867 p10=0.860 p90=0.876
  [diag] z-gate sat-dist hist bins=60 mean=0.121 p10=0.121 p90=0.121
  [diag] r-gate sat-dist hist bins=60 mean=0.497 p10=0.497 p90=0.497
Iter 0002780: train nll 0.393, valid error 100.000%, best valid error 100.000%, avg grad norm   0.048, avg grad norm (post clip)   0.000, rho_Whh  0.08, Omega  0.00, alpha  0.000, steps in the past 0.000, valid nll 0.330
  [diag] log10|dL/dh_t| hist bins=60 range=(-12.50,-11.50) mean=-12.00 p50=-12.00 p05=-12.00 p95=-12.00
  [diag] sat-dist hist bins=60 sat<0.05=0.0% mean=0.867 p10=0.859 p90=0.875
  [diag] z-gate sat-dist hist bins=60 mean=0.121 p10=0.121 p90=0.121
  [diag] r-gate sat-dist hist bins=60 mean=0.497 p10=0.497 p90=0.497
Iter 0002800: train nll 0.328, valid error 100.000%, best valid error 100.000%, avg grad norm   0.046, avg grad norm (post clip)   0.000, rho_Whh  0.08, Omega  0.00, alpha  0.000, steps in the past 0.000, valid nll 0.329
  [diag] log10|dL/dh_t| hist bins=60 range=(-12.50,-11.50) mean=-12.00 p50=-12.00 p05=-12.00 p95=-12.00
  [diag] sat-dist hist bins=60 sat<0.05=0.0% mean=0.867 p10=0.860 p90=0.875
  [diag] z-gate sat-dist hist bins=60 mean=0.121 p10=0.121 p90=0.121
  [diag] r-gate sat-dist hist bins=60 mean=0.497 p10=0.497 p90=0.497
Iter 0002820: train nll 0.411, valid error 100.000%, best valid error 100.000%, avg grad norm   0.054, avg grad norm (post clip)   0.000, rho_Whh  0.08, Omega  0.00, alpha  0.000, steps in the past 0.000, valid nll 0.329
  [diag] log10|dL/dh_t| hist bins=60 range=(-12.50,-11.50) mean=-12.00 p50=-12.00 p05=-12.00 p95=-12.00
  [diag] sat-dist hist bins=60 sat<0.05=0.0% mean=0.867 p10=0.860 p90=0.876
  [diag] z-gate sat-dist hist bins=60 mean=0.121 p10=0.121 p90=0.121
  [diag] r-gate sat-dist hist bins=60 mean=0.497 p10=0.497 p90=0.497
Iter 0002840: train nll 0.401, valid error 100.000%, best valid error 100.000%, avg grad norm   0.058, avg grad norm (post clip)   0.000, rho_Whh  0.08, Omega  0.00, alpha  0.000, steps in the past 0.000, valid nll 0.329
  [diag] log10|dL/dh_t| hist bins=60 range=(-12.50,-11.50) mean=-12.00 p50=-12.00 p05=-12.00 p95=-12.00
  [diag] sat-dist hist bins=60 sat<0.05=0.0% mean=0.868 p10=0.861 p90=0.876
  [diag] z-gate sat-dist hist bins=60 mean=0.121 p10=0.121 p90=0.121
  [diag] r-gate sat-dist hist bins=60 mean=0.497 p10=0.497 p90=0.497
Iter 0002860: train nll 0.451, valid error 100.000%, best valid error 100.000%, avg grad norm   0.058, avg grad norm (post clip)   0.000, rho_Whh  0.08, Omega  0.00, alpha  0.000, steps in the past 0.000, valid nll 0.330
  [diag] log10|dL/dh_t| hist bins=60 range=(-12.50,-11.50) mean=-12.00 p50=-12.00 p05=-12.00 p95=-12.00
  [diag] sat-dist hist bins=60 sat<0.05=0.0% mean=0.868 p10=0.861 p90=0.876
  [diag] z-gate sat-dist hist bins=60 mean=0.121 p10=0.121 p90=0.121
  [diag] r-gate sat-dist hist bins=60 mean=0.497 p10=0.497 p90=0.497
Iter 0002880: train nll 0.371, valid error 100.000%, best valid error 100.000%, avg grad norm   0.053, avg grad norm (post clip)   0.000, rho_Whh  0.08, Omega  0.00, alpha  0.000, steps in the past 0.000, valid nll 0.329
  [diag] log10|dL/dh_t| hist bins=60 range=(-12.50,-11.50) mean=-12.00 p50=-12.00 p05=-12.00 p95=-12.00
  [diag] sat-dist hist bins=60 sat<0.05=0.0% mean=0.868 p10=0.861 p90=0.876
  [diag] z-gate sat-dist hist bins=60 mean=0.121 p10=0.121 p90=0.121
  [diag] r-gate sat-dist hist bins=60 mean=0.497 p10=0.497 p90=0.497
Iter 0002900: train nll 0.401, valid error 100.000%, best valid error 100.000%, avg grad norm   0.047, avg grad norm (post clip)   0.000, rho_Whh  0.08, Omega  0.00, alpha  0.000, steps in the past 0.000, valid nll 0.329
  [diag] log10|dL/dh_t| hist bins=60 range=(-12.50,-11.50) mean=-12.00 p50=-12.00 p05=-12.00 p95=-12.00
  [diag] sat-dist hist bins=60 sat<0.05=0.0% mean=0.869 p10=0.862 p90=0.877
  [diag] z-gate sat-dist hist bins=60 mean=0.121 p10=0.121 p90=0.121
  [diag] r-gate sat-dist hist bins=60 mean=0.497 p10=0.497 p90=0.497
Iter 0002920: train nll 0.462, valid error 100.000%, best valid error 100.000%, avg grad norm   0.076, avg grad norm (post clip)   0.000, rho_Whh  0.08, Omega  0.00, alpha  0.000, steps in the past 0.000, valid nll 0.330
  [diag] log10|dL/dh_t| hist bins=60 range=(-12.50,-11.50) mean=-12.00 p50=-12.00 p05=-12.00 p95=-12.00
  [diag] sat-dist hist bins=60 sat<0.05=0.0% mean=0.869 p10=0.862 p90=0.877
  [diag] z-gate sat-dist hist bins=60 mean=0.121 p10=0.121 p90=0.121
  [diag] r-gate sat-dist hist bins=60 mean=0.497 p10=0.497 p90=0.497
Iter 0002940: train nll 0.388, valid error 100.000%, best valid error 100.000%, avg grad norm   0.057, avg grad norm (post clip)   0.000, rho_Whh  0.08, Omega  0.00, alpha  0.000, steps in the past 0.000, valid nll 0.330
  [diag] log10|dL/dh_t| hist bins=60 range=(-12.50,-11.50) mean=-12.00 p50=-12.00 p05=-12.00 p95=-12.00
  [diag] sat-dist hist bins=60 sat<0.05=0.0% mean=0.870 p10=0.863 p90=0.878
  [diag] z-gate sat-dist hist bins=60 mean=0.121 p10=0.121 p90=0.121
  [diag] r-gate sat-dist hist bins=60 mean=0.497 p10=0.497 p90=0.497
Iter 0002960: train nll 0.445, valid error 100.000%, best valid error 100.000%, avg grad norm   0.056, avg grad norm (post clip)   0.000, rho_Whh  0.08, Omega  0.00, alpha  0.000, steps in the past 0.000, valid nll 0.330
  [diag] log10|dL/dh_t| hist bins=60 range=(-12.50,-11.50) mean=-12.00 p50=-12.00 p05=-12.00 p95=-12.00
  [diag] sat-dist hist bins=60 sat<0.05=0.0% mean=0.870 p10=0.863 p90=0.878
  [diag] z-gate sat-dist hist bins=60 mean=0.121 p10=0.121 p90=0.121
  [diag] r-gate sat-dist hist bins=60 mean=0.497 p10=0.497 p90=0.497
Iter 0002980: train nll 0.428, valid error 100.000%, best valid error 100.000%, avg grad norm   0.060, avg grad norm (post clip)   0.000, rho_Whh  0.08, Omega  0.00, alpha  0.000, steps in the past 0.000, valid nll 0.330
  [diag] log10|dL/dh_t| hist bins=60 range=(-12.50,-11.50) mean=-12.00 p50=-12.00 p05=-12.00 p95=-12.00
  [diag] sat-dist hist bins=60 sat<0.05=0.0% mean=0.870 p10=0.863 p90=0.878
  [diag] z-gate sat-dist hist bins=60 mean=0.121 p10=0.121 p90=0.121
  [diag] r-gate sat-dist hist bins=60 mean=0.497 p10=0.497 p90=0.497
Iter 0003000: train nll 0.387, valid error 100.000%, best valid error 100.000%, avg grad norm   0.046, avg grad norm (post clip)   0.000, rho_Whh  0.08, Omega  0.00, alpha  0.000, steps in the past 0.000, valid nll 0.330
  [diag] log10|dL/dh_t| hist bins=60 range=(-12.50,-11.50) mean=-12.00 p50=-12.00 p05=-12.00 p95=-12.00
  [diag] sat-dist hist bins=60 sat<0.05=0.0% mean=0.870 p10=0.863 p90=0.878
  [diag] z-gate sat-dist hist bins=60 mean=0.121 p10=0.121 p90=0.121
  [diag] r-gate sat-dist hist bins=60 mean=0.497 p10=0.497 p90=0.497
Iter 0003020: train nll 0.390, valid error 100.000%, best valid error 100.000%, avg grad norm   0.050, avg grad norm (post clip)   0.000, rho_Whh  0.08, Omega  0.00, alpha  0.000, steps in the past 0.000, valid nll 0.330
  [diag] log10|dL/dh_t| hist bins=60 range=(-12.50,-11.50) mean=-12.00 p50=-12.00 p05=-12.00 p95=-12.00
  [diag] sat-dist hist bins=60 sat<0.05=0.0% mean=0.870 p10=0.863 p90=0.878
  [diag] z-gate sat-dist hist bins=60 mean=0.121 p10=0.121 p90=0.121
  [diag] r-gate sat-dist hist bins=60 mean=0.497 p10=0.497 p90=0.497
Iter 0003040: train nll 0.392, valid error 100.000%, best valid error 100.000%, avg grad norm   0.060, avg grad norm (post clip)   0.000, rho_Whh  0.08, Omega  0.00, alpha  0.000, steps in the past 0.000, valid nll 0.330
  [diag] log10|dL/dh_t| hist bins=60 range=(-12.50,-11.50) mean=-12.00 p50=-12.00 p05=-12.00 p95=-12.00
  [diag] sat-dist hist bins=60 sat<0.05=0.0% mean=0.871 p10=0.863 p90=0.878
  [diag] z-gate sat-dist hist bins=60 mean=0.121 p10=0.121 p90=0.121
  [diag] r-gate sat-dist hist bins=60 mean=0.497 p10=0.497 p90=0.497
Iter 0003060: train nll 0.398, valid error 100.000%, best valid error 100.000%, avg grad norm   0.053, avg grad norm (post clip)   0.000, rho_Whh  0.08, Omega  0.00, alpha  0.000, steps in the past 0.000, valid nll 0.330
  [diag] log10|dL/dh_t| hist bins=60 range=(-12.50,-11.50) mean=-12.00 p50=-12.00 p05=-12.00 p95=-12.00
  [diag] sat-dist hist bins=60 sat<0.05=0.0% mean=0.870 p10=0.863 p90=0.878
  [diag] z-gate sat-dist hist bins=60 mean=0.121 p10=0.121 p90=0.121
  [diag] r-gate sat-dist hist bins=60 mean=0.497 p10=0.497 p90=0.497
Iter 0003080: train nll 0.382, valid error 100.000%, best valid error 100.000%, avg grad norm   0.046, avg grad norm (post clip)   0.000, rho_Whh  0.08, Omega  0.00, alpha  0.000, steps in the past 0.000, valid nll 0.329
  [diag] log10|dL/dh_t| hist bins=60 range=(-12.50,-11.50) mean=-12.00 p50=-12.00 p05=-12.00 p95=-12.00
  [diag] sat-dist hist bins=60 sat<0.05=0.0% mean=0.871 p10=0.864 p90=0.879
  [diag] z-gate sat-dist hist bins=60 mean=0.121 p10=0.121 p90=0.121
  [diag] r-gate sat-dist hist bins=60 mean=0.497 p10=0.497 p90=0.497
Iter 0003100: train nll 0.457, valid error 100.000%, best valid error 100.000%, avg grad norm   0.070, avg grad norm (post clip)   0.000, rho_Whh  0.08, Omega  0.00, alpha  0.000, steps in the past 0.000, valid nll 0.330
  [diag] log10|dL/dh_t| hist bins=60 range=(-12.50,-11.50) mean=-12.00 p50=-12.00 p05=-12.00 p95=-12.00
  [diag] sat-dist hist bins=60 sat<0.05=0.0% mean=0.871 p10=0.864 p90=0.879
  [diag] z-gate sat-dist hist bins=60 mean=0.121 p10=0.121 p90=0.121
  [diag] r-gate sat-dist hist bins=60 mean=0.497 p10=0.497 p90=0.497
Iter 0003120: train nll 0.404, valid error 100.000%, best valid error 100.000%, avg grad norm   0.058, avg grad norm (post clip)   0.000, rho_Whh  0.08, Omega  0.00, alpha  0.000, steps in the past 0.000, valid nll 0.330
  [diag] log10|dL/dh_t| hist bins=60 range=(-12.50,-11.50) mean=-12.00 p50=-12.00 p05=-12.00 p95=-12.00
  [diag] sat-dist hist bins=60 sat<0.05=0.0% mean=0.872 p10=0.865 p90=0.879
  [diag] z-gate sat-dist hist bins=60 mean=0.121 p10=0.121 p90=0.121
  [diag] r-gate sat-dist hist bins=60 mean=0.497 p10=0.497 p90=0.497
Iter 0003140: train nll 0.432, valid error 100.000%, best valid error 100.000%, avg grad norm   0.062, avg grad norm (post clip)   0.000, rho_Whh  0.08, Omega  0.00, alpha  0.000, steps in the past 0.000, valid nll 0.330
  [diag] log10|dL/dh_t| hist bins=60 range=(-12.50,-11.50) mean=-12.00 p50=-12.00 p05=-12.00 p95=-12.00
  [diag] sat-dist hist bins=60 sat<0.05=0.0% mean=0.872 p10=0.865 p90=0.879
  [diag] z-gate sat-dist hist bins=60 mean=0.121 p10=0.121 p90=0.121
  [diag] r-gate sat-dist hist bins=60 mean=0.497 p10=0.497 p90=0.497
Iter 0003160: train nll 0.382, valid error 100.000%, best valid error 100.000%, avg grad norm   0.040, avg grad norm (post clip)   0.000, rho_Whh  0.08, Omega  0.00, alpha  0.000, steps in the past 0.000, valid nll 0.330
  [diag] log10|dL/dh_t| hist bins=60 range=(-12.50,-11.50) mean=-12.00 p50=-12.00 p05=-12.00 p95=-12.00
  [diag] sat-dist hist bins=60 sat<0.05=0.0% mean=0.872 p10=0.865 p90=0.879
  [diag] z-gate sat-dist hist bins=60 mean=0.121 p10=0.121 p90=0.121
  [diag] r-gate sat-dist hist bins=60 mean=0.497 p10=0.497 p90=0.497
Iter 0003180: train nll 0.415, valid error 100.000%, best valid error 100.000%, avg grad norm   0.046, avg grad norm (post clip)   0.000, rho_Whh  0.08, Omega  0.00, alpha  0.000, steps in the past 0.000, valid nll 0.330
  [diag] log10|dL/dh_t| hist bins=60 range=(-12.50,-11.50) mean=-12.00 p50=-12.00 p05=-12.00 p95=-12.00
  [diag] sat-dist hist bins=60 sat<0.05=0.0% mean=0.872 p10=0.865 p90=0.880
  [diag] z-gate sat-dist hist bins=60 mean=0.121 p10=0.121 p90=0.121
  [diag] r-gate sat-dist hist bins=60 mean=0.497 p10=0.497 p90=0.497
Iter 0003200: train nll 0.408, valid error 100.000%, best valid error 100.000%, avg grad norm   0.062, avg grad norm (post clip)   0.000, rho_Whh  0.08, Omega  0.00, alpha  0.000, steps in the past 0.000, valid nll 0.330
  [diag] log10|dL/dh_t| hist bins=60 range=(-12.50,-11.50) mean=-12.00 p50=-12.00 p05=-12.00 p95=-12.00
  [diag] sat-dist hist bins=60 sat<0.05=0.0% mean=0.873 p10=0.866 p90=0.880
  [diag] z-gate sat-dist hist bins=60 mean=0.121 p10=0.121 p90=0.121
  [diag] r-gate sat-dist hist bins=60 mean=0.497 p10=0.497 p90=0.497
Iter 0003220: train nll 0.418, valid error 100.000%, best valid error 100.000%, avg grad norm   0.061, avg grad norm (post clip)   0.000, rho_Whh  0.08, Omega  0.00, alpha  0.000, steps in the past 0.000, valid nll 0.330
  [diag] log10|dL/dh_t| hist bins=60 range=(-12.50,-11.50) mean=-12.00 p50=-12.00 p05=-12.00 p95=-12.00
  [diag] sat-dist hist bins=60 sat<0.05=0.0% mean=0.873 p10=0.866 p90=0.880
  [diag] z-gate sat-dist hist bins=60 mean=0.121 p10=0.121 p90=0.121
  [diag] r-gate sat-dist hist bins=60 mean=0.497 p10=0.497 p90=0.497
Iter 0003240: train nll 0.378, valid error 100.000%, best valid error 100.000%, avg grad norm   0.055, avg grad norm (post clip)   0.000, rho_Whh  0.08, Omega  0.00, alpha  0.000, steps in the past 0.000, valid nll 0.329
  [diag] log10|dL/dh_t| hist bins=60 range=(-12.50,-11.50) mean=-12.00 p50=-12.00 p05=-12.00 p95=-12.00
  [diag] sat-dist hist bins=60 sat<0.05=0.0% mean=0.873 p10=0.866 p90=0.880
  [diag] z-gate sat-dist hist bins=60 mean=0.121 p10=0.121 p90=0.121
  [diag] r-gate sat-dist hist bins=60 mean=0.497 p10=0.497 p90=0.497
Iter 0003260: train nll 0.414, valid error 100.000%, best valid error 100.000%, avg grad norm   0.058, avg grad norm (post clip)   0.000, rho_Whh  0.08, Omega  0.00, alpha  0.000, steps in the past 0.000, valid nll 0.329
  [diag] log10|dL/dh_t| hist bins=60 range=(-12.50,-11.50) mean=-12.00 p50=-12.00 p05=-12.00 p95=-12.00
  [diag] sat-dist hist bins=60 sat<0.05=0.0% mean=0.872 p10=0.866 p90=0.880
  [diag] z-gate sat-dist hist bins=60 mean=0.121 p10=0.121 p90=0.121
  [diag] r-gate sat-dist hist bins=60 mean=0.497 p10=0.497 p90=0.497
Iter 0003280: train nll 0.356, valid error 100.000%, best valid error 100.000%, avg grad norm   0.035, avg grad norm (post clip)   0.000, rho_Whh  0.08, Omega  0.00, alpha  0.000, steps in the past 0.000, valid nll 0.329
  [diag] log10|dL/dh_t| hist bins=60 range=(-12.50,-11.50) mean=-12.00 p50=-12.00 p05=-12.00 p95=-12.00
  [diag] sat-dist hist bins=60 sat<0.05=0.0% mean=0.873 p10=0.866 p90=0.880
  [diag] z-gate sat-dist hist bins=60 mean=0.121 p10=0.121 p90=0.121
  [diag] r-gate sat-dist hist bins=60 mean=0.497 p10=0.497 p90=0.497
Iter 0003300: train nll 0.400, valid error 100.000%, best valid error 100.000%, avg grad norm   0.044, avg grad norm (post clip)   0.000, rho_Whh  0.08, Omega  0.00, alpha  0.000, steps in the past 0.000, valid nll 0.329
  [diag] log10|dL/dh_t| hist bins=60 range=(-12.50,-11.50) mean=-12.00 p50=-12.00 p05=-12.00 p95=-12.00
  [diag] sat-dist hist bins=60 sat<0.05=0.0% mean=0.872 p10=0.865 p90=0.880
  [diag] z-gate sat-dist hist bins=60 mean=0.121 p10=0.121 p90=0.121
  [diag] r-gate sat-dist hist bins=60 mean=0.497 p10=0.497 p90=0.497
Iter 0003320: train nll 0.365, valid error 100.000%, best valid error 100.000%, avg grad norm   0.046, avg grad norm (post clip)   0.000, rho_Whh  0.08, Omega  0.00, alpha  0.000, steps in the past 0.000, valid nll 0.329
  [diag] log10|dL/dh_t| hist bins=60 range=(-12.50,-11.50) mean=-12.00 p50=-12.00 p05=-12.00 p95=-12.00
  [diag] sat-dist hist bins=60 sat<0.05=0.0% mean=0.873 p10=0.866 p90=0.880
  [diag] z-gate sat-dist hist bins=60 mean=0.121 p10=0.121 p90=0.121
  [diag] r-gate sat-dist hist bins=60 mean=0.497 p10=0.497 p90=0.497
Iter 0003340: train nll 0.418, valid error 100.000%, best valid error 100.000%, avg grad norm   0.057, avg grad norm (post clip)   0.000, rho_Whh  0.08, Omega  0.00, alpha  0.000, steps in the past 0.000, valid nll 0.329
  [diag] log10|dL/dh_t| hist bins=60 range=(-12.50,-11.50) mean=-12.00 p50=-12.00 p05=-12.00 p95=-12.00
  [diag] sat-dist hist bins=60 sat<0.05=0.0% mean=0.873 p10=0.866 p90=0.880
  [diag] z-gate sat-dist hist bins=60 mean=0.121 p10=0.121 p90=0.121
  [diag] r-gate sat-dist hist bins=60 mean=0.497 p10=0.497 p90=0.497
Iter 0003360: train nll 0.391, valid error 100.000%, best valid error 100.000%, avg grad norm   0.054, avg grad norm (post clip)   0.000, rho_Whh  0.08, Omega  0.00, alpha  0.000, steps in the past 0.000, valid nll 0.329
  [diag] log10|dL/dh_t| hist bins=60 range=(-12.50,-11.50) mean=-12.00 p50=-12.00 p05=-12.00 p95=-12.00
  [diag] sat-dist hist bins=60 sat<0.05=0.0% mean=0.873 p10=0.866 p90=0.880
  [diag] z-gate sat-dist hist bins=60 mean=0.121 p10=0.121 p90=0.121
  [diag] r-gate sat-dist hist bins=60 mean=0.497 p10=0.497 p90=0.497
Iter 0003380: train nll 0.404, valid error 100.000%, best valid error 100.000%, avg grad norm   0.047, avg grad norm (post clip)   0.000, rho_Whh  0.08, Omega  0.00, alpha  0.000, steps in the past 0.000, valid nll 0.329
  [diag] log10|dL/dh_t| hist bins=60 range=(-12.50,-11.50) mean=-12.00 p50=-12.00 p05=-12.00 p95=-12.00
  [diag] sat-dist hist bins=60 sat<0.05=0.0% mean=0.873 p10=0.866 p90=0.880
  [diag] z-gate sat-dist hist bins=60 mean=0.121 p10=0.121 p90=0.121
  [diag] r-gate sat-dist hist bins=60 mean=0.497 p10=0.497 p90=0.497
Iter 0003400: train nll 0.382, valid error 100.000%, best valid error 100.000%, avg grad norm   0.053, avg grad norm (post clip)   0.000, rho_Whh  0.08, Omega  0.00, alpha  0.000, steps in the past 0.000, valid nll 0.329
  [diag] log10|dL/dh_t| hist bins=60 range=(-12.50,-11.50) mean=-12.00 p50=-12.00 p05=-12.00 p95=-12.00
  [diag] sat-dist hist bins=60 sat<0.05=0.0% mean=0.873 p10=0.866 p90=0.880
  [diag] z-gate sat-dist hist bins=60 mean=0.121 p10=0.121 p90=0.121
  [diag] r-gate sat-dist hist bins=60 mean=0.497 p10=0.497 p90=0.497
Iter 0003420: train nll 0.408, valid error 100.000%, best valid error 100.000%, avg grad norm   0.051, avg grad norm (post clip)   0.000, rho_Whh  0.08, Omega  0.00, alpha  0.000, steps in the past 0.000, valid nll 0.329
  [diag] log10|dL/dh_t| hist bins=60 range=(-12.50,-11.50) mean=-12.00 p50=-12.00 p05=-12.00 p95=-12.00
  [diag] sat-dist hist bins=60 sat<0.05=0.0% mean=0.873 p10=0.866 p90=0.880
  [diag] z-gate sat-dist hist bins=60 mean=0.121 p10=0.121 p90=0.121
  [diag] r-gate sat-dist hist bins=60 mean=0.497 p10=0.497 p90=0.497
Iter 0003440: train nll 0.352, valid error 100.000%, best valid error 100.000%, avg grad norm   0.053, avg grad norm (post clip)   0.000, rho_Whh  0.08, Omega  0.00, alpha  0.000, steps in the past 0.000, valid nll 0.329
  [diag] log10|dL/dh_t| hist bins=60 range=(-12.50,-11.50) mean=-12.00 p50=-12.00 p05=-12.00 p95=-12.00
  [diag] sat-dist hist bins=60 sat<0.05=0.0% mean=0.873 p10=0.866 p90=0.880
  [diag] z-gate sat-dist hist bins=60 mean=0.121 p10=0.121 p90=0.121
  [diag] r-gate sat-dist hist bins=60 mean=0.497 p10=0.497 p90=0.497
Iter 0003460: train nll 0.376, valid error 100.000%, best valid error 100.000%, avg grad norm   0.053, avg grad norm (post clip)   0.000, rho_Whh  0.08, Omega  0.00, alpha  0.000, steps in the past 0.000, valid nll 0.329
  [diag] log10|dL/dh_t| hist bins=60 range=(-12.50,-11.50) mean=-12.00 p50=-12.00 p05=-12.00 p95=-12.00
  [diag] sat-dist hist bins=60 sat<0.05=0.0% mean=0.873 p10=0.866 p90=0.880
  [diag] z-gate sat-dist hist bins=60 mean=0.121 p10=0.121 p90=0.121
  [diag] r-gate sat-dist hist bins=60 mean=0.497 p10=0.497 p90=0.497
Iter 0003480: train nll 0.417, valid error 100.000%, best valid error 100.000%, avg grad norm   0.044, avg grad norm (post clip)   0.000, rho_Whh  0.08, Omega  0.00, alpha  0.000, steps in the past 0.000, valid nll 0.329
  [diag] log10|dL/dh_t| hist bins=60 range=(-12.50,-11.50) mean=-12.00 p50=-12.00 p05=-12.00 p95=-12.00
  [diag] sat-dist hist bins=60 sat<0.05=0.0% mean=0.873 p10=0.866 p90=0.880
  [diag] z-gate sat-dist hist bins=60 mean=0.121 p10=0.121 p90=0.121
  [diag] r-gate sat-dist hist bins=60 mean=0.497 p10=0.497 p90=0.497
Iter 0003500: train nll 0.380, valid error 100.000%, best valid error 100.000%, avg grad norm   0.047, avg grad norm (post clip)   0.000, rho_Whh  0.08, Omega  0.00, alpha  0.000, steps in the past 0.000, valid nll 0.329
  [diag] log10|dL/dh_t| hist bins=60 range=(-12.50,-11.50) mean=-12.00 p50=-12.00 p05=-12.00 p95=-12.00
  [diag] sat-dist hist bins=60 sat<0.05=0.0% mean=0.874 p10=0.867 p90=0.880
  [diag] z-gate sat-dist hist bins=60 mean=0.121 p10=0.121 p90=0.121
  [diag] r-gate sat-dist hist bins=60 mean=0.497 p10=0.497 p90=0.497
Iter 0003520: train nll 0.412, valid error 100.000%, best valid error 100.000%, avg grad norm   0.048, avg grad norm (post clip)   0.000, rho_Whh  0.08, Omega  0.00, alpha  0.000, steps in the past 0.000, valid nll 0.329
  [diag] log10|dL/dh_t| hist bins=60 range=(-12.50,-11.50) mean=-12.00 p50=-12.00 p05=-12.00 p95=-12.00
  [diag] sat-dist hist bins=60 sat<0.05=0.0% mean=0.874 p10=0.867 p90=0.881
  [diag] z-gate sat-dist hist bins=60 mean=0.121 p10=0.121 p90=0.121
  [diag] r-gate sat-dist hist bins=60 mean=0.497 p10=0.497 p90=0.497
Iter 0003540: train nll 0.399, valid error 100.000%, best valid error 100.000%, avg grad norm   0.054, avg grad norm (post clip)   0.000, rho_Whh  0.08, Omega  0.00, alpha  0.000, steps in the past 0.000, valid nll 0.329
  [diag] log10|dL/dh_t| hist bins=60 range=(-12.50,-11.50) mean=-12.00 p50=-12.00 p05=-12.00 p95=-12.00
  [diag] sat-dist hist bins=60 sat<0.05=0.0% mean=0.874 p10=0.867 p90=0.881
  [diag] z-gate sat-dist hist bins=60 mean=0.121 p10=0.121 p90=0.121
  [diag] r-gate sat-dist hist bins=60 mean=0.497 p10=0.497 p90=0.497
Iter 0003560: train nll 0.419, valid error 100.000%, best valid error 100.000%, avg grad norm   0.050, avg grad norm (post clip)   0.000, rho_Whh  0.08, Omega  0.00, alpha  0.000, steps in the past 0.000, valid nll 0.329
  [diag] log10|dL/dh_t| hist bins=60 range=(-12.50,-11.50) mean=-12.00 p50=-12.00 p05=-12.00 p95=-12.00
  [diag] sat-dist hist bins=60 sat<0.05=0.0% mean=0.874 p10=0.868 p90=0.881
  [diag] z-gate sat-dist hist bins=60 mean=0.121 p10=0.121 p90=0.121
  [diag] r-gate sat-dist hist bins=60 mean=0.497 p10=0.497 p90=0.497
Iter 0003580: train nll 0.390, valid error 100.000%, best valid error 100.000%, avg grad norm   0.054, avg grad norm (post clip)   0.000, rho_Whh  0.08, Omega  0.00, alpha  0.000, steps in the past 0.000, valid nll 0.329
  [diag] log10|dL/dh_t| hist bins=60 range=(-12.50,-11.50) mean=-12.00 p50=-12.00 p05=-12.00 p95=-12.00
  [diag] sat-dist hist bins=60 sat<0.05=0.0% mean=0.874 p10=0.868 p90=0.881
  [diag] z-gate sat-dist hist bins=60 mean=0.121 p10=0.121 p90=0.121
  [diag] r-gate sat-dist hist bins=60 mean=0.497 p10=0.497 p90=0.497
Iter 0003600: train nll 0.403, valid error 100.000%, best valid error 100.000%, avg grad norm   0.057, avg grad norm (post clip)   0.000, rho_Whh  0.08, Omega  0.00, alpha  0.000, steps in the past 0.000, valid nll 0.329
  [diag] log10|dL/dh_t| hist bins=60 range=(-12.50,-11.50) mean=-12.00 p50=-12.00 p05=-12.00 p95=-12.00
  [diag] sat-dist hist bins=60 sat<0.05=0.0% mean=0.875 p10=0.868 p90=0.881
  [diag] z-gate sat-dist hist bins=60 mean=0.121 p10=0.121 p90=0.121
  [diag] r-gate sat-dist hist bins=60 mean=0.497 p10=0.497 p90=0.497
Iter 0003620: train nll 0.398, valid error 100.000%, best valid error 100.000%, avg grad norm   0.049, avg grad norm (post clip)   0.000, rho_Whh  0.08, Omega  0.00, alpha  0.000, steps in the past 0.000, valid nll 0.329
  [diag] log10|dL/dh_t| hist bins=60 range=(-12.50,-11.50) mean=-12.00 p50=-12.00 p05=-12.00 p95=-12.00
  [diag] sat-dist hist bins=60 sat<0.05=0.0% mean=0.875 p10=0.868 p90=0.881
  [diag] z-gate sat-dist hist bins=60 mean=0.121 p10=0.121 p90=0.121
  [diag] r-gate sat-dist hist bins=60 mean=0.497 p10=0.497 p90=0.497
Iter 0003640: train nll 0.375, valid error 100.000%, best valid error 100.000%, avg grad norm   0.055, avg grad norm (post clip)   0.000, rho_Whh  0.08, Omega  0.00, alpha  0.000, steps in the past 0.000, valid nll 0.329
  [diag] log10|dL/dh_t| hist bins=60 range=(-12.50,-11.50) mean=-12.00 p50=-12.00 p05=-12.00 p95=-12.00
  [diag] sat-dist hist bins=60 sat<0.05=0.0% mean=0.875 p10=0.868 p90=0.881
  [diag] z-gate sat-dist hist bins=60 mean=0.121 p10=0.121 p90=0.121
  [diag] r-gate sat-dist hist bins=60 mean=0.497 p10=0.497 p90=0.497
Iter 0003660: train nll 0.404, valid error 100.000%, best valid error 100.000%, avg grad norm   0.055, avg grad norm (post clip)   0.000, rho_Whh  0.08, Omega  0.00, alpha  0.000, steps in the past 0.000, valid nll 0.329
  [diag] log10|dL/dh_t| hist bins=60 range=(-12.50,-11.50) mean=-12.00 p50=-12.00 p05=-12.00 p95=-12.00
  [diag] sat-dist hist bins=60 sat<0.05=0.0% mean=0.875 p10=0.869 p90=0.882
  [diag] z-gate sat-dist hist bins=60 mean=0.121 p10=0.121 p90=0.121
  [diag] r-gate sat-dist hist bins=60 mean=0.497 p10=0.497 p90=0.497
Iter 0003680: train nll 0.437, valid error 100.000%, best valid error 100.000%, avg grad norm   0.060, avg grad norm (post clip)   0.000, rho_Whh  0.08, Omega  0.00, alpha  0.000, steps in the past 0.000, valid nll 0.329
  [diag] log10|dL/dh_t| hist bins=60 range=(-12.50,-11.50) mean=-12.00 p50=-12.00 p05=-12.00 p95=-12.00
  [diag] sat-dist hist bins=60 sat<0.05=0.0% mean=0.876 p10=0.869 p90=0.882
  [diag] z-gate sat-dist hist bins=60 mean=0.121 p10=0.121 p90=0.121
  [diag] r-gate sat-dist hist bins=60 mean=0.497 p10=0.497 p90=0.497
Iter 0003700: train nll 0.406, valid error 100.000%, best valid error 100.000%, avg grad norm   0.060, avg grad norm (post clip)   0.000, rho_Whh  0.08, Omega  0.00, alpha  0.000, steps in the past 0.000, valid nll 0.329
  [diag] log10|dL/dh_t| hist bins=60 range=(-12.50,-11.50) mean=-12.00 p50=-12.00 p05=-12.00 p95=-12.00
  [diag] sat-dist hist bins=60 sat<0.05=0.0% mean=0.876 p10=0.869 p90=0.882
  [diag] z-gate sat-dist hist bins=60 mean=0.121 p10=0.121 p90=0.121
  [diag] r-gate sat-dist hist bins=60 mean=0.497 p10=0.497 p90=0.497
Iter 0003720: train nll 0.385, valid error 100.000%, best valid error 100.000%, avg grad norm   0.043, avg grad norm (post clip)   0.000, rho_Whh  0.08, Omega  0.00, alpha  0.000, steps in the past 0.000, valid nll 0.329
  [diag] log10|dL/dh_t| hist bins=60 range=(-12.50,-11.50) mean=-12.00 p50=-12.00 p05=-12.00 p95=-12.00
  [diag] sat-dist hist bins=60 sat<0.05=0.0% mean=0.876 p10=0.870 p90=0.883
  [diag] z-gate sat-dist hist bins=60 mean=0.121 p10=0.121 p90=0.121
  [diag] r-gate sat-dist hist bins=60 mean=0.497 p10=0.497 p90=0.497
Iter 0003740: train nll 0.432, valid error 100.000%, best valid error 100.000%, avg grad norm   0.057, avg grad norm (post clip)   0.000, rho_Whh  0.08, Omega  0.00, alpha  0.000, steps in the past 0.000, valid nll 0.329
  [diag] log10|dL/dh_t| hist bins=60 range=(-12.50,-11.50) mean=-12.00 p50=-12.00 p05=-12.00 p95=-12.00
  [diag] sat-dist hist bins=60 sat<0.05=0.0% mean=0.876 p10=0.870 p90=0.883
  [diag] z-gate sat-dist hist bins=60 mean=0.121 p10=0.121 p90=0.121
  [diag] r-gate sat-dist hist bins=60 mean=0.497 p10=0.497 p90=0.497
Iter 0003760: train nll 0.380, valid error 100.000%, best valid error 100.000%, avg grad norm   0.043, avg grad norm (post clip)   0.000, rho_Whh  0.08, Omega  0.00, alpha  0.000, steps in the past 0.000, valid nll 0.329
  [diag] log10|dL/dh_t| hist bins=60 range=(-12.50,-11.50) mean=-12.00 p50=-12.00 p05=-12.00 p95=-12.00
  [diag] sat-dist hist bins=60 sat<0.05=0.0% mean=0.876 p10=0.870 p90=0.883
  [diag] z-gate sat-dist hist bins=60 mean=0.121 p10=0.121 p90=0.121
  [diag] r-gate sat-dist hist bins=60 mean=0.497 p10=0.497 p90=0.497
Iter 0003780: train nll 0.390, valid error 100.000%, best valid error 100.000%, avg grad norm   0.055, avg grad norm (post clip)   0.000, rho_Whh  0.08, Omega  0.00, alpha  0.000, steps in the past 0.000, valid nll 0.329
  [diag] log10|dL/dh_t| hist bins=60 range=(-12.50,-11.50) mean=-12.00 p50=-12.00 p05=-12.00 p95=-12.00
  [diag] sat-dist hist bins=60 sat<0.05=0.0% mean=0.876 p10=0.870 p90=0.883
  [diag] z-gate sat-dist hist bins=60 mean=0.121 p10=0.121 p90=0.121
  [diag] r-gate sat-dist hist bins=60 mean=0.497 p10=0.497 p90=0.497
Iter 0003800: train nll 0.389, valid error 100.000%, best valid error 100.000%, avg grad norm   0.048, avg grad norm (post clip)   0.000, rho_Whh  0.08, Omega  0.00, alpha  0.000, steps in the past 0.000, valid nll 0.328
  [diag] log10|dL/dh_t| hist bins=60 range=(-12.50,-11.50) mean=-12.00 p50=-12.00 p05=-12.00 p95=-12.00
  [diag] sat-dist hist bins=60 sat<0.05=0.0% mean=0.877 p10=0.870 p90=0.883
  [diag] z-gate sat-dist hist bins=60 mean=0.121 p10=0.121 p90=0.121
  [diag] r-gate sat-dist hist bins=60 mean=0.497 p10=0.497 p90=0.497
Iter 0003820: train nll 0.432, valid error 100.000%, best valid error 100.000%, avg grad norm   0.044, avg grad norm (post clip)   0.000, rho_Whh  0.08, Omega  0.00, alpha  0.000, steps in the past 0.000, valid nll 0.329
  [diag] log10|dL/dh_t| hist bins=60 range=(-12.50,-11.50) mean=-12.00 p50=-12.00 p05=-12.00 p95=-12.00
  [diag] sat-dist hist bins=60 sat<0.05=0.0% mean=0.877 p10=0.870 p90=0.883
  [diag] z-gate sat-dist hist bins=60 mean=0.121 p10=0.121 p90=0.121
  [diag] r-gate sat-dist hist bins=60 mean=0.497 p10=0.497 p90=0.497
Iter 0003840: train nll 0.380, valid error 100.000%, best valid error 100.000%, avg grad norm   0.053, avg grad norm (post clip)   0.000, rho_Whh  0.08, Omega  0.00, alpha  0.000, steps in the past 0.000, valid nll 0.329
  [diag] log10|dL/dh_t| hist bins=60 range=(-12.50,-11.50) mean=-12.00 p50=-12.00 p05=-12.00 p95=-12.00
  [diag] sat-dist hist bins=60 sat<0.05=0.0% mean=0.877 p10=0.870 p90=0.883
  [diag] z-gate sat-dist hist bins=60 mean=0.121 p10=0.121 p90=0.121
  [diag] r-gate sat-dist hist bins=60 mean=0.497 p10=0.497 p90=0.497
Iter 0003860: train nll 0.413, valid error 100.000%, best valid error 100.000%, avg grad norm   0.052, avg grad norm (post clip)   0.000, rho_Whh  0.08, Omega  0.00, alpha  0.000, steps in the past 0.000, valid nll 0.329
  [diag] log10|dL/dh_t| hist bins=60 range=(-12.50,-11.50) mean=-12.00 p50=-12.00 p05=-12.00 p95=-12.00
  [diag] sat-dist hist bins=60 sat<0.05=0.0% mean=0.877 p10=0.871 p90=0.883
  [diag] z-gate sat-dist hist bins=60 mean=0.121 p10=0.121 p90=0.121
  [diag] r-gate sat-dist hist bins=60 mean=0.497 p10=0.497 p90=0.497
Iter 0003880: train nll 0.410, valid error 100.000%, best valid error 100.000%, avg grad norm   0.055, avg grad norm (post clip)   0.000, rho_Whh  0.08, Omega  0.00, alpha  0.000, steps in the past 0.000, valid nll 0.329
  [diag] log10|dL/dh_t| hist bins=60 range=(-12.50,-11.50) mean=-12.00 p50=-12.00 p05=-12.00 p95=-12.00
  [diag] sat-dist hist bins=60 sat<0.05=0.0% mean=0.877 p10=0.871 p90=0.884
  [diag] z-gate sat-dist hist bins=60 mean=0.121 p10=0.121 p90=0.121
  [diag] r-gate sat-dist hist bins=60 mean=0.497 p10=0.497 p90=0.497
Iter 0003900: train nll 0.408, valid error 100.000%, best valid error 100.000%, avg grad norm   0.054, avg grad norm (post clip)   0.000, rho_Whh  0.08, Omega  0.00, alpha  0.000, steps in the past 0.000, valid nll 0.329
  [diag] log10|dL/dh_t| hist bins=60 range=(-12.50,-11.50) mean=-12.00 p50=-12.00 p05=-12.00 p95=-12.00
  [diag] sat-dist hist bins=60 sat<0.05=0.0% mean=0.877 p10=0.871 p90=0.884
  [diag] z-gate sat-dist hist bins=60 mean=0.121 p10=0.121 p90=0.121
  [diag] r-gate sat-dist hist bins=60 mean=0.497 p10=0.497 p90=0.497
Iter 0003920: train nll 0.382, valid error 100.000%, best valid error 100.000%, avg grad norm   0.048, avg grad norm (post clip)   0.000, rho_Whh  0.08, Omega  0.00, alpha  0.000, steps in the past 0.000, valid nll 0.328
  [diag] log10|dL/dh_t| hist bins=60 range=(-12.50,-11.50) mean=-12.00 p50=-12.00 p05=-12.00 p95=-12.00
  [diag] sat-dist hist bins=60 sat<0.05=0.0% mean=0.877 p10=0.871 p90=0.884
  [diag] z-gate sat-dist hist bins=60 mean=0.121 p10=0.121 p90=0.121
  [diag] r-gate sat-dist hist bins=60 mean=0.497 p10=0.497 p90=0.497
Iter 0003940: train nll 0.374, valid error 100.000%, best valid error 100.000%, avg grad norm   0.055, avg grad norm (post clip)   0.000, rho_Whh  0.08, Omega  0.00, alpha  0.000, steps in the past 0.000, valid nll 0.328
  [diag] log10|dL/dh_t| hist bins=60 range=(-12.50,-11.50) mean=-12.00 p50=-12.00 p05=-12.00 p95=-12.00
  [diag] sat-dist hist bins=60 sat<0.05=0.0% mean=0.877 p10=0.871 p90=0.883
  [diag] z-gate sat-dist hist bins=60 mean=0.121 p10=0.121 p90=0.121
  [diag] r-gate sat-dist hist bins=60 mean=0.497 p10=0.497 p90=0.497
Iter 0003960: train nll 0.381, valid error 100.000%, best valid error 100.000%, avg grad norm   0.049, avg grad norm (post clip)   0.000, rho_Whh  0.08, Omega  0.00, alpha  0.000, steps in the past 0.000, valid nll 0.328
  [diag] log10|dL/dh_t| hist bins=60 range=(-12.50,-11.50) mean=-12.00 p50=-12.00 p05=-12.00 p95=-12.00
  [diag] sat-dist hist bins=60 sat<0.05=0.0% mean=0.877 p10=0.871 p90=0.884
  [diag] z-gate sat-dist hist bins=60 mean=0.121 p10=0.121 p90=0.121
  [diag] r-gate sat-dist hist bins=60 mean=0.497 p10=0.497 p90=0.497
Iter 0003980: train nll 0.390, valid error 100.000%, best valid error 100.000%, avg grad norm   0.044, avg grad norm (post clip)   0.000, rho_Whh  0.08, Omega  0.00, alpha  0.000, steps in the past 0.000, valid nll 0.328
  [diag] log10|dL/dh_t| hist bins=60 range=(-12.50,-11.50) mean=-12.00 p50=-12.00 p05=-12.00 p95=-12.00
  [diag] sat-dist hist bins=60 sat<0.05=0.0% mean=0.878 p10=0.871 p90=0.884
  [diag] z-gate sat-dist hist bins=60 mean=0.121 p10=0.121 p90=0.121
  [diag] r-gate sat-dist hist bins=60 mean=0.497 p10=0.497 p90=0.497
Iter 0004000: train nll 0.408, valid error 100.000%, best valid error 100.000%, avg grad norm   0.048, avg grad norm (post clip)   0.000, rho_Whh  0.08, Omega  0.00, alpha  0.000, steps in the past 0.000, valid nll 0.328
  [diag] log10|dL/dh_t| hist bins=60 range=(-12.50,-11.50) mean=-12.00 p50=-12.00 p05=-12.00 p95=-12.00
  [diag] sat-dist hist bins=60 sat<0.05=0.0% mean=0.878 p10=0.872 p90=0.884
  [diag] z-gate sat-dist hist bins=60 mean=0.121 p10=0.121 p90=0.121
  [diag] r-gate sat-dist hist bins=60 mean=0.497 p10=0.497 p90=0.497
Iter 0004020: train nll 0.416, valid error 100.000%, best valid error 100.000%, avg grad norm   0.050, avg grad norm (post clip)   0.000, rho_Whh  0.08, Omega  0.00, alpha  0.000, steps in the past 0.000, valid nll 0.328
  [diag] log10|dL/dh_t| hist bins=60 range=(-12.50,-11.50) mean=-12.00 p50=-12.00 p05=-12.00 p95=-12.00
  [diag] sat-dist hist bins=60 sat<0.05=0.0% mean=0.878 p10=0.871 p90=0.884
  [diag] z-gate sat-dist hist bins=60 mean=0.121 p10=0.121 p90=0.121
  [diag] r-gate sat-dist hist bins=60 mean=0.497 p10=0.497 p90=0.497
Iter 0004040: train nll 0.361, valid error 100.000%, best valid error 100.000%, avg grad norm   0.047, avg grad norm (post clip)   0.000, rho_Whh  0.08, Omega  0.00, alpha  0.000, steps in the past 0.000, valid nll 0.328
  [diag] log10|dL/dh_t| hist bins=60 range=(-12.50,-11.50) mean=-12.00 p50=-12.00 p05=-12.00 p95=-12.00
  [diag] sat-dist hist bins=60 sat<0.05=0.0% mean=0.878 p10=0.871 p90=0.884
  [diag] z-gate sat-dist hist bins=60 mean=0.121 p10=0.121 p90=0.121
  [diag] r-gate sat-dist hist bins=60 mean=0.497 p10=0.497 p90=0.497
Iter 0004060: train nll 0.362, valid error 100.000%, best valid error 100.000%, avg grad norm   0.051, avg grad norm (post clip)   0.000, rho_Whh  0.08, Omega  0.00, alpha  0.000, steps in the past 0.000, valid nll 0.328
  [diag] log10|dL/dh_t| hist bins=60 range=(-12.50,-11.50) mean=-12.00 p50=-12.00 p05=-12.00 p95=-12.00
  [diag] sat-dist hist bins=60 sat<0.05=0.0% mean=0.877 p10=0.871 p90=0.884
  [diag] z-gate sat-dist hist bins=60 mean=0.121 p10=0.121 p90=0.121
  [diag] r-gate sat-dist hist bins=60 mean=0.497 p10=0.497 p90=0.497
Iter 0004080: train nll 0.370, valid error 100.000%, best valid error 100.000%, avg grad norm   0.046, avg grad norm (post clip)   0.000, rho_Whh  0.08, Omega  0.00, alpha  0.000, steps in the past 0.000, valid nll 0.328
  [diag] log10|dL/dh_t| hist bins=60 range=(-12.50,-11.50) mean=-12.00 p50=-12.00 p05=-12.00 p95=-12.00
  [diag] sat-dist hist bins=60 sat<0.05=0.0% mean=0.877 p10=0.871 p90=0.883
  [diag] z-gate sat-dist hist bins=60 mean=0.121 p10=0.121 p90=0.121
  [diag] r-gate sat-dist hist bins=60 mean=0.497 p10=0.497 p90=0.497
Iter 0004100: train nll 0.350, valid error 100.000%, best valid error 100.000%, avg grad norm   0.049, avg grad norm (post clip)   0.000, rho_Whh  0.08, Omega  0.00, alpha  0.000, steps in the past 0.000, valid nll 0.328
  [diag] log10|dL/dh_t| hist bins=60 range=(-12.50,-11.50) mean=-12.00 p50=-12.00 p05=-12.00 p95=-12.00
  [diag] sat-dist hist bins=60 sat<0.05=0.0% mean=0.877 p10=0.871 p90=0.883
  [diag] z-gate sat-dist hist bins=60 mean=0.121 p10=0.121 p90=0.121
  [diag] r-gate sat-dist hist bins=60 mean=0.497 p10=0.497 p90=0.497
Iter 0004120: train nll 0.365, valid error 100.000%, best valid error 100.000%, avg grad norm   0.041, avg grad norm (post clip)   0.000, rho_Whh  0.08, Omega  0.00, alpha  0.000, steps in the past 0.000, valid nll 0.328
  [diag] log10|dL/dh_t| hist bins=60 range=(-12.50,-11.50) mean=-12.00 p50=-12.00 p05=-12.00 p95=-12.00
  [diag] sat-dist hist bins=60 sat<0.05=0.0% mean=0.877 p10=0.871 p90=0.883
  [diag] z-gate sat-dist hist bins=60 mean=0.121 p10=0.121 p90=0.121
  [diag] r-gate sat-dist hist bins=60 mean=0.497 p10=0.497 p90=0.497
Iter 0004140: train nll 0.395, valid error 100.000%, best valid error 100.000%, avg grad norm   0.053, avg grad norm (post clip)   0.000, rho_Whh  0.08, Omega  0.00, alpha  0.000, steps in the past 0.000, valid nll 0.328
  [diag] log10|dL/dh_t| hist bins=60 range=(-12.50,-11.50) mean=-12.00 p50=-12.00 p05=-12.00 p95=-12.00
  [diag] sat-dist hist bins=60 sat<0.05=0.0% mean=0.878 p10=0.871 p90=0.884
  [diag] z-gate sat-dist hist bins=60 mean=0.121 p10=0.121 p90=0.121
  [diag] r-gate sat-dist hist bins=60 mean=0.497 p10=0.497 p90=0.497
Iter 0004160: train nll 0.419, valid error 100.000%, best valid error 100.000%, avg grad norm   0.062, avg grad norm (post clip)   0.000, rho_Whh  0.08, Omega  0.00, alpha  0.000, steps in the past 0.000, valid nll 0.328
  [diag] log10|dL/dh_t| hist bins=60 range=(-12.50,-11.50) mean=-12.00 p50=-12.00 p05=-12.00 p95=-12.00
  [diag] sat-dist hist bins=60 sat<0.05=0.0% mean=0.878 p10=0.872 p90=0.884
  [diag] z-gate sat-dist hist bins=60 mean=0.121 p10=0.121 p90=0.121
  [diag] r-gate sat-dist hist bins=60 mean=0.497 p10=0.497 p90=0.497
Iter 0004180: train nll 0.446, valid error 100.000%, best valid error 100.000%, avg grad norm   0.058, avg grad norm (post clip)   0.000, rho_Whh  0.08, Omega  0.00, alpha  0.000, steps in the past 0.000, valid nll 0.328
  [diag] log10|dL/dh_t| hist bins=60 range=(-12.50,-11.50) mean=-12.00 p50=-12.00 p05=-12.00 p95=-12.00
  [diag] sat-dist hist bins=60 sat<0.05=0.0% mean=0.878 p10=0.872 p90=0.884
  [diag] z-gate sat-dist hist bins=60 mean=0.121 p10=0.121 p90=0.121
  [diag] r-gate sat-dist hist bins=60 mean=0.497 p10=0.497 p90=0.497
Iter 0004200: train nll 0.379, valid error 100.000%, best valid error 100.000%, avg grad norm   0.046, avg grad norm (post clip)   0.000, rho_Whh  0.08, Omega  0.00, alpha  0.000, steps in the past 0.000, valid nll 0.328
  [diag] log10|dL/dh_t| hist bins=60 range=(-12.50,-11.50) mean=-12.00 p50=-12.00 p05=-12.00 p95=-12.00
  [diag] sat-dist hist bins=60 sat<0.05=0.0% mean=0.879 p10=0.872 p90=0.884
  [diag] z-gate sat-dist hist bins=60 mean=0.121 p10=0.121 p90=0.121
  [diag] r-gate sat-dist hist bins=60 mean=0.497 p10=0.497 p90=0.497
Iter 0004220: train nll 0.385, valid error 100.000%, best valid error 100.000%, avg grad norm   0.048, avg grad norm (post clip)   0.000, rho_Whh  0.08, Omega  0.00, alpha  0.000, steps in the past 0.000, valid nll 0.328
  [diag] log10|dL/dh_t| hist bins=60 range=(-12.50,-11.50) mean=-12.00 p50=-12.00 p05=-12.00 p95=-12.00
  [diag] sat-dist hist bins=60 sat<0.05=0.0% mean=0.879 p10=0.872 p90=0.885
  [diag] z-gate sat-dist hist bins=60 mean=0.121 p10=0.121 p90=0.121
  [diag] r-gate sat-dist hist bins=60 mean=0.497 p10=0.497 p90=0.497
Iter 0004240: train nll 0.390, valid error 100.000%, best valid error 100.000%, avg grad norm   0.041, avg grad norm (post clip)   0.000, rho_Whh  0.08, Omega  0.00, alpha  0.000, steps in the past 0.000, valid nll 0.328
  [diag] log10|dL/dh_t| hist bins=60 range=(-12.50,-11.50) mean=-12.00 p50=-12.00 p05=-12.00 p95=-12.00
  [diag] sat-dist hist bins=60 sat<0.05=0.0% mean=0.879 p10=0.873 p90=0.885
  [diag] z-gate sat-dist hist bins=60 mean=0.121 p10=0.121 p90=0.121
  [diag] r-gate sat-dist hist bins=60 mean=0.497 p10=0.497 p90=0.497
Iter 0004260: train nll 0.454, valid error 100.000%, best valid error 100.000%, avg grad norm   0.061, avg grad norm (post clip)   0.000, rho_Whh  0.08, Omega  0.00, alpha  0.000, steps in the past 0.000, valid nll 0.328
  [diag] log10|dL/dh_t| hist bins=60 range=(-12.50,-11.50) mean=-12.00 p50=-12.00 p05=-12.00 p95=-12.00
  [diag] sat-dist hist bins=60 sat<0.05=0.0% mean=0.880 p10=0.873 p90=0.885
  [diag] z-gate sat-dist hist bins=60 mean=0.121 p10=0.121 p90=0.121
  [diag] r-gate sat-dist hist bins=60 mean=0.497 p10=0.497 p90=0.497
Iter 0004280: train nll 0.389, valid error 100.000%, best valid error 100.000%, avg grad norm   0.048, avg grad norm (post clip)   0.000, rho_Whh  0.08, Omega  0.00, alpha  0.000, steps in the past 0.000, valid nll 0.328
  [diag] log10|dL/dh_t| hist bins=60 range=(-12.50,-11.50) mean=-12.00 p50=-12.00 p05=-12.00 p95=-12.00
  [diag] sat-dist hist bins=60 sat<0.05=0.0% mean=0.879 p10=0.873 p90=0.885
  [diag] z-gate sat-dist hist bins=60 mean=0.121 p10=0.121 p90=0.121
  [diag] r-gate sat-dist hist bins=60 mean=0.497 p10=0.497 p90=0.497
Iter 0004300: train nll 0.374, valid error 100.000%, best valid error 100.000%, avg grad norm   0.041, avg grad norm (post clip)   0.000, rho_Whh  0.08, Omega  0.00, alpha  0.000, steps in the past 0.000, valid nll 0.328
  [diag] log10|dL/dh_t| hist bins=60 range=(-12.50,-11.50) mean=-12.00 p50=-12.00 p05=-12.00 p95=-12.00
  [diag] sat-dist hist bins=60 sat<0.05=0.0% mean=0.880 p10=0.874 p90=0.886
  [diag] z-gate sat-dist hist bins=60 mean=0.121 p10=0.121 p90=0.121
  [diag] r-gate sat-dist hist bins=60 mean=0.497 p10=0.497 p90=0.497
Iter 0004320: train nll 0.417, valid error 100.000%, best valid error 100.000%, avg grad norm   0.047, avg grad norm (post clip)   0.000, rho_Whh  0.08, Omega  0.00, alpha  0.000, steps in the past 0.000, valid nll 0.328
  [diag] log10|dL/dh_t| hist bins=60 range=(-12.50,-11.50) mean=-12.00 p50=-12.00 p05=-12.00 p95=-12.00
  [diag] sat-dist hist bins=60 sat<0.05=0.0% mean=0.880 p10=0.874 p90=0.886
  [diag] z-gate sat-dist hist bins=60 mean=0.121 p10=0.121 p90=0.121
  [diag] r-gate sat-dist hist bins=60 mean=0.497 p10=0.497 p90=0.497
Iter 0004340: train nll 0.443, valid error 100.000%, best valid error 100.000%, avg grad norm   0.055, avg grad norm (post clip)   0.000, rho_Whh  0.08, Omega  0.00, alpha  0.000, steps in the past 0.000, valid nll 0.328
  [diag] log10|dL/dh_t| hist bins=60 range=(-12.50,-11.50) mean=-12.00 p50=-12.00 p05=-12.00 p95=-12.00
  [diag] sat-dist hist bins=60 sat<0.05=0.0% mean=0.881 p10=0.875 p90=0.886
  [diag] z-gate sat-dist hist bins=60 mean=0.121 p10=0.121 p90=0.121
  [diag] r-gate sat-dist hist bins=60 mean=0.497 p10=0.497 p90=0.497
Iter 0004360: train nll 0.419, valid error 100.000%, best valid error 100.000%, avg grad norm   0.048, avg grad norm (post clip)   0.000, rho_Whh  0.08, Omega  0.00, alpha  0.000, steps in the past 0.000, valid nll 0.328
  [diag] log10|dL/dh_t| hist bins=60 range=(-12.50,-11.50) mean=-12.00 p50=-12.00 p05=-12.00 p95=-12.00
  [diag] sat-dist hist bins=60 sat<0.05=0.0% mean=0.881 p10=0.875 p90=0.887
  [diag] z-gate sat-dist hist bins=60 mean=0.121 p10=0.121 p90=0.121
  [diag] r-gate sat-dist hist bins=60 mean=0.497 p10=0.497 p90=0.497
Iter 0004380: train nll 0.419, valid error 100.000%, best valid error 100.000%, avg grad norm   0.046, avg grad norm (post clip)   0.000, rho_Whh  0.08, Omega  0.00, alpha  0.000, steps in the past 0.000, valid nll 0.328
  [diag] log10|dL/dh_t| hist bins=60 range=(-12.50,-11.50) mean=-12.00 p50=-12.00 p05=-12.00 p95=-12.00
  [diag] sat-dist hist bins=60 sat<0.05=0.0% mean=0.881 p10=0.875 p90=0.887
  [diag] z-gate sat-dist hist bins=60 mean=0.121 p10=0.121 p90=0.121
  [diag] r-gate sat-dist hist bins=60 mean=0.497 p10=0.497 p90=0.497
Iter 0004400: train nll 0.377, valid error 100.000%, best valid error 100.000%, avg grad norm   0.047, avg grad norm (post clip)   0.000, rho_Whh  0.08, Omega  0.00, alpha  0.000, steps in the past 0.000, valid nll 0.328
  [diag] log10|dL/dh_t| hist bins=60 range=(-12.50,-11.50) mean=-12.00 p50=-12.00 p05=-12.00 p95=-12.00
  [diag] sat-dist hist bins=60 sat<0.05=0.0% mean=0.881 p10=0.875 p90=0.887
  [diag] z-gate sat-dist hist bins=60 mean=0.121 p10=0.121 p90=0.121
  [diag] r-gate sat-dist hist bins=60 mean=0.497 p10=0.497 p90=0.497
Iter 0004420: train nll 0.408, valid error 100.000%, best valid error 100.000%, avg grad norm   0.047, avg grad norm (post clip)   0.000, rho_Whh  0.08, Omega  0.00, alpha  0.000, steps in the past 0.000, valid nll 0.328
  [diag] log10|dL/dh_t| hist bins=60 range=(-12.50,-11.50) mean=-12.00 p50=-12.00 p05=-12.00 p95=-12.00
  [diag] sat-dist hist bins=60 sat<0.05=0.0% mean=0.882 p10=0.876 p90=0.887
  [diag] z-gate sat-dist hist bins=60 mean=0.121 p10=0.121 p90=0.121
  [diag] r-gate sat-dist hist bins=60 mean=0.497 p10=0.497 p90=0.497
Iter 0004440: train nll 0.415, valid error 100.000%, best valid error 100.000%, avg grad norm   0.047, avg grad norm (post clip)   0.000, rho_Whh  0.08, Omega  0.00, alpha  0.000, steps in the past 0.000, valid nll 0.328
  [diag] log10|dL/dh_t| hist bins=60 range=(-12.50,-11.50) mean=-12.00 p50=-12.00 p05=-12.00 p95=-12.00
  [diag] sat-dist hist bins=60 sat<0.05=0.0% mean=0.882 p10=0.876 p90=0.887
  [diag] z-gate sat-dist hist bins=60 mean=0.121 p10=0.121 p90=0.121
  [diag] r-gate sat-dist hist bins=60 mean=0.497 p10=0.497 p90=0.497
Iter 0004460: train nll 0.385, valid error 100.000%, best valid error 100.000%, avg grad norm   0.044, avg grad norm (post clip)   0.000, rho_Whh  0.08, Omega  0.00, alpha  0.000, steps in the past 0.000, valid nll 0.328
  [diag] log10|dL/dh_t| hist bins=60 range=(-12.50,-11.50) mean=-12.00 p50=-12.00 p05=-12.00 p95=-12.00
  [diag] sat-dist hist bins=60 sat<0.05=0.0% mean=0.882 p10=0.876 p90=0.887
  [diag] z-gate sat-dist hist bins=60 mean=0.121 p10=0.121 p90=0.121
  [diag] r-gate sat-dist hist bins=60 mean=0.497 p10=0.497 p90=0.497
Iter 0004480: train nll 0.420, valid error 100.000%, best valid error 100.000%, avg grad norm   0.052, avg grad norm (post clip)   0.000, rho_Whh  0.08, Omega  0.00, alpha  0.000, steps in the past 0.000, valid nll 0.328
  [diag] log10|dL/dh_t| hist bins=60 range=(-12.50,-11.50) mean=-12.00 p50=-12.00 p05=-12.00 p95=-12.00
  [diag] sat-dist hist bins=60 sat<0.05=0.0% mean=0.882 p10=0.876 p90=0.888
  [diag] z-gate sat-dist hist bins=60 mean=0.121 p10=0.121 p90=0.121
  [diag] r-gate sat-dist hist bins=60 mean=0.497 p10=0.497 p90=0.497
Iter 0004500: train nll 0.396, valid error 100.000%, best valid error 100.000%, avg grad norm   0.041, avg grad norm (post clip)   0.000, rho_Whh  0.08, Omega  0.00, alpha  0.000, steps in the past 0.000, valid nll 0.328
  [diag] log10|dL/dh_t| hist bins=60 range=(-12.50,-11.50) mean=-12.00 p50=-12.00 p05=-12.00 p95=-12.00
  [diag] sat-dist hist bins=60 sat<0.05=0.0% mean=0.883 p10=0.877 p90=0.888
  [diag] z-gate sat-dist hist bins=60 mean=0.121 p10=0.121 p90=0.121
  [diag] r-gate sat-dist hist bins=60 mean=0.497 p10=0.497 p90=0.497
Iter 0004520: train nll 0.454, valid error 100.000%, best valid error 100.000%, avg grad norm   0.059, avg grad norm (post clip)   0.000, rho_Whh  0.08, Omega  0.00, alpha  0.000, steps in the past 0.000, valid nll 0.328
  [diag] log10|dL/dh_t| hist bins=60 range=(-12.50,-11.50) mean=-12.00 p50=-12.00 p05=-12.00 p95=-12.00
  [diag] sat-dist hist bins=60 sat<0.05=0.0% mean=0.883 p10=0.877 p90=0.888
  [diag] z-gate sat-dist hist bins=60 mean=0.121 p10=0.121 p90=0.121
  [diag] r-gate sat-dist hist bins=60 mean=0.497 p10=0.497 p90=0.497
Iter 0004540: train nll 0.379, valid error 100.000%, best valid error 100.000%, avg grad norm   0.050, avg grad norm (post clip)   0.000, rho_Whh  0.08, Omega  0.00, alpha  0.000, steps in the past 0.000, valid nll 0.328
  [diag] log10|dL/dh_t| hist bins=60 range=(-12.50,-11.50) mean=-12.00 p50=-12.00 p05=-12.00 p95=-12.00
  [diag] sat-dist hist bins=60 sat<0.05=0.0% mean=0.883 p10=0.878 p90=0.889
  [diag] z-gate sat-dist hist bins=60 mean=0.121 p10=0.121 p90=0.121
  [diag] r-gate sat-dist hist bins=60 mean=0.497 p10=0.497 p90=0.497
Iter 0004560: train nll 0.457, valid error 100.000%, best valid error 100.000%, avg grad norm   0.058, avg grad norm (post clip)   0.000, rho_Whh  0.08, Omega  0.00, alpha  0.000, steps in the past 0.000, valid nll 0.328
  [diag] log10|dL/dh_t| hist bins=60 range=(-12.50,-11.50) mean=-12.00 p50=-12.00 p05=-12.00 p95=-12.00
  [diag] sat-dist hist bins=60 sat<0.05=0.0% mean=0.884 p10=0.878 p90=0.889
  [diag] z-gate sat-dist hist bins=60 mean=0.121 p10=0.121 p90=0.121
  [diag] r-gate sat-dist hist bins=60 mean=0.497 p10=0.497 p90=0.497
Iter 0004580: train nll 0.401, valid error 100.000%, best valid error 100.000%, avg grad norm   0.038, avg grad norm (post clip)   0.000, rho_Whh  0.08, Omega  0.00, alpha  0.000, steps in the past 0.000, valid nll 0.328
  [diag] log10|dL/dh_t| hist bins=60 range=(-12.50,-11.50) mean=-12.00 p50=-12.00 p05=-12.00 p95=-12.00
  [diag] sat-dist hist bins=60 sat<0.05=0.0% mean=0.884 p10=0.878 p90=0.889
  [diag] z-gate sat-dist hist bins=60 mean=0.121 p10=0.121 p90=0.121
  [diag] r-gate sat-dist hist bins=60 mean=0.497 p10=0.497 p90=0.497
Iter 0004600: train nll 0.392, valid error 100.000%, best valid error 100.000%, avg grad norm   0.053, avg grad norm (post clip)   0.000, rho_Whh  0.08, Omega  0.00, alpha  0.000, steps in the past 0.000, valid nll 0.328
  [diag] log10|dL/dh_t| hist bins=60 range=(-12.50,-11.50) mean=-12.00 p50=-12.00 p05=-12.00 p95=-12.00
  [diag] sat-dist hist bins=60 sat<0.05=0.0% mean=0.883 p10=0.877 p90=0.889
  [diag] z-gate sat-dist hist bins=60 mean=0.121 p10=0.121 p90=0.121
  [diag] r-gate sat-dist hist bins=60 mean=0.497 p10=0.497 p90=0.497
Iter 0004620: train nll 0.364, valid error 100.000%, best valid error 100.000%, avg grad norm   0.045, avg grad norm (post clip)   0.000, rho_Whh  0.08, Omega  0.00, alpha  0.000, steps in the past 0.000, valid nll 0.328
  [diag] log10|dL/dh_t| hist bins=60 range=(-12.50,-11.50) mean=-12.00 p50=-12.00 p05=-12.00 p95=-12.00
  [diag] sat-dist hist bins=60 sat<0.05=0.0% mean=0.884 p10=0.878 p90=0.889
  [diag] z-gate sat-dist hist bins=60 mean=0.121 p10=0.121 p90=0.121
  [diag] r-gate sat-dist hist bins=60 mean=0.497 p10=0.497 p90=0.497
Iter 0004640: train nll 0.402, valid error 100.000%, best valid error 100.000%, avg grad norm   0.048, avg grad norm (post clip)   0.000, rho_Whh  0.08, Omega  0.00, alpha  0.000, steps in the past 0.000, valid nll 0.328
  [diag] log10|dL/dh_t| hist bins=60 range=(-12.50,-11.50) mean=-12.00 p50=-12.00 p05=-12.00 p95=-12.00
  [diag] sat-dist hist bins=60 sat<0.05=0.0% mean=0.883 p10=0.877 p90=0.889
  [diag] z-gate sat-dist hist bins=60 mean=0.121 p10=0.121 p90=0.121
  [diag] r-gate sat-dist hist bins=60 mean=0.497 p10=0.497 p90=0.497
Iter 0004660: train nll 0.373, valid error 100.000%, best valid error 100.000%, avg grad norm   0.042, avg grad norm (post clip)   0.000, rho_Whh  0.08, Omega  0.00, alpha  0.000, steps in the past 0.000, valid nll 0.328
  [diag] log10|dL/dh_t| hist bins=60 range=(-12.50,-11.50) mean=-12.00 p50=-12.00 p05=-12.00 p95=-12.00
  [diag] sat-dist hist bins=60 sat<0.05=0.0% mean=0.883 p10=0.878 p90=0.889
  [diag] z-gate sat-dist hist bins=60 mean=0.121 p10=0.121 p90=0.121
  [diag] r-gate sat-dist hist bins=60 mean=0.497 p10=0.497 p90=0.497
Iter 0004680: train nll 0.391, valid error 100.000%, best valid error 100.000%, avg grad norm   0.056, avg grad norm (post clip)   0.000, rho_Whh  0.08, Omega  0.00, alpha  0.000, steps in the past 0.000, valid nll 0.328
  [diag] log10|dL/dh_t| hist bins=60 range=(-12.50,-11.50) mean=-12.00 p50=-12.00 p05=-12.00 p95=-12.00
  [diag] sat-dist hist bins=60 sat<0.05=0.0% mean=0.883 p10=0.877 p90=0.888
  [diag] z-gate sat-dist hist bins=60 mean=0.121 p10=0.121 p90=0.121
  [diag] r-gate sat-dist hist bins=60 mean=0.497 p10=0.497 p90=0.497
Iter 0004700: train nll 0.369, valid error 100.000%, best valid error 100.000%, avg grad norm   0.041, avg grad norm (post clip)   0.000, rho_Whh  0.08, Omega  0.00, alpha  0.000, steps in the past 0.000, valid nll 0.328
  [diag] log10|dL/dh_t| hist bins=60 range=(-12.50,-11.50) mean=-12.00 p50=-12.00 p05=-12.00 p95=-12.00
  [diag] sat-dist hist bins=60 sat<0.05=0.0% mean=0.883 p10=0.877 p90=0.888
  [diag] z-gate sat-dist hist bins=60 mean=0.121 p10=0.121 p90=0.121
  [diag] r-gate sat-dist hist bins=60 mean=0.497 p10=0.497 p90=0.497
Iter 0004720: train nll 0.372, valid error 100.000%, best valid error 100.000%, avg grad norm   0.043, avg grad norm (post clip)   0.000, rho_Whh  0.08, Omega  0.00, alpha  0.000, steps in the past 0.000, valid nll 0.328
  [diag] log10|dL/dh_t| hist bins=60 range=(-12.50,-11.50) mean=-12.00 p50=-12.00 p05=-12.00 p95=-12.00
  [diag] sat-dist hist bins=60 sat<0.05=0.0% mean=0.883 p10=0.877 p90=0.888
  [diag] z-gate sat-dist hist bins=60 mean=0.121 p10=0.121 p90=0.121
  [diag] r-gate sat-dist hist bins=60 mean=0.497 p10=0.497 p90=0.497
Iter 0004740: train nll 0.385, valid error 100.000%, best valid error 100.000%, avg grad norm   0.054, avg grad norm (post clip)   0.000, rho_Whh  0.08, Omega  0.00, alpha  0.000, steps in the past 0.000, valid nll 0.327
  [diag] log10|dL/dh_t| hist bins=60 range=(-12.50,-11.50) mean=-12.00 p50=-12.00 p05=-12.00 p95=-12.00
  [diag] sat-dist hist bins=60 sat<0.05=0.0% mean=0.883 p10=0.878 p90=0.888
  [diag] z-gate sat-dist hist bins=60 mean=0.121 p10=0.121 p90=0.121
  [diag] r-gate sat-dist hist bins=60 mean=0.497 p10=0.497 p90=0.497
Iter 0004760: train nll 0.398, valid error 100.000%, best valid error 100.000%, avg grad norm   0.036, avg grad norm (post clip)   0.000, rho_Whh  0.08, Omega  0.00, alpha  0.000, steps in the past 0.000, valid nll 0.327
  [diag] log10|dL/dh_t| hist bins=60 range=(-12.50,-11.50) mean=-12.00 p50=-12.00 p05=-12.00 p95=-12.00
  [diag] sat-dist hist bins=60 sat<0.05=0.0% mean=0.884 p10=0.878 p90=0.889
  [diag] z-gate sat-dist hist bins=60 mean=0.121 p10=0.121 p90=0.121
  [diag] r-gate sat-dist hist bins=60 mean=0.497 p10=0.497 p90=0.497
Iter 0004780: train nll 0.446, valid error 100.000%, best valid error 100.000%, avg grad norm   0.048, avg grad norm (post clip)   0.000, rho_Whh  0.08, Omega  0.00, alpha  0.000, steps in the past 0.000, valid nll 0.328
  [diag] log10|dL/dh_t| hist bins=60 range=(-12.50,-11.50) mean=-12.00 p50=-12.00 p05=-12.00 p95=-12.00
  [diag] sat-dist hist bins=60 sat<0.05=0.0% mean=0.884 p10=0.879 p90=0.889
  [diag] z-gate sat-dist hist bins=60 mean=0.121 p10=0.121 p90=0.121
  [diag] r-gate sat-dist hist bins=60 mean=0.497 p10=0.497 p90=0.497
Iter 0004800: train nll 0.412, valid error 100.000%, best valid error 100.000%, avg grad norm   0.046, avg grad norm (post clip)   0.000, rho_Whh  0.08, Omega  0.00, alpha  0.000, steps in the past 0.000, valid nll 0.328
  [diag] log10|dL/dh_t| hist bins=60 range=(-12.50,-11.50) mean=-12.00 p50=-12.00 p05=-12.00 p95=-12.00
  [diag] sat-dist hist bins=60 sat<0.05=0.0% mean=0.884 p10=0.879 p90=0.889
  [diag] z-gate sat-dist hist bins=60 mean=0.121 p10=0.121 p90=0.121
  [diag] r-gate sat-dist hist bins=60 mean=0.497 p10=0.497 p90=0.497
Iter 0004820: train nll 0.386, valid error 100.000%, best valid error 100.000%, avg grad norm   0.044, avg grad norm (post clip)   0.000, rho_Whh  0.08, Omega  0.00, alpha  0.000, steps in the past 0.000, valid nll 0.328
  [diag] log10|dL/dh_t| hist bins=60 range=(-12.50,-11.50) mean=-12.00 p50=-12.00 p05=-12.00 p95=-12.00
  [diag] sat-dist hist bins=60 sat<0.05=0.0% mean=0.884 p10=0.878 p90=0.889
  [diag] z-gate sat-dist hist bins=60 mean=0.121 p10=0.121 p90=0.121
  [diag] r-gate sat-dist hist bins=60 mean=0.497 p10=0.497 p90=0.497
Iter 0004840: train nll 0.360, valid error 100.000%, best valid error 100.000%, avg grad norm   0.044, avg grad norm (post clip)   0.000, rho_Whh  0.08, Omega  0.00, alpha  0.000, steps in the past 0.000, valid nll 0.327
  [diag] log10|dL/dh_t| hist bins=60 range=(-12.50,-11.50) mean=-12.00 p50=-12.00 p05=-12.00 p95=-12.00
  [diag] sat-dist hist bins=60 sat<0.05=0.0% mean=0.884 p10=0.879 p90=0.889
  [diag] z-gate sat-dist hist bins=60 mean=0.121 p10=0.121 p90=0.121
  [diag] r-gate sat-dist hist bins=60 mean=0.497 p10=0.497 p90=0.497
Iter 0004860: train nll 0.400, valid error 100.000%, best valid error 100.000%, avg grad norm   0.049, avg grad norm (post clip)   0.000, rho_Whh  0.08, Omega  0.00, alpha  0.000, steps in the past 0.000, valid nll 0.327
  [diag] log10|dL/dh_t| hist bins=60 range=(-12.50,-11.50) mean=-12.00 p50=-12.00 p05=-12.00 p95=-12.00
  [diag] sat-dist hist bins=60 sat<0.05=0.0% mean=0.884 p10=0.879 p90=0.889
  [diag] z-gate sat-dist hist bins=60 mean=0.121 p10=0.121 p90=0.121
  [diag] r-gate sat-dist hist bins=60 mean=0.497 p10=0.497 p90=0.497
Iter 0004880: train nll 0.401, valid error 100.000%, best valid error 100.000%, avg grad norm   0.061, avg grad norm (post clip)   0.000, rho_Whh  0.08, Omega  0.00, alpha  0.000, steps in the past 0.000, valid nll 0.327
  [diag] log10|dL/dh_t| hist bins=60 range=(-12.50,-11.50) mean=-12.00 p50=-12.00 p05=-12.00 p95=-12.00
  [diag] sat-dist hist bins=60 sat<0.05=0.0% mean=0.884 p10=0.878 p90=0.889
  [diag] z-gate sat-dist hist bins=60 mean=0.121 p10=0.121 p90=0.121
  [diag] r-gate sat-dist hist bins=60 mean=0.497 p10=0.497 p90=0.497
Iter 0004900: train nll 0.359, valid error 100.000%, best valid error 100.000%, avg grad norm   0.046, avg grad norm (post clip)   0.000, rho_Whh  0.08, Omega  0.00, alpha  0.000, steps in the past 0.000, valid nll 0.327
  [diag] log10|dL/dh_t| hist bins=60 range=(-12.50,-11.50) mean=-12.00 p50=-12.00 p05=-12.00 p95=-12.00
  [diag] sat-dist hist bins=60 sat<0.05=0.0% mean=0.884 p10=0.879 p90=0.889
  [diag] z-gate sat-dist hist bins=60 mean=0.121 p10=0.121 p90=0.121
  [diag] r-gate sat-dist hist bins=60 mean=0.497 p10=0.497 p90=0.497
Iter 0004920: train nll 0.388, valid error 100.000%, best valid error 100.000%, avg grad norm   0.046, avg grad norm (post clip)   0.000, rho_Whh  0.08, Omega  0.00, alpha  0.000, steps in the past 0.000, valid nll 0.327
  [diag] log10|dL/dh_t| hist bins=60 range=(-12.50,-11.50) mean=-12.00 p50=-12.00 p05=-12.00 p95=-12.00
  [diag] sat-dist hist bins=60 sat<0.05=0.0% mean=0.884 p10=0.879 p90=0.889
  [diag] z-gate sat-dist hist bins=60 mean=0.121 p10=0.121 p90=0.121
  [diag] r-gate sat-dist hist bins=60 mean=0.497 p10=0.497 p90=0.497
Iter 0004940: train nll 0.386, valid error 100.000%, best valid error 100.000%, avg grad norm   0.050, avg grad norm (post clip)   0.000, rho_Whh  0.08, Omega  0.00, alpha  0.000, steps in the past 0.000, valid nll 0.327
  [diag] log10|dL/dh_t| hist bins=60 range=(-12.50,-11.50) mean=-12.00 p50=-12.00 p05=-12.00 p95=-12.00
  [diag] sat-dist hist bins=60 sat<0.05=0.0% mean=0.884 p10=0.879 p90=0.889
  [diag] z-gate sat-dist hist bins=60 mean=0.121 p10=0.121 p90=0.121
  [diag] r-gate sat-dist hist bins=60 mean=0.497 p10=0.497 p90=0.497
Iter 0004960: train nll 0.381, valid error 100.000%, best valid error 100.000%, avg grad norm   0.045, avg grad norm (post clip)   0.000, rho_Whh  0.08, Omega  0.00, alpha  0.000, steps in the past 0.000, valid nll 0.327
  [diag] log10|dL/dh_t| hist bins=60 range=(-12.50,-11.50) mean=-12.00 p50=-12.00 p05=-12.00 p95=-12.00
  [diag] sat-dist hist bins=60 sat<0.05=0.0% mean=0.885 p10=0.879 p90=0.890
  [diag] z-gate sat-dist hist bins=60 mean=0.121 p10=0.121 p90=0.121
  [diag] r-gate sat-dist hist bins=60 mean=0.497 p10=0.497 p90=0.497
Iter 0004980: train nll 0.419, valid error 100.000%, best valid error 100.000%, avg grad norm   0.051, avg grad norm (post clip)   0.000, rho_Whh  0.08, Omega  0.00, alpha  0.000, steps in the past 0.000, valid nll 0.327
  [diag] log10|dL/dh_t| hist bins=60 range=(-12.50,-11.50) mean=-12.00 p50=-12.00 p05=-12.00 p95=-12.00
  [diag] sat-dist hist bins=60 sat<0.05=0.0% mean=0.885 p10=0.880 p90=0.890
  [diag] z-gate sat-dist hist bins=60 mean=0.121 p10=0.121 p90=0.121
  [diag] r-gate sat-dist hist bins=60 mean=0.497 p10=0.497 p90=0.497
Iter 0005000: train nll 0.420, valid error 100.000%, best valid error 100.000%, avg grad norm   0.057, avg grad norm (post clip)   0.000, rho_Whh  0.08, Omega  0.00, alpha  0.000, steps in the past 0.000, valid nll 0.327
  [diag] log10|dL/dh_t| hist bins=60 range=(-12.50,-11.50) mean=-12.00 p50=-12.00 p05=-12.00 p95=-12.00
  [diag] sat-dist hist bins=60 sat<0.05=0.0% mean=0.885 p10=0.880 p90=0.890
  [diag] z-gate sat-dist hist bins=60 mean=0.121 p10=0.121 p90=0.121
  [diag] r-gate sat-dist hist bins=60 mean=0.497 p10=0.497 p90=0.497
Iter 0005020: train nll 0.392, valid error 100.000%, best valid error 100.000%, avg grad norm   0.040, avg grad norm (post clip)   0.000, rho_Whh  0.08, Omega  0.00, alpha  0.000, steps in the past 0.000, valid nll 0.327
  [diag] log10|dL/dh_t| hist bins=60 range=(-12.50,-11.50) mean=-12.00 p50=-12.00 p05=-12.00 p95=-12.00
  [diag] sat-dist hist bins=60 sat<0.05=0.0% mean=0.885 p10=0.879 p90=0.890
  [diag] z-gate sat-dist hist bins=60 mean=0.121 p10=0.121 p90=0.121
  [diag] r-gate sat-dist hist bins=60 mean=0.497 p10=0.497 p90=0.497
Iter 0005040: train nll 0.354, valid error 100.000%, best valid error 100.000%, avg grad norm   0.034, avg grad norm (post clip)   0.000, rho_Whh  0.08, Omega  0.00, alpha  0.000, steps in the past 0.000, valid nll 0.327
  [diag] log10|dL/dh_t| hist bins=60 range=(-12.50,-11.50) mean=-12.00 p50=-12.00 p05=-12.00 p95=-12.00
  [diag] sat-dist hist bins=60 sat<0.05=0.0% mean=0.885 p10=0.879 p90=0.890
  [diag] z-gate sat-dist hist bins=60 mean=0.121 p10=0.121 p90=0.121
  [diag] r-gate sat-dist hist bins=60 mean=0.497 p10=0.497 p90=0.497
Iter 0005060: train nll 0.366, valid error 100.000%, best valid error 100.000%, avg grad norm   0.049, avg grad norm (post clip)   0.000, rho_Whh  0.08, Omega  0.00, alpha  0.000, steps in the past 0.000, valid nll 0.327
  [diag] log10|dL/dh_t| hist bins=60 range=(-12.50,-11.50) mean=-12.00 p50=-12.00 p05=-12.00 p95=-12.00
  [diag] sat-dist hist bins=60 sat<0.05=0.0% mean=0.885 p10=0.880 p90=0.890
  [diag] z-gate sat-dist hist bins=60 mean=0.121 p10=0.121 p90=0.121
  [diag] r-gate sat-dist hist bins=60 mean=0.497 p10=0.497 p90=0.497
Iter 0005080: train nll 0.420, valid error 100.000%, best valid error 100.000%, avg grad norm   0.048, avg grad norm (post clip)   0.000, rho_Whh  0.08, Omega  0.00, alpha  0.000, steps in the past 0.000, valid nll 0.327
  [diag] log10|dL/dh_t| hist bins=60 range=(-12.50,-11.50) mean=-12.00 p50=-12.00 p05=-12.00 p95=-12.00
  [diag] sat-dist hist bins=60 sat<0.05=0.0% mean=0.886 p10=0.880 p90=0.890
  [diag] z-gate sat-dist hist bins=60 mean=0.121 p10=0.121 p90=0.121
  [diag] r-gate sat-dist hist bins=60 mean=0.497 p10=0.497 p90=0.497
Iter 0005100: train nll 0.414, valid error 100.000%, best valid error 100.000%, avg grad norm   0.051, avg grad norm (post clip)   0.000, rho_Whh  0.08, Omega  0.00, alpha  0.000, steps in the past 0.000, valid nll 0.327
  [diag] log10|dL/dh_t| hist bins=60 range=(-12.50,-11.50) mean=-12.00 p50=-12.00 p05=-12.00 p95=-12.00
  [diag] sat-dist hist bins=60 sat<0.05=0.0% mean=0.886 p10=0.880 p90=0.891
  [diag] z-gate sat-dist hist bins=60 mean=0.121 p10=0.121 p90=0.121
  [diag] r-gate sat-dist hist bins=60 mean=0.497 p10=0.497 p90=0.497
Iter 0005120: train nll 0.400, valid error 100.000%, best valid error 100.000%, avg grad norm   0.042, avg grad norm (post clip)   0.000, rho_Whh  0.08, Omega  0.00, alpha  0.000, steps in the past 0.000, valid nll 0.327
  [diag] log10|dL/dh_t| hist bins=60 range=(-12.50,-11.50) mean=-12.00 p50=-12.00 p05=-12.00 p95=-12.00
  [diag] sat-dist hist bins=60 sat<0.05=0.0% mean=0.886 p10=0.880 p90=0.891
  [diag] z-gate sat-dist hist bins=60 mean=0.121 p10=0.121 p90=0.121
  [diag] r-gate sat-dist hist bins=60 mean=0.497 p10=0.497 p90=0.497
Iter 0005140: train nll 0.378, valid error 100.000%, best valid error 100.000%, avg grad norm   0.040, avg grad norm (post clip)   0.000, rho_Whh  0.08, Omega  0.00, alpha  0.000, steps in the past 0.000, valid nll 0.327
  [diag] log10|dL/dh_t| hist bins=60 range=(-12.50,-11.50) mean=-12.00 p50=-12.00 p05=-12.00 p95=-12.00
  [diag] sat-dist hist bins=60 sat<0.05=0.0% mean=0.886 p10=0.880 p90=0.891
  [diag] z-gate sat-dist hist bins=60 mean=0.121 p10=0.121 p90=0.121
  [diag] r-gate sat-dist hist bins=60 mean=0.497 p10=0.497 p90=0.497
Iter 0005160: train nll 0.385, valid error 100.000%, best valid error 100.000%, avg grad norm   0.042, avg grad norm (post clip)   0.000, rho_Whh  0.08, Omega  0.00, alpha  0.000, steps in the past 0.000, valid nll 0.327
  [diag] log10|dL/dh_t| hist bins=60 range=(-12.50,-11.50) mean=-12.00 p50=-12.00 p05=-12.00 p95=-12.00
  [diag] sat-dist hist bins=60 sat<0.05=0.0% mean=0.886 p10=0.881 p90=0.891
  [diag] z-gate sat-dist hist bins=60 mean=0.121 p10=0.121 p90=0.121
  [diag] r-gate sat-dist hist bins=60 mean=0.497 p10=0.497 p90=0.497
Iter 0005180: train nll 0.415, valid error 100.000%, best valid error 100.000%, avg grad norm   0.054, avg grad norm (post clip)   0.000, rho_Whh  0.08, Omega  0.00, alpha  0.000, steps in the past 0.000, valid nll 0.327
  [diag] log10|dL/dh_t| hist bins=60 range=(-12.50,-11.50) mean=-12.00 p50=-12.00 p05=-12.00 p95=-12.00
  [diag] sat-dist hist bins=60 sat<0.05=0.0% mean=0.886 p10=0.881 p90=0.891
  [diag] z-gate sat-dist hist bins=60 mean=0.121 p10=0.121 p90=0.121
  [diag] r-gate sat-dist hist bins=60 mean=0.497 p10=0.497 p90=0.497
Iter 0005200: train nll 0.373, valid error 100.000%, best valid error 100.000%, avg grad norm   0.046, avg grad norm (post clip)   0.000, rho_Whh  0.08, Omega  0.00, alpha  0.000, steps in the past 0.000, valid nll 0.327
  [diag] log10|dL/dh_t| hist bins=60 range=(-12.50,-11.50) mean=-12.00 p50=-12.00 p05=-12.00 p95=-12.00
  [diag] sat-dist hist bins=60 sat<0.05=0.0% mean=0.886 p10=0.881 p90=0.891
  [diag] z-gate sat-dist hist bins=60 mean=0.121 p10=0.121 p90=0.121
  [diag] r-gate sat-dist hist bins=60 mean=0.497 p10=0.497 p90=0.497
Iter 0005220: train nll 0.366, valid error 100.000%, best valid error 100.000%, avg grad norm   0.035, avg grad norm (post clip)   0.000, rho_Whh  0.08, Omega  0.00, alpha  0.000, steps in the past 0.000, valid nll 0.327
  [diag] log10|dL/dh_t| hist bins=60 range=(-12.50,-11.50) mean=-12.00 p50=-12.00 p05=-12.00 p95=-12.00
  [diag] sat-dist hist bins=60 sat<0.05=0.0% mean=0.886 p10=0.881 p90=0.891
  [diag] z-gate sat-dist hist bins=60 mean=0.121 p10=0.121 p90=0.121
  [diag] r-gate sat-dist hist bins=60 mean=0.497 p10=0.497 p90=0.497
Iter 0005240: train nll 0.384, valid error 100.000%, best valid error 100.000%, avg grad norm   0.049, avg grad norm (post clip)   0.000, rho_Whh  0.08, Omega  0.00, alpha  0.000, steps in the past 0.000, valid nll 0.327
  [diag] log10|dL/dh_t| hist bins=60 range=(-12.50,-11.50) mean=-12.00 p50=-12.00 p05=-12.00 p95=-12.00
  [diag] sat-dist hist bins=60 sat<0.05=0.0% mean=0.886 p10=0.880 p90=0.891
  [diag] z-gate sat-dist hist bins=60 mean=0.121 p10=0.121 p90=0.121
  [diag] r-gate sat-dist hist bins=60 mean=0.497 p10=0.497 p90=0.497
Iter 0005260: train nll 0.359, valid error 100.000%, best valid error 100.000%, avg grad norm   0.041, avg grad norm (post clip)   0.000, rho_Whh  0.08, Omega  0.00, alpha  0.000, steps in the past 0.000, valid nll 0.327
  [diag] log10|dL/dh_t| hist bins=60 range=(-12.50,-11.50) mean=-12.00 p50=-12.00 p05=-12.00 p95=-12.00
  [diag] sat-dist hist bins=60 sat<0.05=0.0% mean=0.886 p10=0.881 p90=0.891
  [diag] z-gate sat-dist hist bins=60 mean=0.121 p10=0.121 p90=0.121
  [diag] r-gate sat-dist hist bins=60 mean=0.497 p10=0.497 p90=0.497
Iter 0005280: train nll 0.399, valid error 100.000%, best valid error 100.000%, avg grad norm   0.050, avg grad norm (post clip)   0.000, rho_Whh  0.08, Omega  0.00, alpha  0.000, steps in the past 0.000, valid nll 0.327
  [diag] log10|dL/dh_t| hist bins=60 range=(-12.50,-11.50) mean=-12.00 p50=-12.00 p05=-12.00 p95=-12.00
  [diag] sat-dist hist bins=60 sat<0.05=0.0% mean=0.886 p10=0.881 p90=0.891
  [diag] z-gate sat-dist hist bins=60 mean=0.121 p10=0.121 p90=0.121
  [diag] r-gate sat-dist hist bins=60 mean=0.497 p10=0.497 p90=0.497
Iter 0005300: train nll 0.370, valid error 100.000%, best valid error 100.000%, avg grad norm   0.051, avg grad norm (post clip)   0.000, rho_Whh  0.08, Omega  0.00, alpha  0.000, steps in the past 0.000, valid nll 0.327
  [diag] log10|dL/dh_t| hist bins=60 range=(-12.50,-11.50) mean=-12.00 p50=-12.00 p05=-12.00 p95=-12.00
  [diag] sat-dist hist bins=60 sat<0.05=0.0% mean=0.886 p10=0.881 p90=0.891
  [diag] z-gate sat-dist hist bins=60 mean=0.121 p10=0.121 p90=0.121
  [diag] r-gate sat-dist hist bins=60 mean=0.497 p10=0.497 p90=0.497
Iter 0005320: train nll 0.385, valid error 100.000%, best valid error 100.000%, avg grad norm   0.041, avg grad norm (post clip)   0.000, rho_Whh  0.08, Omega  0.00, alpha  0.000, steps in the past 0.000, valid nll 0.327
  [diag] log10|dL/dh_t| hist bins=60 range=(-12.50,-11.50) mean=-12.00 p50=-12.00 p05=-12.00 p95=-12.00
  [diag] sat-dist hist bins=60 sat<0.05=0.0% mean=0.887 p10=0.881 p90=0.891
  [diag] z-gate sat-dist hist bins=60 mean=0.121 p10=0.121 p90=0.121
  [diag] r-gate sat-dist hist bins=60 mean=0.497 p10=0.497 p90=0.497
Iter 0005340: train nll 0.416, valid error 100.000%, best valid error 100.000%, avg grad norm   0.044, avg grad norm (post clip)   0.000, rho_Whh  0.08, Omega  0.00, alpha  0.000, steps in the past 0.000, valid nll 0.327
  [diag] log10|dL/dh_t| hist bins=60 range=(-12.50,-11.50) mean=-12.00 p50=-12.00 p05=-12.00 p95=-12.00
  [diag] sat-dist hist bins=60 sat<0.05=0.0% mean=0.887 p10=0.882 p90=0.891
  [diag] z-gate sat-dist hist bins=60 mean=0.121 p10=0.121 p90=0.121
  [diag] r-gate sat-dist hist bins=60 mean=0.497 p10=0.497 p90=0.497
Iter 0005360: train nll 0.412, valid error 100.000%, best valid error 100.000%, avg grad norm   0.048, avg grad norm (post clip)   0.000, rho_Whh  0.08, Omega  0.00, alpha  0.000, steps in the past 0.000, valid nll 0.327
  [diag] log10|dL/dh_t| hist bins=60 range=(-12.50,-11.50) mean=-12.00 p50=-12.00 p05=-12.00 p95=-12.00
  [diag] sat-dist hist bins=60 sat<0.05=0.0% mean=0.888 p10=0.882 p90=0.892
  [diag] z-gate sat-dist hist bins=60 mean=0.121 p10=0.121 p90=0.121
  [diag] r-gate sat-dist hist bins=60 mean=0.497 p10=0.497 p90=0.497
Iter 0005380: train nll 0.436, valid error 100.000%, best valid error 100.000%, avg grad norm   0.058, avg grad norm (post clip)   0.000, rho_Whh  0.08, Omega  0.00, alpha  0.000, steps in the past 0.000, valid nll 0.327
  [diag] log10|dL/dh_t| hist bins=60 range=(-12.50,-11.50) mean=-12.00 p50=-12.00 p05=-12.00 p95=-12.00
  [diag] sat-dist hist bins=60 sat<0.05=0.0% mean=0.888 p10=0.882 p90=0.892
  [diag] z-gate sat-dist hist bins=60 mean=0.121 p10=0.121 p90=0.121
  [diag] r-gate sat-dist hist bins=60 mean=0.497 p10=0.497 p90=0.497
Iter 0005400: train nll 0.390, valid error 100.000%, best valid error 100.000%, avg grad norm   0.056, avg grad norm (post clip)   0.000, rho_Whh  0.08, Omega  0.00, alpha  0.000, steps in the past 0.000, valid nll 0.327
  [diag] log10|dL/dh_t| hist bins=60 range=(-12.50,-11.50) mean=-12.00 p50=-12.00 p05=-12.00 p95=-12.00
  [diag] sat-dist hist bins=60 sat<0.05=0.0% mean=0.888 p10=0.883 p90=0.892
  [diag] z-gate sat-dist hist bins=60 mean=0.121 p10=0.121 p90=0.121
  [diag] r-gate sat-dist hist bins=60 mean=0.497 p10=0.497 p90=0.497
Iter 0005420: train nll 0.410, valid error 100.000%, best valid error 100.000%, avg grad norm   0.042, avg grad norm (post clip)   0.000, rho_Whh  0.08, Omega  0.00, alpha  0.000, steps in the past 0.000, valid nll 0.327
  [diag] log10|dL/dh_t| hist bins=60 range=(-12.50,-11.50) mean=-12.00 p50=-12.00 p05=-12.00 p95=-12.00
  [diag] sat-dist hist bins=60 sat<0.05=0.0% mean=0.888 p10=0.883 p90=0.893
  [diag] z-gate sat-dist hist bins=60 mean=0.121 p10=0.121 p90=0.121
  [diag] r-gate sat-dist hist bins=60 mean=0.497 p10=0.497 p90=0.497
Iter 0005440: train nll 0.415, valid error 100.000%, best valid error 100.000%, avg grad norm   0.047, avg grad norm (post clip)   0.000, rho_Whh  0.08, Omega  0.00, alpha  0.000, steps in the past 0.000, valid nll 0.327
  [diag] log10|dL/dh_t| hist bins=60 range=(-12.50,-11.50) mean=-12.00 p50=-12.00 p05=-12.00 p95=-12.00
  [diag] sat-dist hist bins=60 sat<0.05=0.0% mean=0.889 p10=0.883 p90=0.893
  [diag] z-gate sat-dist hist bins=60 mean=0.121 p10=0.121 p90=0.121
  [diag] r-gate sat-dist hist bins=60 mean=0.497 p10=0.497 p90=0.497
Iter 0005460: train nll 0.402, valid error 100.000%, best valid error 100.000%, avg grad norm   0.049, avg grad norm (post clip)   0.000, rho_Whh  0.08, Omega  0.00, alpha  0.000, steps in the past 0.000, valid nll 0.327
  [diag] log10|dL/dh_t| hist bins=60 range=(-12.50,-11.50) mean=-12.00 p50=-12.00 p05=-12.00 p95=-12.00
  [diag] sat-dist hist bins=60 sat<0.05=0.0% mean=0.889 p10=0.884 p90=0.893
  [diag] z-gate sat-dist hist bins=60 mean=0.121 p10=0.121 p90=0.121
  [diag] r-gate sat-dist hist bins=60 mean=0.497 p10=0.497 p90=0.497
Iter 0005480: train nll 0.437, valid error 100.000%, best valid error 100.000%, avg grad norm   0.049, avg grad norm (post clip)   0.000, rho_Whh  0.08, Omega  0.00, alpha  0.000, steps in the past 0.000, valid nll 0.327
  [diag] log10|dL/dh_t| hist bins=60 range=(-12.50,-11.50) mean=-12.00 p50=-12.00 p05=-12.00 p95=-12.00
  [diag] sat-dist hist bins=60 sat<0.05=0.0% mean=0.889 p10=0.884 p90=0.894
  [diag] z-gate sat-dist hist bins=60 mean=0.121 p10=0.121 p90=0.121
  [diag] r-gate sat-dist hist bins=60 mean=0.497 p10=0.497 p90=0.497
Iter 0005500: train nll 0.420, valid error 100.000%, best valid error 100.000%, avg grad norm   0.048, avg grad norm (post clip)   0.000, rho_Whh  0.08, Omega  0.00, alpha  0.000, steps in the past 0.000, valid nll 0.327
  [diag] log10|dL/dh_t| hist bins=60 range=(-12.50,-11.50) mean=-12.00 p50=-12.00 p05=-12.00 p95=-12.00
  [diag] sat-dist hist bins=60 sat<0.05=0.0% mean=0.890 p10=0.885 p90=0.894
  [diag] z-gate sat-dist hist bins=60 mean=0.121 p10=0.121 p90=0.121
  [diag] r-gate sat-dist hist bins=60 mean=0.497 p10=0.497 p90=0.497
Iter 0005520: train nll 0.437, valid error 100.000%, best valid error 100.000%, avg grad norm   0.056, avg grad norm (post clip)   0.000, rho_Whh  0.08, Omega  0.00, alpha  0.000, steps in the past 0.000, valid nll 0.327
  [diag] log10|dL/dh_t| hist bins=60 range=(-12.50,-11.50) mean=-12.00 p50=-12.00 p05=-12.00 p95=-12.00
  [diag] sat-dist hist bins=60 sat<0.05=0.0% mean=0.890 p10=0.885 p90=0.894
  [diag] z-gate sat-dist hist bins=60 mean=0.121 p10=0.121 p90=0.121
  [diag] r-gate sat-dist hist bins=60 mean=0.497 p10=0.497 p90=0.497
Iter 0005540: train nll 0.373, valid error 100.000%, best valid error 100.000%, avg grad norm   0.032, avg grad norm (post clip)   0.000, rho_Whh  0.08, Omega  0.00, alpha  0.000, steps in the past 0.000, valid nll 0.327
  [diag] log10|dL/dh_t| hist bins=60 range=(-12.50,-11.50) mean=-12.00 p50=-12.00 p05=-12.00 p95=-12.00
  [diag] sat-dist hist bins=60 sat<0.05=0.0% mean=0.890 p10=0.885 p90=0.894
  [diag] z-gate sat-dist hist bins=60 mean=0.121 p10=0.121 p90=0.121
  [diag] r-gate sat-dist hist bins=60 mean=0.497 p10=0.497 p90=0.497
Iter 0005560: train nll 0.387, valid error 100.000%, best valid error 100.000%, avg grad norm   0.051, avg grad norm (post clip)   0.000, rho_Whh  0.08, Omega  0.00, alpha  0.000, steps in the past 0.000, valid nll 0.327
  [diag] log10|dL/dh_t| hist bins=60 range=(-12.50,-11.50) mean=-12.00 p50=-12.00 p05=-12.00 p95=-12.00
  [diag] sat-dist hist bins=60 sat<0.05=0.0% mean=0.890 p10=0.885 p90=0.894
  [diag] z-gate sat-dist hist bins=60 mean=0.121 p10=0.121 p90=0.121
  [diag] r-gate sat-dist hist bins=60 mean=0.497 p10=0.497 p90=0.497
Iter 0005580: train nll 0.388, valid error 100.000%, best valid error 100.000%, avg grad norm   0.046, avg grad norm (post clip)   0.000, rho_Whh  0.08, Omega  0.00, alpha  0.000, steps in the past 0.000, valid nll 0.327
  [diag] log10|dL/dh_t| hist bins=60 range=(-12.50,-11.50) mean=-12.00 p50=-12.00 p05=-12.00 p95=-12.00
  [diag] sat-dist hist bins=60 sat<0.05=0.0% mean=0.890 p10=0.885 p90=0.894
  [diag] z-gate sat-dist hist bins=60 mean=0.121 p10=0.121 p90=0.121
  [diag] r-gate sat-dist hist bins=60 mean=0.497 p10=0.497 p90=0.497
Iter 0005600: train nll 0.423, valid error 100.000%, best valid error 100.000%, avg grad norm   0.050, avg grad norm (post clip)   0.000, rho_Whh  0.08, Omega  0.00, alpha  0.000, steps in the past 0.000, valid nll 0.327
  [diag] log10|dL/dh_t| hist bins=60 range=(-12.50,-11.50) mean=-12.00 p50=-12.00 p05=-12.00 p95=-12.00
  [diag] sat-dist hist bins=60 sat<0.05=0.0% mean=0.890 p10=0.885 p90=0.894
  [diag] z-gate sat-dist hist bins=60 mean=0.121 p10=0.121 p90=0.121
  [diag] r-gate sat-dist hist bins=60 mean=0.497 p10=0.497 p90=0.497
Iter 0005620: train nll 0.360, valid error 100.000%, best valid error 100.000%, avg grad norm   0.048, avg grad norm (post clip)   0.000, rho_Whh  0.08, Omega  0.00, alpha  0.000, steps in the past 0.000, valid nll 0.327
  [diag] log10|dL/dh_t| hist bins=60 range=(-12.50,-11.50) mean=-12.00 p50=-12.00 p05=-12.00 p95=-12.00
  [diag] sat-dist hist bins=60 sat<0.05=0.0% mean=0.890 p10=0.885 p90=0.894
  [diag] z-gate sat-dist hist bins=60 mean=0.121 p10=0.121 p90=0.121
  [diag] r-gate sat-dist hist bins=60 mean=0.497 p10=0.497 p90=0.497
Iter 0005640: train nll 0.372, valid error 100.000%, best valid error 100.000%, avg grad norm   0.043, avg grad norm (post clip)   0.000, rho_Whh  0.08, Omega  0.00, alpha  0.000, steps in the past 0.000, valid nll 0.327
  [diag] log10|dL/dh_t| hist bins=60 range=(-12.50,-11.50) mean=-12.00 p50=-12.00 p05=-12.00 p95=-12.00
  [diag] sat-dist hist bins=60 sat<0.05=0.0% mean=0.890 p10=0.885 p90=0.894
  [diag] z-gate sat-dist hist bins=60 mean=0.121 p10=0.121 p90=0.121
  [diag] r-gate sat-dist hist bins=60 mean=0.497 p10=0.497 p90=0.497
Iter 0005660: train nll 0.403, valid error 100.000%, best valid error 100.000%, avg grad norm   0.040, avg grad norm (post clip)   0.000, rho_Whh  0.08, Omega  0.00, alpha  0.000, steps in the past 0.000, valid nll 0.327
  [diag] log10|dL/dh_t| hist bins=60 range=(-12.50,-11.50) mean=-12.00 p50=-12.00 p05=-12.00 p95=-12.00
  [diag] sat-dist hist bins=60 sat<0.05=0.0% mean=0.890 p10=0.885 p90=0.895
  [diag] z-gate sat-dist hist bins=60 mean=0.121 p10=0.121 p90=0.121
  [diag] r-gate sat-dist hist bins=60 mean=0.497 p10=0.497 p90=0.497
Iter 0005680: train nll 0.404, valid error 100.000%, best valid error 100.000%, avg grad norm   0.044, avg grad norm (post clip)   0.000, rho_Whh  0.08, Omega  0.00, alpha  0.000, steps in the past 0.000, valid nll 0.327
  [diag] log10|dL/dh_t| hist bins=60 range=(-12.50,-11.50) mean=-12.00 p50=-12.00 p05=-12.00 p95=-12.00
  [diag] sat-dist hist bins=60 sat<0.05=0.0% mean=0.891 p10=0.885 p90=0.895
  [diag] z-gate sat-dist hist bins=60 mean=0.121 p10=0.121 p90=0.121
  [diag] r-gate sat-dist hist bins=60 mean=0.497 p10=0.497 p90=0.497
Iter 0005700: train nll 0.401, valid error 100.000%, best valid error 100.000%, avg grad norm   0.042, avg grad norm (post clip)   0.000, rho_Whh  0.08, Omega  0.00, alpha  0.000, steps in the past 0.000, valid nll 0.327
  [diag] log10|dL/dh_t| hist bins=60 range=(-12.50,-11.50) mean=-12.00 p50=-12.00 p05=-12.00 p95=-12.00
  [diag] sat-dist hist bins=60 sat<0.05=0.0% mean=0.891 p10=0.886 p90=0.895
  [diag] z-gate sat-dist hist bins=60 mean=0.121 p10=0.121 p90=0.121
  [diag] r-gate sat-dist hist bins=60 mean=0.497 p10=0.497 p90=0.497
Iter 0005720: train nll 0.417, valid error 100.000%, best valid error 100.000%, avg grad norm   0.047, avg grad norm (post clip)   0.000, rho_Whh  0.08, Omega  0.00, alpha  0.000, steps in the past 0.000, valid nll 0.327
  [diag] log10|dL/dh_t| hist bins=60 range=(-12.50,-11.50) mean=-12.00 p50=-12.00 p05=-12.00 p95=-12.00
  [diag] sat-dist hist bins=60 sat<0.05=0.0% mean=0.891 p10=0.886 p90=0.895
  [diag] z-gate sat-dist hist bins=60 mean=0.121 p10=0.121 p90=0.121
  [diag] r-gate sat-dist hist bins=60 mean=0.497 p10=0.497 p90=0.497
Iter 0005740: train nll 0.392, valid error 100.000%, best valid error 100.000%, avg grad norm   0.053, avg grad norm (post clip)   0.000, rho_Whh  0.08, Omega  0.00, alpha  0.000, steps in the past 0.000, valid nll 0.327
  [diag] log10|dL/dh_t| hist bins=60 range=(-12.50,-11.50) mean=-12.00 p50=-12.00 p05=-12.00 p95=-12.00
  [diag] sat-dist hist bins=60 sat<0.05=0.0% mean=0.891 p10=0.886 p90=0.895
  [diag] z-gate sat-dist hist bins=60 mean=0.121 p10=0.121 p90=0.121
  [diag] r-gate sat-dist hist bins=60 mean=0.497 p10=0.497 p90=0.497
Iter 0005760: train nll 0.394, valid error 100.000%, best valid error 100.000%, avg grad norm   0.054, avg grad norm (post clip)   0.000, rho_Whh  0.08, Omega  0.00, alpha  0.000, steps in the past 0.000, valid nll 0.327
  [diag] log10|dL/dh_t| hist bins=60 range=(-12.50,-11.50) mean=-12.00 p50=-12.00 p05=-12.00 p95=-12.00
  [diag] sat-dist hist bins=60 sat<0.05=0.0% mean=0.891 p10=0.886 p90=0.896
  [diag] z-gate sat-dist hist bins=60 mean=0.121 p10=0.121 p90=0.121
  [diag] r-gate sat-dist hist bins=60 mean=0.497 p10=0.497 p90=0.497
Iter 0005780: train nll 0.419, valid error 100.000%, best valid error 100.000%, avg grad norm   0.047, avg grad norm (post clip)   0.000, rho_Whh  0.08, Omega  0.00, alpha  0.000, steps in the past 0.000, valid nll 0.327
  [diag] log10|dL/dh_t| hist bins=60 range=(-12.50,-11.50) mean=-12.00 p50=-12.00 p05=-12.00 p95=-12.00
  [diag] sat-dist hist bins=60 sat<0.05=0.0% mean=0.892 p10=0.887 p90=0.896
  [diag] z-gate sat-dist hist bins=60 mean=0.121 p10=0.121 p90=0.121
  [diag] r-gate sat-dist hist bins=60 mean=0.497 p10=0.497 p90=0.497
Iter 0005800: train nll 0.431, valid error 100.000%, best valid error 100.000%, avg grad norm   0.050, avg grad norm (post clip)   0.000, rho_Whh  0.08, Omega  0.00, alpha  0.000, steps in the past 0.000, valid nll 0.327
  [diag] log10|dL/dh_t| hist bins=60 range=(-12.50,-11.50) mean=-12.00 p50=-12.00 p05=-12.00 p95=-12.00
  [diag] sat-dist hist bins=60 sat<0.05=0.0% mean=0.892 p10=0.887 p90=0.896
  [diag] z-gate sat-dist hist bins=60 mean=0.121 p10=0.121 p90=0.121
  [diag] r-gate sat-dist hist bins=60 mean=0.497 p10=0.497 p90=0.497
Iter 0005820: train nll 0.412, valid error 100.000%, best valid error 100.000%, avg grad norm   0.050, avg grad norm (post clip)   0.000, rho_Whh  0.08, Omega  0.00, alpha  0.000, steps in the past 0.000, valid nll 0.327
  [diag] log10|dL/dh_t| hist bins=60 range=(-12.50,-11.50) mean=-12.00 p50=-12.00 p05=-12.00 p95=-12.00
  [diag] sat-dist hist bins=60 sat<0.05=0.0% mean=0.892 p10=0.887 p90=0.897
  [diag] z-gate sat-dist hist bins=60 mean=0.121 p10=0.121 p90=0.121
  [diag] r-gate sat-dist hist bins=60 mean=0.497 p10=0.497 p90=0.497
Iter 0005840: train nll 0.424, valid error 100.000%, best valid error 100.000%, avg grad norm   0.056, avg grad norm (post clip)   0.000, rho_Whh  0.08, Omega  0.00, alpha  0.000, steps in the past 0.000, valid nll 0.327
  [diag] log10|dL/dh_t| hist bins=60 range=(-12.50,-11.50) mean=-12.00 p50=-12.00 p05=-12.00 p95=-12.00
  [diag] sat-dist hist bins=60 sat<0.05=0.0% mean=0.892 p10=0.887 p90=0.896
  [diag] z-gate sat-dist hist bins=60 mean=0.121 p10=0.121 p90=0.121
  [diag] r-gate sat-dist hist bins=60 mean=0.497 p10=0.497 p90=0.497
Iter 0005860: train nll 0.352, valid error 100.000%, best valid error 100.000%, avg grad norm   0.042, avg grad norm (post clip)   0.000, rho_Whh  0.08, Omega  0.00, alpha  0.000, steps in the past 0.000, valid nll 0.327
  [diag] log10|dL/dh_t| hist bins=60 range=(-12.50,-11.50) mean=-12.00 p50=-12.00 p05=-12.00 p95=-12.00
  [diag] sat-dist hist bins=60 sat<0.05=0.0% mean=0.892 p10=0.887 p90=0.896
  [diag] z-gate sat-dist hist bins=60 mean=0.121 p10=0.121 p90=0.121
  [diag] r-gate sat-dist hist bins=60 mean=0.497 p10=0.497 p90=0.497
Iter 0005880: train nll 0.361, valid error 100.000%, best valid error 100.000%, avg grad norm   0.051, avg grad norm (post clip)   0.000, rho_Whh  0.08, Omega  0.00, alpha  0.000, steps in the past 0.000, valid nll 0.327
  [diag] log10|dL/dh_t| hist bins=60 range=(-12.50,-11.50) mean=-12.00 p50=-12.00 p05=-12.00 p95=-12.00
  [diag] sat-dist hist bins=60 sat<0.05=0.0% mean=0.892 p10=0.887 p90=0.896
  [diag] z-gate sat-dist hist bins=60 mean=0.121 p10=0.121 p90=0.121
  [diag] r-gate sat-dist hist bins=60 mean=0.497 p10=0.497 p90=0.497
Iter 0005900: train nll 0.388, valid error 100.000%, best valid error 100.000%, avg grad norm   0.050, avg grad norm (post clip)   0.000, rho_Whh  0.08, Omega  0.00, alpha  0.000, steps in the past 0.000, valid nll 0.327
  [diag] log10|dL/dh_t| hist bins=60 range=(-12.50,-11.50) mean=-12.00 p50=-12.00 p05=-12.00 p95=-12.00
  [diag] sat-dist hist bins=60 sat<0.05=0.0% mean=0.892 p10=0.887 p90=0.896
  [diag] z-gate sat-dist hist bins=60 mean=0.121 p10=0.121 p90=0.121
  [diag] r-gate sat-dist hist bins=60 mean=0.497 p10=0.497 p90=0.497
Iter 0005920: train nll 0.382, valid error 100.000%, best valid error 100.000%, avg grad norm   0.050, avg grad norm (post clip)   0.000, rho_Whh  0.08, Omega  0.00, alpha  0.000, steps in the past 0.000, valid nll 0.327
  [diag] log10|dL/dh_t| hist bins=60 range=(-12.50,-11.50) mean=-12.00 p50=-12.00 p05=-12.00 p95=-12.00
  [diag] sat-dist hist bins=60 sat<0.05=0.0% mean=0.892 p10=0.887 p90=0.897
  [diag] z-gate sat-dist hist bins=60 mean=0.121 p10=0.121 p90=0.121
  [diag] r-gate sat-dist hist bins=60 mean=0.497 p10=0.497 p90=0.497
Iter 0005940: train nll 0.418, valid error 100.000%, best valid error 100.000%, avg grad norm   0.043, avg grad norm (post clip)   0.000, rho_Whh  0.08, Omega  0.00, alpha  0.000, steps in the past 0.000, valid nll 0.327
  [diag] log10|dL/dh_t| hist bins=60 range=(-12.50,-11.50) mean=-12.00 p50=-12.00 p05=-12.00 p95=-12.00
  [diag] sat-dist hist bins=60 sat<0.05=0.0% mean=0.893 p10=0.888 p90=0.897
  [diag] z-gate sat-dist hist bins=60 mean=0.121 p10=0.121 p90=0.121
  [diag] r-gate sat-dist hist bins=60 mean=0.497 p10=0.497 p90=0.497
Iter 0005960: train nll 0.435, valid error 100.000%, best valid error 100.000%, avg grad norm   0.053, avg grad norm (post clip)   0.000, rho_Whh  0.08, Omega  0.00, alpha  0.000, steps in the past 0.000, valid nll 0.327
  [diag] log10|dL/dh_t| hist bins=60 range=(-12.50,-11.50) mean=-12.00 p50=-12.00 p05=-12.00 p95=-12.00
  [diag] sat-dist hist bins=60 sat<0.05=0.0% mean=0.893 p10=0.888 p90=0.897
  [diag] z-gate sat-dist hist bins=60 mean=0.121 p10=0.121 p90=0.121
  [diag] r-gate sat-dist hist bins=60 mean=0.497 p10=0.497 p90=0.497
Iter 0005980: train nll 0.382, valid error 100.000%, best valid error 100.000%, avg grad norm   0.045, avg grad norm (post clip)   0.000, rho_Whh  0.08, Omega  0.00, alpha  0.000, steps in the past 0.000, valid nll 0.327
  [diag] log10|dL/dh_t| hist bins=60 range=(-12.50,-11.50) mean=-12.00 p50=-12.00 p05=-12.00 p95=-12.00
  [diag] sat-dist hist bins=60 sat<0.05=0.0% mean=0.893 p10=0.888 p90=0.898
  [diag] z-gate sat-dist hist bins=60 mean=0.121 p10=0.121 p90=0.121
  [diag] r-gate sat-dist hist bins=60 mean=0.497 p10=0.497 p90=0.497
Iter 0006000: train nll 0.441, valid error 100.000%, best valid error 100.000%, avg grad norm   0.059, avg grad norm (post clip)   0.000, rho_Whh  0.08, Omega  0.00, alpha  0.000, steps in the past 0.000, valid nll 0.327
  [diag] log10|dL/dh_t| hist bins=60 range=(-12.50,-11.50) mean=-12.00 p50=-12.00 p05=-12.00 p95=-12.00
  [diag] sat-dist hist bins=60 sat<0.05=0.0% mean=0.893 p10=0.888 p90=0.898
  [diag] z-gate sat-dist hist bins=60 mean=0.121 p10=0.121 p90=0.121
  [diag] r-gate sat-dist hist bins=60 mean=0.497 p10=0.497 p90=0.497
Iter 0006020: train nll 0.388, valid error 100.000%, best valid error 100.000%, avg grad norm   0.053, avg grad norm (post clip)   0.000, rho_Whh  0.08, Omega  0.00, alpha  0.000, steps in the past 0.000, valid nll 0.327
  [diag] log10|dL/dh_t| hist bins=60 range=(-12.50,-11.50) mean=-12.00 p50=-12.00 p05=-12.00 p95=-12.00
  [diag] sat-dist hist bins=60 sat<0.05=0.0% mean=0.894 p10=0.889 p90=0.898
  [diag] z-gate sat-dist hist bins=60 mean=0.121 p10=0.121 p90=0.121
  [diag] r-gate sat-dist hist bins=60 mean=0.497 p10=0.497 p90=0.497
Iter 0006040: train nll 0.405, valid error 100.000%, best valid error 100.000%, avg grad norm   0.056, avg grad norm (post clip)   0.000, rho_Whh  0.08, Omega  0.00, alpha  0.000, steps in the past 0.000, valid nll 0.327
  [diag] log10|dL/dh_t| hist bins=60 range=(-12.50,-11.50) mean=-12.00 p50=-12.00 p05=-12.00 p95=-12.00
  [diag] sat-dist hist bins=60 sat<0.05=0.0% mean=0.893 p10=0.888 p90=0.898
  [diag] z-gate sat-dist hist bins=60 mean=0.121 p10=0.121 p90=0.121
  [diag] r-gate sat-dist hist bins=60 mean=0.497 p10=0.497 p90=0.497
Iter 0006060: train nll 0.361, valid error 100.000%, best valid error 100.000%, avg grad norm   0.048, avg grad norm (post clip)   0.000, rho_Whh  0.08, Omega  0.00, alpha  0.000, steps in the past 0.000, valid nll 0.327
  [diag] log10|dL/dh_t| hist bins=60 range=(-12.50,-11.50) mean=-12.00 p50=-12.00 p05=-12.00 p95=-12.00
  [diag] sat-dist hist bins=60 sat<0.05=0.0% mean=0.893 p10=0.889 p90=0.898
  [diag] z-gate sat-dist hist bins=60 mean=0.121 p10=0.121 p90=0.121
  [diag] r-gate sat-dist hist bins=60 mean=0.497 p10=0.497 p90=0.497
Iter 0006080: train nll 0.406, valid error 100.000%, best valid error 100.000%, avg grad norm   0.044, avg grad norm (post clip)   0.000, rho_Whh  0.08, Omega  0.00, alpha  0.000, steps in the past 0.000, valid nll 0.327
  [diag] log10|dL/dh_t| hist bins=60 range=(-12.50,-11.50) mean=-12.00 p50=-12.00 p05=-12.00 p95=-12.00
  [diag] sat-dist hist bins=60 sat<0.05=0.0% mean=0.894 p10=0.889 p90=0.898
  [diag] z-gate sat-dist hist bins=60 mean=0.121 p10=0.121 p90=0.121
  [diag] r-gate sat-dist hist bins=60 mean=0.497 p10=0.497 p90=0.497
Iter 0006100: train nll 0.411, valid error 100.000%, best valid error 100.000%, avg grad norm   0.039, avg grad norm (post clip)   0.000, rho_Whh  0.08, Omega  0.00, alpha  0.000, steps in the past 0.000, valid nll 0.327
  [diag] log10|dL/dh_t| hist bins=60 range=(-12.50,-11.50) mean=-12.00 p50=-12.00 p05=-12.00 p95=-12.00
  [diag] sat-dist hist bins=60 sat<0.05=0.0% mean=0.894 p10=0.889 p90=0.898
  [diag] z-gate sat-dist hist bins=60 mean=0.121 p10=0.121 p90=0.121
  [diag] r-gate sat-dist hist bins=60 mean=0.497 p10=0.497 p90=0.497
Iter 0006120: train nll 0.388, valid error 100.000%, best valid error 100.000%, avg grad norm   0.040, avg grad norm (post clip)   0.000, rho_Whh  0.08, Omega  0.00, alpha  0.000, steps in the past 0.000, valid nll 0.327
  [diag] log10|dL/dh_t| hist bins=60 range=(-12.50,-11.50) mean=-12.00 p50=-12.00 p05=-12.00 p95=-12.00
  [diag] sat-dist hist bins=60 sat<0.05=0.0% mean=0.894 p10=0.889 p90=0.899
  [diag] z-gate sat-dist hist bins=60 mean=0.121 p10=0.121 p90=0.121
  [diag] r-gate sat-dist hist bins=60 mean=0.497 p10=0.497 p90=0.497
Iter 0006140: train nll 0.423, valid error 100.000%, best valid error 100.000%, avg grad norm   0.059, avg grad norm (post clip)   0.000, rho_Whh  0.08, Omega  0.00, alpha  0.000, steps in the past 0.000, valid nll 0.327
  [diag] log10|dL/dh_t| hist bins=60 range=(-12.50,-11.50) mean=-12.00 p50=-12.00 p05=-12.00 p95=-12.00
  [diag] sat-dist hist bins=60 sat<0.05=0.0% mean=0.894 p10=0.890 p90=0.899
  [diag] z-gate sat-dist hist bins=60 mean=0.121 p10=0.121 p90=0.121
  [diag] r-gate sat-dist hist bins=60 mean=0.497 p10=0.497 p90=0.497
Iter 0006160: train nll 0.414, valid error 100.000%, best valid error 100.000%, avg grad norm   0.045, avg grad norm (post clip)   0.000, rho_Whh  0.08, Omega  0.00, alpha  0.000, steps in the past 0.000, valid nll 0.327
  [diag] log10|dL/dh_t| hist bins=60 range=(-12.50,-11.50) mean=-12.00 p50=-12.00 p05=-12.00 p95=-12.00
  [diag] sat-dist hist bins=60 sat<0.05=0.0% mean=0.895 p10=0.890 p90=0.899
  [diag] z-gate sat-dist hist bins=60 mean=0.121 p10=0.121 p90=0.121
  [diag] r-gate sat-dist hist bins=60 mean=0.497 p10=0.497 p90=0.497
Iter 0006180: train nll 0.406, valid error 100.000%, best valid error 100.000%, avg grad norm   0.039, avg grad norm (post clip)   0.000, rho_Whh  0.08, Omega  0.00, alpha  0.000, steps in the past 0.000, valid nll 0.327
  [diag] log10|dL/dh_t| hist bins=60 range=(-12.50,-11.50) mean=-12.00 p50=-12.00 p05=-12.00 p95=-12.00
  [diag] sat-dist hist bins=60 sat<0.05=0.0% mean=0.895 p10=0.890 p90=0.899
  [diag] z-gate sat-dist hist bins=60 mean=0.121 p10=0.121 p90=0.121
  [diag] r-gate sat-dist hist bins=60 mean=0.497 p10=0.497 p90=0.497
Iter 0006200: train nll 0.396, valid error 100.000%, best valid error 100.000%, avg grad norm   0.044, avg grad norm (post clip)   0.000, rho_Whh  0.08, Omega  0.00, alpha  0.000, steps in the past 0.000, valid nll 0.327
  [diag] log10|dL/dh_t| hist bins=60 range=(-12.50,-11.50) mean=-12.00 p50=-12.00 p05=-12.00 p95=-12.00
  [diag] sat-dist hist bins=60 sat<0.05=0.0% mean=0.895 p10=0.890 p90=0.900
  [diag] z-gate sat-dist hist bins=60 mean=0.121 p10=0.121 p90=0.121
  [diag] r-gate sat-dist hist bins=60 mean=0.497 p10=0.497 p90=0.497
Iter 0006220: train nll 0.430, valid error 100.000%, best valid error 100.000%, avg grad norm   0.058, avg grad norm (post clip)   0.000, rho_Whh  0.08, Omega  0.00, alpha  0.000, steps in the past 0.000, valid nll 0.327
  [diag] log10|dL/dh_t| hist bins=60 range=(-12.50,-11.50) mean=-12.00 p50=-12.00 p05=-12.00 p95=-12.00
  [diag] sat-dist hist bins=60 sat<0.05=0.0% mean=0.895 p10=0.890 p90=0.900
  [diag] z-gate sat-dist hist bins=60 mean=0.121 p10=0.121 p90=0.121
  [diag] r-gate sat-dist hist bins=60 mean=0.497 p10=0.497 p90=0.497
Iter 0006240: train nll 0.404, valid error 100.000%, best valid error 100.000%, avg grad norm   0.044, avg grad norm (post clip)   0.000, rho_Whh  0.08, Omega  0.00, alpha  0.000, steps in the past 0.000, valid nll 0.327
  [diag] log10|dL/dh_t| hist bins=60 range=(-12.50,-11.50) mean=-12.00 p50=-12.00 p05=-12.00 p95=-12.00
  [diag] sat-dist hist bins=60 sat<0.05=0.0% mean=0.895 p10=0.890 p90=0.900
  [diag] z-gate sat-dist hist bins=60 mean=0.121 p10=0.121 p90=0.121
  [diag] r-gate sat-dist hist bins=60 mean=0.497 p10=0.497 p90=0.497
Iter 0006260: train nll 0.384, valid error 100.000%, best valid error 100.000%, avg grad norm   0.044, avg grad norm (post clip)   0.000, rho_Whh  0.08, Omega  0.00, alpha  0.000, steps in the past 0.000, valid nll 0.327
  [diag] log10|dL/dh_t| hist bins=60 range=(-12.50,-11.50) mean=-12.00 p50=-12.00 p05=-12.00 p95=-12.00
  [diag] sat-dist hist bins=60 sat<0.05=0.0% mean=0.895 p10=0.891 p90=0.900
  [diag] z-gate sat-dist hist bins=60 mean=0.121 p10=0.121 p90=0.121
  [diag] r-gate sat-dist hist bins=60 mean=0.497 p10=0.497 p90=0.497
Iter 0006280: train nll 0.404, valid error 100.000%, best valid error 100.000%, avg grad norm   0.044, avg grad norm (post clip)   0.000, rho_Whh  0.08, Omega  0.00, alpha  0.000, steps in the past 0.000, valid nll 0.327
  [diag] log10|dL/dh_t| hist bins=60 range=(-12.50,-11.50) mean=-12.00 p50=-12.00 p05=-12.00 p95=-12.00
  [diag] sat-dist hist bins=60 sat<0.05=0.0% mean=0.895 p10=0.891 p90=0.900
  [diag] z-gate sat-dist hist bins=60 mean=0.121 p10=0.121 p90=0.121
  [diag] r-gate sat-dist hist bins=60 mean=0.497 p10=0.497 p90=0.497
Iter 0006300: train nll 0.377, valid error 100.000%, best valid error 100.000%, avg grad norm   0.054, avg grad norm (post clip)   0.000, rho_Whh  0.08, Omega  0.00, alpha  0.000, steps in the past 0.000, valid nll 0.327
  [diag] log10|dL/dh_t| hist bins=60 range=(-12.50,-11.50) mean=-12.00 p50=-12.00 p05=-12.00 p95=-12.00
  [diag] sat-dist hist bins=60 sat<0.05=0.0% mean=0.896 p10=0.891 p90=0.900
  [diag] z-gate sat-dist hist bins=60 mean=0.121 p10=0.121 p90=0.121
  [diag] r-gate sat-dist hist bins=60 mean=0.497 p10=0.497 p90=0.497
Iter 0006320: train nll 0.411, valid error 100.000%, best valid error 100.000%, avg grad norm   0.046, avg grad norm (post clip)   0.000, rho_Whh  0.08, Omega  0.00, alpha  0.000, steps in the past 0.000, valid nll 0.327
  [diag] log10|dL/dh_t| hist bins=60 range=(-12.50,-11.50) mean=-12.00 p50=-12.00 p05=-12.00 p95=-12.00
  [diag] sat-dist hist bins=60 sat<0.05=0.0% mean=0.896 p10=0.891 p90=0.900
  [diag] z-gate sat-dist hist bins=60 mean=0.121 p10=0.121 p90=0.121
  [diag] r-gate sat-dist hist bins=60 mean=0.497 p10=0.497 p90=0.497
Iter 0006340: train nll 0.380, valid error 100.000%, best valid error 100.000%, avg grad norm   0.046, avg grad norm (post clip)   0.000, rho_Whh  0.08, Omega  0.00, alpha  0.000, steps in the past 0.000, valid nll 0.327
  [diag] log10|dL/dh_t| hist bins=60 range=(-12.50,-11.50) mean=-12.00 p50=-12.00 p05=-12.00 p95=-12.00
  [diag] sat-dist hist bins=60 sat<0.05=0.0% mean=0.896 p10=0.891 p90=0.900
  [diag] z-gate sat-dist hist bins=60 mean=0.121 p10=0.121 p90=0.121
  [diag] r-gate sat-dist hist bins=60 mean=0.497 p10=0.497 p90=0.497
Iter 0006360: train nll 0.383, valid error 100.000%, best valid error 100.000%, avg grad norm   0.032, avg grad norm (post clip)   0.000, rho_Whh  0.08, Omega  0.00, alpha  0.000, steps in the past 0.000, valid nll 0.326
  [diag] log10|dL/dh_t| hist bins=60 range=(-12.50,-11.50) mean=-12.00 p50=-12.00 p05=-12.00 p95=-12.00
  [diag] sat-dist hist bins=60 sat<0.05=0.0% mean=0.895 p10=0.890 p90=0.900
  [diag] z-gate sat-dist hist bins=60 mean=0.121 p10=0.121 p90=0.122
  [diag] r-gate sat-dist hist bins=60 mean=0.497 p10=0.497 p90=0.497
Iter 0006380: train nll 0.356, valid error 100.000%, best valid error 100.000%, avg grad norm   0.039, avg grad norm (post clip)   0.000, rho_Whh  0.08, Omega  0.00, alpha  0.000, steps in the past 0.000, valid nll 0.326
  [diag] log10|dL/dh_t| hist bins=60 range=(-12.50,-11.50) mean=-12.00 p50=-12.00 p05=-12.00 p95=-12.00
  [diag] sat-dist hist bins=60 sat<0.05=0.0% mean=0.895 p10=0.891 p90=0.900
  [diag] z-gate sat-dist hist bins=60 mean=0.121 p10=0.121 p90=0.122
  [diag] r-gate sat-dist hist bins=60 mean=0.497 p10=0.497 p90=0.497
Iter 0006400: train nll 0.408, valid error 100.000%, best valid error 100.000%, avg grad norm   0.049, avg grad norm (post clip)   0.000, rho_Whh  0.08, Omega  0.00, alpha  0.000, steps in the past 0.000, valid nll 0.326
  [diag] log10|dL/dh_t| hist bins=60 range=(-12.50,-11.50) mean=-12.00 p50=-12.00 p05=-12.00 p95=-12.00
  [diag] sat-dist hist bins=60 sat<0.05=0.0% mean=0.895 p10=0.890 p90=0.900
  [diag] z-gate sat-dist hist bins=60 mean=0.121 p10=0.121 p90=0.122
  [diag] r-gate sat-dist hist bins=60 mean=0.497 p10=0.497 p90=0.497
Iter 0006420: train nll 0.362, valid error 100.000%, best valid error 100.000%, avg grad norm   0.044, avg grad norm (post clip)   0.000, rho_Whh  0.08, Omega  0.00, alpha  0.000, steps in the past 0.000, valid nll 0.326
  [diag] log10|dL/dh_t| hist bins=60 range=(-12.50,-11.50) mean=-12.00 p50=-12.00 p05=-12.00 p95=-12.00
  [diag] sat-dist hist bins=60 sat<0.05=0.0% mean=0.895 p10=0.891 p90=0.900
  [diag] z-gate sat-dist hist bins=60 mean=0.121 p10=0.121 p90=0.122
  [diag] r-gate sat-dist hist bins=60 mean=0.497 p10=0.497 p90=0.497
Iter 0006440: train nll 0.391, valid error 100.000%, best valid error 100.000%, avg grad norm   0.039, avg grad norm (post clip)   0.000, rho_Whh  0.08, Omega  0.00, alpha  0.000, steps in the past 0.000, valid nll 0.326
  [diag] log10|dL/dh_t| hist bins=60 range=(-12.50,-11.50) mean=-12.00 p50=-12.00 p05=-12.00 p95=-12.00
  [diag] sat-dist hist bins=60 sat<0.05=0.0% mean=0.895 p10=0.891 p90=0.900
  [diag] z-gate sat-dist hist bins=60 mean=0.121 p10=0.121 p90=0.122
  [diag] r-gate sat-dist hist bins=60 mean=0.497 p10=0.497 p90=0.497
Iter 0006460: train nll 0.374, valid error 100.000%, best valid error 100.000%, avg grad norm   0.050, avg grad norm (post clip)   0.000, rho_Whh  0.08, Omega  0.00, alpha  0.000, steps in the past 0.000, valid nll 0.326
  [diag] log10|dL/dh_t| hist bins=60 range=(-12.50,-11.50) mean=-12.00 p50=-12.00 p05=-12.00 p95=-12.00
  [diag] sat-dist hist bins=60 sat<0.05=0.0% mean=0.895 p10=0.891 p90=0.900
  [diag] z-gate sat-dist hist bins=60 mean=0.121 p10=0.121 p90=0.122
  [diag] r-gate sat-dist hist bins=60 mean=0.497 p10=0.497 p90=0.497
Iter 0006480: train nll 0.383, valid error 100.000%, best valid error 100.000%, avg grad norm   0.043, avg grad norm (post clip)   0.000, rho_Whh  0.08, Omega  0.00, alpha  0.000, steps in the past 0.000, valid nll 0.326
  [diag] log10|dL/dh_t| hist bins=60 range=(-12.50,-11.50) mean=-12.00 p50=-12.00 p05=-12.00 p95=-12.00
  [diag] sat-dist hist bins=60 sat<0.05=0.0% mean=0.895 p10=0.891 p90=0.900
  [diag] z-gate sat-dist hist bins=60 mean=0.121 p10=0.121 p90=0.122
  [diag] r-gate sat-dist hist bins=60 mean=0.497 p10=0.497 p90=0.497
Iter 0006500: train nll 0.391, valid error 100.000%, best valid error 100.000%, avg grad norm   0.040, avg grad norm (post clip)   0.000, rho_Whh  0.08, Omega  0.00, alpha  0.000, steps in the past 0.000, valid nll 0.326
  [diag] log10|dL/dh_t| hist bins=60 range=(-12.50,-11.50) mean=-12.00 p50=-12.00 p05=-12.00 p95=-12.00
  [diag] sat-dist hist bins=60 sat<0.05=0.0% mean=0.896 p10=0.891 p90=0.900
  [diag] z-gate sat-dist hist bins=60 mean=0.121 p10=0.121 p90=0.122
  [diag] r-gate sat-dist hist bins=60 mean=0.497 p10=0.497 p90=0.497
Iter 0006520: train nll 0.426, valid error 100.000%, best valid error 100.000%, avg grad norm   0.054, avg grad norm (post clip)   0.000, rho_Whh  0.08, Omega  0.00, alpha  0.000, steps in the past 0.000, valid nll 0.326
  [diag] log10|dL/dh_t| hist bins=60 range=(-12.50,-11.50) mean=-12.00 p50=-12.00 p05=-12.00 p95=-12.00
  [diag] sat-dist hist bins=60 sat<0.05=0.0% mean=0.896 p10=0.891 p90=0.900
  [diag] z-gate sat-dist hist bins=60 mean=0.121 p10=0.121 p90=0.122
  [diag] r-gate sat-dist hist bins=60 mean=0.497 p10=0.497 p90=0.497
Iter 0006540: train nll 0.392, valid error 100.000%, best valid error 100.000%, avg grad norm   0.051, avg grad norm (post clip)   0.000, rho_Whh  0.08, Omega  0.00, alpha  0.000, steps in the past 0.000, valid nll 0.326
  [diag] log10|dL/dh_t| hist bins=60 range=(-12.50,-11.50) mean=-12.00 p50=-12.00 p05=-12.00 p95=-12.00
  [diag] sat-dist hist bins=60 sat<0.05=0.0% mean=0.897 p10=0.892 p90=0.901
  [diag] z-gate sat-dist hist bins=60 mean=0.121 p10=0.121 p90=0.122
  [diag] r-gate sat-dist hist bins=60 mean=0.497 p10=0.497 p90=0.497
Iter 0006560: train nll 0.443, valid error 100.000%, best valid error 100.000%, avg grad norm   0.064, avg grad norm (post clip)   0.000, rho_Whh  0.08, Omega  0.00, alpha  0.000, steps in the past 0.000, valid nll 0.326
  [diag] log10|dL/dh_t| hist bins=60 range=(-12.50,-11.50) mean=-12.00 p50=-12.00 p05=-12.00 p95=-12.00
  [diag] sat-dist hist bins=60 sat<0.05=0.0% mean=0.897 p10=0.892 p90=0.901
  [diag] z-gate sat-dist hist bins=60 mean=0.121 p10=0.121 p90=0.122
  [diag] r-gate sat-dist hist bins=60 mean=0.497 p10=0.497 p90=0.497
Iter 0006580: train nll 0.417, valid error 100.000%, best valid error 100.000%, avg grad norm   0.047, avg grad norm (post clip)   0.000, rho_Whh  0.08, Omega  0.00, alpha  0.000, steps in the past 0.000, valid nll 0.326
  [diag] log10|dL/dh_t| hist bins=60 range=(-12.50,-11.50) mean=-12.00 p50=-12.00 p05=-12.00 p95=-12.00
  [diag] sat-dist hist bins=60 sat<0.05=0.0% mean=0.897 p10=0.892 p90=0.901
  [diag] z-gate sat-dist hist bins=60 mean=0.121 p10=0.121 p90=0.122
  [diag] r-gate sat-dist hist bins=60 mean=0.497 p10=0.497 p90=0.497
Iter 0006600: train nll 0.343, valid error 100.000%, best valid error 100.000%, avg grad norm   0.041, avg grad norm (post clip)   0.000, rho_Whh  0.08, Omega  0.00, alpha  0.000, steps in the past 0.000, valid nll 0.326
  [diag] log10|dL/dh_t| hist bins=60 range=(-12.50,-11.50) mean=-12.00 p50=-12.00 p05=-12.00 p95=-12.00
  [diag] sat-dist hist bins=60 sat<0.05=0.0% mean=0.897 p10=0.892 p90=0.901
  [diag] z-gate sat-dist hist bins=60 mean=0.121 p10=0.121 p90=0.122
  [diag] r-gate sat-dist hist bins=60 mean=0.497 p10=0.497 p90=0.497
Iter 0006620: train nll 0.387, valid error 100.000%, best valid error 100.000%, avg grad norm   0.046, avg grad norm (post clip)   0.000, rho_Whh  0.08, Omega  0.00, alpha  0.000, steps in the past 0.000, valid nll 0.326
  [diag] log10|dL/dh_t| hist bins=60 range=(-12.50,-11.50) mean=-12.00 p50=-12.00 p05=-12.00 p95=-12.00
  [diag] sat-dist hist bins=60 sat<0.05=0.0% mean=0.896 p10=0.892 p90=0.901
  [diag] z-gate sat-dist hist bins=60 mean=0.121 p10=0.121 p90=0.122
  [diag] r-gate sat-dist hist bins=60 mean=0.497 p10=0.497 p90=0.497
Iter 0006640: train nll 0.355, valid error 100.000%, best valid error 100.000%, avg grad norm   0.041, avg grad norm (post clip)   0.000, rho_Whh  0.08, Omega  0.00, alpha  0.000, steps in the past 0.000, valid nll 0.326
  [diag] log10|dL/dh_t| hist bins=60 range=(-12.50,-11.50) mean=-12.00 p50=-12.00 p05=-12.00 p95=-12.00
  [diag] sat-dist hist bins=60 sat<0.05=0.0% mean=0.897 p10=0.892 p90=0.901
  [diag] z-gate sat-dist hist bins=60 mean=0.122 p10=0.121 p90=0.122
  [diag] r-gate sat-dist hist bins=60 mean=0.497 p10=0.497 p90=0.497
Iter 0006660: train nll 0.405, valid error 100.000%, best valid error 100.000%, avg grad norm   0.052, avg grad norm (post clip)   0.000, rho_Whh  0.08, Omega  0.00, alpha  0.000, steps in the past 0.000, valid nll 0.326
  [diag] log10|dL/dh_t| hist bins=60 range=(-12.50,-11.50) mean=-12.00 p50=-12.00 p05=-12.00 p95=-12.00
  [diag] sat-dist hist bins=60 sat<0.05=0.0% mean=0.897 p10=0.892 p90=0.901
  [diag] z-gate sat-dist hist bins=60 mean=0.122 p10=0.121 p90=0.122
  [diag] r-gate sat-dist hist bins=60 mean=0.497 p10=0.497 p90=0.497
Iter 0006680: train nll 0.398, valid error 100.000%, best valid error 100.000%, avg grad norm   0.043, avg grad norm (post clip)   0.000, rho_Whh  0.08, Omega  0.00, alpha  0.000, steps in the past 0.000, valid nll 0.326
  [diag] log10|dL/dh_t| hist bins=60 range=(-12.50,-11.50) mean=-12.00 p50=-12.00 p05=-12.00 p95=-12.00
  [diag] sat-dist hist bins=60 sat<0.05=0.0% mean=0.897 p10=0.892 p90=0.901
  [diag] z-gate sat-dist hist bins=60 mean=0.122 p10=0.121 p90=0.122
  [diag] r-gate sat-dist hist bins=60 mean=0.497 p10=0.497 p90=0.497
Iter 0006700: train nll 0.374, valid error 100.000%, best valid error 100.000%, avg grad norm   0.038, avg grad norm (post clip)   0.000, rho_Whh  0.08, Omega  0.00, alpha  0.000, steps in the past 0.000, valid nll 0.326
  [diag] log10|dL/dh_t| hist bins=60 range=(-12.50,-11.50) mean=-12.00 p50=-12.00 p05=-12.00 p95=-12.00
  [diag] sat-dist hist bins=60 sat<0.05=0.0% mean=0.897 p10=0.892 p90=0.901
  [diag] z-gate sat-dist hist bins=60 mean=0.122 p10=0.121 p90=0.122
  [diag] r-gate sat-dist hist bins=60 mean=0.497 p10=0.497 p90=0.497
Iter 0006720: train nll 0.384, valid error 100.000%, best valid error 100.000%, avg grad norm   0.039, avg grad norm (post clip)   0.000, rho_Whh  0.08, Omega  0.00, alpha  0.000, steps in the past 0.000, valid nll 0.326
  [diag] log10|dL/dh_t| hist bins=60 range=(-12.50,-11.50) mean=-12.00 p50=-12.00 p05=-12.00 p95=-12.00
  [diag] sat-dist hist bins=60 sat<0.05=0.0% mean=0.897 p10=0.892 p90=0.901
  [diag] z-gate sat-dist hist bins=60 mean=0.122 p10=0.122 p90=0.122
  [diag] r-gate sat-dist hist bins=60 mean=0.497 p10=0.497 p90=0.497
Iter 0006740: train nll 0.378, valid error 100.000%, best valid error 100.000%, avg grad norm   0.042, avg grad norm (post clip)   0.000, rho_Whh  0.08, Omega  0.00, alpha  0.000, steps in the past 0.000, valid nll 0.326
  [diag] log10|dL/dh_t| hist bins=60 range=(-12.50,-11.50) mean=-12.00 p50=-12.00 p05=-12.00 p95=-12.00
  [diag] sat-dist hist bins=60 sat<0.05=0.0% mean=0.897 p10=0.893 p90=0.901
  [diag] z-gate sat-dist hist bins=60 mean=0.122 p10=0.122 p90=0.122
  [diag] r-gate sat-dist hist bins=60 mean=0.497 p10=0.497 p90=0.497
Iter 0006760: train nll 0.421, valid error 100.000%, best valid error 100.000%, avg grad norm   0.054, avg grad norm (post clip)   0.000, rho_Whh  0.08, Omega  0.00, alpha  0.000, steps in the past 0.000, valid nll 0.326
  [diag] log10|dL/dh_t| hist bins=60 range=(-12.50,-11.50) mean=-12.00 p50=-12.00 p05=-12.00 p95=-12.00
  [diag] sat-dist hist bins=60 sat<0.05=0.0% mean=0.897 p10=0.892 p90=0.901
  [diag] z-gate sat-dist hist bins=60 mean=0.122 p10=0.122 p90=0.122
  [diag] r-gate sat-dist hist bins=60 mean=0.497 p10=0.497 p90=0.497
Iter 0006780: train nll 0.342, valid error 100.000%, best valid error 100.000%, avg grad norm   0.048, avg grad norm (post clip)   0.000, rho_Whh  0.08, Omega  0.00, alpha  0.000, steps in the past 0.000, valid nll 0.326
  [diag] log10|dL/dh_t| hist bins=60 range=(-12.50,-11.50) mean=-12.00 p50=-12.00 p05=-12.00 p95=-12.00
  [diag] sat-dist hist bins=60 sat<0.05=0.0% mean=0.897 p10=0.892 p90=0.901
  [diag] z-gate sat-dist hist bins=60 mean=0.122 p10=0.122 p90=0.122
  [diag] r-gate sat-dist hist bins=60 mean=0.497 p10=0.497 p90=0.497
Iter 0006800: train nll 0.352, valid error 100.000%, best valid error 100.000%, avg grad norm   0.037, avg grad norm (post clip)   0.000, rho_Whh  0.08, Omega  0.00, alpha  0.000, steps in the past 0.000, valid nll 0.326
  [diag] log10|dL/dh_t| hist bins=60 range=(-12.50,-11.50) mean=-12.00 p50=-12.00 p05=-12.00 p95=-12.00
  [diag] sat-dist hist bins=60 sat<0.05=0.0% mean=0.897 p10=0.892 p90=0.901
  [diag] z-gate sat-dist hist bins=60 mean=0.122 p10=0.122 p90=0.122
  [diag] r-gate sat-dist hist bins=60 mean=0.497 p10=0.497 p90=0.497
Iter 0006820: train nll 0.373, valid error 100.000%, best valid error 100.000%, avg grad norm   0.039, avg grad norm (post clip)   0.000, rho_Whh  0.08, Omega  0.00, alpha  0.000, steps in the past 0.000, valid nll 0.326
  [diag] log10|dL/dh_t| hist bins=60 range=(-12.50,-11.50) mean=-12.00 p50=-12.00 p05=-12.00 p95=-12.00
  [diag] sat-dist hist bins=60 sat<0.05=0.0% mean=0.897 p10=0.892 p90=0.901
  [diag] z-gate sat-dist hist bins=60 mean=0.122 p10=0.122 p90=0.122
  [diag] r-gate sat-dist hist bins=60 mean=0.497 p10=0.497 p90=0.497
Iter 0006840: train nll 0.386, valid error 100.000%, best valid error 100.000%, avg grad norm   0.044, avg grad norm (post clip)   0.000, rho_Whh  0.08, Omega  0.00, alpha  0.000, steps in the past 0.000, valid nll 0.326
  [diag] log10|dL/dh_t| hist bins=60 range=(-12.50,-11.50) mean=-12.00 p50=-12.00 p05=-12.00 p95=-12.00
  [diag] sat-dist hist bins=60 sat<0.05=0.0% mean=0.897 p10=0.892 p90=0.901
  [diag] z-gate sat-dist hist bins=60 mean=0.122 p10=0.122 p90=0.122
  [diag] r-gate sat-dist hist bins=60 mean=0.497 p10=0.497 p90=0.497
Iter 0006860: train nll 0.399, valid error 100.000%, best valid error 100.000%, avg grad norm   0.048, avg grad norm (post clip)   0.000, rho_Whh  0.08, Omega  0.00, alpha  0.000, steps in the past 0.000, valid nll 0.326
  [diag] log10|dL/dh_t| hist bins=60 range=(-12.50,-11.50) mean=-12.00 p50=-12.00 p05=-12.00 p95=-12.00
  [diag] sat-dist hist bins=60 sat<0.05=0.0% mean=0.897 p10=0.893 p90=0.901
  [diag] z-gate sat-dist hist bins=60 mean=0.122 p10=0.122 p90=0.122
  [diag] r-gate sat-dist hist bins=60 mean=0.497 p10=0.497 p90=0.497
Iter 0006880: train nll 0.397, valid error 100.000%, best valid error 100.000%, avg grad norm   0.043, avg grad norm (post clip)   0.000, rho_Whh  0.08, Omega  0.00, alpha  0.000, steps in the past 0.000, valid nll 0.326
  [diag] log10|dL/dh_t| hist bins=60 range=(-12.50,-11.50) mean=-12.00 p50=-12.00 p05=-12.00 p95=-12.00
  [diag] sat-dist hist bins=60 sat<0.05=0.0% mean=0.898 p10=0.893 p90=0.902
  [diag] z-gate sat-dist hist bins=60 mean=0.122 p10=0.122 p90=0.122
  [diag] r-gate sat-dist hist bins=60 mean=0.497 p10=0.497 p90=0.497
Iter 0006900: train nll 0.406, valid error 100.000%, best valid error 100.000%, avg grad norm   0.047, avg grad norm (post clip)   0.000, rho_Whh  0.08, Omega  0.00, alpha  0.000, steps in the past 0.000, valid nll 0.326
  [diag] log10|dL/dh_t| hist bins=60 range=(-12.50,-11.50) mean=-12.00 p50=-12.00 p05=-12.00 p95=-12.00
  [diag] sat-dist hist bins=60 sat<0.05=0.0% mean=0.898 p10=0.893 p90=0.902
  [diag] z-gate sat-dist hist bins=60 mean=0.122 p10=0.122 p90=0.122
  [diag] r-gate sat-dist hist bins=60 mean=0.497 p10=0.497 p90=0.497
Iter 0006920: train nll 0.406, valid error 100.000%, best valid error 100.000%, avg grad norm   0.049, avg grad norm (post clip)   0.000, rho_Whh  0.08, Omega  0.00, alpha  0.000, steps in the past 0.000, valid nll 0.326
  [diag] log10|dL/dh_t| hist bins=60 range=(-12.50,-11.50) mean=-12.00 p50=-12.00 p05=-12.00 p95=-12.00
  [diag] sat-dist hist bins=60 sat<0.05=0.0% mean=0.898 p10=0.894 p90=0.902
  [diag] z-gate sat-dist hist bins=60 mean=0.122 p10=0.122 p90=0.122
  [diag] r-gate sat-dist hist bins=60 mean=0.497 p10=0.497 p90=0.497
Iter 0006940: train nll 0.425, valid error 100.000%, best valid error 100.000%, avg grad norm   0.049, avg grad norm (post clip)   0.000, rho_Whh  0.08, Omega  0.00, alpha  0.000, steps in the past 0.000, valid nll 0.326
  [diag] log10|dL/dh_t| hist bins=60 range=(-12.50,-11.50) mean=-12.00 p50=-12.00 p05=-12.00 p95=-12.00
  [diag] sat-dist hist bins=60 sat<0.05=0.0% mean=0.899 p10=0.894 p90=0.903
  [diag] z-gate sat-dist hist bins=60 mean=0.122 p10=0.122 p90=0.122
  [diag] r-gate sat-dist hist bins=60 mean=0.497 p10=0.497 p90=0.497
Iter 0006960: train nll 0.428, valid error 100.000%, best valid error 100.000%, avg grad norm   0.046, avg grad norm (post clip)   0.000, rho_Whh  0.08, Omega  0.00, alpha  0.000, steps in the past 0.000, valid nll 0.326
  [diag] log10|dL/dh_t| hist bins=60 range=(-12.50,-11.50) mean=-12.00 p50=-12.00 p05=-12.00 p95=-12.00
  [diag] sat-dist hist bins=60 sat<0.05=0.0% mean=0.899 p10=0.895 p90=0.903
  [diag] z-gate sat-dist hist bins=60 mean=0.122 p10=0.122 p90=0.122
  [diag] r-gate sat-dist hist bins=60 mean=0.497 p10=0.497 p90=0.497
Iter 0006980: train nll 0.455, valid error 100.000%, best valid error 100.000%, avg grad norm   0.050, avg grad norm (post clip)   0.000, rho_Whh  0.08, Omega  0.00, alpha  0.000, steps in the past 0.000, valid nll 0.326
  [diag] log10|dL/dh_t| hist bins=60 range=(-12.50,-11.50) mean=-12.00 p50=-12.00 p05=-12.00 p95=-12.00
  [diag] sat-dist hist bins=60 sat<0.05=0.0% mean=0.899 p10=0.895 p90=0.903
  [diag] z-gate sat-dist hist bins=60 mean=0.122 p10=0.122 p90=0.122
  [diag] r-gate sat-dist hist bins=60 mean=0.497 p10=0.497 p90=0.497
Iter 0007000: train nll 0.384, valid error 100.000%, best valid error 100.000%, avg grad norm   0.045, avg grad norm (post clip)   0.000, rho_Whh  0.08, Omega  0.00, alpha  0.000, steps in the past 0.000, valid nll 0.326
  [diag] log10|dL/dh_t| hist bins=60 range=(-12.50,-11.50) mean=-12.00 p50=-12.00 p05=-12.00 p95=-12.00
  [diag] sat-dist hist bins=60 sat<0.05=0.0% mean=0.899 p10=0.895 p90=0.903
  [diag] z-gate sat-dist hist bins=60 mean=0.122 p10=0.122 p90=0.122
  [diag] r-gate sat-dist hist bins=60 mean=0.497 p10=0.497 p90=0.497
Iter 0007020: train nll 0.360, valid error 100.000%, best valid error 100.000%, avg grad norm   0.040, avg grad norm (post clip)   0.000, rho_Whh  0.08, Omega  0.00, alpha  0.000, steps in the past 0.000, valid nll 0.326
  [diag] log10|dL/dh_t| hist bins=60 range=(-12.50,-11.50) mean=-12.00 p50=-12.00 p05=-12.00 p95=-12.00
  [diag] sat-dist hist bins=60 sat<0.05=0.0% mean=0.899 p10=0.895 p90=0.903
  [diag] z-gate sat-dist hist bins=60 mean=0.122 p10=0.122 p90=0.122
  [diag] r-gate sat-dist hist bins=60 mean=0.497 p10=0.497 p90=0.497
Iter 0007040: train nll 0.385, valid error 100.000%, best valid error 100.000%, avg grad norm   0.043, avg grad norm (post clip)   0.000, rho_Whh  0.08, Omega  0.00, alpha  0.000, steps in the past 0.000, valid nll 0.326
  [diag] log10|dL/dh_t| hist bins=60 range=(-12.50,-11.50) mean=-12.00 p50=-12.00 p05=-12.00 p95=-12.00
  [diag] sat-dist hist bins=60 sat<0.05=0.0% mean=0.900 p10=0.895 p90=0.904
  [diag] z-gate sat-dist hist bins=60 mean=0.122 p10=0.122 p90=0.122
  [diag] r-gate sat-dist hist bins=60 mean=0.497 p10=0.497 p90=0.497
Iter 0007060: train nll 0.428, valid error 100.000%, best valid error 100.000%, avg grad norm   0.048, avg grad norm (post clip)   0.000, rho_Whh  0.08, Omega  0.00, alpha  0.000, steps in the past 0.000, valid nll 0.326
  [diag] log10|dL/dh_t| hist bins=60 range=(-12.50,-11.50) mean=-12.00 p50=-12.00 p05=-12.00 p95=-12.00
  [diag] sat-dist hist bins=60 sat<0.05=0.0% mean=0.900 p10=0.896 p90=0.904
  [diag] z-gate sat-dist hist bins=60 mean=0.122 p10=0.122 p90=0.122
  [diag] r-gate sat-dist hist bins=60 mean=0.497 p10=0.497 p90=0.497
Iter 0007080: train nll 0.455, valid error 100.000%, best valid error 100.000%, avg grad norm   0.060, avg grad norm (post clip)   0.000, rho_Whh  0.08, Omega  0.00, alpha  0.000, steps in the past 0.000, valid nll 0.326
  [diag] log10|dL/dh_t| hist bins=60 range=(-12.50,-11.50) mean=-12.00 p50=-12.00 p05=-12.00 p95=-12.00
  [diag] sat-dist hist bins=60 sat<0.05=0.0% mean=0.901 p10=0.896 p90=0.905
  [diag] z-gate sat-dist hist bins=60 mean=0.122 p10=0.122 p90=0.122
  [diag] r-gate sat-dist hist bins=60 mean=0.497 p10=0.497 p90=0.497
Iter 0007100: train nll 0.407, valid error 100.000%, best valid error 100.000%, avg grad norm   0.047, avg grad norm (post clip)   0.000, rho_Whh  0.08, Omega  0.00, alpha  0.000, steps in the past 0.000, valid nll 0.326
  [diag] log10|dL/dh_t| hist bins=60 range=(-12.50,-11.50) mean=-12.00 p50=-12.00 p05=-12.00 p95=-12.00
  [diag] sat-dist hist bins=60 sat<0.05=0.0% mean=0.901 p10=0.897 p90=0.905
  [diag] z-gate sat-dist hist bins=60 mean=0.122 p10=0.122 p90=0.122
  [diag] r-gate sat-dist hist bins=60 mean=0.497 p10=0.497 p90=0.497
Iter 0007120: train nll 0.423, valid error 100.000%, best valid error 100.000%, avg grad norm   0.052, avg grad norm (post clip)   0.000, rho_Whh  0.08, Omega  0.00, alpha  0.000, steps in the past 0.000, valid nll 0.326
  [diag] log10|dL/dh_t| hist bins=60 range=(-12.50,-11.50) mean=-12.00 p50=-12.00 p05=-12.00 p95=-12.00
  [diag] sat-dist hist bins=60 sat<0.05=0.0% mean=0.901 p10=0.897 p90=0.905
  [diag] z-gate sat-dist hist bins=60 mean=0.122 p10=0.122 p90=0.122
  [diag] r-gate sat-dist hist bins=60 mean=0.497 p10=0.497 p90=0.497
Iter 0007140: train nll 0.412, valid error 100.000%, best valid error 100.000%, avg grad norm   0.041, avg grad norm (post clip)   0.000, rho_Whh  0.08, Omega  0.00, alpha  0.000, steps in the past 0.000, valid nll 0.326
  [diag] log10|dL/dh_t| hist bins=60 range=(-12.50,-11.50) mean=-12.00 p50=-12.00 p05=-12.00 p95=-12.00
  [diag] sat-dist hist bins=60 sat<0.05=0.0% mean=0.901 p10=0.897 p90=0.905
  [diag] z-gate sat-dist hist bins=60 mean=0.122 p10=0.122 p90=0.122
  [diag] r-gate sat-dist hist bins=60 mean=0.497 p10=0.497 p90=0.497
Iter 0007160: train nll 0.403, valid error 100.000%, best valid error 100.000%, avg grad norm   0.044, avg grad norm (post clip)   0.000, rho_Whh  0.08, Omega  0.00, alpha  0.000, steps in the past 0.000, valid nll 0.326
  [diag] log10|dL/dh_t| hist bins=60 range=(-12.50,-11.50) mean=-12.00 p50=-12.00 p05=-12.00 p95=-12.00
  [diag] sat-dist hist bins=60 sat<0.05=0.0% mean=0.902 p10=0.897 p90=0.906
  [diag] z-gate sat-dist hist bins=60 mean=0.122 p10=0.122 p90=0.122
  [diag] r-gate sat-dist hist bins=60 mean=0.497 p10=0.497 p90=0.497
Iter 0007180: train nll 0.419, valid error 100.000%, best valid error 100.000%, avg grad norm   0.040, avg grad norm (post clip)   0.000, rho_Whh  0.08, Omega  0.00, alpha  0.000, steps in the past 0.000, valid nll 0.326
  [diag] log10|dL/dh_t| hist bins=60 range=(-12.50,-11.50) mean=-12.00 p50=-12.00 p05=-12.00 p95=-12.00
  [diag] sat-dist hist bins=60 sat<0.05=0.0% mean=0.902 p10=0.898 p90=0.906
  [diag] z-gate sat-dist hist bins=60 mean=0.122 p10=0.122 p90=0.122
  [diag] r-gate sat-dist hist bins=60 mean=0.497 p10=0.497 p90=0.497
Iter 0007200: train nll 0.435, valid error 100.000%, best valid error 100.000%, avg grad norm   0.048, avg grad norm (post clip)   0.000, rho_Whh  0.09, Omega  0.00, alpha  0.000, steps in the past 0.000, valid nll 0.326
  [diag] log10|dL/dh_t| hist bins=60 range=(-12.50,-11.50) mean=-12.00 p50=-12.00 p05=-12.00 p95=-12.00
  [diag] sat-dist hist bins=60 sat<0.05=0.0% mean=0.902 p10=0.898 p90=0.906
  [diag] z-gate sat-dist hist bins=60 mean=0.122 p10=0.122 p90=0.122
  [diag] r-gate sat-dist hist bins=60 mean=0.497 p10=0.497 p90=0.497
Iter 0007220: train nll 0.421, valid error 100.000%, best valid error 100.000%, avg grad norm   0.060, avg grad norm (post clip)   0.000, rho_Whh  0.09, Omega  0.00, alpha  0.000, steps in the past 0.000, valid nll 0.326
  [diag] log10|dL/dh_t| hist bins=60 range=(-12.50,-11.50) mean=-12.00 p50=-12.00 p05=-12.00 p95=-12.00
  [diag] sat-dist hist bins=60 sat<0.05=0.0% mean=0.902 p10=0.898 p90=0.907
  [diag] z-gate sat-dist hist bins=60 mean=0.122 p10=0.122 p90=0.122
  [diag] r-gate sat-dist hist bins=60 mean=0.497 p10=0.497 p90=0.497
Iter 0007240: train nll 0.396, valid error 100.000%, best valid error 100.000%, avg grad norm   0.053, avg grad norm (post clip)   0.000, rho_Whh  0.09, Omega  0.00, alpha  0.000, steps in the past 0.000, valid nll 0.326
  [diag] log10|dL/dh_t| hist bins=60 range=(-12.50,-11.50) mean=-12.00 p50=-12.00 p05=-12.00 p95=-12.00
  [diag] sat-dist hist bins=60 sat<0.05=0.0% mean=0.902 p10=0.898 p90=0.907
  [diag] z-gate sat-dist hist bins=60 mean=0.122 p10=0.122 p90=0.122
  [diag] r-gate sat-dist hist bins=60 mean=0.497 p10=0.497 p90=0.497
Iter 0007260: train nll 0.392, valid error 100.000%, best valid error 100.000%, avg grad norm   0.039, avg grad norm (post clip)   0.000, rho_Whh  0.09, Omega  0.00, alpha  0.000, steps in the past 0.000, valid nll 0.326
  [diag] log10|dL/dh_t| hist bins=60 range=(-12.50,-11.50) mean=-12.00 p50=-12.00 p05=-12.00 p95=-12.00
  [diag] sat-dist hist bins=60 sat<0.05=0.0% mean=0.902 p10=0.898 p90=0.907
  [diag] z-gate sat-dist hist bins=60 mean=0.122 p10=0.122 p90=0.122
  [diag] r-gate sat-dist hist bins=60 mean=0.497 p10=0.497 p90=0.497
Iter 0007280: train nll 0.384, valid error 100.000%, best valid error 100.000%, avg grad norm   0.047, avg grad norm (post clip)   0.000, rho_Whh  0.09, Omega  0.00, alpha  0.000, steps in the past 0.000, valid nll 0.326
  [diag] log10|dL/dh_t| hist bins=60 range=(-12.50,-11.50) mean=-12.00 p50=-12.00 p05=-12.00 p95=-12.00
  [diag] sat-dist hist bins=60 sat<0.05=0.0% mean=0.903 p10=0.899 p90=0.907
  [diag] z-gate sat-dist hist bins=60 mean=0.122 p10=0.122 p90=0.122
  [diag] r-gate sat-dist hist bins=60 mean=0.497 p10=0.497 p90=0.497
Iter 0007300: train nll 0.429, valid error 100.000%, best valid error 100.000%, avg grad norm   0.048, avg grad norm (post clip)   0.000, rho_Whh  0.09, Omega  0.00, alpha  0.000, steps in the past 0.000, valid nll 0.326
  [diag] log10|dL/dh_t| hist bins=60 range=(-12.50,-11.50) mean=-12.00 p50=-12.00 p05=-12.00 p95=-12.00
  [diag] sat-dist hist bins=60 sat<0.05=0.0% mean=0.903 p10=0.898 p90=0.907
  [diag] z-gate sat-dist hist bins=60 mean=0.122 p10=0.122 p90=0.122
  [diag] r-gate sat-dist hist bins=60 mean=0.497 p10=0.497 p90=0.497
Iter 0007320: train nll 0.369, valid error 100.000%, best valid error 100.000%, avg grad norm   0.037, avg grad norm (post clip)   0.000, rho_Whh  0.09, Omega  0.00, alpha  0.000, steps in the past 0.000, valid nll 0.326
  [diag] log10|dL/dh_t| hist bins=60 range=(-12.50,-11.50) mean=-12.00 p50=-12.00 p05=-12.00 p95=-12.00
  [diag] sat-dist hist bins=60 sat<0.05=0.0% mean=0.903 p10=0.899 p90=0.907
  [diag] z-gate sat-dist hist bins=60 mean=0.122 p10=0.122 p90=0.122
  [diag] r-gate sat-dist hist bins=60 mean=0.497 p10=0.497 p90=0.497
Iter 0007340: train nll 0.408, valid error 100.000%, best valid error 100.000%, avg grad norm   0.042, avg grad norm (post clip)   0.000, rho_Whh  0.09, Omega  0.00, alpha  0.000, steps in the past 0.000, valid nll 0.326
  [diag] log10|dL/dh_t| hist bins=60 range=(-12.50,-11.50) mean=-12.00 p50=-12.00 p05=-12.00 p95=-12.00
  [diag] sat-dist hist bins=60 sat<0.05=0.0% mean=0.903 p10=0.899 p90=0.907
  [diag] z-gate sat-dist hist bins=60 mean=0.122 p10=0.122 p90=0.122
  [diag] r-gate sat-dist hist bins=60 mean=0.497 p10=0.497 p90=0.497
Iter 0007360: train nll 0.396, valid error 100.000%, best valid error 100.000%, avg grad norm   0.041, avg grad norm (post clip)   0.000, rho_Whh  0.09, Omega  0.00, alpha  0.000, steps in the past 0.000, valid nll 0.326
  [diag] log10|dL/dh_t| hist bins=60 range=(-12.50,-11.50) mean=-12.00 p50=-12.00 p05=-12.00 p95=-12.00
  [diag] sat-dist hist bins=60 sat<0.05=0.0% mean=0.903 p10=0.899 p90=0.907
  [diag] z-gate sat-dist hist bins=60 mean=0.122 p10=0.122 p90=0.122
  [diag] r-gate sat-dist hist bins=60 mean=0.497 p10=0.497 p90=0.497
Iter 0007380: train nll 0.401, valid error 100.000%, best valid error 100.000%, avg grad norm   0.038, avg grad norm (post clip)   0.000, rho_Whh  0.09, Omega  0.00, alpha  0.000, steps in the past 0.000, valid nll 0.326
  [diag] log10|dL/dh_t| hist bins=60 range=(-12.50,-11.50) mean=-12.00 p50=-12.00 p05=-12.00 p95=-12.00
  [diag] sat-dist hist bins=60 sat<0.05=0.0% mean=0.903 p10=0.899 p90=0.907
  [diag] z-gate sat-dist hist bins=60 mean=0.122 p10=0.122 p90=0.122
  [diag] r-gate sat-dist hist bins=60 mean=0.497 p10=0.497 p90=0.497
Iter 0007400: train nll 0.376, valid error 100.000%, best valid error 100.000%, avg grad norm   0.051, avg grad norm (post clip)   0.000, rho_Whh  0.09, Omega  0.00, alpha  0.000, steps in the past 0.000, valid nll 0.326
  [diag] log10|dL/dh_t| hist bins=60 range=(-12.50,-11.50) mean=-12.00 p50=-12.00 p05=-12.00 p95=-12.00
  [diag] sat-dist hist bins=60 sat<0.05=0.0% mean=0.903 p10=0.899 p90=0.907
  [diag] z-gate sat-dist hist bins=60 mean=0.122 p10=0.122 p90=0.122
  [diag] r-gate sat-dist hist bins=60 mean=0.497 p10=0.497 p90=0.497
Iter 0007420: train nll 0.377, valid error 100.000%, best valid error 100.000%, avg grad norm   0.042, avg grad norm (post clip)   0.000, rho_Whh  0.09, Omega  0.00, alpha  0.000, steps in the past 0.000, valid nll 0.326
  [diag] log10|dL/dh_t| hist bins=60 range=(-12.50,-11.50) mean=-12.00 p50=-12.00 p05=-12.00 p95=-12.00
  [diag] sat-dist hist bins=60 sat<0.05=0.0% mean=0.903 p10=0.899 p90=0.907
  [diag] z-gate sat-dist hist bins=60 mean=0.122 p10=0.122 p90=0.122
  [diag] r-gate sat-dist hist bins=60 mean=0.497 p10=0.497 p90=0.497
Iter 0007440: train nll 0.421, valid error 100.000%, best valid error 100.000%, avg grad norm   0.042, avg grad norm (post clip)   0.000, rho_Whh  0.09, Omega  0.00, alpha  0.000, steps in the past 0.000, valid nll 0.326
  [diag] log10|dL/dh_t| hist bins=60 range=(-12.50,-11.50) mean=-12.00 p50=-12.00 p05=-12.00 p95=-12.00
  [diag] sat-dist hist bins=60 sat<0.05=0.0% mean=0.903 p10=0.899 p90=0.907
  [diag] z-gate sat-dist hist bins=60 mean=0.122 p10=0.122 p90=0.122
  [diag] r-gate sat-dist hist bins=60 mean=0.497 p10=0.497 p90=0.497
Iter 0007460: train nll 0.372, valid error 100.000%, best valid error 100.000%, avg grad norm   0.038, avg grad norm (post clip)   0.000, rho_Whh  0.09, Omega  0.00, alpha  0.000, steps in the past 0.000, valid nll 0.326
  [diag] log10|dL/dh_t| hist bins=60 range=(-12.50,-11.50) mean=-12.00 p50=-12.00 p05=-12.00 p95=-12.00
  [diag] sat-dist hist bins=60 sat<0.05=0.0% mean=0.903 p10=0.899 p90=0.907
  [diag] z-gate sat-dist hist bins=60 mean=0.122 p10=0.122 p90=0.122
  [diag] r-gate sat-dist hist bins=60 mean=0.497 p10=0.497 p90=0.497
Iter 0007480: train nll 0.408, valid error 100.000%, best valid error 100.000%, avg grad norm   0.045, avg grad norm (post clip)   0.000, rho_Whh  0.10, Omega  0.00, alpha  0.000, steps in the past 0.000, valid nll 0.326
  [diag] log10|dL/dh_t| hist bins=60 range=(-12.50,-11.50) mean=-12.00 p50=-12.00 p05=-12.00 p95=-12.00
  [diag] sat-dist hist bins=60 sat<0.05=0.0% mean=0.903 p10=0.899 p90=0.908
  [diag] z-gate sat-dist hist bins=60 mean=0.122 p10=0.122 p90=0.122
  [diag] r-gate sat-dist hist bins=60 mean=0.497 p10=0.497 p90=0.497
Iter 0007500: train nll 0.393, valid error 100.000%, best valid error 100.000%, avg grad norm   0.046, avg grad norm (post clip)   0.000, rho_Whh  0.10, Omega  0.00, alpha  0.000, steps in the past 0.000, valid nll 0.326
  [diag] log10|dL/dh_t| hist bins=60 range=(-12.50,-11.50) mean=-12.00 p50=-12.00 p05=-12.00 p95=-12.00
  [diag] sat-dist hist bins=60 sat<0.05=0.0% mean=0.903 p10=0.899 p90=0.907
  [diag] z-gate sat-dist hist bins=60 mean=0.122 p10=0.122 p90=0.122
  [diag] r-gate sat-dist hist bins=60 mean=0.497 p10=0.497 p90=0.497
Iter 0007520: train nll 0.353, valid error 100.000%, best valid error 100.000%, avg grad norm   0.043, avg grad norm (post clip)   0.000, rho_Whh  0.10, Omega  0.00, alpha  0.000, steps in the past 0.000, valid nll 0.326
  [diag] log10|dL/dh_t| hist bins=60 range=(-12.50,-11.50) mean=-12.00 p50=-12.00 p05=-12.00 p95=-12.00
  [diag] sat-dist hist bins=60 sat<0.05=0.0% mean=0.903 p10=0.899 p90=0.908
  [diag] z-gate sat-dist hist bins=60 mean=0.122 p10=0.122 p90=0.122
  [diag] r-gate sat-dist hist bins=60 mean=0.497 p10=0.497 p90=0.497
Iter 0007540: train nll 0.426, valid error 100.000%, best valid error 100.000%, avg grad norm   0.057, avg grad norm (post clip)   0.000, rho_Whh  0.10, Omega  0.00, alpha  0.000, steps in the past 0.000, valid nll 0.326
  [diag] log10|dL/dh_t| hist bins=60 range=(-12.50,-11.50) mean=-12.00 p50=-12.00 p05=-12.00 p95=-12.00
  [diag] sat-dist hist bins=60 sat<0.05=0.0% mean=0.903 p10=0.899 p90=0.908
  [diag] z-gate sat-dist hist bins=60 mean=0.122 p10=0.122 p90=0.122
  [diag] r-gate sat-dist hist bins=60 mean=0.497 p10=0.497 p90=0.497
Iter 0007560: train nll 0.374, valid error 100.000%, best valid error 100.000%, avg grad norm   0.045, avg grad norm (post clip)   0.000, rho_Whh  0.10, Omega  0.00, alpha  0.000, steps in the past 0.000, valid nll 0.326
  [diag] log10|dL/dh_t| hist bins=60 range=(-12.50,-11.50) mean=-12.00 p50=-12.00 p05=-12.00 p95=-12.00
  [diag] sat-dist hist bins=60 sat<0.05=0.0% mean=0.903 p10=0.899 p90=0.908
  [diag] z-gate sat-dist hist bins=60 mean=0.122 p10=0.122 p90=0.122
  [diag] r-gate sat-dist hist bins=60 mean=0.497 p10=0.497 p90=0.497
Iter 0007580: train nll 0.390, valid error 100.000%, best valid error 100.000%, avg grad norm   0.042, avg grad norm (post clip)   0.000, rho_Whh  0.10, Omega  0.00, alpha  0.000, steps in the past 0.000, valid nll 0.326
  [diag] log10|dL/dh_t| hist bins=60 range=(-12.50,-11.50) mean=-12.00 p50=-12.00 p05=-12.00 p95=-12.00
  [diag] sat-dist hist bins=60 sat<0.05=0.0% mean=0.904 p10=0.900 p90=0.908
  [diag] z-gate sat-dist hist bins=60 mean=0.122 p10=0.122 p90=0.122
  [diag] r-gate sat-dist hist bins=60 mean=0.497 p10=0.497 p90=0.497
Iter 0007600: train nll 0.416, valid error 100.000%, best valid error 100.000%, avg grad norm   0.048, avg grad norm (post clip)   0.000, rho_Whh  0.10, Omega  0.00, alpha  0.000, steps in the past 0.000, valid nll 0.326
  [diag] log10|dL/dh_t| hist bins=60 range=(-12.50,-11.50) mean=-12.00 p50=-12.00 p05=-12.00 p95=-12.00
  [diag] sat-dist hist bins=60 sat<0.05=0.0% mean=0.904 p10=0.900 p90=0.908
  [diag] z-gate sat-dist hist bins=60 mean=0.122 p10=0.122 p90=0.122
  [diag] r-gate sat-dist hist bins=60 mean=0.497 p10=0.497 p90=0.497
Iter 0007620: train nll 0.387, valid error 100.000%, best valid error 100.000%, avg grad norm   0.048, avg grad norm (post clip)   0.000, rho_Whh  0.10, Omega  0.00, alpha  0.000, steps in the past 0.000, valid nll 0.326
  [diag] log10|dL/dh_t| hist bins=60 range=(-12.50,-11.50) mean=-12.00 p50=-12.00 p05=-12.00 p95=-12.00
  [diag] sat-dist hist bins=60 sat<0.05=0.0% mean=0.904 p10=0.900 p90=0.908
  [diag] z-gate sat-dist hist bins=60 mean=0.122 p10=0.122 p90=0.122
  [diag] r-gate sat-dist hist bins=60 mean=0.497 p10=0.497 p90=0.497
Iter 0007640: train nll 0.415, valid error 100.000%, best valid error 100.000%, avg grad norm   0.055, avg grad norm (post clip)   0.000, rho_Whh  0.10, Omega  0.00, alpha  0.000, steps in the past 0.000, valid nll 0.326
  [diag] log10|dL/dh_t| hist bins=60 range=(-12.50,-11.50) mean=-12.00 p50=-12.00 p05=-12.00 p95=-12.00
  [diag] sat-dist hist bins=60 sat<0.05=0.0% mean=0.904 p10=0.900 p90=0.908
  [diag] z-gate sat-dist hist bins=60 mean=0.122 p10=0.122 p90=0.122
  [diag] r-gate sat-dist hist bins=60 mean=0.497 p10=0.497 p90=0.497
Iter 0007660: train nll 0.381, valid error 100.000%, best valid error 100.000%, avg grad norm   0.039, avg grad norm (post clip)   0.000, rho_Whh  0.10, Omega  0.00, alpha  0.000, steps in the past 0.000, valid nll 0.326
  [diag] log10|dL/dh_t| hist bins=60 range=(-12.50,-11.50) mean=-12.00 p50=-12.00 p05=-12.00 p95=-12.00
  [diag] sat-dist hist bins=60 sat<0.05=0.0% mean=0.904 p10=0.900 p90=0.909
  [diag] z-gate sat-dist hist bins=60 mean=0.122 p10=0.122 p90=0.122
  [diag] r-gate sat-dist hist bins=60 mean=0.497 p10=0.497 p90=0.497
Iter 0007680: train nll 0.417, valid error 100.000%, best valid error 100.000%, avg grad norm   0.050, avg grad norm (post clip)   0.000, rho_Whh  0.10, Omega  0.00, alpha  0.000, steps in the past 0.000, valid nll 0.326
  [diag] log10|dL/dh_t| hist bins=60 range=(-12.50,-11.50) mean=-12.00 p50=-12.00 p05=-12.00 p95=-12.00
  [diag] sat-dist hist bins=60 sat<0.05=0.0% mean=0.904 p10=0.900 p90=0.908
  [diag] z-gate sat-dist hist bins=60 mean=0.122 p10=0.122 p90=0.122
  [diag] r-gate sat-dist hist bins=60 mean=0.497 p10=0.497 p90=0.497
Iter 0007700: train nll 0.381, valid error 100.000%, best valid error 100.000%, avg grad norm   0.045, avg grad norm (post clip)   0.000, rho_Whh  0.10, Omega  0.00, alpha  0.000, steps in the past 0.000, valid nll 0.326
  [diag] log10|dL/dh_t| hist bins=60 range=(-12.50,-11.50) mean=-12.00 p50=-12.00 p05=-12.00 p95=-12.00
  [diag] sat-dist hist bins=60 sat<0.05=0.0% mean=0.904 p10=0.900 p90=0.908
  [diag] z-gate sat-dist hist bins=60 mean=0.122 p10=0.122 p90=0.122
  [diag] r-gate sat-dist hist bins=60 mean=0.497 p10=0.497 p90=0.497
Iter 0007720: train nll 0.358, valid error 100.000%, best valid error 100.000%, avg grad norm   0.041, avg grad norm (post clip)   0.000, rho_Whh  0.10, Omega  0.00, alpha  0.000, steps in the past 0.000, valid nll 0.325
  [diag] log10|dL/dh_t| hist bins=60 range=(-12.50,-11.50) mean=-12.00 p50=-12.00 p05=-12.00 p95=-12.00
  [diag] sat-dist hist bins=60 sat<0.05=0.0% mean=0.904 p10=0.900 p90=0.908
  [diag] z-gate sat-dist hist bins=60 mean=0.122 p10=0.122 p90=0.122
  [diag] r-gate sat-dist hist bins=60 mean=0.497 p10=0.497 p90=0.497
Iter 0007740: train nll 0.381, valid error 100.000%, best valid error 100.000%, avg grad norm   0.047, avg grad norm (post clip)   0.000, rho_Whh  0.10, Omega  0.00, alpha  0.000, steps in the past 0.000, valid nll 0.325
  [diag] log10|dL/dh_t| hist bins=60 range=(-12.50,-11.50) mean=-12.00 p50=-12.00 p05=-12.00 p95=-12.00
  [diag] sat-dist hist bins=60 sat<0.05=0.0% mean=0.904 p10=0.900 p90=0.908
  [diag] z-gate sat-dist hist bins=60 mean=0.122 p10=0.122 p90=0.122
  [diag] r-gate sat-dist hist bins=60 mean=0.497 p10=0.497 p90=0.497
Iter 0007760: train nll 0.409, valid error 100.000%, best valid error 100.000%, avg grad norm   0.050, avg grad norm (post clip)   0.000, rho_Whh  0.10, Omega  0.00, alpha  0.000, steps in the past 0.000, valid nll 0.325
  [diag] log10|dL/dh_t| hist bins=60 range=(-12.50,-11.50) mean=-12.00 p50=-12.00 p05=-12.00 p95=-12.00
  [diag] sat-dist hist bins=60 sat<0.05=0.0% mean=0.904 p10=0.900 p90=0.908
  [diag] z-gate sat-dist hist bins=60 mean=0.122 p10=0.122 p90=0.122
  [diag] r-gate sat-dist hist bins=60 mean=0.497 p10=0.497 p90=0.497
Iter 0007780: train nll 0.366, valid error 100.000%, best valid error 100.000%, avg grad norm   0.044, avg grad norm (post clip)   0.000, rho_Whh  0.10, Omega  0.00, alpha  0.000, steps in the past 0.000, valid nll 0.325
  [diag] log10|dL/dh_t| hist bins=60 range=(-12.50,-11.50) mean=-12.00 p50=-12.00 p05=-12.00 p95=-12.00
  [diag] sat-dist hist bins=60 sat<0.05=0.0% mean=0.904 p10=0.900 p90=0.908
  [diag] z-gate sat-dist hist bins=60 mean=0.122 p10=0.122 p90=0.122
  [diag] r-gate sat-dist hist bins=60 mean=0.497 p10=0.497 p90=0.497
Iter 0007800: train nll 0.379, valid error 100.000%, best valid error 100.000%, avg grad norm   0.051, avg grad norm (post clip)   0.000, rho_Whh  0.10, Omega  0.00, alpha  0.000, steps in the past 0.000, valid nll 0.325
  [diag] log10|dL/dh_t| hist bins=60 range=(-12.50,-11.50) mean=-12.00 p50=-12.00 p05=-12.00 p95=-12.00
  [diag] sat-dist hist bins=60 sat<0.05=0.0% mean=0.904 p10=0.900 p90=0.908
  [diag] z-gate sat-dist hist bins=60 mean=0.122 p10=0.122 p90=0.122
  [diag] r-gate sat-dist hist bins=60 mean=0.497 p10=0.497 p90=0.497
Iter 0007820: train nll 0.375, valid error 100.000%, best valid error 100.000%, avg grad norm   0.038, avg grad norm (post clip)   0.000, rho_Whh  0.10, Omega  0.00, alpha  0.000, steps in the past 0.000, valid nll 0.325
  [diag] log10|dL/dh_t| hist bins=60 range=(-12.50,-11.50) mean=-12.00 p50=-12.00 p05=-12.00 p95=-12.00
  [diag] sat-dist hist bins=60 sat<0.05=0.0% mean=0.904 p10=0.900 p90=0.908
  [diag] z-gate sat-dist hist bins=60 mean=0.122 p10=0.122 p90=0.122
  [diag] r-gate sat-dist hist bins=60 mean=0.497 p10=0.497 p90=0.497
Iter 0007840: train nll 0.381, valid error 100.000%, best valid error 100.000%, avg grad norm   0.028, avg grad norm (post clip)   0.000, rho_Whh  0.10, Omega  0.00, alpha  0.000, steps in the past 0.000, valid nll 0.325
  [diag] log10|dL/dh_t| hist bins=60 range=(-12.50,-11.50) mean=-12.00 p50=-12.00 p05=-12.00 p95=-12.00
  [diag] sat-dist hist bins=60 sat<0.05=0.0% mean=0.904 p10=0.900 p90=0.909
  [diag] z-gate sat-dist hist bins=60 mean=0.122 p10=0.122 p90=0.122
  [diag] r-gate sat-dist hist bins=60 mean=0.497 p10=0.497 p90=0.497
Iter 0007860: train nll 0.402, valid error 100.000%, best valid error 100.000%, avg grad norm   0.050, avg grad norm (post clip)   0.000, rho_Whh  0.10, Omega  0.00, alpha  0.000, steps in the past 0.000, valid nll 0.325
  [diag] log10|dL/dh_t| hist bins=60 range=(-12.50,-11.50) mean=-12.00 p50=-12.00 p05=-12.00 p95=-12.00
  [diag] sat-dist hist bins=60 sat<0.05=0.0% mean=0.904 p10=0.900 p90=0.908
  [diag] z-gate sat-dist hist bins=60 mean=0.122 p10=0.122 p90=0.122
  [diag] r-gate sat-dist hist bins=60 mean=0.497 p10=0.497 p90=0.497
Iter 0007880: train nll 0.366, valid error 100.000%, best valid error 100.000%, avg grad norm   0.045, avg grad norm (post clip)   0.000, rho_Whh  0.10, Omega  0.00, alpha  0.000, steps in the past 0.000, valid nll 0.325
  [diag] log10|dL/dh_t| hist bins=60 range=(-12.50,-11.50) mean=-12.00 p50=-12.00 p05=-12.00 p95=-12.00
  [diag] sat-dist hist bins=60 sat<0.05=0.0% mean=0.904 p10=0.900 p90=0.908
  [diag] z-gate sat-dist hist bins=60 mean=0.122 p10=0.122 p90=0.122
  [diag] r-gate sat-dist hist bins=60 mean=0.497 p10=0.497 p90=0.497
Iter 0007900: train nll 0.333, valid error 100.000%, best valid error 100.000%, avg grad norm   0.041, avg grad norm (post clip)   0.000, rho_Whh  0.10, Omega  0.00, alpha  0.000, steps in the past 0.000, valid nll 0.325
  [diag] log10|dL/dh_t| hist bins=60 range=(-12.50,-11.50) mean=-12.00 p50=-12.00 p05=-12.00 p95=-12.00
  [diag] sat-dist hist bins=60 sat<0.05=0.0% mean=0.904 p10=0.900 p90=0.908
  [diag] z-gate sat-dist hist bins=60 mean=0.122 p10=0.122 p90=0.122
  [diag] r-gate sat-dist hist bins=60 mean=0.497 p10=0.497 p90=0.497
Iter 0007920: train nll 0.394, valid error 100.000%, best valid error 100.000%, avg grad norm   0.043, avg grad norm (post clip)   0.000, rho_Whh  0.10, Omega  0.00, alpha  0.000, steps in the past 0.000, valid nll 0.325
  [diag] log10|dL/dh_t| hist bins=60 range=(-12.50,-11.50) mean=-12.00 p50=-12.00 p05=-12.00 p95=-12.00
  [diag] sat-dist hist bins=60 sat<0.05=0.0% mean=0.904 p10=0.900 p90=0.908
  [diag] z-gate sat-dist hist bins=60 mean=0.122 p10=0.122 p90=0.122
  [diag] r-gate sat-dist hist bins=60 mean=0.497 p10=0.497 p90=0.497
Iter 0007940: train nll 0.396, valid error 100.000%, best valid error 100.000%, avg grad norm   0.050, avg grad norm (post clip)   0.000, rho_Whh  0.10, Omega  0.00, alpha  0.000, steps in the past 0.000, valid nll 0.325
  [diag] log10|dL/dh_t| hist bins=60 range=(-12.50,-11.50) mean=-12.00 p50=-12.00 p05=-12.00 p95=-12.00
  [diag] sat-dist hist bins=60 sat<0.05=0.0% mean=0.905 p10=0.901 p90=0.909
  [diag] z-gate sat-dist hist bins=60 mean=0.122 p10=0.122 p90=0.122
  [diag] r-gate sat-dist hist bins=60 mean=0.497 p10=0.497 p90=0.497
Iter 0007960: train nll 0.406, valid error 100.000%, best valid error 100.000%, avg grad norm   0.042, avg grad norm (post clip)   0.000, rho_Whh  0.10, Omega  0.00, alpha  0.000, steps in the past 0.000, valid nll 0.325
  [diag] log10|dL/dh_t| hist bins=60 range=(-12.50,-11.50) mean=-12.00 p50=-12.00 p05=-12.00 p95=-12.00
  [diag] sat-dist hist bins=60 sat<0.05=0.0% mean=0.905 p10=0.901 p90=0.909
  [diag] z-gate sat-dist hist bins=60 mean=0.122 p10=0.122 p90=0.122
  [diag] r-gate sat-dist hist bins=60 mean=0.497 p10=0.497 p90=0.497
Iter 0007980: train nll 0.391, valid error 100.000%, best valid error 100.000%, avg grad norm   0.043, avg grad norm (post clip)   0.000, rho_Whh  0.10, Omega  0.00, alpha  0.000, steps in the past 0.000, valid nll 0.325
  [diag] log10|dL/dh_t| hist bins=60 range=(-12.50,-11.50) mean=-12.00 p50=-12.00 p05=-12.00 p95=-12.00
  [diag] sat-dist hist bins=60 sat<0.05=0.0% mean=0.905 p10=0.901 p90=0.909
  [diag] z-gate sat-dist hist bins=60 mean=0.122 p10=0.122 p90=0.122
  [diag] r-gate sat-dist hist bins=60 mean=0.497 p10=0.497 p90=0.497
Iter 0008000: train nll 0.385, valid error 100.000%, best valid error 100.000%, avg grad norm   0.037, avg grad norm (post clip)   0.000, rho_Whh  0.11, Omega  0.00, alpha  0.000, steps in the past 0.000, valid nll 0.325
  [diag] log10|dL/dh_t| hist bins=60 range=(-12.50,-11.50) mean=-12.00 p50=-12.00 p05=-12.00 p95=-12.00
  [diag] sat-dist hist bins=60 sat<0.05=0.0% mean=0.905 p10=0.901 p90=0.909
  [diag] z-gate sat-dist hist bins=60 mean=0.122 p10=0.122 p90=0.122
  [diag] r-gate sat-dist hist bins=60 mean=0.497 p10=0.497 p90=0.497
Iter 0008020: train nll 0.430, valid error 100.000%, best valid error 100.000%, avg grad norm   0.047, avg grad norm (post clip)   0.000, rho_Whh  0.11, Omega  0.00, alpha  0.000, steps in the past 0.000, valid nll 0.325
  [diag] log10|dL/dh_t| hist bins=60 range=(-12.50,-11.50) mean=-12.00 p50=-12.00 p05=-12.00 p95=-12.00
  [diag] sat-dist hist bins=60 sat<0.05=0.0% mean=0.906 p10=0.902 p90=0.910
  [diag] z-gate sat-dist hist bins=60 mean=0.122 p10=0.122 p90=0.122
  [diag] r-gate sat-dist hist bins=60 mean=0.497 p10=0.497 p90=0.497
Iter 0008040: train nll 0.415, valid error 100.000%, best valid error 100.000%, avg grad norm   0.053, avg grad norm (post clip)   0.000, rho_Whh  0.11, Omega  0.00, alpha  0.000, steps in the past 0.000, valid nll 0.325
  [diag] log10|dL/dh_t| hist bins=60 range=(-12.50,-11.50) mean=-12.00 p50=-12.00 p05=-12.00 p95=-12.00
  [diag] sat-dist hist bins=60 sat<0.05=0.0% mean=0.906 p10=0.902 p90=0.910
  [diag] z-gate sat-dist hist bins=60 mean=0.122 p10=0.122 p90=0.122
  [diag] r-gate sat-dist hist bins=60 mean=0.497 p10=0.497 p90=0.497
Iter 0008060: train nll 0.380, valid error 100.000%, best valid error 100.000%, avg grad norm   0.034, avg grad norm (post clip)   0.000, rho_Whh  0.11, Omega  0.00, alpha  0.000, steps in the past 0.000, valid nll 0.325
  [diag] log10|dL/dh_t| hist bins=60 range=(-12.50,-11.50) mean=-12.00 p50=-12.00 p05=-12.00 p95=-12.00
  [diag] sat-dist hist bins=60 sat<0.05=0.0% mean=0.906 p10=0.902 p90=0.910
  [diag] z-gate sat-dist hist bins=60 mean=0.122 p10=0.122 p90=0.122
  [diag] r-gate sat-dist hist bins=60 mean=0.497 p10=0.497 p90=0.497
Iter 0008080: train nll 0.415, valid error 100.000%, best valid error 100.000%, avg grad norm   0.046, avg grad norm (post clip)   0.000, rho_Whh  0.11, Omega  0.00, alpha  0.000, steps in the past 0.000, valid nll 0.325
  [diag] log10|dL/dh_t| hist bins=60 range=(-12.50,-11.50) mean=-12.00 p50=-12.00 p05=-12.00 p95=-12.00
  [diag] sat-dist hist bins=60 sat<0.05=0.0% mean=0.906 p10=0.902 p90=0.910
  [diag] z-gate sat-dist hist bins=60 mean=0.122 p10=0.122 p90=0.122
  [diag] r-gate sat-dist hist bins=60 mean=0.497 p10=0.497 p90=0.497
Iter 0008100: train nll 0.378, valid error 100.000%, best valid error 100.000%, avg grad norm   0.044, avg grad norm (post clip)   0.000, rho_Whh  0.11, Omega  0.00, alpha  0.000, steps in the past 0.000, valid nll 0.325
  [diag] log10|dL/dh_t| hist bins=60 range=(-12.50,-11.50) mean=-12.00 p50=-12.00 p05=-12.00 p95=-12.00
  [diag] sat-dist hist bins=60 sat<0.05=0.0% mean=0.906 p10=0.902 p90=0.910
  [diag] z-gate sat-dist hist bins=60 mean=0.122 p10=0.122 p90=0.122
  [diag] r-gate sat-dist hist bins=60 mean=0.497 p10=0.497 p90=0.497
Iter 0008120: train nll 0.408, valid error 100.000%, best valid error 100.000%, avg grad norm   0.043, avg grad norm (post clip)   0.000, rho_Whh  0.11, Omega  0.00, alpha  0.000, steps in the past 0.000, valid nll 0.325
  [diag] log10|dL/dh_t| hist bins=60 range=(-12.50,-11.50) mean=-12.00 p50=-12.00 p05=-12.00 p95=-12.00
  [diag] sat-dist hist bins=60 sat<0.05=0.0% mean=0.906 p10=0.902 p90=0.910
  [diag] z-gate sat-dist hist bins=60 mean=0.122 p10=0.122 p90=0.122
  [diag] r-gate sat-dist hist bins=60 mean=0.497 p10=0.497 p90=0.497
Iter 0008140: train nll 0.381, valid error 100.000%, best valid error 100.000%, avg grad norm   0.046, avg grad norm (post clip)   0.000, rho_Whh  0.11, Omega  0.00, alpha  0.000, steps in the past 0.000, valid nll 0.325
  [diag] log10|dL/dh_t| hist bins=60 range=(-12.50,-11.50) mean=-12.00 p50=-12.00 p05=-12.00 p95=-12.00
  [diag] sat-dist hist bins=60 sat<0.05=0.0% mean=0.906 p10=0.902 p90=0.910
  [diag] z-gate sat-dist hist bins=60 mean=0.122 p10=0.122 p90=0.122
  [diag] r-gate sat-dist hist bins=60 mean=0.497 p10=0.497 p90=0.497
Iter 0008160: train nll 0.355, valid error 100.000%, best valid error 100.000%, avg grad norm   0.038, avg grad norm (post clip)   0.000, rho_Whh  0.11, Omega  0.00, alpha  0.000, steps in the past 0.000, valid nll 0.325
  [diag] log10|dL/dh_t| hist bins=60 range=(-12.50,-11.50) mean=-12.00 p50=-12.00 p05=-12.00 p95=-12.00
  [diag] sat-dist hist bins=60 sat<0.05=0.0% mean=0.906 p10=0.902 p90=0.910
  [diag] z-gate sat-dist hist bins=60 mean=0.122 p10=0.122 p90=0.122
  [diag] r-gate sat-dist hist bins=60 mean=0.497 p10=0.497 p90=0.497
Iter 0008180: train nll 0.383, valid error 100.000%, best valid error 100.000%, avg grad norm   0.046, avg grad norm (post clip)   0.000, rho_Whh  0.11, Omega  0.00, alpha  0.000, steps in the past 0.000, valid nll 0.325
  [diag] log10|dL/dh_t| hist bins=60 range=(-12.50,-11.50) mean=-12.00 p50=-12.00 p05=-12.00 p95=-12.00
  [diag] sat-dist hist bins=60 sat<0.05=0.0% mean=0.906 p10=0.903 p90=0.910
  [diag] z-gate sat-dist hist bins=60 mean=0.122 p10=0.122 p90=0.122
  [diag] r-gate sat-dist hist bins=60 mean=0.497 p10=0.497 p90=0.497
Iter 0008200: train nll 0.412, valid error 100.000%, best valid error 100.000%, avg grad norm   0.040, avg grad norm (post clip)   0.000, rho_Whh  0.11, Omega  0.00, alpha  0.000, steps in the past 0.000, valid nll 0.325
  [diag] log10|dL/dh_t| hist bins=60 range=(-12.50,-11.50) mean=-12.00 p50=-12.00 p05=-12.00 p95=-12.00
  [diag] sat-dist hist bins=60 sat<0.05=0.0% mean=0.907 p10=0.903 p90=0.910
  [diag] z-gate sat-dist hist bins=60 mean=0.122 p10=0.122 p90=0.122
  [diag] r-gate sat-dist hist bins=60 mean=0.497 p10=0.497 p90=0.497
Iter 0008220: train nll 0.389, valid error 100.000%, best valid error 100.000%, avg grad norm   0.041, avg grad norm (post clip)   0.000, rho_Whh  0.11, Omega  0.00, alpha  0.000, steps in the past 0.000, valid nll 0.325
  [diag] log10|dL/dh_t| hist bins=60 range=(-12.50,-11.50) mean=-12.00 p50=-12.00 p05=-12.00 p95=-12.00
  [diag] sat-dist hist bins=60 sat<0.05=0.0% mean=0.906 p10=0.903 p90=0.910
  [diag] z-gate sat-dist hist bins=60 mean=0.122 p10=0.122 p90=0.122
  [diag] r-gate sat-dist hist bins=60 mean=0.497 p10=0.497 p90=0.497
Iter 0008240: train nll 0.366, valid error 100.000%, best valid error 100.000%, avg grad norm   0.036, avg grad norm (post clip)   0.000, rho_Whh  0.11, Omega  0.00, alpha  0.000, steps in the past 0.000, valid nll 0.325
  [diag] log10|dL/dh_t| hist bins=60 range=(-12.50,-11.50) mean=-12.00 p50=-12.00 p05=-12.00 p95=-12.00
  [diag] sat-dist hist bins=60 sat<0.05=0.0% mean=0.907 p10=0.903 p90=0.911
  [diag] z-gate sat-dist hist bins=60 mean=0.122 p10=0.122 p90=0.122
  [diag] r-gate sat-dist hist bins=60 mean=0.497 p10=0.497 p90=0.497
Iter 0008260: train nll 0.425, valid error 100.000%, best valid error 100.000%, avg grad norm   0.042, avg grad norm (post clip)   0.000, rho_Whh  0.11, Omega  0.00, alpha  0.000, steps in the past 0.000, valid nll 0.325
  [diag] log10|dL/dh_t| hist bins=60 range=(-12.50,-11.50) mean=-12.00 p50=-12.00 p05=-12.00 p95=-12.00
  [diag] sat-dist hist bins=60 sat<0.05=0.0% mean=0.907 p10=0.903 p90=0.911
  [diag] z-gate sat-dist hist bins=60 mean=0.122 p10=0.122 p90=0.122
  [diag] r-gate sat-dist hist bins=60 mean=0.497 p10=0.497 p90=0.497
Iter 0008280: train nll 0.405, valid error 100.000%, best valid error 100.000%, avg grad norm   0.039, avg grad norm (post clip)   0.000, rho_Whh  0.11, Omega  0.00, alpha  0.000, steps in the past 0.000, valid nll 0.325
  [diag] log10|dL/dh_t| hist bins=60 range=(-12.50,-11.50) mean=-12.00 p50=-12.00 p05=-12.00 p95=-12.00
  [diag] sat-dist hist bins=60 sat<0.05=0.0% mean=0.907 p10=0.903 p90=0.911
  [diag] z-gate sat-dist hist bins=60 mean=0.122 p10=0.122 p90=0.122
  [diag] r-gate sat-dist hist bins=60 mean=0.497 p10=0.497 p90=0.497
Iter 0008300: train nll 0.381, valid error 100.000%, best valid error 100.000%, avg grad norm   0.045, avg grad norm (post clip)   0.000, rho_Whh  0.11, Omega  0.00, alpha  0.000, steps in the past 0.000, valid nll 0.325
  [diag] log10|dL/dh_t| hist bins=60 range=(-12.50,-11.50) mean=-12.00 p50=-12.00 p05=-12.00 p95=-12.00
  [diag] sat-dist hist bins=60 sat<0.05=0.0% mean=0.907 p10=0.904 p90=0.911
  [diag] z-gate sat-dist hist bins=60 mean=0.122 p10=0.122 p90=0.122
  [diag] r-gate sat-dist hist bins=60 mean=0.497 p10=0.497 p90=0.497
Iter 0008320: train nll 0.410, valid error 100.000%, best valid error 100.000%, avg grad norm   0.041, avg grad norm (post clip)   0.000, rho_Whh  0.11, Omega  0.00, alpha  0.000, steps in the past 0.000, valid nll 0.325
  [diag] log10|dL/dh_t| hist bins=60 range=(-12.50,-11.50) mean=-12.00 p50=-12.00 p05=-12.00 p95=-12.00
  [diag] sat-dist hist bins=60 sat<0.05=0.0% mean=0.908 p10=0.904 p90=0.911
  [diag] z-gate sat-dist hist bins=60 mean=0.122 p10=0.122 p90=0.122
  [diag] r-gate sat-dist hist bins=60 mean=0.497 p10=0.497 p90=0.497
Iter 0008340: train nll 0.405, valid error 100.000%, best valid error 100.000%, avg grad norm   0.044, avg grad norm (post clip)   0.000, rho_Whh  0.11, Omega  0.00, alpha  0.000, steps in the past 0.000, valid nll 0.325
  [diag] log10|dL/dh_t| hist bins=60 range=(-12.50,-11.50) mean=-12.00 p50=-12.00 p05=-12.00 p95=-12.00
  [diag] sat-dist hist bins=60 sat<0.05=0.0% mean=0.908 p10=0.904 p90=0.912
  [diag] z-gate sat-dist hist bins=60 mean=0.122 p10=0.122 p90=0.122
  [diag] r-gate sat-dist hist bins=60 mean=0.497 p10=0.497 p90=0.497
Iter 0008360: train nll 0.422, valid error 100.000%, best valid error 100.000%, avg grad norm   0.045, avg grad norm (post clip)   0.000, rho_Whh  0.12, Omega  0.00, alpha  0.000, steps in the past 0.000, valid nll 0.325
  [diag] log10|dL/dh_t| hist bins=60 range=(-12.50,-11.50) mean=-12.00 p50=-12.00 p05=-12.00 p95=-12.00
  [diag] sat-dist hist bins=60 sat<0.05=0.0% mean=0.908 p10=0.905 p90=0.912
  [diag] z-gate sat-dist hist bins=60 mean=0.122 p10=0.122 p90=0.122
  [diag] r-gate sat-dist hist bins=60 mean=0.497 p10=0.497 p90=0.497
Iter 0008380: train nll 0.421, valid error 100.000%, best valid error 100.000%, avg grad norm   0.042, avg grad norm (post clip)   0.000, rho_Whh  0.12, Omega  0.00, alpha  0.000, steps in the past 0.000, valid nll 0.325
  [diag] log10|dL/dh_t| hist bins=60 range=(-12.50,-11.50) mean=-12.00 p50=-12.00 p05=-12.00 p95=-12.00
  [diag] sat-dist hist bins=60 sat<0.05=0.0% mean=0.909 p10=0.905 p90=0.912
  [diag] z-gate sat-dist hist bins=60 mean=0.122 p10=0.122 p90=0.122
  [diag] r-gate sat-dist hist bins=60 mean=0.497 p10=0.497 p90=0.497
Iter 0008400: train nll 0.404, valid error 100.000%, best valid error 100.000%, avg grad norm   0.050, avg grad norm (post clip)   0.000, rho_Whh  0.12, Omega  0.00, alpha  0.000, steps in the past 0.000, valid nll 0.325
  [diag] log10|dL/dh_t| hist bins=60 range=(-12.50,-11.50) mean=-12.00 p50=-12.00 p05=-12.00 p95=-12.00
  [diag] sat-dist hist bins=60 sat<0.05=0.0% mean=0.909 p10=0.905 p90=0.913
  [diag] z-gate sat-dist hist bins=60 mean=0.122 p10=0.122 p90=0.122
  [diag] r-gate sat-dist hist bins=60 mean=0.497 p10=0.497 p90=0.497
Iter 0008420: train nll 0.424, valid error 100.000%, best valid error 100.000%, avg grad norm   0.047, avg grad norm (post clip)   0.000, rho_Whh  0.12, Omega  0.00, alpha  0.000, steps in the past 0.000, valid nll 0.325
  [diag] log10|dL/dh_t| hist bins=60 range=(-12.50,-11.50) mean=-12.00 p50=-12.00 p05=-12.00 p95=-12.00
  [diag] sat-dist hist bins=60 sat<0.05=0.0% mean=0.909 p10=0.906 p90=0.913
  [diag] z-gate sat-dist hist bins=60 mean=0.122 p10=0.122 p90=0.122
  [diag] r-gate sat-dist hist bins=60 mean=0.497 p10=0.497 p90=0.497
Iter 0008440: train nll 0.407, valid error 100.000%, best valid error 100.000%, avg grad norm   0.035, avg grad norm (post clip)   0.000, rho_Whh  0.12, Omega  0.00, alpha  0.000, steps in the past 0.000, valid nll 0.325
  [diag] log10|dL/dh_t| hist bins=60 range=(-12.50,-11.50) mean=-12.00 p50=-12.00 p05=-12.00 p95=-12.00
  [diag] sat-dist hist bins=60 sat<0.05=0.0% mean=0.910 p10=0.906 p90=0.913
  [diag] z-gate sat-dist hist bins=60 mean=0.122 p10=0.122 p90=0.122
  [diag] r-gate sat-dist hist bins=60 mean=0.497 p10=0.497 p90=0.497
Iter 0008460: train nll 0.433, valid error 100.000%, best valid error 100.000%, avg grad norm   0.052, avg grad norm (post clip)   0.000, rho_Whh  0.12, Omega  0.00, alpha  0.000, steps in the past 0.000, valid nll 0.325
  [diag] log10|dL/dh_t| hist bins=60 range=(-12.50,-11.50) mean=-12.00 p50=-12.00 p05=-12.00 p95=-12.00
  [diag] sat-dist hist bins=60 sat<0.05=0.0% mean=0.910 p10=0.906 p90=0.914
  [diag] z-gate sat-dist hist bins=60 mean=0.122 p10=0.122 p90=0.122
  [diag] r-gate sat-dist hist bins=60 mean=0.497 p10=0.497 p90=0.497
Iter 0008480: train nll 0.420, valid error 100.000%, best valid error 100.000%, avg grad norm   0.042, avg grad norm (post clip)   0.000, rho_Whh  0.12, Omega  0.00, alpha  0.000, steps in the past 0.000, valid nll 0.325
  [diag] log10|dL/dh_t| hist bins=60 range=(-12.50,-11.50) mean=-12.00 p50=-12.00 p05=-12.00 p95=-12.00
  [diag] sat-dist hist bins=60 sat<0.05=0.0% mean=0.910 p10=0.907 p90=0.914
  [diag] z-gate sat-dist hist bins=60 mean=0.122 p10=0.122 p90=0.122
  [diag] r-gate sat-dist hist bins=60 mean=0.497 p10=0.497 p90=0.497
Iter 0008500: train nll 0.422, valid error 100.000%, best valid error 100.000%, avg grad norm   0.049, avg grad norm (post clip)   0.000, rho_Whh  0.12, Omega  0.00, alpha  0.000, steps in the past 0.000, valid nll 0.325
  [diag] log10|dL/dh_t| hist bins=60 range=(-12.50,-11.50) mean=-12.00 p50=-12.00 p05=-12.00 p95=-12.00
  [diag] sat-dist hist bins=60 sat<0.05=0.0% mean=0.910 p10=0.907 p90=0.914
  [diag] z-gate sat-dist hist bins=60 mean=0.122 p10=0.122 p90=0.122
  [diag] r-gate sat-dist hist bins=60 mean=0.497 p10=0.497 p90=0.497
Iter 0008520: train nll 0.387, valid error 100.000%, best valid error 100.000%, avg grad norm   0.037, avg grad norm (post clip)   0.000, rho_Whh  0.12, Omega  0.00, alpha  0.000, steps in the past 0.000, valid nll 0.325
  [diag] log10|dL/dh_t| hist bins=60 range=(-12.50,-11.50) mean=-12.00 p50=-12.00 p05=-12.00 p95=-12.00
  [diag] sat-dist hist bins=60 sat<0.05=0.0% mean=0.910 p10=0.906 p90=0.914
  [diag] z-gate sat-dist hist bins=60 mean=0.122 p10=0.122 p90=0.122
  [diag] r-gate sat-dist hist bins=60 mean=0.497 p10=0.497 p90=0.497
Iter 0008540: train nll 0.368, valid error 100.000%, best valid error 100.000%, avg grad norm   0.041, avg grad norm (post clip)   0.000, rho_Whh  0.12, Omega  0.00, alpha  0.000, steps in the past 0.000, valid nll 0.325
  [diag] log10|dL/dh_t| hist bins=60 range=(-12.50,-11.50) mean=-12.00 p50=-12.00 p05=-12.00 p95=-12.00
  [diag] sat-dist hist bins=60 sat<0.05=0.0% mean=0.910 p10=0.906 p90=0.914
  [diag] z-gate sat-dist hist bins=60 mean=0.122 p10=0.122 p90=0.122
  [diag] r-gate sat-dist hist bins=60 mean=0.497 p10=0.497 p90=0.497
Iter 0008560: train nll 0.349, valid error 100.000%, best valid error 100.000%, avg grad norm   0.040, avg grad norm (post clip)   0.000, rho_Whh  0.12, Omega  0.00, alpha  0.000, steps in the past 0.000, valid nll 0.325
  [diag] log10|dL/dh_t| hist bins=60 range=(-12.50,-11.50) mean=-12.00 p50=-12.00 p05=-12.00 p95=-12.00
  [diag] sat-dist hist bins=60 sat<0.05=0.0% mean=0.910 p10=0.906 p90=0.914
  [diag] z-gate sat-dist hist bins=60 mean=0.122 p10=0.122 p90=0.122
  [diag] r-gate sat-dist hist bins=60 mean=0.497 p10=0.497 p90=0.497
Iter 0008580: train nll 0.394, valid error 100.000%, best valid error 100.000%, avg grad norm   0.046, avg grad norm (post clip)   0.000, rho_Whh  0.12, Omega  0.00, alpha  0.000, steps in the past 0.000, valid nll 0.325
  [diag] log10|dL/dh_t| hist bins=60 range=(-12.50,-11.50) mean=-12.00 p50=-12.00 p05=-12.00 p95=-12.00
  [diag] sat-dist hist bins=60 sat<0.05=0.0% mean=0.910 p10=0.906 p90=0.914
  [diag] z-gate sat-dist hist bins=60 mean=0.122 p10=0.122 p90=0.122
  [diag] r-gate sat-dist hist bins=60 mean=0.497 p10=0.497 p90=0.497
Iter 0008600: train nll 0.401, valid error 100.000%, best valid error 100.000%, avg grad norm   0.047, avg grad norm (post clip)   0.000, rho_Whh  0.12, Omega  0.00, alpha  0.000, steps in the past 0.000, valid nll 0.325
  [diag] log10|dL/dh_t| hist bins=60 range=(-12.50,-11.50) mean=-12.00 p50=-12.00 p05=-12.00 p95=-12.00
  [diag] sat-dist hist bins=60 sat<0.05=0.0% mean=0.910 p10=0.907 p90=0.914
  [diag] z-gate sat-dist hist bins=60 mean=0.122 p10=0.122 p90=0.122
  [diag] r-gate sat-dist hist bins=60 mean=0.497 p10=0.497 p90=0.497
Iter 0008620: train nll 0.415, valid error 100.000%, best valid error 100.000%, avg grad norm   0.049, avg grad norm (post clip)   0.000, rho_Whh  0.12, Omega  0.00, alpha  0.000, steps in the past 0.000, valid nll 0.325
  [diag] log10|dL/dh_t| hist bins=60 range=(-12.50,-11.50) mean=-12.00 p50=-12.00 p05=-12.00 p95=-12.00
  [diag] sat-dist hist bins=60 sat<0.05=0.0% mean=0.911 p10=0.907 p90=0.914
  [diag] z-gate sat-dist hist bins=60 mean=0.122 p10=0.122 p90=0.122
  [diag] r-gate sat-dist hist bins=60 mean=0.497 p10=0.497 p90=0.497
Iter 0008640: train nll 0.404, valid error 100.000%, best valid error 100.000%, avg grad norm   0.038, avg grad norm (post clip)   0.000, rho_Whh  0.12, Omega  0.00, alpha  0.000, steps in the past 0.000, valid nll 0.325
  [diag] log10|dL/dh_t| hist bins=60 range=(-12.50,-11.50) mean=-12.00 p50=-12.00 p05=-12.00 p95=-12.00
  [diag] sat-dist hist bins=60 sat<0.05=0.0% mean=0.911 p10=0.907 p90=0.915
  [diag] z-gate sat-dist hist bins=60 mean=0.122 p10=0.122 p90=0.122
  [diag] r-gate sat-dist hist bins=60 mean=0.497 p10=0.497 p90=0.497
Iter 0008660: train nll 0.409, valid error 100.000%, best valid error 100.000%, avg grad norm   0.042, avg grad norm (post clip)   0.000, rho_Whh  0.12, Omega  0.00, alpha  0.000, steps in the past 0.000, valid nll 0.325
  [diag] log10|dL/dh_t| hist bins=60 range=(-12.50,-11.50) mean=-12.00 p50=-12.00 p05=-12.00 p95=-12.00
  [diag] sat-dist hist bins=60 sat<0.05=0.0% mean=0.911 p10=0.907 p90=0.915
  [diag] z-gate sat-dist hist bins=60 mean=0.122 p10=0.122 p90=0.122
  [diag] r-gate sat-dist hist bins=60 mean=0.497 p10=0.497 p90=0.497
Iter 0008680: train nll 0.419, valid error 100.000%, best valid error 100.000%, avg grad norm   0.048, avg grad norm (post clip)   0.000, rho_Whh  0.13, Omega  0.00, alpha  0.000, steps in the past 0.000, valid nll 0.325
  [diag] log10|dL/dh_t| hist bins=60 range=(-12.50,-11.50) mean=-12.00 p50=-12.00 p05=-12.00 p95=-12.00
  [diag] sat-dist hist bins=60 sat<0.05=0.0% mean=0.911 p10=0.907 p90=0.914
  [diag] z-gate sat-dist hist bins=60 mean=0.122 p10=0.122 p90=0.122
  [diag] r-gate sat-dist hist bins=60 mean=0.497 p10=0.497 p90=0.497
Iter 0008700: train nll 0.334, valid error 100.000%, best valid error 100.000%, avg grad norm   0.045, avg grad norm (post clip)   0.000, rho_Whh  0.12, Omega  0.00, alpha  0.000, steps in the past 0.000, valid nll 0.325
  [diag] log10|dL/dh_t| hist bins=60 range=(-12.50,-11.50) mean=-12.00 p50=-12.00 p05=-12.00 p95=-12.00
  [diag] sat-dist hist bins=60 sat<0.05=0.0% mean=0.910 p10=0.907 p90=0.914
  [diag] z-gate sat-dist hist bins=60 mean=0.122 p10=0.122 p90=0.122
  [diag] r-gate sat-dist hist bins=60 mean=0.497 p10=0.497 p90=0.497
Iter 0008720: train nll 0.370, valid error 100.000%, best valid error 100.000%, avg grad norm   0.041, avg grad norm (post clip)   0.000, rho_Whh  0.12, Omega  0.00, alpha  0.000, steps in the past 0.000, valid nll 0.325
  [diag] log10|dL/dh_t| hist bins=60 range=(-12.50,-11.50) mean=-12.00 p50=-12.00 p05=-12.00 p95=-12.00
  [diag] sat-dist hist bins=60 sat<0.05=0.0% mean=0.911 p10=0.907 p90=0.914
  [diag] z-gate sat-dist hist bins=60 mean=0.122 p10=0.122 p90=0.122
  [diag] r-gate sat-dist hist bins=60 mean=0.497 p10=0.497 p90=0.497
Iter 0008740: train nll 0.387, valid error 100.000%, best valid error 100.000%, avg grad norm   0.049, avg grad norm (post clip)   0.000, rho_Whh  0.12, Omega  0.00, alpha  0.000, steps in the past 0.000, valid nll 0.325
  [diag] log10|dL/dh_t| hist bins=60 range=(-12.50,-11.50) mean=-12.00 p50=-12.00 p05=-12.00 p95=-12.00
  [diag] sat-dist hist bins=60 sat<0.05=0.0% mean=0.911 p10=0.907 p90=0.914
  [diag] z-gate sat-dist hist bins=60 mean=0.122 p10=0.122 p90=0.122
  [diag] r-gate sat-dist hist bins=60 mean=0.497 p10=0.497 p90=0.497
Iter 0008760: train nll 0.384, valid error 100.000%, best valid error 100.000%, avg grad norm   0.042, avg grad norm (post clip)   0.000, rho_Whh  0.12, Omega  0.00, alpha  0.000, steps in the past 0.000, valid nll 0.325
  [diag] log10|dL/dh_t| hist bins=60 range=(-12.50,-11.50) mean=-12.00 p50=-12.00 p05=-12.00 p95=-12.00
  [diag] sat-dist hist bins=60 sat<0.05=0.0% mean=0.911 p10=0.907 p90=0.914
  [diag] z-gate sat-dist hist bins=60 mean=0.122 p10=0.122 p90=0.122
  [diag] r-gate sat-dist hist bins=60 mean=0.497 p10=0.497 p90=0.497
Iter 0008780: train nll 0.389, valid error 100.000%, best valid error 100.000%, avg grad norm   0.035, avg grad norm (post clip)   0.000, rho_Whh  0.13, Omega  0.00, alpha  0.000, steps in the past 0.000, valid nll 0.325
  [diag] log10|dL/dh_t| hist bins=60 range=(-12.50,-11.50) mean=-12.00 p50=-12.00 p05=-12.00 p95=-12.00
  [diag] sat-dist hist bins=60 sat<0.05=0.0% mean=0.911 p10=0.907 p90=0.915
  [diag] z-gate sat-dist hist bins=60 mean=0.122 p10=0.122 p90=0.122
  [diag] r-gate sat-dist hist bins=60 mean=0.497 p10=0.497 p90=0.497
Iter 0008800: train nll 0.394, valid error 100.000%, best valid error 100.000%, avg grad norm   0.041, avg grad norm (post clip)   0.000, rho_Whh  0.13, Omega  0.00, alpha  0.000, steps in the past 0.000, valid nll 0.325
  [diag] log10|dL/dh_t| hist bins=60 range=(-12.50,-11.50) mean=-12.00 p50=-12.00 p05=-12.00 p95=-12.00
  [diag] sat-dist hist bins=60 sat<0.05=0.0% mean=0.911 p10=0.908 p90=0.915
  [diag] z-gate sat-dist hist bins=60 mean=0.122 p10=0.122 p90=0.122
  [diag] r-gate sat-dist hist bins=60 mean=0.497 p10=0.497 p90=0.497
Iter 0008820: train nll 0.426, valid error 100.000%, best valid error 100.000%, avg grad norm   0.043, avg grad norm (post clip)   0.000, rho_Whh  0.13, Omega  0.00, alpha  0.000, steps in the past 0.000, valid nll 0.325
  [diag] log10|dL/dh_t| hist bins=60 range=(-12.50,-11.50) mean=-12.00 p50=-12.00 p05=-12.00 p95=-12.00
  [diag] sat-dist hist bins=60 sat<0.05=0.0% mean=0.911 p10=0.907 p90=0.915
  [diag] z-gate sat-dist hist bins=60 mean=0.122 p10=0.122 p90=0.122
  [diag] r-gate sat-dist hist bins=60 mean=0.497 p10=0.497 p90=0.497
Iter 0008840: train nll 0.367, valid error 100.000%, best valid error 100.000%, avg grad norm   0.039, avg grad norm (post clip)   0.000, rho_Whh  0.13, Omega  0.00, alpha  0.000, steps in the past 0.000, valid nll 0.325
  [diag] log10|dL/dh_t| hist bins=60 range=(-12.50,-11.50) mean=-12.00 p50=-12.00 p05=-12.00 p95=-12.00
  [diag] sat-dist hist bins=60 sat<0.05=0.0% mean=0.911 p10=0.908 p90=0.915
  [diag] z-gate sat-dist hist bins=60 mean=0.122 p10=0.122 p90=0.122
  [diag] r-gate sat-dist hist bins=60 mean=0.497 p10=0.497 p90=0.497
Iter 0008860: train nll 0.437, valid error 100.000%, best valid error 100.000%, avg grad norm   0.046, avg grad norm (post clip)   0.000, rho_Whh  0.13, Omega  0.00, alpha  0.000, steps in the past 0.000, valid nll 0.325
  [diag] log10|dL/dh_t| hist bins=60 range=(-12.50,-11.50) mean=-12.00 p50=-12.00 p05=-12.00 p95=-12.00
  [diag] sat-dist hist bins=60 sat<0.05=0.0% mean=0.912 p10=0.908 p90=0.915
  [diag] z-gate sat-dist hist bins=60 mean=0.122 p10=0.122 p90=0.122
  [diag] r-gate sat-dist hist bins=60 mean=0.497 p10=0.497 p90=0.497
Iter 0008880: train nll 0.393, valid error 100.000%, best valid error 100.000%, avg grad norm   0.040, avg grad norm (post clip)   0.000, rho_Whh  0.13, Omega  0.00, alpha  0.000, steps in the past 0.000, valid nll 0.325
  [diag] log10|dL/dh_t| hist bins=60 range=(-12.50,-11.50) mean=-12.00 p50=-12.00 p05=-12.00 p95=-12.00
  [diag] sat-dist hist bins=60 sat<0.05=0.0% mean=0.912 p10=0.908 p90=0.916
  [diag] z-gate sat-dist hist bins=60 mean=0.122 p10=0.122 p90=0.122
  [diag] r-gate sat-dist hist bins=60 mean=0.497 p10=0.497 p90=0.497
Iter 0008900: train nll 0.406, valid error 100.000%, best valid error 100.000%, avg grad norm   0.049, avg grad norm (post clip)   0.000, rho_Whh  0.13, Omega  0.00, alpha  0.000, steps in the past 0.000, valid nll 0.325
  [diag] log10|dL/dh_t| hist bins=60 range=(-12.50,-11.50) mean=-12.00 p50=-12.00 p05=-12.00 p95=-12.00
  [diag] sat-dist hist bins=60 sat<0.05=0.0% mean=0.912 p10=0.909 p90=0.916
  [diag] z-gate sat-dist hist bins=60 mean=0.122 p10=0.122 p90=0.122
  [diag] r-gate sat-dist hist bins=60 mean=0.497 p10=0.497 p90=0.497
Iter 0008920: train nll 0.412, valid error 100.000%, best valid error 100.000%, avg grad norm   0.052, avg grad norm (post clip)   0.000, rho_Whh  0.13, Omega  0.00, alpha  0.000, steps in the past 0.000, valid nll 0.325
  [diag] log10|dL/dh_t| hist bins=60 range=(-12.50,-11.50) mean=-12.00 p50=-12.00 p05=-12.00 p95=-12.00
  [diag] sat-dist hist bins=60 sat<0.05=0.0% mean=0.912 p10=0.909 p90=0.916
  [diag] z-gate sat-dist hist bins=60 mean=0.122 p10=0.122 p90=0.122
  [diag] r-gate sat-dist hist bins=60 mean=0.497 p10=0.497 p90=0.497
Iter 0008940: train nll 0.410, valid error 100.000%, best valid error 100.000%, avg grad norm   0.048, avg grad norm (post clip)   0.000, rho_Whh  0.13, Omega  0.00, alpha  0.000, steps in the past 0.000, valid nll 0.325
  [diag] log10|dL/dh_t| hist bins=60 range=(-12.50,-11.50) mean=-12.00 p50=-12.00 p05=-12.00 p95=-12.00
  [diag] sat-dist hist bins=60 sat<0.05=0.0% mean=0.912 p10=0.909 p90=0.916
  [diag] z-gate sat-dist hist bins=60 mean=0.122 p10=0.122 p90=0.122
  [diag] r-gate sat-dist hist bins=60 mean=0.497 p10=0.497 p90=0.497
Iter 0008960: train nll 0.389, valid error 100.000%, best valid error 100.000%, avg grad norm   0.045, avg grad norm (post clip)   0.000, rho_Whh  0.13, Omega  0.00, alpha  0.000, steps in the past 0.000, valid nll 0.325
  [diag] log10|dL/dh_t| hist bins=60 range=(-12.50,-11.50) mean=-12.00 p50=-12.00 p05=-12.00 p95=-12.00
  [diag] sat-dist hist bins=60 sat<0.05=0.0% mean=0.912 p10=0.909 p90=0.916
  [diag] z-gate sat-dist hist bins=60 mean=0.122 p10=0.122 p90=0.122
  [diag] r-gate sat-dist hist bins=60 mean=0.497 p10=0.497 p90=0.497
Iter 0008980: train nll 0.386, valid error 100.000%, best valid error 100.000%, avg grad norm   0.042, avg grad norm (post clip)   0.000, rho_Whh  0.13, Omega  0.00, alpha  0.000, steps in the past 0.000, valid nll 0.325
  [diag] log10|dL/dh_t| hist bins=60 range=(-12.50,-11.50) mean=-12.00 p50=-12.00 p05=-12.00 p95=-12.00
  [diag] sat-dist hist bins=60 sat<0.05=0.0% mean=0.912 p10=0.909 p90=0.916
  [diag] z-gate sat-dist hist bins=60 mean=0.122 p10=0.122 p90=0.122
  [diag] r-gate sat-dist hist bins=60 mean=0.497 p10=0.497 p90=0.497
Iter 0009000: train nll 0.388, valid error 100.000%, best valid error 100.000%, avg grad norm   0.040, avg grad norm (post clip)   0.000, rho_Whh  0.13, Omega  0.00, alpha  0.000, steps in the past 0.000, valid nll 0.325
  [diag] log10|dL/dh_t| hist bins=60 range=(-12.50,-11.50) mean=-12.00 p50=-12.00 p05=-12.00 p95=-12.00
  [diag] sat-dist hist bins=60 sat<0.05=0.0% mean=0.912 p10=0.909 p90=0.916
  [diag] z-gate sat-dist hist bins=60 mean=0.122 p10=0.122 p90=0.122
  [diag] r-gate sat-dist hist bins=60 mean=0.497 p10=0.497 p90=0.497
Iter 0009020: train nll 0.387, valid error 100.000%, best valid error 100.000%, avg grad norm   0.044, avg grad norm (post clip)   0.000, rho_Whh  0.13, Omega  0.00, alpha  0.000, steps in the past 0.000, valid nll 0.325
  [diag] log10|dL/dh_t| hist bins=60 range=(-12.50,-11.50) mean=-12.00 p50=-12.00 p05=-12.00 p95=-12.00
  [diag] sat-dist hist bins=60 sat<0.05=0.0% mean=0.912 p10=0.909 p90=0.916
  [diag] z-gate sat-dist hist bins=60 mean=0.122 p10=0.122 p90=0.122
  [diag] r-gate sat-dist hist bins=60 mean=0.497 p10=0.497 p90=0.497
Iter 0009040: train nll 0.386, valid error 100.000%, best valid error 100.000%, avg grad norm   0.047, avg grad norm (post clip)   0.000, rho_Whh  0.13, Omega  0.00, alpha  0.000, steps in the past 0.000, valid nll 0.325
  [diag] log10|dL/dh_t| hist bins=60 range=(-12.50,-11.50) mean=-12.00 p50=-12.00 p05=-12.00 p95=-12.00
  [diag] sat-dist hist bins=60 sat<0.05=0.0% mean=0.913 p10=0.909 p90=0.917
  [diag] z-gate sat-dist hist bins=60 mean=0.122 p10=0.122 p90=0.122
  [diag] r-gate sat-dist hist bins=60 mean=0.497 p10=0.497 p90=0.497
Iter 0009060: train nll 0.420, valid error 100.000%, best valid error 100.000%, avg grad norm   0.048, avg grad norm (post clip)   0.000, rho_Whh  0.13, Omega  0.00, alpha  0.000, steps in the past 0.000, valid nll 0.325
  [diag] log10|dL/dh_t| hist bins=60 range=(-12.50,-11.50) mean=-12.00 p50=-12.00 p05=-12.00 p95=-12.00
  [diag] sat-dist hist bins=60 sat<0.05=0.0% mean=0.913 p10=0.909 p90=0.917
  [diag] z-gate sat-dist hist bins=60 mean=0.122 p10=0.122 p90=0.122
  [diag] r-gate sat-dist hist bins=60 mean=0.497 p10=0.497 p90=0.497
Iter 0009080: train nll 0.374, valid error 100.000%, best valid error 100.000%, avg grad norm   0.035, avg grad norm (post clip)   0.000, rho_Whh  0.13, Omega  0.00, alpha  0.000, steps in the past 0.000, valid nll 0.325
  [diag] log10|dL/dh_t| hist bins=60 range=(-12.50,-11.50) mean=-12.00 p50=-12.00 p05=-12.00 p95=-12.00
  [diag] sat-dist hist bins=60 sat<0.05=0.0% mean=0.913 p10=0.909 p90=0.917
  [diag] z-gate sat-dist hist bins=60 mean=0.122 p10=0.122 p90=0.122
  [diag] r-gate sat-dist hist bins=60 mean=0.497 p10=0.497 p90=0.497
Iter 0009100: train nll 0.404, valid error 100.000%, best valid error 100.000%, avg grad norm   0.036, avg grad norm (post clip)   0.000, rho_Whh  0.13, Omega  0.00, alpha  0.000, steps in the past 0.000, valid nll 0.325
  [diag] log10|dL/dh_t| hist bins=60 range=(-12.50,-11.50) mean=-12.00 p50=-12.00 p05=-12.00 p95=-12.00
  [diag] sat-dist hist bins=60 sat<0.05=0.0% mean=0.913 p10=0.910 p90=0.917
  [diag] z-gate sat-dist hist bins=60 mean=0.122 p10=0.122 p90=0.122
  [diag] r-gate sat-dist hist bins=60 mean=0.497 p10=0.497 p90=0.497
Iter 0009120: train nll 0.446, valid error 100.000%, best valid error 100.000%, avg grad norm   0.051, avg grad norm (post clip)   0.000, rho_Whh  0.13, Omega  0.00, alpha  0.000, steps in the past 0.000, valid nll 0.325
  [diag] log10|dL/dh_t| hist bins=60 range=(-12.50,-11.50) mean=-12.00 p50=-12.00 p05=-12.00 p95=-12.00
  [diag] sat-dist hist bins=60 sat<0.05=0.0% mean=0.913 p10=0.910 p90=0.917
  [diag] z-gate sat-dist hist bins=60 mean=0.122 p10=0.122 p90=0.122
  [diag] r-gate sat-dist hist bins=60 mean=0.497 p10=0.497 p90=0.497
Iter 0009140: train nll 0.380, valid error 100.000%, best valid error 100.000%, avg grad norm   0.040, avg grad norm (post clip)   0.000, rho_Whh  0.13, Omega  0.00, alpha  0.000, steps in the past 0.000, valid nll 0.325
  [diag] log10|dL/dh_t| hist bins=60 range=(-12.50,-11.50) mean=-12.00 p50=-12.00 p05=-12.00 p95=-12.00
  [diag] sat-dist hist bins=60 sat<0.05=0.0% mean=0.913 p10=0.910 p90=0.917
  [diag] z-gate sat-dist hist bins=60 mean=0.122 p10=0.122 p90=0.122
  [diag] r-gate sat-dist hist bins=60 mean=0.497 p10=0.497 p90=0.497
Iter 0009160: train nll 0.387, valid error 100.000%, best valid error 100.000%, avg grad norm   0.033, avg grad norm (post clip)   0.000, rho_Whh  0.13, Omega  0.00, alpha  0.000, steps in the past 0.000, valid nll 0.325
  [diag] log10|dL/dh_t| hist bins=60 range=(-12.50,-11.50) mean=-12.00 p50=-12.00 p05=-12.00 p95=-12.00
  [diag] sat-dist hist bins=60 sat<0.05=0.0% mean=0.913 p10=0.910 p90=0.917
  [diag] z-gate sat-dist hist bins=60 mean=0.122 p10=0.122 p90=0.122
  [diag] r-gate sat-dist hist bins=60 mean=0.497 p10=0.497 p90=0.497
Iter 0009180: train nll 0.383, valid error 100.000%, best valid error 100.000%, avg grad norm   0.038, avg grad norm (post clip)   0.000, rho_Whh  0.13, Omega  0.00, alpha  0.000, steps in the past 0.000, valid nll 0.325
  [diag] log10|dL/dh_t| hist bins=60 range=(-12.50,-11.50) mean=-12.00 p50=-12.00 p05=-12.00 p95=-12.00
  [diag] sat-dist hist bins=60 sat<0.05=0.0% mean=0.913 p10=0.910 p90=0.917
  [diag] z-gate sat-dist hist bins=60 mean=0.122 p10=0.122 p90=0.122
  [diag] r-gate sat-dist hist bins=60 mean=0.497 p10=0.497 p90=0.497
Iter 0009200: train nll 0.377, valid error 100.000%, best valid error 100.000%, avg grad norm   0.034, avg grad norm (post clip)   0.000, rho_Whh  0.13, Omega  0.00, alpha  0.000, steps in the past 0.000, valid nll 0.325
  [diag] log10|dL/dh_t| hist bins=60 range=(-12.50,-11.50) mean=-12.00 p50=-12.00 p05=-12.00 p95=-12.00
  [diag] sat-dist hist bins=60 sat<0.05=0.0% mean=0.914 p10=0.910 p90=0.917
  [diag] z-gate sat-dist hist bins=60 mean=0.122 p10=0.122 p90=0.122
  [diag] r-gate sat-dist hist bins=60 mean=0.497 p10=0.497 p90=0.497
Iter 0009220: train nll 0.422, valid error 100.000%, best valid error 100.000%, avg grad norm   0.039, avg grad norm (post clip)   0.000, rho_Whh  0.14, Omega  0.00, alpha  0.000, steps in the past 0.000, valid nll 0.325
  [diag] log10|dL/dh_t| hist bins=60 range=(-12.50,-11.50) mean=-12.00 p50=-12.00 p05=-12.00 p95=-12.00
  [diag] sat-dist hist bins=60 sat<0.05=0.0% mean=0.914 p10=0.911 p90=0.918
  [diag] z-gate sat-dist hist bins=60 mean=0.122 p10=0.122 p90=0.122
  [diag] r-gate sat-dist hist bins=60 mean=0.497 p10=0.497 p90=0.497
Iter 0009240: train nll 0.410, valid error 100.000%, best valid error 100.000%, avg grad norm   0.034, avg grad norm (post clip)   0.000, rho_Whh  0.14, Omega  0.00, alpha  0.000, steps in the past 0.000, valid nll 0.325
  [diag] log10|dL/dh_t| hist bins=60 range=(-12.50,-11.50) mean=-12.00 p50=-12.00 p05=-12.00 p95=-12.00
  [diag] sat-dist hist bins=60 sat<0.05=0.0% mean=0.914 p10=0.911 p90=0.918
  [diag] z-gate sat-dist hist bins=60 mean=0.122 p10=0.122 p90=0.122
  [diag] r-gate sat-dist hist bins=60 mean=0.497 p10=0.497 p90=0.497
Iter 0009260: train nll 0.425, valid error 100.000%, best valid error 100.000%, avg grad norm   0.044, avg grad norm (post clip)   0.000, rho_Whh  0.14, Omega  0.00, alpha  0.000, steps in the past 0.000, valid nll 0.325
  [diag] log10|dL/dh_t| hist bins=60 range=(-12.50,-11.50) mean=-12.00 p50=-12.00 p05=-12.00 p95=-12.00
  [diag] sat-dist hist bins=60 sat<0.05=0.0% mean=0.915 p10=0.911 p90=0.918
  [diag] z-gate sat-dist hist bins=60 mean=0.122 p10=0.122 p90=0.122
  [diag] r-gate sat-dist hist bins=60 mean=0.497 p10=0.497 p90=0.497
Iter 0009280: train nll 0.416, valid error 100.000%, best valid error 100.000%, avg grad norm   0.043, avg grad norm (post clip)   0.000, rho_Whh  0.14, Omega  0.00, alpha  0.000, steps in the past 0.000, valid nll 0.325
  [diag] log10|dL/dh_t| hist bins=60 range=(-12.50,-11.50) mean=-12.00 p50=-12.00 p05=-12.00 p95=-12.00
  [diag] sat-dist hist bins=60 sat<0.05=0.0% mean=0.915 p10=0.912 p90=0.918
  [diag] z-gate sat-dist hist bins=60 mean=0.122 p10=0.122 p90=0.122
  [diag] r-gate sat-dist hist bins=60 mean=0.497 p10=0.497 p90=0.497
Iter 0009300: train nll 0.415, valid error 100.000%, best valid error 100.000%, avg grad norm   0.049, avg grad norm (post clip)   0.000, rho_Whh  0.14, Omega  0.00, alpha  0.000, steps in the past 0.000, valid nll 0.325
  [diag] log10|dL/dh_t| hist bins=60 range=(-12.50,-11.50) mean=-12.00 p50=-12.00 p05=-12.00 p95=-12.00
  [diag] sat-dist hist bins=60 sat<0.05=0.0% mean=0.915 p10=0.911 p90=0.918
  [diag] z-gate sat-dist hist bins=60 mean=0.122 p10=0.122 p90=0.122
  [diag] r-gate sat-dist hist bins=60 mean=0.497 p10=0.497 p90=0.497
Iter 0009320: train nll 0.368, valid error 100.000%, best valid error 100.000%, avg grad norm   0.033, avg grad norm (post clip)   0.000, rho_Whh  0.14, Omega  0.00, alpha  0.000, steps in the past 0.000, valid nll 0.325
  [diag] log10|dL/dh_t| hist bins=60 range=(-12.50,-11.50) mean=-12.00 p50=-12.00 p05=-12.00 p95=-12.00
  [diag] sat-dist hist bins=60 sat<0.05=0.0% mean=0.915 p10=0.911 p90=0.918
  [diag] z-gate sat-dist hist bins=60 mean=0.122 p10=0.122 p90=0.122
  [diag] r-gate sat-dist hist bins=60 mean=0.497 p10=0.497 p90=0.497
Iter 0009340: train nll 0.372, valid error 100.000%, best valid error 100.000%, avg grad norm   0.041, avg grad norm (post clip)   0.000, rho_Whh  0.14, Omega  0.00, alpha  0.000, steps in the past 0.000, valid nll 0.325
  [diag] log10|dL/dh_t| hist bins=60 range=(-12.50,-11.50) mean=-12.00 p50=-12.00 p05=-12.00 p95=-12.00
  [diag] sat-dist hist bins=60 sat<0.05=0.0% mean=0.914 p10=0.911 p90=0.918
  [diag] z-gate sat-dist hist bins=60 mean=0.122 p10=0.122 p90=0.122
  [diag] r-gate sat-dist hist bins=60 mean=0.497 p10=0.497 p90=0.497
Iter 0009360: train nll 0.330, valid error 100.000%, best valid error 100.000%, avg grad norm   0.038, avg grad norm (post clip)   0.000, rho_Whh  0.14, Omega  0.00, alpha  0.000, steps in the past 0.000, valid nll 0.325
  [diag] log10|dL/dh_t| hist bins=60 range=(-12.50,-11.50) mean=-12.00 p50=-12.00 p05=-12.00 p95=-12.00
  [diag] sat-dist hist bins=60 sat<0.05=0.0% mean=0.914 p10=0.910 p90=0.918
  [diag] z-gate sat-dist hist bins=60 mean=0.122 p10=0.122 p90=0.122
  [diag] r-gate sat-dist hist bins=60 mean=0.497 p10=0.497 p90=0.497
Iter 0009380: train nll 0.351, valid error 100.000%, best valid error 100.000%, avg grad norm   0.037, avg grad norm (post clip)   0.000, rho_Whh  0.14, Omega  0.00, alpha  0.000, steps in the past 0.000, valid nll 0.324
  [diag] log10|dL/dh_t| hist bins=60 range=(-12.50,-11.50) mean=-12.00 p50=-12.00 p05=-12.00 p95=-12.00
  [diag] sat-dist hist bins=60 sat<0.05=0.0% mean=0.914 p10=0.911 p90=0.918
  [diag] z-gate sat-dist hist bins=60 mean=0.122 p10=0.122 p90=0.122
  [diag] r-gate sat-dist hist bins=60 mean=0.497 p10=0.497 p90=0.497
Iter 0009400: train nll 0.385, valid error 100.000%, best valid error 100.000%, avg grad norm   0.041, avg grad norm (post clip)   0.000, rho_Whh  0.14, Omega  0.00, alpha  0.000, steps in the past 0.000, valid nll 0.324
  [diag] log10|dL/dh_t| hist bins=60 range=(-12.50,-11.50) mean=-12.00 p50=-12.00 p05=-12.00 p95=-12.00
  [diag] sat-dist hist bins=60 sat<0.05=0.0% mean=0.914 p10=0.910 p90=0.917
  [diag] z-gate sat-dist hist bins=60 mean=0.122 p10=0.122 p90=0.122
  [diag] r-gate sat-dist hist bins=60 mean=0.497 p10=0.497 p90=0.497
Iter 0009420: train nll 0.367, valid error 100.000%, best valid error 100.000%, avg grad norm   0.035, avg grad norm (post clip)   0.000, rho_Whh  0.14, Omega  0.00, alpha  0.000, steps in the past 0.000, valid nll 0.324
  [diag] log10|dL/dh_t| hist bins=60 range=(-12.50,-11.50) mean=-12.00 p50=-12.00 p05=-12.00 p95=-12.00
  [diag] sat-dist hist bins=60 sat<0.05=0.0% mean=0.914 p10=0.911 p90=0.918
  [diag] z-gate sat-dist hist bins=60 mean=0.122 p10=0.122 p90=0.122
  [diag] r-gate sat-dist hist bins=60 mean=0.497 p10=0.497 p90=0.497
Iter 0009440: train nll 0.419, valid error 100.000%, best valid error 100.000%, avg grad norm   0.054, avg grad norm (post clip)   0.000, rho_Whh  0.14, Omega  0.00, alpha  0.000, steps in the past 0.000, valid nll 0.324
  [diag] log10|dL/dh_t| hist bins=60 range=(-12.50,-11.50) mean=-12.00 p50=-12.00 p05=-12.00 p95=-12.00
  [diag] sat-dist hist bins=60 sat<0.05=0.0% mean=0.914 p10=0.911 p90=0.918
  [diag] z-gate sat-dist hist bins=60 mean=0.122 p10=0.122 p90=0.122
  [diag] r-gate sat-dist hist bins=60 mean=0.497 p10=0.497 p90=0.497
Iter 0009460: train nll 0.400, valid error 100.000%, best valid error 100.000%, avg grad norm   0.054, avg grad norm (post clip)   0.000, rho_Whh  0.14, Omega  0.00, alpha  0.000, steps in the past 0.000, valid nll 0.324
  [diag] log10|dL/dh_t| hist bins=60 range=(-12.50,-11.50) mean=-12.00 p50=-12.00 p05=-12.00 p95=-12.00
  [diag] sat-dist hist bins=60 sat<0.05=0.0% mean=0.914 p10=0.911 p90=0.918
  [diag] z-gate sat-dist hist bins=60 mean=0.122 p10=0.122 p90=0.122
  [diag] r-gate sat-dist hist bins=60 mean=0.497 p10=0.497 p90=0.497
Iter 0009480: train nll 0.384, valid error 100.000%, best valid error 100.000%, avg grad norm   0.054, avg grad norm (post clip)   0.000, rho_Whh  0.14, Omega  0.00, alpha  0.000, steps in the past 0.000, valid nll 0.324
  [diag] log10|dL/dh_t| hist bins=60 range=(-12.50,-11.50) mean=-12.00 p50=-12.00 p05=-12.00 p95=-12.00
  [diag] sat-dist hist bins=60 sat<0.05=0.0% mean=0.915 p10=0.911 p90=0.918
  [diag] z-gate sat-dist hist bins=60 mean=0.122 p10=0.122 p90=0.122
  [diag] r-gate sat-dist hist bins=60 mean=0.497 p10=0.497 p90=0.497
Iter 0009500: train nll 0.416, valid error 100.000%, best valid error 100.000%, avg grad norm   0.052, avg grad norm (post clip)   0.000, rho_Whh  0.14, Omega  0.00, alpha  0.000, steps in the past 0.000, valid nll 0.324
  [diag] log10|dL/dh_t| hist bins=60 range=(-12.50,-11.50) mean=-12.00 p50=-12.00 p05=-12.00 p95=-12.00
  [diag] sat-dist hist bins=60 sat<0.05=0.0% mean=0.915 p10=0.912 p90=0.918
  [diag] z-gate sat-dist hist bins=60 mean=0.122 p10=0.122 p90=0.122
  [diag] r-gate sat-dist hist bins=60 mean=0.497 p10=0.497 p90=0.497
Iter 0009520: train nll 0.400, valid error 100.000%, best valid error 100.000%, avg grad norm   0.052, avg grad norm (post clip)   0.000, rho_Whh  0.14, Omega  0.00, alpha  0.000, steps in the past 0.000, valid nll 0.324
  [diag] log10|dL/dh_t| hist bins=60 range=(-12.50,-11.50) mean=-12.00 p50=-12.00 p05=-12.00 p95=-12.00
  [diag] sat-dist hist bins=60 sat<0.05=0.0% mean=0.915 p10=0.912 p90=0.919
  [diag] z-gate sat-dist hist bins=60 mean=0.122 p10=0.122 p90=0.122
  [diag] r-gate sat-dist hist bins=60 mean=0.497 p10=0.497 p90=0.497
Iter 0009540: train nll 0.391, valid error 100.000%, best valid error 100.000%, avg grad norm   0.037, avg grad norm (post clip)   0.000, rho_Whh  0.14, Omega  0.00, alpha  0.000, steps in the past 0.000, valid nll 0.324
  [diag] log10|dL/dh_t| hist bins=60 range=(-12.50,-11.50) mean=-12.00 p50=-12.00 p05=-12.00 p95=-12.00
  [diag] sat-dist hist bins=60 sat<0.05=0.0% mean=0.915 p10=0.912 p90=0.919
  [diag] z-gate sat-dist hist bins=60 mean=0.122 p10=0.122 p90=0.122
  [diag] r-gate sat-dist hist bins=60 mean=0.497 p10=0.497 p90=0.497
Iter 0009560: train nll 0.422, valid error 100.000%, best valid error 100.000%, avg grad norm   0.043, avg grad norm (post clip)   0.000, rho_Whh  0.14, Omega  0.00, alpha  0.000, steps in the past 0.000, valid nll 0.324
  [diag] log10|dL/dh_t| hist bins=60 range=(-12.50,-11.50) mean=-12.00 p50=-12.00 p05=-12.00 p95=-12.00
  [diag] sat-dist hist bins=60 sat<0.05=0.0% mean=0.916 p10=0.912 p90=0.919
  [diag] z-gate sat-dist hist bins=60 mean=0.122 p10=0.122 p90=0.122
  [diag] r-gate sat-dist hist bins=60 mean=0.497 p10=0.497 p90=0.497
Iter 0009580: train nll 0.414, valid error 100.000%, best valid error 100.000%, avg grad norm   0.044, avg grad norm (post clip)   0.000, rho_Whh  0.14, Omega  0.00, alpha  0.000, steps in the past 0.000, valid nll 0.325
  [diag] log10|dL/dh_t| hist bins=60 range=(-12.50,-11.50) mean=-12.00 p50=-12.00 p05=-12.00 p95=-12.00
  [diag] sat-dist hist bins=60 sat<0.05=0.0% mean=0.916 p10=0.913 p90=0.919
  [diag] z-gate sat-dist hist bins=60 mean=0.122 p10=0.122 p90=0.122
  [diag] r-gate sat-dist hist bins=60 mean=0.497 p10=0.497 p90=0.497
Iter 0009600: train nll 0.420, valid error 100.000%, best valid error 100.000%, avg grad norm   0.049, avg grad norm (post clip)   0.000, rho_Whh  0.14, Omega  0.00, alpha  0.000, steps in the past 0.000, valid nll 0.325
  [diag] log10|dL/dh_t| hist bins=60 range=(-12.50,-11.50) mean=-12.00 p50=-12.00 p05=-12.00 p95=-12.00
  [diag] sat-dist hist bins=60 sat<0.05=0.0% mean=0.916 p10=0.913 p90=0.920
  [diag] z-gate sat-dist hist bins=60 mean=0.122 p10=0.122 p90=0.122
  [diag] r-gate sat-dist hist bins=60 mean=0.497 p10=0.497 p90=0.497
Iter 0009620: train nll 0.430, valid error 100.000%, best valid error 100.000%, avg grad norm   0.044, avg grad norm (post clip)   0.000, rho_Whh  0.14, Omega  0.00, alpha  0.000, steps in the past 0.000, valid nll 0.325
  [diag] log10|dL/dh_t| hist bins=60 range=(-12.50,-11.50) mean=-12.00 p50=-12.00 p05=-12.00 p95=-12.00
  [diag] sat-dist hist bins=60 sat<0.05=0.0% mean=0.917 p10=0.913 p90=0.920
  [diag] z-gate sat-dist hist bins=60 mean=0.122 p10=0.122 p90=0.122
  [diag] r-gate sat-dist hist bins=60 mean=0.497 p10=0.497 p90=0.497
Iter 0009640: train nll 0.408, valid error 100.000%, best valid error 100.000%, avg grad norm   0.047, avg grad norm (post clip)   0.000, rho_Whh  0.14, Omega  0.00, alpha  0.000, steps in the past 0.000, valid nll 0.325
  [diag] log10|dL/dh_t| hist bins=60 range=(-12.50,-11.50) mean=-12.00 p50=-12.00 p05=-12.00 p95=-12.00
  [diag] sat-dist hist bins=60 sat<0.05=0.0% mean=0.916 p10=0.913 p90=0.920
  [diag] z-gate sat-dist hist bins=60 mean=0.122 p10=0.122 p90=0.122
  [diag] r-gate sat-dist hist bins=60 mean=0.497 p10=0.497 p90=0.497
Iter 0009660: train nll 0.377, valid error 100.000%, best valid error 100.000%, avg grad norm   0.042, avg grad norm (post clip)   0.000, rho_Whh  0.14, Omega  0.00, alpha  0.000, steps in the past 0.000, valid nll 0.325
  [diag] log10|dL/dh_t| hist bins=60 range=(-12.50,-11.50) mean=-12.00 p50=-12.00 p05=-12.00 p95=-12.00
  [diag] sat-dist hist bins=60 sat<0.05=0.0% mean=0.916 p10=0.913 p90=0.920
  [diag] z-gate sat-dist hist bins=60 mean=0.122 p10=0.122 p90=0.122
  [diag] r-gate sat-dist hist bins=60 mean=0.497 p10=0.497 p90=0.497
Iter 0009680: train nll 0.378, valid error 100.000%, best valid error 100.000%, avg grad norm   0.044, avg grad norm (post clip)   0.000, rho_Whh  0.14, Omega  0.00, alpha  0.000, steps in the past 0.000, valid nll 0.325
  [diag] log10|dL/dh_t| hist bins=60 range=(-12.50,-11.50) mean=-12.00 p50=-12.00 p05=-12.00 p95=-12.00
  [diag] sat-dist hist bins=60 sat<0.05=0.0% mean=0.917 p10=0.914 p90=0.920
  [diag] z-gate sat-dist hist bins=60 mean=0.122 p10=0.122 p90=0.122
  [diag] r-gate sat-dist hist bins=60 mean=0.497 p10=0.497 p90=0.497
Iter 0009700: train nll 0.456, valid error 100.000%, best valid error 100.000%, avg grad norm   0.054, avg grad norm (post clip)   0.000, rho_Whh  0.15, Omega  0.00, alpha  0.000, steps in the past 0.000, valid nll 0.325
  [diag] log10|dL/dh_t| hist bins=60 range=(-12.50,-11.50) mean=-12.00 p50=-12.00 p05=-12.00 p95=-12.00
  [diag] sat-dist hist bins=60 sat<0.05=0.0% mean=0.917 p10=0.914 p90=0.920
  [diag] z-gate sat-dist hist bins=60 mean=0.122 p10=0.122 p90=0.122
  [diag] r-gate sat-dist hist bins=60 mean=0.497 p10=0.497 p90=0.497
Iter 0009720: train nll 0.377, valid error 100.000%, best valid error 100.000%, avg grad norm   0.045, avg grad norm (post clip)   0.000, rho_Whh  0.15, Omega  0.00, alpha  0.000, steps in the past 0.000, valid nll 0.325
  [diag] log10|dL/dh_t| hist bins=60 range=(-12.50,-11.50) mean=-12.00 p50=-12.00 p05=-12.00 p95=-12.00
  [diag] sat-dist hist bins=60 sat<0.05=0.0% mean=0.917 p10=0.914 p90=0.920
  [diag] z-gate sat-dist hist bins=60 mean=0.122 p10=0.122 p90=0.122
  [diag] r-gate sat-dist hist bins=60 mean=0.497 p10=0.497 p90=0.497
Iter 0009740: train nll 0.384, valid error 100.000%, best valid error 100.000%, avg grad norm   0.040, avg grad norm (post clip)   0.000, rho_Whh  0.15, Omega  0.00, alpha  0.000, steps in the past 0.000, valid nll 0.325
  [diag] log10|dL/dh_t| hist bins=60 range=(-12.50,-11.50) mean=-12.00 p50=-12.00 p05=-12.00 p95=-12.00
  [diag] sat-dist hist bins=60 sat<0.05=0.0% mean=0.917 p10=0.914 p90=0.920
  [diag] z-gate sat-dist hist bins=60 mean=0.122 p10=0.122 p90=0.122
  [diag] r-gate sat-dist hist bins=60 mean=0.497 p10=0.497 p90=0.497
Iter 0009760: train nll 0.365, valid error 100.000%, best valid error 100.000%, avg grad norm   0.042, avg grad norm (post clip)   0.000, rho_Whh  0.15, Omega  0.00, alpha  0.000, steps in the past 0.000, valid nll 0.324
  [diag] log10|dL/dh_t| hist bins=60 range=(-12.50,-11.50) mean=-12.00 p50=-12.00 p05=-12.00 p95=-12.00
  [diag] sat-dist hist bins=60 sat<0.05=0.0% mean=0.917 p10=0.914 p90=0.920
  [diag] z-gate sat-dist hist bins=60 mean=0.122 p10=0.122 p90=0.122
  [diag] r-gate sat-dist hist bins=60 mean=0.497 p10=0.497 p90=0.497
Iter 0009780: train nll 0.390, valid error 100.000%, best valid error 100.000%, avg grad norm   0.038, avg grad norm (post clip)   0.000, rho_Whh  0.15, Omega  0.00, alpha  0.000, steps in the past 0.000, valid nll 0.324
  [diag] log10|dL/dh_t| hist bins=60 range=(-12.50,-11.50) mean=-12.00 p50=-12.00 p05=-12.00 p95=-12.00
  [diag] sat-dist hist bins=60 sat<0.05=0.0% mean=0.917 p10=0.914 p90=0.921
  [diag] z-gate sat-dist hist bins=60 mean=0.122 p10=0.122 p90=0.122
  [diag] r-gate sat-dist hist bins=60 mean=0.497 p10=0.497 p90=0.497
Iter 0009800: train nll 0.450, valid error 100.000%, best valid error 100.000%, avg grad norm   0.051, avg grad norm (post clip)   0.000, rho_Whh  0.15, Omega  0.00, alpha  0.000, steps in the past 0.000, valid nll 0.325
  [diag] log10|dL/dh_t| hist bins=60 range=(-12.50,-11.50) mean=-12.00 p50=-12.00 p05=-12.00 p95=-12.00
  [diag] sat-dist hist bins=60 sat<0.05=0.0% mean=0.917 p10=0.914 p90=0.921
  [diag] z-gate sat-dist hist bins=60 mean=0.122 p10=0.122 p90=0.122
  [diag] r-gate sat-dist hist bins=60 mean=0.497 p10=0.497 p90=0.497
Iter 0009820: train nll 0.367, valid error 100.000%, best valid error 100.000%, avg grad norm   0.047, avg grad norm (post clip)   0.000, rho_Whh  0.15, Omega  0.00, alpha  0.000, steps in the past 0.000, valid nll 0.324
  [diag] log10|dL/dh_t| hist bins=60 range=(-12.50,-11.50) mean=-12.00 p50=-12.00 p05=-12.00 p95=-12.00
  [diag] sat-dist hist bins=60 sat<0.05=0.0% mean=0.917 p10=0.914 p90=0.920
  [diag] z-gate sat-dist hist bins=60 mean=0.122 p10=0.122 p90=0.122
  [diag] r-gate sat-dist hist bins=60 mean=0.497 p10=0.497 p90=0.497
Iter 0009840: train nll 0.365, valid error 100.000%, best valid error 100.000%, avg grad norm   0.041, avg grad norm (post clip)   0.000, rho_Whh  0.15, Omega  0.00, alpha  0.000, steps in the past 0.000, valid nll 0.324
  [diag] log10|dL/dh_t| hist bins=60 range=(-12.50,-11.50) mean=-12.00 p50=-12.00 p05=-12.00 p95=-12.00
  [diag] sat-dist hist bins=60 sat<0.05=0.0% mean=0.917 p10=0.914 p90=0.921
  [diag] z-gate sat-dist hist bins=60 mean=0.122 p10=0.122 p90=0.122
  [diag] r-gate sat-dist hist bins=60 mean=0.497 p10=0.497 p90=0.497
Iter 0009860: train nll 0.421, valid error 100.000%, best valid error 100.000%, avg grad norm   0.045, avg grad norm (post clip)   0.000, rho_Whh  0.15, Omega  0.00, alpha  0.000, steps in the past 0.000, valid nll 0.324
  [diag] log10|dL/dh_t| hist bins=60 range=(-12.50,-11.50) mean=-12.00 p50=-12.00 p05=-12.00 p95=-12.00
  [diag] sat-dist hist bins=60 sat<0.05=0.0% mean=0.918 p10=0.915 p90=0.921
  [diag] z-gate sat-dist hist bins=60 mean=0.122 p10=0.122 p90=0.122
  [diag] r-gate sat-dist hist bins=60 mean=0.497 p10=0.497 p90=0.497
Iter 0009880: train nll 0.409, valid error 100.000%, best valid error 100.000%, avg grad norm   0.045, avg grad norm (post clip)   0.000, rho_Whh  0.15, Omega  0.00, alpha  0.000, steps in the past 0.000, valid nll 0.324
  [diag] log10|dL/dh_t| hist bins=60 range=(-12.50,-11.50) mean=-12.00 p50=-12.00 p05=-12.00 p95=-12.00
  [diag] sat-dist hist bins=60 sat<0.05=0.0% mean=0.918 p10=0.915 p90=0.921
  [diag] z-gate sat-dist hist bins=60 mean=0.122 p10=0.122 p90=0.122
  [diag] r-gate sat-dist hist bins=60 mean=0.497 p10=0.497 p90=0.497
Iter 0009900: train nll 0.400, valid error 100.000%, best valid error 100.000%, avg grad norm   0.039, avg grad norm (post clip)   0.000, rho_Whh  0.15, Omega  0.00, alpha  0.000, steps in the past 0.000, valid nll 0.324
  [diag] log10|dL/dh_t| hist bins=60 range=(-12.50,-11.50) mean=-12.00 p50=-12.00 p05=-12.00 p95=-12.00
  [diag] sat-dist hist bins=60 sat<0.05=0.0% mean=0.918 p10=0.914 p90=0.921
  [diag] z-gate sat-dist hist bins=60 mean=0.122 p10=0.122 p90=0.122
  [diag] r-gate sat-dist hist bins=60 mean=0.497 p10=0.497 p90=0.497
Iter 0009920: train nll 0.358, valid error 100.000%, best valid error 100.000%, avg grad norm   0.031, avg grad norm (post clip)   0.000, rho_Whh  0.15, Omega  0.00, alpha  0.000, steps in the past 0.000, valid nll 0.324
  [diag] log10|dL/dh_t| hist bins=60 range=(-12.50,-11.50) mean=-12.00 p50=-12.00 p05=-12.00 p95=-12.00
  [diag] sat-dist hist bins=60 sat<0.05=0.0% mean=0.918 p10=0.915 p90=0.921
  [diag] z-gate sat-dist hist bins=60 mean=0.122 p10=0.122 p90=0.122
  [diag] r-gate sat-dist hist bins=60 mean=0.497 p10=0.497 p90=0.497
Iter 0009940: train nll 0.391, valid error 100.000%, best valid error 100.000%, avg grad norm   0.041, avg grad norm (post clip)   0.000, rho_Whh  0.15, Omega  0.00, alpha  0.000, steps in the past 0.000, valid nll 0.324
  [diag] log10|dL/dh_t| hist bins=60 range=(-12.50,-11.50) mean=-12.00 p50=-12.00 p05=-12.00 p95=-12.00
  [diag] sat-dist hist bins=60 sat<0.05=0.0% mean=0.918 p10=0.915 p90=0.921
  [diag] z-gate sat-dist hist bins=60 mean=0.122 p10=0.122 p90=0.122
  [diag] r-gate sat-dist hist bins=60 mean=0.497 p10=0.497 p90=0.497
Iter 0009960: train nll 0.392, valid error 100.000%, best valid error 100.000%, avg grad norm   0.040, avg grad norm (post clip)   0.000, rho_Whh  0.15, Omega  0.00, alpha  0.000, steps in the past 0.000, valid nll 0.324
  [diag] log10|dL/dh_t| hist bins=60 range=(-12.50,-11.50) mean=-12.00 p50=-12.00 p05=-12.00 p95=-12.00
  [diag] sat-dist hist bins=60 sat<0.05=0.0% mean=0.918 p10=0.915 p90=0.921
  [diag] z-gate sat-dist hist bins=60 mean=0.122 p10=0.122 p90=0.122
  [diag] r-gate sat-dist hist bins=60 mean=0.497 p10=0.497 p90=0.497
Iter 0009980: train nll 0.412, valid error 100.000%, best valid error 100.000%, avg grad norm   0.045, avg grad norm (post clip)   0.000, rho_Whh  0.15, Omega  0.00, alpha  0.000, steps in the past 0.000, valid nll 0.324
  [diag] log10|dL/dh_t| hist bins=60 range=(-12.50,-11.50) mean=-12.00 p50=-12.00 p05=-12.00 p95=-12.00
  [diag] sat-dist hist bins=60 sat<0.05=0.0% mean=0.918 p10=0.915 p90=0.922
  [diag] z-gate sat-dist hist bins=60 mean=0.122 p10=0.122 p90=0.122
  [diag] r-gate sat-dist hist bins=60 mean=0.497 p10=0.497 p90=0.497
Iter 0010000: train nll 0.405, valid error 100.000%, best valid error 100.000%, avg grad norm   0.041, avg grad norm (post clip)   0.000, rho_Whh  0.15, Omega  0.00, alpha  0.000, steps in the past 0.000, valid nll 0.324
  [diag] log10|dL/dh_t| hist bins=60 range=(-12.50,-11.50) mean=-12.00 p50=-12.00 p05=-12.00 p95=-12.00
  [diag] sat-dist hist bins=60 sat<0.05=0.0% mean=0.918 p10=0.915 p90=0.922
  [diag] z-gate sat-dist hist bins=60 mean=0.122 p10=0.122 p90=0.122
  [diag] r-gate sat-dist hist bins=60 mean=0.497 p10=0.497 p90=0.497
Iter 0010020: train nll 0.418, valid error 100.000%, best valid error 100.000%, avg grad norm   0.038, avg grad norm (post clip)   0.000, rho_Whh  0.15, Omega  0.00, alpha  0.000, steps in the past 0.000, valid nll 0.324
  [diag] log10|dL/dh_t| hist bins=60 range=(-12.50,-11.50) mean=-12.00 p50=-12.00 p05=-12.00 p95=-12.00
  [diag] sat-dist hist bins=60 sat<0.05=0.0% mean=0.919 p10=0.916 p90=0.922
  [diag] z-gate sat-dist hist bins=60 mean=0.122 p10=0.122 p90=0.122
  [diag] r-gate sat-dist hist bins=60 mean=0.497 p10=0.497 p90=0.497
Iter 0010040: train nll 0.402, valid error 100.000%, best valid error 100.000%, avg grad norm   0.046, avg grad norm (post clip)   0.000, rho_Whh  0.15, Omega  0.00, alpha  0.000, steps in the past 0.000, valid nll 0.324
  [diag] log10|dL/dh_t| hist bins=60 range=(-12.50,-11.50) mean=-12.00 p50=-12.00 p05=-12.00 p95=-12.00
  [diag] sat-dist hist bins=60 sat<0.05=0.0% mean=0.919 p10=0.915 p90=0.922
  [diag] z-gate sat-dist hist bins=60 mean=0.122 p10=0.122 p90=0.122
  [diag] r-gate sat-dist hist bins=60 mean=0.497 p10=0.497 p90=0.497
Iter 0010060: train nll 0.375, valid error 100.000%, best valid error 100.000%, avg grad norm   0.043, avg grad norm (post clip)   0.000, rho_Whh  0.15, Omega  0.00, alpha  0.000, steps in the past 0.000, valid nll 0.324
  [diag] log10|dL/dh_t| hist bins=60 range=(-12.50,-11.50) mean=-12.00 p50=-12.00 p05=-12.00 p95=-12.00
  [diag] sat-dist hist bins=60 sat<0.05=0.0% mean=0.919 p10=0.916 p90=0.922
  [diag] z-gate sat-dist hist bins=60 mean=0.122 p10=0.122 p90=0.122
  [diag] r-gate sat-dist hist bins=60 mean=0.497 p10=0.497 p90=0.498
Iter 0010080: train nll 0.427, valid error 100.000%, best valid error 100.000%, avg grad norm   0.050, avg grad norm (post clip)   0.000, rho_Whh  0.15, Omega  0.00, alpha  0.000, steps in the past 0.000, valid nll 0.324
  [diag] log10|dL/dh_t| hist bins=60 range=(-12.50,-11.50) mean=-12.00 p50=-12.00 p05=-12.00 p95=-12.00
  [diag] sat-dist hist bins=60 sat<0.05=0.0% mean=0.919 p10=0.916 p90=0.923
  [diag] z-gate sat-dist hist bins=60 mean=0.122 p10=0.122 p90=0.122
  [diag] r-gate sat-dist hist bins=60 mean=0.497 p10=0.497 p90=0.498
Iter 0010100: train nll 0.419, valid error 100.000%, best valid error 100.000%, avg grad norm   0.042, avg grad norm (post clip)   0.000, rho_Whh  0.15, Omega  0.00, alpha  0.000, steps in the past 0.000, valid nll 0.324
  [diag] log10|dL/dh_t| hist bins=60 range=(-12.50,-11.50) mean=-12.00 p50=-12.00 p05=-12.00 p95=-12.00
  [diag] sat-dist hist bins=60 sat<0.05=0.0% mean=0.919 p10=0.916 p90=0.922
  [diag] z-gate sat-dist hist bins=60 mean=0.122 p10=0.122 p90=0.122
  [diag] r-gate sat-dist hist bins=60 mean=0.497 p10=0.497 p90=0.498
Iter 0010120: train nll 0.364, valid error 100.000%, best valid error 100.000%, avg grad norm   0.046, avg grad norm (post clip)   0.000, rho_Whh  0.15, Omega  0.00, alpha  0.000, steps in the past 0.000, valid nll 0.324
  [diag] log10|dL/dh_t| hist bins=60 range=(-12.50,-11.50) mean=-12.00 p50=-12.00 p05=-12.00 p95=-12.00
  [diag] sat-dist hist bins=60 sat<0.05=0.0% mean=0.919 p10=0.916 p90=0.923
  [diag] z-gate sat-dist hist bins=60 mean=0.122 p10=0.122 p90=0.122
  [diag] r-gate sat-dist hist bins=60 mean=0.497 p10=0.497 p90=0.498
Iter 0010140: train nll 0.394, valid error 100.000%, best valid error 100.000%, avg grad norm   0.047, avg grad norm (post clip)   0.000, rho_Whh  0.15, Omega  0.00, alpha  0.000, steps in the past 0.000, valid nll 0.324
  [diag] log10|dL/dh_t| hist bins=60 range=(-12.50,-11.50) mean=-12.00 p50=-12.00 p05=-12.00 p95=-12.00
  [diag] sat-dist hist bins=60 sat<0.05=0.0% mean=0.919 p10=0.916 p90=0.923
  [diag] z-gate sat-dist hist bins=60 mean=0.122 p10=0.122 p90=0.122
  [diag] r-gate sat-dist hist bins=60 mean=0.497 p10=0.497 p90=0.498
Iter 0010160: train nll 0.383, valid error 100.000%, best valid error 100.000%, avg grad norm   0.045, avg grad norm (post clip)   0.000, rho_Whh  0.15, Omega  0.00, alpha  0.000, steps in the past 0.000, valid nll 0.324
  [diag] log10|dL/dh_t| hist bins=60 range=(-12.50,-11.50) mean=-12.00 p50=-12.00 p05=-12.00 p95=-12.00
  [diag] sat-dist hist bins=60 sat<0.05=0.0% mean=0.919 p10=0.916 p90=0.923
  [diag] z-gate sat-dist hist bins=60 mean=0.122 p10=0.122 p90=0.122
  [diag] r-gate sat-dist hist bins=60 mean=0.497 p10=0.497 p90=0.498
Iter 0010180: train nll 0.426, valid error 100.000%, best valid error 100.000%, avg grad norm   0.056, avg grad norm (post clip)   0.000, rho_Whh  0.15, Omega  0.00, alpha  0.000, steps in the past 0.000, valid nll 0.324
  [diag] log10|dL/dh_t| hist bins=60 range=(-12.50,-11.50) mean=-12.00 p50=-12.00 p05=-12.00 p95=-12.00
  [diag] sat-dist hist bins=60 sat<0.05=0.0% mean=0.919 p10=0.916 p90=0.923
  [diag] z-gate sat-dist hist bins=60 mean=0.122 p10=0.122 p90=0.122
  [diag] r-gate sat-dist hist bins=60 mean=0.497 p10=0.497 p90=0.498
Iter 0010200: train nll 0.369, valid error 100.000%, best valid error 100.000%, avg grad norm   0.040, avg grad norm (post clip)   0.000, rho_Whh  0.15, Omega  0.00, alpha  0.000, steps in the past 0.000, valid nll 0.324
  [diag] log10|dL/dh_t| hist bins=60 range=(-12.50,-11.50) mean=-12.00 p50=-12.00 p05=-12.00 p95=-12.00
  [diag] sat-dist hist bins=60 sat<0.05=0.0% mean=0.919 p10=0.916 p90=0.923
  [diag] z-gate sat-dist hist bins=60 mean=0.122 p10=0.122 p90=0.122
  [diag] r-gate sat-dist hist bins=60 mean=0.497 p10=0.497 p90=0.498
Iter 0010220: train nll 0.395, valid error 100.000%, best valid error 100.000%, avg grad norm   0.037, avg grad norm (post clip)   0.000, rho_Whh  0.15, Omega  0.00, alpha  0.000, steps in the past 0.000, valid nll 0.324
  [diag] log10|dL/dh_t| hist bins=60 range=(-12.50,-11.50) mean=-12.00 p50=-12.00 p05=-12.00 p95=-12.00
  [diag] sat-dist hist bins=60 sat<0.05=0.0% mean=0.920 p10=0.917 p90=0.923
  [diag] z-gate sat-dist hist bins=60 mean=0.122 p10=0.122 p90=0.122
  [diag] r-gate sat-dist hist bins=60 mean=0.497 p10=0.497 p90=0.498
Iter 0010240: train nll 0.401, valid error 100.000%, best valid error 100.000%, avg grad norm   0.050, avg grad norm (post clip)   0.000, rho_Whh  0.15, Omega  0.00, alpha  0.000, steps in the past 0.000, valid nll 0.324
  [diag] log10|dL/dh_t| hist bins=60 range=(-12.50,-11.50) mean=-12.00 p50=-12.00 p05=-12.00 p95=-12.00
  [diag] sat-dist hist bins=60 sat<0.05=0.0% mean=0.919 p10=0.916 p90=0.923
  [diag] z-gate sat-dist hist bins=60 mean=0.122 p10=0.122 p90=0.122
  [diag] r-gate sat-dist hist bins=60 mean=0.497 p10=0.497 p90=0.498
Iter 0010260: train nll 0.374, valid error 100.000%, best valid error 100.000%, avg grad norm   0.046, avg grad norm (post clip)   0.000, rho_Whh  0.15, Omega  0.00, alpha  0.000, steps in the past 0.000, valid nll 0.324
  [diag] log10|dL/dh_t| hist bins=60 range=(-12.50,-11.50) mean=-12.00 p50=-12.00 p05=-12.00 p95=-12.00
  [diag] sat-dist hist bins=60 sat<0.05=0.0% mean=0.920 p10=0.917 p90=0.923
  [diag] z-gate sat-dist hist bins=60 mean=0.122 p10=0.122 p90=0.122
  [diag] r-gate sat-dist hist bins=60 mean=0.497 p10=0.497 p90=0.498
Iter 0010280: train nll 0.419, valid error 100.000%, best valid error 100.000%, avg grad norm   0.047, avg grad norm (post clip)   0.000, rho_Whh  0.15, Omega  0.00, alpha  0.000, steps in the past 0.000, valid nll 0.324
  [diag] log10|dL/dh_t| hist bins=60 range=(-12.50,-11.50) mean=-12.00 p50=-12.00 p05=-12.00 p95=-12.00
  [diag] sat-dist hist bins=60 sat<0.05=0.0% mean=0.919 p10=0.917 p90=0.923
  [diag] z-gate sat-dist hist bins=60 mean=0.122 p10=0.122 p90=0.122
  [diag] r-gate sat-dist hist bins=60 mean=0.497 p10=0.497 p90=0.498
Iter 0010300: train nll 0.353, valid error 100.000%, best valid error 100.000%, avg grad norm   0.034, avg grad norm (post clip)   0.000, rho_Whh  0.15, Omega  0.00, alpha  0.000, steps in the past 0.000, valid nll 0.324
  [diag] log10|dL/dh_t| hist bins=60 range=(-12.50,-11.50) mean=-12.00 p50=-12.00 p05=-12.00 p95=-12.00
  [diag] sat-dist hist bins=60 sat<0.05=0.0% mean=0.920 p10=0.917 p90=0.923
  [diag] z-gate sat-dist hist bins=60 mean=0.122 p10=0.122 p90=0.122
  [diag] r-gate sat-dist hist bins=60 mean=0.497 p10=0.497 p90=0.498
Iter 0010320: train nll 0.425, valid error 100.000%, best valid error 100.000%, avg grad norm   0.050, avg grad norm (post clip)   0.000, rho_Whh  0.15, Omega  0.00, alpha  0.000, steps in the past 0.000, valid nll 0.324
  [diag] log10|dL/dh_t| hist bins=60 range=(-12.50,-11.50) mean=-12.00 p50=-12.00 p05=-12.00 p95=-12.00
  [diag] sat-dist hist bins=60 sat<0.05=0.0% mean=0.920 p10=0.917 p90=0.924
  [diag] z-gate sat-dist hist bins=60 mean=0.122 p10=0.122 p90=0.122
  [diag] r-gate sat-dist hist bins=60 mean=0.497 p10=0.497 p90=0.498
Iter 0010340: train nll 0.413, valid error 100.000%, best valid error 100.000%, avg grad norm   0.042, avg grad norm (post clip)   0.000, rho_Whh  0.15, Omega  0.00, alpha  0.000, steps in the past 0.000, valid nll 0.324
  [diag] log10|dL/dh_t| hist bins=60 range=(-12.50,-11.50) mean=-12.00 p50=-12.00 p05=-12.00 p95=-12.00
  [diag] sat-dist hist bins=60 sat<0.05=0.0% mean=0.920 p10=0.917 p90=0.924
  [diag] z-gate sat-dist hist bins=60 mean=0.122 p10=0.122 p90=0.122
  [diag] r-gate sat-dist hist bins=60 mean=0.497 p10=0.497 p90=0.498
Iter 0010360: train nll 0.386, valid error 100.000%, best valid error 100.000%, avg grad norm   0.049, avg grad norm (post clip)   0.000, rho_Whh  0.16, Omega  0.00, alpha  0.000, steps in the past 0.000, valid nll 0.324
  [diag] log10|dL/dh_t| hist bins=60 range=(-12.50,-11.50) mean=-12.00 p50=-12.00 p05=-12.00 p95=-12.00
  [diag] sat-dist hist bins=60 sat<0.05=0.0% mean=0.920 p10=0.917 p90=0.924
  [diag] z-gate sat-dist hist bins=60 mean=0.122 p10=0.122 p90=0.122
  [diag] r-gate sat-dist hist bins=60 mean=0.497 p10=0.497 p90=0.498
Iter 0010380: train nll 0.380, valid error 100.000%, best valid error 100.000%, avg grad norm   0.046, avg grad norm (post clip)   0.000, rho_Whh  0.16, Omega  0.00, alpha  0.000, steps in the past 0.000, valid nll 0.324
  [diag] log10|dL/dh_t| hist bins=60 range=(-12.50,-11.50) mean=-12.00 p50=-12.00 p05=-12.00 p95=-12.00
  [diag] sat-dist hist bins=60 sat<0.05=0.0% mean=0.920 p10=0.917 p90=0.924
  [diag] z-gate sat-dist hist bins=60 mean=0.122 p10=0.122 p90=0.122
  [diag] r-gate sat-dist hist bins=60 mean=0.497 p10=0.497 p90=0.498
Iter 0010400: train nll 0.386, valid error 100.000%, best valid error 100.000%, avg grad norm   0.047, avg grad norm (post clip)   0.000, rho_Whh  0.16, Omega  0.00, alpha  0.000, steps in the past 0.000, valid nll 0.324
  [diag] log10|dL/dh_t| hist bins=60 range=(-12.50,-11.50) mean=-12.00 p50=-12.00 p05=-12.00 p95=-12.00
  [diag] sat-dist hist bins=60 sat<0.05=0.0% mean=0.920 p10=0.917 p90=0.924
  [diag] z-gate sat-dist hist bins=60 mean=0.122 p10=0.122 p90=0.122
  [diag] r-gate sat-dist hist bins=60 mean=0.497 p10=0.497 p90=0.498
Iter 0010420: train nll 0.396, valid error 100.000%, best valid error 100.000%, avg grad norm   0.046, avg grad norm (post clip)   0.000, rho_Whh  0.16, Omega  0.00, alpha  0.000, steps in the past 0.000, valid nll 0.324
  [diag] log10|dL/dh_t| hist bins=60 range=(-12.50,-11.50) mean=-12.00 p50=-12.00 p05=-12.00 p95=-12.00
  [diag] sat-dist hist bins=60 sat<0.05=0.0% mean=0.920 p10=0.917 p90=0.924
  [diag] z-gate sat-dist hist bins=60 mean=0.122 p10=0.122 p90=0.122
  [diag] r-gate sat-dist hist bins=60 mean=0.497 p10=0.497 p90=0.498
Iter 0010440: train nll 0.384, valid error 100.000%, best valid error 100.000%, avg grad norm   0.044, avg grad norm (post clip)   0.000, rho_Whh  0.16, Omega  0.00, alpha  0.000, steps in the past 0.000, valid nll 0.324
  [diag] log10|dL/dh_t| hist bins=60 range=(-12.50,-11.50) mean=-12.00 p50=-12.00 p05=-12.00 p95=-12.00
  [diag] sat-dist hist bins=60 sat<0.05=0.0% mean=0.921 p10=0.918 p90=0.924
  [diag] z-gate sat-dist hist bins=60 mean=0.122 p10=0.122 p90=0.122
  [diag] r-gate sat-dist hist bins=60 mean=0.497 p10=0.497 p90=0.498
Iter 0010460: train nll 0.432, valid error 100.000%, best valid error 100.000%, avg grad norm   0.052, avg grad norm (post clip)   0.000, rho_Whh  0.16, Omega  0.00, alpha  0.000, steps in the past 0.000, valid nll 0.324
  [diag] log10|dL/dh_t| hist bins=60 range=(-12.50,-11.50) mean=-12.00 p50=-12.00 p05=-12.00 p95=-12.00
  [diag] sat-dist hist bins=60 sat<0.05=0.0% mean=0.921 p10=0.918 p90=0.924
  [diag] z-gate sat-dist hist bins=60 mean=0.122 p10=0.122 p90=0.122
  [diag] r-gate sat-dist hist bins=60 mean=0.497 p10=0.497 p90=0.498
Iter 0010480: train nll 0.381, valid error 100.000%, best valid error 100.000%, avg grad norm   0.040, avg grad norm (post clip)   0.000, rho_Whh  0.16, Omega  0.00, alpha  0.000, steps in the past 0.000, valid nll 0.324
  [diag] log10|dL/dh_t| hist bins=60 range=(-12.50,-11.50) mean=-12.00 p50=-12.00 p05=-12.00 p95=-12.00
  [diag] sat-dist hist bins=60 sat<0.05=0.0% mean=0.921 p10=0.918 p90=0.924
  [diag] z-gate sat-dist hist bins=60 mean=0.122 p10=0.122 p90=0.122
  [diag] r-gate sat-dist hist bins=60 mean=0.497 p10=0.497 p90=0.498
Iter 0010500: train nll 0.398, valid error 100.000%, best valid error 100.000%, avg grad norm   0.042, avg grad norm (post clip)   0.000, rho_Whh  0.16, Omega  0.00, alpha  0.000, steps in the past 0.000, valid nll 0.324
  [diag] log10|dL/dh_t| hist bins=60 range=(-12.50,-11.50) mean=-12.00 p50=-12.00 p05=-12.00 p95=-12.00
  [diag] sat-dist hist bins=60 sat<0.05=0.0% mean=0.921 p10=0.918 p90=0.925
  [diag] z-gate sat-dist hist bins=60 mean=0.122 p10=0.122 p90=0.122
  [diag] r-gate sat-dist hist bins=60 mean=0.498 p10=0.497 p90=0.498
Iter 0010520: train nll 0.411, valid error 100.000%, best valid error 100.000%, avg grad norm   0.050, avg grad norm (post clip)   0.000, rho_Whh  0.16, Omega  0.00, alpha  0.000, steps in the past 0.000, valid nll 0.324
  [diag] log10|dL/dh_t| hist bins=60 range=(-12.50,-11.50) mean=-12.00 p50=-12.00 p05=-12.00 p95=-12.00
  [diag] sat-dist hist bins=60 sat<0.05=0.0% mean=0.921 p10=0.918 p90=0.924
  [diag] z-gate sat-dist hist bins=60 mean=0.122 p10=0.122 p90=0.122
  [diag] r-gate sat-dist hist bins=60 mean=0.497 p10=0.497 p90=0.498
Iter 0010540: train nll 0.344, valid error 100.000%, best valid error 100.000%, avg grad norm   0.043, avg grad norm (post clip)   0.000, rho_Whh  0.16, Omega  0.00, alpha  0.000, steps in the past 0.000, valid nll 0.324
  [diag] log10|dL/dh_t| hist bins=60 range=(-12.50,-11.50) mean=-12.00 p50=-12.00 p05=-12.00 p95=-12.00
  [diag] sat-dist hist bins=60 sat<0.05=0.0% mean=0.921 p10=0.918 p90=0.924
  [diag] z-gate sat-dist hist bins=60 mean=0.122 p10=0.122 p90=0.122
  [diag] r-gate sat-dist hist bins=60 mean=0.497 p10=0.497 p90=0.498
Iter 0010560: train nll 0.367, valid error 100.000%, best valid error 100.000%, avg grad norm   0.044, avg grad norm (post clip)   0.000, rho_Whh  0.16, Omega  0.00, alpha  0.000, steps in the past 0.000, valid nll 0.324
  [diag] log10|dL/dh_t| hist bins=60 range=(-12.50,-11.50) mean=-12.00 p50=-12.00 p05=-12.00 p95=-12.00
  [diag] sat-dist hist bins=60 sat<0.05=0.0% mean=0.921 p10=0.918 p90=0.924
  [diag] z-gate sat-dist hist bins=60 mean=0.122 p10=0.122 p90=0.122
  [diag] r-gate sat-dist hist bins=60 mean=0.498 p10=0.497 p90=0.498
Iter 0010580: train nll 0.427, valid error 100.000%, best valid error 100.000%, avg grad norm   0.045, avg grad norm (post clip)   0.000, rho_Whh  0.16, Omega  0.00, alpha  0.000, steps in the past 0.000, valid nll 0.324
  [diag] log10|dL/dh_t| hist bins=60 range=(-12.50,-11.50) mean=-12.00 p50=-12.00 p05=-12.00 p95=-12.00
  [diag] sat-dist hist bins=60 sat<0.05=0.0% mean=0.921 p10=0.918 p90=0.925
  [diag] z-gate sat-dist hist bins=60 mean=0.122 p10=0.122 p90=0.122
  [diag] r-gate sat-dist hist bins=60 mean=0.498 p10=0.497 p90=0.498
Iter 0010600: train nll 0.407, valid error 100.000%, best valid error 100.000%, avg grad norm   0.045, avg grad norm (post clip)   0.000, rho_Whh  0.16, Omega  0.00, alpha  0.000, steps in the past 0.000, valid nll 0.324
  [diag] log10|dL/dh_t| hist bins=60 range=(-12.50,-11.50) mean=-12.00 p50=-12.00 p05=-12.00 p95=-12.00
  [diag] sat-dist hist bins=60 sat<0.05=0.0% mean=0.921 p10=0.919 p90=0.925
  [diag] z-gate sat-dist hist bins=60 mean=0.122 p10=0.122 p90=0.122
  [diag] r-gate sat-dist hist bins=60 mean=0.498 p10=0.497 p90=0.498
Iter 0010620: train nll 0.408, valid error 100.000%, best valid error 100.000%, avg grad norm   0.048, avg grad norm (post clip)   0.000, rho_Whh  0.16, Omega  0.00, alpha  0.000, steps in the past 0.000, valid nll 0.324
  [diag] log10|dL/dh_t| hist bins=60 range=(-12.50,-11.50) mean=-12.00 p50=-12.00 p05=-12.00 p95=-12.00
  [diag] sat-dist hist bins=60 sat<0.05=0.0% mean=0.922 p10=0.919 p90=0.925
  [diag] z-gate sat-dist hist bins=60 mean=0.122 p10=0.122 p90=0.122
  [diag] r-gate sat-dist hist bins=60 mean=0.498 p10=0.497 p90=0.498
Iter 0010640: train nll 0.417, valid error 100.000%, best valid error 100.000%, avg grad norm   0.044, avg grad norm (post clip)   0.000, rho_Whh  0.16, Omega  0.00, alpha  0.000, steps in the past 0.000, valid nll 0.324
  [diag] log10|dL/dh_t| hist bins=60 range=(-12.50,-11.50) mean=-12.00 p50=-12.00 p05=-12.00 p95=-12.00
  [diag] sat-dist hist bins=60 sat<0.05=0.0% mean=0.922 p10=0.919 p90=0.925
  [diag] z-gate sat-dist hist bins=60 mean=0.122 p10=0.122 p90=0.122
  [diag] r-gate sat-dist hist bins=60 mean=0.498 p10=0.497 p90=0.498
Iter 0010660: train nll 0.405, valid error 100.000%, best valid error 100.000%, avg grad norm   0.046, avg grad norm (post clip)   0.000, rho_Whh  0.16, Omega  0.00, alpha  0.000, steps in the past 0.000, valid nll 0.324
  [diag] log10|dL/dh_t| hist bins=60 range=(-12.50,-11.50) mean=-12.00 p50=-12.00 p05=-12.00 p95=-12.00
  [diag] sat-dist hist bins=60 sat<0.05=0.0% mean=0.922 p10=0.919 p90=0.925
  [diag] z-gate sat-dist hist bins=60 mean=0.122 p10=0.122 p90=0.122
  [diag] r-gate sat-dist hist bins=60 mean=0.498 p10=0.497 p90=0.498
Iter 0010680: train nll 0.376, valid error 100.000%, best valid error 100.000%, avg grad norm   0.041, avg grad norm (post clip)   0.000, rho_Whh  0.16, Omega  0.00, alpha  0.000, steps in the past 0.000, valid nll 0.324
  [diag] log10|dL/dh_t| hist bins=60 range=(-12.50,-11.50) mean=-12.00 p50=-12.00 p05=-12.00 p95=-12.00
  [diag] sat-dist hist bins=60 sat<0.05=0.0% mean=0.922 p10=0.919 p90=0.925
  [diag] z-gate sat-dist hist bins=60 mean=0.122 p10=0.122 p90=0.122
  [diag] r-gate sat-dist hist bins=60 mean=0.498 p10=0.497 p90=0.498
Iter 0010700: train nll 0.383, valid error 100.000%, best valid error 100.000%, avg grad norm   0.038, avg grad norm (post clip)   0.000, rho_Whh  0.16, Omega  0.00, alpha  0.000, steps in the past 0.000, valid nll 0.324
  [diag] log10|dL/dh_t| hist bins=60 range=(-12.50,-11.50) mean=-12.00 p50=-12.00 p05=-12.00 p95=-12.00
  [diag] sat-dist hist bins=60 sat<0.05=0.0% mean=0.922 p10=0.919 p90=0.925
  [diag] z-gate sat-dist hist bins=60 mean=0.122 p10=0.122 p90=0.122
  [diag] r-gate sat-dist hist bins=60 mean=0.498 p10=0.497 p90=0.498
Iter 0010720: train nll 0.376, valid error 100.000%, best valid error 100.000%, avg grad norm   0.038, avg grad norm (post clip)   0.000, rho_Whh  0.16, Omega  0.00, alpha  0.000, steps in the past 0.000, valid nll 0.324
  [diag] log10|dL/dh_t| hist bins=60 range=(-12.50,-11.50) mean=-12.00 p50=-12.00 p05=-12.00 p95=-12.00
  [diag] sat-dist hist bins=60 sat<0.05=0.0% mean=0.922 p10=0.919 p90=0.925
  [diag] z-gate sat-dist hist bins=60 mean=0.122 p10=0.122 p90=0.122
  [diag] r-gate sat-dist hist bins=60 mean=0.498 p10=0.497 p90=0.498
Iter 0010740: train nll 0.379, valid error 100.000%, best valid error 100.000%, avg grad norm   0.042, avg grad norm (post clip)   0.000, rho_Whh  0.16, Omega  0.00, alpha  0.000, steps in the past 0.000, valid nll 0.324
  [diag] log10|dL/dh_t| hist bins=60 range=(-12.50,-11.50) mean=-12.00 p50=-12.00 p05=-12.00 p95=-12.00
  [diag] sat-dist hist bins=60 sat<0.05=0.0% mean=0.922 p10=0.919 p90=0.925
  [diag] z-gate sat-dist hist bins=60 mean=0.122 p10=0.122 p90=0.122
  [diag] r-gate sat-dist hist bins=60 mean=0.498 p10=0.497 p90=0.498
Iter 0010760: train nll 0.388, valid error 100.000%, best valid error 100.000%, avg grad norm   0.035, avg grad norm (post clip)   0.000, rho_Whh  0.16, Omega  0.00, alpha  0.000, steps in the past 0.000, valid nll 0.324
  [diag] log10|dL/dh_t| hist bins=60 range=(-12.50,-11.50) mean=-12.00 p50=-12.00 p05=-12.00 p95=-12.00
  [diag] sat-dist hist bins=60 sat<0.05=0.0% mean=0.922 p10=0.919 p90=0.925
  [diag] z-gate sat-dist hist bins=60 mean=0.122 p10=0.122 p90=0.122
  [diag] r-gate sat-dist hist bins=60 mean=0.498 p10=0.497 p90=0.498
Iter 0010780: train nll 0.392, valid error 100.000%, best valid error 100.000%, avg grad norm   0.039, avg grad norm (post clip)   0.000, rho_Whh  0.16, Omega  0.00, alpha  0.000, steps in the past 0.000, valid nll 0.324
  [diag] log10|dL/dh_t| hist bins=60 range=(-12.50,-11.50) mean=-12.00 p50=-12.00 p05=-12.00 p95=-12.00
  [diag] sat-dist hist bins=60 sat<0.05=0.0% mean=0.922 p10=0.919 p90=0.925
  [diag] z-gate sat-dist hist bins=60 mean=0.122 p10=0.122 p90=0.122
  [diag] r-gate sat-dist hist bins=60 mean=0.498 p10=0.497 p90=0.498
Iter 0010800: train nll 0.406, valid error 100.000%, best valid error 100.000%, avg grad norm   0.048, avg grad norm (post clip)   0.000, rho_Whh  0.16, Omega  0.00, alpha  0.000, steps in the past 0.000, valid nll 0.324
  [diag] log10|dL/dh_t| hist bins=60 range=(-12.50,-11.50) mean=-12.00 p50=-12.00 p05=-12.00 p95=-12.00
  [diag] sat-dist hist bins=60 sat<0.05=0.0% mean=0.922 p10=0.919 p90=0.925
  [diag] z-gate sat-dist hist bins=60 mean=0.122 p10=0.122 p90=0.122
  [diag] r-gate sat-dist hist bins=60 mean=0.498 p10=0.497 p90=0.498
Iter 0010820: train nll 0.388, valid error 100.000%, best valid error 100.000%, avg grad norm   0.048, avg grad norm (post clip)   0.000, rho_Whh  0.16, Omega  0.00, alpha  0.000, steps in the past 0.000, valid nll 0.324
  [diag] log10|dL/dh_t| hist bins=60 range=(-12.50,-11.50) mean=-12.00 p50=-12.00 p05=-12.00 p95=-12.00
  [diag] sat-dist hist bins=60 sat<0.05=0.0% mean=0.922 p10=0.919 p90=0.925
  [diag] z-gate sat-dist hist bins=60 mean=0.122 p10=0.122 p90=0.122
  [diag] r-gate sat-dist hist bins=60 mean=0.498 p10=0.497 p90=0.498
Iter 0010840: train nll 0.346, valid error 100.000%, best valid error 100.000%, avg grad norm   0.036, avg grad norm (post clip)   0.000, rho_Whh  0.16, Omega  0.00, alpha  0.000, steps in the past 0.000, valid nll 0.324
  [diag] log10|dL/dh_t| hist bins=60 range=(-12.50,-11.50) mean=-12.00 p50=-12.00 p05=-12.00 p95=-12.00
  [diag] sat-dist hist bins=60 sat<0.05=0.0% mean=0.922 p10=0.919 p90=0.925
  [diag] z-gate sat-dist hist bins=60 mean=0.122 p10=0.122 p90=0.122
  [diag] r-gate sat-dist hist bins=60 mean=0.498 p10=0.497 p90=0.498
Iter 0010860: train nll 0.409, valid error 100.000%, best valid error 100.000%, avg grad norm   0.047, avg grad norm (post clip)   0.000, rho_Whh  0.16, Omega  0.00, alpha  0.000, steps in the past 0.000, valid nll 0.324
  [diag] log10|dL/dh_t| hist bins=60 range=(-12.50,-11.50) mean=-12.00 p50=-12.00 p05=-12.00 p95=-12.00
  [diag] sat-dist hist bins=60 sat<0.05=0.0% mean=0.922 p10=0.919 p90=0.926
  [diag] z-gate sat-dist hist bins=60 mean=0.122 p10=0.122 p90=0.122
  [diag] r-gate sat-dist hist bins=60 mean=0.498 p10=0.497 p90=0.498
Iter 0010880: train nll 0.403, valid error 100.000%, best valid error 100.000%, avg grad norm   0.040, avg grad norm (post clip)   0.000, rho_Whh  0.16, Omega  0.00, alpha  0.000, steps in the past 0.000, valid nll 0.324
  [diag] log10|dL/dh_t| hist bins=60 range=(-12.50,-11.50) mean=-12.00 p50=-12.00 p05=-12.00 p95=-12.00
  [diag] sat-dist hist bins=60 sat<0.05=0.0% mean=0.922 p10=0.920 p90=0.926
  [diag] z-gate sat-dist hist bins=60 mean=0.122 p10=0.122 p90=0.122
  [diag] r-gate sat-dist hist bins=60 mean=0.498 p10=0.497 p90=0.498
Iter 0010900: train nll 0.394, valid error 100.000%, best valid error 100.000%, avg grad norm   0.048, avg grad norm (post clip)   0.000, rho_Whh  0.16, Omega  0.00, alpha  0.000, steps in the past 0.000, valid nll 0.324
  [diag] log10|dL/dh_t| hist bins=60 range=(-12.50,-11.50) mean=-12.00 p50=-12.00 p05=-12.00 p95=-12.00
  [diag] sat-dist hist bins=60 sat<0.05=0.0% mean=0.923 p10=0.920 p90=0.926
  [diag] z-gate sat-dist hist bins=60 mean=0.122 p10=0.122 p90=0.122
  [diag] r-gate sat-dist hist bins=60 mean=0.498 p10=0.497 p90=0.498
Iter 0010920: train nll 0.419, valid error 100.000%, best valid error 100.000%, avg grad norm   0.048, avg grad norm (post clip)   0.000, rho_Whh  0.16, Omega  0.00, alpha  0.000, steps in the past 0.000, valid nll 0.324
  [diag] log10|dL/dh_t| hist bins=60 range=(-12.50,-11.50) mean=-12.00 p50=-12.00 p05=-12.00 p95=-12.00
  [diag] sat-dist hist bins=60 sat<0.05=0.0% mean=0.923 p10=0.920 p90=0.926
  [diag] z-gate sat-dist hist bins=60 mean=0.122 p10=0.122 p90=0.122
  [diag] r-gate sat-dist hist bins=60 mean=0.498 p10=0.497 p90=0.498
Iter 0010940: train nll 0.379, valid error 100.000%, best valid error 100.000%, avg grad norm   0.035, avg grad norm (post clip)   0.000, rho_Whh  0.16, Omega  0.00, alpha  0.000, steps in the past 0.000, valid nll 0.324
  [diag] log10|dL/dh_t| hist bins=60 range=(-12.50,-11.50) mean=-12.00 p50=-12.00 p05=-12.00 p95=-12.00
  [diag] sat-dist hist bins=60 sat<0.05=0.0% mean=0.923 p10=0.920 p90=0.926
  [diag] z-gate sat-dist hist bins=60 mean=0.122 p10=0.122 p90=0.122
  [diag] r-gate sat-dist hist bins=60 mean=0.498 p10=0.497 p90=0.498
Iter 0010960: train nll 0.413, valid error 100.000%, best valid error 100.000%, avg grad norm   0.048, avg grad norm (post clip)   0.000, rho_Whh  0.16, Omega  0.00, alpha  0.000, steps in the past 0.000, valid nll 0.324
  [diag] log10|dL/dh_t| hist bins=60 range=(-12.50,-11.50) mean=-12.00 p50=-12.00 p05=-12.00 p95=-12.00
  [diag] sat-dist hist bins=60 sat<0.05=0.0% mean=0.923 p10=0.920 p90=0.926
  [diag] z-gate sat-dist hist bins=60 mean=0.122 p10=0.122 p90=0.122
  [diag] r-gate sat-dist hist bins=60 mean=0.498 p10=0.497 p90=0.498
Iter 0010980: train nll 0.364, valid error 100.000%, best valid error 100.000%, avg grad norm   0.030, avg grad norm (post clip)   0.000, rho_Whh  0.16, Omega  0.00, alpha  0.000, steps in the past 0.000, valid nll 0.324
  [diag] log10|dL/dh_t| hist bins=60 range=(-12.50,-11.50) mean=-12.00 p50=-12.00 p05=-12.00 p95=-12.00
  [diag] sat-dist hist bins=60 sat<0.05=0.0% mean=0.923 p10=0.920 p90=0.926
  [diag] z-gate sat-dist hist bins=60 mean=0.122 p10=0.122 p90=0.122
  [diag] r-gate sat-dist hist bins=60 mean=0.498 p10=0.497 p90=0.498
Iter 0011000: train nll 0.390, valid error 100.000%, best valid error 100.000%, avg grad norm   0.048, avg grad norm (post clip)   0.000, rho_Whh  0.16, Omega  0.00, alpha  0.000, steps in the past 0.000, valid nll 0.324
  [diag] log10|dL/dh_t| hist bins=60 range=(-12.50,-11.50) mean=-12.00 p50=-12.00 p05=-12.00 p95=-12.00
  [diag] sat-dist hist bins=60 sat<0.05=0.0% mean=0.923 p10=0.920 p90=0.926
  [diag] z-gate sat-dist hist bins=60 mean=0.122 p10=0.122 p90=0.122
  [diag] r-gate sat-dist hist bins=60 mean=0.498 p10=0.497 p90=0.498
Iter 0011020: train nll 0.351, valid error 100.000%, best valid error 100.000%, avg grad norm   0.046, avg grad norm (post clip)   0.000, rho_Whh  0.16, Omega  0.00, alpha  0.000, steps in the past 0.000, valid nll 0.324
  [diag] log10|dL/dh_t| hist bins=60 range=(-12.50,-11.50) mean=-12.00 p50=-12.00 p05=-12.00 p95=-12.00
  [diag] sat-dist hist bins=60 sat<0.05=0.0% mean=0.923 p10=0.920 p90=0.926
  [diag] z-gate sat-dist hist bins=60 mean=0.122 p10=0.122 p90=0.122
  [diag] r-gate sat-dist hist bins=60 mean=0.498 p10=0.497 p90=0.498
Iter 0011040: train nll 0.420, valid error 100.000%, best valid error 100.000%, avg grad norm   0.050, avg grad norm (post clip)   0.000, rho_Whh  0.16, Omega  0.00, alpha  0.000, steps in the past 0.000, valid nll 0.324
  [diag] log10|dL/dh_t| hist bins=60 range=(-12.50,-11.50) mean=-12.00 p50=-12.00 p05=-12.00 p95=-12.00
  [diag] sat-dist hist bins=60 sat<0.05=0.0% mean=0.923 p10=0.920 p90=0.926
  [diag] z-gate sat-dist hist bins=60 mean=0.122 p10=0.122 p90=0.122
  [diag] r-gate sat-dist hist bins=60 mean=0.498 p10=0.497 p90=0.498
Iter 0011060: train nll 0.380, valid error 100.000%, best valid error 100.000%, avg grad norm   0.040, avg grad norm (post clip)   0.000, rho_Whh  0.16, Omega  0.00, alpha  0.000, steps in the past 0.000, valid nll 0.324
  [diag] log10|dL/dh_t| hist bins=60 range=(-12.50,-11.50) mean=-12.00 p50=-12.00 p05=-12.00 p95=-12.00
  [diag] sat-dist hist bins=60 sat<0.05=0.0% mean=0.923 p10=0.920 p90=0.926
  [diag] z-gate sat-dist hist bins=60 mean=0.122 p10=0.122 p90=0.122
  [diag] r-gate sat-dist hist bins=60 mean=0.498 p10=0.497 p90=0.498
Iter 0011080: train nll 0.395, valid error 100.000%, best valid error 100.000%, avg grad norm   0.051, avg grad norm (post clip)   0.000, rho_Whh  0.16, Omega  0.00, alpha  0.000, steps in the past 0.000, valid nll 0.324
  [diag] log10|dL/dh_t| hist bins=60 range=(-12.50,-11.50) mean=-12.00 p50=-12.00 p05=-12.00 p95=-12.00
  [diag] sat-dist hist bins=60 sat<0.05=0.0% mean=0.923 p10=0.921 p90=0.927
  [diag] z-gate sat-dist hist bins=60 mean=0.122 p10=0.122 p90=0.122
  [diag] r-gate sat-dist hist bins=60 mean=0.498 p10=0.497 p90=0.498
Iter 0011100: train nll 0.415, valid error 100.000%, best valid error 100.000%, avg grad norm   0.044, avg grad norm (post clip)   0.000, rho_Whh  0.16, Omega  0.00, alpha  0.000, steps in the past 0.000, valid nll 0.324
  [diag] log10|dL/dh_t| hist bins=60 range=(-12.50,-11.50) mean=-12.00 p50=-12.00 p05=-12.00 p95=-12.00
  [diag] sat-dist hist bins=60 sat<0.05=0.0% mean=0.924 p10=0.921 p90=0.927
  [diag] z-gate sat-dist hist bins=60 mean=0.122 p10=0.122 p90=0.122
  [diag] r-gate sat-dist hist bins=60 mean=0.498 p10=0.497 p90=0.498
Iter 0011120: train nll 0.427, valid error 100.000%, best valid error 100.000%, avg grad norm   0.043, avg grad norm (post clip)   0.000, rho_Whh  0.17, Omega  0.00, alpha  0.000, steps in the past 0.000, valid nll 0.324
  [diag] log10|dL/dh_t| hist bins=60 range=(-12.50,-11.50) mean=-12.00 p50=-12.00 p05=-12.00 p95=-12.00
  [diag] sat-dist hist bins=60 sat<0.05=0.0% mean=0.924 p10=0.921 p90=0.927
  [diag] z-gate sat-dist hist bins=60 mean=0.122 p10=0.122 p90=0.122
  [diag] r-gate sat-dist hist bins=60 mean=0.498 p10=0.497 p90=0.498
Iter 0011140: train nll 0.372, valid error 100.000%, best valid error 100.000%, avg grad norm   0.042, avg grad norm (post clip)   0.000, rho_Whh  0.16, Omega  0.00, alpha  0.000, steps in the past 0.000, valid nll 0.324
  [diag] log10|dL/dh_t| hist bins=60 range=(-12.50,-11.50) mean=-12.00 p50=-12.00 p05=-12.00 p95=-12.00
  [diag] sat-dist hist bins=60 sat<0.05=0.0% mean=0.924 p10=0.921 p90=0.927
  [diag] z-gate sat-dist hist bins=60 mean=0.122 p10=0.122 p90=0.122
  [diag] r-gate sat-dist hist bins=60 mean=0.498 p10=0.497 p90=0.498
Iter 0011160: train nll 0.369, valid error 100.000%, best valid error 100.000%, avg grad norm   0.037, avg grad norm (post clip)   0.000, rho_Whh  0.16, Omega  0.00, alpha  0.000, steps in the past 0.000, valid nll 0.324
  [diag] log10|dL/dh_t| hist bins=60 range=(-12.50,-11.50) mean=-12.00 p50=-12.00 p05=-12.00 p95=-12.00
  [diag] sat-dist hist bins=60 sat<0.05=0.0% mean=0.923 p10=0.921 p90=0.927
  [diag] z-gate sat-dist hist bins=60 mean=0.122 p10=0.122 p90=0.122
  [diag] r-gate sat-dist hist bins=60 mean=0.498 p10=0.497 p90=0.498
Iter 0011180: train nll 0.375, valid error 100.000%, best valid error 100.000%, avg grad norm   0.042, avg grad norm (post clip)   0.000, rho_Whh  0.16, Omega  0.00, alpha  0.000, steps in the past 0.000, valid nll 0.323
  [diag] log10|dL/dh_t| hist bins=60 range=(-12.50,-11.50) mean=-12.00 p50=-12.00 p05=-12.00 p95=-12.00
  [diag] sat-dist hist bins=60 sat<0.05=0.0% mean=0.923 p10=0.921 p90=0.927
  [diag] z-gate sat-dist hist bins=60 mean=0.122 p10=0.122 p90=0.122
  [diag] r-gate sat-dist hist bins=60 mean=0.498 p10=0.497 p90=0.498
Iter 0011200: train nll 0.373, valid error 100.000%, best valid error 100.000%, avg grad norm   0.038, avg grad norm (post clip)   0.000, rho_Whh  0.16, Omega  0.00, alpha  0.000, steps in the past 0.000, valid nll 0.323
  [diag] log10|dL/dh_t| hist bins=60 range=(-12.50,-11.50) mean=-12.00 p50=-12.00 p05=-12.00 p95=-12.00
  [diag] sat-dist hist bins=60 sat<0.05=0.0% mean=0.923 p10=0.921 p90=0.927
  [diag] z-gate sat-dist hist bins=60 mean=0.122 p10=0.122 p90=0.122
  [diag] r-gate sat-dist hist bins=60 mean=0.498 p10=0.497 p90=0.498
Iter 0011220: train nll 0.381, valid error 100.000%, best valid error 100.000%, avg grad norm   0.045, avg grad norm (post clip)   0.000, rho_Whh  0.16, Omega  0.00, alpha  0.000, steps in the past 0.000, valid nll 0.323
  [diag] log10|dL/dh_t| hist bins=60 range=(-12.50,-11.50) mean=-12.00 p50=-12.00 p05=-12.00 p95=-12.00
  [diag] sat-dist hist bins=60 sat<0.05=0.0% mean=0.924 p10=0.921 p90=0.927
  [diag] z-gate sat-dist hist bins=60 mean=0.122 p10=0.122 p90=0.122
  [diag] r-gate sat-dist hist bins=60 mean=0.498 p10=0.497 p90=0.498
Iter 0011240: train nll 0.413, valid error 100.000%, best valid error 100.000%, avg grad norm   0.042, avg grad norm (post clip)   0.000, rho_Whh  0.17, Omega  0.00, alpha  0.000, steps in the past 0.000, valid nll 0.323
  [diag] log10|dL/dh_t| hist bins=60 range=(-12.50,-11.50) mean=-12.00 p50=-12.00 p05=-12.00 p95=-12.00
  [diag] sat-dist hist bins=60 sat<0.05=0.0% mean=0.924 p10=0.921 p90=0.927
  [diag] z-gate sat-dist hist bins=60 mean=0.122 p10=0.122 p90=0.122
  [diag] r-gate sat-dist hist bins=60 mean=0.498 p10=0.497 p90=0.498
Iter 0011260: train nll 0.383, valid error 100.000%, best valid error 100.000%, avg grad norm   0.032, avg grad norm (post clip)   0.000, rho_Whh  0.17, Omega  0.00, alpha  0.000, steps in the past 0.000, valid nll 0.323
  [diag] log10|dL/dh_t| hist bins=60 range=(-12.50,-11.50) mean=-12.00 p50=-12.00 p05=-12.00 p95=-12.00
  [diag] sat-dist hist bins=60 sat<0.05=0.0% mean=0.924 p10=0.921 p90=0.927
  [diag] z-gate sat-dist hist bins=60 mean=0.122 p10=0.122 p90=0.122
  [diag] r-gate sat-dist hist bins=60 mean=0.498 p10=0.497 p90=0.498
Iter 0011280: train nll 0.411, valid error 100.000%, best valid error 100.000%, avg grad norm   0.044, avg grad norm (post clip)   0.000, rho_Whh  0.17, Omega  0.00, alpha  0.000, steps in the past 0.000, valid nll 0.323
  [diag] log10|dL/dh_t| hist bins=60 range=(-12.50,-11.50) mean=-12.00 p50=-12.00 p05=-12.00 p95=-12.00
  [diag] sat-dist hist bins=60 sat<0.05=0.0% mean=0.924 p10=0.921 p90=0.927
  [diag] z-gate sat-dist hist bins=60 mean=0.122 p10=0.122 p90=0.122
  [diag] r-gate sat-dist hist bins=60 mean=0.498 p10=0.497 p90=0.498
Iter 0011300: train nll 0.369, valid error 100.000%, best valid error 100.000%, avg grad norm   0.045, avg grad norm (post clip)   0.000, rho_Whh  0.17, Omega  0.00, alpha  0.000, steps in the past 0.000, valid nll 0.323
  [diag] log10|dL/dh_t| hist bins=60 range=(-12.50,-11.50) mean=-12.00 p50=-12.00 p05=-12.00 p95=-12.00
  [diag] sat-dist hist bins=60 sat<0.05=0.0% mean=0.924 p10=0.922 p90=0.927
  [diag] z-gate sat-dist hist bins=60 mean=0.122 p10=0.122 p90=0.122
  [diag] r-gate sat-dist hist bins=60 mean=0.498 p10=0.497 p90=0.498
Iter 0011320: train nll 0.410, valid error 100.000%, best valid error 100.000%, avg grad norm   0.048, avg grad norm (post clip)   0.000, rho_Whh  0.17, Omega  0.00, alpha  0.000, steps in the past 0.000, valid nll 0.323
  [diag] log10|dL/dh_t| hist bins=60 range=(-12.50,-11.50) mean=-12.00 p50=-12.00 p05=-12.00 p95=-12.00
  [diag] sat-dist hist bins=60 sat<0.05=0.0% mean=0.924 p10=0.922 p90=0.927
  [diag] z-gate sat-dist hist bins=60 mean=0.122 p10=0.122 p90=0.122
  [diag] r-gate sat-dist hist bins=60 mean=0.498 p10=0.497 p90=0.498
Iter 0011340: train nll 0.375, valid error 100.000%, best valid error 100.000%, avg grad norm   0.035, avg grad norm (post clip)   0.000, rho_Whh  0.17, Omega  0.00, alpha  0.000, steps in the past 0.000, valid nll 0.323
  [diag] log10|dL/dh_t| hist bins=60 range=(-12.50,-11.50) mean=-12.00 p50=-12.00 p05=-12.00 p95=-12.00
  [diag] sat-dist hist bins=60 sat<0.05=0.0% mean=0.924 p10=0.922 p90=0.928
  [diag] z-gate sat-dist hist bins=60 mean=0.122 p10=0.122 p90=0.122
  [diag] r-gate sat-dist hist bins=60 mean=0.498 p10=0.497 p90=0.498
Iter 0011360: train nll 0.399, valid error 100.000%, best valid error 100.000%, avg grad norm   0.030, avg grad norm (post clip)   0.000, rho_Whh  0.17, Omega  0.00, alpha  0.000, steps in the past 0.000, valid nll 0.323
  [diag] log10|dL/dh_t| hist bins=60 range=(-12.50,-11.50) mean=-12.00 p50=-12.00 p05=-12.00 p95=-12.00
  [diag] sat-dist hist bins=60 sat<0.05=0.0% mean=0.925 p10=0.922 p90=0.928
  [diag] z-gate sat-dist hist bins=60 mean=0.122 p10=0.122 p90=0.122
  [diag] r-gate sat-dist hist bins=60 mean=0.498 p10=0.497 p90=0.498
Iter 0011380: train nll 0.397, valid error 100.000%, best valid error 100.000%, avg grad norm   0.044, avg grad norm (post clip)   0.000, rho_Whh  0.17, Omega  0.00, alpha  0.000, steps in the past 0.000, valid nll 0.323
  [diag] log10|dL/dh_t| hist bins=60 range=(-12.50,-11.50) mean=-12.00 p50=-12.00 p05=-12.00 p95=-12.00
  [diag] sat-dist hist bins=60 sat<0.05=0.0% mean=0.924 p10=0.922 p90=0.928
  [diag] z-gate sat-dist hist bins=60 mean=0.122 p10=0.122 p90=0.122
  [diag] r-gate sat-dist hist bins=60 mean=0.498 p10=0.497 p90=0.498
Iter 0011400: train nll 0.370, valid error 100.000%, best valid error 100.000%, avg grad norm   0.052, avg grad norm (post clip)   0.000, rho_Whh  0.17, Omega  0.00, alpha  0.000, steps in the past 0.000, valid nll 0.323
  [diag] log10|dL/dh_t| hist bins=60 range=(-12.50,-11.50) mean=-12.00 p50=-12.00 p05=-12.00 p95=-12.00
  [diag] sat-dist hist bins=60 sat<0.05=0.0% mean=0.924 p10=0.922 p90=0.928
  [diag] z-gate sat-dist hist bins=60 mean=0.122 p10=0.122 p90=0.122
  [diag] r-gate sat-dist hist bins=60 mean=0.498 p10=0.497 p90=0.498
Iter 0011420: train nll 0.380, valid error 100.000%, best valid error 100.000%, avg grad norm   0.040, avg grad norm (post clip)   0.000, rho_Whh  0.17, Omega  0.00, alpha  0.000, steps in the past 0.000, valid nll 0.323
  [diag] log10|dL/dh_t| hist bins=60 range=(-12.50,-11.50) mean=-12.00 p50=-12.00 p05=-12.00 p95=-12.00
  [diag] sat-dist hist bins=60 sat<0.05=0.0% mean=0.925 p10=0.922 p90=0.928
  [diag] z-gate sat-dist hist bins=60 mean=0.122 p10=0.122 p90=0.122
  [diag] r-gate sat-dist hist bins=60 mean=0.498 p10=0.497 p90=0.498
Iter 0011440: train nll 0.387, valid error 100.000%, best valid error 100.000%, avg grad norm   0.036, avg grad norm (post clip)   0.000, rho_Whh  0.17, Omega  0.00, alpha  0.000, steps in the past 0.000, valid nll 0.323
  [diag] log10|dL/dh_t| hist bins=60 range=(-12.50,-11.50) mean=-12.00 p50=-12.00 p05=-12.00 p95=-12.00
  [diag] sat-dist hist bins=60 sat<0.05=0.0% mean=0.925 p10=0.922 p90=0.928
  [diag] z-gate sat-dist hist bins=60 mean=0.122 p10=0.122 p90=0.122
  [diag] r-gate sat-dist hist bins=60 mean=0.498 p10=0.497 p90=0.498
Iter 0011460: train nll 0.385, valid error 100.000%, best valid error 100.000%, avg grad norm   0.042, avg grad norm (post clip)   0.000, rho_Whh  0.17, Omega  0.00, alpha  0.000, steps in the past 0.000, valid nll 0.323
  [diag] log10|dL/dh_t| hist bins=60 range=(-12.50,-11.50) mean=-12.00 p50=-12.00 p05=-12.00 p95=-12.00
  [diag] sat-dist hist bins=60 sat<0.05=0.0% mean=0.924 p10=0.922 p90=0.928
  [diag] z-gate sat-dist hist bins=60 mean=0.122 p10=0.122 p90=0.122
  [diag] r-gate sat-dist hist bins=60 mean=0.498 p10=0.497 p90=0.498
Iter 0011480: train nll 0.367, valid error 100.000%, best valid error 100.000%, avg grad norm   0.042, avg grad norm (post clip)   0.000, rho_Whh  0.17, Omega  0.00, alpha  0.000, steps in the past 0.000, valid nll 0.323
  [diag] log10|dL/dh_t| hist bins=60 range=(-12.50,-11.50) mean=-12.00 p50=-12.00 p05=-12.00 p95=-12.00
  [diag] sat-dist hist bins=60 sat<0.05=0.0% mean=0.925 p10=0.922 p90=0.928
  [diag] z-gate sat-dist hist bins=60 mean=0.122 p10=0.122 p90=0.122
  [diag] r-gate sat-dist hist bins=60 mean=0.498 p10=0.497 p90=0.498
Iter 0011500: train nll 0.379, valid error 100.000%, best valid error 100.000%, avg grad norm   0.047, avg grad norm (post clip)   0.000, rho_Whh  0.17, Omega  0.00, alpha  0.000, steps in the past 0.000, valid nll 0.323
  [diag] log10|dL/dh_t| hist bins=60 range=(-12.50,-11.50) mean=-12.00 p50=-12.00 p05=-12.00 p95=-12.00
  [diag] sat-dist hist bins=60 sat<0.05=0.0% mean=0.924 p10=0.922 p90=0.928
  [diag] z-gate sat-dist hist bins=60 mean=0.122 p10=0.122 p90=0.122
  [diag] r-gate sat-dist hist bins=60 mean=0.498 p10=0.497 p90=0.498
Iter 0011520: train nll 0.372, valid error 100.000%, best valid error 100.000%, avg grad norm   0.039, avg grad norm (post clip)   0.000, rho_Whh  0.17, Omega  0.00, alpha  0.000, steps in the past 0.000, valid nll 0.323
  [diag] log10|dL/dh_t| hist bins=60 range=(-12.50,-11.50) mean=-12.00 p50=-12.00 p05=-12.00 p95=-12.00
  [diag] sat-dist hist bins=60 sat<0.05=0.0% mean=0.925 p10=0.922 p90=0.928
  [diag] z-gate sat-dist hist bins=60 mean=0.122 p10=0.122 p90=0.122
  [diag] r-gate sat-dist hist bins=60 mean=0.498 p10=0.497 p90=0.498
Iter 0011540: train nll 0.388, valid error 100.000%, best valid error 100.000%, avg grad norm   0.044, avg grad norm (post clip)   0.000, rho_Whh  0.17, Omega  0.00, alpha  0.000, steps in the past 0.000, valid nll 0.323
  [diag] log10|dL/dh_t| hist bins=60 range=(-12.50,-11.50) mean=-12.00 p50=-12.00 p05=-12.00 p95=-12.00
  [diag] sat-dist hist bins=60 sat<0.05=0.0% mean=0.924 p10=0.922 p90=0.928
  [diag] z-gate sat-dist hist bins=60 mean=0.122 p10=0.122 p90=0.122
  [diag] r-gate sat-dist hist bins=60 mean=0.498 p10=0.497 p90=0.498
Iter 0011560: train nll 0.363, valid error 100.000%, best valid error 100.000%, avg grad norm   0.042, avg grad norm (post clip)   0.000, rho_Whh  0.17, Omega  0.00, alpha  0.000, steps in the past 0.000, valid nll 0.323
  [diag] log10|dL/dh_t| hist bins=60 range=(-12.50,-11.50) mean=-12.00 p50=-12.00 p05=-12.00 p95=-12.00
  [diag] sat-dist hist bins=60 sat<0.05=0.0% mean=0.925 p10=0.922 p90=0.928
  [diag] z-gate sat-dist hist bins=60 mean=0.122 p10=0.122 p90=0.122
  [diag] r-gate sat-dist hist bins=60 mean=0.498 p10=0.497 p90=0.498
Iter 0011580: train nll 0.393, valid error 100.000%, best valid error 100.000%, avg grad norm   0.035, avg grad norm (post clip)   0.000, rho_Whh  0.17, Omega  0.00, alpha  0.000, steps in the past 0.000, valid nll 0.323
  [diag] log10|dL/dh_t| hist bins=60 range=(-12.50,-11.50) mean=-12.00 p50=-12.00 p05=-12.00 p95=-12.00
  [diag] sat-dist hist bins=60 sat<0.05=0.0% mean=0.925 p10=0.922 p90=0.928
  [diag] z-gate sat-dist hist bins=60 mean=0.122 p10=0.122 p90=0.122
  [diag] r-gate sat-dist hist bins=60 mean=0.498 p10=0.497 p90=0.498
Iter 0011600: train nll 0.391, valid error 100.000%, best valid error 100.000%, avg grad norm   0.050, avg grad norm (post clip)   0.000, rho_Whh  0.17, Omega  0.00, alpha  0.000, steps in the past 0.000, valid nll 0.323
  [diag] log10|dL/dh_t| hist bins=60 range=(-12.50,-11.50) mean=-12.00 p50=-12.00 p05=-12.00 p95=-12.00
  [diag] sat-dist hist bins=60 sat<0.05=0.0% mean=0.925 p10=0.922 p90=0.928
  [diag] z-gate sat-dist hist bins=60 mean=0.122 p10=0.122 p90=0.122
  [diag] r-gate sat-dist hist bins=60 mean=0.498 p10=0.497 p90=0.498
Iter 0011620: train nll 0.366, valid error 100.000%, best valid error 100.000%, avg grad norm   0.035, avg grad norm (post clip)   0.000, rho_Whh  0.17, Omega  0.00, alpha  0.000, steps in the past 0.000, valid nll 0.323
  [diag] log10|dL/dh_t| hist bins=60 range=(-12.50,-11.50) mean=-12.00 p50=-12.00 p05=-12.00 p95=-12.00
  [diag] sat-dist hist bins=60 sat<0.05=0.0% mean=0.925 p10=0.922 p90=0.928
  [diag] z-gate sat-dist hist bins=60 mean=0.122 p10=0.122 p90=0.122
  [diag] r-gate sat-dist hist bins=60 mean=0.498 p10=0.497 p90=0.498
Iter 0011640: train nll 0.360, valid error 100.000%, best valid error 100.000%, avg grad norm   0.034, avg grad norm (post clip)   0.000, rho_Whh  0.17, Omega  0.00, alpha  0.000, steps in the past 0.000, valid nll 0.323
  [diag] log10|dL/dh_t| hist bins=60 range=(-12.50,-11.50) mean=-12.00 p50=-12.00 p05=-12.00 p95=-12.00
  [diag] sat-dist hist bins=60 sat<0.05=0.0% mean=0.925 p10=0.922 p90=0.928
  [diag] z-gate sat-dist hist bins=60 mean=0.122 p10=0.122 p90=0.122
  [diag] r-gate sat-dist hist bins=60 mean=0.498 p10=0.497 p90=0.498
Iter 0011660: train nll 0.421, valid error 100.000%, best valid error 100.000%, avg grad norm   0.049, avg grad norm (post clip)   0.000, rho_Whh  0.17, Omega  0.00, alpha  0.000, steps in the past 0.000, valid nll 0.323
  [diag] log10|dL/dh_t| hist bins=60 range=(-12.50,-11.50) mean=-12.00 p50=-12.00 p05=-12.00 p95=-12.00
  [diag] sat-dist hist bins=60 sat<0.05=0.0% mean=0.925 p10=0.922 p90=0.928
  [diag] z-gate sat-dist hist bins=60 mean=0.122 p10=0.122 p90=0.122
  [diag] r-gate sat-dist hist bins=60 mean=0.498 p10=0.497 p90=0.498
Iter 0011680: train nll 0.366, valid error 100.000%, best valid error 100.000%, avg grad norm   0.036, avg grad norm (post clip)   0.000, rho_Whh  0.17, Omega  0.00, alpha  0.000, steps in the past 0.000, valid nll 0.323
  [diag] log10|dL/dh_t| hist bins=60 range=(-12.50,-11.50) mean=-12.00 p50=-12.00 p05=-12.00 p95=-12.00
  [diag] sat-dist hist bins=60 sat<0.05=0.0% mean=0.925 p10=0.923 p90=0.928
  [diag] z-gate sat-dist hist bins=60 mean=0.122 p10=0.122 p90=0.122
  [diag] r-gate sat-dist hist bins=60 mean=0.498 p10=0.497 p90=0.498
Iter 0011700: train nll 0.393, valid error 100.000%, best valid error 100.000%, avg grad norm   0.046, avg grad norm (post clip)   0.000, rho_Whh  0.17, Omega  0.00, alpha  0.000, steps in the past 0.000, valid nll 0.323
  [diag] log10|dL/dh_t| hist bins=60 range=(-12.50,-11.50) mean=-12.00 p50=-12.00 p05=-12.00 p95=-12.00
  [diag] sat-dist hist bins=60 sat<0.05=0.0% mean=0.925 p10=0.922 p90=0.928
  [diag] z-gate sat-dist hist bins=60 mean=0.122 p10=0.122 p90=0.122
  [diag] r-gate sat-dist hist bins=60 mean=0.498 p10=0.497 p90=0.498
Iter 0011720: train nll 0.372, valid error 100.000%, best valid error 100.000%, avg grad norm   0.043, avg grad norm (post clip)   0.000, rho_Whh  0.17, Omega  0.00, alpha  0.000, steps in the past 0.000, valid nll 0.323
  [diag] log10|dL/dh_t| hist bins=60 range=(-12.50,-11.50) mean=-12.00 p50=-12.00 p05=-12.00 p95=-12.00
  [diag] sat-dist hist bins=60 sat<0.05=0.0% mean=0.925 p10=0.923 p90=0.928
  [diag] z-gate sat-dist hist bins=60 mean=0.122 p10=0.122 p90=0.122
  [diag] r-gate sat-dist hist bins=60 mean=0.498 p10=0.497 p90=0.498
Iter 0011740: train nll 0.383, valid error 100.000%, best valid error 100.000%, avg grad norm   0.043, avg grad norm (post clip)   0.000, rho_Whh  0.17, Omega  0.00, alpha  0.000, steps in the past 0.000, valid nll 0.323
  [diag] log10|dL/dh_t| hist bins=60 range=(-12.50,-11.50) mean=-12.00 p50=-12.00 p05=-12.00 p95=-12.00
  [diag] sat-dist hist bins=60 sat<0.05=0.0% mean=0.925 p10=0.923 p90=0.929
  [diag] z-gate sat-dist hist bins=60 mean=0.122 p10=0.122 p90=0.122
  [diag] r-gate sat-dist hist bins=60 mean=0.498 p10=0.497 p90=0.498
Iter 0011760: train nll 0.414, valid error 100.000%, best valid error 100.000%, avg grad norm   0.045, avg grad norm (post clip)   0.000, rho_Whh  0.17, Omega  0.00, alpha  0.000, steps in the past 0.000, valid nll 0.323
  [diag] log10|dL/dh_t| hist bins=60 range=(-12.50,-11.50) mean=-12.00 p50=-12.00 p05=-12.00 p95=-12.00
  [diag] sat-dist hist bins=60 sat<0.05=0.0% mean=0.926 p10=0.924 p90=0.929
  [diag] z-gate sat-dist hist bins=60 mean=0.122 p10=0.122 p90=0.122
  [diag] r-gate sat-dist hist bins=60 mean=0.498 p10=0.498 p90=0.498
Iter 0011780: train nll 0.455, valid error 100.000%, best valid error 100.000%, avg grad norm   0.056, avg grad norm (post clip)   0.000, rho_Whh  0.17, Omega  0.00, alpha  0.000, steps in the past 0.000, valid nll 0.323
  [diag] log10|dL/dh_t| hist bins=60 range=(-12.50,-11.50) mean=-12.00 p50=-12.00 p05=-12.00 p95=-12.00
  [diag] sat-dist hist bins=60 sat<0.05=0.0% mean=0.926 p10=0.924 p90=0.930
  [diag] z-gate sat-dist hist bins=60 mean=0.122 p10=0.122 p90=0.122
  [diag] r-gate sat-dist hist bins=60 mean=0.498 p10=0.498 p90=0.498
Iter 0011800: train nll 0.418, valid error 100.000%, best valid error 100.000%, avg grad norm   0.048, avg grad norm (post clip)   0.000, rho_Whh  0.17, Omega  0.00, alpha  0.000, steps in the past 0.000, valid nll 0.323
  [diag] log10|dL/dh_t| hist bins=60 range=(-12.50,-11.50) mean=-12.00 p50=-12.00 p05=-12.00 p95=-12.00
  [diag] sat-dist hist bins=60 sat<0.05=0.0% mean=0.927 p10=0.924 p90=0.930
  [diag] z-gate sat-dist hist bins=60 mean=0.122 p10=0.122 p90=0.122
  [diag] r-gate sat-dist hist bins=60 mean=0.498 p10=0.498 p90=0.498
Iter 0011820: train nll 0.395, valid error 100.000%, best valid error 100.000%, avg grad norm   0.043, avg grad norm (post clip)   0.000, rho_Whh  0.17, Omega  0.00, alpha  0.000, steps in the past 0.000, valid nll 0.323
  [diag] log10|dL/dh_t| hist bins=60 range=(-12.50,-11.50) mean=-12.00 p50=-12.00 p05=-12.00 p95=-12.00
  [diag] sat-dist hist bins=60 sat<0.05=0.0% mean=0.927 p10=0.924 p90=0.930
  [diag] z-gate sat-dist hist bins=60 mean=0.122 p10=0.122 p90=0.122
  [diag] r-gate sat-dist hist bins=60 mean=0.498 p10=0.498 p90=0.498
Iter 0011840: train nll 0.413, valid error 100.000%, best valid error 100.000%, avg grad norm   0.039, avg grad norm (post clip)   0.000, rho_Whh  0.17, Omega  0.00, alpha  0.000, steps in the past 0.000, valid nll 0.323
  [diag] log10|dL/dh_t| hist bins=60 range=(-12.50,-11.50) mean=-12.00 p50=-12.00 p05=-12.00 p95=-12.00
  [diag] sat-dist hist bins=60 sat<0.05=0.0% mean=0.927 p10=0.924 p90=0.930
  [diag] z-gate sat-dist hist bins=60 mean=0.122 p10=0.122 p90=0.122
  [diag] r-gate sat-dist hist bins=60 mean=0.498 p10=0.498 p90=0.498
Iter 0011860: train nll 0.362, valid error 100.000%, best valid error 100.000%, avg grad norm   0.036, avg grad norm (post clip)   0.000, rho_Whh  0.17, Omega  0.00, alpha  0.000, steps in the past 0.000, valid nll 0.323
  [diag] log10|dL/dh_t| hist bins=60 range=(-12.50,-11.50) mean=-12.00 p50=-12.00 p05=-12.00 p95=-12.00
  [diag] sat-dist hist bins=60 sat<0.05=0.0% mean=0.927 p10=0.925 p90=0.930
  [diag] z-gate sat-dist hist bins=60 mean=0.122 p10=0.122 p90=0.122
  [diag] r-gate sat-dist hist bins=60 mean=0.498 p10=0.498 p90=0.498
Iter 0011880: train nll 0.436, valid error 100.000%, best valid error 100.000%, avg grad norm   0.048, avg grad norm (post clip)   0.000, rho_Whh  0.17, Omega  0.00, alpha  0.000, steps in the past 0.000, valid nll 0.323
  [diag] log10|dL/dh_t| hist bins=60 range=(-12.50,-11.50) mean=-12.00 p50=-12.00 p05=-12.00 p95=-12.00
  [diag] sat-dist hist bins=60 sat<0.05=0.0% mean=0.927 p10=0.925 p90=0.930
  [diag] z-gate sat-dist hist bins=60 mean=0.122 p10=0.122 p90=0.122
  [diag] r-gate sat-dist hist bins=60 mean=0.498 p10=0.498 p90=0.498
Iter 0011900: train nll 0.379, valid error 100.000%, best valid error 100.000%, avg grad norm   0.042, avg grad norm (post clip)   0.000, rho_Whh  0.17, Omega  0.00, alpha  0.000, steps in the past 0.000, valid nll 0.323
  [diag] log10|dL/dh_t| hist bins=60 range=(-12.50,-11.50) mean=-12.00 p50=-12.00 p05=-12.00 p95=-12.00
  [diag] sat-dist hist bins=60 sat<0.05=0.0% mean=0.928 p10=0.925 p90=0.931
  [diag] z-gate sat-dist hist bins=60 mean=0.122 p10=0.122 p90=0.122
  [diag] r-gate sat-dist hist bins=60 mean=0.498 p10=0.498 p90=0.498
Iter 0011920: train nll 0.430, valid error 100.000%, best valid error 100.000%, avg grad norm   0.055, avg grad norm (post clip)   0.000, rho_Whh  0.17, Omega  0.00, alpha  0.000, steps in the past 0.000, valid nll 0.323
  [diag] log10|dL/dh_t| hist bins=60 range=(-12.50,-11.50) mean=-12.00 p50=-12.00 p05=-12.00 p95=-12.00
  [diag] sat-dist hist bins=60 sat<0.05=0.0% mean=0.927 p10=0.925 p90=0.931
  [diag] z-gate sat-dist hist bins=60 mean=0.122 p10=0.122 p90=0.122
  [diag] r-gate sat-dist hist bins=60 mean=0.498 p10=0.498 p90=0.498
Iter 0011940: train nll 0.367, valid error 100.000%, best valid error 100.000%, avg grad norm   0.043, avg grad norm (post clip)   0.000, rho_Whh  0.17, Omega  0.00, alpha  0.000, steps in the past 0.000, valid nll 0.323
  [diag] log10|dL/dh_t| hist bins=60 range=(-12.50,-11.50) mean=-12.00 p50=-12.00 p05=-12.00 p95=-12.00
  [diag] sat-dist hist bins=60 sat<0.05=0.0% mean=0.927 p10=0.925 p90=0.930
  [diag] z-gate sat-dist hist bins=60 mean=0.122 p10=0.122 p90=0.122
  [diag] r-gate sat-dist hist bins=60 mean=0.498 p10=0.498 p90=0.498
Iter 0011960: train nll 0.357, valid error 100.000%, best valid error 100.000%, avg grad norm   0.037, avg grad norm (post clip)   0.000, rho_Whh  0.17, Omega  0.00, alpha  0.000, steps in the past 0.000, valid nll 0.323
  [diag] log10|dL/dh_t| hist bins=60 range=(-12.50,-11.50) mean=-12.00 p50=-12.00 p05=-12.00 p95=-12.00
  [diag] sat-dist hist bins=60 sat<0.05=0.0% mean=0.927 p10=0.925 p90=0.931
  [diag] z-gate sat-dist hist bins=60 mean=0.122 p10=0.122 p90=0.122
  [diag] r-gate sat-dist hist bins=60 mean=0.498 p10=0.498 p90=0.498
Iter 0011980: train nll 0.405, valid error 100.000%, best valid error 100.000%, avg grad norm   0.032, avg grad norm (post clip)   0.000, rho_Whh  0.17, Omega  0.00, alpha  0.000, steps in the past 0.000, valid nll 0.323
  [diag] log10|dL/dh_t| hist bins=60 range=(-12.50,-11.50) mean=-12.00 p50=-12.00 p05=-12.00 p95=-12.00
  [diag] sat-dist hist bins=60 sat<0.05=0.0% mean=0.928 p10=0.925 p90=0.931
  [diag] z-gate sat-dist hist bins=60 mean=0.122 p10=0.122 p90=0.122
  [diag] r-gate sat-dist hist bins=60 mean=0.498 p10=0.498 p90=0.498
Iter 0012000: train nll 0.394, valid error 100.000%, best valid error 100.000%, avg grad norm   0.044, avg grad norm (post clip)   0.000, rho_Whh  0.17, Omega  0.00, alpha  0.000, steps in the past 0.000, valid nll 0.323
  [diag] log10|dL/dh_t| hist bins=60 range=(-12.50,-11.50) mean=-12.00 p50=-12.00 p05=-12.00 p95=-12.00
  [diag] sat-dist hist bins=60 sat<0.05=0.0% mean=0.928 p10=0.925 p90=0.931
  [diag] z-gate sat-dist hist bins=60 mean=0.122 p10=0.122 p90=0.122
  [diag] r-gate sat-dist hist bins=60 mean=0.498 p10=0.498 p90=0.498
Iter 0012020: train nll 0.373, valid error 100.000%, best valid error 100.000%, avg grad norm   0.040, avg grad norm (post clip)   0.000, rho_Whh  0.17, Omega  0.00, alpha  0.000, steps in the past 0.000, valid nll 0.323
  [diag] log10|dL/dh_t| hist bins=60 range=(-12.50,-11.50) mean=-12.00 p50=-12.00 p05=-12.00 p95=-12.00
  [diag] sat-dist hist bins=60 sat<0.05=0.0% mean=0.928 p10=0.926 p90=0.931
  [diag] z-gate sat-dist hist bins=60 mean=0.122 p10=0.122 p90=0.122
  [diag] r-gate sat-dist hist bins=60 mean=0.498 p10=0.498 p90=0.498
Iter 0012040: train nll 0.423, valid error 100.000%, best valid error 100.000%, avg grad norm   0.044, avg grad norm (post clip)   0.000, rho_Whh  0.17, Omega  0.00, alpha  0.000, steps in the past 0.000, valid nll 0.323
  [diag] log10|dL/dh_t| hist bins=60 range=(-12.50,-11.50) mean=-12.00 p50=-12.00 p05=-12.00 p95=-12.00
  [diag] sat-dist hist bins=60 sat<0.05=0.0% mean=0.928 p10=0.926 p90=0.931
  [diag] z-gate sat-dist hist bins=60 mean=0.122 p10=0.122 p90=0.122
  [diag] r-gate sat-dist hist bins=60 mean=0.498 p10=0.498 p90=0.498
Iter 0012060: train nll 0.409, valid error 100.000%, best valid error 100.000%, avg grad norm   0.047, avg grad norm (post clip)   0.000, rho_Whh  0.17, Omega  0.00, alpha  0.000, steps in the past 0.000, valid nll 0.323
  [diag] log10|dL/dh_t| hist bins=60 range=(-12.50,-11.50) mean=-12.00 p50=-12.00 p05=-12.00 p95=-12.00
  [diag] sat-dist hist bins=60 sat<0.05=0.0% mean=0.928 p10=0.926 p90=0.931
  [diag] z-gate sat-dist hist bins=60 mean=0.122 p10=0.122 p90=0.122
  [diag] r-gate sat-dist hist bins=60 mean=0.498 p10=0.498 p90=0.498
Iter 0012080: train nll 0.392, valid error 100.000%, best valid error 100.000%, avg grad norm   0.047, avg grad norm (post clip)   0.000, rho_Whh  0.18, Omega  0.00, alpha  0.000, steps in the past 0.000, valid nll 0.323
  [diag] log10|dL/dh_t| hist bins=60 range=(-12.50,-11.50) mean=-12.00 p50=-12.00 p05=-12.00 p95=-12.00
  [diag] sat-dist hist bins=60 sat<0.05=0.0% mean=0.928 p10=0.926 p90=0.931
  [diag] z-gate sat-dist hist bins=60 mean=0.122 p10=0.122 p90=0.122
  [diag] r-gate sat-dist hist bins=60 mean=0.498 p10=0.498 p90=0.498
Iter 0012100: train nll 0.388, valid error 100.000%, best valid error 100.000%, avg grad norm   0.045, avg grad norm (post clip)   0.000, rho_Whh  0.18, Omega  0.00, alpha  0.000, steps in the past 0.000, valid nll 0.323
  [diag] log10|dL/dh_t| hist bins=60 range=(-12.50,-11.50) mean=-12.00 p50=-12.00 p05=-12.00 p95=-12.00
  [diag] sat-dist hist bins=60 sat<0.05=0.0% mean=0.928 p10=0.926 p90=0.931
  [diag] z-gate sat-dist hist bins=60 mean=0.122 p10=0.122 p90=0.122
  [diag] r-gate sat-dist hist bins=60 mean=0.498 p10=0.498 p90=0.498
Iter 0012120: train nll 0.391, valid error 100.000%, best valid error 100.000%, avg grad norm   0.045, avg grad norm (post clip)   0.000, rho_Whh  0.18, Omega  0.00, alpha  0.000, steps in the past 0.000, valid nll 0.323
  [diag] log10|dL/dh_t| hist bins=60 range=(-12.50,-11.50) mean=-12.00 p50=-12.00 p05=-12.00 p95=-12.00
  [diag] sat-dist hist bins=60 sat<0.05=0.0% mean=0.928 p10=0.926 p90=0.931
  [diag] z-gate sat-dist hist bins=60 mean=0.122 p10=0.122 p90=0.122
  [diag] r-gate sat-dist hist bins=60 mean=0.498 p10=0.498 p90=0.498
Iter 0012140: train nll 0.387, valid error 100.000%, best valid error 100.000%, avg grad norm   0.044, avg grad norm (post clip)   0.000, rho_Whh  0.18, Omega  0.00, alpha  0.000, steps in the past 0.000, valid nll 0.323
  [diag] log10|dL/dh_t| hist bins=60 range=(-12.50,-11.50) mean=-12.00 p50=-12.00 p05=-12.00 p95=-12.00
  [diag] sat-dist hist bins=60 sat<0.05=0.0% mean=0.929 p10=0.926 p90=0.932
  [diag] z-gate sat-dist hist bins=60 mean=0.122 p10=0.122 p90=0.122
  [diag] r-gate sat-dist hist bins=60 mean=0.498 p10=0.498 p90=0.498
Iter 0012160: train nll 0.413, valid error 100.000%, best valid error 100.000%, avg grad norm   0.039, avg grad norm (post clip)   0.000, rho_Whh  0.18, Omega  0.00, alpha  0.000, steps in the past 0.000, valid nll 0.323
  [diag] log10|dL/dh_t| hist bins=60 range=(-12.50,-11.50) mean=-12.00 p50=-12.00 p05=-12.00 p95=-12.00
  [diag] sat-dist hist bins=60 sat<0.05=0.0% mean=0.929 p10=0.927 p90=0.932
  [diag] z-gate sat-dist hist bins=60 mean=0.122 p10=0.122 p90=0.122
  [diag] r-gate sat-dist hist bins=60 mean=0.498 p10=0.498 p90=0.498
Iter 0012180: train nll 0.400, valid error 100.000%, best valid error 100.000%, avg grad norm   0.051, avg grad norm (post clip)   0.000, rho_Whh  0.18, Omega  0.00, alpha  0.000, steps in the past 0.000, valid nll 0.323
  [diag] log10|dL/dh_t| hist bins=60 range=(-12.50,-11.50) mean=-12.00 p50=-12.00 p05=-12.00 p95=-12.00
  [diag] sat-dist hist bins=60 sat<0.05=0.0% mean=0.929 p10=0.927 p90=0.932
  [diag] z-gate sat-dist hist bins=60 mean=0.122 p10=0.122 p90=0.122
  [diag] r-gate sat-dist hist bins=60 mean=0.498 p10=0.498 p90=0.498
Iter 0012200: train nll 0.379, valid error 100.000%, best valid error 100.000%, avg grad norm   0.044, avg grad norm (post clip)   0.000, rho_Whh  0.18, Omega  0.00, alpha  0.000, steps in the past 0.000, valid nll 0.323
  [diag] log10|dL/dh_t| hist bins=60 range=(-12.50,-11.50) mean=-12.00 p50=-12.00 p05=-12.00 p95=-12.00
  [diag] sat-dist hist bins=60 sat<0.05=0.0% mean=0.929 p10=0.926 p90=0.932
  [diag] z-gate sat-dist hist bins=60 mean=0.122 p10=0.122 p90=0.122
  [diag] r-gate sat-dist hist bins=60 mean=0.498 p10=0.498 p90=0.498
Iter 0012220: train nll 0.371, valid error 100.000%, best valid error 100.000%, avg grad norm   0.042, avg grad norm (post clip)   0.000, rho_Whh  0.18, Omega  0.00, alpha  0.000, steps in the past 0.000, valid nll 0.323
  [diag] log10|dL/dh_t| hist bins=60 range=(-12.50,-11.50) mean=-12.00 p50=-12.00 p05=-12.00 p95=-12.00
  [diag] sat-dist hist bins=60 sat<0.05=0.0% mean=0.929 p10=0.927 p90=0.932
  [diag] z-gate sat-dist hist bins=60 mean=0.122 p10=0.122 p90=0.122
  [diag] r-gate sat-dist hist bins=60 mean=0.498 p10=0.498 p90=0.498
Iter 0012240: train nll 0.398, valid error 100.000%, best valid error 100.000%, avg grad norm   0.039, avg grad norm (post clip)   0.000, rho_Whh  0.18, Omega  0.00, alpha  0.000, steps in the past 0.000, valid nll 0.323
  [diag] log10|dL/dh_t| hist bins=60 range=(-12.50,-11.50) mean=-12.00 p50=-12.00 p05=-12.00 p95=-12.00
  [diag] sat-dist hist bins=60 sat<0.05=0.0% mean=0.929 p10=0.927 p90=0.932
  [diag] z-gate sat-dist hist bins=60 mean=0.122 p10=0.122 p90=0.122
  [diag] r-gate sat-dist hist bins=60 mean=0.498 p10=0.498 p90=0.498
Iter 0012260: train nll 0.404, valid error 100.000%, best valid error 100.000%, avg grad norm   0.049, avg grad norm (post clip)   0.000, rho_Whh  0.18, Omega  0.00, alpha  0.000, steps in the past 0.000, valid nll 0.323
  [diag] log10|dL/dh_t| hist bins=60 range=(-12.50,-11.50) mean=-12.00 p50=-12.00 p05=-12.00 p95=-12.00
  [diag] sat-dist hist bins=60 sat<0.05=0.0% mean=0.929 p10=0.927 p90=0.932
  [diag] z-gate sat-dist hist bins=60 mean=0.122 p10=0.122 p90=0.122
  [diag] r-gate sat-dist hist bins=60 mean=0.498 p10=0.498 p90=0.498
Iter 0012280: train nll 0.393, valid error 100.000%, best valid error 100.000%, avg grad norm   0.043, avg grad norm (post clip)   0.000, rho_Whh  0.18, Omega  0.00, alpha  0.000, steps in the past 0.000, valid nll 0.323
  [diag] log10|dL/dh_t| hist bins=60 range=(-12.50,-11.50) mean=-12.00 p50=-12.00 p05=-12.00 p95=-12.00
  [diag] sat-dist hist bins=60 sat<0.05=0.0% mean=0.929 p10=0.927 p90=0.932
  [diag] z-gate sat-dist hist bins=60 mean=0.122 p10=0.122 p90=0.122
  [diag] r-gate sat-dist hist bins=60 mean=0.498 p10=0.498 p90=0.498
Iter 0012300: train nll 0.384, valid error 100.000%, best valid error 100.000%, avg grad norm   0.044, avg grad norm (post clip)   0.000, rho_Whh  0.18, Omega  0.00, alpha  0.000, steps in the past 0.000, valid nll 0.323
  [diag] log10|dL/dh_t| hist bins=60 range=(-12.50,-11.50) mean=-12.00 p50=-12.00 p05=-12.00 p95=-12.00
  [diag] sat-dist hist bins=60 sat<0.05=0.0% mean=0.930 p10=0.927 p90=0.932
  [diag] z-gate sat-dist hist bins=60 mean=0.122 p10=0.122 p90=0.122
  [diag] r-gate sat-dist hist bins=60 mean=0.498 p10=0.498 p90=0.498
Iter 0012320: train nll 0.419, valid error 100.000%, best valid error 100.000%, avg grad norm   0.049, avg grad norm (post clip)   0.000, rho_Whh  0.18, Omega  0.00, alpha  0.000, steps in the past 0.000, valid nll 0.323
  [diag] log10|dL/dh_t| hist bins=60 range=(-12.50,-11.50) mean=-12.00 p50=-12.00 p05=-12.00 p95=-12.00
  [diag] sat-dist hist bins=60 sat<0.05=0.0% mean=0.930 p10=0.928 p90=0.933
  [diag] z-gate sat-dist hist bins=60 mean=0.122 p10=0.122 p90=0.122
  [diag] r-gate sat-dist hist bins=60 mean=0.498 p10=0.498 p90=0.498
Iter 0012340: train nll 0.432, valid error 100.000%, best valid error 100.000%, avg grad norm   0.056, avg grad norm (post clip)   0.000, rho_Whh  0.18, Omega  0.00, alpha  0.000, steps in the past 0.000, valid nll 0.323
  [diag] log10|dL/dh_t| hist bins=60 range=(-12.50,-11.50) mean=-12.00 p50=-12.00 p05=-12.00 p95=-12.00
  [diag] sat-dist hist bins=60 sat<0.05=0.0% mean=0.930 p10=0.928 p90=0.933
  [diag] z-gate sat-dist hist bins=60 mean=0.122 p10=0.122 p90=0.122
  [diag] r-gate sat-dist hist bins=60 mean=0.498 p10=0.498 p90=0.498
Iter 0012360: train nll 0.401, valid error 100.000%, best valid error 100.000%, avg grad norm   0.046, avg grad norm (post clip)   0.000, rho_Whh  0.18, Omega  0.00, alpha  0.000, steps in the past 0.000, valid nll 0.323
  [diag] log10|dL/dh_t| hist bins=60 range=(-12.50,-11.50) mean=-12.00 p50=-12.00 p05=-12.00 p95=-12.00
  [diag] sat-dist hist bins=60 sat<0.05=0.0% mean=0.930 p10=0.928 p90=0.933
  [diag] z-gate sat-dist hist bins=60 mean=0.122 p10=0.122 p90=0.122
  [diag] r-gate sat-dist hist bins=60 mean=0.498 p10=0.498 p90=0.498
Iter 0012380: train nll 0.358, valid error 100.000%, best valid error 100.000%, avg grad norm   0.045, avg grad norm (post clip)   0.000, rho_Whh  0.18, Omega  0.00, alpha  0.000, steps in the past 0.000, valid nll 0.323
  [diag] log10|dL/dh_t| hist bins=60 range=(-12.50,-11.50) mean=-12.00 p50=-12.00 p05=-12.00 p95=-12.00
  [diag] sat-dist hist bins=60 sat<0.05=0.0% mean=0.930 p10=0.928 p90=0.933
  [diag] z-gate sat-dist hist bins=60 mean=0.122 p10=0.122 p90=0.122
  [diag] r-gate sat-dist hist bins=60 mean=0.498 p10=0.498 p90=0.498
Iter 0012400: train nll 0.408, valid error 100.000%, best valid error 100.000%, avg grad norm   0.047, avg grad norm (post clip)   0.000, rho_Whh  0.18, Omega  0.00, alpha  0.000, steps in the past 0.000, valid nll 0.323
  [diag] log10|dL/dh_t| hist bins=60 range=(-12.50,-11.50) mean=-12.00 p50=-12.00 p05=-12.00 p95=-12.00
  [diag] sat-dist hist bins=60 sat<0.05=0.0% mean=0.930 p10=0.928 p90=0.933
  [diag] z-gate sat-dist hist bins=60 mean=0.122 p10=0.122 p90=0.122
  [diag] r-gate sat-dist hist bins=60 mean=0.498 p10=0.498 p90=0.498
Iter 0012420: train nll 0.380, valid error 100.000%, best valid error 100.000%, avg grad norm   0.041, avg grad norm (post clip)   0.000, rho_Whh  0.18, Omega  0.00, alpha  0.000, steps in the past 0.000, valid nll 0.323
  [diag] log10|dL/dh_t| hist bins=60 range=(-12.50,-11.50) mean=-12.00 p50=-12.00 p05=-12.00 p95=-12.00
  [diag] sat-dist hist bins=60 sat<0.05=0.0% mean=0.930 p10=0.928 p90=0.933
  [diag] z-gate sat-dist hist bins=60 mean=0.122 p10=0.122 p90=0.122
  [diag] r-gate sat-dist hist bins=60 mean=0.498 p10=0.498 p90=0.498
Iter 0012440: train nll 0.413, valid error 100.000%, best valid error 100.000%, avg grad norm   0.042, avg grad norm (post clip)   0.000, rho_Whh  0.18, Omega  0.00, alpha  0.000, steps in the past 0.000, valid nll 0.323
  [diag] log10|dL/dh_t| hist bins=60 range=(-12.50,-11.50) mean=-12.00 p50=-12.00 p05=-12.00 p95=-12.00
  [diag] sat-dist hist bins=60 sat<0.05=0.0% mean=0.930 p10=0.928 p90=0.933
  [diag] z-gate sat-dist hist bins=60 mean=0.122 p10=0.122 p90=0.122
  [diag] r-gate sat-dist hist bins=60 mean=0.498 p10=0.498 p90=0.498
Iter 0012460: train nll 0.376, valid error 100.000%, best valid error 100.000%, avg grad norm   0.035, avg grad norm (post clip)   0.000, rho_Whh  0.18, Omega  0.00, alpha  0.000, steps in the past 0.000, valid nll 0.323
  [diag] log10|dL/dh_t| hist bins=60 range=(-12.50,-11.50) mean=-12.00 p50=-12.00 p05=-12.00 p95=-12.00
  [diag] sat-dist hist bins=60 sat<0.05=0.0% mean=0.931 p10=0.928 p90=0.933
  [diag] z-gate sat-dist hist bins=60 mean=0.122 p10=0.122 p90=0.122
  [diag] r-gate sat-dist hist bins=60 mean=0.498 p10=0.498 p90=0.498
Iter 0012480: train nll 0.412, valid error 100.000%, best valid error 100.000%, avg grad norm   0.040, avg grad norm (post clip)   0.000, rho_Whh  0.18, Omega  0.00, alpha  0.000, steps in the past 0.000, valid nll 0.323
  [diag] log10|dL/dh_t| hist bins=60 range=(-12.50,-11.50) mean=-12.00 p50=-12.00 p05=-12.00 p95=-12.00
  [diag] sat-dist hist bins=60 sat<0.05=0.0% mean=0.930 p10=0.928 p90=0.933
  [diag] z-gate sat-dist hist bins=60 mean=0.122 p10=0.122 p90=0.122
  [diag] r-gate sat-dist hist bins=60 mean=0.498 p10=0.498 p90=0.498
Iter 0012500: train nll 0.372, valid error 100.000%, best valid error 100.000%, avg grad norm   0.035, avg grad norm (post clip)   0.000, rho_Whh  0.18, Omega  0.00, alpha  0.000, steps in the past 0.000, valid nll 0.323
  [diag] log10|dL/dh_t| hist bins=60 range=(-12.50,-11.50) mean=-12.00 p50=-12.00 p05=-12.00 p95=-12.00
  [diag] sat-dist hist bins=60 sat<0.05=0.0% mean=0.930 p10=0.928 p90=0.933
  [diag] z-gate sat-dist hist bins=60 mean=0.122 p10=0.122 p90=0.122
  [diag] r-gate sat-dist hist bins=60 mean=0.498 p10=0.498 p90=0.498
Iter 0012520: train nll 0.385, valid error 100.000%, best valid error 100.000%, avg grad norm   0.045, avg grad norm (post clip)   0.000, rho_Whh  0.18, Omega  0.00, alpha  0.000, steps in the past 0.000, valid nll 0.323
  [diag] log10|dL/dh_t| hist bins=60 range=(-12.50,-11.50) mean=-12.00 p50=-12.00 p05=-12.00 p95=-12.00
  [diag] sat-dist hist bins=60 sat<0.05=0.0% mean=0.931 p10=0.928 p90=0.934
  [diag] z-gate sat-dist hist bins=60 mean=0.122 p10=0.122 p90=0.122
  [diag] r-gate sat-dist hist bins=60 mean=0.498 p10=0.498 p90=0.498
Iter 0012540: train nll 0.397, valid error 100.000%, best valid error 100.000%, avg grad norm   0.037, avg grad norm (post clip)   0.000, rho_Whh  0.18, Omega  0.00, alpha  0.000, steps in the past 0.000, valid nll 0.323
  [diag] log10|dL/dh_t| hist bins=60 range=(-12.50,-11.50) mean=-12.00 p50=-12.00 p05=-12.00 p95=-12.00
  [diag] sat-dist hist bins=60 sat<0.05=0.0% mean=0.931 p10=0.928 p90=0.934
  [diag] z-gate sat-dist hist bins=60 mean=0.122 p10=0.122 p90=0.122
  [diag] r-gate sat-dist hist bins=60 mean=0.498 p10=0.498 p90=0.498
Iter 0012560: train nll 0.380, valid error 100.000%, best valid error 100.000%, avg grad norm   0.047, avg grad norm (post clip)   0.000, rho_Whh  0.18, Omega  0.00, alpha  0.000, steps in the past 0.000, valid nll 0.323
  [diag] log10|dL/dh_t| hist bins=60 range=(-12.50,-11.50) mean=-12.00 p50=-12.00 p05=-12.00 p95=-12.00
  [diag] sat-dist hist bins=60 sat<0.05=0.0% mean=0.931 p10=0.928 p90=0.934
  [diag] z-gate sat-dist hist bins=60 mean=0.122 p10=0.122 p90=0.122
  [diag] r-gate sat-dist hist bins=60 mean=0.498 p10=0.498 p90=0.498
Iter 0012580: train nll 0.386, valid error 100.000%, best valid error 100.000%, avg grad norm   0.037, avg grad norm (post clip)   0.000, rho_Whh  0.18, Omega  0.00, alpha  0.000, steps in the past 0.000, valid nll 0.323
  [diag] log10|dL/dh_t| hist bins=60 range=(-12.50,-11.50) mean=-12.00 p50=-12.00 p05=-12.00 p95=-12.00
  [diag] sat-dist hist bins=60 sat<0.05=0.0% mean=0.931 p10=0.929 p90=0.934
  [diag] z-gate sat-dist hist bins=60 mean=0.122 p10=0.122 p90=0.122
  [diag] r-gate sat-dist hist bins=60 mean=0.498 p10=0.498 p90=0.498
Iter 0012600: train nll 0.430, valid error 100.000%, best valid error 100.000%, avg grad norm   0.045, avg grad norm (post clip)   0.000, rho_Whh  0.18, Omega  0.00, alpha  0.000, steps in the past 0.000, valid nll 0.323
  [diag] log10|dL/dh_t| hist bins=60 range=(-12.50,-11.50) mean=-12.00 p50=-12.00 p05=-12.00 p95=-12.00
  [diag] sat-dist hist bins=60 sat<0.05=0.0% mean=0.931 p10=0.929 p90=0.934
  [diag] z-gate sat-dist hist bins=60 mean=0.122 p10=0.122 p90=0.122
  [diag] r-gate sat-dist hist bins=60 mean=0.498 p10=0.498 p90=0.498
Iter 0012620: train nll 0.409, valid error 100.000%, best valid error 100.000%, avg grad norm   0.052, avg grad norm (post clip)   0.000, rho_Whh  0.18, Omega  0.00, alpha  0.000, steps in the past 0.000, valid nll 0.323
  [diag] log10|dL/dh_t| hist bins=60 range=(-12.50,-11.50) mean=-12.00 p50=-12.00 p05=-12.00 p95=-12.00
  [diag] sat-dist hist bins=60 sat<0.05=0.0% mean=0.931 p10=0.929 p90=0.934
  [diag] z-gate sat-dist hist bins=60 mean=0.122 p10=0.122 p90=0.122
  [diag] r-gate sat-dist hist bins=60 mean=0.498 p10=0.498 p90=0.498
Iter 0012640: train nll 0.379, valid error 100.000%, best valid error 100.000%, avg grad norm   0.041, avg grad norm (post clip)   0.000, rho_Whh  0.18, Omega  0.00, alpha  0.000, steps in the past 0.000, valid nll 0.323
  [diag] log10|dL/dh_t| hist bins=60 range=(-12.50,-11.50) mean=-12.00 p50=-12.00 p05=-12.00 p95=-12.00
  [diag] sat-dist hist bins=60 sat<0.05=0.0% mean=0.931 p10=0.929 p90=0.934
  [diag] z-gate sat-dist hist bins=60 mean=0.122 p10=0.122 p90=0.122
  [diag] r-gate sat-dist hist bins=60 mean=0.498 p10=0.498 p90=0.498
Iter 0012660: train nll 0.379, valid error 100.000%, best valid error 100.000%, avg grad norm   0.036, avg grad norm (post clip)   0.000, rho_Whh  0.18, Omega  0.00, alpha  0.000, steps in the past 0.000, valid nll 0.323
  [diag] log10|dL/dh_t| hist bins=60 range=(-12.50,-11.50) mean=-12.00 p50=-12.00 p05=-12.00 p95=-12.00
  [diag] sat-dist hist bins=60 sat<0.05=0.0% mean=0.931 p10=0.929 p90=0.934
  [diag] z-gate sat-dist hist bins=60 mean=0.122 p10=0.122 p90=0.122
  [diag] r-gate sat-dist hist bins=60 mean=0.498 p10=0.498 p90=0.498
Iter 0012680: train nll 0.380, valid error 100.000%, best valid error 100.000%, avg grad norm   0.042, avg grad norm (post clip)   0.000, rho_Whh  0.18, Omega  0.00, alpha  0.000, steps in the past 0.000, valid nll 0.323
  [diag] log10|dL/dh_t| hist bins=60 range=(-12.50,-11.50) mean=-12.00 p50=-12.00 p05=-12.00 p95=-12.00
  [diag] sat-dist hist bins=60 sat<0.05=0.0% mean=0.931 p10=0.929 p90=0.934
  [diag] z-gate sat-dist hist bins=60 mean=0.122 p10=0.122 p90=0.122
  [diag] r-gate sat-dist hist bins=60 mean=0.498 p10=0.498 p90=0.498
Iter 0012700: train nll 0.406, valid error 100.000%, best valid error 100.000%, avg grad norm   0.045, avg grad norm (post clip)   0.000, rho_Whh  0.18, Omega  0.00, alpha  0.000, steps in the past 0.000, valid nll 0.323
  [diag] log10|dL/dh_t| hist bins=60 range=(-12.50,-11.50) mean=-12.00 p50=-12.00 p05=-12.00 p95=-12.00
  [diag] sat-dist hist bins=60 sat<0.05=0.0% mean=0.932 p10=0.930 p90=0.935
  [diag] z-gate sat-dist hist bins=60 mean=0.122 p10=0.122 p90=0.122
  [diag] r-gate sat-dist hist bins=60 mean=0.498 p10=0.498 p90=0.498
Iter 0012720: train nll 0.427, valid error 100.000%, best valid error 100.000%, avg grad norm   0.052, avg grad norm (post clip)   0.000, rho_Whh  0.18, Omega  0.00, alpha  0.000, steps in the past 0.000, valid nll 0.323
  [diag] log10|dL/dh_t| hist bins=60 range=(-12.50,-11.50) mean=-12.00 p50=-12.00 p05=-12.00 p95=-12.00
  [diag] sat-dist hist bins=60 sat<0.05=0.0% mean=0.932 p10=0.929 p90=0.934
  [diag] z-gate sat-dist hist bins=60 mean=0.122 p10=0.122 p90=0.122
  [diag] r-gate sat-dist hist bins=60 mean=0.498 p10=0.498 p90=0.498
Iter 0012740: train nll 0.356, valid error 100.000%, best valid error 100.000%, avg grad norm   0.042, avg grad norm (post clip)   0.000, rho_Whh  0.18, Omega  0.00, alpha  0.000, steps in the past 0.000, valid nll 0.323
  [diag] log10|dL/dh_t| hist bins=60 range=(-12.50,-11.50) mean=-12.00 p50=-12.00 p05=-12.00 p95=-12.00
  [diag] sat-dist hist bins=60 sat<0.05=0.0% mean=0.932 p10=0.929 p90=0.934
  [diag] z-gate sat-dist hist bins=60 mean=0.122 p10=0.122 p90=0.122
  [diag] r-gate sat-dist hist bins=60 mean=0.498 p10=0.498 p90=0.498
Iter 0012760: train nll 0.384, valid error 100.000%, best valid error 100.000%, avg grad norm   0.044, avg grad norm (post clip)   0.000, rho_Whh  0.18, Omega  0.00, alpha  0.000, steps in the past 0.000, valid nll 0.323
  [diag] log10|dL/dh_t| hist bins=60 range=(-12.50,-11.50) mean=-12.00 p50=-12.00 p05=-12.00 p95=-12.00
  [diag] sat-dist hist bins=60 sat<0.05=0.0% mean=0.932 p10=0.930 p90=0.935
  [diag] z-gate sat-dist hist bins=60 mean=0.122 p10=0.122 p90=0.122
  [diag] r-gate sat-dist hist bins=60 mean=0.498 p10=0.498 p90=0.498
Iter 0012780: train nll 0.414, valid error 100.000%, best valid error 100.000%, avg grad norm   0.046, avg grad norm (post clip)   0.000, rho_Whh  0.18, Omega  0.00, alpha  0.000, steps in the past 0.000, valid nll 0.323
  [diag] log10|dL/dh_t| hist bins=60 range=(-12.50,-11.50) mean=-12.00 p50=-12.00 p05=-12.00 p95=-12.00
  [diag] sat-dist hist bins=60 sat<0.05=0.0% mean=0.932 p10=0.930 p90=0.935
  [diag] z-gate sat-dist hist bins=60 mean=0.122 p10=0.122 p90=0.122
  [diag] r-gate sat-dist hist bins=60 mean=0.498 p10=0.498 p90=0.498
Iter 0012800: train nll 0.394, valid error 100.000%, best valid error 100.000%, avg grad norm   0.045, avg grad norm (post clip)   0.000, rho_Whh  0.18, Omega  0.00, alpha  0.000, steps in the past 0.000, valid nll 0.323
  [diag] log10|dL/dh_t| hist bins=60 range=(-12.50,-11.50) mean=-12.00 p50=-12.00 p05=-12.00 p95=-12.00
  [diag] sat-dist hist bins=60 sat<0.05=0.0% mean=0.932 p10=0.930 p90=0.935
  [diag] z-gate sat-dist hist bins=60 mean=0.122 p10=0.122 p90=0.122
  [diag] r-gate sat-dist hist bins=60 mean=0.498 p10=0.498 p90=0.498
Iter 0012820: train nll 0.428, valid error 100.000%, best valid error 100.000%, avg grad norm   0.036, avg grad norm (post clip)   0.000, rho_Whh  0.18, Omega  0.00, alpha  0.000, steps in the past 0.000, valid nll 0.323
  [diag] log10|dL/dh_t| hist bins=60 range=(-12.50,-11.50) mean=-12.00 p50=-12.00 p05=-12.00 p95=-12.00
  [diag] sat-dist hist bins=60 sat<0.05=0.0% mean=0.932 p10=0.930 p90=0.935
  [diag] z-gate sat-dist hist bins=60 mean=0.122 p10=0.122 p90=0.122
  [diag] r-gate sat-dist hist bins=60 mean=0.498 p10=0.498 p90=0.498
Iter 0012840: train nll 0.385, valid error 100.000%, best valid error 100.000%, avg grad norm   0.045, avg grad norm (post clip)   0.000, rho_Whh  0.18, Omega  0.00, alpha  0.000, steps in the past 0.000, valid nll 0.323
  [diag] log10|dL/dh_t| hist bins=60 range=(-12.50,-11.50) mean=-12.00 p50=-12.00 p05=-12.00 p95=-12.00
  [diag] sat-dist hist bins=60 sat<0.05=0.0% mean=0.932 p10=0.930 p90=0.935
  [diag] z-gate sat-dist hist bins=60 mean=0.122 p10=0.122 p90=0.122
  [diag] r-gate sat-dist hist bins=60 mean=0.498 p10=0.498 p90=0.498
Iter 0012860: train nll 0.382, valid error 100.000%, best valid error 100.000%, avg grad norm   0.047, avg grad norm (post clip)   0.000, rho_Whh  0.18, Omega  0.00, alpha  0.000, steps in the past 0.000, valid nll 0.323
  [diag] log10|dL/dh_t| hist bins=60 range=(-12.50,-11.50) mean=-12.00 p50=-12.00 p05=-12.00 p95=-12.00
  [diag] sat-dist hist bins=60 sat<0.05=0.0% mean=0.933 p10=0.931 p90=0.935
  [diag] z-gate sat-dist hist bins=60 mean=0.122 p10=0.122 p90=0.122
  [diag] r-gate sat-dist hist bins=60 mean=0.498 p10=0.498 p90=0.498
Iter 0012880: train nll 0.407, valid error 100.000%, best valid error 100.000%, avg grad norm   0.045, avg grad norm (post clip)   0.000, rho_Whh  0.18, Omega  0.00, alpha  0.000, steps in the past 0.000, valid nll 0.323
  [diag] log10|dL/dh_t| hist bins=60 range=(-12.50,-11.50) mean=-12.00 p50=-12.00 p05=-12.00 p95=-12.00
  [diag] sat-dist hist bins=60 sat<0.05=0.0% mean=0.933 p10=0.931 p90=0.936
  [diag] z-gate sat-dist hist bins=60 mean=0.122 p10=0.122 p90=0.122
  [diag] r-gate sat-dist hist bins=60 mean=0.498 p10=0.498 p90=0.498
Iter 0012900: train nll 0.420, valid error 100.000%, best valid error 100.000%, avg grad norm   0.043, avg grad norm (post clip)   0.000, rho_Whh  0.18, Omega  0.00, alpha  0.000, steps in the past 0.000, valid nll 0.323
  [diag] log10|dL/dh_t| hist bins=60 range=(-12.50,-11.50) mean=-12.00 p50=-12.00 p05=-12.00 p95=-12.00
  [diag] sat-dist hist bins=60 sat<0.05=0.0% mean=0.933 p10=0.931 p90=0.936
  [diag] z-gate sat-dist hist bins=60 mean=0.122 p10=0.122 p90=0.122
  [diag] r-gate sat-dist hist bins=60 mean=0.498 p10=0.498 p90=0.498
Iter 0012920: train nll 0.396, valid error 100.000%, best valid error 100.000%, avg grad norm   0.037, avg grad norm (post clip)   0.000, rho_Whh  0.18, Omega  0.00, alpha  0.000, steps in the past 0.000, valid nll 0.323
  [diag] log10|dL/dh_t| hist bins=60 range=(-12.50,-11.50) mean=-12.00 p50=-12.00 p05=-12.00 p95=-12.00
  [diag] sat-dist hist bins=60 sat<0.05=0.0% mean=0.933 p10=0.931 p90=0.935
  [diag] z-gate sat-dist hist bins=60 mean=0.122 p10=0.122 p90=0.122
  [diag] r-gate sat-dist hist bins=60 mean=0.498 p10=0.498 p90=0.498
Iter 0012940: train nll 0.353, valid error 100.000%, best valid error 100.000%, avg grad norm   0.045, avg grad norm (post clip)   0.000, rho_Whh  0.18, Omega  0.00, alpha  0.000, steps in the past 0.000, valid nll 0.323
  [diag] log10|dL/dh_t| hist bins=60 range=(-12.50,-11.50) mean=-12.00 p50=-12.00 p05=-12.00 p95=-12.00
  [diag] sat-dist hist bins=60 sat<0.05=0.0% mean=0.933 p10=0.931 p90=0.935
  [diag] z-gate sat-dist hist bins=60 mean=0.122 p10=0.122 p90=0.122
  [diag] r-gate sat-dist hist bins=60 mean=0.498 p10=0.498 p90=0.498
Iter 0012960: train nll 0.400, valid error 100.000%, best valid error 100.000%, avg grad norm   0.054, avg grad norm (post clip)   0.000, rho_Whh  0.18, Omega  0.00, alpha  0.000, steps in the past 0.000, valid nll 0.323
  [diag] log10|dL/dh_t| hist bins=60 range=(-12.50,-11.50) mean=-12.00 p50=-12.00 p05=-12.00 p95=-12.00
  [diag] sat-dist hist bins=60 sat<0.05=0.0% mean=0.933 p10=0.931 p90=0.936
  [diag] z-gate sat-dist hist bins=60 mean=0.122 p10=0.122 p90=0.122
  [diag] r-gate sat-dist hist bins=60 mean=0.498 p10=0.498 p90=0.498
Iter 0012980: train nll 0.420, valid error 100.000%, best valid error 100.000%, avg grad norm   0.049, avg grad norm (post clip)   0.000, rho_Whh  0.18, Omega  0.00, alpha  0.000, steps in the past 0.000, valid nll 0.323
  [diag] log10|dL/dh_t| hist bins=60 range=(-12.50,-11.50) mean=-12.00 p50=-12.00 p05=-12.00 p95=-12.00
  [diag] sat-dist hist bins=60 sat<0.05=0.0% mean=0.933 p10=0.931 p90=0.936
  [diag] z-gate sat-dist hist bins=60 mean=0.122 p10=0.122 p90=0.122
  [diag] r-gate sat-dist hist bins=60 mean=0.498 p10=0.498 p90=0.498
Iter 0013000: train nll 0.360, valid error 100.000%, best valid error 100.000%, avg grad norm   0.036, avg grad norm (post clip)   0.000, rho_Whh  0.18, Omega  0.00, alpha  0.000, steps in the past 0.000, valid nll 0.323
  [diag] log10|dL/dh_t| hist bins=60 range=(-12.50,-11.50) mean=-12.00 p50=-12.00 p05=-12.00 p95=-12.00
  [diag] sat-dist hist bins=60 sat<0.05=0.0% mean=0.933 p10=0.931 p90=0.935
  [diag] z-gate sat-dist hist bins=60 mean=0.122 p10=0.122 p90=0.122
  [diag] r-gate sat-dist hist bins=60 mean=0.498 p10=0.498 p90=0.498
Iter 0013020: train nll 0.374, valid error 100.000%, best valid error 100.000%, avg grad norm   0.035, avg grad norm (post clip)   0.000, rho_Whh  0.18, Omega  0.00, alpha  0.000, steps in the past 0.000, valid nll 0.323
  [diag] log10|dL/dh_t| hist bins=60 range=(-12.50,-11.50) mean=-12.00 p50=-12.00 p05=-12.00 p95=-12.00
  [diag] sat-dist hist bins=60 sat<0.05=0.0% mean=0.933 p10=0.931 p90=0.935
  [diag] z-gate sat-dist hist bins=60 mean=0.122 p10=0.122 p90=0.122
  [diag] r-gate sat-dist hist bins=60 mean=0.498 p10=0.498 p90=0.498
Iter 0013040: train nll 0.350, valid error 100.000%, best valid error 100.000%, avg grad norm   0.039, avg grad norm (post clip)   0.000, rho_Whh  0.18, Omega  0.00, alpha  0.000, steps in the past 0.000, valid nll 0.323
  [diag] log10|dL/dh_t| hist bins=60 range=(-12.50,-11.50) mean=-12.00 p50=-12.00 p05=-12.00 p95=-12.00
  [diag] sat-dist hist bins=60 sat<0.05=0.0% mean=0.933 p10=0.931 p90=0.935
  [diag] z-gate sat-dist hist bins=60 mean=0.122 p10=0.122 p90=0.122
  [diag] r-gate sat-dist hist bins=60 mean=0.498 p10=0.498 p90=0.498
Iter 0013060: train nll 0.380, valid error 100.000%, best valid error 100.000%, avg grad norm   0.045, avg grad norm (post clip)   0.000, rho_Whh  0.18, Omega  0.00, alpha  0.000, steps in the past 0.000, valid nll 0.323
  [diag] log10|dL/dh_t| hist bins=60 range=(-12.50,-11.50) mean=-12.00 p50=-12.00 p05=-12.00 p95=-12.00
  [diag] sat-dist hist bins=60 sat<0.05=0.0% mean=0.933 p10=0.931 p90=0.935
  [diag] z-gate sat-dist hist bins=60 mean=0.122 p10=0.122 p90=0.122
  [diag] r-gate sat-dist hist bins=60 mean=0.498 p10=0.498 p90=0.498
Iter 0013080: train nll 0.397, valid error 100.000%, best valid error 100.000%, avg grad norm   0.051, avg grad norm (post clip)   0.000, rho_Whh  0.18, Omega  0.00, alpha  0.000, steps in the past 0.000, valid nll 0.323
  [diag] log10|dL/dh_t| hist bins=60 range=(-12.50,-11.50) mean=-12.00 p50=-12.00 p05=-12.00 p95=-12.00
  [diag] sat-dist hist bins=60 sat<0.05=0.0% mean=0.933 p10=0.931 p90=0.936
  [diag] z-gate sat-dist hist bins=60 mean=0.122 p10=0.122 p90=0.122
  [diag] r-gate sat-dist hist bins=60 mean=0.498 p10=0.498 p90=0.498
Iter 0013100: train nll 0.427, valid error 100.000%, best valid error 100.000%, avg grad norm   0.054, avg grad norm (post clip)   0.000, rho_Whh  0.18, Omega  0.00, alpha  0.000, steps in the past 0.000, valid nll 0.323
  [diag] log10|dL/dh_t| hist bins=60 range=(-12.50,-11.50) mean=-12.00 p50=-12.00 p05=-12.00 p95=-12.00
  [diag] sat-dist hist bins=60 sat<0.05=0.0% mean=0.933 p10=0.931 p90=0.936
  [diag] z-gate sat-dist hist bins=60 mean=0.122 p10=0.122 p90=0.122
  [diag] r-gate sat-dist hist bins=60 mean=0.498 p10=0.498 p90=0.498
Iter 0013120: train nll 0.405, valid error 100.000%, best valid error 100.000%, avg grad norm   0.042, avg grad norm (post clip)   0.000, rho_Whh  0.18, Omega  0.00, alpha  0.000, steps in the past 0.000, valid nll 0.323
  [diag] log10|dL/dh_t| hist bins=60 range=(-12.50,-11.50) mean=-12.00 p50=-12.00 p05=-12.00 p95=-12.00
  [diag] sat-dist hist bins=60 sat<0.05=0.0% mean=0.933 p10=0.931 p90=0.936
  [diag] z-gate sat-dist hist bins=60 mean=0.122 p10=0.122 p90=0.122
  [diag] r-gate sat-dist hist bins=60 mean=0.498 p10=0.498 p90=0.498
Iter 0013140: train nll 0.373, valid error 100.000%, best valid error 100.000%, avg grad norm   0.035, avg grad norm (post clip)   0.000, rho_Whh  0.18, Omega  0.00, alpha  0.000, steps in the past 0.000, valid nll 0.323
  [diag] log10|dL/dh_t| hist bins=60 range=(-12.50,-11.50) mean=-12.00 p50=-12.00 p05=-12.00 p95=-12.00
  [diag] sat-dist hist bins=60 sat<0.05=0.0% mean=0.933 p10=0.931 p90=0.936
  [diag] z-gate sat-dist hist bins=60 mean=0.122 p10=0.122 p90=0.122
  [diag] r-gate sat-dist hist bins=60 mean=0.498 p10=0.498 p90=0.498
Iter 0013160: train nll 0.372, valid error 100.000%, best valid error 100.000%, avg grad norm   0.040, avg grad norm (post clip)   0.000, rho_Whh  0.18, Omega  0.00, alpha  0.000, steps in the past 0.000, valid nll 0.323
  [diag] log10|dL/dh_t| hist bins=60 range=(-12.50,-11.50) mean=-12.00 p50=-12.00 p05=-12.00 p95=-12.00
  [diag] sat-dist hist bins=60 sat<0.05=0.0% mean=0.933 p10=0.931 p90=0.936
  [diag] z-gate sat-dist hist bins=60 mean=0.122 p10=0.122 p90=0.122
  [diag] r-gate sat-dist hist bins=60 mean=0.498 p10=0.498 p90=0.498
Iter 0013180: train nll 0.406, valid error 100.000%, best valid error 100.000%, avg grad norm   0.048, avg grad norm (post clip)   0.000, rho_Whh  0.18, Omega  0.00, alpha  0.000, steps in the past 0.000, valid nll 0.323
  [diag] log10|dL/dh_t| hist bins=60 range=(-12.50,-11.50) mean=-12.00 p50=-12.00 p05=-12.00 p95=-12.00
  [diag] sat-dist hist bins=60 sat<0.05=0.0% mean=0.933 p10=0.931 p90=0.936
  [diag] z-gate sat-dist hist bins=60 mean=0.122 p10=0.122 p90=0.122
  [diag] r-gate sat-dist hist bins=60 mean=0.498 p10=0.498 p90=0.498
Iter 0013200: train nll 0.369, valid error 100.000%, best valid error 100.000%, avg grad norm   0.045, avg grad norm (post clip)   0.000, rho_Whh  0.18, Omega  0.00, alpha  0.000, steps in the past 0.000, valid nll 0.322
  [diag] log10|dL/dh_t| hist bins=60 range=(-12.50,-11.50) mean=-12.00 p50=-12.00 p05=-12.00 p95=-12.00
  [diag] sat-dist hist bins=60 sat<0.05=0.0% mean=0.933 p10=0.931 p90=0.936
  [diag] z-gate sat-dist hist bins=60 mean=0.122 p10=0.122 p90=0.122
  [diag] r-gate sat-dist hist bins=60 mean=0.498 p10=0.498 p90=0.498
Iter 0013220: train nll 0.373, valid error 100.000%, best valid error 100.000%, avg grad norm   0.048, avg grad norm (post clip)   0.000, rho_Whh  0.18, Omega  0.00, alpha  0.000, steps in the past 0.000, valid nll 0.322
  [diag] log10|dL/dh_t| hist bins=60 range=(-12.50,-11.50) mean=-12.00 p50=-12.00 p05=-12.00 p95=-12.00
  [diag] sat-dist hist bins=60 sat<0.05=0.0% mean=0.934 p10=0.932 p90=0.936
  [diag] z-gate sat-dist hist bins=60 mean=0.122 p10=0.122 p90=0.122
  [diag] r-gate sat-dist hist bins=60 mean=0.498 p10=0.498 p90=0.498
Iter 0013240: train nll 0.412, valid error 100.000%, best valid error 100.000%, avg grad norm   0.044, avg grad norm (post clip)   0.000, rho_Whh  0.18, Omega  0.00, alpha  0.000, steps in the past 0.000, valid nll 0.322
  [diag] log10|dL/dh_t| hist bins=60 range=(-12.50,-11.50) mean=-12.00 p50=-12.00 p05=-12.00 p95=-12.00
  [diag] sat-dist hist bins=60 sat<0.05=0.0% mean=0.934 p10=0.932 p90=0.936
  [diag] z-gate sat-dist hist bins=60 mean=0.122 p10=0.122 p90=0.122
  [diag] r-gate sat-dist hist bins=60 mean=0.498 p10=0.498 p90=0.498
Iter 0013260: train nll 0.418, valid error 100.000%, best valid error 100.000%, avg grad norm   0.051, avg grad norm (post clip)   0.000, rho_Whh  0.18, Omega  0.00, alpha  0.000, steps in the past 0.000, valid nll 0.323
  [diag] log10|dL/dh_t| hist bins=60 range=(-12.50,-11.50) mean=-12.00 p50=-12.00 p05=-12.00 p95=-12.00
  [diag] sat-dist hist bins=60 sat<0.05=0.0% mean=0.934 p10=0.932 p90=0.936
  [diag] z-gate sat-dist hist bins=60 mean=0.122 p10=0.122 p90=0.122
  [diag] r-gate sat-dist hist bins=60 mean=0.498 p10=0.498 p90=0.498
Iter 0013280: train nll 0.374, valid error 100.000%, best valid error 100.000%, avg grad norm   0.034, avg grad norm (post clip)   0.000, rho_Whh  0.18, Omega  0.00, alpha  0.000, steps in the past 0.000, valid nll 0.322
  [diag] log10|dL/dh_t| hist bins=60 range=(-12.50,-11.50) mean=-12.00 p50=-12.00 p05=-12.00 p95=-12.00
  [diag] sat-dist hist bins=60 sat<0.05=0.0% mean=0.934 p10=0.932 p90=0.937
  [diag] z-gate sat-dist hist bins=60 mean=0.122 p10=0.122 p90=0.122
  [diag] r-gate sat-dist hist bins=60 mean=0.498 p10=0.498 p90=0.498
Iter 0013300: train nll 0.432, valid error 100.000%, best valid error 100.000%, avg grad norm   0.044, avg grad norm (post clip)   0.000, rho_Whh  0.18, Omega  0.00, alpha  0.000, steps in the past 0.000, valid nll 0.323
  [diag] log10|dL/dh_t| hist bins=60 range=(-12.50,-11.50) mean=-12.00 p50=-12.00 p05=-12.00 p95=-12.00
  [diag] sat-dist hist bins=60 sat<0.05=0.0% mean=0.934 p10=0.932 p90=0.937
  [diag] z-gate sat-dist hist bins=60 mean=0.122 p10=0.122 p90=0.122
  [diag] r-gate sat-dist hist bins=60 mean=0.498 p10=0.498 p90=0.498
Iter 0013320: train nll 0.364, valid error 100.000%, best valid error 100.000%, avg grad norm   0.040, avg grad norm (post clip)   0.000, rho_Whh  0.18, Omega  0.00, alpha  0.000, steps in the past 0.000, valid nll 0.322
  [diag] log10|dL/dh_t| hist bins=60 range=(-12.50,-11.50) mean=-12.00 p50=-12.00 p05=-12.00 p95=-12.00
  [diag] sat-dist hist bins=60 sat<0.05=0.0% mean=0.934 p10=0.932 p90=0.937
  [diag] z-gate sat-dist hist bins=60 mean=0.122 p10=0.122 p90=0.122
  [diag] r-gate sat-dist hist bins=60 mean=0.498 p10=0.498 p90=0.498
Iter 0013340: train nll 0.368, valid error 100.000%, best valid error 100.000%, avg grad norm   0.034, avg grad norm (post clip)   0.000, rho_Whh  0.18, Omega  0.00, alpha  0.000, steps in the past 0.000, valid nll 0.322
  [diag] log10|dL/dh_t| hist bins=60 range=(-12.50,-11.50) mean=-12.00 p50=-12.00 p05=-12.00 p95=-12.00
  [diag] sat-dist hist bins=60 sat<0.05=0.0% mean=0.934 p10=0.932 p90=0.936
  [diag] z-gate sat-dist hist bins=60 mean=0.122 p10=0.122 p90=0.122
  [diag] r-gate sat-dist hist bins=60 mean=0.498 p10=0.498 p90=0.498
Iter 0013360: train nll 0.365, valid error 100.000%, best valid error 100.000%, avg grad norm   0.042, avg grad norm (post clip)   0.000, rho_Whh  0.18, Omega  0.00, alpha  0.000, steps in the past 0.000, valid nll 0.322
  [diag] log10|dL/dh_t| hist bins=60 range=(-12.50,-11.50) mean=-12.00 p50=-12.00 p05=-12.00 p95=-12.00
  [diag] sat-dist hist bins=60 sat<0.05=0.0% mean=0.934 p10=0.932 p90=0.936
  [diag] z-gate sat-dist hist bins=60 mean=0.122 p10=0.122 p90=0.122
  [diag] r-gate sat-dist hist bins=60 mean=0.498 p10=0.498 p90=0.498
Iter 0013380: train nll 0.387, valid error 100.000%, best valid error 100.000%, avg grad norm   0.049, avg grad norm (post clip)   0.000, rho_Whh  0.18, Omega  0.00, alpha  0.000, steps in the past 0.000, valid nll 0.322
  [diag] log10|dL/dh_t| hist bins=60 range=(-12.50,-11.50) mean=-12.00 p50=-12.00 p05=-12.00 p95=-12.00
  [diag] sat-dist hist bins=60 sat<0.05=0.0% mean=0.934 p10=0.932 p90=0.937
  [diag] z-gate sat-dist hist bins=60 mean=0.122 p10=0.122 p90=0.122
  [diag] r-gate sat-dist hist bins=60 mean=0.498 p10=0.498 p90=0.498
Iter 0013400: train nll 0.414, valid error 100.000%, best valid error 100.000%, avg grad norm   0.050, avg grad norm (post clip)   0.000, rho_Whh  0.18, Omega  0.00, alpha  0.000, steps in the past 0.000, valid nll 0.322
  [diag] log10|dL/dh_t| hist bins=60 range=(-12.50,-11.50) mean=-12.00 p50=-12.00 p05=-12.00 p95=-12.00
  [diag] sat-dist hist bins=60 sat<0.05=0.0% mean=0.935 p10=0.933 p90=0.937
  [diag] z-gate sat-dist hist bins=60 mean=0.122 p10=0.122 p90=0.122
  [diag] r-gate sat-dist hist bins=60 mean=0.498 p10=0.498 p90=0.498
Iter 0013420: train nll 0.449, valid error 100.000%, best valid error 100.000%, avg grad norm   0.051, avg grad norm (post clip)   0.000, rho_Whh  0.18, Omega  0.00, alpha  0.000, steps in the past 0.000, valid nll 0.323
  [diag] log10|dL/dh_t| hist bins=60 range=(-12.50,-11.50) mean=-12.00 p50=-12.00 p05=-12.00 p95=-12.00
  [diag] sat-dist hist bins=60 sat<0.05=0.0% mean=0.935 p10=0.933 p90=0.937
  [diag] z-gate sat-dist hist bins=60 mean=0.122 p10=0.122 p90=0.122
  [diag] r-gate sat-dist hist bins=60 mean=0.498 p10=0.498 p90=0.498
Iter 0013440: train nll 0.387, valid error 100.000%, best valid error 100.000%, avg grad norm   0.047, avg grad norm (post clip)   0.000, rho_Whh  0.18, Omega  0.00, alpha  0.000, steps in the past 0.000, valid nll 0.323
  [diag] log10|dL/dh_t| hist bins=60 range=(-12.50,-11.50) mean=-12.00 p50=-12.00 p05=-12.00 p95=-12.00
  [diag] sat-dist hist bins=60 sat<0.05=0.0% mean=0.935 p10=0.933 p90=0.938
  [diag] z-gate sat-dist hist bins=60 mean=0.122 p10=0.122 p90=0.122
  [diag] r-gate sat-dist hist bins=60 mean=0.498 p10=0.498 p90=0.498
Iter 0013460: train nll 0.398, valid error 100.000%, best valid error 100.000%, avg grad norm   0.052, avg grad norm (post clip)   0.000, rho_Whh  0.18, Omega  0.00, alpha  0.000, steps in the past 0.000, valid nll 0.323
  [diag] log10|dL/dh_t| hist bins=60 range=(-12.50,-11.50) mean=-12.00 p50=-12.00 p05=-12.00 p95=-12.00
  [diag] sat-dist hist bins=60 sat<0.05=0.0% mean=0.935 p10=0.933 p90=0.937
  [diag] z-gate sat-dist hist bins=60 mean=0.122 p10=0.122 p90=0.122
  [diag] r-gate sat-dist hist bins=60 mean=0.498 p10=0.498 p90=0.498
Iter 0013480: train nll 0.367, valid error 100.000%, best valid error 100.000%, avg grad norm   0.043, avg grad norm (post clip)   0.000, rho_Whh  0.18, Omega  0.00, alpha  0.000, steps in the past 0.000, valid nll 0.322
  [diag] log10|dL/dh_t| hist bins=60 range=(-12.50,-11.50) mean=-12.00 p50=-12.00 p05=-12.00 p95=-12.00
  [diag] sat-dist hist bins=60 sat<0.05=0.0% mean=0.935 p10=0.933 p90=0.937
  [diag] z-gate sat-dist hist bins=60 mean=0.122 p10=0.122 p90=0.122
  [diag] r-gate sat-dist hist bins=60 mean=0.498 p10=0.498 p90=0.498
Iter 0013500: train nll 0.387, valid error 100.000%, best valid error 100.000%, avg grad norm   0.042, avg grad norm (post clip)   0.000, rho_Whh  0.18, Omega  0.00, alpha  0.000, steps in the past 0.000, valid nll 0.322
  [diag] log10|dL/dh_t| hist bins=60 range=(-12.50,-11.50) mean=-12.00 p50=-12.00 p05=-12.00 p95=-12.00
  [diag] sat-dist hist bins=60 sat<0.05=0.0% mean=0.935 p10=0.933 p90=0.938
  [diag] z-gate sat-dist hist bins=60 mean=0.122 p10=0.122 p90=0.122
  [diag] r-gate sat-dist hist bins=60 mean=0.498 p10=0.498 p90=0.498
Iter 0013520: train nll 0.388, valid error 100.000%, best valid error 100.000%, avg grad norm   0.055, avg grad norm (post clip)   0.000, rho_Whh  0.18, Omega  0.00, alpha  0.000, steps in the past 0.000, valid nll 0.322
  [diag] log10|dL/dh_t| hist bins=60 range=(-12.50,-11.50) mean=-12.00 p50=-12.00 p05=-12.00 p95=-12.00
  [diag] sat-dist hist bins=60 sat<0.05=0.0% mean=0.935 p10=0.933 p90=0.938
  [diag] z-gate sat-dist hist bins=60 mean=0.122 p10=0.122 p90=0.122
  [diag] r-gate sat-dist hist bins=60 mean=0.498 p10=0.498 p90=0.498
Iter 0013540: train nll 0.412, valid error 100.000%, best valid error 100.000%, avg grad norm   0.045, avg grad norm (post clip)   0.000, rho_Whh  0.18, Omega  0.00, alpha  0.000, steps in the past 0.000, valid nll 0.322
  [diag] log10|dL/dh_t| hist bins=60 range=(-12.50,-11.50) mean=-12.00 p50=-12.00 p05=-12.00 p95=-12.00
  [diag] sat-dist hist bins=60 sat<0.05=0.0% mean=0.935 p10=0.934 p90=0.938
  [diag] z-gate sat-dist hist bins=60 mean=0.122 p10=0.122 p90=0.122
  [diag] r-gate sat-dist hist bins=60 mean=0.498 p10=0.498 p90=0.498
Iter 0013560: train nll 0.399, valid error 100.000%, best valid error 100.000%, avg grad norm   0.040, avg grad norm (post clip)   0.000, rho_Whh  0.18, Omega  0.00, alpha  0.000, steps in the past 0.000, valid nll 0.322
  [diag] log10|dL/dh_t| hist bins=60 range=(-12.50,-11.50) mean=-12.00 p50=-12.00 p05=-12.00 p95=-12.00
  [diag] sat-dist hist bins=60 sat<0.05=0.0% mean=0.935 p10=0.934 p90=0.938
  [diag] z-gate sat-dist hist bins=60 mean=0.122 p10=0.122 p90=0.122
  [diag] r-gate sat-dist hist bins=60 mean=0.498 p10=0.498 p90=0.498
Iter 0013580: train nll 0.387, valid error 100.000%, best valid error 100.000%, avg grad norm   0.032, avg grad norm (post clip)   0.000, rho_Whh  0.18, Omega  0.00, alpha  0.000, steps in the past 0.000, valid nll 0.322
  [diag] log10|dL/dh_t| hist bins=60 range=(-12.50,-11.50) mean=-12.00 p50=-12.00 p05=-12.00 p95=-12.00
  [diag] sat-dist hist bins=60 sat<0.05=0.0% mean=0.935 p10=0.933 p90=0.938
  [diag] z-gate sat-dist hist bins=60 mean=0.122 p10=0.122 p90=0.122
  [diag] r-gate sat-dist hist bins=60 mean=0.498 p10=0.498 p90=0.498
Iter 0013600: train nll 0.369, valid error 100.000%, best valid error 100.000%, avg grad norm   0.040, avg grad norm (post clip)   0.000, rho_Whh  0.18, Omega  0.00, alpha  0.000, steps in the past 0.000, valid nll 0.322
  [diag] log10|dL/dh_t| hist bins=60 range=(-12.50,-11.50) mean=-12.00 p50=-12.00 p05=-12.00 p95=-12.00
  [diag] sat-dist hist bins=60 sat<0.05=0.0% mean=0.935 p10=0.933 p90=0.938
  [diag] z-gate sat-dist hist bins=60 mean=0.122 p10=0.122 p90=0.122
  [diag] r-gate sat-dist hist bins=60 mean=0.498 p10=0.498 p90=0.498
Iter 0013620: train nll 0.355, valid error 100.000%, best valid error 100.000%, avg grad norm   0.039, avg grad norm (post clip)   0.000, rho_Whh  0.18, Omega  0.00, alpha  0.000, steps in the past 0.000, valid nll 0.322
  [diag] log10|dL/dh_t| hist bins=60 range=(-12.50,-11.50) mean=-12.00 p50=-12.00 p05=-12.00 p95=-12.00
  [diag] sat-dist hist bins=60 sat<0.05=0.0% mean=0.935 p10=0.933 p90=0.938
  [diag] z-gate sat-dist hist bins=60 mean=0.122 p10=0.122 p90=0.122
  [diag] r-gate sat-dist hist bins=60 mean=0.498 p10=0.498 p90=0.498
Iter 0013640: train nll 0.394, valid error 100.000%, best valid error 100.000%, avg grad norm   0.058, avg grad norm (post clip)   0.000, rho_Whh  0.18, Omega  0.00, alpha  0.000, steps in the past 0.000, valid nll 0.322
  [diag] log10|dL/dh_t| hist bins=60 range=(-12.50,-11.50) mean=-12.00 p50=-12.00 p05=-12.00 p95=-12.00
  [diag] sat-dist hist bins=60 sat<0.05=0.0% mean=0.935 p10=0.934 p90=0.938
  [diag] z-gate sat-dist hist bins=60 mean=0.122 p10=0.122 p90=0.122
  [diag] r-gate sat-dist hist bins=60 mean=0.498 p10=0.498 p90=0.498
Iter 0013660: train nll 0.406, valid error 100.000%, best valid error 100.000%, avg grad norm   0.040, avg grad norm (post clip)   0.000, rho_Whh  0.18, Omega  0.00, alpha  0.000, steps in the past 0.000, valid nll 0.322
  [diag] log10|dL/dh_t| hist bins=60 range=(-12.50,-11.50) mean=-12.00 p50=-12.00 p05=-12.00 p95=-12.00
  [diag] sat-dist hist bins=60 sat<0.05=0.0% mean=0.935 p10=0.934 p90=0.938
  [diag] z-gate sat-dist hist bins=60 mean=0.122 p10=0.122 p90=0.122
  [diag] r-gate sat-dist hist bins=60 mean=0.498 p10=0.498 p90=0.498
Iter 0013680: train nll 0.386, valid error 100.000%, best valid error 100.000%, avg grad norm   0.039, avg grad norm (post clip)   0.000, rho_Whh  0.18, Omega  0.00, alpha  0.000, steps in the past 0.000, valid nll 0.322
  [diag] log10|dL/dh_t| hist bins=60 range=(-12.50,-11.50) mean=-12.00 p50=-12.00 p05=-12.00 p95=-12.00
  [diag] sat-dist hist bins=60 sat<0.05=0.0% mean=0.935 p10=0.934 p90=0.938
  [diag] z-gate sat-dist hist bins=60 mean=0.122 p10=0.122 p90=0.122
  [diag] r-gate sat-dist hist bins=60 mean=0.498 p10=0.498 p90=0.498
Iter 0013700: train nll 0.370, valid error 100.000%, best valid error 100.000%, avg grad norm   0.039, avg grad norm (post clip)   0.000, rho_Whh  0.18, Omega  0.00, alpha  0.000, steps in the past 0.000, valid nll 0.322
  [diag] log10|dL/dh_t| hist bins=60 range=(-12.50,-11.50) mean=-12.00 p50=-12.00 p05=-12.00 p95=-12.00
  [diag] sat-dist hist bins=60 sat<0.05=0.0% mean=0.935 p10=0.934 p90=0.938
  [diag] z-gate sat-dist hist bins=60 mean=0.122 p10=0.122 p90=0.122
  [diag] r-gate sat-dist hist bins=60 mean=0.498 p10=0.498 p90=0.498
Iter 0013720: train nll 0.390, valid error 100.000%, best valid error 100.000%, avg grad norm   0.053, avg grad norm (post clip)   0.000, rho_Whh  0.18, Omega  0.00, alpha  0.000, steps in the past 0.000, valid nll 0.322
  [diag] log10|dL/dh_t| hist bins=60 range=(-12.50,-11.50) mean=-12.00 p50=-12.00 p05=-12.00 p95=-12.00
  [diag] sat-dist hist bins=60 sat<0.05=0.0% mean=0.936 p10=0.934 p90=0.938
  [diag] z-gate sat-dist hist bins=60 mean=0.122 p10=0.122 p90=0.122
  [diag] r-gate sat-dist hist bins=60 mean=0.498 p10=0.498 p90=0.498
Iter 0013740: train nll 0.415, valid error 100.000%, best valid error 100.000%, avg grad norm   0.043, avg grad norm (post clip)   0.000, rho_Whh  0.18, Omega  0.00, alpha  0.000, steps in the past 0.000, valid nll 0.322
  [diag] log10|dL/dh_t| hist bins=60 range=(-12.50,-11.50) mean=-12.00 p50=-12.00 p05=-12.00 p95=-12.00
  [diag] sat-dist hist bins=60 sat<0.05=0.0% mean=0.936 p10=0.934 p90=0.938
  [diag] z-gate sat-dist hist bins=60 mean=0.122 p10=0.122 p90=0.122
  [diag] r-gate sat-dist hist bins=60 mean=0.498 p10=0.498 p90=0.498
Iter 0013760: train nll 0.363, valid error 100.000%, best valid error 100.000%, avg grad norm   0.045, avg grad norm (post clip)   0.000, rho_Whh  0.18, Omega  0.00, alpha  0.000, steps in the past 0.000, valid nll 0.322
  [diag] log10|dL/dh_t| hist bins=60 range=(-12.50,-11.50) mean=-12.00 p50=-12.00 p05=-12.00 p95=-12.00
  [diag] sat-dist hist bins=60 sat<0.05=0.0% mean=0.936 p10=0.934 p90=0.938
  [diag] z-gate sat-dist hist bins=60 mean=0.122 p10=0.122 p90=0.122
  [diag] r-gate sat-dist hist bins=60 mean=0.498 p10=0.498 p90=0.498
Iter 0013780: train nll 0.387, valid error 100.000%, best valid error 100.000%, avg grad norm   0.045, avg grad norm (post clip)   0.000, rho_Whh  0.18, Omega  0.00, alpha  0.000, steps in the past 0.000, valid nll 0.322
  [diag] log10|dL/dh_t| hist bins=60 range=(-12.50,-11.50) mean=-12.00 p50=-12.00 p05=-12.00 p95=-12.00
  [diag] sat-dist hist bins=60 sat<0.05=0.0% mean=0.936 p10=0.934 p90=0.938
  [diag] z-gate sat-dist hist bins=60 mean=0.122 p10=0.122 p90=0.122
  [diag] r-gate sat-dist hist bins=60 mean=0.498 p10=0.498 p90=0.498
Iter 0013800: train nll 0.391, valid error 100.000%, best valid error 100.000%, avg grad norm   0.045, avg grad norm (post clip)   0.000, rho_Whh  0.18, Omega  0.00, alpha  0.000, steps in the past 0.000, valid nll 0.322
  [diag] log10|dL/dh_t| hist bins=60 range=(-12.50,-11.50) mean=-12.00 p50=-12.00 p05=-12.00 p95=-12.00
  [diag] sat-dist hist bins=60 sat<0.05=0.0% mean=0.936 p10=0.934 p90=0.938
  [diag] z-gate sat-dist hist bins=60 mean=0.122 p10=0.122 p90=0.122
  [diag] r-gate sat-dist hist bins=60 mean=0.498 p10=0.498 p90=0.498
Iter 0013820: train nll 0.370, valid error 100.000%, best valid error 100.000%, avg grad norm   0.043, avg grad norm (post clip)   0.000, rho_Whh  0.18, Omega  0.00, alpha  0.000, steps in the past 0.000, valid nll 0.322
  [diag] log10|dL/dh_t| hist bins=60 range=(-12.50,-11.50) mean=-12.00 p50=-12.00 p05=-12.00 p95=-12.00
  [diag] sat-dist hist bins=60 sat<0.05=0.0% mean=0.936 p10=0.934 p90=0.938
  [diag] z-gate sat-dist hist bins=60 mean=0.122 p10=0.122 p90=0.122
  [diag] r-gate sat-dist hist bins=60 mean=0.498 p10=0.498 p90=0.498
Iter 0013840: train nll 0.438, valid error 100.000%, best valid error 100.000%, avg grad norm   0.049, avg grad norm (post clip)   0.000, rho_Whh  0.18, Omega  0.00, alpha  0.000, steps in the past 0.000, valid nll 0.322
  [diag] log10|dL/dh_t| hist bins=60 range=(-12.50,-11.50) mean=-12.00 p50=-12.00 p05=-12.00 p95=-12.00
  [diag] sat-dist hist bins=60 sat<0.05=0.0% mean=0.936 p10=0.935 p90=0.939
  [diag] z-gate sat-dist hist bins=60 mean=0.122 p10=0.122 p90=0.122
  [diag] r-gate sat-dist hist bins=60 mean=0.498 p10=0.498 p90=0.498
Iter 0013860: train nll 0.406, valid error 100.000%, best valid error 100.000%, avg grad norm   0.042, avg grad norm (post clip)   0.000, rho_Whh  0.18, Omega  0.00, alpha  0.000, steps in the past 0.000, valid nll 0.322
  [diag] log10|dL/dh_t| hist bins=60 range=(-12.50,-11.50) mean=-12.00 p50=-12.00 p05=-12.00 p95=-12.00
  [diag] sat-dist hist bins=60 sat<0.05=0.0% mean=0.937 p10=0.935 p90=0.939
  [diag] z-gate sat-dist hist bins=60 mean=0.122 p10=0.122 p90=0.122
  [diag] r-gate sat-dist hist bins=60 mean=0.498 p10=0.498 p90=0.498
Iter 0013880: train nll 0.402, valid error 100.000%, best valid error 100.000%, avg grad norm   0.045, avg grad norm (post clip)   0.000, rho_Whh  0.18, Omega  0.00, alpha  0.000, steps in the past 0.000, valid nll 0.322
  [diag] log10|dL/dh_t| hist bins=60 range=(-12.50,-11.50) mean=-12.00 p50=-12.00 p05=-12.00 p95=-12.00
  [diag] sat-dist hist bins=60 sat<0.05=0.0% mean=0.937 p10=0.935 p90=0.939
  [diag] z-gate sat-dist hist bins=60 mean=0.122 p10=0.122 p90=0.122
  [diag] r-gate sat-dist hist bins=60 mean=0.498 p10=0.498 p90=0.498
Iter 0013900: train nll 0.423, valid error 100.000%, best valid error 100.000%, avg grad norm   0.046, avg grad norm (post clip)   0.000, rho_Whh  0.19, Omega  0.00, alpha  0.000, steps in the past 0.000, valid nll 0.322
  [diag] log10|dL/dh_t| hist bins=60 range=(-12.50,-11.50) mean=-12.00 p50=-12.00 p05=-12.00 p95=-12.00
  [diag] sat-dist hist bins=60 sat<0.05=0.0% mean=0.938 p10=0.936 p90=0.940
  [diag] z-gate sat-dist hist bins=60 mean=0.122 p10=0.122 p90=0.122
  [diag] r-gate sat-dist hist bins=60 mean=0.498 p10=0.498 p90=0.498
Iter 0013920: train nll 0.441, valid error 100.000%, best valid error 100.000%, avg grad norm   0.059, avg grad norm (post clip)   0.000, rho_Whh  0.19, Omega  0.00, alpha  0.000, steps in the past 0.000, valid nll 0.322
  [diag] log10|dL/dh_t| hist bins=60 range=(-12.50,-11.50) mean=-12.00 p50=-12.00 p05=-12.00 p95=-12.00
  [diag] sat-dist hist bins=60 sat<0.05=0.0% mean=0.938 p10=0.936 p90=0.940
  [diag] z-gate sat-dist hist bins=60 mean=0.122 p10=0.122 p90=0.122
  [diag] r-gate sat-dist hist bins=60 mean=0.498 p10=0.498 p90=0.498
Iter 0013940: train nll 0.395, valid error 100.000%, best valid error 100.000%, avg grad norm   0.044, avg grad norm (post clip)   0.000, rho_Whh  0.19, Omega  0.00, alpha  0.000, steps in the past 0.000, valid nll 0.322
  [diag] log10|dL/dh_t| hist bins=60 range=(-12.50,-11.50) mean=-12.00 p50=-12.00 p05=-12.00 p95=-12.00
  [diag] sat-dist hist bins=60 sat<0.05=0.0% mean=0.937 p10=0.936 p90=0.939
  [diag] z-gate sat-dist hist bins=60 mean=0.122 p10=0.122 p90=0.122
  [diag] r-gate sat-dist hist bins=60 mean=0.498 p10=0.498 p90=0.498
Iter 0013960: train nll 0.344, valid error 100.000%, best valid error 100.000%, avg grad norm   0.042, avg grad norm (post clip)   0.000, rho_Whh  0.19, Omega  0.00, alpha  0.000, steps in the past 0.000, valid nll 0.322
  [diag] log10|dL/dh_t| hist bins=60 range=(-12.50,-11.50) mean=-12.00 p50=-12.00 p05=-12.00 p95=-12.00
  [diag] sat-dist hist bins=60 sat<0.05=0.0% mean=0.937 p10=0.936 p90=0.940
  [diag] z-gate sat-dist hist bins=60 mean=0.122 p10=0.122 p90=0.122
  [diag] r-gate sat-dist hist bins=60 mean=0.498 p10=0.498 p90=0.498
Iter 0013980: train nll 0.408, valid error 100.000%, best valid error 100.000%, avg grad norm   0.047, avg grad norm (post clip)   0.000, rho_Whh  0.19, Omega  0.00, alpha  0.000, steps in the past 0.000, valid nll 0.322
  [diag] log10|dL/dh_t| hist bins=60 range=(-12.50,-11.50) mean=-12.00 p50=-12.00 p05=-12.00 p95=-12.00
  [diag] sat-dist hist bins=60 sat<0.05=0.0% mean=0.938 p10=0.936 p90=0.940
  [diag] z-gate sat-dist hist bins=60 mean=0.122 p10=0.122 p90=0.122
  [diag] r-gate sat-dist hist bins=60 mean=0.498 p10=0.498 p90=0.498
Iter 0014000: train nll 0.390, valid error 100.000%, best valid error 100.000%, avg grad norm   0.046, avg grad norm (post clip)   0.000, rho_Whh  0.19, Omega  0.00, alpha  0.000, steps in the past 0.000, valid nll 0.322
  [diag] log10|dL/dh_t| hist bins=60 range=(-12.50,-11.50) mean=-12.00 p50=-12.00 p05=-12.00 p95=-12.00
  [diag] sat-dist hist bins=60 sat<0.05=0.0% mean=0.938 p10=0.936 p90=0.940
  [diag] z-gate sat-dist hist bins=60 mean=0.122 p10=0.122 p90=0.122
  [diag] r-gate sat-dist hist bins=60 mean=0.498 p10=0.498 p90=0.498
Iter 0014020: train nll 0.384, valid error 100.000%, best valid error 100.000%, avg grad norm   0.053, avg grad norm (post clip)   0.000, rho_Whh  0.19, Omega  0.00, alpha  0.000, steps in the past 0.000, valid nll 0.322
  [diag] log10|dL/dh_t| hist bins=60 range=(-12.50,-11.50) mean=-12.00 p50=-12.00 p05=-12.00 p95=-12.00
  [diag] sat-dist hist bins=60 sat<0.05=0.0% mean=0.938 p10=0.936 p90=0.940
  [diag] z-gate sat-dist hist bins=60 mean=0.122 p10=0.122 p90=0.122
  [diag] r-gate sat-dist hist bins=60 mean=0.498 p10=0.498 p90=0.498
Iter 0014040: train nll 0.411, valid error 100.000%, best valid error 100.000%, avg grad norm   0.053, avg grad norm (post clip)   0.000, rho_Whh  0.19, Omega  0.00, alpha  0.000, steps in the past 0.000, valid nll 0.322
  [diag] log10|dL/dh_t| hist bins=60 range=(-12.50,-11.50) mean=-12.00 p50=-12.00 p05=-12.00 p95=-12.00
  [diag] sat-dist hist bins=60 sat<0.05=0.0% mean=0.938 p10=0.937 p90=0.940
  [diag] z-gate sat-dist hist bins=60 mean=0.122 p10=0.122 p90=0.122
  [diag] r-gate sat-dist hist bins=60 mean=0.498 p10=0.498 p90=0.498
Iter 0014060: train nll 0.449, valid error 100.000%, best valid error 100.000%, avg grad norm   0.057, avg grad norm (post clip)   0.000, rho_Whh  0.19, Omega  0.00, alpha  0.000, steps in the past 0.000, valid nll 0.322
  [diag] log10|dL/dh_t| hist bins=60 range=(-12.50,-11.50) mean=-12.00 p50=-12.00 p05=-12.00 p95=-12.00
  [diag] sat-dist hist bins=60 sat<0.05=0.0% mean=0.938 p10=0.936 p90=0.940
  [diag] z-gate sat-dist hist bins=60 mean=0.122 p10=0.122 p90=0.122
  [diag] r-gate sat-dist hist bins=60 mean=0.498 p10=0.498 p90=0.498
Iter 0014080: train nll 0.360, valid error 100.000%, best valid error 100.000%, avg grad norm   0.039, avg grad norm (post clip)   0.000, rho_Whh  0.19, Omega  0.00, alpha  0.000, steps in the past 0.000, valid nll 0.322
  [diag] log10|dL/dh_t| hist bins=60 range=(-12.50,-11.50) mean=-12.00 p50=-12.00 p05=-12.00 p95=-12.00
  [diag] sat-dist hist bins=60 sat<0.05=0.0% mean=0.938 p10=0.936 p90=0.940
  [diag] z-gate sat-dist hist bins=60 mean=0.122 p10=0.122 p90=0.122
  [diag] r-gate sat-dist hist bins=60 mean=0.498 p10=0.498 p90=0.498
Iter 0014100: train nll 0.362, valid error 100.000%, best valid error 100.000%, avg grad norm   0.043, avg grad norm (post clip)   0.000, rho_Whh  0.19, Omega  0.00, alpha  0.000, steps in the past 0.000, valid nll 0.322
  [diag] log10|dL/dh_t| hist bins=60 range=(-12.50,-11.50) mean=-12.00 p50=-12.00 p05=-12.00 p95=-12.00
  [diag] sat-dist hist bins=60 sat<0.05=0.0% mean=0.938 p10=0.936 p90=0.940
  [diag] z-gate sat-dist hist bins=60 mean=0.122 p10=0.122 p90=0.122
  [diag] r-gate sat-dist hist bins=60 mean=0.498 p10=0.498 p90=0.498
Iter 0014120: train nll 0.401, valid error 100.000%, best valid error 100.000%, avg grad norm   0.048, avg grad norm (post clip)   0.000, rho_Whh  0.19, Omega  0.00, alpha  0.000, steps in the past 0.000, valid nll 0.322
  [diag] log10|dL/dh_t| hist bins=60 range=(-12.50,-11.50) mean=-12.00 p50=-12.00 p05=-12.00 p95=-12.00
  [diag] sat-dist hist bins=60 sat<0.05=0.0% mean=0.938 p10=0.937 p90=0.940
  [diag] z-gate sat-dist hist bins=60 mean=0.122 p10=0.122 p90=0.122
  [diag] r-gate sat-dist hist bins=60 mean=0.498 p10=0.498 p90=0.498
Iter 0014140: train nll 0.394, valid error 100.000%, best valid error 100.000%, avg grad norm   0.041, avg grad norm (post clip)   0.000, rho_Whh  0.19, Omega  0.00, alpha  0.000, steps in the past 0.000, valid nll 0.322
  [diag] log10|dL/dh_t| hist bins=60 range=(-12.50,-11.50) mean=-12.00 p50=-12.00 p05=-12.00 p95=-12.00
  [diag] sat-dist hist bins=60 sat<0.05=0.0% mean=0.938 p10=0.937 p90=0.940
  [diag] z-gate sat-dist hist bins=60 mean=0.122 p10=0.122 p90=0.122
  [diag] r-gate sat-dist hist bins=60 mean=0.498 p10=0.498 p90=0.498
Iter 0014160: train nll 0.398, valid error 100.000%, best valid error 100.000%, avg grad norm   0.050, avg grad norm (post clip)   0.000, rho_Whh  0.19, Omega  0.00, alpha  0.000, steps in the past 0.000, valid nll 0.322
  [diag] log10|dL/dh_t| hist bins=60 range=(-12.50,-11.50) mean=-12.00 p50=-12.00 p05=-12.00 p95=-12.00
  [diag] sat-dist hist bins=60 sat<0.05=0.0% mean=0.938 p10=0.936 p90=0.940
  [diag] z-gate sat-dist hist bins=60 mean=0.122 p10=0.122 p90=0.122
  [diag] r-gate sat-dist hist bins=60 mean=0.498 p10=0.498 p90=0.498
Iter 0014180: train nll 0.361, valid error 100.000%, best valid error 100.000%, avg grad norm   0.055, avg grad norm (post clip)   0.000, rho_Whh  0.19, Omega  0.00, alpha  0.000, steps in the past 0.000, valid nll 0.322
  [diag] log10|dL/dh_t| hist bins=60 range=(-12.50,-11.50) mean=-12.00 p50=-12.00 p05=-12.00 p95=-12.00
  [diag] sat-dist hist bins=60 sat<0.05=0.0% mean=0.938 p10=0.937 p90=0.940
  [diag] z-gate sat-dist hist bins=60 mean=0.122 p10=0.122 p90=0.122
  [diag] r-gate sat-dist hist bins=60 mean=0.498 p10=0.498 p90=0.498
Iter 0014200: train nll 0.403, valid error 100.000%, best valid error 100.000%, avg grad norm   0.046, avg grad norm (post clip)   0.000, rho_Whh  0.19, Omega  0.00, alpha  0.000, steps in the past 0.000, valid nll 0.322
  [diag] log10|dL/dh_t| hist bins=60 range=(-12.50,-11.50) mean=-12.00 p50=-12.00 p05=-12.00 p95=-12.00
  [diag] sat-dist hist bins=60 sat<0.05=0.0% mean=0.938 p10=0.937 p90=0.940
  [diag] z-gate sat-dist hist bins=60 mean=0.122 p10=0.122 p90=0.122
  [diag] r-gate sat-dist hist bins=60 mean=0.498 p10=0.498 p90=0.498
Iter 0014220: train nll 0.404, valid error 100.000%, best valid error 100.000%, avg grad norm   0.040, avg grad norm (post clip)   0.000, rho_Whh  0.19, Omega  0.00, alpha  0.000, steps in the past 0.000, valid nll 0.322
  [diag] log10|dL/dh_t| hist bins=60 range=(-12.50,-11.50) mean=-12.00 p50=-12.00 p05=-12.00 p95=-12.00
  [diag] sat-dist hist bins=60 sat<0.05=0.0% mean=0.938 p10=0.937 p90=0.940
  [diag] z-gate sat-dist hist bins=60 mean=0.122 p10=0.122 p90=0.122
  [diag] r-gate sat-dist hist bins=60 mean=0.498 p10=0.498 p90=0.498
Iter 0014240: train nll 0.365, valid error 100.000%, best valid error 100.000%, avg grad norm   0.037, avg grad norm (post clip)   0.000, rho_Whh  0.19, Omega  0.00, alpha  0.000, steps in the past 0.000, valid nll 0.322
  [diag] log10|dL/dh_t| hist bins=60 range=(-12.50,-11.50) mean=-12.00 p50=-12.00 p05=-12.00 p95=-12.00
  [diag] sat-dist hist bins=60 sat<0.05=0.0% mean=0.938 p10=0.937 p90=0.940
  [diag] z-gate sat-dist hist bins=60 mean=0.122 p10=0.122 p90=0.122
  [diag] r-gate sat-dist hist bins=60 mean=0.498 p10=0.498 p90=0.498
Iter 0014260: train nll 0.392, valid error 100.000%, best valid error 100.000%, avg grad norm   0.036, avg grad norm (post clip)   0.000, rho_Whh  0.19, Omega  0.00, alpha  0.000, steps in the past 0.000, valid nll 0.322
  [diag] log10|dL/dh_t| hist bins=60 range=(-12.50,-11.50) mean=-12.00 p50=-12.00 p05=-12.00 p95=-12.00
  [diag] sat-dist hist bins=60 sat<0.05=0.0% mean=0.938 p10=0.937 p90=0.940
  [diag] z-gate sat-dist hist bins=60 mean=0.122 p10=0.122 p90=0.122
  [diag] r-gate sat-dist hist bins=60 mean=0.498 p10=0.498 p90=0.498
Iter 0014280: train nll 0.362, valid error 100.000%, best valid error 100.000%, avg grad norm   0.043, avg grad norm (post clip)   0.000, rho_Whh  0.18, Omega  0.00, alpha  0.000, steps in the past 0.000, valid nll 0.322
  [diag] log10|dL/dh_t| hist bins=60 range=(-12.50,-11.50) mean=-12.00 p50=-12.00 p05=-12.00 p95=-12.00
  [diag] sat-dist hist bins=60 sat<0.05=0.0% mean=0.939 p10=0.937 p90=0.941
  [diag] z-gate sat-dist hist bins=60 mean=0.122 p10=0.122 p90=0.122
  [diag] r-gate sat-dist hist bins=60 mean=0.498 p10=0.498 p90=0.498
Iter 0014300: train nll 0.420, valid error 100.000%, best valid error 100.000%, avg grad norm   0.048, avg grad norm (post clip)   0.000, rho_Whh  0.19, Omega  0.00, alpha  0.000, steps in the past 0.000, valid nll 0.322
  [diag] log10|dL/dh_t| hist bins=60 range=(-12.50,-11.50) mean=-12.00 p50=-12.00 p05=-12.00 p95=-12.00
  [diag] sat-dist hist bins=60 sat<0.05=0.0% mean=0.939 p10=0.937 p90=0.941
  [diag] z-gate sat-dist hist bins=60 mean=0.122 p10=0.122 p90=0.122
  [diag] r-gate sat-dist hist bins=60 mean=0.498 p10=0.498 p90=0.498
Iter 0014320: train nll 0.383, valid error 100.000%, best valid error 100.000%, avg grad norm   0.042, avg grad norm (post clip)   0.000, rho_Whh  0.19, Omega  0.00, alpha  0.000, steps in the past 0.000, valid nll 0.322
  [diag] log10|dL/dh_t| hist bins=60 range=(-12.50,-11.50) mean=-12.00 p50=-12.00 p05=-12.00 p95=-12.00
  [diag] sat-dist hist bins=60 sat<0.05=0.0% mean=0.938 p10=0.937 p90=0.940
  [diag] z-gate sat-dist hist bins=60 mean=0.122 p10=0.122 p90=0.122
  [diag] r-gate sat-dist hist bins=60 mean=0.498 p10=0.498 p90=0.498
Iter 0014340: train nll 0.369, valid error 100.000%, best valid error 100.000%, avg grad norm   0.041, avg grad norm (post clip)   0.000, rho_Whh  0.18, Omega  0.00, alpha  0.000, steps in the past 0.000, valid nll 0.322
  [diag] log10|dL/dh_t| hist bins=60 range=(-12.50,-11.50) mean=-12.00 p50=-12.00 p05=-12.00 p95=-12.00
  [diag] sat-dist hist bins=60 sat<0.05=0.0% mean=0.939 p10=0.937 p90=0.940
  [diag] z-gate sat-dist hist bins=60 mean=0.122 p10=0.122 p90=0.122
  [diag] r-gate sat-dist hist bins=60 mean=0.498 p10=0.498 p90=0.498
Iter 0014360: train nll 0.393, valid error 100.000%, best valid error 100.000%, avg grad norm   0.048, avg grad norm (post clip)   0.000, rho_Whh  0.18, Omega  0.00, alpha  0.000, steps in the past 0.000, valid nll 0.322
  [diag] log10|dL/dh_t| hist bins=60 range=(-12.50,-11.50) mean=-12.00 p50=-12.00 p05=-12.00 p95=-12.00
  [diag] sat-dist hist bins=60 sat<0.05=0.0% mean=0.939 p10=0.937 p90=0.941
  [diag] z-gate sat-dist hist bins=60 mean=0.122 p10=0.122 p90=0.122
  [diag] r-gate sat-dist hist bins=60 mean=0.498 p10=0.498 p90=0.498
Iter 0014380: train nll 0.400, valid error 100.000%, best valid error 100.000%, avg grad norm   0.045, avg grad norm (post clip)   0.000, rho_Whh  0.18, Omega  0.00, alpha  0.000, steps in the past 0.000, valid nll 0.322
  [diag] log10|dL/dh_t| hist bins=60 range=(-12.50,-11.50) mean=-12.00 p50=-12.00 p05=-12.00 p95=-12.00
  [diag] sat-dist hist bins=60 sat<0.05=0.0% mean=0.939 p10=0.937 p90=0.941
  [diag] z-gate sat-dist hist bins=60 mean=0.122 p10=0.122 p90=0.122
  [diag] r-gate sat-dist hist bins=60 mean=0.498 p10=0.498 p90=0.498
Iter 0014400: train nll 0.370, valid error 100.000%, best valid error 100.000%, avg grad norm   0.039, avg grad norm (post clip)   0.000, rho_Whh  0.18, Omega  0.00, alpha  0.000, steps in the past 0.000, valid nll 0.322
  [diag] log10|dL/dh_t| hist bins=60 range=(-12.50,-11.50) mean=-12.00 p50=-12.00 p05=-12.00 p95=-12.00
  [diag] sat-dist hist bins=60 sat<0.05=0.0% mean=0.938 p10=0.937 p90=0.940
  [diag] z-gate sat-dist hist bins=60 mean=0.122 p10=0.122 p90=0.122
  [diag] r-gate sat-dist hist bins=60 mean=0.498 p10=0.498 p90=0.498
Iter 0014420: train nll 0.348, valid error 100.000%, best valid error 100.000%, avg grad norm   0.046, avg grad norm (post clip)   0.000, rho_Whh  0.18, Omega  0.00, alpha  0.000, steps in the past 0.000, valid nll 0.322
  [diag] log10|dL/dh_t| hist bins=60 range=(-12.50,-11.50) mean=-12.00 p50=-12.00 p05=-12.00 p95=-12.00
  [diag] sat-dist hist bins=60 sat<0.05=0.0% mean=0.939 p10=0.937 p90=0.941
  [diag] z-gate sat-dist hist bins=60 mean=0.122 p10=0.122 p90=0.122
  [diag] r-gate sat-dist hist bins=60 mean=0.498 p10=0.498 p90=0.498
Iter 0014440: train nll 0.412, valid error 100.000%, best valid error 100.000%, avg grad norm   0.049, avg grad norm (post clip)   0.000, rho_Whh  0.18, Omega  0.00, alpha  0.000, steps in the past 0.000, valid nll 0.322
  [diag] log10|dL/dh_t| hist bins=60 range=(-12.50,-11.50) mean=-12.00 p50=-12.00 p05=-12.00 p95=-12.00
  [diag] sat-dist hist bins=60 sat<0.05=0.0% mean=0.939 p10=0.937 p90=0.941
  [diag] z-gate sat-dist hist bins=60 mean=0.122 p10=0.122 p90=0.122
  [diag] r-gate sat-dist hist bins=60 mean=0.498 p10=0.498 p90=0.498
Iter 0014460: train nll 0.378, valid error 100.000%, best valid error 100.000%, avg grad norm   0.043, avg grad norm (post clip)   0.000, rho_Whh  0.18, Omega  0.00, alpha  0.000, steps in the past 0.000, valid nll 0.322
  [diag] log10|dL/dh_t| hist bins=60 range=(-12.50,-11.50) mean=-12.00 p50=-12.00 p05=-12.00 p95=-12.00
  [diag] sat-dist hist bins=60 sat<0.05=0.0% mean=0.939 p10=0.938 p90=0.941
  [diag] z-gate sat-dist hist bins=60 mean=0.122 p10=0.122 p90=0.122
  [diag] r-gate sat-dist hist bins=60 mean=0.498 p10=0.498 p90=0.498
Iter 0014480: train nll 0.442, valid error 100.000%, best valid error 100.000%, avg grad norm   0.054, avg grad norm (post clip)   0.000, rho_Whh  0.18, Omega  0.00, alpha  0.000, steps in the past 0.000, valid nll 0.322
  [diag] log10|dL/dh_t| hist bins=60 range=(-12.50,-11.50) mean=-12.00 p50=-12.00 p05=-12.00 p95=-12.00
  [diag] sat-dist hist bins=60 sat<0.05=0.0% mean=0.939 p10=0.938 p90=0.941
  [diag] z-gate sat-dist hist bins=60 mean=0.122 p10=0.122 p90=0.122
  [diag] r-gate sat-dist hist bins=60 mean=0.498 p10=0.498 p90=0.498
Iter 0014500: train nll 0.378, valid error 100.000%, best valid error 100.000%, avg grad norm   0.043, avg grad norm (post clip)   0.000, rho_Whh  0.18, Omega  0.00, alpha  0.000, steps in the past 0.000, valid nll 0.322
  [diag] log10|dL/dh_t| hist bins=60 range=(-12.50,-11.50) mean=-12.00 p50=-12.00 p05=-12.00 p95=-12.00
  [diag] sat-dist hist bins=60 sat<0.05=0.0% mean=0.939 p10=0.938 p90=0.941
  [diag] z-gate sat-dist hist bins=60 mean=0.122 p10=0.122 p90=0.122
  [diag] r-gate sat-dist hist bins=60 mean=0.498 p10=0.498 p90=0.498
Iter 0014520: train nll 0.386, valid error 100.000%, best valid error 100.000%, avg grad norm   0.048, avg grad norm (post clip)   0.000, rho_Whh  0.18, Omega  0.00, alpha  0.000, steps in the past 0.000, valid nll 0.322
  [diag] log10|dL/dh_t| hist bins=60 range=(-12.50,-11.50) mean=-12.00 p50=-12.00 p05=-12.00 p95=-12.00
  [diag] sat-dist hist bins=60 sat<0.05=0.0% mean=0.939 p10=0.938 p90=0.941
  [diag] z-gate sat-dist hist bins=60 mean=0.122 p10=0.122 p90=0.122
  [diag] r-gate sat-dist hist bins=60 mean=0.498 p10=0.498 p90=0.498
Iter 0014540: train nll 0.394, valid error 100.000%, best valid error 100.000%, avg grad norm   0.049, avg grad norm (post clip)   0.000, rho_Whh  0.18, Omega  0.00, alpha  0.000, steps in the past 0.000, valid nll 0.322
  [diag] log10|dL/dh_t| hist bins=60 range=(-12.50,-11.50) mean=-12.00 p50=-12.00 p05=-12.00 p95=-12.00
  [diag] sat-dist hist bins=60 sat<0.05=0.0% mean=0.940 p10=0.938 p90=0.942
  [diag] z-gate sat-dist hist bins=60 mean=0.122 p10=0.122 p90=0.122
  [diag] r-gate sat-dist hist bins=60 mean=0.498 p10=0.498 p90=0.498
Iter 0014560: train nll 0.426, valid error 100.000%, best valid error 100.000%, avg grad norm   0.051, avg grad norm (post clip)   0.000, rho_Whh  0.19, Omega  0.00, alpha  0.000, steps in the past 0.000, valid nll 0.322
  [diag] log10|dL/dh_t| hist bins=60 range=(-12.50,-11.50) mean=-12.00 p50=-12.00 p05=-12.00 p95=-12.00
  [diag] sat-dist hist bins=60 sat<0.05=0.0% mean=0.940 p10=0.938 p90=0.942
  [diag] z-gate sat-dist hist bins=60 mean=0.122 p10=0.122 p90=0.122
  [diag] r-gate sat-dist hist bins=60 mean=0.498 p10=0.498 p90=0.498
Iter 0014580: train nll 0.407, valid error 100.000%, best valid error 100.000%, avg grad norm   0.042, avg grad norm (post clip)   0.000, rho_Whh  0.19, Omega  0.00, alpha  0.000, steps in the past 0.000, valid nll 0.322
  [diag] log10|dL/dh_t| hist bins=60 range=(-12.50,-11.50) mean=-12.00 p50=-12.00 p05=-12.00 p95=-12.00
  [diag] sat-dist hist bins=60 sat<0.05=0.0% mean=0.940 p10=0.938 p90=0.941
  [diag] z-gate sat-dist hist bins=60 mean=0.122 p10=0.122 p90=0.122
  [diag] r-gate sat-dist hist bins=60 mean=0.498 p10=0.498 p90=0.498
Iter 0014600: train nll 0.332, valid error 100.000%, best valid error 100.000%, avg grad norm   0.036, avg grad norm (post clip)   0.000, rho_Whh  0.18, Omega  0.00, alpha  0.000, steps in the past 0.000, valid nll 0.322
  [diag] log10|dL/dh_t| hist bins=60 range=(-12.50,-11.50) mean=-12.00 p50=-12.00 p05=-12.00 p95=-12.00
  [diag] sat-dist hist bins=60 sat<0.05=0.0% mean=0.940 p10=0.938 p90=0.942
  [diag] z-gate sat-dist hist bins=60 mean=0.122 p10=0.122 p90=0.122
  [diag] r-gate sat-dist hist bins=60 mean=0.498 p10=0.498 p90=0.498
Iter 0014620: train nll 0.394, valid error 100.000%, best valid error 100.000%, avg grad norm   0.044, avg grad norm (post clip)   0.000, rho_Whh  0.18, Omega  0.00, alpha  0.000, steps in the past 0.000, valid nll 0.322
  [diag] log10|dL/dh_t| hist bins=60 range=(-12.50,-11.50) mean=-12.00 p50=-12.00 p05=-12.00 p95=-12.00
  [diag] sat-dist hist bins=60 sat<0.05=0.0% mean=0.940 p10=0.938 p90=0.942
  [diag] z-gate sat-dist hist bins=60 mean=0.122 p10=0.122 p90=0.122
  [diag] r-gate sat-dist hist bins=60 mean=0.498 p10=0.498 p90=0.498
Iter 0014640: train nll 0.380, valid error 100.000%, best valid error 100.000%, avg grad norm   0.043, avg grad norm (post clip)   0.000, rho_Whh  0.18, Omega  0.00, alpha  0.000, steps in the past 0.000, valid nll 0.322
  [diag] log10|dL/dh_t| hist bins=60 range=(-12.50,-11.50) mean=-12.00 p50=-12.00 p05=-12.00 p95=-12.00
  [diag] sat-dist hist bins=60 sat<0.05=0.0% mean=0.939 p10=0.938 p90=0.941
  [diag] z-gate sat-dist hist bins=60 mean=0.122 p10=0.122 p90=0.122
  [diag] r-gate sat-dist hist bins=60 mean=0.498 p10=0.498 p90=0.498
Iter 0014660: train nll 0.364, valid error 100.000%, best valid error 100.000%, avg grad norm   0.043, avg grad norm (post clip)   0.000, rho_Whh  0.18, Omega  0.00, alpha  0.000, steps in the past 0.000, valid nll 0.322
  [diag] log10|dL/dh_t| hist bins=60 range=(-12.50,-11.50) mean=-12.00 p50=-12.00 p05=-12.00 p95=-12.00
  [diag] sat-dist hist bins=60 sat<0.05=0.0% mean=0.939 p10=0.938 p90=0.941
  [diag] z-gate sat-dist hist bins=60 mean=0.122 p10=0.122 p90=0.122
  [diag] r-gate sat-dist hist bins=60 mean=0.498 p10=0.498 p90=0.498
Iter 0014680: train nll 0.368, valid error 100.000%, best valid error 100.000%, avg grad norm   0.046, avg grad norm (post clip)   0.000, rho_Whh  0.18, Omega  0.00, alpha  0.000, steps in the past 0.000, valid nll 0.321
  [diag] log10|dL/dh_t| hist bins=60 range=(-12.50,-11.50) mean=-12.00 p50=-12.00 p05=-12.00 p95=-12.00
  [diag] sat-dist hist bins=60 sat<0.05=0.0% mean=0.939 p10=0.938 p90=0.941
  [diag] z-gate sat-dist hist bins=60 mean=0.122 p10=0.122 p90=0.122
  [diag] r-gate sat-dist hist bins=60 mean=0.498 p10=0.498 p90=0.498
Iter 0014700: train nll 0.382, valid error 100.000%, best valid error 100.000%, avg grad norm   0.041, avg grad norm (post clip)   0.000, rho_Whh  0.18, Omega  0.00, alpha  0.000, steps in the past 0.000, valid nll 0.321
  [diag] log10|dL/dh_t| hist bins=60 range=(-12.50,-11.50) mean=-12.00 p50=-12.00 p05=-12.00 p95=-12.00
  [diag] sat-dist hist bins=60 sat<0.05=0.0% mean=0.940 p10=0.938 p90=0.942
  [diag] z-gate sat-dist hist bins=60 mean=0.122 p10=0.122 p90=0.122
  [diag] r-gate sat-dist hist bins=60 mean=0.498 p10=0.498 p90=0.498
Iter 0014720: train nll 0.404, valid error 100.000%, best valid error 100.000%, avg grad norm   0.039, avg grad norm (post clip)   0.000, rho_Whh  0.18, Omega  0.00, alpha  0.000, steps in the past 0.000, valid nll 0.322
  [diag] log10|dL/dh_t| hist bins=60 range=(-12.50,-11.50) mean=-12.00 p50=-12.00 p05=-12.00 p95=-12.00
  [diag] sat-dist hist bins=60 sat<0.05=0.0% mean=0.940 p10=0.939 p90=0.942
  [diag] z-gate sat-dist hist bins=60 mean=0.122 p10=0.122 p90=0.122
  [diag] r-gate sat-dist hist bins=60 mean=0.498 p10=0.498 p90=0.498
Iter 0014740: train nll 0.419, valid error 100.000%, best valid error 100.000%, avg grad norm   0.052, avg grad norm (post clip)   0.000, rho_Whh  0.18, Omega  0.00, alpha  0.000, steps in the past 0.000, valid nll 0.322
  [diag] log10|dL/dh_t| hist bins=60 range=(-12.50,-11.50) mean=-12.00 p50=-12.00 p05=-12.00 p95=-12.00
  [diag] sat-dist hist bins=60 sat<0.05=0.0% mean=0.940 p10=0.938 p90=0.942
  [diag] z-gate sat-dist hist bins=60 mean=0.122 p10=0.122 p90=0.122
  [diag] r-gate sat-dist hist bins=60 mean=0.498 p10=0.498 p90=0.498
Iter 0014760: train nll 0.367, valid error 100.000%, best valid error 100.000%, avg grad norm   0.047, avg grad norm (post clip)   0.000, rho_Whh  0.18, Omega  0.00, alpha  0.000, steps in the past 0.000, valid nll 0.322
  [diag] log10|dL/dh_t| hist bins=60 range=(-12.50,-11.50) mean=-12.00 p50=-12.00 p05=-12.00 p95=-12.00
  [diag] sat-dist hist bins=60 sat<0.05=0.0% mean=0.941 p10=0.939 p90=0.942
  [diag] z-gate sat-dist hist bins=60 mean=0.122 p10=0.122 p90=0.122
  [diag] r-gate sat-dist hist bins=60 mean=0.498 p10=0.498 p90=0.498
Iter 0014780: train nll 0.446, valid error 100.000%, best valid error 100.000%, avg grad norm   0.058, avg grad norm (post clip)   0.000, rho_Whh  0.18, Omega  0.00, alpha  0.000, steps in the past 0.000, valid nll 0.322
  [diag] log10|dL/dh_t| hist bins=60 range=(-12.50,-11.50) mean=-12.00 p50=-12.00 p05=-12.00 p95=-12.00
  [diag] sat-dist hist bins=60 sat<0.05=0.0% mean=0.941 p10=0.939 p90=0.942
  [diag] z-gate sat-dist hist bins=60 mean=0.122 p10=0.122 p90=0.122
  [diag] r-gate sat-dist hist bins=60 mean=0.498 p10=0.498 p90=0.498
Iter 0014800: train nll 0.411, valid error 100.000%, best valid error 100.000%, avg grad norm   0.042, avg grad norm (post clip)   0.000, rho_Whh  0.18, Omega  0.00, alpha  0.000, steps in the past 0.000, valid nll 0.322
  [diag] log10|dL/dh_t| hist bins=60 range=(-12.50,-11.50) mean=-12.00 p50=-12.00 p05=-12.00 p95=-12.00
  [diag] sat-dist hist bins=60 sat<0.05=0.0% mean=0.941 p10=0.939 p90=0.942
  [diag] z-gate sat-dist hist bins=60 mean=0.122 p10=0.122 p90=0.122
  [diag] r-gate sat-dist hist bins=60 mean=0.498 p10=0.498 p90=0.498
Iter 0014820: train nll 0.383, valid error 100.000%, best valid error 100.000%, avg grad norm   0.041, avg grad norm (post clip)   0.000, rho_Whh  0.18, Omega  0.00, alpha  0.000, steps in the past 0.000, valid nll 0.322
  [diag] log10|dL/dh_t| hist bins=60 range=(-12.50,-11.50) mean=-12.00 p50=-12.00 p05=-12.00 p95=-12.00
  [diag] sat-dist hist bins=60 sat<0.05=0.0% mean=0.941 p10=0.939 p90=0.942
  [diag] z-gate sat-dist hist bins=60 mean=0.122 p10=0.122 p90=0.122
  [diag] r-gate sat-dist hist bins=60 mean=0.498 p10=0.498 p90=0.498
Iter 0014840: train nll 0.365, valid error 100.000%, best valid error 100.000%, avg grad norm   0.046, avg grad norm (post clip)   0.000, rho_Whh  0.18, Omega  0.00, alpha  0.000, steps in the past 0.000, valid nll 0.322
  [diag] log10|dL/dh_t| hist bins=60 range=(-12.50,-11.50) mean=-12.00 p50=-12.00 p05=-12.00 p95=-12.00
  [diag] sat-dist hist bins=60 sat<0.05=0.0% mean=0.941 p10=0.939 p90=0.942
  [diag] z-gate sat-dist hist bins=60 mean=0.122 p10=0.122 p90=0.122
  [diag] r-gate sat-dist hist bins=60 mean=0.498 p10=0.498 p90=0.498
Iter 0014860: train nll 0.380, valid error 100.000%, best valid error 100.000%, avg grad norm   0.037, avg grad norm (post clip)   0.000, rho_Whh  0.18, Omega  0.00, alpha  0.000, steps in the past 0.000, valid nll 0.322
  [diag] log10|dL/dh_t| hist bins=60 range=(-12.50,-11.50) mean=-12.00 p50=-12.00 p05=-12.00 p95=-12.00
  [diag] sat-dist hist bins=60 sat<0.05=0.0% mean=0.941 p10=0.939 p90=0.942
  [diag] z-gate sat-dist hist bins=60 mean=0.122 p10=0.122 p90=0.122
  [diag] r-gate sat-dist hist bins=60 mean=0.498 p10=0.498 p90=0.498
Iter 0014880: train nll 0.390, valid error 100.000%, best valid error 100.000%, avg grad norm   0.048, avg grad norm (post clip)   0.000, rho_Whh  0.18, Omega  0.00, alpha  0.000, steps in the past 0.000, valid nll 0.322
  [diag] log10|dL/dh_t| hist bins=60 range=(-12.50,-11.50) mean=-12.00 p50=-12.00 p05=-12.00 p95=-12.00
  [diag] sat-dist hist bins=60 sat<0.05=0.0% mean=0.941 p10=0.939 p90=0.942
  [diag] z-gate sat-dist hist bins=60 mean=0.122 p10=0.122 p90=0.122
  [diag] r-gate sat-dist hist bins=60 mean=0.498 p10=0.498 p90=0.498
Iter 0014900: train nll 0.385, valid error 100.000%, best valid error 100.000%, avg grad norm   0.049, avg grad norm (post clip)   0.000, rho_Whh  0.18, Omega  0.00, alpha  0.000, steps in the past 0.000, valid nll 0.322
  [diag] log10|dL/dh_t| hist bins=60 range=(-12.50,-11.50) mean=-12.00 p50=-12.00 p05=-12.00 p95=-12.00
  [diag] sat-dist hist bins=60 sat<0.05=0.0% mean=0.941 p10=0.939 p90=0.942
  [diag] z-gate sat-dist hist bins=60 mean=0.122 p10=0.122 p90=0.122
  [diag] r-gate sat-dist hist bins=60 mean=0.498 p10=0.498 p90=0.498
Iter 0014920: train nll 0.391, valid error 100.000%, best valid error 100.000%, avg grad norm   0.036, avg grad norm (post clip)   0.000, rho_Whh  0.18, Omega  0.00, alpha  0.000, steps in the past 0.000, valid nll 0.322
  [diag] log10|dL/dh_t| hist bins=60 range=(-12.50,-11.50) mean=-12.00 p50=-12.00 p05=-12.00 p95=-12.00
  [diag] sat-dist hist bins=60 sat<0.05=0.0% mean=0.941 p10=0.940 p90=0.943
  [diag] z-gate sat-dist hist bins=60 mean=0.122 p10=0.122 p90=0.122
  [diag] r-gate sat-dist hist bins=60 mean=0.498 p10=0.498 p90=0.498
Iter 0014940: train nll 0.405, valid error 100.000%, best valid error 100.000%, avg grad norm   0.040, avg grad norm (post clip)   0.000, rho_Whh  0.18, Omega  0.00, alpha  0.000, steps in the past 0.000, valid nll 0.322
  [diag] log10|dL/dh_t| hist bins=60 range=(-12.50,-11.50) mean=-12.00 p50=-12.00 p05=-12.00 p95=-12.00
  [diag] sat-dist hist bins=60 sat<0.05=0.0% mean=0.941 p10=0.940 p90=0.943
  [diag] z-gate sat-dist hist bins=60 mean=0.122 p10=0.122 p90=0.122
  [diag] r-gate sat-dist hist bins=60 mean=0.498 p10=0.498 p90=0.498
Iter 0014960: train nll 0.413, valid error 100.000%, best valid error 100.000%, avg grad norm   0.048, avg grad norm (post clip)   0.000, rho_Whh  0.18, Omega  0.00, alpha  0.000, steps in the past 0.000, valid nll 0.322
  [diag] log10|dL/dh_t| hist bins=60 range=(-12.50,-11.50) mean=-12.00 p50=-12.00 p05=-12.00 p95=-12.00
  [diag] sat-dist hist bins=60 sat<0.05=0.0% mean=0.941 p10=0.940 p90=0.943
  [diag] z-gate sat-dist hist bins=60 mean=0.122 p10=0.122 p90=0.122
  [diag] r-gate sat-dist hist bins=60 mean=0.498 p10=0.498 p90=0.498
Iter 0014980: train nll 0.398, valid error 100.000%, best valid error 100.000%, avg grad norm   0.058, avg grad norm (post clip)   0.000, rho_Whh  0.18, Omega  0.00, alpha  0.000, steps in the past 0.000, valid nll 0.322
  [diag] log10|dL/dh_t| hist bins=60 range=(-12.50,-11.50) mean=-12.00 p50=-12.00 p05=-12.00 p95=-12.00
  [diag] sat-dist hist bins=60 sat<0.05=0.0% mean=0.941 p10=0.940 p90=0.943
  [diag] z-gate sat-dist hist bins=60 mean=0.122 p10=0.122 p90=0.122
  [diag] r-gate sat-dist hist bins=60 mean=0.498 p10=0.498 p90=0.498
Iter 0015000: train nll 0.356, valid error 100.000%, best valid error 100.000%, avg grad norm   0.045, avg grad norm (post clip)   0.000, rho_Whh  0.18, Omega  0.00, alpha  0.000, steps in the past 0.000, valid nll 0.321
  [diag] log10|dL/dh_t| hist bins=60 range=(-12.50,-11.50) mean=-12.00 p50=-12.00 p05=-12.00 p95=-12.00
  [diag] sat-dist hist bins=60 sat<0.05=0.0% mean=0.941 p10=0.940 p90=0.943
  [diag] z-gate sat-dist hist bins=60 mean=0.122 p10=0.122 p90=0.122
  [diag] r-gate sat-dist hist bins=60 mean=0.498 p10=0.498 p90=0.498
Iter 0015020: train nll 0.386, valid error 100.000%, best valid error 100.000%, avg grad norm   0.050, avg grad norm (post clip)   0.000, rho_Whh  0.18, Omega  0.00, alpha  0.000, steps in the past 0.000, valid nll 0.321
  [diag] log10|dL/dh_t| hist bins=60 range=(-12.50,-11.50) mean=-12.00 p50=-12.00 p05=-12.00 p95=-12.00
  [diag] sat-dist hist bins=60 sat<0.05=0.0% mean=0.941 p10=0.940 p90=0.943
  [diag] z-gate sat-dist hist bins=60 mean=0.122 p10=0.122 p90=0.122
  [diag] r-gate sat-dist hist bins=60 mean=0.498 p10=0.498 p90=0.498
Iter 0015040: train nll 0.348, valid error 100.000%, best valid error 100.000%, avg grad norm   0.044, avg grad norm (post clip)   0.000, rho_Whh  0.18, Omega  0.00, alpha  0.000, steps in the past 0.000, valid nll 0.321
  [diag] log10|dL/dh_t| hist bins=60 range=(-12.50,-11.50) mean=-12.00 p50=-12.00 p05=-12.00 p95=-12.00
  [diag] sat-dist hist bins=60 sat<0.05=0.0% mean=0.941 p10=0.940 p90=0.943
  [diag] z-gate sat-dist hist bins=60 mean=0.122 p10=0.122 p90=0.122
  [diag] r-gate sat-dist hist bins=60 mean=0.498 p10=0.498 p90=0.498
Iter 0015060: train nll 0.396, valid error 100.000%, best valid error 100.000%, avg grad norm   0.044, avg grad norm (post clip)   0.000, rho_Whh  0.18, Omega  0.00, alpha  0.000, steps in the past 0.000, valid nll 0.321
  [diag] log10|dL/dh_t| hist bins=60 range=(-12.50,-11.50) mean=-12.00 p50=-12.00 p05=-12.00 p95=-12.00
  [diag] sat-dist hist bins=60 sat<0.05=0.0% mean=0.941 p10=0.940 p90=0.943
  [diag] z-gate sat-dist hist bins=60 mean=0.122 p10=0.122 p90=0.122
  [diag] r-gate sat-dist hist bins=60 mean=0.498 p10=0.498 p90=0.498
Iter 0015080: train nll 0.390, valid error 100.000%, best valid error 100.000%, avg grad norm   0.051, avg grad norm (post clip)   0.000, rho_Whh  0.18, Omega  0.00, alpha  0.000, steps in the past 0.000, valid nll 0.321
  [diag] log10|dL/dh_t| hist bins=60 range=(-12.50,-11.50) mean=-12.00 p50=-12.00 p05=-12.00 p95=-12.00
  [diag] sat-dist hist bins=60 sat<0.05=0.0% mean=0.941 p10=0.940 p90=0.943
  [diag] z-gate sat-dist hist bins=60 mean=0.122 p10=0.122 p90=0.122
  [diag] r-gate sat-dist hist bins=60 mean=0.498 p10=0.498 p90=0.498
Iter 0015100: train nll 0.381, valid error 100.000%, best valid error 100.000%, avg grad norm   0.047, avg grad norm (post clip)   0.000, rho_Whh  0.18, Omega  0.00, alpha  0.000, steps in the past 0.000, valid nll 0.321
  [diag] log10|dL/dh_t| hist bins=60 range=(-12.50,-11.50) mean=-12.00 p50=-12.00 p05=-12.00 p95=-12.00
  [diag] sat-dist hist bins=60 sat<0.05=0.0% mean=0.941 p10=0.940 p90=0.943
  [diag] z-gate sat-dist hist bins=60 mean=0.122 p10=0.122 p90=0.122
  [diag] r-gate sat-dist hist bins=60 mean=0.498 p10=0.498 p90=0.498
Iter 0015120: train nll 0.365, valid error 100.000%, best valid error 100.000%, avg grad norm   0.048, avg grad norm (post clip)   0.000, rho_Whh  0.18, Omega  0.00, alpha  0.000, steps in the past 0.000, valid nll 0.321
  [diag] log10|dL/dh_t| hist bins=60 range=(-12.50,-11.50) mean=-12.00 p50=-12.00 p05=-12.00 p95=-12.00
  [diag] sat-dist hist bins=60 sat<0.05=0.0% mean=0.942 p10=0.940 p90=0.943
  [diag] z-gate sat-dist hist bins=60 mean=0.122 p10=0.122 p90=0.122
  [diag] r-gate sat-dist hist bins=60 mean=0.498 p10=0.498 p90=0.498
Iter 0015140: train nll 0.424, valid error 100.000%, best valid error 100.000%, avg grad norm   0.061, avg grad norm (post clip)   0.000, rho_Whh  0.18, Omega  0.00, alpha  0.000, steps in the past 0.000, valid nll 0.321
  [diag] log10|dL/dh_t| hist bins=60 range=(-12.50,-11.50) mean=-12.00 p50=-12.00 p05=-12.00 p95=-12.00
  [diag] sat-dist hist bins=60 sat<0.05=0.0% mean=0.942 p10=0.940 p90=0.943
  [diag] z-gate sat-dist hist bins=60 mean=0.122 p10=0.122 p90=0.122
  [diag] r-gate sat-dist hist bins=60 mean=0.498 p10=0.498 p90=0.498
Iter 0015160: train nll 0.385, valid error 100.000%, best valid error 100.000%, avg grad norm   0.046, avg grad norm (post clip)   0.000, rho_Whh  0.18, Omega  0.00, alpha  0.000, steps in the past 0.000, valid nll 0.321
  [diag] log10|dL/dh_t| hist bins=60 range=(-12.50,-11.50) mean=-12.00 p50=-12.00 p05=-12.00 p95=-12.00
  [diag] sat-dist hist bins=60 sat<0.05=0.0% mean=0.941 p10=0.940 p90=0.943
  [diag] z-gate sat-dist hist bins=60 mean=0.122 p10=0.122 p90=0.122
  [diag] r-gate sat-dist hist bins=60 mean=0.498 p10=0.498 p90=0.498
Iter 0015180: train nll 0.350, valid error 100.000%, best valid error 100.000%, avg grad norm   0.033, avg grad norm (post clip)   0.000, rho_Whh  0.18, Omega  0.00, alpha  0.000, steps in the past 0.000, valid nll 0.321
  [diag] log10|dL/dh_t| hist bins=60 range=(-12.50,-11.50) mean=-12.00 p50=-12.00 p05=-12.00 p95=-12.00
  [diag] sat-dist hist bins=60 sat<0.05=0.0% mean=0.941 p10=0.940 p90=0.943
  [diag] z-gate sat-dist hist bins=60 mean=0.122 p10=0.122 p90=0.122
  [diag] r-gate sat-dist hist bins=60 mean=0.498 p10=0.498 p90=0.498
Iter 0015200: train nll 0.358, valid error 100.000%, best valid error 100.000%, avg grad norm   0.032, avg grad norm (post clip)   0.000, rho_Whh  0.18, Omega  0.00, alpha  0.000, steps in the past 0.000, valid nll 0.321
  [diag] log10|dL/dh_t| hist bins=60 range=(-12.50,-11.50) mean=-12.00 p50=-12.00 p05=-12.00 p95=-12.00
  [diag] sat-dist hist bins=60 sat<0.05=0.0% mean=0.941 p10=0.939 p90=0.942
  [diag] z-gate sat-dist hist bins=60 mean=0.122 p10=0.122 p90=0.122
  [diag] r-gate sat-dist hist bins=60 mean=0.498 p10=0.498 p90=0.498
Iter 0015220: train nll 0.345, valid error 100.000%, best valid error 100.000%, avg grad norm   0.046, avg grad norm (post clip)   0.000, rho_Whh  0.18, Omega  0.00, alpha  0.000, steps in the past 0.000, valid nll 0.321
  [diag] log10|dL/dh_t| hist bins=60 range=(-12.50,-11.50) mean=-12.00 p50=-12.00 p05=-12.00 p95=-12.00
  [diag] sat-dist hist bins=60 sat<0.05=0.0% mean=0.941 p10=0.939 p90=0.942
  [diag] z-gate sat-dist hist bins=60 mean=0.122 p10=0.122 p90=0.122
  [diag] r-gate sat-dist hist bins=60 mean=0.498 p10=0.498 p90=0.498
Iter 0015240: train nll 0.382, valid error 100.000%, best valid error 100.000%, avg grad norm   0.034, avg grad norm (post clip)   0.000, rho_Whh  0.18, Omega  0.00, alpha  0.000, steps in the past 0.000, valid nll 0.321
  [diag] log10|dL/dh_t| hist bins=60 range=(-12.50,-11.50) mean=-12.00 p50=-12.00 p05=-12.00 p95=-12.00
  [diag] sat-dist hist bins=60 sat<0.05=0.0% mean=0.941 p10=0.940 p90=0.943
  [diag] z-gate sat-dist hist bins=60 mean=0.122 p10=0.122 p90=0.122
  [diag] r-gate sat-dist hist bins=60 mean=0.498 p10=0.498 p90=0.498
Iter 0015260: train nll 0.391, valid error 100.000%, best valid error 100.000%, avg grad norm   0.042, avg grad norm (post clip)   0.000, rho_Whh  0.18, Omega  0.00, alpha  0.000, steps in the past 0.000, valid nll 0.321
  [diag] log10|dL/dh_t| hist bins=60 range=(-12.50,-11.50) mean=-12.00 p50=-12.00 p05=-12.00 p95=-12.00
  [diag] sat-dist hist bins=60 sat<0.05=0.0% mean=0.941 p10=0.940 p90=0.943
  [diag] z-gate sat-dist hist bins=60 mean=0.122 p10=0.122 p90=0.122
  [diag] r-gate sat-dist hist bins=60 mean=0.498 p10=0.498 p90=0.498
Iter 0015280: train nll 0.378, valid error 100.000%, best valid error 100.000%, avg grad norm   0.040, avg grad norm (post clip)   0.000, rho_Whh  0.18, Omega  0.00, alpha  0.000, steps in the past 0.000, valid nll 0.321
  [diag] log10|dL/dh_t| hist bins=60 range=(-12.50,-11.50) mean=-12.00 p50=-12.00 p05=-12.00 p95=-12.00
  [diag] sat-dist hist bins=60 sat<0.05=0.0% mean=0.941 p10=0.940 p90=0.943
  [diag] z-gate sat-dist hist bins=60 mean=0.122 p10=0.122 p90=0.122
  [diag] r-gate sat-dist hist bins=60 mean=0.498 p10=0.498 p90=0.498
Iter 0015300: train nll 0.372, valid error 100.000%, best valid error 100.000%, avg grad norm   0.042, avg grad norm (post clip)   0.000, rho_Whh  0.18, Omega  0.00, alpha  0.000, steps in the past 0.000, valid nll 0.321
  [diag] log10|dL/dh_t| hist bins=60 range=(-12.50,-11.50) mean=-12.00 p50=-12.00 p05=-12.00 p95=-12.00
  [diag] sat-dist hist bins=60 sat<0.05=0.0% mean=0.941 p10=0.939 p90=0.942
  [diag] z-gate sat-dist hist bins=60 mean=0.122 p10=0.122 p90=0.122
  [diag] r-gate sat-dist hist bins=60 mean=0.498 p10=0.498 p90=0.498
Iter 0015320: train nll 0.359, valid error 100.000%, best valid error 100.000%, avg grad norm   0.038, avg grad norm (post clip)   0.000, rho_Whh  0.18, Omega  0.00, alpha  0.000, steps in the past 0.000, valid nll 0.321
  [diag] log10|dL/dh_t| hist bins=60 range=(-12.50,-11.50) mean=-12.00 p50=-12.00 p05=-12.00 p95=-12.00
  [diag] sat-dist hist bins=60 sat<0.05=0.0% mean=0.941 p10=0.940 p90=0.943
  [diag] z-gate sat-dist hist bins=60 mean=0.122 p10=0.122 p90=0.122
  [diag] r-gate sat-dist hist bins=60 mean=0.498 p10=0.498 p90=0.498
Iter 0015340: train nll 0.415, valid error 100.000%, best valid error 100.000%, avg grad norm   0.052, avg grad norm (post clip)   0.000, rho_Whh  0.18, Omega  0.00, alpha  0.000, steps in the past 0.000, valid nll 0.321
  [diag] log10|dL/dh_t| hist bins=60 range=(-12.50,-11.50) mean=-12.00 p50=-12.00 p05=-12.00 p95=-12.00
  [diag] sat-dist hist bins=60 sat<0.05=0.0% mean=0.941 p10=0.940 p90=0.943
  [diag] z-gate sat-dist hist bins=60 mean=0.122 p10=0.122 p90=0.122
  [diag] r-gate sat-dist hist bins=60 mean=0.498 p10=0.498 p90=0.498
Iter 0015360: train nll 0.391, valid error 100.000%, best valid error 100.000%, avg grad norm   0.047, avg grad norm (post clip)   0.000, rho_Whh  0.18, Omega  0.00, alpha  0.000, steps in the past 0.000, valid nll 0.321
  [diag] log10|dL/dh_t| hist bins=60 range=(-12.50,-11.50) mean=-12.00 p50=-12.00 p05=-12.00 p95=-12.00
  [diag] sat-dist hist bins=60 sat<0.05=0.0% mean=0.942 p10=0.940 p90=0.943
  [diag] z-gate sat-dist hist bins=60 mean=0.122 p10=0.122 p90=0.122
  [diag] r-gate sat-dist hist bins=60 mean=0.498 p10=0.498 p90=0.498
Iter 0015380: train nll 0.417, valid error 100.000%, best valid error 100.000%, avg grad norm   0.050, avg grad norm (post clip)   0.000, rho_Whh  0.18, Omega  0.00, alpha  0.000, steps in the past 0.000, valid nll 0.321
  [diag] log10|dL/dh_t| hist bins=60 range=(-12.50,-11.50) mean=-12.00 p50=-12.00 p05=-12.00 p95=-12.00
  [diag] sat-dist hist bins=60 sat<0.05=0.0% mean=0.942 p10=0.941 p90=0.943
  [diag] z-gate sat-dist hist bins=60 mean=0.122 p10=0.122 p90=0.122
  [diag] r-gate sat-dist hist bins=60 mean=0.498 p10=0.498 p90=0.498
Iter 0015400: train nll 0.428, valid error 100.000%, best valid error 100.000%, avg grad norm   0.049, avg grad norm (post clip)   0.000, rho_Whh  0.18, Omega  0.00, alpha  0.000, steps in the past 0.000, valid nll 0.321
  [diag] log10|dL/dh_t| hist bins=60 range=(-12.50,-11.50) mean=-12.00 p50=-12.00 p05=-12.00 p95=-12.00
  [diag] sat-dist hist bins=60 sat<0.05=0.0% mean=0.942 p10=0.941 p90=0.943
  [diag] z-gate sat-dist hist bins=60 mean=0.122 p10=0.122 p90=0.122
  [diag] r-gate sat-dist hist bins=60 mean=0.498 p10=0.498 p90=0.498
Iter 0015420: train nll 0.379, valid error 100.000%, best valid error 100.000%, avg grad norm   0.040, avg grad norm (post clip)   0.000, rho_Whh  0.18, Omega  0.00, alpha  0.000, steps in the past 0.000, valid nll 0.321
  [diag] log10|dL/dh_t| hist bins=60 range=(-12.50,-11.50) mean=-12.00 p50=-12.00 p05=-12.00 p95=-12.00
  [diag] sat-dist hist bins=60 sat<0.05=0.0% mean=0.942 p10=0.941 p90=0.943
  [diag] z-gate sat-dist hist bins=60 mean=0.122 p10=0.122 p90=0.122
  [diag] r-gate sat-dist hist bins=60 mean=0.498 p10=0.498 p90=0.498
Iter 0015440: train nll 0.385, valid error 100.000%, best valid error 100.000%, avg grad norm   0.052, avg grad norm (post clip)   0.000, rho_Whh  0.18, Omega  0.00, alpha  0.000, steps in the past 0.000, valid nll 0.321
  [diag] log10|dL/dh_t| hist bins=60 range=(-12.50,-11.50) mean=-12.00 p50=-12.00 p05=-12.00 p95=-12.00
  [diag] sat-dist hist bins=60 sat<0.05=0.0% mean=0.942 p10=0.941 p90=0.943
  [diag] z-gate sat-dist hist bins=60 mean=0.122 p10=0.122 p90=0.122
  [diag] r-gate sat-dist hist bins=60 mean=0.498 p10=0.498 p90=0.498
Iter 0015460: train nll 0.363, valid error 100.000%, best valid error 100.000%, avg grad norm   0.037, avg grad norm (post clip)   0.000, rho_Whh  0.18, Omega  0.00, alpha  0.000, steps in the past 0.000, valid nll 0.321
  [diag] log10|dL/dh_t| hist bins=60 range=(-12.50,-11.50) mean=-12.00 p50=-12.00 p05=-12.00 p95=-12.00
  [diag] sat-dist hist bins=60 sat<0.05=0.0% mean=0.942 p10=0.941 p90=0.943
  [diag] z-gate sat-dist hist bins=60 mean=0.122 p10=0.122 p90=0.122
  [diag] r-gate sat-dist hist bins=60 mean=0.498 p10=0.498 p90=0.498
Iter 0015480: train nll 0.399, valid error 100.000%, best valid error 100.000%, avg grad norm   0.049, avg grad norm (post clip)   0.000, rho_Whh  0.18, Omega  0.00, alpha  0.000, steps in the past 0.000, valid nll 0.321
  [diag] log10|dL/dh_t| hist bins=60 range=(-12.50,-11.50) mean=-12.00 p50=-12.00 p05=-12.00 p95=-12.00
  [diag] sat-dist hist bins=60 sat<0.05=0.0% mean=0.942 p10=0.941 p90=0.943
  [diag] z-gate sat-dist hist bins=60 mean=0.122 p10=0.122 p90=0.122
  [diag] r-gate sat-dist hist bins=60 mean=0.498 p10=0.498 p90=0.498
Iter 0015500: train nll 0.383, valid error 100.000%, best valid error 100.000%, avg grad norm   0.040, avg grad norm (post clip)   0.000, rho_Whh  0.18, Omega  0.00, alpha  0.000, steps in the past 0.000, valid nll 0.321
  [diag] log10|dL/dh_t| hist bins=60 range=(-12.50,-11.50) mean=-12.00 p50=-12.00 p05=-12.00 p95=-12.00
  [diag] sat-dist hist bins=60 sat<0.05=0.0% mean=0.942 p10=0.941 p90=0.943
  [diag] z-gate sat-dist hist bins=60 mean=0.122 p10=0.122 p90=0.122
  [diag] r-gate sat-dist hist bins=60 mean=0.498 p10=0.498 p90=0.498
Iter 0015520: train nll 0.358, valid error 100.000%, best valid error 100.000%, avg grad norm   0.044, avg grad norm (post clip)   0.000, rho_Whh  0.18, Omega  0.00, alpha  0.000, steps in the past 0.000, valid nll 0.321
  [diag] log10|dL/dh_t| hist bins=60 range=(-12.50,-11.50) mean=-12.00 p50=-12.00 p05=-12.00 p95=-12.00
  [diag] sat-dist hist bins=60 sat<0.05=0.0% mean=0.942 p10=0.941 p90=0.943
  [diag] z-gate sat-dist hist bins=60 mean=0.122 p10=0.122 p90=0.122
  [diag] r-gate sat-dist hist bins=60 mean=0.498 p10=0.498 p90=0.498
Iter 0015540: train nll 0.373, valid error 100.000%, best valid error 100.000%, avg grad norm   0.041, avg grad norm (post clip)   0.000, rho_Whh  0.18, Omega  0.00, alpha  0.000, steps in the past 0.000, valid nll 0.321
  [diag] log10|dL/dh_t| hist bins=60 range=(-12.50,-11.50) mean=-12.00 p50=-12.00 p05=-12.00 p95=-12.00
  [diag] sat-dist hist bins=60 sat<0.05=0.0% mean=0.942 p10=0.941 p90=0.943
  [diag] z-gate sat-dist hist bins=60 mean=0.122 p10=0.122 p90=0.122
  [diag] r-gate sat-dist hist bins=60 mean=0.498 p10=0.498 p90=0.498
Iter 0015560: train nll 0.363, valid error 100.000%, best valid error 100.000%, avg grad norm   0.043, avg grad norm (post clip)   0.000, rho_Whh  0.18, Omega  0.00, alpha  0.000, steps in the past 0.000, valid nll 0.321
  [diag] log10|dL/dh_t| hist bins=60 range=(-12.50,-11.50) mean=-12.00 p50=-12.00 p05=-12.00 p95=-12.00
  [diag] sat-dist hist bins=60 sat<0.05=0.0% mean=0.942 p10=0.941 p90=0.943
  [diag] z-gate sat-dist hist bins=60 mean=0.122 p10=0.122 p90=0.122
  [diag] r-gate sat-dist hist bins=60 mean=0.498 p10=0.498 p90=0.498
Iter 0015580: train nll 0.388, valid error 100.000%, best valid error 100.000%, avg grad norm   0.045, avg grad norm (post clip)   0.000, rho_Whh  0.18, Omega  0.00, alpha  0.000, steps in the past 0.000, valid nll 0.321
  [diag] log10|dL/dh_t| hist bins=60 range=(-12.50,-11.50) mean=-12.00 p50=-12.00 p05=-12.00 p95=-12.00
  [diag] sat-dist hist bins=60 sat<0.05=0.0% mean=0.943 p10=0.941 p90=0.944
  [diag] z-gate sat-dist hist bins=60 mean=0.122 p10=0.122 p90=0.122
  [diag] r-gate sat-dist hist bins=60 mean=0.498 p10=0.498 p90=0.498
Iter 0015600: train nll 0.431, valid error 100.000%, best valid error 100.000%, avg grad norm   0.060, avg grad norm (post clip)   0.000, rho_Whh  0.18, Omega  0.00, alpha  0.000, steps in the past 0.000, valid nll 0.321
  [diag] log10|dL/dh_t| hist bins=60 range=(-12.50,-11.50) mean=-12.00 p50=-12.00 p05=-12.00 p95=-12.00
  [diag] sat-dist hist bins=60 sat<0.05=0.0% mean=0.943 p10=0.941 p90=0.944
  [diag] z-gate sat-dist hist bins=60 mean=0.122 p10=0.122 p90=0.122
  [diag] r-gate sat-dist hist bins=60 mean=0.498 p10=0.498 p90=0.498
Iter 0015620: train nll 0.383, valid error 100.000%, best valid error 100.000%, avg grad norm   0.038, avg grad norm (post clip)   0.000, rho_Whh  0.18, Omega  0.00, alpha  0.000, steps in the past 0.000, valid nll 0.321
  [diag] log10|dL/dh_t| hist bins=60 range=(-12.50,-11.50) mean=-12.00 p50=-12.00 p05=-12.00 p95=-12.00
  [diag] sat-dist hist bins=60 sat<0.05=0.0% mean=0.943 p10=0.941 p90=0.943
  [diag] z-gate sat-dist hist bins=60 mean=0.122 p10=0.122 p90=0.122
  [diag] r-gate sat-dist hist bins=60 mean=0.498 p10=0.498 p90=0.498
Iter 0015640: train nll 0.367, valid error 100.000%, best valid error 100.000%, avg grad norm   0.035, avg grad norm (post clip)   0.000, rho_Whh  0.18, Omega  0.00, alpha  0.000, steps in the past 0.000, valid nll 0.321
  [diag] log10|dL/dh_t| hist bins=60 range=(-12.50,-11.50) mean=-12.00 p50=-12.00 p05=-12.00 p95=-12.00
  [diag] sat-dist hist bins=60 sat<0.05=0.0% mean=0.942 p10=0.941 p90=0.943
  [diag] z-gate sat-dist hist bins=60 mean=0.122 p10=0.122 p90=0.122
  [diag] r-gate sat-dist hist bins=60 mean=0.498 p10=0.498 p90=0.498
Iter 0015660: train nll 0.349, valid error 100.000%, best valid error 100.000%, avg grad norm   0.044, avg grad norm (post clip)   0.000, rho_Whh  0.18, Omega  0.00, alpha  0.000, steps in the past 0.000, valid nll 0.321
  [diag] log10|dL/dh_t| hist bins=60 range=(-12.50,-11.50) mean=-12.00 p50=-12.00 p05=-12.00 p95=-12.00
  [diag] sat-dist hist bins=60 sat<0.05=0.0% mean=0.943 p10=0.941 p90=0.944
  [diag] z-gate sat-dist hist bins=60 mean=0.122 p10=0.122 p90=0.122
  [diag] r-gate sat-dist hist bins=60 mean=0.498 p10=0.498 p90=0.498
Iter 0015680: train nll 0.419, valid error 100.000%, best valid error 100.000%, avg grad norm   0.055, avg grad norm (post clip)   0.000, rho_Whh  0.18, Omega  0.00, alpha  0.000, steps in the past 0.000, valid nll 0.321
  [diag] log10|dL/dh_t| hist bins=60 range=(-12.50,-11.50) mean=-12.00 p50=-12.00 p05=-12.00 p95=-12.00
  [diag] sat-dist hist bins=60 sat<0.05=0.0% mean=0.943 p10=0.942 p90=0.944
  [diag] z-gate sat-dist hist bins=60 mean=0.122 p10=0.122 p90=0.122
  [diag] r-gate sat-dist hist bins=60 mean=0.498 p10=0.498 p90=0.498
Iter 0015700: train nll 0.392, valid error 100.000%, best valid error 100.000%, avg grad norm   0.044, avg grad norm (post clip)   0.000, rho_Whh  0.18, Omega  0.00, alpha  0.000, steps in the past 0.000, valid nll 0.321
  [diag] log10|dL/dh_t| hist bins=60 range=(-12.50,-11.50) mean=-12.00 p50=-12.00 p05=-12.00 p95=-12.00
  [diag] sat-dist hist bins=60 sat<0.05=0.0% mean=0.943 p10=0.941 p90=0.943
  [diag] z-gate sat-dist hist bins=60 mean=0.122 p10=0.122 p90=0.122
  [diag] r-gate sat-dist hist bins=60 mean=0.498 p10=0.498 p90=0.498
Iter 0015720: train nll 0.351, valid error 100.000%, best valid error 100.000%, avg grad norm   0.039, avg grad norm (post clip)   0.000, rho_Whh  0.18, Omega  0.00, alpha  0.000, steps in the past 0.000, valid nll 0.321
  [diag] log10|dL/dh_t| hist bins=60 range=(-12.50,-11.50) mean=-12.00 p50=-12.00 p05=-12.00 p95=-12.00
  [diag] sat-dist hist bins=60 sat<0.05=0.0% mean=0.943 p10=0.942 p90=0.944
  [diag] z-gate sat-dist hist bins=60 mean=0.122 p10=0.122 p90=0.122
  [diag] r-gate sat-dist hist bins=60 mean=0.498 p10=0.498 p90=0.498
Iter 0015740: train nll 0.394, valid error 100.000%, best valid error 100.000%, avg grad norm   0.040, avg grad norm (post clip)   0.000, rho_Whh  0.18, Omega  0.00, alpha  0.000, steps in the past 0.000, valid nll 0.321
  [diag] log10|dL/dh_t| hist bins=60 range=(-12.50,-11.50) mean=-12.00 p50=-12.00 p05=-12.00 p95=-12.00
  [diag] sat-dist hist bins=60 sat<0.05=0.0% mean=0.943 p10=0.942 p90=0.944
  [diag] z-gate sat-dist hist bins=60 mean=0.122 p10=0.122 p90=0.122
  [diag] r-gate sat-dist hist bins=60 mean=0.498 p10=0.498 p90=0.498
Iter 0015760: train nll 0.405, valid error 100.000%, best valid error 100.000%, avg grad norm   0.046, avg grad norm (post clip)   0.000, rho_Whh  0.18, Omega  0.00, alpha  0.000, steps in the past 0.000, valid nll 0.321
  [diag] log10|dL/dh_t| hist bins=60 range=(-12.50,-11.50) mean=-12.00 p50=-12.00 p05=-12.00 p95=-12.00
  [diag] sat-dist hist bins=60 sat<0.05=0.0% mean=0.943 p10=0.942 p90=0.944
  [diag] z-gate sat-dist hist bins=60 mean=0.122 p10=0.122 p90=0.122
  [diag] r-gate sat-dist hist bins=60 mean=0.498 p10=0.498 p90=0.498
Iter 0015780: train nll 0.393, valid error 100.000%, best valid error 100.000%, avg grad norm   0.052, avg grad norm (post clip)   0.000, rho_Whh  0.18, Omega  0.00, alpha  0.000, steps in the past 0.000, valid nll 0.321
  [diag] log10|dL/dh_t| hist bins=60 range=(-12.50,-11.50) mean=-12.00 p50=-12.00 p05=-12.00 p95=-12.00
  [diag] sat-dist hist bins=60 sat<0.05=0.0% mean=0.944 p10=0.942 p90=0.944
  [diag] z-gate sat-dist hist bins=60 mean=0.122 p10=0.122 p90=0.122
  [diag] r-gate sat-dist hist bins=60 mean=0.498 p10=0.498 p90=0.498
Iter 0015800: train nll 0.423, valid error 100.000%, best valid error 100.000%, avg grad norm   0.051, avg grad norm (post clip)   0.000, rho_Whh  0.18, Omega  0.00, alpha  0.000, steps in the past 0.000, valid nll 0.321
  [diag] log10|dL/dh_t| hist bins=60 range=(-12.50,-11.50) mean=-12.00 p50=-12.00 p05=-12.00 p95=-12.00
  [diag] sat-dist hist bins=60 sat<0.05=0.0% mean=0.943 p10=0.942 p90=0.944
  [diag] z-gate sat-dist hist bins=60 mean=0.122 p10=0.122 p90=0.122
  [diag] r-gate sat-dist hist bins=60 mean=0.498 p10=0.498 p90=0.498
Iter 0015820: train nll 0.352, valid error 100.000%, best valid error 100.000%, avg grad norm   0.045, avg grad norm (post clip)   0.000, rho_Whh  0.18, Omega  0.00, alpha  0.000, steps in the past 0.000, valid nll 0.321
  [diag] log10|dL/dh_t| hist bins=60 range=(-12.50,-11.50) mean=-12.00 p50=-12.00 p05=-12.00 p95=-12.00
  [diag] sat-dist hist bins=60 sat<0.05=0.0% mean=0.944 p10=0.942 p90=0.944
  [diag] z-gate sat-dist hist bins=60 mean=0.122 p10=0.122 p90=0.122
  [diag] r-gate sat-dist hist bins=60 mean=0.498 p10=0.498 p90=0.498
Iter 0015840: train nll 0.391, valid error 100.000%, best valid error 100.000%, avg grad norm   0.051, avg grad norm (post clip)   0.000, rho_Whh  0.18, Omega  0.00, alpha  0.000, steps in the past 0.000, valid nll 0.321
  [diag] log10|dL/dh_t| hist bins=60 range=(-12.50,-11.50) mean=-12.00 p50=-12.00 p05=-12.00 p95=-12.00
  [diag] sat-dist hist bins=60 sat<0.05=0.0% mean=0.944 p10=0.943 p90=0.944
  [diag] z-gate sat-dist hist bins=60 mean=0.122 p10=0.122 p90=0.122
  [diag] r-gate sat-dist hist bins=60 mean=0.498 p10=0.498 p90=0.498
Iter 0015860: train nll 0.415, valid error 100.000%, best valid error 100.000%, avg grad norm   0.052, avg grad norm (post clip)   0.000, rho_Whh  0.18, Omega  0.00, alpha  0.000, steps in the past 0.000, valid nll 0.321
  [diag] log10|dL/dh_t| hist bins=60 range=(-12.50,-11.50) mean=-12.00 p50=-12.00 p05=-12.00 p95=-12.00
  [diag] sat-dist hist bins=60 sat<0.05=0.0% mean=0.944 p10=0.943 p90=0.944
  [diag] z-gate sat-dist hist bins=60 mean=0.122 p10=0.122 p90=0.122
  [diag] r-gate sat-dist hist bins=60 mean=0.498 p10=0.498 p90=0.498
Iter 0015880: train nll 0.385, valid error 100.000%, best valid error 100.000%, avg grad norm   0.051, avg grad norm (post clip)   0.000, rho_Whh  0.18, Omega  0.00, alpha  0.000, steps in the past 0.000, valid nll 0.321
  [diag] log10|dL/dh_t| hist bins=60 range=(-12.50,-11.50) mean=-12.00 p50=-12.00 p05=-12.00 p95=-12.00
  [diag] sat-dist hist bins=60 sat<0.05=0.0% mean=0.944 p10=0.943 p90=0.944
  [diag] z-gate sat-dist hist bins=60 mean=0.122 p10=0.122 p90=0.122
  [diag] r-gate sat-dist hist bins=60 mean=0.498 p10=0.498 p90=0.498
Iter 0015900: train nll 0.388, valid error 100.000%, best valid error 100.000%, avg grad norm   0.044, avg grad norm (post clip)   0.000, rho_Whh  0.18, Omega  0.00, alpha  0.000, steps in the past 0.000, valid nll 0.321
  [diag] log10|dL/dh_t| hist bins=60 range=(-12.50,-11.50) mean=-12.00 p50=-12.00 p05=-12.00 p95=-12.00
  [diag] sat-dist hist bins=60 sat<0.05=0.0% mean=0.944 p10=0.943 p90=0.944
  [diag] z-gate sat-dist hist bins=60 mean=0.122 p10=0.122 p90=0.122
  [diag] r-gate sat-dist hist bins=60 mean=0.498 p10=0.498 p90=0.498
Iter 0015920: train nll 0.402, valid error 100.000%, best valid error 100.000%, avg grad norm   0.050, avg grad norm (post clip)   0.000, rho_Whh  0.18, Omega  0.00, alpha  0.000, steps in the past 0.000, valid nll 0.321
  [diag] log10|dL/dh_t| hist bins=60 range=(-12.50,-11.50) mean=-12.00 p50=-12.00 p05=-12.00 p95=-12.00
  [diag] sat-dist hist bins=60 sat<0.05=0.0% mean=0.944 p10=0.943 p90=0.944
  [diag] z-gate sat-dist hist bins=60 mean=0.122 p10=0.122 p90=0.122
  [diag] r-gate sat-dist hist bins=60 mean=0.498 p10=0.498 p90=0.498
Iter 0015940: train nll 0.386, valid error 100.000%, best valid error 100.000%, avg grad norm   0.048, avg grad norm (post clip)   0.000, rho_Whh  0.18, Omega  0.00, alpha  0.000, steps in the past 0.000, valid nll 0.321
  [diag] log10|dL/dh_t| hist bins=60 range=(-12.50,-11.50) mean=-12.00 p50=-12.00 p05=-12.00 p95=-12.00
  [diag] sat-dist hist bins=60 sat<0.05=0.0% mean=0.944 p10=0.943 p90=0.944
  [diag] z-gate sat-dist hist bins=60 mean=0.122 p10=0.122 p90=0.122
  [diag] r-gate sat-dist hist bins=60 mean=0.498 p10=0.498 p90=0.498
Iter 0015960: train nll 0.393, valid error 100.000%, best valid error 100.000%, avg grad norm   0.043, avg grad norm (post clip)   0.000, rho_Whh  0.18, Omega  0.00, alpha  0.000, steps in the past 0.000, valid nll 0.321
  [diag] log10|dL/dh_t| hist bins=60 range=(-12.50,-11.50) mean=-12.00 p50=-12.00 p05=-12.00 p95=-12.00
  [diag] sat-dist hist bins=60 sat<0.05=0.0% mean=0.944 p10=0.943 p90=0.944
  [diag] z-gate sat-dist hist bins=60 mean=0.122 p10=0.122 p90=0.122
  [diag] r-gate sat-dist hist bins=60 mean=0.498 p10=0.498 p90=0.498
Iter 0015980: train nll 0.384, valid error 100.000%, best valid error 100.000%, avg grad norm   0.037, avg grad norm (post clip)   0.000, rho_Whh  0.18, Omega  0.00, alpha  0.000, steps in the past 0.000, valid nll 0.321
  [diag] log10|dL/dh_t| hist bins=60 range=(-12.50,-11.50) mean=-12.00 p50=-12.00 p05=-12.00 p95=-12.00
  [diag] sat-dist hist bins=60 sat<0.05=0.0% mean=0.944 p10=0.943 p90=0.944
  [diag] z-gate sat-dist hist bins=60 mean=0.122 p10=0.122 p90=0.122
  [diag] r-gate sat-dist hist bins=60 mean=0.498 p10=0.498 p90=0.498
Iter 0016000: train nll 0.366, valid error 100.000%, best valid error 100.000%, avg grad norm   0.045, avg grad norm (post clip)   0.000, rho_Whh  0.18, Omega  0.00, alpha  0.000, steps in the past 0.000, valid nll 0.321
  [diag] log10|dL/dh_t| hist bins=60 range=(-12.50,-11.50) mean=-12.00 p50=-12.00 p05=-12.00 p95=-12.00
  [diag] sat-dist hist bins=60 sat<0.05=0.0% mean=0.944 p10=0.943 p90=0.944
  [diag] z-gate sat-dist hist bins=60 mean=0.122 p10=0.122 p90=0.122
  [diag] r-gate sat-dist hist bins=60 mean=0.498 p10=0.498 p90=0.498
Iter 0016020: train nll 0.390, valid error 100.000%, best valid error 100.000%, avg grad norm   0.053, avg grad norm (post clip)   0.000, rho_Whh  0.18, Omega  0.00, alpha  0.000, steps in the past 0.000, valid nll 0.321
  [diag] log10|dL/dh_t| hist bins=60 range=(-12.50,-11.50) mean=-12.00 p50=-12.00 p05=-12.00 p95=-12.00
  [diag] sat-dist hist bins=60 sat<0.05=0.0% mean=0.944 p10=0.943 p90=0.944
  [diag] z-gate sat-dist hist bins=60 mean=0.122 p10=0.122 p90=0.122
  [diag] r-gate sat-dist hist bins=60 mean=0.498 p10=0.498 p90=0.498
Iter 0016040: train nll 0.372, valid error 100.000%, best valid error 100.000%, avg grad norm   0.041, avg grad norm (post clip)   0.000, rho_Whh  0.18, Omega  0.00, alpha  0.000, steps in the past 0.000, valid nll 0.321
  [diag] log10|dL/dh_t| hist bins=60 range=(-12.50,-11.50) mean=-12.00 p50=-12.00 p05=-12.00 p95=-12.00
  [diag] sat-dist hist bins=60 sat<0.05=0.0% mean=0.944 p10=0.943 p90=0.944
  [diag] z-gate sat-dist hist bins=60 mean=0.122 p10=0.122 p90=0.122
  [diag] r-gate sat-dist hist bins=60 mean=0.498 p10=0.498 p90=0.498
Iter 0016060: train nll 0.345, valid error 100.000%, best valid error 100.000%, avg grad norm   0.049, avg grad norm (post clip)   0.000, rho_Whh  0.18, Omega  0.00, alpha  0.000, steps in the past 0.000, valid nll 0.320
  [diag] log10|dL/dh_t| hist bins=60 range=(-12.50,-11.50) mean=-12.00 p50=-12.00 p05=-12.00 p95=-12.00
  [diag] sat-dist hist bins=60 sat<0.05=0.0% mean=0.944 p10=0.943 p90=0.944
  [diag] z-gate sat-dist hist bins=60 mean=0.122 p10=0.122 p90=0.122
  [diag] r-gate sat-dist hist bins=60 mean=0.498 p10=0.498 p90=0.498
Iter 0016080: train nll 0.374, valid error 100.000%, best valid error 100.000%, avg grad norm   0.045, avg grad norm (post clip)   0.000, rho_Whh  0.18, Omega  0.00, alpha  0.000, steps in the past 0.000, valid nll 0.320
  [diag] log10|dL/dh_t| hist bins=60 range=(-12.50,-11.50) mean=-12.00 p50=-12.00 p05=-12.00 p95=-12.00
  [diag] sat-dist hist bins=60 sat<0.05=0.0% mean=0.944 p10=0.943 p90=0.944
  [diag] z-gate sat-dist hist bins=60 mean=0.122 p10=0.122 p90=0.122
  [diag] r-gate sat-dist hist bins=60 mean=0.498 p10=0.498 p90=0.498
Iter 0016100: train nll 0.397, valid error 100.000%, best valid error 100.000%, avg grad norm   0.040, avg grad norm (post clip)   0.000, rho_Whh  0.18, Omega  0.00, alpha  0.000, steps in the past 0.000, valid nll 0.320
  [diag] log10|dL/dh_t| hist bins=60 range=(-12.50,-11.50) mean=-12.00 p50=-12.00 p05=-12.00 p95=-12.00
  [diag] sat-dist hist bins=60 sat<0.05=0.0% mean=0.944 p10=0.943 p90=0.944
  [diag] z-gate sat-dist hist bins=60 mean=0.122 p10=0.122 p90=0.122
  [diag] r-gate sat-dist hist bins=60 mean=0.498 p10=0.498 p90=0.498
Iter 0016120: train nll 0.398, valid error 100.000%, best valid error 100.000%, avg grad norm   0.051, avg grad norm (post clip)   0.000, rho_Whh  0.18, Omega  0.00, alpha  0.000, steps in the past 0.000, valid nll 0.321
  [diag] log10|dL/dh_t| hist bins=60 range=(-12.50,-11.50) mean=-12.00 p50=-12.00 p05=-12.00 p95=-12.00
  [diag] sat-dist hist bins=60 sat<0.05=0.0% mean=0.944 p10=0.943 p90=0.944
  [diag] z-gate sat-dist hist bins=60 mean=0.122 p10=0.122 p90=0.122
  [diag] r-gate sat-dist hist bins=60 mean=0.498 p10=0.498 p90=0.498
Iter 0016140: train nll 0.382, valid error 100.000%, best valid error 100.000%, avg grad norm   0.039, avg grad norm (post clip)   0.000, rho_Whh  0.18, Omega  0.00, alpha  0.000, steps in the past 0.000, valid nll 0.320
  [diag] log10|dL/dh_t| hist bins=60 range=(-12.50,-11.50) mean=-12.00 p50=-12.00 p05=-12.00 p95=-12.00
  [diag] sat-dist hist bins=60 sat<0.05=0.0% mean=0.944 p10=0.943 p90=0.944
  [diag] z-gate sat-dist hist bins=60 mean=0.122 p10=0.122 p90=0.122
  [diag] r-gate sat-dist hist bins=60 mean=0.498 p10=0.498 p90=0.498
Iter 0016160: train nll 0.384, valid error 100.000%, best valid error 100.000%, avg grad norm   0.035, avg grad norm (post clip)   0.000, rho_Whh  0.18, Omega  0.00, alpha  0.000, steps in the past 0.000, valid nll 0.320
  [diag] log10|dL/dh_t| hist bins=60 range=(-12.50,-11.50) mean=-12.00 p50=-12.00 p05=-12.00 p95=-12.00
  [diag] sat-dist hist bins=60 sat<0.05=0.0% mean=0.944 p10=0.943 p90=0.944
  [diag] z-gate sat-dist hist bins=60 mean=0.122 p10=0.122 p90=0.122
  [diag] r-gate sat-dist hist bins=60 mean=0.498 p10=0.498 p90=0.498
Iter 0016180: train nll 0.361, valid error 100.000%, best valid error 100.000%, avg grad norm   0.040, avg grad norm (post clip)   0.000, rho_Whh  0.18, Omega  0.00, alpha  0.000, steps in the past 0.000, valid nll 0.320
  [diag] log10|dL/dh_t| hist bins=60 range=(-12.50,-11.50) mean=-12.00 p50=-12.00 p05=-12.00 p95=-12.00
  [diag] sat-dist hist bins=60 sat<0.05=0.0% mean=0.944 p10=0.943 p90=0.944
  [diag] z-gate sat-dist hist bins=60 mean=0.122 p10=0.122 p90=0.122
  [diag] r-gate sat-dist hist bins=60 mean=0.498 p10=0.498 p90=0.498
Iter 0016200: train nll 0.382, valid error 100.000%, best valid error 100.000%, avg grad norm   0.046, avg grad norm (post clip)   0.000, rho_Whh  0.18, Omega  0.00, alpha  0.000, steps in the past 0.000, valid nll 0.320
  [diag] log10|dL/dh_t| hist bins=60 range=(-12.50,-11.50) mean=-12.00 p50=-12.00 p05=-12.00 p95=-12.00
  [diag] sat-dist hist bins=60 sat<0.05=0.0% mean=0.944 p10=0.943 p90=0.944
  [diag] z-gate sat-dist hist bins=60 mean=0.122 p10=0.122 p90=0.122
  [diag] r-gate sat-dist hist bins=60 mean=0.498 p10=0.498 p90=0.498
Iter 0016220: train nll 0.387, valid error 100.000%, best valid error 100.000%, avg grad norm   0.043, avg grad norm (post clip)   0.000, rho_Whh  0.18, Omega  0.00, alpha  0.000, steps in the past 0.000, valid nll 0.320
  [diag] log10|dL/dh_t| hist bins=60 range=(-12.50,-11.50) mean=-12.00 p50=-12.00 p05=-12.00 p95=-12.00
  [diag] sat-dist hist bins=60 sat<0.05=0.0% mean=0.945 p10=0.943 p90=0.945
  [diag] z-gate sat-dist hist bins=60 mean=0.122 p10=0.122 p90=0.122
  [diag] r-gate sat-dist hist bins=60 mean=0.498 p10=0.498 p90=0.498
Iter 0016240: train nll 0.411, valid error 100.000%, best valid error 100.000%, avg grad norm   0.060, avg grad norm (post clip)   0.000, rho_Whh  0.18, Omega  0.00, alpha  0.000, steps in the past 0.000, valid nll 0.320
  [diag] log10|dL/dh_t| hist bins=60 range=(-12.50,-11.50) mean=-12.00 p50=-12.00 p05=-12.00 p95=-12.00
  [diag] sat-dist hist bins=60 sat<0.05=0.0% mean=0.945 p10=0.944 p90=0.945
  [diag] z-gate sat-dist hist bins=60 mean=0.122 p10=0.122 p90=0.122
  [diag] r-gate sat-dist hist bins=60 mean=0.498 p10=0.498 p90=0.498
Iter 0016260: train nll 0.403, valid error 100.000%, best valid error 100.000%, avg grad norm   0.048, avg grad norm (post clip)   0.000, rho_Whh  0.18, Omega  0.00, alpha  0.000, steps in the past 0.000, valid nll 0.320
  [diag] log10|dL/dh_t| hist bins=60 range=(-12.50,-11.50) mean=-12.00 p50=-12.00 p05=-12.00 p95=-12.00
  [diag] sat-dist hist bins=60 sat<0.05=0.0% mean=0.945 p10=0.944 p90=0.945
  [diag] z-gate sat-dist hist bins=60 mean=0.122 p10=0.122 p90=0.122
  [diag] r-gate sat-dist hist bins=60 mean=0.498 p10=0.498 p90=0.498
Iter 0016280: train nll 0.413, valid error 100.000%, best valid error 100.000%, avg grad norm   0.049, avg grad norm (post clip)   0.000, rho_Whh  0.18, Omega  0.00, alpha  0.000, steps in the past 0.000, valid nll 0.321
  [diag] log10|dL/dh_t| hist bins=60 range=(-12.50,-11.50) mean=-12.00 p50=-12.00 p05=-12.00 p95=-12.00
  [diag] sat-dist hist bins=60 sat<0.05=0.0% mean=0.945 p10=0.944 p90=0.945
  [diag] z-gate sat-dist hist bins=60 mean=0.122 p10=0.122 p90=0.122
  [diag] r-gate sat-dist hist bins=60 mean=0.498 p10=0.498 p90=0.498
Iter 0016300: train nll 0.369, valid error 100.000%, best valid error 100.000%, avg grad norm   0.043, avg grad norm (post clip)   0.000, rho_Whh  0.18, Omega  0.00, alpha  0.000, steps in the past 0.000, valid nll 0.320
  [diag] log10|dL/dh_t| hist bins=60 range=(-12.50,-11.50) mean=-12.00 p50=-12.00 p05=-12.00 p95=-12.00
  [diag] sat-dist hist bins=60 sat<0.05=0.0% mean=0.945 p10=0.944 p90=0.945
  [diag] z-gate sat-dist hist bins=60 mean=0.122 p10=0.122 p90=0.122
  [diag] r-gate sat-dist hist bins=60 mean=0.498 p10=0.498 p90=0.498
Iter 0016320: train nll 0.404, valid error 100.000%, best valid error 100.000%, avg grad norm   0.058, avg grad norm (post clip)   0.000, rho_Whh  0.18, Omega  0.00, alpha  0.000, steps in the past 0.000, valid nll 0.321
  [diag] log10|dL/dh_t| hist bins=60 range=(-12.50,-11.50) mean=-12.00 p50=-12.00 p05=-12.00 p95=-12.00
  [diag] sat-dist hist bins=60 sat<0.05=0.0% mean=0.945 p10=0.944 p90=0.945
  [diag] z-gate sat-dist hist bins=60 mean=0.122 p10=0.122 p90=0.122
  [diag] r-gate sat-dist hist bins=60 mean=0.498 p10=0.498 p90=0.498
Iter 0016340: train nll 0.379, valid error 100.000%, best valid error 100.000%, avg grad norm   0.044, avg grad norm (post clip)   0.000, rho_Whh  0.18, Omega  0.00, alpha  0.000, steps in the past 0.000, valid nll 0.320
  [diag] log10|dL/dh_t| hist bins=60 range=(-12.50,-11.50) mean=-12.00 p50=-12.00 p05=-12.00 p95=-12.00
  [diag] sat-dist hist bins=60 sat<0.05=0.0% mean=0.945 p10=0.944 p90=0.945
  [diag] z-gate sat-dist hist bins=60 mean=0.122 p10=0.122 p90=0.122
  [diag] r-gate sat-dist hist bins=60 mean=0.498 p10=0.498 p90=0.498
Iter 0016360: train nll 0.357, valid error 100.000%, best valid error 100.000%, avg grad norm   0.035, avg grad norm (post clip)   0.000, rho_Whh  0.17, Omega  0.00, alpha  0.000, steps in the past 0.000, valid nll 0.320
  [diag] log10|dL/dh_t| hist bins=60 range=(-12.50,-11.50) mean=-12.00 p50=-12.00 p05=-12.00 p95=-12.00
  [diag] sat-dist hist bins=60 sat<0.05=0.0% mean=0.945 p10=0.944 p90=0.945
  [diag] z-gate sat-dist hist bins=60 mean=0.122 p10=0.122 p90=0.122
  [diag] r-gate sat-dist hist bins=60 mean=0.498 p10=0.498 p90=0.498
Iter 0016380: train nll 0.383, valid error 100.000%, best valid error 100.000%, avg grad norm   0.038, avg grad norm (post clip)   0.000, rho_Whh  0.17, Omega  0.00, alpha  0.000, steps in the past 0.000, valid nll 0.320
  [diag] log10|dL/dh_t| hist bins=60 range=(-12.50,-11.50) mean=-12.00 p50=-12.00 p05=-12.00 p95=-12.00
  [diag] sat-dist hist bins=60 sat<0.05=0.0% mean=0.945 p10=0.944 p90=0.945
  [diag] z-gate sat-dist hist bins=60 mean=0.122 p10=0.122 p90=0.122
  [diag] r-gate sat-dist hist bins=60 mean=0.498 p10=0.498 p90=0.498
Iter 0016400: train nll 0.375, valid error 100.000%, best valid error 100.000%, avg grad norm   0.043, avg grad norm (post clip)   0.000, rho_Whh  0.17, Omega  0.00, alpha  0.000, steps in the past 0.000, valid nll 0.320
  [diag] log10|dL/dh_t| hist bins=60 range=(-12.50,-11.50) mean=-12.00 p50=-12.00 p05=-12.00 p95=-12.00
  [diag] sat-dist hist bins=60 sat<0.05=0.0% mean=0.945 p10=0.944 p90=0.945
  [diag] z-gate sat-dist hist bins=60 mean=0.122 p10=0.122 p90=0.122
  [diag] r-gate sat-dist hist bins=60 mean=0.498 p10=0.498 p90=0.498
Iter 0016420: train nll 0.380, valid error 100.000%, best valid error 100.000%, avg grad norm   0.043, avg grad norm (post clip)   0.000, rho_Whh  0.17, Omega  0.00, alpha  0.000, steps in the past 0.000, valid nll 0.320
  [diag] log10|dL/dh_t| hist bins=60 range=(-12.50,-11.50) mean=-12.00 p50=-12.00 p05=-12.00 p95=-12.00
  [diag] sat-dist hist bins=60 sat<0.05=0.0% mean=0.945 p10=0.944 p90=0.945
  [diag] z-gate sat-dist hist bins=60 mean=0.122 p10=0.122 p90=0.122
  [diag] r-gate sat-dist hist bins=60 mean=0.498 p10=0.498 p90=0.498
Iter 0016440: train nll 0.375, valid error 100.000%, best valid error 100.000%, avg grad norm   0.036, avg grad norm (post clip)   0.000, rho_Whh  0.17, Omega  0.00, alpha  0.000, steps in the past 0.000, valid nll 0.320
  [diag] log10|dL/dh_t| hist bins=60 range=(-12.50,-11.50) mean=-12.00 p50=-12.00 p05=-12.00 p95=-12.00
  [diag] sat-dist hist bins=60 sat<0.05=0.0% mean=0.945 p10=0.944 p90=0.945
  [diag] z-gate sat-dist hist bins=60 mean=0.122 p10=0.122 p90=0.122
  [diag] r-gate sat-dist hist bins=60 mean=0.498 p10=0.498 p90=0.498
Iter 0016460: train nll 0.367, valid error 100.000%, best valid error 100.000%, avg grad norm   0.029, avg grad norm (post clip)   0.000, rho_Whh  0.17, Omega  0.00, alpha  0.000, steps in the past 0.000, valid nll 0.320
  [diag] log10|dL/dh_t| hist bins=60 range=(-12.50,-11.50) mean=-12.00 p50=-12.00 p05=-12.00 p95=-12.00
  [diag] sat-dist hist bins=60 sat<0.05=0.0% mean=0.945 p10=0.944 p90=0.945
  [diag] z-gate sat-dist hist bins=60 mean=0.122 p10=0.122 p90=0.122
  [diag] r-gate sat-dist hist bins=60 mean=0.498 p10=0.498 p90=0.498
Iter 0016480: train nll 0.408, valid error 100.000%, best valid error 100.000%, avg grad norm   0.055, avg grad norm (post clip)   0.000, rho_Whh  0.17, Omega  0.00, alpha  0.000, steps in the past 0.000, valid nll 0.320
  [diag] log10|dL/dh_t| hist bins=60 range=(-12.50,-11.50) mean=-12.00 p50=-12.00 p05=-12.00 p95=-12.00
  [diag] sat-dist hist bins=60 sat<0.05=0.0% mean=0.945 p10=0.944 p90=0.945
  [diag] z-gate sat-dist hist bins=60 mean=0.122 p10=0.122 p90=0.122
  [diag] r-gate sat-dist hist bins=60 mean=0.498 p10=0.498 p90=0.498
Iter 0016500: train nll 0.396, valid error 100.000%, best valid error 100.000%, avg grad norm   0.054, avg grad norm (post clip)   0.000, rho_Whh  0.17, Omega  0.00, alpha  0.000, steps in the past 0.000, valid nll 0.320
  [diag] log10|dL/dh_t| hist bins=60 range=(-12.50,-11.50) mean=-12.00 p50=-12.00 p05=-12.00 p95=-12.00
  [diag] sat-dist hist bins=60 sat<0.05=0.0% mean=0.945 p10=0.944 p90=0.945
  [diag] z-gate sat-dist hist bins=60 mean=0.122 p10=0.122 p90=0.122
  [diag] r-gate sat-dist hist bins=60 mean=0.498 p10=0.498 p90=0.498
Iter 0016520: train nll 0.381, valid error 100.000%, best valid error 100.000%, avg grad norm   0.040, avg grad norm (post clip)   0.000, rho_Whh  0.17, Omega  0.00, alpha  0.000, steps in the past 0.000, valid nll 0.320
  [diag] log10|dL/dh_t| hist bins=60 range=(-12.50,-11.50) mean=-12.00 p50=-12.00 p05=-12.00 p95=-12.00
  [diag] sat-dist hist bins=60 sat<0.05=0.0% mean=0.945 p10=0.944 p90=0.945
  [diag] z-gate sat-dist hist bins=60 mean=0.122 p10=0.122 p90=0.122
  [diag] r-gate sat-dist hist bins=60 mean=0.498 p10=0.498 p90=0.498
Iter 0016540: train nll 0.402, valid error 100.000%, best valid error 100.000%, avg grad norm   0.051, avg grad norm (post clip)   0.000, rho_Whh  0.17, Omega  0.00, alpha  0.000, steps in the past 0.000, valid nll 0.320
  [diag] log10|dL/dh_t| hist bins=60 range=(-12.50,-11.50) mean=-12.00 p50=-12.00 p05=-12.00 p95=-12.00
  [diag] sat-dist hist bins=60 sat<0.05=0.0% mean=0.946 p10=0.944 p90=0.945
  [diag] z-gate sat-dist hist bins=60 mean=0.122 p10=0.122 p90=0.122
  [diag] r-gate sat-dist hist bins=60 mean=0.498 p10=0.498 p90=0.498
Iter 0016560: train nll 0.387, valid error 100.000%, best valid error 100.000%, avg grad norm   0.046, avg grad norm (post clip)   0.000, rho_Whh  0.17, Omega  0.00, alpha  0.000, steps in the past 0.000, valid nll 0.320
  [diag] log10|dL/dh_t| hist bins=60 range=(-12.50,-11.50) mean=-12.00 p50=-12.00 p05=-12.00 p95=-12.00
  [diag] sat-dist hist bins=60 sat<0.05=0.0% mean=0.946 p10=0.944 p90=0.945
  [diag] z-gate sat-dist hist bins=60 mean=0.122 p10=0.122 p90=0.122
  [diag] r-gate sat-dist hist bins=60 mean=0.498 p10=0.498 p90=0.498
Iter 0016580: train nll 0.399, valid error 100.000%, best valid error 100.000%, avg grad norm   0.049, avg grad norm (post clip)   0.000, rho_Whh  0.17, Omega  0.00, alpha  0.000, steps in the past 0.000, valid nll 0.320
  [diag] log10|dL/dh_t| hist bins=60 range=(-12.50,-11.50) mean=-12.00 p50=-12.00 p05=-12.00 p95=-12.00
  [diag] sat-dist hist bins=60 sat<0.05=0.0% mean=0.946 p10=0.945 p90=0.946
  [diag] z-gate sat-dist hist bins=60 mean=0.122 p10=0.122 p90=0.122
  [diag] r-gate sat-dist hist bins=60 mean=0.498 p10=0.498 p90=0.498
Iter 0016600: train nll 0.413, valid error 100.000%, best valid error 100.000%, avg grad norm   0.039, avg grad norm (post clip)   0.000, rho_Whh  0.17, Omega  0.00, alpha  0.000, steps in the past 0.000, valid nll 0.320
  [diag] log10|dL/dh_t| hist bins=60 range=(-12.50,-11.50) mean=-12.00 p50=-12.00 p05=-12.00 p95=-12.00
  [diag] sat-dist hist bins=60 sat<0.05=0.0% mean=0.946 p10=0.945 p90=0.946
  [diag] z-gate sat-dist hist bins=60 mean=0.122 p10=0.122 p90=0.122
  [diag] r-gate sat-dist hist bins=60 mean=0.498 p10=0.498 p90=0.498
Iter 0016620: train nll 0.409, valid error 100.000%, best valid error 100.000%, avg grad norm   0.047, avg grad norm (post clip)   0.000, rho_Whh  0.17, Omega  0.00, alpha  0.000, steps in the past 0.000, valid nll 0.320
  [diag] log10|dL/dh_t| hist bins=60 range=(-12.50,-11.50) mean=-12.00 p50=-12.00 p05=-12.00 p95=-12.00
  [diag] sat-dist hist bins=60 sat<0.05=0.0% mean=0.946 p10=0.945 p90=0.946
  [diag] z-gate sat-dist hist bins=60 mean=0.122 p10=0.122 p90=0.122
  [diag] r-gate sat-dist hist bins=60 mean=0.498 p10=0.498 p90=0.498
Iter 0016640: train nll 0.377, valid error 100.000%, best valid error 100.000%, avg grad norm   0.050, avg grad norm (post clip)   0.000, rho_Whh  0.17, Omega  0.00, alpha  0.000, steps in the past 0.000, valid nll 0.320
  [diag] log10|dL/dh_t| hist bins=60 range=(-12.50,-11.50) mean=-12.00 p50=-12.00 p05=-12.00 p95=-12.00
  [diag] sat-dist hist bins=60 sat<0.05=0.0% mean=0.946 p10=0.945 p90=0.946
  [diag] z-gate sat-dist hist bins=60 mean=0.122 p10=0.122 p90=0.122
  [diag] r-gate sat-dist hist bins=60 mean=0.498 p10=0.498 p90=0.498
Iter 0016660: train nll 0.341, valid error 100.000%, best valid error 100.000%, avg grad norm   0.046, avg grad norm (post clip)   0.000, rho_Whh  0.17, Omega  0.00, alpha  0.000, steps in the past 0.000, valid nll 0.320
  [diag] log10|dL/dh_t| hist bins=60 range=(-12.50,-11.50) mean=-12.00 p50=-12.00 p05=-12.00 p95=-12.00
  [diag] sat-dist hist bins=60 sat<0.05=0.0% mean=0.946 p10=0.945 p90=0.946
  [diag] z-gate sat-dist hist bins=60 mean=0.122 p10=0.122 p90=0.122
  [diag] r-gate sat-dist hist bins=60 mean=0.498 p10=0.498 p90=0.498
Iter 0016680: train nll 0.393, valid error 100.000%, best valid error 100.000%, avg grad norm   0.063, avg grad norm (post clip)   0.000, rho_Whh  0.17, Omega  0.00, alpha  0.000, steps in the past 0.000, valid nll 0.320
  [diag] log10|dL/dh_t| hist bins=60 range=(-12.50,-11.50) mean=-12.00 p50=-12.00 p05=-12.00 p95=-12.00
  [diag] sat-dist hist bins=60 sat<0.05=0.0% mean=0.946 p10=0.945 p90=0.946
  [diag] z-gate sat-dist hist bins=60 mean=0.122 p10=0.122 p90=0.122
  [diag] r-gate sat-dist hist bins=60 mean=0.498 p10=0.498 p90=0.498
Iter 0016700: train nll 0.395, valid error 100.000%, best valid error 100.000%, avg grad norm   0.057, avg grad norm (post clip)   0.000, rho_Whh  0.17, Omega  0.00, alpha  0.000, steps in the past 0.000, valid nll 0.320
  [diag] log10|dL/dh_t| hist bins=60 range=(-12.50,-11.50) mean=-12.00 p50=-12.00 p05=-12.00 p95=-12.00
  [diag] sat-dist hist bins=60 sat<0.05=0.0% mean=0.946 p10=0.945 p90=0.946
  [diag] z-gate sat-dist hist bins=60 mean=0.122 p10=0.122 p90=0.122
  [diag] r-gate sat-dist hist bins=60 mean=0.498 p10=0.498 p90=0.498
Iter 0016720: train nll 0.380, valid error 100.000%, best valid error 100.000%, avg grad norm   0.035, avg grad norm (post clip)   0.000, rho_Whh  0.17, Omega  0.00, alpha  0.000, steps in the past 0.000, valid nll 0.320
  [diag] log10|dL/dh_t| hist bins=60 range=(-12.50,-11.50) mean=-12.00 p50=-12.00 p05=-12.00 p95=-12.00
  [diag] sat-dist hist bins=60 sat<0.05=0.0% mean=0.946 p10=0.945 p90=0.946
  [diag] z-gate sat-dist hist bins=60 mean=0.122 p10=0.122 p90=0.122
  [diag] r-gate sat-dist hist bins=60 mean=0.498 p10=0.498 p90=0.498
Iter 0016740: train nll 0.389, valid error 100.000%, best valid error 100.000%, avg grad norm   0.050, avg grad norm (post clip)   0.000, rho_Whh  0.17, Omega  0.00, alpha  0.000, steps in the past 0.000, valid nll 0.320
  [diag] log10|dL/dh_t| hist bins=60 range=(-12.50,-11.50) mean=-12.00 p50=-12.00 p05=-12.00 p95=-12.00
  [diag] sat-dist hist bins=60 sat<0.05=0.0% mean=0.946 p10=0.945 p90=0.946
  [diag] z-gate sat-dist hist bins=60 mean=0.122 p10=0.122 p90=0.122
  [diag] r-gate sat-dist hist bins=60 mean=0.498 p10=0.498 p90=0.498
Iter 0016760: train nll 0.391, valid error 100.000%, best valid error 100.000%, avg grad norm   0.053, avg grad norm (post clip)   0.000, rho_Whh  0.17, Omega  0.00, alpha  0.000, steps in the past 0.000, valid nll 0.320
  [diag] log10|dL/dh_t| hist bins=60 range=(-12.50,-11.50) mean=-12.00 p50=-12.00 p05=-12.00 p95=-12.00
  [diag] sat-dist hist bins=60 sat<0.05=0.0% mean=0.946 p10=0.945 p90=0.946
  [diag] z-gate sat-dist hist bins=60 mean=0.122 p10=0.122 p90=0.122
  [diag] r-gate sat-dist hist bins=60 mean=0.498 p10=0.498 p90=0.498
Iter 0016780: train nll 0.407, valid error 100.000%, best valid error 100.000%, avg grad norm   0.039, avg grad norm (post clip)   0.000, rho_Whh  0.17, Omega  0.00, alpha  0.000, steps in the past 0.000, valid nll 0.320
  [diag] log10|dL/dh_t| hist bins=60 range=(-12.50,-11.50) mean=-12.00 p50=-12.00 p05=-12.00 p95=-12.00
  [diag] sat-dist hist bins=60 sat<0.05=0.0% mean=0.947 p10=0.945 p90=0.947
  [diag] z-gate sat-dist hist bins=60 mean=0.122 p10=0.122 p90=0.122
  [diag] r-gate sat-dist hist bins=60 mean=0.498 p10=0.498 p90=0.498
Iter 0016800: train nll 0.420, valid error 100.000%, best valid error 100.000%, avg grad norm   0.054, avg grad norm (post clip)   0.000, rho_Whh  0.17, Omega  0.00, alpha  0.000, steps in the past 0.000, valid nll 0.320
  [diag] log10|dL/dh_t| hist bins=60 range=(-12.50,-11.50) mean=-12.00 p50=-12.00 p05=-12.00 p95=-12.00
  [diag] sat-dist hist bins=60 sat<0.05=0.0% mean=0.946 p10=0.945 p90=0.946
  [diag] z-gate sat-dist hist bins=60 mean=0.122 p10=0.122 p90=0.122
  [diag] r-gate sat-dist hist bins=60 mean=0.498 p10=0.498 p90=0.498
Iter 0016820: train nll 0.356, valid error 100.000%, best valid error 100.000%, avg grad norm   0.044, avg grad norm (post clip)   0.000, rho_Whh  0.17, Omega  0.00, alpha  0.000, steps in the past 0.000, valid nll 0.320
  [diag] log10|dL/dh_t| hist bins=60 range=(-12.50,-11.50) mean=-12.00 p50=-12.00 p05=-12.00 p95=-12.00
  [diag] sat-dist hist bins=60 sat<0.05=0.0% mean=0.946 p10=0.945 p90=0.946
  [diag] z-gate sat-dist hist bins=60 mean=0.122 p10=0.122 p90=0.122
  [diag] r-gate sat-dist hist bins=60 mean=0.498 p10=0.498 p90=0.498
Iter 0016840: train nll 0.366, valid error 100.000%, best valid error 100.000%, avg grad norm   0.043, avg grad norm (post clip)   0.000, rho_Whh  0.17, Omega  0.00, alpha  0.000, steps in the past 0.000, valid nll 0.320
  [diag] log10|dL/dh_t| hist bins=60 range=(-12.50,-11.50) mean=-12.00 p50=-12.00 p05=-12.00 p95=-12.00
  [diag] sat-dist hist bins=60 sat<0.05=0.0% mean=0.946 p10=0.945 p90=0.946
  [diag] z-gate sat-dist hist bins=60 mean=0.122 p10=0.122 p90=0.122
  [diag] r-gate sat-dist hist bins=60 mean=0.498 p10=0.498 p90=0.498
Iter 0016860: train nll 0.361, valid error 100.000%, best valid error 100.000%, avg grad norm   0.051, avg grad norm (post clip)   0.000, rho_Whh  0.17, Omega  0.00, alpha  0.000, steps in the past 0.000, valid nll 0.320
  [diag] log10|dL/dh_t| hist bins=60 range=(-12.50,-11.50) mean=-12.00 p50=-12.00 p05=-12.00 p95=-12.00
  [diag] sat-dist hist bins=60 sat<0.05=0.0% mean=0.946 p10=0.945 p90=0.946
  [diag] z-gate sat-dist hist bins=60 mean=0.122 p10=0.122 p90=0.122
  [diag] r-gate sat-dist hist bins=60 mean=0.498 p10=0.498 p90=0.498
Iter 0016880: train nll 0.385, valid error 100.000%, best valid error 100.000%, avg grad norm   0.054, avg grad norm (post clip)   0.000, rho_Whh  0.17, Omega  0.00, alpha  0.000, steps in the past 0.000, valid nll 0.320
  [diag] log10|dL/dh_t| hist bins=60 range=(-12.50,-11.50) mean=-12.00 p50=-12.00 p05=-12.00 p95=-12.00
  [diag] sat-dist hist bins=60 sat<0.05=0.0% mean=0.946 p10=0.945 p90=0.946
  [diag] z-gate sat-dist hist bins=60 mean=0.122 p10=0.122 p90=0.122
  [diag] r-gate sat-dist hist bins=60 mean=0.498 p10=0.498 p90=0.498
Iter 0016900: train nll 0.398, valid error 100.000%, best valid error 100.000%, avg grad norm   0.057, avg grad norm (post clip)   0.000, rho_Whh  0.17, Omega  0.00, alpha  0.000, steps in the past 0.000, valid nll 0.320
  [diag] log10|dL/dh_t| hist bins=60 range=(-12.50,-11.50) mean=-12.00 p50=-12.00 p05=-12.00 p95=-12.00
  [diag] sat-dist hist bins=60 sat<0.05=0.0% mean=0.946 p10=0.945 p90=0.946
  [diag] z-gate sat-dist hist bins=60 mean=0.122 p10=0.122 p90=0.122
  [diag] r-gate sat-dist hist bins=60 mean=0.498 p10=0.498 p90=0.498
Iter 0016920: train nll 0.379, valid error 100.000%, best valid error 100.000%, avg grad norm   0.037, avg grad norm (post clip)   0.000, rho_Whh  0.17, Omega  0.00, alpha  0.000, steps in the past 0.000, valid nll 0.320
  [diag] log10|dL/dh_t| hist bins=60 range=(-12.50,-11.50) mean=-12.00 p50=-12.00 p05=-12.00 p95=-12.00
  [diag] sat-dist hist bins=60 sat<0.05=0.0% mean=0.946 p10=0.945 p90=0.946
  [diag] z-gate sat-dist hist bins=60 mean=0.122 p10=0.122 p90=0.122
  [diag] r-gate sat-dist hist bins=60 mean=0.498 p10=0.498 p90=0.498
Iter 0016940: train nll 0.353, valid error 100.000%, best valid error 100.000%, avg grad norm   0.042, avg grad norm (post clip)   0.000, rho_Whh  0.17, Omega  0.00, alpha  0.000, steps in the past 0.000, valid nll 0.320
  [diag] log10|dL/dh_t| hist bins=60 range=(-12.50,-11.50) mean=-12.00 p50=-12.00 p05=-12.00 p95=-12.00
  [diag] sat-dist hist bins=60 sat<0.05=0.0% mean=0.946 p10=0.945 p90=0.946
  [diag] z-gate sat-dist hist bins=60 mean=0.122 p10=0.122 p90=0.122
  [diag] r-gate sat-dist hist bins=60 mean=0.498 p10=0.498 p90=0.498
Iter 0016960: train nll 0.406, valid error 100.000%, best valid error 100.000%, avg grad norm   0.045, avg grad norm (post clip)   0.000, rho_Whh  0.17, Omega  0.00, alpha  0.000, steps in the past 0.000, valid nll 0.320
  [diag] log10|dL/dh_t| hist bins=60 range=(-12.50,-11.50) mean=-12.00 p50=-12.00 p05=-12.00 p95=-12.00
  [diag] sat-dist hist bins=60 sat<0.05=0.0% mean=0.946 p10=0.945 p90=0.946
  [diag] z-gate sat-dist hist bins=60 mean=0.122 p10=0.122 p90=0.122
  [diag] r-gate sat-dist hist bins=60 mean=0.498 p10=0.498 p90=0.498
Iter 0016980: train nll 0.366, valid error 100.000%, best valid error 100.000%, avg grad norm   0.034, avg grad norm (post clip)   0.000, rho_Whh  0.17, Omega  0.00, alpha  0.000, steps in the past 0.000, valid nll 0.320
  [diag] log10|dL/dh_t| hist bins=60 range=(-12.50,-11.50) mean=-12.00 p50=-12.00 p05=-12.00 p95=-12.00
  [diag] sat-dist hist bins=60 sat<0.05=0.0% mean=0.946 p10=0.945 p90=0.946
  [diag] z-gate sat-dist hist bins=60 mean=0.122 p10=0.122 p90=0.122
  [diag] r-gate sat-dist hist bins=60 mean=0.498 p10=0.498 p90=0.498
Iter 0017000: train nll 0.397, valid error 100.000%, best valid error 100.000%, avg grad norm   0.051, avg grad norm (post clip)   0.000, rho_Whh  0.17, Omega  0.00, alpha  0.000, steps in the past 0.000, valid nll 0.320
  [diag] log10|dL/dh_t| hist bins=60 range=(-12.50,-11.50) mean=-12.00 p50=-12.00 p05=-12.00 p95=-12.00
  [diag] sat-dist hist bins=60 sat<0.05=0.0% mean=0.947 p10=0.945 p90=0.947
  [diag] z-gate sat-dist hist bins=60 mean=0.122 p10=0.122 p90=0.122
  [diag] r-gate sat-dist hist bins=60 mean=0.498 p10=0.498 p90=0.498
Iter 0017020: train nll 0.424, valid error 100.000%, best valid error 100.000%, avg grad norm   0.055, avg grad norm (post clip)   0.000, rho_Whh  0.17, Omega  0.00, alpha  0.000, steps in the past 0.000, valid nll 0.320
  [diag] log10|dL/dh_t| hist bins=60 range=(-12.50,-11.50) mean=-12.00 p50=-12.00 p05=-12.00 p95=-12.00
  [diag] sat-dist hist bins=60 sat<0.05=0.0% mean=0.947 p10=0.946 p90=0.947
  [diag] z-gate sat-dist hist bins=60 mean=0.122 p10=0.122 p90=0.122
  [diag] r-gate sat-dist hist bins=60 mean=0.498 p10=0.498 p90=0.498
Iter 0017040: train nll 0.417, valid error 100.000%, best valid error 100.000%, avg grad norm   0.055, avg grad norm (post clip)   0.000, rho_Whh  0.17, Omega  0.00, alpha  0.000, steps in the past 0.000, valid nll 0.320
  [diag] log10|dL/dh_t| hist bins=60 range=(-12.50,-11.50) mean=-12.00 p50=-12.00 p05=-12.00 p95=-12.00
  [diag] sat-dist hist bins=60 sat<0.05=0.0% mean=0.947 p10=0.946 p90=0.947
  [diag] z-gate sat-dist hist bins=60 mean=0.122 p10=0.122 p90=0.122
  [diag] r-gate sat-dist hist bins=60 mean=0.498 p10=0.498 p90=0.498
Iter 0017060: train nll 0.375, valid error 100.000%, best valid error 100.000%, avg grad norm   0.044, avg grad norm (post clip)   0.000, rho_Whh  0.17, Omega  0.00, alpha  0.000, steps in the past 0.000, valid nll 0.320
  [diag] log10|dL/dh_t| hist bins=60 range=(-12.50,-11.50) mean=-12.00 p50=-12.00 p05=-12.00 p95=-12.00
  [diag] sat-dist hist bins=60 sat<0.05=0.0% mean=0.947 p10=0.946 p90=0.947
  [diag] z-gate sat-dist hist bins=60 mean=0.122 p10=0.122 p90=0.122
  [diag] r-gate sat-dist hist bins=60 mean=0.498 p10=0.498 p90=0.498
Iter 0017080: train nll 0.399, valid error 100.000%, best valid error 100.000%, avg grad norm   0.045, avg grad norm (post clip)   0.000, rho_Whh  0.17, Omega  0.00, alpha  0.000, steps in the past 0.000, valid nll 0.320
  [diag] log10|dL/dh_t| hist bins=60 range=(-12.50,-11.50) mean=-12.00 p50=-12.00 p05=-12.00 p95=-12.00
  [diag] sat-dist hist bins=60 sat<0.05=0.0% mean=0.947 p10=0.945 p90=0.947
  [diag] z-gate sat-dist hist bins=60 mean=0.122 p10=0.122 p90=0.122
  [diag] r-gate sat-dist hist bins=60 mean=0.498 p10=0.498 p90=0.498
Iter 0017100: train nll 0.340, valid error 100.000%, best valid error 100.000%, avg grad norm   0.046, avg grad norm (post clip)   0.000, rho_Whh  0.17, Omega  0.00, alpha  0.000, steps in the past 0.000, valid nll 0.320
  [diag] log10|dL/dh_t| hist bins=60 range=(-12.50,-11.50) mean=-12.00 p50=-12.00 p05=-12.00 p95=-12.00
  [diag] sat-dist hist bins=60 sat<0.05=0.0% mean=0.947 p10=0.946 p90=0.947
  [diag] z-gate sat-dist hist bins=60 mean=0.122 p10=0.122 p90=0.122
  [diag] r-gate sat-dist hist bins=60 mean=0.498 p10=0.498 p90=0.498
Iter 0017120: train nll 0.416, valid error 100.000%, best valid error 100.000%, avg grad norm   0.058, avg grad norm (post clip)   0.000, rho_Whh  0.17, Omega  0.00, alpha  0.000, steps in the past 0.000, valid nll 0.320
  [diag] log10|dL/dh_t| hist bins=60 range=(-12.50,-11.50) mean=-12.00 p50=-12.00 p05=-12.00 p95=-12.00
  [diag] sat-dist hist bins=60 sat<0.05=0.0% mean=0.947 p10=0.946 p90=0.947
  [diag] z-gate sat-dist hist bins=60 mean=0.122 p10=0.122 p90=0.122
  [diag] r-gate sat-dist hist bins=60 mean=0.498 p10=0.498 p90=0.498
Iter 0017140: train nll 0.418, valid error 100.000%, best valid error 100.000%, avg grad norm   0.058, avg grad norm (post clip)   0.000, rho_Whh  0.17, Omega  0.00, alpha  0.000, steps in the past 0.000, valid nll 0.320
  [diag] log10|dL/dh_t| hist bins=60 range=(-12.50,-11.50) mean=-12.00 p50=-12.00 p05=-12.00 p95=-12.00
  [diag] sat-dist hist bins=60 sat<0.05=0.0% mean=0.948 p10=0.947 p90=0.948
  [diag] z-gate sat-dist hist bins=60 mean=0.122 p10=0.122 p90=0.122
  [diag] r-gate sat-dist hist bins=60 mean=0.498 p10=0.498 p90=0.498
Iter 0017160: train nll 0.444, valid error 100.000%, best valid error 100.000%, avg grad norm   0.053, avg grad norm (post clip)   0.000, rho_Whh  0.17, Omega  0.00, alpha  0.000, steps in the past 0.000, valid nll 0.320
  [diag] log10|dL/dh_t| hist bins=60 range=(-12.50,-11.50) mean=-12.00 p50=-12.00 p05=-12.00 p95=-12.00
  [diag] sat-dist hist bins=60 sat<0.05=0.0% mean=0.948 p10=0.946 p90=0.948
  [diag] z-gate sat-dist hist bins=60 mean=0.122 p10=0.122 p90=0.122
  [diag] r-gate sat-dist hist bins=60 mean=0.498 p10=0.498 p90=0.498
Iter 0017180: train nll 0.368, valid error 100.000%, best valid error 100.000%, avg grad norm   0.044, avg grad norm (post clip)   0.000, rho_Whh  0.17, Omega  0.00, alpha  0.000, steps in the past 0.000, valid nll 0.320
  [diag] log10|dL/dh_t| hist bins=60 range=(-12.50,-11.50) mean=-12.00 p50=-12.00 p05=-12.00 p95=-12.00
  [diag] sat-dist hist bins=60 sat<0.05=0.0% mean=0.948 p10=0.946 p90=0.948
  [diag] z-gate sat-dist hist bins=60 mean=0.122 p10=0.122 p90=0.122
  [diag] r-gate sat-dist hist bins=60 mean=0.498 p10=0.498 p90=0.498
Iter 0017200: train nll 0.397, valid error 100.000%, best valid error 100.000%, avg grad norm   0.046, avg grad norm (post clip)   0.000, rho_Whh  0.17, Omega  0.00, alpha  0.000, steps in the past 0.000, valid nll 0.320
  [diag] log10|dL/dh_t| hist bins=60 range=(-12.50,-11.50) mean=-12.00 p50=-12.00 p05=-12.00 p95=-12.00
  [diag] sat-dist hist bins=60 sat<0.05=0.0% mean=0.948 p10=0.947 p90=0.948
  [diag] z-gate sat-dist hist bins=60 mean=0.122 p10=0.122 p90=0.122
  [diag] r-gate sat-dist hist bins=60 mean=0.498 p10=0.498 p90=0.498
Iter 0017220: train nll 0.395, valid error 100.000%, best valid error 100.000%, avg grad norm   0.043, avg grad norm (post clip)   0.000, rho_Whh  0.17, Omega  0.00, alpha  0.000, steps in the past 0.000, valid nll 0.320
  [diag] log10|dL/dh_t| hist bins=60 range=(-12.50,-11.50) mean=-12.00 p50=-12.00 p05=-12.00 p95=-12.00
  [diag] sat-dist hist bins=60 sat<0.05=0.0% mean=0.948 p10=0.946 p90=0.948
  [diag] z-gate sat-dist hist bins=60 mean=0.122 p10=0.122 p90=0.122
  [diag] r-gate sat-dist hist bins=60 mean=0.498 p10=0.498 p90=0.498
Iter 0017240: train nll 0.364, valid error 100.000%, best valid error 100.000%, avg grad norm   0.046, avg grad norm (post clip)   0.000, rho_Whh  0.17, Omega  0.00, alpha  0.000, steps in the past 0.000, valid nll 0.320
  [diag] log10|dL/dh_t| hist bins=60 range=(-12.50,-11.50) mean=-12.00 p50=-12.00 p05=-12.00 p95=-12.00
  [diag] sat-dist hist bins=60 sat<0.05=0.0% mean=0.948 p10=0.947 p90=0.948
  [diag] z-gate sat-dist hist bins=60 mean=0.122 p10=0.122 p90=0.122
  [diag] r-gate sat-dist hist bins=60 mean=0.498 p10=0.498 p90=0.498
Iter 0017260: train nll 0.409, valid error 100.000%, best valid error 100.000%, avg grad norm   0.054, avg grad norm (post clip)   0.000, rho_Whh  0.17, Omega  0.00, alpha  0.000, steps in the past 0.000, valid nll 0.320
  [diag] log10|dL/dh_t| hist bins=60 range=(-12.50,-11.50) mean=-12.00 p50=-12.00 p05=-12.00 p95=-12.00
  [diag] sat-dist hist bins=60 sat<0.05=0.0% mean=0.947 p10=0.946 p90=0.948
  [diag] z-gate sat-dist hist bins=60 mean=0.122 p10=0.122 p90=0.122
  [diag] r-gate sat-dist hist bins=60 mean=0.498 p10=0.498 p90=0.498
Iter 0017280: train nll 0.345, valid error 100.000%, best valid error 100.000%, avg grad norm   0.044, avg grad norm (post clip)   0.000, rho_Whh  0.16, Omega  0.00, alpha  0.000, steps in the past 0.000, valid nll 0.320
  [diag] log10|dL/dh_t| hist bins=60 range=(-12.50,-11.50) mean=-12.00 p50=-12.00 p05=-12.00 p95=-12.00
  [diag] sat-dist hist bins=60 sat<0.05=0.0% mean=0.947 p10=0.946 p90=0.948
  [diag] z-gate sat-dist hist bins=60 mean=0.122 p10=0.122 p90=0.122
  [diag] r-gate sat-dist hist bins=60 mean=0.498 p10=0.498 p90=0.498
Iter 0017300: train nll 0.392, valid error 100.000%, best valid error 100.000%, avg grad norm   0.044, avg grad norm (post clip)   0.000, rho_Whh  0.16, Omega  0.00, alpha  0.000, steps in the past 0.000, valid nll 0.320
  [diag] log10|dL/dh_t| hist bins=60 range=(-12.50,-11.50) mean=-12.00 p50=-12.00 p05=-12.00 p95=-12.00
  [diag] sat-dist hist bins=60 sat<0.05=0.0% mean=0.948 p10=0.946 p90=0.948
  [diag] z-gate sat-dist hist bins=60 mean=0.122 p10=0.122 p90=0.122
  [diag] r-gate sat-dist hist bins=60 mean=0.498 p10=0.498 p90=0.498
Iter 0017320: train nll 0.388, valid error 100.000%, best valid error 100.000%, avg grad norm   0.044, avg grad norm (post clip)   0.000, rho_Whh  0.16, Omega  0.00, alpha  0.000, steps in the past 0.000, valid nll 0.320
  [diag] log10|dL/dh_t| hist bins=60 range=(-12.50,-11.50) mean=-12.00 p50=-12.00 p05=-12.00 p95=-12.00
  [diag] sat-dist hist bins=60 sat<0.05=0.0% mean=0.948 p10=0.946 p90=0.948
  [diag] z-gate sat-dist hist bins=60 mean=0.122 p10=0.122 p90=0.122
  [diag] r-gate sat-dist hist bins=60 mean=0.498 p10=0.498 p90=0.498
Iter 0017340: train nll 0.392, valid error 100.000%, best valid error 100.000%, avg grad norm   0.056, avg grad norm (post clip)   0.000, rho_Whh  0.16, Omega  0.00, alpha  0.000, steps in the past 0.000, valid nll 0.320
  [diag] log10|dL/dh_t| hist bins=60 range=(-12.50,-11.50) mean=-12.00 p50=-12.00 p05=-12.00 p95=-12.00
  [diag] sat-dist hist bins=60 sat<0.05=0.0% mean=0.948 p10=0.946 p90=0.948
  [diag] z-gate sat-dist hist bins=60 mean=0.122 p10=0.122 p90=0.122
  [diag] r-gate sat-dist hist bins=60 mean=0.498 p10=0.498 p90=0.498
Iter 0017360: train nll 0.387, valid error 100.000%, best valid error 100.000%, avg grad norm   0.048, avg grad norm (post clip)   0.000, rho_Whh  0.16, Omega  0.00, alpha  0.000, steps in the past 0.000, valid nll 0.320
  [diag] log10|dL/dh_t| hist bins=60 range=(-12.50,-11.50) mean=-12.00 p50=-12.00 p05=-12.00 p95=-12.00
  [diag] sat-dist hist bins=60 sat<0.05=0.0% mean=0.948 p10=0.947 p90=0.948
  [diag] z-gate sat-dist hist bins=60 mean=0.122 p10=0.122 p90=0.122
  [diag] r-gate sat-dist hist bins=60 mean=0.498 p10=0.498 p90=0.498
Iter 0017380: train nll 0.423, valid error 100.000%, best valid error 100.000%, avg grad norm   0.051, avg grad norm (post clip)   0.000, rho_Whh  0.16, Omega  0.00, alpha  0.000, steps in the past 0.000, valid nll 0.320
  [diag] log10|dL/dh_t| hist bins=60 range=(-12.50,-11.50) mean=-12.00 p50=-12.00 p05=-12.00 p95=-12.00
  [diag] sat-dist hist bins=60 sat<0.05=0.0% mean=0.948 p10=0.947 p90=0.948
  [diag] z-gate sat-dist hist bins=60 mean=0.122 p10=0.122 p90=0.122
  [diag] r-gate sat-dist hist bins=60 mean=0.498 p10=0.498 p90=0.498
Iter 0017400: train nll 0.358, valid error 100.000%, best valid error 100.000%, avg grad norm   0.046, avg grad norm (post clip)   0.000, rho_Whh  0.16, Omega  0.00, alpha  0.000, steps in the past 0.000, valid nll 0.320
  [diag] log10|dL/dh_t| hist bins=60 range=(-12.50,-11.50) mean=-12.00 p50=-12.00 p05=-12.00 p95=-12.00
  [diag] sat-dist hist bins=60 sat<0.05=0.0% mean=0.948 p10=0.947 p90=0.948
  [diag] z-gate sat-dist hist bins=60 mean=0.122 p10=0.122 p90=0.122
  [diag] r-gate sat-dist hist bins=60 mean=0.498 p10=0.498 p90=0.498
Iter 0017420: train nll 0.399, valid error 100.000%, best valid error 100.000%, avg grad norm   0.054, avg grad norm (post clip)   0.000, rho_Whh  0.16, Omega  0.00, alpha  0.000, steps in the past 0.000, valid nll 0.320
  [diag] log10|dL/dh_t| hist bins=60 range=(-12.50,-11.50) mean=-12.00 p50=-12.00 p05=-12.00 p95=-12.00
  [diag] sat-dist hist bins=60 sat<0.05=0.0% mean=0.948 p10=0.947 p90=0.948
  [diag] z-gate sat-dist hist bins=60 mean=0.122 p10=0.122 p90=0.122
  [diag] r-gate sat-dist hist bins=60 mean=0.498 p10=0.498 p90=0.498
Iter 0017440: train nll 0.404, valid error 100.000%, best valid error 100.000%, avg grad norm   0.052, avg grad norm (post clip)   0.000, rho_Whh  0.16, Omega  0.00, alpha  0.000, steps in the past 0.000, valid nll 0.320
  [diag] log10|dL/dh_t| hist bins=60 range=(-12.50,-11.50) mean=-12.00 p50=-12.00 p05=-12.00 p95=-12.00
  [diag] sat-dist hist bins=60 sat<0.05=0.0% mean=0.948 p10=0.947 p90=0.948
  [diag] z-gate sat-dist hist bins=60 mean=0.122 p10=0.122 p90=0.122
  [diag] r-gate sat-dist hist bins=60 mean=0.498 p10=0.498 p90=0.498
Iter 0017460: train nll 0.397, valid error 100.000%, best valid error 100.000%, avg grad norm   0.049, avg grad norm (post clip)   0.000, rho_Whh  0.16, Omega  0.00, alpha  0.000, steps in the past 0.000, valid nll 0.320
  [diag] log10|dL/dh_t| hist bins=60 range=(-12.50,-11.50) mean=-12.00 p50=-12.00 p05=-12.00 p95=-12.00
  [diag] sat-dist hist bins=60 sat<0.05=0.0% mean=0.948 p10=0.947 p90=0.948
  [diag] z-gate sat-dist hist bins=60 mean=0.122 p10=0.122 p90=0.122
  [diag] r-gate sat-dist hist bins=60 mean=0.498 p10=0.498 p90=0.498
Iter 0017480: train nll 0.400, valid error 100.000%, best valid error 100.000%, avg grad norm   0.052, avg grad norm (post clip)   0.000, rho_Whh  0.16, Omega  0.00, alpha  0.000, steps in the past 0.000, valid nll 0.320
  [diag] log10|dL/dh_t| hist bins=60 range=(-12.50,-11.50) mean=-12.00 p50=-12.00 p05=-12.00 p95=-12.00
  [diag] sat-dist hist bins=60 sat<0.05=0.0% mean=0.948 p10=0.947 p90=0.949
  [diag] z-gate sat-dist hist bins=60 mean=0.122 p10=0.122 p90=0.122
  [diag] r-gate sat-dist hist bins=60 mean=0.498 p10=0.498 p90=0.498
Iter 0017500: train nll 0.421, valid error 100.000%, best valid error 100.000%, avg grad norm   0.056, avg grad norm (post clip)   0.000, rho_Whh  0.16, Omega  0.00, alpha  0.000, steps in the past 0.000, valid nll 0.320
  [diag] log10|dL/dh_t| hist bins=60 range=(-12.50,-11.50) mean=-12.00 p50=-12.00 p05=-12.00 p95=-12.00
  [diag] sat-dist hist bins=60 sat<0.05=0.0% mean=0.948 p10=0.947 p90=0.949
  [diag] z-gate sat-dist hist bins=60 mean=0.122 p10=0.122 p90=0.122
  [diag] r-gate sat-dist hist bins=60 mean=0.498 p10=0.498 p90=0.498
Iter 0017520: train nll 0.384, valid error 100.000%, best valid error 100.000%, avg grad norm   0.046, avg grad norm (post clip)   0.000, rho_Whh  0.16, Omega  0.00, alpha  0.000, steps in the past 0.000, valid nll 0.320
  [diag] log10|dL/dh_t| hist bins=60 range=(-12.50,-11.50) mean=-12.00 p50=-12.00 p05=-12.00 p95=-12.00
  [diag] sat-dist hist bins=60 sat<0.05=0.0% mean=0.948 p10=0.947 p90=0.948
  [diag] z-gate sat-dist hist bins=60 mean=0.122 p10=0.122 p90=0.122
  [diag] r-gate sat-dist hist bins=60 mean=0.498 p10=0.498 p90=0.498
Iter 0017540: train nll 0.366, valid error 100.000%, best valid error 100.000%, avg grad norm   0.043, avg grad norm (post clip)   0.000, rho_Whh  0.16, Omega  0.00, alpha  0.000, steps in the past 0.000, valid nll 0.320
  [diag] log10|dL/dh_t| hist bins=60 range=(-12.50,-11.50) mean=-12.00 p50=-12.00 p05=-12.00 p95=-12.00
  [diag] sat-dist hist bins=60 sat<0.05=0.0% mean=0.948 p10=0.947 p90=0.948
  [diag] z-gate sat-dist hist bins=60 mean=0.122 p10=0.122 p90=0.122
  [diag] r-gate sat-dist hist bins=60 mean=0.498 p10=0.498 p90=0.498
Iter 0017560: train nll 0.370, valid error 100.000%, best valid error 100.000%, avg grad norm   0.043, avg grad norm (post clip)   0.000, rho_Whh  0.16, Omega  0.00, alpha  0.000, steps in the past 0.000, valid nll 0.320
  [diag] log10|dL/dh_t| hist bins=60 range=(-12.50,-11.50) mean=-12.00 p50=-12.00 p05=-12.00 p95=-12.00
  [diag] sat-dist hist bins=60 sat<0.05=0.0% mean=0.948 p10=0.947 p90=0.948
  [diag] z-gate sat-dist hist bins=60 mean=0.122 p10=0.122 p90=0.122
  [diag] r-gate sat-dist hist bins=60 mean=0.498 p10=0.498 p90=0.498
Iter 0017580: train nll 0.367, valid error 100.000%, best valid error 100.000%, avg grad norm   0.047, avg grad norm (post clip)   0.000, rho_Whh  0.16, Omega  0.00, alpha  0.000, steps in the past 0.000, valid nll 0.320
  [diag] log10|dL/dh_t| hist bins=60 range=(-12.50,-11.50) mean=-12.00 p50=-12.00 p05=-12.00 p95=-12.00
  [diag] sat-dist hist bins=60 sat<0.05=0.0% mean=0.948 p10=0.947 p90=0.949
  [diag] z-gate sat-dist hist bins=60 mean=0.122 p10=0.122 p90=0.122
  [diag] r-gate sat-dist hist bins=60 mean=0.498 p10=0.498 p90=0.498
Iter 0017600: train nll 0.421, valid error 100.000%, best valid error 100.000%, avg grad norm   0.058, avg grad norm (post clip)   0.000, rho_Whh  0.16, Omega  0.00, alpha  0.000, steps in the past 0.000, valid nll 0.320
  [diag] log10|dL/dh_t| hist bins=60 range=(-12.50,-11.50) mean=-12.00 p50=-12.00 p05=-12.00 p95=-12.00
  [diag] sat-dist hist bins=60 sat<0.05=0.0% mean=0.949 p10=0.948 p90=0.949
  [diag] z-gate sat-dist hist bins=60 mean=0.122 p10=0.122 p90=0.122
  [diag] r-gate sat-dist hist bins=60 mean=0.498 p10=0.498 p90=0.498
Iter 0017620: train nll 0.430, valid error 100.000%, best valid error 100.000%, avg grad norm   0.052, avg grad norm (post clip)   0.000, rho_Whh  0.16, Omega  0.00, alpha  0.000, steps in the past 0.000, valid nll 0.320
  [diag] log10|dL/dh_t| hist bins=60 range=(-12.50,-11.50) mean=-12.00 p50=-12.00 p05=-12.00 p95=-12.00
  [diag] sat-dist hist bins=60 sat<0.05=0.0% mean=0.948 p10=0.947 p90=0.949
  [diag] z-gate sat-dist hist bins=60 mean=0.122 p10=0.122 p90=0.122
  [diag] r-gate sat-dist hist bins=60 mean=0.498 p10=0.498 p90=0.498
Iter 0017640: train nll 0.370, valid error 100.000%, best valid error 100.000%, avg grad norm   0.041, avg grad norm (post clip)   0.000, rho_Whh  0.16, Omega  0.00, alpha  0.000, steps in the past 0.000, valid nll 0.320
  [diag] log10|dL/dh_t| hist bins=60 range=(-12.50,-11.50) mean=-12.00 p50=-12.00 p05=-12.00 p95=-12.00
  [diag] sat-dist hist bins=60 sat<0.05=0.0% mean=0.948 p10=0.947 p90=0.949
  [diag] z-gate sat-dist hist bins=60 mean=0.122 p10=0.122 p90=0.122
  [diag] r-gate sat-dist hist bins=60 mean=0.498 p10=0.498 p90=0.498
Iter 0017660: train nll 0.379, valid error 100.000%, best valid error 100.000%, avg grad norm   0.040, avg grad norm (post clip)   0.000, rho_Whh  0.16, Omega  0.00, alpha  0.000, steps in the past 0.000, valid nll 0.320
  [diag] log10|dL/dh_t| hist bins=60 range=(-12.50,-11.50) mean=-12.00 p50=-12.00 p05=-12.00 p95=-12.00
  [diag] sat-dist hist bins=60 sat<0.05=0.0% mean=0.948 p10=0.947 p90=0.949
  [diag] z-gate sat-dist hist bins=60 mean=0.122 p10=0.122 p90=0.122
  [diag] r-gate sat-dist hist bins=60 mean=0.498 p10=0.498 p90=0.498
Iter 0017680: train nll 0.368, valid error 100.000%, best valid error 100.000%, avg grad norm   0.045, avg grad norm (post clip)   0.000, rho_Whh  0.16, Omega  0.00, alpha  0.000, steps in the past 0.000, valid nll 0.320
  [diag] log10|dL/dh_t| hist bins=60 range=(-12.50,-11.50) mean=-12.00 p50=-12.00 p05=-12.00 p95=-12.00
  [diag] sat-dist hist bins=60 sat<0.05=0.0% mean=0.948 p10=0.947 p90=0.949
  [diag] z-gate sat-dist hist bins=60 mean=0.122 p10=0.122 p90=0.122
  [diag] r-gate sat-dist hist bins=60 mean=0.498 p10=0.498 p90=0.498
Iter 0017700: train nll 0.381, valid error 100.000%, best valid error 100.000%, avg grad norm   0.049, avg grad norm (post clip)   0.000, rho_Whh  0.16, Omega  0.00, alpha  0.000, steps in the past 0.000, valid nll 0.320
  [diag] log10|dL/dh_t| hist bins=60 range=(-12.50,-11.50) mean=-12.00 p50=-12.00 p05=-12.00 p95=-12.00
  [diag] sat-dist hist bins=60 sat<0.05=0.0% mean=0.948 p10=0.947 p90=0.949
  [diag] z-gate sat-dist hist bins=60 mean=0.122 p10=0.122 p90=0.122
  [diag] r-gate sat-dist hist bins=60 mean=0.498 p10=0.498 p90=0.498
Iter 0017720: train nll 0.407, valid error 100.000%, best valid error 100.000%, avg grad norm   0.052, avg grad norm (post clip)   0.000, rho_Whh  0.16, Omega  0.00, alpha  0.000, steps in the past 0.000, valid nll 0.320
  [diag] log10|dL/dh_t| hist bins=60 range=(-12.50,-11.50) mean=-12.00 p50=-12.00 p05=-12.00 p95=-12.00
  [diag] sat-dist hist bins=60 sat<0.05=0.0% mean=0.948 p10=0.947 p90=0.949
  [diag] z-gate sat-dist hist bins=60 mean=0.122 p10=0.122 p90=0.122
  [diag] r-gate sat-dist hist bins=60 mean=0.498 p10=0.498 p90=0.498
Iter 0017740: train nll 0.372, valid error 100.000%, best valid error 100.000%, avg grad norm   0.048, avg grad norm (post clip)   0.000, rho_Whh  0.16, Omega  0.00, alpha  0.000, steps in the past 0.000, valid nll 0.320
  [diag] log10|dL/dh_t| hist bins=60 range=(-12.50,-11.50) mean=-12.00 p50=-12.00 p05=-12.00 p95=-12.00
  [diag] sat-dist hist bins=60 sat<0.05=0.0% mean=0.948 p10=0.947 p90=0.948
  [diag] z-gate sat-dist hist bins=60 mean=0.122 p10=0.122 p90=0.122
  [diag] r-gate sat-dist hist bins=60 mean=0.498 p10=0.498 p90=0.498
Iter 0017760: train nll 0.358, valid error 100.000%, best valid error 100.000%, avg grad norm   0.033, avg grad norm (post clip)   0.000, rho_Whh  0.16, Omega  0.00, alpha  0.000, steps in the past 0.000, valid nll 0.320
  [diag] log10|dL/dh_t| hist bins=60 range=(-12.50,-11.50) mean=-12.00 p50=-12.00 p05=-12.00 p95=-12.00
  [diag] sat-dist hist bins=60 sat<0.05=0.0% mean=0.948 p10=0.947 p90=0.948
  [diag] z-gate sat-dist hist bins=60 mean=0.122 p10=0.122 p90=0.122
  [diag] r-gate sat-dist hist bins=60 mean=0.498 p10=0.498 p90=0.498
Iter 0017780: train nll 0.390, valid error 100.000%, best valid error 100.000%, avg grad norm   0.045, avg grad norm (post clip)   0.000, rho_Whh  0.16, Omega  0.00, alpha  0.000, steps in the past 0.000, valid nll 0.320
  [diag] log10|dL/dh_t| hist bins=60 range=(-12.50,-11.50) mean=-12.00 p50=-12.00 p05=-12.00 p95=-12.00
  [diag] sat-dist hist bins=60 sat<0.05=0.0% mean=0.948 p10=0.947 p90=0.949
  [diag] z-gate sat-dist hist bins=60 mean=0.122 p10=0.122 p90=0.122
  [diag] r-gate sat-dist hist bins=60 mean=0.498 p10=0.498 p90=0.498
Iter 0017800: train nll 0.401, valid error 100.000%, best valid error 100.000%, avg grad norm   0.053, avg grad norm (post clip)   0.000, rho_Whh  0.16, Omega  0.00, alpha  0.000, steps in the past 0.000, valid nll 0.320
  [diag] log10|dL/dh_t| hist bins=60 range=(-12.50,-11.50) mean=-12.00 p50=-12.00 p05=-12.00 p95=-12.00
  [diag] sat-dist hist bins=60 sat<0.05=0.0% mean=0.948 p10=0.947 p90=0.949
  [diag] z-gate sat-dist hist bins=60 mean=0.122 p10=0.122 p90=0.122
  [diag] r-gate sat-dist hist bins=60 mean=0.498 p10=0.498 p90=0.498
Iter 0017820: train nll 0.406, valid error 100.000%, best valid error 100.000%, avg grad norm   0.037, avg grad norm (post clip)   0.000, rho_Whh  0.16, Omega  0.00, alpha  0.000, steps in the past 0.000, valid nll 0.320
  [diag] log10|dL/dh_t| hist bins=60 range=(-12.50,-11.50) mean=-12.00 p50=-12.00 p05=-12.00 p95=-12.00
  [diag] sat-dist hist bins=60 sat<0.05=0.0% mean=0.949 p10=0.948 p90=0.949
  [diag] z-gate sat-dist hist bins=60 mean=0.122 p10=0.122 p90=0.122
  [diag] r-gate sat-dist hist bins=60 mean=0.498 p10=0.498 p90=0.498
Iter 0017840: train nll 0.412, valid error 100.000%, best valid error 100.000%, avg grad norm   0.054, avg grad norm (post clip)   0.000, rho_Whh  0.16, Omega  0.00, alpha  0.000, steps in the past 0.000, valid nll 0.320
  [diag] log10|dL/dh_t| hist bins=60 range=(-12.50,-11.50) mean=-12.00 p50=-12.00 p05=-12.00 p95=-12.00
  [diag] sat-dist hist bins=60 sat<0.05=0.0% mean=0.948 p10=0.947 p90=0.949
  [diag] z-gate sat-dist hist bins=60 mean=0.122 p10=0.122 p90=0.122
  [diag] r-gate sat-dist hist bins=60 mean=0.498 p10=0.498 p90=0.498
Iter 0017860: train nll 0.361, valid error 100.000%, best valid error 100.000%, avg grad norm   0.053, avg grad norm (post clip)   0.000, rho_Whh  0.15, Omega  0.00, alpha  0.000, steps in the past 0.000, valid nll 0.320
  [diag] log10|dL/dh_t| hist bins=60 range=(-12.50,-11.50) mean=-12.00 p50=-12.00 p05=-12.00 p95=-12.00
  [diag] sat-dist hist bins=60 sat<0.05=0.0% mean=0.949 p10=0.948 p90=0.949
  [diag] z-gate sat-dist hist bins=60 mean=0.122 p10=0.122 p90=0.122
  [diag] r-gate sat-dist hist bins=60 mean=0.498 p10=0.498 p90=0.498
Iter 0017880: train nll 0.418, valid error 100.000%, best valid error 100.000%, avg grad norm   0.052, avg grad norm (post clip)   0.000, rho_Whh  0.15, Omega  0.00, alpha  0.000, steps in the past 0.000, valid nll 0.320
  [diag] log10|dL/dh_t| hist bins=60 range=(-12.50,-11.50) mean=-12.00 p50=-12.00 p05=-12.00 p95=-12.00
  [diag] sat-dist hist bins=60 sat<0.05=0.0% mean=0.949 p10=0.947 p90=0.949
  [diag] z-gate sat-dist hist bins=60 mean=0.122 p10=0.122 p90=0.122
  [diag] r-gate sat-dist hist bins=60 mean=0.498 p10=0.498 p90=0.498
Iter 0017900: train nll 0.367, valid error 100.000%, best valid error 100.000%, avg grad norm   0.050, avg grad norm (post clip)   0.000, rho_Whh  0.15, Omega  0.00, alpha  0.000, steps in the past 0.000, valid nll 0.320
  [diag] log10|dL/dh_t| hist bins=60 range=(-12.50,-11.50) mean=-12.00 p50=-12.00 p05=-12.00 p95=-12.00
  [diag] sat-dist hist bins=60 sat<0.05=0.0% mean=0.949 p10=0.948 p90=0.949
  [diag] z-gate sat-dist hist bins=60 mean=0.122 p10=0.122 p90=0.122
  [diag] r-gate sat-dist hist bins=60 mean=0.498 p10=0.498 p90=0.498
Iter 0017920: train nll 0.411, valid error 100.000%, best valid error 100.000%, avg grad norm   0.062, avg grad norm (post clip)   0.000, rho_Whh  0.15, Omega  0.00, alpha  0.000, steps in the past 0.000, valid nll 0.320
  [diag] log10|dL/dh_t| hist bins=60 range=(-12.50,-11.50) mean=-12.00 p50=-12.00 p05=-12.00 p95=-12.00
  [diag] sat-dist hist bins=60 sat<0.05=0.0% mean=0.949 p10=0.948 p90=0.949
  [diag] z-gate sat-dist hist bins=60 mean=0.122 p10=0.122 p90=0.122
  [diag] r-gate sat-dist hist bins=60 mean=0.498 p10=0.498 p90=0.498
Iter 0017940: train nll 0.398, valid error 100.000%, best valid error 100.000%, avg grad norm   0.054, avg grad norm (post clip)   0.000, rho_Whh  0.15, Omega  0.00, alpha  0.000, steps in the past 0.000, valid nll 0.320
  [diag] log10|dL/dh_t| hist bins=60 range=(-12.50,-11.50) mean=-12.00 p50=-12.00 p05=-12.00 p95=-12.00
  [diag] sat-dist hist bins=60 sat<0.05=0.0% mean=0.949 p10=0.948 p90=0.949
  [diag] z-gate sat-dist hist bins=60 mean=0.122 p10=0.122 p90=0.122
  [diag] r-gate sat-dist hist bins=60 mean=0.498 p10=0.498 p90=0.498
Iter 0017960: train nll 0.353, valid error 100.000%, best valid error 100.000%, avg grad norm   0.043, avg grad norm (post clip)   0.000, rho_Whh  0.15, Omega  0.00, alpha  0.000, steps in the past 0.000, valid nll 0.319
  [diag] log10|dL/dh_t| hist bins=60 range=(-12.50,-11.50) mean=-12.00 p50=-12.00 p05=-12.00 p95=-12.00
  [diag] sat-dist hist bins=60 sat<0.05=0.0% mean=0.949 p10=0.948 p90=0.949
  [diag] z-gate sat-dist hist bins=60 mean=0.122 p10=0.122 p90=0.122
  [diag] r-gate sat-dist hist bins=60 mean=0.498 p10=0.498 p90=0.498
Iter 0017980: train nll 0.402, valid error 100.000%, best valid error 100.000%, avg grad norm   0.057, avg grad norm (post clip)   0.000, rho_Whh  0.15, Omega  0.00, alpha  0.000, steps in the past 0.000, valid nll 0.319
  [diag] log10|dL/dh_t| hist bins=60 range=(-12.50,-11.50) mean=-12.00 p50=-12.00 p05=-12.00 p95=-12.00
  [diag] sat-dist hist bins=60 sat<0.05=0.0% mean=0.948 p10=0.947 p90=0.949
  [diag] z-gate sat-dist hist bins=60 mean=0.122 p10=0.122 p90=0.122
  [diag] r-gate sat-dist hist bins=60 mean=0.498 p10=0.498 p90=0.498
Iter 0018000: train nll 0.348, valid error 100.000%, best valid error 100.000%, avg grad norm   0.041, avg grad norm (post clip)   0.000, rho_Whh  0.15, Omega  0.00, alpha  0.000, steps in the past 0.000, valid nll 0.319
  [diag] log10|dL/dh_t| hist bins=60 range=(-12.50,-11.50) mean=-12.00 p50=-12.00 p05=-12.00 p95=-12.00
  [diag] sat-dist hist bins=60 sat<0.05=0.0% mean=0.949 p10=0.948 p90=0.949
  [diag] z-gate sat-dist hist bins=60 mean=0.122 p10=0.122 p90=0.122
  [diag] r-gate sat-dist hist bins=60 mean=0.498 p10=0.498 p90=0.498
Iter 0018020: train nll 0.453, valid error 100.000%, best valid error 100.000%, avg grad norm   0.070, avg grad norm (post clip)   0.000, rho_Whh  0.15, Omega  0.00, alpha  0.000, steps in the past 0.000, valid nll 0.320
  [diag] log10|dL/dh_t| hist bins=60 range=(-12.50,-11.50) mean=-12.00 p50=-12.00 p05=-12.00 p95=-12.00
  [diag] sat-dist hist bins=60 sat<0.05=0.0% mean=0.949 p10=0.948 p90=0.949
  [diag] z-gate sat-dist hist bins=60 mean=0.122 p10=0.122 p90=0.122
  [diag] r-gate sat-dist hist bins=60 mean=0.498 p10=0.498 p90=0.498
Iter 0018040: train nll 0.354, valid error 100.000%, best valid error 100.000%, avg grad norm   0.049, avg grad norm (post clip)   0.000, rho_Whh  0.15, Omega  0.00, alpha  0.000, steps in the past 0.000, valid nll 0.319
  [diag] log10|dL/dh_t| hist bins=60 range=(-12.50,-11.50) mean=-12.00 p50=-12.00 p05=-12.00 p95=-12.00
  [diag] sat-dist hist bins=60 sat<0.05=0.0% mean=0.949 p10=0.948 p90=0.949
  [diag] z-gate sat-dist hist bins=60 mean=0.122 p10=0.122 p90=0.122
  [diag] r-gate sat-dist hist bins=60 mean=0.498 p10=0.498 p90=0.498
Iter 0018060: train nll 0.382, valid error 100.000%, best valid error 100.000%, avg grad norm   0.051, avg grad norm (post clip)   0.000, rho_Whh  0.15, Omega  0.00, alpha  0.000, steps in the past 0.000, valid nll 0.319
  [diag] log10|dL/dh_t| hist bins=60 range=(-12.50,-11.50) mean=-12.00 p50=-12.00 p05=-12.00 p95=-12.00
  [diag] sat-dist hist bins=60 sat<0.05=0.0% mean=0.949 p10=0.948 p90=0.949
  [diag] z-gate sat-dist hist bins=60 mean=0.122 p10=0.122 p90=0.122
  [diag] r-gate sat-dist hist bins=60 mean=0.498 p10=0.498 p90=0.498
Iter 0018080: train nll 0.379, valid error 100.000%, best valid error 100.000%, avg grad norm   0.045, avg grad norm (post clip)   0.000, rho_Whh  0.15, Omega  0.00, alpha  0.000, steps in the past 0.000, valid nll 0.319
  [diag] log10|dL/dh_t| hist bins=60 range=(-12.50,-11.50) mean=-12.00 p50=-12.00 p05=-12.00 p95=-12.00
  [diag] sat-dist hist bins=60 sat<0.05=0.0% mean=0.949 p10=0.948 p90=0.949
  [diag] z-gate sat-dist hist bins=60 mean=0.122 p10=0.122 p90=0.122
  [diag] r-gate sat-dist hist bins=60 mean=0.498 p10=0.498 p90=0.498
Iter 0018100: train nll 0.379, valid error 100.000%, best valid error 100.000%, avg grad norm   0.048, avg grad norm (post clip)   0.000, rho_Whh  0.15, Omega  0.00, alpha  0.000, steps in the past 0.000, valid nll 0.319
  [diag] log10|dL/dh_t| hist bins=60 range=(-12.50,-11.50) mean=-12.00 p50=-12.00 p05=-12.00 p95=-12.00
  [diag] sat-dist hist bins=60 sat<0.05=0.0% mean=0.949 p10=0.948 p90=0.949
  [diag] z-gate sat-dist hist bins=60 mean=0.122 p10=0.122 p90=0.122
  [diag] r-gate sat-dist hist bins=60 mean=0.498 p10=0.498 p90=0.498
Iter 0018120: train nll 0.394, valid error 100.000%, best valid error 100.000%, avg grad norm   0.041, avg grad norm (post clip)   0.000, rho_Whh  0.15, Omega  0.00, alpha  0.000, steps in the past 0.000, valid nll 0.319
  [diag] log10|dL/dh_t| hist bins=60 range=(-12.50,-11.50) mean=-12.00 p50=-12.00 p05=-12.00 p95=-12.00
  [diag] sat-dist hist bins=60 sat<0.05=0.0% mean=0.949 p10=0.948 p90=0.949
  [diag] z-gate sat-dist hist bins=60 mean=0.122 p10=0.122 p90=0.122
  [diag] r-gate sat-dist hist bins=60 mean=0.498 p10=0.498 p90=0.498
Iter 0018140: train nll 0.366, valid error 100.000%, best valid error 100.000%, avg grad norm   0.039, avg grad norm (post clip)   0.000, rho_Whh  0.15, Omega  0.00, alpha  0.000, steps in the past 0.000, valid nll 0.319
  [diag] log10|dL/dh_t| hist bins=60 range=(-12.50,-11.50) mean=-12.00 p50=-12.00 p05=-12.00 p95=-12.00
  [diag] sat-dist hist bins=60 sat<0.05=0.0% mean=0.949 p10=0.948 p90=0.949
  [diag] z-gate sat-dist hist bins=60 mean=0.122 p10=0.122 p90=0.122
  [diag] r-gate sat-dist hist bins=60 mean=0.498 p10=0.498 p90=0.498
Iter 0018160: train nll 0.381, valid error 100.000%, best valid error 100.000%, avg grad norm   0.050, avg grad norm (post clip)   0.000, rho_Whh  0.15, Omega  0.00, alpha  0.000, steps in the past 0.000, valid nll 0.319
  [diag] log10|dL/dh_t| hist bins=60 range=(-12.50,-11.50) mean=-12.00 p50=-12.00 p05=-12.00 p95=-12.00
  [diag] sat-dist hist bins=60 sat<0.05=0.0% mean=0.949 p10=0.947 p90=0.949
  [diag] z-gate sat-dist hist bins=60 mean=0.122 p10=0.122 p90=0.122
  [diag] r-gate sat-dist hist bins=60 mean=0.498 p10=0.498 p90=0.498
Iter 0018180: train nll 0.378, valid error 100.000%, best valid error 100.000%, avg grad norm   0.044, avg grad norm (post clip)   0.000, rho_Whh  0.15, Omega  0.00, alpha  0.000, steps in the past 0.000, valid nll 0.319
  [diag] log10|dL/dh_t| hist bins=60 range=(-12.50,-11.50) mean=-12.00 p50=-12.00 p05=-12.00 p95=-12.00
  [diag] sat-dist hist bins=60 sat<0.05=0.0% mean=0.949 p10=0.948 p90=0.949
  [diag] z-gate sat-dist hist bins=60 mean=0.122 p10=0.122 p90=0.122
  [diag] r-gate sat-dist hist bins=60 mean=0.498 p10=0.498 p90=0.498
Iter 0018200: train nll 0.390, valid error 100.000%, best valid error 100.000%, avg grad norm   0.039, avg grad norm (post clip)   0.000, rho_Whh  0.15, Omega  0.00, alpha  0.000, steps in the past 0.000, valid nll 0.319
  [diag] log10|dL/dh_t| hist bins=60 range=(-12.50,-11.50) mean=-12.00 p50=-12.00 p05=-12.00 p95=-12.00
  [diag] sat-dist hist bins=60 sat<0.05=0.0% mean=0.949 p10=0.947 p90=0.949
  [diag] z-gate sat-dist hist bins=60 mean=0.122 p10=0.122 p90=0.122
  [diag] r-gate sat-dist hist bins=60 mean=0.498 p10=0.498 p90=0.498
Iter 0018220: train nll 0.375, valid error 100.000%, best valid error 100.000%, avg grad norm   0.054, avg grad norm (post clip)   0.000, rho_Whh  0.15, Omega  0.00, alpha  0.000, steps in the past 0.000, valid nll 0.319
  [diag] log10|dL/dh_t| hist bins=60 range=(-12.50,-11.50) mean=-12.00 p50=-12.00 p05=-12.00 p95=-12.00
  [diag] sat-dist hist bins=60 sat<0.05=0.0% mean=0.948 p10=0.947 p90=0.949
  [diag] z-gate sat-dist hist bins=60 mean=0.122 p10=0.122 p90=0.122
  [diag] r-gate sat-dist hist bins=60 mean=0.498 p10=0.498 p90=0.498
Iter 0018240: train nll 0.368, valid error 100.000%, best valid error 100.000%, avg grad norm   0.042, avg grad norm (post clip)   0.000, rho_Whh  0.15, Omega  0.00, alpha  0.000, steps in the past 0.000, valid nll 0.319
  [diag] log10|dL/dh_t| hist bins=60 range=(-12.50,-11.50) mean=-12.00 p50=-12.00 p05=-12.00 p95=-12.00
  [diag] sat-dist hist bins=60 sat<0.05=0.0% mean=0.948 p10=0.947 p90=0.949
  [diag] z-gate sat-dist hist bins=60 mean=0.122 p10=0.122 p90=0.122
  [diag] r-gate sat-dist hist bins=60 mean=0.498 p10=0.498 p90=0.498
Iter 0018260: train nll 0.384, valid error 100.000%, best valid error 100.000%, avg grad norm   0.047, avg grad norm (post clip)   0.000, rho_Whh  0.15, Omega  0.00, alpha  0.000, steps in the past 0.000, valid nll 0.319
  [diag] log10|dL/dh_t| hist bins=60 range=(-12.50,-11.50) mean=-12.00 p50=-12.00 p05=-12.00 p95=-12.00
  [diag] sat-dist hist bins=60 sat<0.05=0.0% mean=0.948 p10=0.947 p90=0.948
  [diag] z-gate sat-dist hist bins=60 mean=0.122 p10=0.122 p90=0.122
  [diag] r-gate sat-dist hist bins=60 mean=0.498 p10=0.498 p90=0.498
Iter 0018280: train nll 0.320, valid error 100.000%, best valid error 100.000%, avg grad norm   0.042, avg grad norm (post clip)   0.000, rho_Whh  0.15, Omega  0.00, alpha  0.000, steps in the past 0.000, valid nll 0.319
  [diag] log10|dL/dh_t| hist bins=60 range=(-12.50,-11.50) mean=-12.00 p50=-12.00 p05=-12.00 p95=-12.00
  [diag] sat-dist hist bins=60 sat<0.05=0.0% mean=0.948 p10=0.947 p90=0.949
  [diag] z-gate sat-dist hist bins=60 mean=0.122 p10=0.122 p90=0.122
  [diag] r-gate sat-dist hist bins=60 mean=0.498 p10=0.498 p90=0.498
Iter 0018300: train nll 0.401, valid error 100.000%, best valid error 100.000%, avg grad norm   0.057, avg grad norm (post clip)   0.000, rho_Whh  0.14, Omega  0.00, alpha  0.000, steps in the past 0.000, valid nll 0.319
  [diag] log10|dL/dh_t| hist bins=60 range=(-12.50,-11.50) mean=-12.00 p50=-12.00 p05=-12.00 p95=-12.00
  [diag] sat-dist hist bins=60 sat<0.05=0.0% mean=0.948 p10=0.947 p90=0.948
  [diag] z-gate sat-dist hist bins=60 mean=0.122 p10=0.122 p90=0.122
  [diag] r-gate sat-dist hist bins=60 mean=0.498 p10=0.498 p90=0.498
Iter 0018320: train nll 0.336, valid error 100.000%, best valid error 100.000%, avg grad norm   0.046, avg grad norm (post clip)   0.000, rho_Whh  0.14, Omega  0.00, alpha  0.000, steps in the past 0.000, valid nll 0.319
  [diag] log10|dL/dh_t| hist bins=60 range=(-12.50,-11.50) mean=-12.00 p50=-12.00 p05=-12.00 p95=-12.00
  [diag] sat-dist hist bins=60 sat<0.05=0.0% mean=0.948 p10=0.947 p90=0.948
  [diag] z-gate sat-dist hist bins=60 mean=0.122 p10=0.122 p90=0.122
  [diag] r-gate sat-dist hist bins=60 mean=0.498 p10=0.498 p90=0.498
Iter 0018340: train nll 0.363, valid error 100.000%, best valid error 100.000%, avg grad norm   0.057, avg grad norm (post clip)   0.000, rho_Whh  0.14, Omega  0.00, alpha  0.000, steps in the past 0.000, valid nll 0.318
  [diag] log10|dL/dh_t| hist bins=60 range=(-12.50,-11.50) mean=-12.00 p50=-12.00 p05=-12.00 p95=-12.00
  [diag] sat-dist hist bins=60 sat<0.05=0.0% mean=0.948 p10=0.947 p90=0.948
  [diag] z-gate sat-dist hist bins=60 mean=0.122 p10=0.122 p90=0.122
  [diag] r-gate sat-dist hist bins=60 mean=0.498 p10=0.498 p90=0.498
Iter 0018360: train nll 0.377, valid error 100.000%, best valid error 100.000%, avg grad norm   0.042, avg grad norm (post clip)   0.000, rho_Whh  0.14, Omega  0.00, alpha  0.000, steps in the past 0.000, valid nll 0.318
  [diag] log10|dL/dh_t| hist bins=60 range=(-12.50,-11.50) mean=-12.00 p50=-12.00 p05=-12.00 p95=-12.00
  [diag] sat-dist hist bins=60 sat<0.05=0.0% mean=0.948 p10=0.947 p90=0.948
  [diag] z-gate sat-dist hist bins=60 mean=0.122 p10=0.122 p90=0.122
  [diag] r-gate sat-dist hist bins=60 mean=0.498 p10=0.498 p90=0.498
Iter 0018380: train nll 0.379, valid error 100.000%, best valid error 100.000%, avg grad norm   0.046, avg grad norm (post clip)   0.000, rho_Whh  0.14, Omega  0.00, alpha  0.000, steps in the past 0.000, valid nll 0.318
  [diag] log10|dL/dh_t| hist bins=60 range=(-12.50,-11.50) mean=-12.00 p50=-12.00 p05=-12.00 p95=-12.00
  [diag] sat-dist hist bins=60 sat<0.05=0.0% mean=0.948 p10=0.947 p90=0.948
  [diag] z-gate sat-dist hist bins=60 mean=0.122 p10=0.122 p90=0.122
  [diag] r-gate sat-dist hist bins=60 mean=0.498 p10=0.498 p90=0.498
Iter 0018400: train nll 0.374, valid error 100.000%, best valid error 100.000%, avg grad norm   0.059, avg grad norm (post clip)   0.000, rho_Whh  0.14, Omega  0.00, alpha  0.000, steps in the past 0.000, valid nll 0.318
  [diag] log10|dL/dh_t| hist bins=60 range=(-12.50,-11.50) mean=-12.00 p50=-12.00 p05=-12.00 p95=-12.00
  [diag] sat-dist hist bins=60 sat<0.05=0.0% mean=0.948 p10=0.947 p90=0.948
  [diag] z-gate sat-dist hist bins=60 mean=0.122 p10=0.122 p90=0.122
  [diag] r-gate sat-dist hist bins=60 mean=0.498 p10=0.498 p90=0.498
Iter 0018420: train nll 0.388, valid error 100.000%, best valid error 100.000%, avg grad norm   0.054, avg grad norm (post clip)   0.000, rho_Whh  0.14, Omega  0.00, alpha  0.000, steps in the past 0.000, valid nll 0.318
  [diag] log10|dL/dh_t| hist bins=60 range=(-12.50,-11.50) mean=-12.00 p50=-12.00 p05=-12.00 p95=-12.00
  [diag] sat-dist hist bins=60 sat<0.05=0.0% mean=0.948 p10=0.947 p90=0.949
  [diag] z-gate sat-dist hist bins=60 mean=0.122 p10=0.122 p90=0.122
  [diag] r-gate sat-dist hist bins=60 mean=0.498 p10=0.498 p90=0.498
Iter 0018440: train nll 0.424, valid error 100.000%, best valid error 100.000%, avg grad norm   0.053, avg grad norm (post clip)   0.000, rho_Whh  0.14, Omega  0.00, alpha  0.000, steps in the past 0.000, valid nll 0.319
  [diag] log10|dL/dh_t| hist bins=60 range=(-12.50,-11.50) mean=-12.00 p50=-12.00 p05=-12.00 p95=-12.00
  [diag] sat-dist hist bins=60 sat<0.05=0.0% mean=0.948 p10=0.947 p90=0.949
  [diag] z-gate sat-dist hist bins=60 mean=0.122 p10=0.122 p90=0.122
  [diag] r-gate sat-dist hist bins=60 mean=0.498 p10=0.498 p90=0.498
Iter 0018460: train nll 0.372, valid error 100.000%, best valid error 100.000%, avg grad norm   0.048, avg grad norm (post clip)   0.000, rho_Whh  0.14, Omega  0.00, alpha  0.000, steps in the past 0.000, valid nll 0.319
  [diag] log10|dL/dh_t| hist bins=60 range=(-12.50,-11.50) mean=-12.00 p50=-12.00 p05=-12.00 p95=-12.00
  [diag] sat-dist hist bins=60 sat<0.05=0.0% mean=0.948 p10=0.947 p90=0.949
  [diag] z-gate sat-dist hist bins=60 mean=0.122 p10=0.122 p90=0.122
  [diag] r-gate sat-dist hist bins=60 mean=0.498 p10=0.498 p90=0.498
Iter 0018480: train nll 0.415, valid error 100.000%, best valid error 100.000%, avg grad norm   0.061, avg grad norm (post clip)   0.000, rho_Whh  0.14, Omega  0.00, alpha  0.000, steps in the past 0.000, valid nll 0.319
  [diag] log10|dL/dh_t| hist bins=60 range=(-12.50,-11.50) mean=-12.00 p50=-12.00 p05=-12.00 p95=-12.00
  [diag] sat-dist hist bins=60 sat<0.05=0.0% mean=0.949 p10=0.947 p90=0.949
  [diag] z-gate sat-dist hist bins=60 mean=0.122 p10=0.122 p90=0.122
  [diag] r-gate sat-dist hist bins=60 mean=0.498 p10=0.498 p90=0.498
Iter 0018500: train nll 0.396, valid error 100.000%, best valid error 100.000%, avg grad norm   0.051, avg grad norm (post clip)   0.000, rho_Whh  0.14, Omega  0.00, alpha  0.000, steps in the past 0.000, valid nll 0.319
  [diag] log10|dL/dh_t| hist bins=60 range=(-12.50,-11.50) mean=-12.00 p50=-12.00 p05=-12.00 p95=-12.00
  [diag] sat-dist hist bins=60 sat<0.05=0.0% mean=0.949 p10=0.947 p90=0.949
  [diag] z-gate sat-dist hist bins=60 mean=0.122 p10=0.122 p90=0.122
  [diag] r-gate sat-dist hist bins=60 mean=0.498 p10=0.498 p90=0.498
Iter 0018520: train nll 0.376, valid error 100.000%, best valid error 100.000%, avg grad norm   0.043, avg grad norm (post clip)   0.000, rho_Whh  0.14, Omega  0.00, alpha  0.000, steps in the past 0.000, valid nll 0.319
  [diag] log10|dL/dh_t| hist bins=60 range=(-12.50,-11.50) mean=-12.00 p50=-12.00 p05=-12.00 p95=-12.00
  [diag] sat-dist hist bins=60 sat<0.05=0.0% mean=0.948 p10=0.947 p90=0.949
  [diag] z-gate sat-dist hist bins=60 mean=0.122 p10=0.122 p90=0.122
  [diag] r-gate sat-dist hist bins=60 mean=0.498 p10=0.498 p90=0.498
Iter 0018540: train nll 0.355, valid error 100.000%, best valid error 100.000%, avg grad norm   0.046, avg grad norm (post clip)   0.000, rho_Whh  0.14, Omega  0.00, alpha  0.000, steps in the past 0.000, valid nll 0.319
  [diag] log10|dL/dh_t| hist bins=60 range=(-12.50,-11.50) mean=-12.00 p50=-12.00 p05=-12.00 p95=-12.00
  [diag] sat-dist hist bins=60 sat<0.05=0.0% mean=0.948 p10=0.947 p90=0.949
  [diag] z-gate sat-dist hist bins=60 mean=0.122 p10=0.122 p90=0.122
  [diag] r-gate sat-dist hist bins=60 mean=0.498 p10=0.498 p90=0.498
Iter 0018560: train nll 0.378, valid error 100.000%, best valid error 100.000%, avg grad norm   0.047, avg grad norm (post clip)   0.000, rho_Whh  0.14, Omega  0.00, alpha  0.000, steps in the past 0.000, valid nll 0.318
  [diag] log10|dL/dh_t| hist bins=60 range=(-12.50,-11.50) mean=-12.00 p50=-12.00 p05=-12.00 p95=-12.00
  [diag] sat-dist hist bins=60 sat<0.05=0.0% mean=0.948 p10=0.947 p90=0.949
  [diag] z-gate sat-dist hist bins=60 mean=0.122 p10=0.122 p90=0.122
  [diag] r-gate sat-dist hist bins=60 mean=0.498 p10=0.498 p90=0.498
Iter 0018580: train nll 0.364, valid error 100.000%, best valid error 100.000%, avg grad norm   0.048, avg grad norm (post clip)   0.000, rho_Whh  0.14, Omega  0.00, alpha  0.000, steps in the past 0.000, valid nll 0.318
  [diag] log10|dL/dh_t| hist bins=60 range=(-12.50,-11.50) mean=-12.00 p50=-12.00 p05=-12.00 p95=-12.00
  [diag] sat-dist hist bins=60 sat<0.05=0.0% mean=0.948 p10=0.947 p90=0.949
  [diag] z-gate sat-dist hist bins=60 mean=0.122 p10=0.122 p90=0.122
  [diag] r-gate sat-dist hist bins=60 mean=0.498 p10=0.498 p90=0.498
Iter 0018600: train nll 0.359, valid error 100.000%, best valid error 100.000%, avg grad norm   0.042, avg grad norm (post clip)   0.000, rho_Whh  0.14, Omega  0.00, alpha  0.000, steps in the past 0.000, valid nll 0.318
  [diag] log10|dL/dh_t| hist bins=60 range=(-12.50,-11.50) mean=-12.00 p50=-12.00 p05=-12.00 p95=-12.00
  [diag] sat-dist hist bins=60 sat<0.05=0.0% mean=0.948 p10=0.947 p90=0.949
  [diag] z-gate sat-dist hist bins=60 mean=0.122 p10=0.122 p90=0.122
  [diag] r-gate sat-dist hist bins=60 mean=0.498 p10=0.498 p90=0.498
Iter 0018620: train nll 0.383, valid error 100.000%, best valid error 100.000%, avg grad norm   0.045, avg grad norm (post clip)   0.000, rho_Whh  0.14, Omega  0.00, alpha  0.000, steps in the past 0.000, valid nll 0.318
  [diag] log10|dL/dh_t| hist bins=60 range=(-12.50,-11.50) mean=-12.00 p50=-12.00 p05=-12.00 p95=-12.00
  [diag] sat-dist hist bins=60 sat<0.05=0.0% mean=0.948 p10=0.947 p90=0.949
  [diag] z-gate sat-dist hist bins=60 mean=0.122 p10=0.122 p90=0.122
  [diag] r-gate sat-dist hist bins=60 mean=0.498 p10=0.498 p90=0.498
Iter 0018640: train nll 0.375, valid error 100.000%, best valid error 100.000%, avg grad norm   0.046, avg grad norm (post clip)   0.000, rho_Whh  0.14, Omega  0.00, alpha  0.000, steps in the past 0.000, valid nll 0.318
  [diag] log10|dL/dh_t| hist bins=60 range=(-12.50,-11.50) mean=-12.00 p50=-12.00 p05=-12.00 p95=-12.00
  [diag] sat-dist hist bins=60 sat<0.05=0.0% mean=0.948 p10=0.947 p90=0.949
  [diag] z-gate sat-dist hist bins=60 mean=0.122 p10=0.122 p90=0.122
  [diag] r-gate sat-dist hist bins=60 mean=0.498 p10=0.498 p90=0.498
Iter 0018660: train nll 0.392, valid error 100.000%, best valid error 100.000%, avg grad norm   0.045, avg grad norm (post clip)   0.000, rho_Whh  0.14, Omega  0.00, alpha  0.000, steps in the past 0.000, valid nll 0.318
  [diag] log10|dL/dh_t| hist bins=60 range=(-12.50,-11.50) mean=-12.00 p50=-12.00 p05=-12.00 p95=-12.00
  [diag] sat-dist hist bins=60 sat<0.05=0.0% mean=0.949 p10=0.948 p90=0.949
  [diag] z-gate sat-dist hist bins=60 mean=0.122 p10=0.122 p90=0.122
  [diag] r-gate sat-dist hist bins=60 mean=0.498 p10=0.498 p90=0.498
Iter 0018680: train nll 0.434, valid error 100.000%, best valid error 100.000%, avg grad norm   0.058, avg grad norm (post clip)   0.000, rho_Whh  0.14, Omega  0.00, alpha  0.000, steps in the past 0.000, valid nll 0.319
  [diag] log10|dL/dh_t| hist bins=60 range=(-12.50,-11.50) mean=-12.00 p50=-12.00 p05=-12.00 p95=-12.00
  [diag] sat-dist hist bins=60 sat<0.05=0.0% mean=0.949 p10=0.947 p90=0.949
  [diag] z-gate sat-dist hist bins=60 mean=0.122 p10=0.122 p90=0.122
  [diag] r-gate sat-dist hist bins=60 mean=0.498 p10=0.498 p90=0.498
Iter 0018700: train nll 0.363, valid error 100.000%, best valid error 100.000%, avg grad norm   0.054, avg grad norm (post clip)   0.000, rho_Whh  0.14, Omega  0.00, alpha  0.000, steps in the past 0.000, valid nll 0.318
  [diag] log10|dL/dh_t| hist bins=60 range=(-12.50,-11.50) mean=-12.00 p50=-12.00 p05=-12.00 p95=-12.00
  [diag] sat-dist hist bins=60 sat<0.05=0.0% mean=0.948 p10=0.947 p90=0.949
  [diag] z-gate sat-dist hist bins=60 mean=0.122 p10=0.122 p90=0.122
  [diag] r-gate sat-dist hist bins=60 mean=0.498 p10=0.498 p90=0.498
Iter 0018720: train nll 0.341, valid error 100.000%, best valid error 100.000%, avg grad norm   0.054, avg grad norm (post clip)   0.000, rho_Whh  0.14, Omega  0.00, alpha  0.000, steps in the past 0.000, valid nll 0.318
  [diag] log10|dL/dh_t| hist bins=60 range=(-12.50,-11.50) mean=-12.00 p50=-12.00 p05=-12.00 p95=-12.00
  [diag] sat-dist hist bins=60 sat<0.05=0.0% mean=0.948 p10=0.947 p90=0.949
  [diag] z-gate sat-dist hist bins=60 mean=0.122 p10=0.122 p90=0.122
  [diag] r-gate sat-dist hist bins=60 mean=0.498 p10=0.498 p90=0.498
Iter 0018740: train nll 0.408, valid error 100.000%, best valid error 100.000%, avg grad norm   0.041, avg grad norm (post clip)   0.000, rho_Whh  0.14, Omega  0.00, alpha  0.000, steps in the past 0.000, valid nll 0.318
  [diag] log10|dL/dh_t| hist bins=60 range=(-12.50,-11.50) mean=-12.00 p50=-12.00 p05=-12.00 p95=-12.00
  [diag] sat-dist hist bins=60 sat<0.05=0.0% mean=0.949 p10=0.948 p90=0.949
  [diag] z-gate sat-dist hist bins=60 mean=0.122 p10=0.122 p90=0.122
  [diag] r-gate sat-dist hist bins=60 mean=0.498 p10=0.498 p90=0.498
Iter 0018760: train nll 0.416, valid error 100.000%, best valid error 100.000%, avg grad norm   0.057, avg grad norm (post clip)   0.000, rho_Whh  0.13, Omega  0.00, alpha  0.000, steps in the past 0.000, valid nll 0.318
  [diag] log10|dL/dh_t| hist bins=60 range=(-12.50,-11.50) mean=-12.00 p50=-12.00 p05=-12.00 p95=-12.00
  [diag] sat-dist hist bins=60 sat<0.05=0.0% mean=0.949 p10=0.948 p90=0.950
  [diag] z-gate sat-dist hist bins=60 mean=0.122 p10=0.122 p90=0.122
  [diag] r-gate sat-dist hist bins=60 mean=0.498 p10=0.498 p90=0.498
Iter 0018780: train nll 0.423, valid error 100.000%, best valid error 100.000%, avg grad norm   0.061, avg grad norm (post clip)   0.000, rho_Whh  0.13, Omega  0.00, alpha  0.000, steps in the past 0.000, valid nll 0.319
  [diag] log10|dL/dh_t| hist bins=60 range=(-12.50,-11.50) mean=-12.00 p50=-12.00 p05=-12.00 p95=-12.00
  [diag] sat-dist hist bins=60 sat<0.05=0.0% mean=0.949 p10=0.948 p90=0.950
  [diag] z-gate sat-dist hist bins=60 mean=0.122 p10=0.122 p90=0.122
  [diag] r-gate sat-dist hist bins=60 mean=0.498 p10=0.498 p90=0.498
Iter 0018800: train nll 0.387, valid error 100.000%, best valid error 100.000%, avg grad norm   0.060, avg grad norm (post clip)   0.000, rho_Whh  0.13, Omega  0.00, alpha  0.000, steps in the past 0.000, valid nll 0.319
  [diag] log10|dL/dh_t| hist bins=60 range=(-12.50,-11.50) mean=-12.00 p50=-12.00 p05=-12.00 p95=-12.00
  [diag] sat-dist hist bins=60 sat<0.05=0.0% mean=0.949 p10=0.948 p90=0.950
  [diag] z-gate sat-dist hist bins=60 mean=0.122 p10=0.122 p90=0.122
  [diag] r-gate sat-dist hist bins=60 mean=0.498 p10=0.498 p90=0.498
Iter 0018820: train nll 0.446, valid error 100.000%, best valid error 100.000%, avg grad norm   0.060, avg grad norm (post clip)   0.000, rho_Whh  0.13, Omega  0.00, alpha  0.000, steps in the past 0.000, valid nll 0.319
  [diag] log10|dL/dh_t| hist bins=60 range=(-12.50,-11.50) mean=-12.00 p50=-12.00 p05=-12.00 p95=-12.00
  [diag] sat-dist hist bins=60 sat<0.05=0.0% mean=0.949 p10=0.948 p90=0.950
  [diag] z-gate sat-dist hist bins=60 mean=0.122 p10=0.122 p90=0.122
  [diag] r-gate sat-dist hist bins=60 mean=0.498 p10=0.498 p90=0.498
Iter 0018840: train nll 0.348, valid error 100.000%, best valid error 100.000%, avg grad norm   0.057, avg grad norm (post clip)   0.000, rho_Whh  0.13, Omega  0.00, alpha  0.000, steps in the past 0.000, valid nll 0.319
  [diag] log10|dL/dh_t| hist bins=60 range=(-12.50,-11.50) mean=-12.00 p50=-12.00 p05=-12.00 p95=-12.00
  [diag] sat-dist hist bins=60 sat<0.05=0.0% mean=0.949 p10=0.948 p90=0.950
  [diag] z-gate sat-dist hist bins=60 mean=0.122 p10=0.122 p90=0.122
  [diag] r-gate sat-dist hist bins=60 mean=0.498 p10=0.498 p90=0.498
Iter 0018860: train nll 0.418, valid error 100.000%, best valid error 100.000%, avg grad norm   0.061, avg grad norm (post clip)   0.000, rho_Whh  0.13, Omega  0.00, alpha  0.000, steps in the past 0.000, valid nll 0.319
  [diag] log10|dL/dh_t| hist bins=60 range=(-12.50,-11.50) mean=-12.00 p50=-12.00 p05=-12.00 p95=-12.00
  [diag] sat-dist hist bins=60 sat<0.05=0.0% mean=0.949 p10=0.948 p90=0.950
  [diag] z-gate sat-dist hist bins=60 mean=0.122 p10=0.122 p90=0.122
  [diag] r-gate sat-dist hist bins=60 mean=0.498 p10=0.498 p90=0.498
Iter 0018880: train nll 0.371, valid error 100.000%, best valid error 100.000%, avg grad norm   0.059, avg grad norm (post clip)   0.000, rho_Whh  0.13, Omega  0.00, alpha  0.000, steps in the past 0.000, valid nll 0.319
  [diag] log10|dL/dh_t| hist bins=60 range=(-12.50,-11.50) mean=-12.00 p50=-12.00 p05=-12.00 p95=-12.00
  [diag] sat-dist hist bins=60 sat<0.05=0.0% mean=0.949 p10=0.948 p90=0.950
  [diag] z-gate sat-dist hist bins=60 mean=0.122 p10=0.122 p90=0.122
  [diag] r-gate sat-dist hist bins=60 mean=0.498 p10=0.498 p90=0.498
Iter 0018900: train nll 0.346, valid error 100.000%, best valid error 100.000%, avg grad norm   0.052, avg grad norm (post clip)   0.000, rho_Whh  0.13, Omega  0.00, alpha  0.000, steps in the past 0.000, valid nll 0.318
  [diag] log10|dL/dh_t| hist bins=60 range=(-12.50,-11.50) mean=-12.00 p50=-12.00 p05=-12.00 p95=-12.00
  [diag] sat-dist hist bins=60 sat<0.05=0.0% mean=0.949 p10=0.948 p90=0.950
  [diag] z-gate sat-dist hist bins=60 mean=0.122 p10=0.122 p90=0.122
  [diag] r-gate sat-dist hist bins=60 mean=0.498 p10=0.498 p90=0.498
Iter 0018920: train nll 0.418, valid error 100.000%, best valid error 100.000%, avg grad norm   0.057, avg grad norm (post clip)   0.000, rho_Whh  0.13, Omega  0.00, alpha  0.000, steps in the past 0.000, valid nll 0.319
  [diag] log10|dL/dh_t| hist bins=60 range=(-12.50,-11.50) mean=-12.00 p50=-12.00 p05=-12.00 p95=-12.00
  [diag] sat-dist hist bins=60 sat<0.05=0.0% mean=0.949 p10=0.948 p90=0.950
  [diag] z-gate sat-dist hist bins=60 mean=0.122 p10=0.122 p90=0.122
  [diag] r-gate sat-dist hist bins=60 mean=0.498 p10=0.498 p90=0.498
Iter 0018940: train nll 0.376, valid error 100.000%, best valid error 100.000%, avg grad norm   0.042, avg grad norm (post clip)   0.000, rho_Whh  0.13, Omega  0.00, alpha  0.000, steps in the past 0.000, valid nll 0.319
  [diag] log10|dL/dh_t| hist bins=60 range=(-12.50,-11.50) mean=-12.00 p50=-12.00 p05=-12.00 p95=-12.00
  [diag] sat-dist hist bins=60 sat<0.05=0.0% mean=0.949 p10=0.948 p90=0.950
  [diag] z-gate sat-dist hist bins=60 mean=0.122 p10=0.122 p90=0.122
  [diag] r-gate sat-dist hist bins=60 mean=0.498 p10=0.498 p90=0.498
Iter 0018960: train nll 0.374, valid error 100.000%, best valid error 100.000%, avg grad norm   0.050, avg grad norm (post clip)   0.000, rho_Whh  0.13, Omega  0.00, alpha  0.000, steps in the past 0.000, valid nll 0.318
  [diag] log10|dL/dh_t| hist bins=60 range=(-12.50,-11.50) mean=-12.00 p50=-12.00 p05=-12.00 p95=-12.00
  [diag] sat-dist hist bins=60 sat<0.05=0.0% mean=0.949 p10=0.948 p90=0.950
  [diag] z-gate sat-dist hist bins=60 mean=0.122 p10=0.122 p90=0.122
  [diag] r-gate sat-dist hist bins=60 mean=0.498 p10=0.498 p90=0.498
Iter 0018980: train nll 0.372, valid error 100.000%, best valid error 100.000%, avg grad norm   0.049, avg grad norm (post clip)   0.000, rho_Whh  0.13, Omega  0.00, alpha  0.000, steps in the past 0.000, valid nll 0.318
  [diag] log10|dL/dh_t| hist bins=60 range=(-12.50,-11.50) mean=-12.00 p50=-12.00 p05=-12.00 p95=-12.00
  [diag] sat-dist hist bins=60 sat<0.05=0.0% mean=0.949 p10=0.948 p90=0.950
  [diag] z-gate sat-dist hist bins=60 mean=0.122 p10=0.122 p90=0.122
  [diag] r-gate sat-dist hist bins=60 mean=0.498 p10=0.498 p90=0.498
Iter 0019000: train nll 0.389, valid error 100.000%, best valid error 100.000%, avg grad norm   0.057, avg grad norm (post clip)   0.000, rho_Whh  0.13, Omega  0.00, alpha  0.000, steps in the past 0.000, valid nll 0.318
  [diag] log10|dL/dh_t| hist bins=60 range=(-12.50,-11.50) mean=-12.00 p50=-12.00 p05=-12.00 p95=-12.00
  [diag] sat-dist hist bins=60 sat<0.05=0.0% mean=0.949 p10=0.948 p90=0.950
  [diag] z-gate sat-dist hist bins=60 mean=0.122 p10=0.122 p90=0.122
  [diag] r-gate sat-dist hist bins=60 mean=0.498 p10=0.498 p90=0.498
Iter 0019020: train nll 0.378, valid error 100.000%, best valid error 100.000%, avg grad norm   0.046, avg grad norm (post clip)   0.000, rho_Whh  0.13, Omega  0.00, alpha  0.000, steps in the past 0.000, valid nll 0.318
  [diag] log10|dL/dh_t| hist bins=60 range=(-12.50,-11.50) mean=-12.00 p50=-12.00 p05=-12.00 p95=-12.00
  [diag] sat-dist hist bins=60 sat<0.05=0.0% mean=0.949 p10=0.948 p90=0.950
  [diag] z-gate sat-dist hist bins=60 mean=0.122 p10=0.122 p90=0.122
  [diag] r-gate sat-dist hist bins=60 mean=0.498 p10=0.498 p90=0.498
Iter 0019040: train nll 0.371, valid error 100.000%, best valid error 100.000%, avg grad norm   0.043, avg grad norm (post clip)   0.000, rho_Whh  0.13, Omega  0.00, alpha  0.000, steps in the past 0.000, valid nll 0.318
  [diag] log10|dL/dh_t| hist bins=60 range=(-12.50,-11.50) mean=-12.00 p50=-12.00 p05=-12.00 p95=-12.00
  [diag] sat-dist hist bins=60 sat<0.05=0.0% mean=0.949 p10=0.948 p90=0.950
  [diag] z-gate sat-dist hist bins=60 mean=0.122 p10=0.122 p90=0.122
  [diag] r-gate sat-dist hist bins=60 mean=0.498 p10=0.498 p90=0.498
Iter 0019060: train nll 0.363, valid error 100.000%, best valid error 100.000%, avg grad norm   0.048, avg grad norm (post clip)   0.000, rho_Whh  0.13, Omega  0.00, alpha  0.000, steps in the past 0.000, valid nll 0.318
  [diag] log10|dL/dh_t| hist bins=60 range=(-12.50,-11.50) mean=-12.00 p50=-12.00 p05=-12.00 p95=-12.00
  [diag] sat-dist hist bins=60 sat<0.05=0.0% mean=0.949 p10=0.947 p90=0.949
  [diag] z-gate sat-dist hist bins=60 mean=0.122 p10=0.122 p90=0.122
  [diag] r-gate sat-dist hist bins=60 mean=0.498 p10=0.498 p90=0.498
Iter 0019080: train nll 0.354, valid error 100.000%, best valid error 100.000%, avg grad norm   0.057, avg grad norm (post clip)   0.000, rho_Whh  0.13, Omega  0.00, alpha  0.000, steps in the past 0.000, valid nll 0.318
  [diag] log10|dL/dh_t| hist bins=60 range=(-12.50,-11.50) mean=-12.00 p50=-12.00 p05=-12.00 p95=-12.00
  [diag] sat-dist hist bins=60 sat<0.05=0.0% mean=0.948 p10=0.947 p90=0.949
  [diag] z-gate sat-dist hist bins=60 mean=0.122 p10=0.122 p90=0.122
  [diag] r-gate sat-dist hist bins=60 mean=0.498 p10=0.498 p90=0.498
Iter 0019100: train nll 0.358, valid error 100.000%, best valid error 100.000%, avg grad norm   0.046, avg grad norm (post clip)   0.000, rho_Whh  0.13, Omega  0.00, alpha  0.000, steps in the past 0.000, valid nll 0.318
  [diag] log10|dL/dh_t| hist bins=60 range=(-12.50,-11.50) mean=-12.00 p50=-12.00 p05=-12.00 p95=-12.00
  [diag] sat-dist hist bins=60 sat<0.05=0.0% mean=0.949 p10=0.947 p90=0.949
  [diag] z-gate sat-dist hist bins=60 mean=0.122 p10=0.122 p90=0.122
  [diag] r-gate sat-dist hist bins=60 mean=0.498 p10=0.498 p90=0.498
Iter 0019120: train nll 0.385, valid error 100.000%, best valid error 100.000%, avg grad norm   0.041, avg grad norm (post clip)   0.000, rho_Whh  0.12, Omega  0.00, alpha  0.000, steps in the past 0.000, valid nll 0.318
  [diag] log10|dL/dh_t| hist bins=60 range=(-12.50,-11.50) mean=-12.00 p50=-12.00 p05=-12.00 p95=-12.00
  [diag] sat-dist hist bins=60 sat<0.05=0.0% mean=0.949 p10=0.947 p90=0.949
  [diag] z-gate sat-dist hist bins=60 mean=0.122 p10=0.122 p90=0.122
  [diag] r-gate sat-dist hist bins=60 mean=0.498 p10=0.498 p90=0.498
Iter 0019140: train nll 0.379, valid error 100.000%, best valid error 100.000%, avg grad norm   0.039, avg grad norm (post clip)   0.000, rho_Whh  0.12, Omega  0.00, alpha  0.000, steps in the past 0.000, valid nll 0.318
  [diag] log10|dL/dh_t| hist bins=60 range=(-12.50,-11.50) mean=-12.00 p50=-12.00 p05=-12.00 p95=-12.00
  [diag] sat-dist hist bins=60 sat<0.05=0.0% mean=0.949 p10=0.948 p90=0.950
  [diag] z-gate sat-dist hist bins=60 mean=0.122 p10=0.122 p90=0.122
  [diag] r-gate sat-dist hist bins=60 mean=0.498 p10=0.498 p90=0.498
Iter 0019160: train nll 0.408, valid error 100.000%, best valid error 100.000%, avg grad norm   0.067, avg grad norm (post clip)   0.000, rho_Whh  0.12, Omega  0.00, alpha  0.000, steps in the past 0.000, valid nll 0.318
  [diag] log10|dL/dh_t| hist bins=60 range=(-12.50,-11.50) mean=-12.00 p50=-12.00 p05=-12.00 p95=-12.00
  [diag] sat-dist hist bins=60 sat<0.05=0.0% mean=0.949 p10=0.947 p90=0.949
  [diag] z-gate sat-dist hist bins=60 mean=0.122 p10=0.122 p90=0.122
  [diag] r-gate sat-dist hist bins=60 mean=0.498 p10=0.498 p90=0.498
Iter 0019180: train nll 0.356, valid error 100.000%, best valid error 100.000%, avg grad norm   0.046, avg grad norm (post clip)   0.000, rho_Whh  0.12, Omega  0.00, alpha  0.000, steps in the past 0.000, valid nll 0.318
  [diag] log10|dL/dh_t| hist bins=60 range=(-12.50,-11.50) mean=-12.00 p50=-12.00 p05=-12.00 p95=-12.00
  [diag] sat-dist hist bins=60 sat<0.05=0.0% mean=0.948 p10=0.947 p90=0.949
  [diag] z-gate sat-dist hist bins=60 mean=0.122 p10=0.122 p90=0.122
  [diag] r-gate sat-dist hist bins=60 mean=0.498 p10=0.498 p90=0.498
Iter 0019200: train nll 0.368, valid error 100.000%, best valid error 100.000%, avg grad norm   0.046, avg grad norm (post clip)   0.000, rho_Whh  0.12, Omega  0.00, alpha  0.000, steps in the past 0.000, valid nll 0.318
  [diag] log10|dL/dh_t| hist bins=60 range=(-12.50,-11.50) mean=-12.00 p50=-12.00 p05=-12.00 p95=-12.00
  [diag] sat-dist hist bins=60 sat<0.05=0.0% mean=0.949 p10=0.948 p90=0.950
  [diag] z-gate sat-dist hist bins=60 mean=0.122 p10=0.122 p90=0.122
  [diag] r-gate sat-dist hist bins=60 mean=0.498 p10=0.498 p90=0.498
Iter 0019220: train nll 0.406, valid error 100.000%, best valid error 100.000%, avg grad norm   0.058, avg grad norm (post clip)   0.000, rho_Whh  0.12, Omega  0.00, alpha  0.000, steps in the past 0.000, valid nll 0.318
  [diag] log10|dL/dh_t| hist bins=60 range=(-12.50,-11.50) mean=-12.00 p50=-12.00 p05=-12.00 p95=-12.00
  [diag] sat-dist hist bins=60 sat<0.05=0.0% mean=0.949 p10=0.947 p90=0.950
  [diag] z-gate sat-dist hist bins=60 mean=0.122 p10=0.122 p90=0.122
  [diag] r-gate sat-dist hist bins=60 mean=0.498 p10=0.498 p90=0.498
Iter 0019240: train nll 0.368, valid error 100.000%, best valid error 100.000%, avg grad norm   0.046, avg grad norm (post clip)   0.000, rho_Whh  0.12, Omega  0.00, alpha  0.000, steps in the past 0.000, valid nll 0.318
  [diag] log10|dL/dh_t| hist bins=60 range=(-12.50,-11.50) mean=-12.00 p50=-12.00 p05=-12.00 p95=-12.00
  [diag] sat-dist hist bins=60 sat<0.05=0.0% mean=0.949 p10=0.947 p90=0.950
  [diag] z-gate sat-dist hist bins=60 mean=0.122 p10=0.122 p90=0.122
  [diag] r-gate sat-dist hist bins=60 mean=0.498 p10=0.498 p90=0.498
Iter 0019260: train nll 0.377, valid error 100.000%, best valid error 100.000%, avg grad norm   0.044, avg grad norm (post clip)   0.000, rho_Whh  0.12, Omega  0.00, alpha  0.000, steps in the past 0.000, valid nll 0.318
  [diag] log10|dL/dh_t| hist bins=60 range=(-12.50,-11.50) mean=-12.00 p50=-12.00 p05=-12.00 p95=-12.00
  [diag] sat-dist hist bins=60 sat<0.05=0.0% mean=0.949 p10=0.948 p90=0.950
  [diag] z-gate sat-dist hist bins=60 mean=0.122 p10=0.122 p90=0.122
  [diag] r-gate sat-dist hist bins=60 mean=0.498 p10=0.498 p90=0.498
Iter 0019280: train nll 0.396, valid error 100.000%, best valid error 100.000%, avg grad norm   0.056, avg grad norm (post clip)   0.000, rho_Whh  0.12, Omega  0.00, alpha  0.000, steps in the past 0.000, valid nll 0.318
  [diag] log10|dL/dh_t| hist bins=60 range=(-12.50,-11.50) mean=-12.00 p50=-12.00 p05=-12.00 p95=-12.00
  [diag] sat-dist hist bins=60 sat<0.05=0.0% mean=0.949 p10=0.948 p90=0.950
  [diag] z-gate sat-dist hist bins=60 mean=0.122 p10=0.122 p90=0.122
  [diag] r-gate sat-dist hist bins=60 mean=0.498 p10=0.498 p90=0.498
Iter 0019300: train nll 0.409, valid error 100.000%, best valid error 100.000%, avg grad norm   0.058, avg grad norm (post clip)   0.000, rho_Whh  0.12, Omega  0.00, alpha  0.000, steps in the past 0.000, valid nll 0.318
  [diag] log10|dL/dh_t| hist bins=60 range=(-12.50,-11.50) mean=-12.00 p50=-12.00 p05=-12.00 p95=-12.00
  [diag] sat-dist hist bins=60 sat<0.05=0.0% mean=0.949 p10=0.947 p90=0.950
  [diag] z-gate sat-dist hist bins=60 mean=0.122 p10=0.122 p90=0.122
  [diag] r-gate sat-dist hist bins=60 mean=0.498 p10=0.498 p90=0.498
Iter 0019320: train nll 0.340, valid error 100.000%, best valid error 100.000%, avg grad norm   0.041, avg grad norm (post clip)   0.000, rho_Whh  0.12, Omega  0.00, alpha  0.000, steps in the past 0.000, valid nll 0.318
  [diag] log10|dL/dh_t| hist bins=60 range=(-12.50,-11.50) mean=-12.00 p50=-12.00 p05=-12.00 p95=-12.00
  [diag] sat-dist hist bins=60 sat<0.05=0.0% mean=0.949 p10=0.948 p90=0.950
  [diag] z-gate sat-dist hist bins=60 mean=0.122 p10=0.122 p90=0.122
  [diag] r-gate sat-dist hist bins=60 mean=0.498 p10=0.498 p90=0.498
Iter 0019340: train nll 0.407, valid error 100.000%, best valid error 100.000%, avg grad norm   0.058, avg grad norm (post clip)   0.000, rho_Whh  0.12, Omega  0.00, alpha  0.000, steps in the past 0.000, valid nll 0.318
  [diag] log10|dL/dh_t| hist bins=60 range=(-12.50,-11.50) mean=-12.00 p50=-12.00 p05=-12.00 p95=-12.00
  [diag] sat-dist hist bins=60 sat<0.05=0.0% mean=0.949 p10=0.948 p90=0.950
  [diag] z-gate sat-dist hist bins=60 mean=0.122 p10=0.122 p90=0.122
  [diag] r-gate sat-dist hist bins=60 mean=0.498 p10=0.498 p90=0.498
Iter 0019360: train nll 0.396, valid error 100.000%, best valid error 100.000%, avg grad norm   0.056, avg grad norm (post clip)   0.000, rho_Whh  0.12, Omega  0.00, alpha  0.000, steps in the past 0.000, valid nll 0.318
  [diag] log10|dL/dh_t| hist bins=60 range=(-12.50,-11.50) mean=-12.00 p50=-12.00 p05=-12.00 p95=-12.00
  [diag] sat-dist hist bins=60 sat<0.05=0.0% mean=0.949 p10=0.948 p90=0.950
  [diag] z-gate sat-dist hist bins=60 mean=0.122 p10=0.122 p90=0.122
  [diag] r-gate sat-dist hist bins=60 mean=0.498 p10=0.498 p90=0.498
Iter 0019380: train nll 0.379, valid error 100.000%, best valid error 100.000%, avg grad norm   0.046, avg grad norm (post clip)   0.000, rho_Whh  0.12, Omega  0.00, alpha  0.000, steps in the past 0.000, valid nll 0.318
  [diag] log10|dL/dh_t| hist bins=60 range=(-12.50,-11.50) mean=-12.00 p50=-12.00 p05=-12.00 p95=-12.00
  [diag] sat-dist hist bins=60 sat<0.05=0.0% mean=0.949 p10=0.948 p90=0.950
  [diag] z-gate sat-dist hist bins=60 mean=0.122 p10=0.122 p90=0.122
  [diag] r-gate sat-dist hist bins=60 mean=0.498 p10=0.498 p90=0.498
Iter 0019400: train nll 0.369, valid error 100.000%, best valid error 100.000%, avg grad norm   0.055, avg grad norm (post clip)   0.000, rho_Whh  0.12, Omega  0.00, alpha  0.000, steps in the past 0.000, valid nll 0.318
  [diag] log10|dL/dh_t| hist bins=60 range=(-12.50,-11.50) mean=-12.00 p50=-12.00 p05=-12.00 p95=-12.00
  [diag] sat-dist hist bins=60 sat<0.05=0.0% mean=0.949 p10=0.948 p90=0.950
  [diag] z-gate sat-dist hist bins=60 mean=0.122 p10=0.122 p90=0.122
  [diag] r-gate sat-dist hist bins=60 mean=0.498 p10=0.498 p90=0.498
Iter 0019420: train nll 0.378, valid error 100.000%, best valid error 100.000%, avg grad norm   0.054, avg grad norm (post clip)   0.000, rho_Whh  0.12, Omega  0.00, alpha  0.000, steps in the past 0.000, valid nll 0.318
  [diag] log10|dL/dh_t| hist bins=60 range=(-12.50,-11.50) mean=-12.00 p50=-12.00 p05=-12.00 p95=-12.00
  [diag] sat-dist hist bins=60 sat<0.05=0.0% mean=0.949 p10=0.948 p90=0.950
  [diag] z-gate sat-dist hist bins=60 mean=0.122 p10=0.122 p90=0.122
  [diag] r-gate sat-dist hist bins=60 mean=0.498 p10=0.498 p90=0.498
Iter 0019440: train nll 0.425, valid error 100.000%, best valid error 100.000%, avg grad norm   0.062, avg grad norm (post clip)   0.000, rho_Whh  0.12, Omega  0.00, alpha  0.000, steps in the past 0.000, valid nll 0.318
  [diag] log10|dL/dh_t| hist bins=60 range=(-12.50,-11.50) mean=-12.00 p50=-12.00 p05=-12.00 p95=-12.00
  [diag] sat-dist hist bins=60 sat<0.05=0.0% mean=0.949 p10=0.948 p90=0.950
  [diag] z-gate sat-dist hist bins=60 mean=0.122 p10=0.122 p90=0.122
  [diag] r-gate sat-dist hist bins=60 mean=0.498 p10=0.498 p90=0.498
Iter 0019460: train nll 0.359, valid error 100.000%, best valid error 100.000%, avg grad norm   0.043, avg grad norm (post clip)   0.000, rho_Whh  0.11, Omega  0.00, alpha  0.000, steps in the past 0.000, valid nll 0.318
  [diag] log10|dL/dh_t| hist bins=60 range=(-12.50,-11.50) mean=-12.00 p50=-12.00 p05=-12.00 p95=-12.00
  [diag] sat-dist hist bins=60 sat<0.05=0.0% mean=0.949 p10=0.948 p90=0.950
  [diag] z-gate sat-dist hist bins=60 mean=0.122 p10=0.122 p90=0.122
  [diag] r-gate sat-dist hist bins=60 mean=0.498 p10=0.498 p90=0.498
Iter 0019480: train nll 0.372, valid error 100.000%, best valid error 100.000%, avg grad norm   0.048, avg grad norm (post clip)   0.000, rho_Whh  0.11, Omega  0.00, alpha  0.000, steps in the past 0.000, valid nll 0.318
  [diag] log10|dL/dh_t| hist bins=60 range=(-12.50,-11.50) mean=-12.00 p50=-12.00 p05=-12.00 p95=-12.00
  [diag] sat-dist hist bins=60 sat<0.05=0.0% mean=0.949 p10=0.948 p90=0.950
  [diag] z-gate sat-dist hist bins=60 mean=0.122 p10=0.122 p90=0.122
  [diag] r-gate sat-dist hist bins=60 mean=0.498 p10=0.498 p90=0.498
Iter 0019500: train nll 0.393, valid error 100.000%, best valid error 100.000%, avg grad norm   0.059, avg grad norm (post clip)   0.000, rho_Whh  0.11, Omega  0.00, alpha  0.000, steps in the past 0.000, valid nll 0.318
  [diag] log10|dL/dh_t| hist bins=60 range=(-12.50,-11.50) mean=-12.00 p50=-12.00 p05=-12.00 p95=-12.00
  [diag] sat-dist hist bins=60 sat<0.05=0.0% mean=0.949 p10=0.948 p90=0.950
  [diag] z-gate sat-dist hist bins=60 mean=0.122 p10=0.122 p90=0.122
  [diag] r-gate sat-dist hist bins=60 mean=0.498 p10=0.498 p90=0.498
Iter 0019520: train nll 0.390, valid error 100.000%, best valid error 100.000%, avg grad norm   0.054, avg grad norm (post clip)   0.000, rho_Whh  0.11, Omega  0.00, alpha  0.000, steps in the past 0.000, valid nll 0.318
  [diag] log10|dL/dh_t| hist bins=60 range=(-12.50,-11.50) mean=-12.00 p50=-12.00 p05=-12.00 p95=-12.00
  [diag] sat-dist hist bins=60 sat<0.05=0.0% mean=0.949 p10=0.948 p90=0.950
  [diag] z-gate sat-dist hist bins=60 mean=0.122 p10=0.122 p90=0.122
  [diag] r-gate sat-dist hist bins=60 mean=0.498 p10=0.498 p90=0.498
Iter 0019540: train nll 0.381, valid error 100.000%, best valid error 100.000%, avg grad norm   0.034, avg grad norm (post clip)   0.000, rho_Whh  0.11, Omega  0.00, alpha  0.000, steps in the past 0.000, valid nll 0.318
  [diag] log10|dL/dh_t| hist bins=60 range=(-12.50,-11.50) mean=-12.00 p50=-12.00 p05=-12.00 p95=-12.00
  [diag] sat-dist hist bins=60 sat<0.05=0.0% mean=0.949 p10=0.948 p90=0.950
  [diag] z-gate sat-dist hist bins=60 mean=0.122 p10=0.122 p90=0.122
  [diag] r-gate sat-dist hist bins=60 mean=0.498 p10=0.498 p90=0.498
Iter 0019560: train nll 0.341, valid error 100.000%, best valid error 100.000%, avg grad norm   0.036, avg grad norm (post clip)   0.000, rho_Whh  0.11, Omega  0.00, alpha  0.000, steps in the past 0.000, valid nll 0.318
  [diag] log10|dL/dh_t| hist bins=60 range=(-12.50,-11.50) mean=-12.00 p50=-12.00 p05=-12.00 p95=-12.00
  [diag] sat-dist hist bins=60 sat<0.05=0.0% mean=0.949 p10=0.947 p90=0.950
  [diag] z-gate sat-dist hist bins=60 mean=0.122 p10=0.122 p90=0.122
  [diag] r-gate sat-dist hist bins=60 mean=0.498 p10=0.498 p90=0.498
Iter 0019580: train nll 0.371, valid error 100.000%, best valid error 100.000%, avg grad norm   0.040, avg grad norm (post clip)   0.000, rho_Whh  0.11, Omega  0.00, alpha  0.000, steps in the past 0.000, valid nll 0.317
  [diag] log10|dL/dh_t| hist bins=60 range=(-12.50,-11.50) mean=-12.00 p50=-12.00 p05=-12.00 p95=-12.00
  [diag] sat-dist hist bins=60 sat<0.05=0.0% mean=0.948 p10=0.947 p90=0.950
  [diag] z-gate sat-dist hist bins=60 mean=0.122 p10=0.122 p90=0.122
  [diag] r-gate sat-dist hist bins=60 mean=0.498 p10=0.498 p90=0.498
Iter 0019600: train nll 0.352, valid error 100.000%, best valid error 100.000%, avg grad norm   0.046, avg grad norm (post clip)   0.000, rho_Whh  0.11, Omega  0.00, alpha  0.000, steps in the past 0.000, valid nll 0.317
  [diag] log10|dL/dh_t| hist bins=60 range=(-12.50,-11.50) mean=-12.00 p50=-12.00 p05=-12.00 p95=-12.00
  [diag] sat-dist hist bins=60 sat<0.05=0.0% mean=0.949 p10=0.947 p90=0.950
  [diag] z-gate sat-dist hist bins=60 mean=0.122 p10=0.122 p90=0.122
  [diag] r-gate sat-dist hist bins=60 mean=0.498 p10=0.498 p90=0.498
Iter 0019620: train nll 0.381, valid error 100.000%, best valid error 100.000%, avg grad norm   0.053, avg grad norm (post clip)   0.000, rho_Whh  0.11, Omega  0.00, alpha  0.000, steps in the past 0.000, valid nll 0.317
  [diag] log10|dL/dh_t| hist bins=60 range=(-12.50,-11.50) mean=-12.00 p50=-12.00 p05=-12.00 p95=-12.00
  [diag] sat-dist hist bins=60 sat<0.05=0.0% mean=0.948 p10=0.947 p90=0.950
  [diag] z-gate sat-dist hist bins=60 mean=0.122 p10=0.122 p90=0.122
  [diag] r-gate sat-dist hist bins=60 mean=0.498 p10=0.498 p90=0.498
Iter 0019640: train nll 0.370, valid error 100.000%, best valid error 100.000%, avg grad norm   0.043, avg grad norm (post clip)   0.000, rho_Whh  0.11, Omega  0.00, alpha  0.000, steps in the past 0.000, valid nll 0.317
  [diag] log10|dL/dh_t| hist bins=60 range=(-12.50,-11.50) mean=-12.00 p50=-12.00 p05=-12.00 p95=-12.00
  [diag] sat-dist hist bins=60 sat<0.05=0.0% mean=0.949 p10=0.948 p90=0.950
  [diag] z-gate sat-dist hist bins=60 mean=0.122 p10=0.122 p90=0.122
  [diag] r-gate sat-dist hist bins=60 mean=0.498 p10=0.498 p90=0.498
Iter 0019660: train nll 0.460, valid error 100.000%, best valid error 100.000%, avg grad norm   0.078, avg grad norm (post clip)   0.000, rho_Whh  0.11, Omega  0.00, alpha  0.000, steps in the past 0.000, valid nll 0.318
  [diag] log10|dL/dh_t| hist bins=60 range=(-12.50,-11.50) mean=-12.00 p50=-12.00 p05=-12.00 p95=-12.00
  [diag] sat-dist hist bins=60 sat<0.05=0.0% mean=0.949 p10=0.948 p90=0.950
  [diag] z-gate sat-dist hist bins=60 mean=0.122 p10=0.122 p90=0.122
  [diag] r-gate sat-dist hist bins=60 mean=0.498 p10=0.498 p90=0.498
Iter 0019680: train nll 0.392, valid error 100.000%, best valid error 100.000%, avg grad norm   0.057, avg grad norm (post clip)   0.000, rho_Whh  0.11, Omega  0.00, alpha  0.000, steps in the past 0.000, valid nll 0.318
  [diag] log10|dL/dh_t| hist bins=60 range=(-12.50,-11.50) mean=-12.00 p50=-12.00 p05=-12.00 p95=-12.00
  [diag] sat-dist hist bins=60 sat<0.05=0.0% mean=0.949 p10=0.948 p90=0.950
  [diag] z-gate sat-dist hist bins=60 mean=0.122 p10=0.122 p90=0.122
  [diag] r-gate sat-dist hist bins=60 mean=0.498 p10=0.498 p90=0.498
Iter 0019700: train nll 0.351, valid error 100.000%, best valid error 100.000%, avg grad norm   0.049, avg grad norm (post clip)   0.000, rho_Whh  0.10, Omega  0.00, alpha  0.000, steps in the past 0.000, valid nll 0.317
  [diag] log10|dL/dh_t| hist bins=60 range=(-12.50,-11.50) mean=-12.00 p50=-12.00 p05=-12.00 p95=-12.00
  [diag] sat-dist hist bins=60 sat<0.05=0.0% mean=0.949 p10=0.948 p90=0.950
  [diag] z-gate sat-dist hist bins=60 mean=0.122 p10=0.122 p90=0.122
  [diag] r-gate sat-dist hist bins=60 mean=0.498 p10=0.498 p90=0.498
Iter 0019720: train nll 0.391, valid error 100.000%, best valid error 100.000%, avg grad norm   0.053, avg grad norm (post clip)   0.000, rho_Whh  0.10, Omega  0.00, alpha  0.000, steps in the past 0.000, valid nll 0.318
  [diag] log10|dL/dh_t| hist bins=60 range=(-12.50,-11.50) mean=-12.00 p50=-12.00 p05=-12.00 p95=-12.00
  [diag] sat-dist hist bins=60 sat<0.05=0.0% mean=0.949 p10=0.948 p90=0.950
  [diag] z-gate sat-dist hist bins=60 mean=0.122 p10=0.122 p90=0.122
  [diag] r-gate sat-dist hist bins=60 mean=0.498 p10=0.498 p90=0.498
Iter 0019740: train nll 0.381, valid error 100.000%, best valid error 100.000%, avg grad norm   0.054, avg grad norm (post clip)   0.000, rho_Whh  0.10, Omega  0.00, alpha  0.000, steps in the past 0.000, valid nll 0.317
  [diag] log10|dL/dh_t| hist bins=60 range=(-12.50,-11.50) mean=-12.00 p50=-12.00 p05=-12.00 p95=-12.00
  [diag] sat-dist hist bins=60 sat<0.05=0.0% mean=0.949 p10=0.948 p90=0.951
  [diag] z-gate sat-dist hist bins=60 mean=0.122 p10=0.122 p90=0.122
  [diag] r-gate sat-dist hist bins=60 mean=0.498 p10=0.498 p90=0.498
Iter 0019760: train nll 0.423, valid error 100.000%, best valid error 100.000%, avg grad norm   0.054, avg grad norm (post clip)   0.000, rho_Whh  0.10, Omega  0.00, alpha  0.000, steps in the past 0.000, valid nll 0.318
  [diag] log10|dL/dh_t| hist bins=60 range=(-12.50,-11.50) mean=-12.00 p50=-12.00 p05=-12.00 p95=-12.00
  [diag] sat-dist hist bins=60 sat<0.05=0.0% mean=0.950 p10=0.948 p90=0.951
  [diag] z-gate sat-dist hist bins=60 mean=0.122 p10=0.122 p90=0.122
  [diag] r-gate sat-dist hist bins=60 mean=0.498 p10=0.498 p90=0.498
Iter 0019780: train nll 0.425, valid error 100.000%, best valid error 100.000%, avg grad norm   0.064, avg grad norm (post clip)   0.000, rho_Whh  0.10, Omega  0.00, alpha  0.000, steps in the past 0.000, valid nll 0.318
  [diag] log10|dL/dh_t| hist bins=60 range=(-12.50,-11.50) mean=-12.00 p50=-12.00 p05=-12.00 p95=-12.00
  [diag] sat-dist hist bins=60 sat<0.05=0.0% mean=0.950 p10=0.948 p90=0.951
  [diag] z-gate sat-dist hist bins=60 mean=0.122 p10=0.122 p90=0.122
  [diag] r-gate sat-dist hist bins=60 mean=0.498 p10=0.498 p90=0.498
Iter 0019800: train nll 0.392, valid error 100.000%, best valid error 100.000%, avg grad norm   0.057, avg grad norm (post clip)   0.000, rho_Whh  0.10, Omega  0.00, alpha  0.000, steps in the past 0.000, valid nll 0.318
  [diag] log10|dL/dh_t| hist bins=60 range=(-12.50,-11.50) mean=-12.00 p50=-12.00 p05=-12.00 p95=-12.00
  [diag] sat-dist hist bins=60 sat<0.05=0.0% mean=0.950 p10=0.949 p90=0.951
  [diag] z-gate sat-dist hist bins=60 mean=0.122 p10=0.122 p90=0.122
  [diag] r-gate sat-dist hist bins=60 mean=0.498 p10=0.498 p90=0.498
Iter 0019820: train nll 0.431, valid error 100.000%, best valid error 100.000%, avg grad norm   0.067, avg grad norm (post clip)   0.000, rho_Whh  0.10, Omega  0.00, alpha  0.000, steps in the past 0.000, valid nll 0.318
  [diag] log10|dL/dh_t| hist bins=60 range=(-12.50,-11.50) mean=-12.00 p50=-12.00 p05=-12.00 p95=-12.00
  [diag] sat-dist hist bins=60 sat<0.05=0.0% mean=0.950 p10=0.949 p90=0.952
  [diag] z-gate sat-dist hist bins=60 mean=0.122 p10=0.122 p90=0.122
  [diag] r-gate sat-dist hist bins=60 mean=0.498 p10=0.498 p90=0.498
Iter 0019840: train nll 0.424, valid error 100.000%, best valid error 100.000%, avg grad norm   0.074, avg grad norm (post clip)   0.000, rho_Whh  0.10, Omega  0.00, alpha  0.000, steps in the past 0.000, valid nll 0.318
  [diag] log10|dL/dh_t| hist bins=60 range=(-12.50,-11.50) mean=-12.00 p50=-12.00 p05=-12.00 p95=-12.00
  [diag] sat-dist hist bins=60 sat<0.05=0.0% mean=0.950 p10=0.949 p90=0.952
  [diag] z-gate sat-dist hist bins=60 mean=0.122 p10=0.122 p90=0.122
  [diag] r-gate sat-dist hist bins=60 mean=0.498 p10=0.498 p90=0.498
Iter 0019860: train nll 0.407, valid error 100.000%, best valid error 100.000%, avg grad norm   0.057, avg grad norm (post clip)   0.000, rho_Whh  0.10, Omega  0.00, alpha  0.000, steps in the past 0.000, valid nll 0.318
  [diag] log10|dL/dh_t| hist bins=60 range=(-12.50,-11.50) mean=-12.00 p50=-12.00 p05=-12.00 p95=-12.00
  [diag] sat-dist hist bins=60 sat<0.05=0.0% mean=0.950 p10=0.949 p90=0.952
  [diag] z-gate sat-dist hist bins=60 mean=0.122 p10=0.122 p90=0.122
  [diag] r-gate sat-dist hist bins=60 mean=0.498 p10=0.498 p90=0.498
Iter 0019880: train nll 0.383, valid error 100.000%, best valid error 100.000%, avg grad norm   0.046, avg grad norm (post clip)   0.000, rho_Whh  0.09, Omega  0.00, alpha  0.000, steps in the past 0.000, valid nll 0.318
  [diag] log10|dL/dh_t| hist bins=60 range=(-12.50,-11.50) mean=-12.00 p50=-12.00 p05=-12.00 p95=-12.00
  [diag] sat-dist hist bins=60 sat<0.05=0.0% mean=0.950 p10=0.949 p90=0.951
  [diag] z-gate sat-dist hist bins=60 mean=0.122 p10=0.122 p90=0.122
  [diag] r-gate sat-dist hist bins=60 mean=0.498 p10=0.498 p90=0.498
Iter 0019900: train nll 0.350, valid error 100.000%, best valid error 100.000%, avg grad norm   0.047, avg grad norm (post clip)   0.000, rho_Whh  0.09, Omega  0.00, alpha  0.000, steps in the past 0.000, valid nll 0.318
  [diag] log10|dL/dh_t| hist bins=60 range=(-12.50,-11.50) mean=-12.00 p50=-12.00 p05=-12.00 p95=-12.00
  [diag] sat-dist hist bins=60 sat<0.05=0.0% mean=0.950 p10=0.948 p90=0.951
  [diag] z-gate sat-dist hist bins=60 mean=0.122 p10=0.122 p90=0.122
  [diag] r-gate sat-dist hist bins=60 mean=0.498 p10=0.498 p90=0.498
Iter 0019920: train nll 0.367, valid error 100.000%, best valid error 100.000%, avg grad norm   0.053, avg grad norm (post clip)   0.000, rho_Whh  0.09, Omega  0.00, alpha  0.000, steps in the past 0.000, valid nll 0.318
  [diag] log10|dL/dh_t| hist bins=60 range=(-12.50,-11.50) mean=-12.00 p50=-12.00 p05=-12.00 p95=-12.00
  [diag] sat-dist hist bins=60 sat<0.05=0.0% mean=0.950 p10=0.948 p90=0.951
  [diag] z-gate sat-dist hist bins=60 mean=0.122 p10=0.122 p90=0.122
  [diag] r-gate sat-dist hist bins=60 mean=0.498 p10=0.498 p90=0.498
Iter 0019940: train nll 0.375, valid error 100.000%, best valid error 100.000%, avg grad norm   0.050, avg grad norm (post clip)   0.000, rho_Whh  0.09, Omega  0.00, alpha  0.000, steps in the past 0.000, valid nll 0.318
  [diag] log10|dL/dh_t| hist bins=60 range=(-12.50,-11.50) mean=-12.00 p50=-12.00 p05=-12.00 p95=-12.00
  [diag] sat-dist hist bins=60 sat<0.05=0.0% mean=0.950 p10=0.948 p90=0.951
  [diag] z-gate sat-dist hist bins=60 mean=0.122 p10=0.122 p90=0.122
  [diag] r-gate sat-dist hist bins=60 mean=0.498 p10=0.498 p90=0.498
Iter 0019960: train nll 0.395, valid error 100.000%, best valid error 100.000%, avg grad norm   0.064, avg grad norm (post clip)   0.000, rho_Whh  0.09, Omega  0.00, alpha  0.000, steps in the past 0.000, valid nll 0.318
  [diag] log10|dL/dh_t| hist bins=60 range=(-12.50,-11.50) mean=-12.00 p50=-12.00 p05=-12.00 p95=-12.00
  [diag] sat-dist hist bins=60 sat<0.05=0.0% mean=0.949 p10=0.948 p90=0.951
  [diag] z-gate sat-dist hist bins=60 mean=0.122 p10=0.122 p90=0.122
  [diag] r-gate sat-dist hist bins=60 mean=0.498 p10=0.498 p90=0.498
Iter 0019980: train nll 0.351, valid error 100.000%, best valid error 100.000%, avg grad norm   0.044, avg grad norm (post clip)   0.000, rho_Whh  0.09, Omega  0.00, alpha  0.000, steps in the past 0.000, valid nll 0.318
  [diag] log10|dL/dh_t| hist bins=60 range=(-12.50,-11.50) mean=-12.00 p50=-12.00 p05=-12.00 p95=-12.00
  [diag] sat-dist hist bins=60 sat<0.05=0.0% mean=0.949 p10=0.948 p90=0.951
  [diag] z-gate sat-dist hist bins=60 mean=0.122 p10=0.122 p90=0.122
  [diag] r-gate sat-dist hist bins=60 mean=0.498 p10=0.498 p90=0.498
Iter 0020000: train nll 0.378, valid error 100.000%, best valid error 100.000%, avg grad norm   0.055, avg grad norm (post clip)   0.000, rho_Whh  0.09, Omega  0.00, alpha  0.000, steps in the past 0.000, valid nll 0.317
  [diag] log10|dL/dh_t| hist bins=60 range=(-12.50,-11.50) mean=-12.00 p50=-12.00 p05=-12.00 p95=-12.00
  [diag] sat-dist hist bins=60 sat<0.05=0.0% mean=0.949 p10=0.948 p90=0.951
  [diag] z-gate sat-dist hist bins=60 mean=0.122 p10=0.122 p90=0.122
  [diag] r-gate sat-dist hist bins=60 mean=0.498 p10=0.498 p90=0.498
Iter 0020020: train nll 0.381, valid error 100.000%, best valid error 100.000%, avg grad norm   0.052, avg grad norm (post clip)   0.000, rho_Whh  0.09, Omega  0.00, alpha  0.000, steps in the past 0.000, valid nll 0.317
  [diag] log10|dL/dh_t| hist bins=60 range=(-12.50,-11.50) mean=-12.00 p50=-12.00 p05=-12.00 p95=-12.00
  [diag] sat-dist hist bins=60 sat<0.05=0.0% mean=0.949 p10=0.948 p90=0.951
  [diag] z-gate sat-dist hist bins=60 mean=0.122 p10=0.122 p90=0.122
  [diag] r-gate sat-dist hist bins=60 mean=0.498 p10=0.498 p90=0.498
Iter 0020040: train nll 0.412, valid error 100.000%, best valid error 100.000%, avg grad norm   0.067, avg grad norm (post clip)   0.000, rho_Whh  0.09, Omega  0.00, alpha  0.000, steps in the past 0.000, valid nll 0.318
  [diag] log10|dL/dh_t| hist bins=60 range=(-12.50,-11.50) mean=-12.00 p50=-12.00 p05=-12.00 p95=-12.00
  [diag] sat-dist hist bins=60 sat<0.05=0.0% mean=0.950 p10=0.948 p90=0.951
  [diag] z-gate sat-dist hist bins=60 mean=0.122 p10=0.122 p90=0.122
  [diag] r-gate sat-dist hist bins=60 mean=0.498 p10=0.498 p90=0.498
Iter 0020060: train nll 0.413, valid error 100.000%, best valid error 100.000%, avg grad norm   0.054, avg grad norm (post clip)   0.000, rho_Whh  0.09, Omega  0.00, alpha  0.000, steps in the past 0.000, valid nll 0.318
  [diag] log10|dL/dh_t| hist bins=60 range=(-12.50,-11.50) mean=-12.00 p50=-12.00 p05=-12.00 p95=-12.00
  [diag] sat-dist hist bins=60 sat<0.05=0.0% mean=0.950 p10=0.949 p90=0.951
  [diag] z-gate sat-dist hist bins=60 mean=0.122 p10=0.122 p90=0.122
  [diag] r-gate sat-dist hist bins=60 mean=0.498 p10=0.498 p90=0.498
Iter 0020080: train nll 0.396, valid error 100.000%, best valid error 100.000%, avg grad norm   0.063, avg grad norm (post clip)   0.000, rho_Whh  0.09, Omega  0.00, alpha  0.000, steps in the past 0.000, valid nll 0.318
  [diag] log10|dL/dh_t| hist bins=60 range=(-12.50,-11.50) mean=-12.00 p50=-12.00 p05=-12.00 p95=-12.00
  [diag] sat-dist hist bins=60 sat<0.05=0.0% mean=0.950 p10=0.949 p90=0.951
  [diag] z-gate sat-dist hist bins=60 mean=0.122 p10=0.122 p90=0.122
  [diag] r-gate sat-dist hist bins=60 mean=0.498 p10=0.498 p90=0.498
Iter 0020100: train nll 0.394, valid error 100.000%, best valid error 100.000%, avg grad norm   0.058, avg grad norm (post clip)   0.000, rho_Whh  0.09, Omega  0.00, alpha  0.000, steps in the past 0.000, valid nll 0.318
  [diag] log10|dL/dh_t| hist bins=60 range=(-12.50,-11.50) mean=-12.00 p50=-12.00 p05=-12.00 p95=-12.00
  [diag] sat-dist hist bins=60 sat<0.05=0.0% mean=0.950 p10=0.948 p90=0.951
  [diag] z-gate sat-dist hist bins=60 mean=0.122 p10=0.122 p90=0.122
  [diag] r-gate sat-dist hist bins=60 mean=0.498 p10=0.498 p90=0.498
Iter 0020120: train nll 0.364, valid error 100.000%, best valid error 100.000%, avg grad norm   0.055, avg grad norm (post clip)   0.000, rho_Whh  0.09, Omega  0.00, alpha  0.000, steps in the past 0.000, valid nll 0.318
  [diag] log10|dL/dh_t| hist bins=60 range=(-12.50,-11.50) mean=-12.00 p50=-12.00 p05=-12.00 p95=-12.00
  [diag] sat-dist hist bins=60 sat<0.05=0.0% mean=0.950 p10=0.948 p90=0.951
  [diag] z-gate sat-dist hist bins=60 mean=0.122 p10=0.122 p90=0.122
  [diag] r-gate sat-dist hist bins=60 mean=0.498 p10=0.498 p90=0.498
Iter 0020140: train nll 0.403, valid error 100.000%, best valid error 100.000%, avg grad norm   0.062, avg grad norm (post clip)   0.000, rho_Whh  0.09, Omega  0.00, alpha  0.000, steps in the past 0.000, valid nll 0.318
  [diag] log10|dL/dh_t| hist bins=60 range=(-12.50,-11.50) mean=-12.00 p50=-12.00 p05=-12.00 p95=-12.00
  [diag] sat-dist hist bins=60 sat<0.05=0.0% mean=0.950 p10=0.949 p90=0.951
  [diag] z-gate sat-dist hist bins=60 mean=0.122 p10=0.122 p90=0.122
  [diag] r-gate sat-dist hist bins=60 mean=0.498 p10=0.498 p90=0.498
Iter 0020160: train nll 0.414, valid error 100.000%, best valid error 100.000%, avg grad norm   0.050, avg grad norm (post clip)   0.000, rho_Whh  0.09, Omega  0.00, alpha  0.000, steps in the past 0.000, valid nll 0.318
  [diag] log10|dL/dh_t| hist bins=60 range=(-12.50,-11.50) mean=-12.00 p50=-12.00 p05=-12.00 p95=-12.00
  [diag] sat-dist hist bins=60 sat<0.05=0.0% mean=0.950 p10=0.948 p90=0.951
  [diag] z-gate sat-dist hist bins=60 mean=0.122 p10=0.122 p90=0.122
  [diag] r-gate sat-dist hist bins=60 mean=0.498 p10=0.498 p90=0.498
Iter 0020180: train nll 0.363, valid error 100.000%, best valid error 100.000%, avg grad norm   0.056, avg grad norm (post clip)   0.000, rho_Whh  0.09, Omega  0.00, alpha  0.000, steps in the past 0.000, valid nll 0.318
  [diag] log10|dL/dh_t| hist bins=60 range=(-12.50,-11.50) mean=-12.00 p50=-12.00 p05=-12.00 p95=-12.00
  [diag] sat-dist hist bins=60 sat<0.05=0.0% mean=0.949 p10=0.948 p90=0.951
  [diag] z-gate sat-dist hist bins=60 mean=0.122 p10=0.122 p90=0.122
  [diag] r-gate sat-dist hist bins=60 mean=0.498 p10=0.498 p90=0.498
Iter 0020200: train nll 0.372, valid error 100.000%, best valid error 100.000%, avg grad norm   0.052, avg grad norm (post clip)   0.000, rho_Whh  0.09, Omega  0.00, alpha  0.000, steps in the past 0.000, valid nll 0.317
  [diag] log10|dL/dh_t| hist bins=60 range=(-12.50,-11.50) mean=-12.00 p50=-12.00 p05=-12.00 p95=-12.00
  [diag] sat-dist hist bins=60 sat<0.05=0.0% mean=0.950 p10=0.948 p90=0.951
  [diag] z-gate sat-dist hist bins=60 mean=0.122 p10=0.122 p90=0.122
  [diag] r-gate sat-dist hist bins=60 mean=0.498 p10=0.498 p90=0.498
Iter 0020220: train nll 0.400, valid error 100.000%, best valid error 100.000%, avg grad norm   0.063, avg grad norm (post clip)   0.000, rho_Whh  0.09, Omega  0.00, alpha  0.000, steps in the past 0.000, valid nll 0.317
  [diag] log10|dL/dh_t| hist bins=60 range=(-12.50,-11.50) mean=-12.00 p50=-12.00 p05=-12.00 p95=-12.00
  [diag] sat-dist hist bins=60 sat<0.05=0.0% mean=0.950 p10=0.948 p90=0.951
  [diag] z-gate sat-dist hist bins=60 mean=0.122 p10=0.122 p90=0.122
  [diag] r-gate sat-dist hist bins=60 mean=0.498 p10=0.498 p90=0.498
Iter 0020240: train nll 0.397, valid error 100.000%, best valid error 100.000%, avg grad norm   0.057, avg grad norm (post clip)   0.000, rho_Whh  0.09, Omega  0.00, alpha  0.000, steps in the past 0.000, valid nll 0.317
  [diag] log10|dL/dh_t| hist bins=60 range=(-12.50,-11.50) mean=-12.00 p50=-12.00 p05=-12.00 p95=-12.00
  [diag] sat-dist hist bins=60 sat<0.05=0.0% mean=0.950 p10=0.949 p90=0.951
  [diag] z-gate sat-dist hist bins=60 mean=0.122 p10=0.122 p90=0.122
  [diag] r-gate sat-dist hist bins=60 mean=0.498 p10=0.498 p90=0.498
Iter 0020260: train nll 0.402, valid error 100.000%, best valid error 100.000%, avg grad norm   0.065, avg grad norm (post clip)   0.000, rho_Whh  0.09, Omega  0.00, alpha  0.000, steps in the past 0.000, valid nll 0.318
  [diag] log10|dL/dh_t| hist bins=60 range=(-12.50,-11.50) mean=-12.00 p50=-12.00 p05=-12.00 p95=-12.00
  [diag] sat-dist hist bins=60 sat<0.05=0.0% mean=0.950 p10=0.949 p90=0.952
  [diag] z-gate sat-dist hist bins=60 mean=0.122 p10=0.122 p90=0.122
  [diag] r-gate sat-dist hist bins=60 mean=0.498 p10=0.498 p90=0.498
Iter 0020280: train nll 0.406, valid error 100.000%, best valid error 100.000%, avg grad norm   0.046, avg grad norm (post clip)   0.000, rho_Whh  0.09, Omega  0.00, alpha  0.000, steps in the past 0.000, valid nll 0.318
  [diag] log10|dL/dh_t| hist bins=60 range=(-12.50,-11.50) mean=-12.00 p50=-12.00 p05=-12.00 p95=-12.00
  [diag] sat-dist hist bins=60 sat<0.05=0.0% mean=0.950 p10=0.948 p90=0.951
  [diag] z-gate sat-dist hist bins=60 mean=0.122 p10=0.122 p90=0.122
  [diag] r-gate sat-dist hist bins=60 mean=0.498 p10=0.498 p90=0.498
Iter 0020300: train nll 0.357, valid error 100.000%, best valid error 100.000%, avg grad norm   0.045, avg grad norm (post clip)   0.000, rho_Whh  0.09, Omega  0.00, alpha  0.000, steps in the past 0.000, valid nll 0.317
  [diag] log10|dL/dh_t| hist bins=60 range=(-12.50,-11.50) mean=-12.00 p50=-12.00 p05=-12.00 p95=-12.00
  [diag] sat-dist hist bins=60 sat<0.05=0.0% mean=0.950 p10=0.948 p90=0.951
  [diag] z-gate sat-dist hist bins=60 mean=0.122 p10=0.122 p90=0.122
  [diag] r-gate sat-dist hist bins=60 mean=0.498 p10=0.498 p90=0.498
Iter 0020320: train nll 0.388, valid error 100.000%, best valid error 100.000%, avg grad norm   0.053, avg grad norm (post clip)   0.000, rho_Whh  0.09, Omega  0.00, alpha  0.000, steps in the past 0.000, valid nll 0.317
  [diag] log10|dL/dh_t| hist bins=60 range=(-12.50,-11.50) mean=-12.00 p50=-12.00 p05=-12.00 p95=-12.00
  [diag] sat-dist hist bins=60 sat<0.05=0.0% mean=0.949 p10=0.948 p90=0.951
  [diag] z-gate sat-dist hist bins=60 mean=0.122 p10=0.122 p90=0.122
  [diag] r-gate sat-dist hist bins=60 mean=0.498 p10=0.498 p90=0.498
Iter 0020340: train nll 0.366, valid error 100.000%, best valid error 100.000%, avg grad norm   0.064, avg grad norm (post clip)   0.000, rho_Whh  0.09, Omega  0.00, alpha  0.000, steps in the past 0.000, valid nll 0.317
  [diag] log10|dL/dh_t| hist bins=60 range=(-12.50,-11.50) mean=-12.00 p50=-12.00 p05=-12.00 p95=-12.00
  [diag] sat-dist hist bins=60 sat<0.05=0.0% mean=0.949 p10=0.948 p90=0.951
  [diag] z-gate sat-dist hist bins=60 mean=0.122 p10=0.122 p90=0.122
  [diag] r-gate sat-dist hist bins=60 mean=0.498 p10=0.498 p90=0.498
Iter 0020360: train nll 0.355, valid error 100.000%, best valid error 100.000%, avg grad norm   0.054, avg grad norm (post clip)   0.000, rho_Whh  0.09, Omega  0.00, alpha  0.000, steps in the past 0.000, valid nll 0.317
  [diag] log10|dL/dh_t| hist bins=60 range=(-12.50,-11.50) mean=-12.00 p50=-12.00 p05=-12.00 p95=-12.00
  [diag] sat-dist hist bins=60 sat<0.05=0.0% mean=0.949 p10=0.948 p90=0.951
  [diag] z-gate sat-dist hist bins=60 mean=0.122 p10=0.122 p90=0.122
  [diag] r-gate sat-dist hist bins=60 mean=0.498 p10=0.498 p90=0.498
Iter 0020380: train nll 0.387, valid error 100.000%, best valid error 100.000%, avg grad norm   0.060, avg grad norm (post clip)   0.000, rho_Whh  0.09, Omega  0.00, alpha  0.000, steps in the past 0.000, valid nll 0.317
  [diag] log10|dL/dh_t| hist bins=60 range=(-12.50,-11.50) mean=-12.00 p50=-12.00 p05=-12.00 p95=-12.00
  [diag] sat-dist hist bins=60 sat<0.05=0.0% mean=0.949 p10=0.948 p90=0.951
  [diag] z-gate sat-dist hist bins=60 mean=0.122 p10=0.122 p90=0.122
  [diag] r-gate sat-dist hist bins=60 mean=0.498 p10=0.498 p90=0.498
Iter 0020400: train nll 0.408, valid error 100.000%, best valid error 100.000%, avg grad norm   0.065, avg grad norm (post clip)   0.000, rho_Whh  0.09, Omega  0.00, alpha  0.000, steps in the past 0.000, valid nll 0.317
  [diag] log10|dL/dh_t| hist bins=60 range=(-12.50,-11.50) mean=-12.00 p50=-12.00 p05=-12.00 p95=-12.00
  [diag] sat-dist hist bins=60 sat<0.05=0.0% mean=0.949 p10=0.948 p90=0.951
  [diag] z-gate sat-dist hist bins=60 mean=0.122 p10=0.122 p90=0.122
  [diag] r-gate sat-dist hist bins=60 mean=0.498 p10=0.498 p90=0.498
Iter 0020420: train nll 0.383, valid error 100.000%, best valid error 100.000%, avg grad norm   0.058, avg grad norm (post clip)   0.000, rho_Whh  0.09, Omega  0.00, alpha  0.000, steps in the past 0.000, valid nll 0.317
  [diag] log10|dL/dh_t| hist bins=60 range=(-12.50,-11.50) mean=-12.00 p50=-12.00 p05=-12.00 p95=-12.00
  [diag] sat-dist hist bins=60 sat<0.05=0.0% mean=0.949 p10=0.948 p90=0.951
  [diag] z-gate sat-dist hist bins=60 mean=0.122 p10=0.122 p90=0.122
  [diag] r-gate sat-dist hist bins=60 mean=0.498 p10=0.498 p90=0.498
Iter 0020440: train nll 0.404, valid error 100.000%, best valid error 100.000%, avg grad norm   0.061, avg grad norm (post clip)   0.000, rho_Whh  0.09, Omega  0.00, alpha  0.000, steps in the past 0.000, valid nll 0.317
  [diag] log10|dL/dh_t| hist bins=60 range=(-12.50,-11.50) mean=-12.00 p50=-12.00 p05=-12.00 p95=-12.00
  [diag] sat-dist hist bins=60 sat<0.05=0.0% mean=0.949 p10=0.948 p90=0.951
  [diag] z-gate sat-dist hist bins=60 mean=0.122 p10=0.122 p90=0.122
  [diag] r-gate sat-dist hist bins=60 mean=0.498 p10=0.498 p90=0.498
Iter 0020460: train nll 0.358, valid error 100.000%, best valid error 100.000%, avg grad norm   0.045, avg grad norm (post clip)   0.000, rho_Whh  0.09, Omega  0.00, alpha  0.000, steps in the past 0.000, valid nll 0.317
  [diag] log10|dL/dh_t| hist bins=60 range=(-12.50,-11.50) mean=-12.00 p50=-12.00 p05=-12.00 p95=-12.00
  [diag] sat-dist hist bins=60 sat<0.05=0.0% mean=0.949 p10=0.948 p90=0.951
  [diag] z-gate sat-dist hist bins=60 mean=0.122 p10=0.122 p90=0.122
  [diag] r-gate sat-dist hist bins=60 mean=0.498 p10=0.498 p90=0.498
Iter 0020480: train nll 0.348, valid error 100.000%, best valid error 100.000%, avg grad norm   0.063, avg grad norm (post clip)   0.000, rho_Whh  0.09, Omega  0.00, alpha  0.000, steps in the past 0.000, valid nll 0.317
  [diag] log10|dL/dh_t| hist bins=60 range=(-12.50,-11.50) mean=-12.00 p50=-12.00 p05=-12.00 p95=-12.00
  [diag] sat-dist hist bins=60 sat<0.05=0.0% mean=0.949 p10=0.948 p90=0.951
  [diag] z-gate sat-dist hist bins=60 mean=0.122 p10=0.122 p90=0.122
  [diag] r-gate sat-dist hist bins=60 mean=0.498 p10=0.498 p90=0.498
Iter 0020500: train nll 0.388, valid error 100.000%, best valid error 100.000%, avg grad norm   0.044, avg grad norm (post clip)   0.000, rho_Whh  0.09, Omega  0.00, alpha  0.000, steps in the past 0.000, valid nll 0.317
  [diag] log10|dL/dh_t| hist bins=60 range=(-12.50,-11.50) mean=-12.00 p50=-12.00 p05=-12.00 p95=-12.00
  [diag] sat-dist hist bins=60 sat<0.05=0.0% mean=0.949 p10=0.948 p90=0.951
  [diag] z-gate sat-dist hist bins=60 mean=0.122 p10=0.122 p90=0.122
  [diag] r-gate sat-dist hist bins=60 mean=0.498 p10=0.498 p90=0.498
Iter 0020520: train nll 0.421, valid error 100.000%, best valid error 100.000%, avg grad norm   0.069, avg grad norm (post clip)   0.000, rho_Whh  0.09, Omega  0.00, alpha  0.000, steps in the past 0.000, valid nll 0.317
  [diag] log10|dL/dh_t| hist bins=60 range=(-12.50,-11.50) mean=-12.00 p50=-12.00 p05=-12.00 p95=-12.00
  [diag] sat-dist hist bins=60 sat<0.05=0.0% mean=0.949 p10=0.948 p90=0.951
  [diag] z-gate sat-dist hist bins=60 mean=0.122 p10=0.122 p90=0.122
  [diag] r-gate sat-dist hist bins=60 mean=0.498 p10=0.498 p90=0.498
Iter 0020540: train nll 0.381, valid error 100.000%, best valid error 100.000%, avg grad norm   0.054, avg grad norm (post clip)   0.000, rho_Whh  0.09, Omega  0.00, alpha  0.000, steps in the past 0.000, valid nll 0.317
  [diag] log10|dL/dh_t| hist bins=60 range=(-12.50,-11.50) mean=-12.00 p50=-12.00 p05=-12.00 p95=-12.00
  [diag] sat-dist hist bins=60 sat<0.05=0.0% mean=0.949 p10=0.948 p90=0.951
  [diag] z-gate sat-dist hist bins=60 mean=0.122 p10=0.122 p90=0.122
  [diag] r-gate sat-dist hist bins=60 mean=0.498 p10=0.498 p90=0.498
Iter 0020560: train nll 0.376, valid error 100.000%, best valid error 100.000%, avg grad norm   0.063, avg grad norm (post clip)   0.000, rho_Whh  0.09, Omega  0.00, alpha  0.000, steps in the past 0.000, valid nll 0.317
  [diag] log10|dL/dh_t| hist bins=60 range=(-12.50,-11.50) mean=-12.00 p50=-12.00 p05=-12.00 p95=-12.00
  [diag] sat-dist hist bins=60 sat<0.05=0.0% mean=0.949 p10=0.948 p90=0.951
  [diag] z-gate sat-dist hist bins=60 mean=0.122 p10=0.122 p90=0.122
  [diag] r-gate sat-dist hist bins=60 mean=0.498 p10=0.498 p90=0.498
Iter 0020580: train nll 0.396, valid error 100.000%, best valid error 100.000%, avg grad norm   0.054, avg grad norm (post clip)   0.000, rho_Whh  0.09, Omega  0.00, alpha  0.000, steps in the past 0.000, valid nll 0.317
  [diag] log10|dL/dh_t| hist bins=60 range=(-12.50,-11.50) mean=-12.00 p50=-12.00 p05=-12.00 p95=-12.00
  [diag] sat-dist hist bins=60 sat<0.05=0.0% mean=0.949 p10=0.948 p90=0.951
  [diag] z-gate sat-dist hist bins=60 mean=0.122 p10=0.122 p90=0.122
  [diag] r-gate sat-dist hist bins=60 mean=0.498 p10=0.498 p90=0.498
Iter 0020600: train nll 0.399, valid error 100.000%, best valid error 100.000%, avg grad norm   0.061, avg grad norm (post clip)   0.000, rho_Whh  0.09, Omega  0.00, alpha  0.000, steps in the past 0.000, valid nll 0.317
  [diag] log10|dL/dh_t| hist bins=60 range=(-12.50,-11.50) mean=-12.00 p50=-12.00 p05=-12.00 p95=-12.00
  [diag] sat-dist hist bins=60 sat<0.05=0.0% mean=0.950 p10=0.948 p90=0.951
  [diag] z-gate sat-dist hist bins=60 mean=0.122 p10=0.122 p90=0.122
  [diag] r-gate sat-dist hist bins=60 mean=0.498 p10=0.498 p90=0.498
Iter 0020620: train nll 0.423, valid error 100.000%, best valid error 100.000%, avg grad norm   0.058, avg grad norm (post clip)   0.000, rho_Whh  0.09, Omega  0.00, alpha  0.000, steps in the past 0.000, valid nll 0.317
  [diag] log10|dL/dh_t| hist bins=60 range=(-12.50,-11.50) mean=-12.00 p50=-12.00 p05=-12.00 p95=-12.00
  [diag] sat-dist hist bins=60 sat<0.05=0.0% mean=0.949 p10=0.948 p90=0.951
  [diag] z-gate sat-dist hist bins=60 mean=0.122 p10=0.122 p90=0.122
  [diag] r-gate sat-dist hist bins=60 mean=0.498 p10=0.498 p90=0.498
Iter 0020640: train nll 0.380, valid error 100.000%, best valid error 100.000%, avg grad norm   0.061, avg grad norm (post clip)   0.000, rho_Whh  0.09, Omega  0.00, alpha  0.000, steps in the past 0.000, valid nll 0.317
  [diag] log10|dL/dh_t| hist bins=60 range=(-12.50,-11.50) mean=-12.00 p50=-12.00 p05=-12.00 p95=-12.00
  [diag] sat-dist hist bins=60 sat<0.05=0.0% mean=0.949 p10=0.948 p90=0.951
  [diag] z-gate sat-dist hist bins=60 mean=0.122 p10=0.122 p90=0.122
  [diag] r-gate sat-dist hist bins=60 mean=0.498 p10=0.498 p90=0.498
Iter 0020660: train nll 0.354, valid error 100.000%, best valid error 100.000%, avg grad norm   0.055, avg grad norm (post clip)   0.000, rho_Whh  0.09, Omega  0.00, alpha  0.000, steps in the past 0.000, valid nll 0.317
  [diag] log10|dL/dh_t| hist bins=60 range=(-12.50,-11.50) mean=-12.00 p50=-12.00 p05=-12.00 p95=-12.00
  [diag] sat-dist hist bins=60 sat<0.05=0.0% mean=0.949 p10=0.948 p90=0.951
  [diag] z-gate sat-dist hist bins=60 mean=0.122 p10=0.122 p90=0.122
  [diag] r-gate sat-dist hist bins=60 mean=0.498 p10=0.498 p90=0.498
Iter 0020680: train nll 0.410, valid error 100.000%, best valid error 100.000%, avg grad norm   0.076, avg grad norm (post clip)   0.000, rho_Whh  0.09, Omega  0.00, alpha  0.000, steps in the past 0.000, valid nll 0.317
  [diag] log10|dL/dh_t| hist bins=60 range=(-12.50,-11.50) mean=-12.00 p50=-12.00 p05=-12.00 p95=-12.00
  [diag] sat-dist hist bins=60 sat<0.05=0.0% mean=0.949 p10=0.948 p90=0.951
  [diag] z-gate sat-dist hist bins=60 mean=0.122 p10=0.122 p90=0.122
  [diag] r-gate sat-dist hist bins=60 mean=0.498 p10=0.498 p90=0.498
Iter 0020700: train nll 0.371, valid error 100.000%, best valid error 100.000%, avg grad norm   0.059, avg grad norm (post clip)   0.000, rho_Whh  0.09, Omega  0.00, alpha  0.000, steps in the past 0.000, valid nll 0.317
  [diag] log10|dL/dh_t| hist bins=60 range=(-12.50,-11.50) mean=-12.00 p50=-12.00 p05=-12.00 p95=-12.00
  [diag] sat-dist hist bins=60 sat<0.05=0.0% mean=0.949 p10=0.948 p90=0.951
  [diag] z-gate sat-dist hist bins=60 mean=0.122 p10=0.122 p90=0.122
  [diag] r-gate sat-dist hist bins=60 mean=0.498 p10=0.498 p90=0.498
Iter 0020720: train nll 0.340, valid error 100.000%, best valid error 100.000%, avg grad norm   0.057, avg grad norm (post clip)   0.000, rho_Whh  0.09, Omega  0.00, alpha  0.000, steps in the past 0.000, valid nll 0.317
  [diag] log10|dL/dh_t| hist bins=60 range=(-12.50,-11.50) mean=-12.00 p50=-12.00 p05=-12.00 p95=-12.00
  [diag] sat-dist hist bins=60 sat<0.05=0.0% mean=0.949 p10=0.948 p90=0.951
  [diag] z-gate sat-dist hist bins=60 mean=0.122 p10=0.122 p90=0.122
  [diag] r-gate sat-dist hist bins=60 mean=0.498 p10=0.498 p90=0.498
Iter 0020740: train nll 0.395, valid error 100.000%, best valid error 100.000%, avg grad norm   0.064, avg grad norm (post clip)   0.000, rho_Whh  0.09, Omega  0.00, alpha  0.000, steps in the past 0.000, valid nll 0.317
  [diag] log10|dL/dh_t| hist bins=60 range=(-12.50,-11.50) mean=-12.00 p50=-12.00 p05=-12.00 p95=-12.00
  [diag] sat-dist hist bins=60 sat<0.05=0.0% mean=0.949 p10=0.947 p90=0.950
  [diag] z-gate sat-dist hist bins=60 mean=0.122 p10=0.122 p90=0.122
  [diag] r-gate sat-dist hist bins=60 mean=0.498 p10=0.498 p90=0.498
Iter 0020760: train nll 0.336, valid error 100.000%, best valid error 100.000%, avg grad norm   0.044, avg grad norm (post clip)   0.000, rho_Whh  0.09, Omega  0.00, alpha  0.000, steps in the past 0.000, valid nll 0.316
  [diag] log10|dL/dh_t| hist bins=60 range=(-12.50,-11.50) mean=-12.00 p50=-12.00 p05=-12.00 p95=-12.00
  [diag] sat-dist hist bins=60 sat<0.05=0.0% mean=0.949 p10=0.948 p90=0.951
  [diag] z-gate sat-dist hist bins=60 mean=0.122 p10=0.122 p90=0.122
  [diag] r-gate sat-dist hist bins=60 mean=0.498 p10=0.498 p90=0.498
Iter 0020780: train nll 0.401, valid error 100.000%, best valid error 100.000%, avg grad norm   0.059, avg grad norm (post clip)   0.000, rho_Whh  0.09, Omega  0.00, alpha  0.000, steps in the past 0.000, valid nll 0.316
  [diag] log10|dL/dh_t| hist bins=60 range=(-12.50,-11.50) mean=-12.00 p50=-12.00 p05=-12.00 p95=-12.00
  [diag] sat-dist hist bins=60 sat<0.05=0.0% mean=0.949 p10=0.947 p90=0.950
  [diag] z-gate sat-dist hist bins=60 mean=0.122 p10=0.122 p90=0.122
  [diag] r-gate sat-dist hist bins=60 mean=0.498 p10=0.498 p90=0.498
Iter 0020800: train nll 0.348, valid error 100.000%, best valid error 100.000%, avg grad norm   0.056, avg grad norm (post clip)   0.000, rho_Whh  0.09, Omega  0.00, alpha  0.000, steps in the past 0.000, valid nll 0.316
  [diag] log10|dL/dh_t| hist bins=60 range=(-12.50,-11.50) mean=-12.00 p50=-12.00 p05=-12.00 p95=-12.00
  [diag] sat-dist hist bins=60 sat<0.05=0.0% mean=0.948 p10=0.947 p90=0.950
  [diag] z-gate sat-dist hist bins=60 mean=0.122 p10=0.122 p90=0.122
  [diag] r-gate sat-dist hist bins=60 mean=0.498 p10=0.498 p90=0.498
Iter 0020820: train nll 0.374, valid error 100.000%, best valid error 100.000%, avg grad norm   0.059, avg grad norm (post clip)   0.000, rho_Whh  0.09, Omega  0.00, alpha  0.000, steps in the past 0.000, valid nll 0.316
  [diag] log10|dL/dh_t| hist bins=60 range=(-12.50,-11.50) mean=-12.00 p50=-12.00 p05=-12.00 p95=-12.00
  [diag] sat-dist hist bins=60 sat<0.05=0.0% mean=0.948 p10=0.947 p90=0.950
  [diag] z-gate sat-dist hist bins=60 mean=0.122 p10=0.122 p90=0.122
  [diag] r-gate sat-dist hist bins=60 mean=0.498 p10=0.498 p90=0.498
Iter 0020840: train nll 0.363, valid error 100.000%, best valid error 100.000%, avg grad norm   0.054, avg grad norm (post clip)   0.000, rho_Whh  0.09, Omega  0.00, alpha  0.000, steps in the past 0.000, valid nll 0.316
  [diag] log10|dL/dh_t| hist bins=60 range=(-12.50,-11.50) mean=-12.00 p50=-12.00 p05=-12.00 p95=-12.00
  [diag] sat-dist hist bins=60 sat<0.05=0.0% mean=0.948 p10=0.947 p90=0.950
  [diag] z-gate sat-dist hist bins=60 mean=0.122 p10=0.122 p90=0.122
  [diag] r-gate sat-dist hist bins=60 mean=0.498 p10=0.498 p90=0.498
Iter 0020860: train nll 0.363, valid error 100.000%, best valid error 100.000%, avg grad norm   0.057, avg grad norm (post clip)   0.000, rho_Whh  0.09, Omega  0.00, alpha  0.000, steps in the past 0.000, valid nll 0.316
  [diag] log10|dL/dh_t| hist bins=60 range=(-12.50,-11.50) mean=-12.00 p50=-12.00 p05=-12.00 p95=-12.00
  [diag] sat-dist hist bins=60 sat<0.05=0.0% mean=0.948 p10=0.947 p90=0.950
  [diag] z-gate sat-dist hist bins=60 mean=0.122 p10=0.122 p90=0.122
  [diag] r-gate sat-dist hist bins=60 mean=0.498 p10=0.498 p90=0.498
Iter 0020880: train nll 0.342, valid error 100.000%, best valid error 100.000%, avg grad norm   0.053, avg grad norm (post clip)   0.000, rho_Whh  0.09, Omega  0.00, alpha  0.000, steps in the past 0.000, valid nll 0.316
  [diag] log10|dL/dh_t| hist bins=60 range=(-12.50,-11.50) mean=-12.00 p50=-12.00 p05=-12.00 p95=-12.00
  [diag] sat-dist hist bins=60 sat<0.05=0.0% mean=0.948 p10=0.947 p90=0.950
  [diag] z-gate sat-dist hist bins=60 mean=0.122 p10=0.122 p90=0.122
  [diag] r-gate sat-dist hist bins=60 mean=0.498 p10=0.498 p90=0.498
Iter 0020900: train nll 0.384, valid error 100.000%, best valid error 100.000%, avg grad norm   0.060, avg grad norm (post clip)   0.000, rho_Whh  0.09, Omega  0.00, alpha  0.000, steps in the past 0.000, valid nll 0.316
  [diag] log10|dL/dh_t| hist bins=60 range=(-12.50,-11.50) mean=-12.00 p50=-12.00 p05=-12.00 p95=-12.00
  [diag] sat-dist hist bins=60 sat<0.05=0.0% mean=0.948 p10=0.947 p90=0.950
  [diag] z-gate sat-dist hist bins=60 mean=0.122 p10=0.122 p90=0.122
  [diag] r-gate sat-dist hist bins=60 mean=0.498 p10=0.498 p90=0.498
Iter 0020920: train nll 0.396, valid error 100.000%, best valid error 100.000%, avg grad norm   0.058, avg grad norm (post clip)   0.000, rho_Whh  0.09, Omega  0.00, alpha  0.000, steps in the past 0.000, valid nll 0.316
  [diag] log10|dL/dh_t| hist bins=60 range=(-12.50,-11.50) mean=-12.00 p50=-12.00 p05=-12.00 p95=-12.00
  [diag] sat-dist hist bins=60 sat<0.05=0.0% mean=0.948 p10=0.947 p90=0.950
  [diag] z-gate sat-dist hist bins=60 mean=0.122 p10=0.122 p90=0.122
  [diag] r-gate sat-dist hist bins=60 mean=0.498 p10=0.498 p90=0.498
Iter 0020940: train nll 0.407, valid error 100.000%, best valid error 100.000%, avg grad norm   0.070, avg grad norm (post clip)   0.000, rho_Whh  0.09, Omega  0.00, alpha  0.000, steps in the past 0.000, valid nll 0.316
  [diag] log10|dL/dh_t| hist bins=60 range=(-12.50,-11.50) mean=-12.00 p50=-12.00 p05=-12.00 p95=-12.00
  [diag] sat-dist hist bins=60 sat<0.05=0.0% mean=0.948 p10=0.947 p90=0.950
  [diag] z-gate sat-dist hist bins=60 mean=0.122 p10=0.122 p90=0.122
  [diag] r-gate sat-dist hist bins=60 mean=0.498 p10=0.498 p90=0.498
Iter 0020960: train nll 0.383, valid error 100.000%, best valid error 100.000%, avg grad norm   0.057, avg grad norm (post clip)   0.000, rho_Whh  0.09, Omega  0.00, alpha  0.000, steps in the past 0.000, valid nll 0.316
  [diag] log10|dL/dh_t| hist bins=60 range=(-12.50,-11.50) mean=-12.00 p50=-12.00 p05=-12.00 p95=-12.00
  [diag] sat-dist hist bins=60 sat<0.05=0.0% mean=0.948 p10=0.947 p90=0.950
  [diag] z-gate sat-dist hist bins=60 mean=0.122 p10=0.122 p90=0.122
  [diag] r-gate sat-dist hist bins=60 mean=0.498 p10=0.498 p90=0.498
Iter 0020980: train nll 0.392, valid error 100.000%, best valid error 100.000%, avg grad norm   0.063, avg grad norm (post clip)   0.000, rho_Whh  0.08, Omega  0.00, alpha  0.000, steps in the past 0.000, valid nll 0.316
  [diag] log10|dL/dh_t| hist bins=60 range=(-12.50,-11.50) mean=-12.00 p50=-12.00 p05=-12.00 p95=-12.00
  [diag] sat-dist hist bins=60 sat<0.05=0.0% mean=0.949 p10=0.947 p90=0.950
  [diag] z-gate sat-dist hist bins=60 mean=0.122 p10=0.122 p90=0.122
  [diag] r-gate sat-dist hist bins=60 mean=0.498 p10=0.498 p90=0.498
Iter 0021000: train nll 0.396, valid error 100.000%, best valid error 100.000%, avg grad norm   0.067, avg grad norm (post clip)   0.000, rho_Whh  0.08, Omega  0.00, alpha  0.000, steps in the past 0.000, valid nll 0.316
  [diag] log10|dL/dh_t| hist bins=60 range=(-12.50,-11.50) mean=-12.00 p50=-12.00 p05=-12.00 p95=-12.00
  [diag] sat-dist hist bins=60 sat<0.05=0.0% mean=0.949 p10=0.947 p90=0.951
  [diag] z-gate sat-dist hist bins=60 mean=0.122 p10=0.122 p90=0.122
  [diag] r-gate sat-dist hist bins=60 mean=0.498 p10=0.498 p90=0.498
Iter 0021020: train nll 0.398, valid error 100.000%, best valid error 100.000%, avg grad norm   0.058, avg grad norm (post clip)   0.000, rho_Whh  0.08, Omega  0.00, alpha  0.000, steps in the past 0.000, valid nll 0.316
  [diag] log10|dL/dh_t| hist bins=60 range=(-12.50,-11.50) mean=-12.00 p50=-12.00 p05=-12.00 p95=-12.00
  [diag] sat-dist hist bins=60 sat<0.05=0.0% mean=0.949 p10=0.947 p90=0.951
  [diag] z-gate sat-dist hist bins=60 mean=0.122 p10=0.122 p90=0.122
  [diag] r-gate sat-dist hist bins=60 mean=0.498 p10=0.498 p90=0.498
Iter 0021040: train nll 0.385, valid error 100.000%, best valid error 100.000%, avg grad norm   0.053, avg grad norm (post clip)   0.000, rho_Whh  0.08, Omega  0.00, alpha  0.000, steps in the past 0.000, valid nll 0.316
  [diag] log10|dL/dh_t| hist bins=60 range=(-12.50,-11.50) mean=-12.00 p50=-12.00 p05=-12.00 p95=-12.00
  [diag] sat-dist hist bins=60 sat<0.05=0.0% mean=0.949 p10=0.947 p90=0.950
  [diag] z-gate sat-dist hist bins=60 mean=0.122 p10=0.122 p90=0.122
  [diag] r-gate sat-dist hist bins=60 mean=0.498 p10=0.498 p90=0.498
Iter 0021060: train nll 0.368, valid error 100.000%, best valid error 100.000%, avg grad norm   0.048, avg grad norm (post clip)   0.000, rho_Whh  0.08, Omega  0.00, alpha  0.000, steps in the past 0.000, valid nll 0.316
  [diag] log10|dL/dh_t| hist bins=60 range=(-12.50,-11.50) mean=-12.00 p50=-12.00 p05=-12.00 p95=-12.00
  [diag] sat-dist hist bins=60 sat<0.05=0.0% mean=0.949 p10=0.947 p90=0.950
  [diag] z-gate sat-dist hist bins=60 mean=0.122 p10=0.122 p90=0.122
  [diag] r-gate sat-dist hist bins=60 mean=0.498 p10=0.498 p90=0.498
Iter 0021080: train nll 0.395, valid error 100.000%, best valid error 100.000%, avg grad norm   0.060, avg grad norm (post clip)   0.000, rho_Whh  0.08, Omega  0.00, alpha  0.000, steps in the past 0.000, valid nll 0.316
  [diag] log10|dL/dh_t| hist bins=60 range=(-12.50,-11.50) mean=-12.00 p50=-12.00 p05=-12.00 p95=-12.00
  [diag] sat-dist hist bins=60 sat<0.05=0.0% mean=0.949 p10=0.947 p90=0.951
  [diag] z-gate sat-dist hist bins=60 mean=0.122 p10=0.122 p90=0.122
  [diag] r-gate sat-dist hist bins=60 mean=0.498 p10=0.498 p90=0.498
Iter 0021100: train nll 0.396, valid error 100.000%, best valid error 100.000%, avg grad norm   0.050, avg grad norm (post clip)   0.000, rho_Whh  0.08, Omega  0.00, alpha  0.000, steps in the past 0.000, valid nll 0.316
  [diag] log10|dL/dh_t| hist bins=60 range=(-12.50,-11.50) mean=-12.00 p50=-12.00 p05=-12.00 p95=-12.00
  [diag] sat-dist hist bins=60 sat<0.05=0.0% mean=0.948 p10=0.947 p90=0.950
  [diag] z-gate sat-dist hist bins=60 mean=0.122 p10=0.122 p90=0.122
  [diag] r-gate sat-dist hist bins=60 mean=0.498 p10=0.498 p90=0.498
Iter 0021120: train nll 0.339, valid error 100.000%, best valid error 100.000%, avg grad norm   0.055, avg grad norm (post clip)   0.000, rho_Whh  0.08, Omega  0.00, alpha  0.000, steps in the past 0.000, valid nll 0.316
  [diag] log10|dL/dh_t| hist bins=60 range=(-12.50,-11.50) mean=-12.00 p50=-12.00 p05=-12.00 p95=-12.00
  [diag] sat-dist hist bins=60 sat<0.05=0.0% mean=0.948 p10=0.947 p90=0.950
  [diag] z-gate sat-dist hist bins=60 mean=0.122 p10=0.122 p90=0.122
  [diag] r-gate sat-dist hist bins=60 mean=0.498 p10=0.498 p90=0.498
Iter 0021140: train nll 0.383, valid error 100.000%, best valid error 100.000%, avg grad norm   0.060, avg grad norm (post clip)   0.000, rho_Whh  0.08, Omega  0.00, alpha  0.000, steps in the past 0.000, valid nll 0.316
  [diag] log10|dL/dh_t| hist bins=60 range=(-12.50,-11.50) mean=-12.00 p50=-12.00 p05=-12.00 p95=-12.00
  [diag] sat-dist hist bins=60 sat<0.05=0.0% mean=0.948 p10=0.947 p90=0.950
  [diag] z-gate sat-dist hist bins=60 mean=0.122 p10=0.122 p90=0.122
  [diag] r-gate sat-dist hist bins=60 mean=0.498 p10=0.498 p90=0.498
Iter 0021160: train nll 0.373, valid error 100.000%, best valid error 100.000%, avg grad norm   0.061, avg grad norm (post clip)   0.000, rho_Whh  0.08, Omega  0.00, alpha  0.000, steps in the past 0.000, valid nll 0.316
  [diag] log10|dL/dh_t| hist bins=60 range=(-12.50,-11.50) mean=-12.00 p50=-12.00 p05=-12.00 p95=-12.00
  [diag] sat-dist hist bins=60 sat<0.05=0.0% mean=0.948 p10=0.947 p90=0.950
  [diag] z-gate sat-dist hist bins=60 mean=0.122 p10=0.122 p90=0.122
  [diag] r-gate sat-dist hist bins=60 mean=0.498 p10=0.498 p90=0.498
Iter 0021180: train nll 0.374, valid error 100.000%, best valid error 100.000%, avg grad norm   0.057, avg grad norm (post clip)   0.000, rho_Whh  0.08, Omega  0.00, alpha  0.000, steps in the past 0.000, valid nll 0.316
  [diag] log10|dL/dh_t| hist bins=60 range=(-12.50,-11.50) mean=-12.00 p50=-12.00 p05=-12.00 p95=-12.00
  [diag] sat-dist hist bins=60 sat<0.05=0.0% mean=0.948 p10=0.947 p90=0.950
  [diag] z-gate sat-dist hist bins=60 mean=0.122 p10=0.122 p90=0.122
  [diag] r-gate sat-dist hist bins=60 mean=0.498 p10=0.498 p90=0.498
Iter 0021200: train nll 0.399, valid error 100.000%, best valid error 100.000%, avg grad norm   0.051, avg grad norm (post clip)   0.000, rho_Whh  0.08, Omega  0.00, alpha  0.000, steps in the past 0.000, valid nll 0.316
  [diag] log10|dL/dh_t| hist bins=60 range=(-12.50,-11.50) mean=-12.00 p50=-12.00 p05=-12.00 p95=-12.00
  [diag] sat-dist hist bins=60 sat<0.05=0.0% mean=0.948 p10=0.947 p90=0.950
  [diag] z-gate sat-dist hist bins=60 mean=0.122 p10=0.122 p90=0.122
  [diag] r-gate sat-dist hist bins=60 mean=0.498 p10=0.498 p90=0.498
Iter 0021220: train nll 0.401, valid error 100.000%, best valid error 100.000%, avg grad norm   0.066, avg grad norm (post clip)   0.000, rho_Whh  0.08, Omega  0.00, alpha  0.000, steps in the past 0.000, valid nll 0.316
  [diag] log10|dL/dh_t| hist bins=60 range=(-12.50,-11.50) mean=-12.00 p50=-12.00 p05=-12.00 p95=-12.00
  [diag] sat-dist hist bins=60 sat<0.05=0.0% mean=0.948 p10=0.947 p90=0.950
  [diag] z-gate sat-dist hist bins=60 mean=0.122 p10=0.122 p90=0.122
  [diag] r-gate sat-dist hist bins=60 mean=0.498 p10=0.498 p90=0.498
Iter 0021240: train nll 0.373, valid error 100.000%, best valid error 100.000%, avg grad norm   0.055, avg grad norm (post clip)   0.000, rho_Whh  0.08, Omega  0.00, alpha  0.000, steps in the past 0.000, valid nll 0.316
  [diag] log10|dL/dh_t| hist bins=60 range=(-12.50,-11.50) mean=-12.00 p50=-12.00 p05=-12.00 p95=-12.00
  [diag] sat-dist hist bins=60 sat<0.05=0.0% mean=0.948 p10=0.947 p90=0.950
  [diag] z-gate sat-dist hist bins=60 mean=0.122 p10=0.122 p90=0.122
  [diag] r-gate sat-dist hist bins=60 mean=0.498 p10=0.498 p90=0.498
Iter 0021260: train nll 0.357, valid error 100.000%, best valid error 100.000%, avg grad norm   0.049, avg grad norm (post clip)   0.000, rho_Whh  0.08, Omega  0.00, alpha  0.000, steps in the past 0.000, valid nll 0.316
  [diag] log10|dL/dh_t| hist bins=60 range=(-12.50,-11.50) mean=-12.00 p50=-12.00 p05=-12.00 p95=-12.00
  [diag] sat-dist hist bins=60 sat<0.05=0.0% mean=0.948 p10=0.947 p90=0.950
  [diag] z-gate sat-dist hist bins=60 mean=0.122 p10=0.122 p90=0.122
  [diag] r-gate sat-dist hist bins=60 mean=0.498 p10=0.498 p90=0.498
Iter 0021280: train nll 0.394, valid error 100.000%, best valid error 100.000%, avg grad norm   0.074, avg grad norm (post clip)   0.000, rho_Whh  0.08, Omega  0.00, alpha  0.000, steps in the past 0.000, valid nll 0.316
  [diag] log10|dL/dh_t| hist bins=60 range=(-12.50,-11.50) mean=-12.00 p50=-12.00 p05=-12.00 p95=-12.00
  [diag] sat-dist hist bins=60 sat<0.05=0.0% mean=0.948 p10=0.947 p90=0.950
  [diag] z-gate sat-dist hist bins=60 mean=0.122 p10=0.122 p90=0.122
  [diag] r-gate sat-dist hist bins=60 mean=0.498 p10=0.498 p90=0.498
Iter 0021300: train nll 0.349, valid error 100.000%, best valid error 100.000%, avg grad norm   0.047, avg grad norm (post clip)   0.000, rho_Whh  0.08, Omega  0.00, alpha  0.000, steps in the past 0.000, valid nll 0.316
  [diag] log10|dL/dh_t| hist bins=60 range=(-12.50,-11.50) mean=-12.00 p50=-12.00 p05=-12.00 p95=-12.00
  [diag] sat-dist hist bins=60 sat<0.05=0.0% mean=0.948 p10=0.947 p90=0.950
  [diag] z-gate sat-dist hist bins=60 mean=0.122 p10=0.122 p90=0.122
  [diag] r-gate sat-dist hist bins=60 mean=0.498 p10=0.498 p90=0.498
Iter 0021320: train nll 0.374, valid error 100.000%, best valid error 100.000%, avg grad norm   0.059, avg grad norm (post clip)   0.000, rho_Whh  0.08, Omega  0.00, alpha  0.000, steps in the past 0.000, valid nll 0.315
  [diag] log10|dL/dh_t| hist bins=60 range=(-12.50,-11.50) mean=-12.00 p50=-12.00 p05=-12.00 p95=-12.00
  [diag] sat-dist hist bins=60 sat<0.05=0.0% mean=0.948 p10=0.947 p90=0.950
  [diag] z-gate sat-dist hist bins=60 mean=0.122 p10=0.122 p90=0.122
  [diag] r-gate sat-dist hist bins=60 mean=0.498 p10=0.498 p90=0.498
Iter 0021340: train nll 0.412, valid error 100.000%, best valid error 100.000%, avg grad norm   0.062, avg grad norm (post clip)   0.000, rho_Whh  0.08, Omega  0.00, alpha  0.000, steps in the past 0.000, valid nll 0.316
  [diag] log10|dL/dh_t| hist bins=60 range=(-12.50,-11.50) mean=-12.00 p50=-12.00 p05=-12.00 p95=-12.00
  [diag] sat-dist hist bins=60 sat<0.05=0.0% mean=0.948 p10=0.947 p90=0.950
  [diag] z-gate sat-dist hist bins=60 mean=0.122 p10=0.122 p90=0.122
  [diag] r-gate sat-dist hist bins=60 mean=0.498 p10=0.498 p90=0.498
Iter 0021360: train nll 0.371, valid error 100.000%, best valid error 100.000%, avg grad norm   0.043, avg grad norm (post clip)   0.000, rho_Whh  0.08, Omega  0.00, alpha  0.000, steps in the past 0.000, valid nll 0.316
  [diag] log10|dL/dh_t| hist bins=60 range=(-12.50,-11.50) mean=-12.00 p50=-12.00 p05=-12.00 p95=-12.00
  [diag] sat-dist hist bins=60 sat<0.05=0.0% mean=0.948 p10=0.947 p90=0.950
  [diag] z-gate sat-dist hist bins=60 mean=0.122 p10=0.122 p90=0.122
  [diag] r-gate sat-dist hist bins=60 mean=0.498 p10=0.498 p90=0.498
Iter 0021380: train nll 0.412, valid error 100.000%, best valid error 100.000%, avg grad norm   0.070, avg grad norm (post clip)   0.000, rho_Whh  0.08, Omega  0.00, alpha  0.000, steps in the past 0.000, valid nll 0.316
  [diag] log10|dL/dh_t| hist bins=60 range=(-12.50,-11.50) mean=-12.00 p50=-12.00 p05=-12.00 p95=-12.00
  [diag] sat-dist hist bins=60 sat<0.05=0.0% mean=0.948 p10=0.947 p90=0.950
  [diag] z-gate sat-dist hist bins=60 mean=0.122 p10=0.122 p90=0.122
  [diag] r-gate sat-dist hist bins=60 mean=0.498 p10=0.498 p90=0.498
Iter 0021400: train nll 0.336, valid error 100.000%, best valid error 100.000%, avg grad norm   0.049, avg grad norm (post clip)   0.000, rho_Whh  0.08, Omega  0.00, alpha  0.000, steps in the past 0.000, valid nll 0.315
  [diag] log10|dL/dh_t| hist bins=60 range=(-12.50,-11.50) mean=-12.00 p50=-12.00 p05=-12.00 p95=-12.00
  [diag] sat-dist hist bins=60 sat<0.05=0.0% mean=0.948 p10=0.947 p90=0.950
  [diag] z-gate sat-dist hist bins=60 mean=0.122 p10=0.122 p90=0.122
  [diag] r-gate sat-dist hist bins=60 mean=0.498 p10=0.498 p90=0.498
Iter 0021420: train nll 0.396, valid error 100.000%, best valid error 100.000%, avg grad norm   0.063, avg grad norm (post clip)   0.000, rho_Whh  0.08, Omega  0.00, alpha  0.000, steps in the past 0.000, valid nll 0.315
  [diag] log10|dL/dh_t| hist bins=60 range=(-12.50,-11.50) mean=-12.00 p50=-12.00 p05=-12.00 p95=-12.00
  [diag] sat-dist hist bins=60 sat<0.05=0.0% mean=0.948 p10=0.947 p90=0.950
  [diag] z-gate sat-dist hist bins=60 mean=0.122 p10=0.122 p90=0.122
  [diag] r-gate sat-dist hist bins=60 mean=0.498 p10=0.498 p90=0.498
Iter 0021440: train nll 0.412, valid error 100.000%, best valid error 100.000%, avg grad norm   0.069, avg grad norm (post clip)   0.000, rho_Whh  0.08, Omega  0.00, alpha  0.000, steps in the past 0.000, valid nll 0.316
  [diag] log10|dL/dh_t| hist bins=60 range=(-12.50,-11.50) mean=-12.00 p50=-12.00 p05=-12.00 p95=-12.00
  [diag] sat-dist hist bins=60 sat<0.05=0.0% mean=0.948 p10=0.947 p90=0.950
  [diag] z-gate sat-dist hist bins=60 mean=0.122 p10=0.122 p90=0.122
  [diag] r-gate sat-dist hist bins=60 mean=0.498 p10=0.498 p90=0.498
Iter 0021460: train nll 0.363, valid error 100.000%, best valid error 100.000%, avg grad norm   0.051, avg grad norm (post clip)   0.000, rho_Whh  0.08, Omega  0.00, alpha  0.000, steps in the past 0.000, valid nll 0.316
  [diag] log10|dL/dh_t| hist bins=60 range=(-12.50,-11.50) mean=-12.00 p50=-12.00 p05=-12.00 p95=-12.00
  [diag] sat-dist hist bins=60 sat<0.05=0.0% mean=0.948 p10=0.947 p90=0.950
  [diag] z-gate sat-dist hist bins=60 mean=0.122 p10=0.122 p90=0.122
  [diag] r-gate sat-dist hist bins=60 mean=0.498 p10=0.498 p90=0.498
Iter 0021480: train nll 0.366, valid error 100.000%, best valid error 100.000%, avg grad norm   0.061, avg grad norm (post clip)   0.000, rho_Whh  0.08, Omega  0.00, alpha  0.000, steps in the past 0.000, valid nll 0.315
  [diag] log10|dL/dh_t| hist bins=60 range=(-12.50,-11.50) mean=-12.00 p50=-12.00 p05=-12.00 p95=-12.00
  [diag] sat-dist hist bins=60 sat<0.05=0.0% mean=0.948 p10=0.947 p90=0.950
  [diag] z-gate sat-dist hist bins=60 mean=0.122 p10=0.122 p90=0.122
  [diag] r-gate sat-dist hist bins=60 mean=0.498 p10=0.498 p90=0.498
Iter 0021500: train nll 0.404, valid error 100.000%, best valid error 100.000%, avg grad norm   0.063, avg grad norm (post clip)   0.000, rho_Whh  0.08, Omega  0.00, alpha  0.000, steps in the past 0.000, valid nll 0.315
  [diag] log10|dL/dh_t| hist bins=60 range=(-12.50,-11.50) mean=-12.00 p50=-12.00 p05=-12.00 p95=-12.00
  [diag] sat-dist hist bins=60 sat<0.05=0.0% mean=0.948 p10=0.947 p90=0.950
  [diag] z-gate sat-dist hist bins=60 mean=0.122 p10=0.122 p90=0.122
  [diag] r-gate sat-dist hist bins=60 mean=0.498 p10=0.498 p90=0.498
Iter 0021520: train nll 0.378, valid error 100.000%, best valid error 100.000%, avg grad norm   0.048, avg grad norm (post clip)   0.000, rho_Whh  0.08, Omega  0.00, alpha  0.000, steps in the past 0.000, valid nll 0.315
  [diag] log10|dL/dh_t| hist bins=60 range=(-12.50,-11.50) mean=-12.00 p50=-12.00 p05=-12.00 p95=-12.00
  [diag] sat-dist hist bins=60 sat<0.05=0.0% mean=0.948 p10=0.947 p90=0.950
  [diag] z-gate sat-dist hist bins=60 mean=0.122 p10=0.122 p90=0.122
  [diag] r-gate sat-dist hist bins=60 mean=0.498 p10=0.498 p90=0.498
Iter 0021540: train nll 0.426, valid error 100.000%, best valid error 100.000%, avg grad norm   0.081, avg grad norm (post clip)   0.000, rho_Whh  0.08, Omega  0.00, alpha  0.000, steps in the past 0.000, valid nll 0.316
  [diag] log10|dL/dh_t| hist bins=60 range=(-12.50,-11.50) mean=-12.00 p50=-12.00 p05=-12.00 p95=-12.00
  [diag] sat-dist hist bins=60 sat<0.05=0.0% mean=0.948 p10=0.947 p90=0.950
  [diag] z-gate sat-dist hist bins=60 mean=0.122 p10=0.122 p90=0.122
  [diag] r-gate sat-dist hist bins=60 mean=0.498 p10=0.498 p90=0.498
Iter 0021560: train nll 0.374, valid error 100.000%, best valid error 100.000%, avg grad norm   0.076, avg grad norm (post clip)   0.000, rho_Whh  0.08, Omega  0.00, alpha  0.000, steps in the past 0.000, valid nll 0.316
  [diag] log10|dL/dh_t| hist bins=60 range=(-12.50,-11.50) mean=-12.00 p50=-12.00 p05=-12.00 p95=-12.00
  [diag] sat-dist hist bins=60 sat<0.05=0.0% mean=0.948 p10=0.947 p90=0.950
  [diag] z-gate sat-dist hist bins=60 mean=0.122 p10=0.122 p90=0.122
  [diag] r-gate sat-dist hist bins=60 mean=0.498 p10=0.498 p90=0.498
Iter 0021580: train nll 0.400, valid error 100.000%, best valid error 100.000%, avg grad norm   0.072, avg grad norm (post clip)   0.000, rho_Whh  0.08, Omega  0.00, alpha  0.000, steps in the past 0.000, valid nll 0.316
  [diag] log10|dL/dh_t| hist bins=60 range=(-12.50,-11.50) mean=-12.00 p50=-12.00 p05=-12.00 p95=-12.00
  [diag] sat-dist hist bins=60 sat<0.05=0.0% mean=0.948 p10=0.947 p90=0.950
  [diag] z-gate sat-dist hist bins=60 mean=0.122 p10=0.122 p90=0.122
  [diag] r-gate sat-dist hist bins=60 mean=0.498 p10=0.498 p90=0.498
Iter 0021600: train nll 0.349, valid error 100.000%, best valid error 100.000%, avg grad norm   0.047, avg grad norm (post clip)   0.000, rho_Whh  0.08, Omega  0.00, alpha  0.000, steps in the past 0.000, valid nll 0.315
  [diag] log10|dL/dh_t| hist bins=60 range=(-12.50,-11.50) mean=-12.00 p50=-12.00 p05=-12.00 p95=-12.00
  [diag] sat-dist hist bins=60 sat<0.05=0.0% mean=0.948 p10=0.947 p90=0.950
  [diag] z-gate sat-dist hist bins=60 mean=0.122 p10=0.122 p90=0.122
  [diag] r-gate sat-dist hist bins=60 mean=0.498 p10=0.498 p90=0.498
Iter 0021620: train nll 0.382, valid error 100.000%, best valid error 100.000%, avg grad norm   0.058, avg grad norm (post clip)   0.000, rho_Whh  0.08, Omega  0.00, alpha  0.000, steps in the past 0.000, valid nll 0.315
  [diag] log10|dL/dh_t| hist bins=60 range=(-12.50,-11.50) mean=-12.00 p50=-12.00 p05=-12.00 p95=-12.00
  [diag] sat-dist hist bins=60 sat<0.05=0.0% mean=0.948 p10=0.947 p90=0.950
  [diag] z-gate sat-dist hist bins=60 mean=0.122 p10=0.122 p90=0.122
  [diag] r-gate sat-dist hist bins=60 mean=0.498 p10=0.498 p90=0.498
Iter 0021640: train nll 0.428, valid error 100.000%, best valid error 100.000%, avg grad norm   0.072, avg grad norm (post clip)   0.000, rho_Whh  0.09, Omega  0.00, alpha  0.000, steps in the past 0.000, valid nll 0.316
  [diag] log10|dL/dh_t| hist bins=60 range=(-12.50,-11.50) mean=-12.00 p50=-12.00 p05=-12.00 p95=-12.00
  [diag] sat-dist hist bins=60 sat<0.05=0.0% mean=0.948 p10=0.947 p90=0.950
  [diag] z-gate sat-dist hist bins=60 mean=0.122 p10=0.122 p90=0.122
  [diag] r-gate sat-dist hist bins=60 mean=0.498 p10=0.498 p90=0.498
Iter 0021660: train nll 0.390, valid error 100.000%, best valid error 100.000%, avg grad norm   0.070, avg grad norm (post clip)   0.000, rho_Whh  0.09, Omega  0.00, alpha  0.000, steps in the past 0.000, valid nll 0.316
  [diag] log10|dL/dh_t| hist bins=60 range=(-12.50,-11.50) mean=-12.00 p50=-12.00 p05=-12.00 p95=-12.00
  [diag] sat-dist hist bins=60 sat<0.05=0.0% mean=0.948 p10=0.947 p90=0.950
  [diag] z-gate sat-dist hist bins=60 mean=0.122 p10=0.122 p90=0.122
  [diag] r-gate sat-dist hist bins=60 mean=0.498 p10=0.498 p90=0.498
Iter 0021680: train nll 0.380, valid error 100.000%, best valid error 100.000%, avg grad norm   0.066, avg grad norm (post clip)   0.000, rho_Whh  0.09, Omega  0.00, alpha  0.000, steps in the past 0.000, valid nll 0.316
  [diag] log10|dL/dh_t| hist bins=60 range=(-12.50,-11.50) mean=-12.00 p50=-12.00 p05=-12.00 p95=-12.00
  [diag] sat-dist hist bins=60 sat<0.05=0.0% mean=0.948 p10=0.947 p90=0.950
  [diag] z-gate sat-dist hist bins=60 mean=0.122 p10=0.122 p90=0.122
  [diag] r-gate sat-dist hist bins=60 mean=0.498 p10=0.498 p90=0.498
Iter 0021700: train nll 0.370, valid error 100.000%, best valid error 100.000%, avg grad norm   0.075, avg grad norm (post clip)   0.000, rho_Whh  0.09, Omega  0.00, alpha  0.000, steps in the past 0.000, valid nll 0.315
  [diag] log10|dL/dh_t| hist bins=60 range=(-12.50,-11.50) mean=-12.00 p50=-12.00 p05=-12.00 p95=-12.00
  [diag] sat-dist hist bins=60 sat<0.05=0.0% mean=0.948 p10=0.946 p90=0.950
  [diag] z-gate sat-dist hist bins=60 mean=0.122 p10=0.122 p90=0.122
  [diag] r-gate sat-dist hist bins=60 mean=0.498 p10=0.498 p90=0.498
Iter 0021720: train nll 0.343, valid error 100.000%, best valid error 100.000%, avg grad norm   0.047, avg grad norm (post clip)   0.000, rho_Whh  0.09, Omega  0.00, alpha  0.000, steps in the past 0.000, valid nll 0.315
  [diag] log10|dL/dh_t| hist bins=60 range=(-12.50,-11.50) mean=-12.00 p50=-12.00 p05=-12.00 p95=-12.00
  [diag] sat-dist hist bins=60 sat<0.05=0.0% mean=0.948 p10=0.946 p90=0.950
  [diag] z-gate sat-dist hist bins=60 mean=0.122 p10=0.122 p90=0.122
  [diag] r-gate sat-dist hist bins=60 mean=0.498 p10=0.498 p90=0.498
Iter 0021740: train nll 0.392, valid error 100.000%, best valid error 100.000%, avg grad norm   0.065, avg grad norm (post clip)   0.000, rho_Whh  0.09, Omega  0.00, alpha  0.000, steps in the past 0.000, valid nll 0.315
  [diag] log10|dL/dh_t| hist bins=60 range=(-12.50,-11.50) mean=-12.00 p50=-12.00 p05=-12.00 p95=-12.00
  [diag] sat-dist hist bins=60 sat<0.05=0.0% mean=0.948 p10=0.946 p90=0.950
  [diag] z-gate sat-dist hist bins=60 mean=0.122 p10=0.122 p90=0.122
  [diag] r-gate sat-dist hist bins=60 mean=0.498 p10=0.498 p90=0.498
Iter 0021760: train nll 0.355, valid error 100.000%, best valid error 100.000%, avg grad norm   0.062, avg grad norm (post clip)   0.000, rho_Whh  0.09, Omega  0.00, alpha  0.000, steps in the past 0.000, valid nll 0.315
  [diag] log10|dL/dh_t| hist bins=60 range=(-12.50,-11.50) mean=-12.00 p50=-12.00 p05=-12.00 p95=-12.00
  [diag] sat-dist hist bins=60 sat<0.05=0.0% mean=0.948 p10=0.946 p90=0.950
  [diag] z-gate sat-dist hist bins=60 mean=0.122 p10=0.122 p90=0.122
  [diag] r-gate sat-dist hist bins=60 mean=0.498 p10=0.498 p90=0.498
Iter 0021780: train nll 0.384, valid error 100.000%, best valid error 100.000%, avg grad norm   0.067, avg grad norm (post clip)   0.000, rho_Whh  0.09, Omega  0.00, alpha  0.000, steps in the past 0.000, valid nll 0.315
  [diag] log10|dL/dh_t| hist bins=60 range=(-12.50,-11.50) mean=-12.00 p50=-12.00 p05=-12.00 p95=-12.00
  [diag] sat-dist hist bins=60 sat<0.05=0.0% mean=0.947 p10=0.946 p90=0.950
  [diag] z-gate sat-dist hist bins=60 mean=0.122 p10=0.122 p90=0.122
  [diag] r-gate sat-dist hist bins=60 mean=0.498 p10=0.498 p90=0.498
Iter 0021800: train nll 0.355, valid error 100.000%, best valid error 100.000%, avg grad norm   0.044, avg grad norm (post clip)   0.000, rho_Whh  0.09, Omega  0.00, alpha  0.000, steps in the past 0.000, valid nll 0.315
  [diag] log10|dL/dh_t| hist bins=60 range=(-12.50,-11.50) mean=-12.00 p50=-12.00 p05=-12.00 p95=-12.00
  [diag] sat-dist hist bins=60 sat<0.05=0.0% mean=0.947 p10=0.946 p90=0.949
  [diag] z-gate sat-dist hist bins=60 mean=0.122 p10=0.122 p90=0.122
  [diag] r-gate sat-dist hist bins=60 mean=0.498 p10=0.498 p90=0.498
Iter 0021820: train nll 0.352, valid error 100.000%, best valid error 100.000%, avg grad norm   0.054, avg grad norm (post clip)   0.000, rho_Whh  0.09, Omega  0.00, alpha  0.000, steps in the past 0.000, valid nll 0.315
  [diag] log10|dL/dh_t| hist bins=60 range=(-12.50,-11.50) mean=-12.00 p50=-12.00 p05=-12.00 p95=-12.00
  [diag] sat-dist hist bins=60 sat<0.05=0.0% mean=0.947 p10=0.946 p90=0.949
  [diag] z-gate sat-dist hist bins=60 mean=0.122 p10=0.122 p90=0.122
  [diag] r-gate sat-dist hist bins=60 mean=0.498 p10=0.498 p90=0.498
Iter 0021840: train nll 0.365, valid error 100.000%, best valid error 100.000%, avg grad norm   0.055, avg grad norm (post clip)   0.000, rho_Whh  0.09, Omega  0.00, alpha  0.000, steps in the past 0.000, valid nll 0.315
  [diag] log10|dL/dh_t| hist bins=60 range=(-12.50,-11.50) mean=-12.00 p50=-12.00 p05=-12.00 p95=-12.00
  [diag] sat-dist hist bins=60 sat<0.05=0.0% mean=0.947 p10=0.946 p90=0.949
  [diag] z-gate sat-dist hist bins=60 mean=0.122 p10=0.122 p90=0.122
  [diag] r-gate sat-dist hist bins=60 mean=0.498 p10=0.498 p90=0.498
Iter 0021860: train nll 0.354, valid error 100.000%, best valid error 100.000%, avg grad norm   0.065, avg grad norm (post clip)   0.000, rho_Whh  0.09, Omega  0.00, alpha  0.000, steps in the past 0.000, valid nll 0.314
  [diag] log10|dL/dh_t| hist bins=60 range=(-12.50,-11.50) mean=-12.00 p50=-12.00 p05=-12.00 p95=-12.00
  [diag] sat-dist hist bins=60 sat<0.05=0.0% mean=0.947 p10=0.946 p90=0.949
  [diag] z-gate sat-dist hist bins=60 mean=0.122 p10=0.122 p90=0.122
  [diag] r-gate sat-dist hist bins=60 mean=0.498 p10=0.498 p90=0.498
Iter 0021880: train nll 0.358, valid error 100.000%, best valid error 100.000%, avg grad norm   0.065, avg grad norm (post clip)   0.000, rho_Whh  0.09, Omega  0.00, alpha  0.000, steps in the past 0.000, valid nll 0.314
  [diag] log10|dL/dh_t| hist bins=60 range=(-12.50,-11.50) mean=-12.00 p50=-12.00 p05=-12.00 p95=-12.00
  [diag] sat-dist hist bins=60 sat<0.05=0.0% mean=0.947 p10=0.946 p90=0.949
  [diag] z-gate sat-dist hist bins=60 mean=0.122 p10=0.122 p90=0.122
  [diag] r-gate sat-dist hist bins=60 mean=0.498 p10=0.498 p90=0.498
Iter 0021900: train nll 0.388, valid error 100.000%, best valid error 100.000%, avg grad norm   0.057, avg grad norm (post clip)   0.000, rho_Whh  0.09, Omega  0.00, alpha  0.000, steps in the past 0.000, valid nll 0.314
  [diag] log10|dL/dh_t| hist bins=60 range=(-12.50,-11.50) mean=-12.00 p50=-12.00 p05=-12.00 p95=-12.00
  [diag] sat-dist hist bins=60 sat<0.05=0.0% mean=0.947 p10=0.945 p90=0.949
  [diag] z-gate sat-dist hist bins=60 mean=0.122 p10=0.122 p90=0.122
  [diag] r-gate sat-dist hist bins=60 mean=0.498 p10=0.498 p90=0.498
Iter 0021920: train nll 0.353, valid error 100.000%, best valid error 100.000%, avg grad norm   0.055, avg grad norm (post clip)   0.000, rho_Whh  0.09, Omega  0.00, alpha  0.000, steps in the past 0.000, valid nll 0.314
  [diag] log10|dL/dh_t| hist bins=60 range=(-12.50,-11.50) mean=-12.00 p50=-12.00 p05=-12.00 p95=-12.00
  [diag] sat-dist hist bins=60 sat<0.05=0.0% mean=0.947 p10=0.946 p90=0.949
  [diag] z-gate sat-dist hist bins=60 mean=0.122 p10=0.122 p90=0.122
  [diag] r-gate sat-dist hist bins=60 mean=0.498 p10=0.498 p90=0.498
Iter 0021940: train nll 0.404, valid error 100.000%, best valid error 100.000%, avg grad norm   0.062, avg grad norm (post clip)   0.000, rho_Whh  0.09, Omega  0.00, alpha  0.000, steps in the past 0.000, valid nll 0.314
  [diag] log10|dL/dh_t| hist bins=60 range=(-12.50,-11.50) mean=-12.00 p50=-12.00 p05=-12.00 p95=-12.00
  [diag] sat-dist hist bins=60 sat<0.05=0.0% mean=0.947 p10=0.946 p90=0.949
  [diag] z-gate sat-dist hist bins=60 mean=0.122 p10=0.122 p90=0.122
  [diag] r-gate sat-dist hist bins=60 mean=0.498 p10=0.498 p90=0.498
Iter 0021960: train nll 0.377, valid error 100.000%, best valid error 100.000%, avg grad norm   0.050, avg grad norm (post clip)   0.000, rho_Whh  0.09, Omega  0.00, alpha  0.000, steps in the past 0.000, valid nll 0.314
  [diag] log10|dL/dh_t| hist bins=60 range=(-12.50,-11.50) mean=-12.00 p50=-12.00 p05=-12.00 p95=-12.00
  [diag] sat-dist hist bins=60 sat<0.05=0.0% mean=0.947 p10=0.945 p90=0.949
  [diag] z-gate sat-dist hist bins=60 mean=0.122 p10=0.122 p90=0.122
  [diag] r-gate sat-dist hist bins=60 mean=0.498 p10=0.498 p90=0.498
Iter 0021980: train nll 0.347, valid error 100.000%, best valid error 100.000%, avg grad norm   0.057, avg grad norm (post clip)   0.000, rho_Whh  0.09, Omega  0.00, alpha  0.000, steps in the past 0.000, valid nll 0.314
  [diag] log10|dL/dh_t| hist bins=60 range=(-12.50,-11.50) mean=-12.00 p50=-12.00 p05=-12.00 p95=-12.00
  [diag] sat-dist hist bins=60 sat<0.05=0.0% mean=0.947 p10=0.945 p90=0.949
  [diag] z-gate sat-dist hist bins=60 mean=0.122 p10=0.122 p90=0.122
  [diag] r-gate sat-dist hist bins=60 mean=0.498 p10=0.498 p90=0.498
Iter 0022000: train nll 0.375, valid error 100.000%, best valid error 100.000%, avg grad norm   0.060, avg grad norm (post clip)   0.000, rho_Whh  0.09, Omega  0.00, alpha  0.000, steps in the past 0.000, valid nll 0.314
  [diag] log10|dL/dh_t| hist bins=60 range=(-12.50,-11.50) mean=-12.00 p50=-12.00 p05=-12.00 p95=-12.00
  [diag] sat-dist hist bins=60 sat<0.05=0.0% mean=0.947 p10=0.945 p90=0.949
  [diag] z-gate sat-dist hist bins=60 mean=0.122 p10=0.122 p90=0.122
  [diag] r-gate sat-dist hist bins=60 mean=0.498 p10=0.498 p90=0.498
Iter 0022020: train nll 0.379, valid error 100.000%, best valid error 100.000%, avg grad norm   0.064, avg grad norm (post clip)   0.000, rho_Whh  0.09, Omega  0.00, alpha  0.000, steps in the past 0.000, valid nll 0.314
  [diag] log10|dL/dh_t| hist bins=60 range=(-12.50,-11.50) mean=-12.00 p50=-12.00 p05=-12.00 p95=-12.00
  [diag] sat-dist hist bins=60 sat<0.05=0.0% mean=0.947 p10=0.946 p90=0.949
  [diag] z-gate sat-dist hist bins=60 mean=0.122 p10=0.122 p90=0.122
  [diag] r-gate sat-dist hist bins=60 mean=0.498 p10=0.498 p90=0.498
Iter 0022040: train nll 0.414, valid error 100.000%, best valid error 100.000%, avg grad norm   0.071, avg grad norm (post clip)   0.000, rho_Whh  0.09, Omega  0.00, alpha  0.000, steps in the past 0.000, valid nll 0.314
  [diag] log10|dL/dh_t| hist bins=60 range=(-12.50,-11.50) mean=-12.00 p50=-12.00 p05=-12.00 p95=-12.00
  [diag] sat-dist hist bins=60 sat<0.05=0.0% mean=0.947 p10=0.945 p90=0.949
  [diag] z-gate sat-dist hist bins=60 mean=0.122 p10=0.122 p90=0.122
  [diag] r-gate sat-dist hist bins=60 mean=0.498 p10=0.498 p90=0.498
Iter 0022060: train nll 0.347, valid error 100.000%, best valid error 100.000%, avg grad norm   0.059, avg grad norm (post clip)   0.000, rho_Whh  0.09, Omega  0.00, alpha  0.000, steps in the past 0.000, valid nll 0.314
  [diag] log10|dL/dh_t| hist bins=60 range=(-12.50,-11.50) mean=-12.00 p50=-12.00 p05=-12.00 p95=-12.00
  [diag] sat-dist hist bins=60 sat<0.05=0.0% mean=0.947 p10=0.945 p90=0.949
  [diag] z-gate sat-dist hist bins=60 mean=0.122 p10=0.122 p90=0.122
  [diag] r-gate sat-dist hist bins=60 mean=0.498 p10=0.498 p90=0.498
Iter 0022080: train nll 0.408, valid error 100.000%, best valid error 100.000%, avg grad norm   0.069, avg grad norm (post clip)   0.000, rho_Whh  0.09, Omega  0.00, alpha  0.000, steps in the past 0.000, valid nll 0.314
  [diag] log10|dL/dh_t| hist bins=60 range=(-12.50,-11.50) mean=-12.00 p50=-12.00 p05=-12.00 p95=-12.00
  [diag] sat-dist hist bins=60 sat<0.05=0.0% mean=0.947 p10=0.946 p90=0.949
  [diag] z-gate sat-dist hist bins=60 mean=0.122 p10=0.122 p90=0.122
  [diag] r-gate sat-dist hist bins=60 mean=0.498 p10=0.498 p90=0.498
Iter 0022100: train nll 0.391, valid error 100.000%, best valid error 100.000%, avg grad norm   0.066, avg grad norm (post clip)   0.000, rho_Whh  0.09, Omega  0.00, alpha  0.000, steps in the past 0.000, valid nll 0.314
  [diag] log10|dL/dh_t| hist bins=60 range=(-12.50,-11.50) mean=-12.00 p50=-12.00 p05=-12.00 p95=-12.00
  [diag] sat-dist hist bins=60 sat<0.05=0.0% mean=0.947 p10=0.945 p90=0.949
  [diag] z-gate sat-dist hist bins=60 mean=0.122 p10=0.122 p90=0.122
  [diag] r-gate sat-dist hist bins=60 mean=0.498 p10=0.498 p90=0.498
Iter 0022120: train nll 0.375, valid error 100.000%, best valid error 100.000%, avg grad norm   0.059, avg grad norm (post clip)   0.000, rho_Whh  0.09, Omega  0.00, alpha  0.000, steps in the past 0.000, valid nll 0.314
  [diag] log10|dL/dh_t| hist bins=60 range=(-12.50,-11.50) mean=-12.00 p50=-12.00 p05=-12.00 p95=-12.00
  [diag] sat-dist hist bins=60 sat<0.05=0.0% mean=0.947 p10=0.945 p90=0.949
  [diag] z-gate sat-dist hist bins=60 mean=0.122 p10=0.122 p90=0.122
  [diag] r-gate sat-dist hist bins=60 mean=0.498 p10=0.498 p90=0.498
Iter 0022140: train nll 0.379, valid error 100.000%, best valid error 100.000%, avg grad norm   0.056, avg grad norm (post clip)   0.000, rho_Whh  0.09, Omega  0.00, alpha  0.000, steps in the past 0.000, valid nll 0.314
  [diag] log10|dL/dh_t| hist bins=60 range=(-12.50,-11.50) mean=-12.00 p50=-12.00 p05=-12.00 p95=-12.00
  [diag] sat-dist hist bins=60 sat<0.05=0.0% mean=0.947 p10=0.946 p90=0.949
  [diag] z-gate sat-dist hist bins=60 mean=0.122 p10=0.122 p90=0.122
  [diag] r-gate sat-dist hist bins=60 mean=0.498 p10=0.498 p90=0.498
Iter 0022160: train nll 0.415, valid error 100.000%, best valid error 100.000%, avg grad norm   0.084, avg grad norm (post clip)   0.000, rho_Whh  0.09, Omega  0.00, alpha  0.000, steps in the past 0.000, valid nll 0.315
  [diag] log10|dL/dh_t| hist bins=60 range=(-12.50,-11.50) mean=-12.00 p50=-12.00 p05=-12.00 p95=-12.00
  [diag] sat-dist hist bins=60 sat<0.05=0.0% mean=0.947 p10=0.946 p90=0.949
  [diag] z-gate sat-dist hist bins=60 mean=0.122 p10=0.122 p90=0.122
  [diag] r-gate sat-dist hist bins=60 mean=0.498 p10=0.498 p90=0.498
Iter 0022180: train nll 0.367, valid error 100.000%, best valid error 100.000%, avg grad norm   0.053, avg grad norm (post clip)   0.000, rho_Whh  0.09, Omega  0.00, alpha  0.000, steps in the past 0.000, valid nll 0.314
  [diag] log10|dL/dh_t| hist bins=60 range=(-12.50,-11.50) mean=-12.00 p50=-12.00 p05=-12.00 p95=-12.00
  [diag] sat-dist hist bins=60 sat<0.05=0.0% mean=0.947 p10=0.945 p90=0.949
  [diag] z-gate sat-dist hist bins=60 mean=0.122 p10=0.122 p90=0.122
  [diag] r-gate sat-dist hist bins=60 mean=0.498 p10=0.498 p90=0.498
Iter 0022200: train nll 0.367, valid error 100.000%, best valid error 100.000%, avg grad norm   0.065, avg grad norm (post clip)   0.000, rho_Whh  0.09, Omega  0.00, alpha  0.000, steps in the past 0.000, valid nll 0.314
  [diag] log10|dL/dh_t| hist bins=60 range=(-12.50,-11.50) mean=-12.00 p50=-12.00 p05=-12.00 p95=-12.00
  [diag] sat-dist hist bins=60 sat<0.05=0.0% mean=0.947 p10=0.945 p90=0.949
  [diag] z-gate sat-dist hist bins=60 mean=0.122 p10=0.122 p90=0.122
  [diag] r-gate sat-dist hist bins=60 mean=0.498 p10=0.498 p90=0.498
Iter 0022220: train nll 0.386, valid error 100.000%, best valid error 100.000%, avg grad norm   0.055, avg grad norm (post clip)   0.000, rho_Whh  0.09, Omega  0.00, alpha  0.000, steps in the past 0.000, valid nll 0.314
  [diag] log10|dL/dh_t| hist bins=60 range=(-12.50,-11.50) mean=-12.00 p50=-12.00 p05=-12.00 p95=-12.00
  [diag] sat-dist hist bins=60 sat<0.05=0.0% mean=0.947 p10=0.945 p90=0.949
  [diag] z-gate sat-dist hist bins=60 mean=0.122 p10=0.122 p90=0.122
  [diag] r-gate sat-dist hist bins=60 mean=0.498 p10=0.498 p90=0.498
Iter 0022240: train nll 0.383, valid error 100.000%, best valid error 100.000%, avg grad norm   0.050, avg grad norm (post clip)   0.000, rho_Whh  0.09, Omega  0.00, alpha  0.000, steps in the past 0.000, valid nll 0.314
  [diag] log10|dL/dh_t| hist bins=60 range=(-12.50,-11.50) mean=-12.00 p50=-12.00 p05=-12.00 p95=-12.00
  [diag] sat-dist hist bins=60 sat<0.05=0.0% mean=0.947 p10=0.946 p90=0.949
  [diag] z-gate sat-dist hist bins=60 mean=0.122 p10=0.122 p90=0.122
  [diag] r-gate sat-dist hist bins=60 mean=0.498 p10=0.498 p90=0.498
Iter 0022260: train nll 0.428, valid error 100.000%, best valid error 100.000%, avg grad norm   0.087, avg grad norm (post clip)   0.000, rho_Whh  0.09, Omega  0.00, alpha  0.000, steps in the past 0.000, valid nll 0.315
  [diag] log10|dL/dh_t| hist bins=60 range=(-12.50,-11.50) mean=-12.00 p50=-12.00 p05=-12.00 p95=-12.00
  [diag] sat-dist hist bins=60 sat<0.05=0.0% mean=0.947 p10=0.945 p90=0.949
  [diag] z-gate sat-dist hist bins=60 mean=0.122 p10=0.122 p90=0.122
  [diag] r-gate sat-dist hist bins=60 mean=0.498 p10=0.498 p90=0.498
Iter 0022280: train nll 0.343, valid error 100.000%, best valid error 100.000%, avg grad norm   0.068, avg grad norm (post clip)   0.000, rho_Whh  0.09, Omega  0.00, alpha  0.000, steps in the past 0.000, valid nll 0.314
  [diag] log10|dL/dh_t| hist bins=60 range=(-12.50,-11.50) mean=-12.00 p50=-12.00 p05=-12.00 p95=-12.00
  [diag] sat-dist hist bins=60 sat<0.05=0.0% mean=0.947 p10=0.945 p90=0.949
  [diag] z-gate sat-dist hist bins=60 mean=0.122 p10=0.122 p90=0.122
  [diag] r-gate sat-dist hist bins=60 mean=0.498 p10=0.498 p90=0.498
Iter 0022300: train nll 0.388, valid error 100.000%, best valid error 100.000%, avg grad norm   0.069, avg grad norm (post clip)   0.000, rho_Whh  0.09, Omega  0.00, alpha  0.000, steps in the past 0.000, valid nll 0.314
  [diag] log10|dL/dh_t| hist bins=60 range=(-12.50,-11.50) mean=-12.00 p50=-12.00 p05=-12.00 p95=-12.00
  [diag] sat-dist hist bins=60 sat<0.05=0.0% mean=0.947 p10=0.945 p90=0.949
  [diag] z-gate sat-dist hist bins=60 mean=0.122 p10=0.122 p90=0.122
  [diag] r-gate sat-dist hist bins=60 mean=0.498 p10=0.498 p90=0.498
Iter 0022320: train nll 0.373, valid error 100.000%, best valid error 100.000%, avg grad norm   0.071, avg grad norm (post clip)   0.000, rho_Whh  0.09, Omega  0.00, alpha  0.000, steps in the past 0.000, valid nll 0.314
  [diag] log10|dL/dh_t| hist bins=60 range=(-12.50,-11.50) mean=-12.00 p50=-12.00 p05=-12.00 p95=-12.00
  [diag] sat-dist hist bins=60 sat<0.05=0.0% mean=0.947 p10=0.945 p90=0.949
  [diag] z-gate sat-dist hist bins=60 mean=0.122 p10=0.122 p90=0.122
  [diag] r-gate sat-dist hist bins=60 mean=0.498 p10=0.498 p90=0.498
Iter 0022340: train nll 0.417, valid error 100.000%, best valid error 100.000%, avg grad norm   0.068, avg grad norm (post clip)   0.000, rho_Whh  0.09, Omega  0.00, alpha  0.000, steps in the past 0.000, valid nll 0.315
  [diag] log10|dL/dh_t| hist bins=60 range=(-12.50,-11.50) mean=-12.00 p50=-12.00 p05=-12.00 p95=-12.00
  [diag] sat-dist hist bins=60 sat<0.05=0.0% mean=0.947 p10=0.945 p90=0.949
  [diag] z-gate sat-dist hist bins=60 mean=0.122 p10=0.122 p90=0.122
  [diag] r-gate sat-dist hist bins=60 mean=0.498 p10=0.498 p90=0.498
Iter 0022360: train nll 0.376, valid error 100.000%, best valid error 100.000%, avg grad norm   0.061, avg grad norm (post clip)   0.000, rho_Whh  0.09, Omega  0.00, alpha  0.000, steps in the past 0.000, valid nll 0.314
  [diag] log10|dL/dh_t| hist bins=60 range=(-12.50,-11.50) mean=-12.00 p50=-12.00 p05=-12.00 p95=-12.00
  [diag] sat-dist hist bins=60 sat<0.05=0.0% mean=0.946 p10=0.945 p90=0.949
  [diag] z-gate sat-dist hist bins=60 mean=0.122 p10=0.122 p90=0.122
  [diag] r-gate sat-dist hist bins=60 mean=0.498 p10=0.498 p90=0.498
Iter 0022380: train nll 0.340, valid error 100.000%, best valid error 100.000%, avg grad norm   0.059, avg grad norm (post clip)   0.000, rho_Whh  0.09, Omega  0.00, alpha  0.000, steps in the past 0.000, valid nll 0.314
  [diag] log10|dL/dh_t| hist bins=60 range=(-12.50,-11.50) mean=-12.00 p50=-12.00 p05=-12.00 p95=-12.00
  [diag] sat-dist hist bins=60 sat<0.05=0.0% mean=0.946 p10=0.945 p90=0.949
  [diag] z-gate sat-dist hist bins=60 mean=0.122 p10=0.122 p90=0.122
  [diag] r-gate sat-dist hist bins=60 mean=0.498 p10=0.498 p90=0.498
Iter 0022400: train nll 0.382, valid error 100.000%, best valid error 100.000%, avg grad norm   0.061, avg grad norm (post clip)   0.000, rho_Whh  0.09, Omega  0.00, alpha  0.000, steps in the past 0.000, valid nll 0.314
  [diag] log10|dL/dh_t| hist bins=60 range=(-12.50,-11.50) mean=-12.00 p50=-12.00 p05=-12.00 p95=-12.00
  [diag] sat-dist hist bins=60 sat<0.05=0.0% mean=0.946 p10=0.945 p90=0.949
  [diag] z-gate sat-dist hist bins=60 mean=0.122 p10=0.122 p90=0.122
  [diag] r-gate sat-dist hist bins=60 mean=0.498 p10=0.498 p90=0.498
Iter 0022420: train nll 0.396, valid error 100.000%, best valid error 100.000%, avg grad norm   0.061, avg grad norm (post clip)   0.000, rho_Whh  0.09, Omega  0.00, alpha  0.000, steps in the past 0.000, valid nll 0.314
  [diag] log10|dL/dh_t| hist bins=60 range=(-12.50,-11.50) mean=-12.00 p50=-12.00 p05=-12.00 p95=-12.00
  [diag] sat-dist hist bins=60 sat<0.05=0.0% mean=0.946 p10=0.945 p90=0.949
  [diag] z-gate sat-dist hist bins=60 mean=0.122 p10=0.122 p90=0.122
  [diag] r-gate sat-dist hist bins=60 mean=0.498 p10=0.498 p90=0.498
Iter 0022440: train nll 0.364, valid error 100.000%, best valid error 100.000%, avg grad norm   0.064, avg grad norm (post clip)   0.000, rho_Whh  0.09, Omega  0.00, alpha  0.000, steps in the past 0.000, valid nll 0.314
  [diag] log10|dL/dh_t| hist bins=60 range=(-12.50,-11.50) mean=-12.00 p50=-12.00 p05=-12.00 p95=-12.00
  [diag] sat-dist hist bins=60 sat<0.05=0.0% mean=0.946 p10=0.945 p90=0.949
  [diag] z-gate sat-dist hist bins=60 mean=0.122 p10=0.122 p90=0.122
  [diag] r-gate sat-dist hist bins=60 mean=0.498 p10=0.498 p90=0.498
Iter 0022460: train nll 0.377, valid error 100.000%, best valid error 100.000%, avg grad norm   0.070, avg grad norm (post clip)   0.000, rho_Whh  0.09, Omega  0.00, alpha  0.000, steps in the past 0.000, valid nll 0.314
  [diag] log10|dL/dh_t| hist bins=60 range=(-12.50,-11.50) mean=-12.00 p50=-12.00 p05=-12.00 p95=-12.00
  [diag] sat-dist hist bins=60 sat<0.05=0.0% mean=0.946 p10=0.945 p90=0.949
  [diag] z-gate sat-dist hist bins=60 mean=0.122 p10=0.122 p90=0.122
  [diag] r-gate sat-dist hist bins=60 mean=0.498 p10=0.498 p90=0.498
Iter 0022480: train nll 0.374, valid error 100.000%, best valid error 100.000%, avg grad norm   0.057, avg grad norm (post clip)   0.000, rho_Whh  0.09, Omega  0.00, alpha  0.000, steps in the past 0.000, valid nll 0.314
  [diag] log10|dL/dh_t| hist bins=60 range=(-12.50,-11.50) mean=-12.00 p50=-12.00 p05=-12.00 p95=-12.00
  [diag] sat-dist hist bins=60 sat<0.05=0.0% mean=0.946 p10=0.945 p90=0.949
  [diag] z-gate sat-dist hist bins=60 mean=0.122 p10=0.122 p90=0.122
  [diag] r-gate sat-dist hist bins=60 mean=0.498 p10=0.498 p90=0.498
Iter 0022500: train nll 0.406, valid error 100.000%, best valid error 100.000%, avg grad norm   0.066, avg grad norm (post clip)   0.000, rho_Whh  0.09, Omega  0.00, alpha  0.000, steps in the past 0.000, valid nll 0.314
  [diag] log10|dL/dh_t| hist bins=60 range=(-12.50,-11.50) mean=-12.00 p50=-12.00 p05=-12.00 p95=-12.00
  [diag] sat-dist hist bins=60 sat<0.05=0.0% mean=0.946 p10=0.945 p90=0.949
  [diag] z-gate sat-dist hist bins=60 mean=0.122 p10=0.122 p90=0.122
  [diag] r-gate sat-dist hist bins=60 mean=0.498 p10=0.498 p90=0.498
Iter 0022520: train nll 0.410, valid error 100.000%, best valid error 100.000%, avg grad norm   0.088, avg grad norm (post clip)   0.000, rho_Whh  0.09, Omega  0.00, alpha  0.000, steps in the past 0.000, valid nll 0.314
  [diag] log10|dL/dh_t| hist bins=60 range=(-12.50,-11.50) mean=-12.00 p50=-12.00 p05=-12.00 p95=-12.00
  [diag] sat-dist hist bins=60 sat<0.05=0.0% mean=0.946 p10=0.945 p90=0.949
  [diag] z-gate sat-dist hist bins=60 mean=0.122 p10=0.122 p90=0.122
  [diag] r-gate sat-dist hist bins=60 mean=0.498 p10=0.498 p90=0.498
Iter 0022540: train nll 0.399, valid error 100.000%, best valid error 100.000%, avg grad norm   0.060, avg grad norm (post clip)   0.000, rho_Whh  0.09, Omega  0.00, alpha  0.000, steps in the past 0.000, valid nll 0.314
  [diag] log10|dL/dh_t| hist bins=60 range=(-12.50,-11.50) mean=-12.00 p50=-12.00 p05=-12.00 p95=-12.00
  [diag] sat-dist hist bins=60 sat<0.05=0.0% mean=0.947 p10=0.945 p90=0.949
  [diag] z-gate sat-dist hist bins=60 mean=0.122 p10=0.122 p90=0.122
  [diag] r-gate sat-dist hist bins=60 mean=0.498 p10=0.498 p90=0.498
Iter 0022560: train nll 0.412, valid error 100.000%, best valid error 100.000%, avg grad norm   0.075, avg grad norm (post clip)   0.000, rho_Whh  0.09, Omega  0.00, alpha  0.000, steps in the past 0.000, valid nll 0.315
  [diag] log10|dL/dh_t| hist bins=60 range=(-12.50,-11.50) mean=-12.00 p50=-12.00 p05=-12.00 p95=-12.00
  [diag] sat-dist hist bins=60 sat<0.05=0.0% mean=0.947 p10=0.945 p90=0.949
  [diag] z-gate sat-dist hist bins=60 mean=0.122 p10=0.122 p90=0.122
  [diag] r-gate sat-dist hist bins=60 mean=0.498 p10=0.498 p90=0.498
Iter 0022580: train nll 0.410, valid error 100.000%, best valid error 100.000%, avg grad norm   0.072, avg grad norm (post clip)   0.000, rho_Whh  0.09, Omega  0.00, alpha  0.000, steps in the past 0.000, valid nll 0.315
  [diag] log10|dL/dh_t| hist bins=60 range=(-12.50,-11.50) mean=-12.00 p50=-12.00 p05=-12.00 p95=-12.00
  [diag] sat-dist hist bins=60 sat<0.05=0.0% mean=0.946 p10=0.945 p90=0.949
  [diag] z-gate sat-dist hist bins=60 mean=0.122 p10=0.122 p90=0.122
  [diag] r-gate sat-dist hist bins=60 mean=0.498 p10=0.498 p90=0.498
Iter 0022600: train nll 0.380, valid error 100.000%, best valid error 100.000%, avg grad norm   0.077, avg grad norm (post clip)   0.000, rho_Whh  0.09, Omega  0.00, alpha  0.000, steps in the past 0.000, valid nll 0.315
  [diag] log10|dL/dh_t| hist bins=60 range=(-12.50,-11.50) mean=-12.00 p50=-12.00 p05=-12.00 p95=-12.00
  [diag] sat-dist hist bins=60 sat<0.05=0.0% mean=0.946 p10=0.945 p90=0.949
  [diag] z-gate sat-dist hist bins=60 mean=0.122 p10=0.122 p90=0.122
  [diag] r-gate sat-dist hist bins=60 mean=0.498 p10=0.498 p90=0.498
Iter 0022620: train nll 0.355, valid error 100.000%, best valid error 100.000%, avg grad norm   0.057, avg grad norm (post clip)   0.000, rho_Whh  0.09, Omega  0.00, alpha  0.000, steps in the past 0.000, valid nll 0.314
  [diag] log10|dL/dh_t| hist bins=60 range=(-12.50,-11.50) mean=-12.00 p50=-12.00 p05=-12.00 p95=-12.00
  [diag] sat-dist hist bins=60 sat<0.05=0.0% mean=0.946 p10=0.945 p90=0.949
  [diag] z-gate sat-dist hist bins=60 mean=0.122 p10=0.122 p90=0.122
  [diag] r-gate sat-dist hist bins=60 mean=0.498 p10=0.498 p90=0.498
Iter 0022640: train nll 0.345, valid error 100.000%, best valid error 100.000%, avg grad norm   0.058, avg grad norm (post clip)   0.000, rho_Whh  0.09, Omega  0.00, alpha  0.000, steps in the past 0.000, valid nll 0.314
  [diag] log10|dL/dh_t| hist bins=60 range=(-12.50,-11.50) mean=-12.00 p50=-12.00 p05=-12.00 p95=-12.00
  [diag] sat-dist hist bins=60 sat<0.05=0.0% mean=0.946 p10=0.944 p90=0.948
  [diag] z-gate sat-dist hist bins=60 mean=0.122 p10=0.122 p90=0.122
  [diag] r-gate sat-dist hist bins=60 mean=0.498 p10=0.498 p90=0.498
Iter 0022660: train nll 0.351, valid error 100.000%, best valid error 100.000%, avg grad norm   0.061, avg grad norm (post clip)   0.000, rho_Whh  0.09, Omega  0.00, alpha  0.000, steps in the past 0.000, valid nll 0.314
  [diag] log10|dL/dh_t| hist bins=60 range=(-12.50,-11.50) mean=-12.00 p50=-12.00 p05=-12.00 p95=-12.00
  [diag] sat-dist hist bins=60 sat<0.05=0.0% mean=0.946 p10=0.944 p90=0.948
  [diag] z-gate sat-dist hist bins=60 mean=0.122 p10=0.122 p90=0.122
  [diag] r-gate sat-dist hist bins=60 mean=0.498 p10=0.498 p90=0.498
Iter 0022680: train nll 0.375, valid error 100.000%, best valid error 100.000%, avg grad norm   0.068, avg grad norm (post clip)   0.000, rho_Whh  0.09, Omega  0.00, alpha  0.000, steps in the past 0.000, valid nll 0.314
  [diag] log10|dL/dh_t| hist bins=60 range=(-12.50,-11.50) mean=-12.00 p50=-12.00 p05=-12.00 p95=-12.00
  [diag] sat-dist hist bins=60 sat<0.05=0.0% mean=0.946 p10=0.944 p90=0.948
  [diag] z-gate sat-dist hist bins=60 mean=0.122 p10=0.122 p90=0.122
  [diag] r-gate sat-dist hist bins=60 mean=0.498 p10=0.498 p90=0.498
Iter 0022700: train nll 0.385, valid error 100.000%, best valid error 100.000%, avg grad norm   0.049, avg grad norm (post clip)   0.000, rho_Whh  0.09, Omega  0.00, alpha  0.000, steps in the past 0.000, valid nll 0.314
  [diag] log10|dL/dh_t| hist bins=60 range=(-12.50,-11.50) mean=-12.00 p50=-12.00 p05=-12.00 p95=-12.00
  [diag] sat-dist hist bins=60 sat<0.05=0.0% mean=0.946 p10=0.944 p90=0.948
  [diag] z-gate sat-dist hist bins=60 mean=0.122 p10=0.122 p90=0.122
  [diag] r-gate sat-dist hist bins=60 mean=0.498 p10=0.498 p90=0.498
Iter 0022720: train nll 0.379, valid error 100.000%, best valid error 100.000%, avg grad norm   0.059, avg grad norm (post clip)   0.000, rho_Whh  0.09, Omega  0.00, alpha  0.000, steps in the past 0.000, valid nll 0.314
  [diag] log10|dL/dh_t| hist bins=60 range=(-12.50,-11.50) mean=-12.00 p50=-12.00 p05=-12.00 p95=-12.00
  [diag] sat-dist hist bins=60 sat<0.05=0.0% mean=0.946 p10=0.944 p90=0.948
  [diag] z-gate sat-dist hist bins=60 mean=0.122 p10=0.122 p90=0.122
  [diag] r-gate sat-dist hist bins=60 mean=0.498 p10=0.498 p90=0.498
Iter 0022740: train nll 0.357, valid error 100.000%, best valid error 100.000%, avg grad norm   0.060, avg grad norm (post clip)   0.000, rho_Whh  0.09, Omega  0.00, alpha  0.000, steps in the past 0.000, valid nll 0.313
  [diag] log10|dL/dh_t| hist bins=60 range=(-12.50,-11.50) mean=-12.00 p50=-12.00 p05=-12.00 p95=-12.00
  [diag] sat-dist hist bins=60 sat<0.05=0.0% mean=0.945 p10=0.944 p90=0.948
  [diag] z-gate sat-dist hist bins=60 mean=0.122 p10=0.122 p90=0.122
  [diag] r-gate sat-dist hist bins=60 mean=0.498 p10=0.498 p90=0.498
Iter 0022760: train nll 0.347, valid error 100.000%, best valid error 100.000%, avg grad norm   0.048, avg grad norm (post clip)   0.000, rho_Whh  0.09, Omega  0.00, alpha  0.000, steps in the past 0.000, valid nll 0.313
  [diag] log10|dL/dh_t| hist bins=60 range=(-12.50,-11.50) mean=-12.00 p50=-12.00 p05=-12.00 p95=-12.00
  [diag] sat-dist hist bins=60 sat<0.05=0.0% mean=0.945 p10=0.944 p90=0.948
  [diag] z-gate sat-dist hist bins=60 mean=0.122 p10=0.122 p90=0.122
  [diag] r-gate sat-dist hist bins=60 mean=0.498 p10=0.498 p90=0.498
Iter 0022780: train nll 0.377, valid error 100.000%, best valid error 100.000%, avg grad norm   0.058, avg grad norm (post clip)   0.000, rho_Whh  0.09, Omega  0.00, alpha  0.000, steps in the past 0.000, valid nll 0.313
  [diag] log10|dL/dh_t| hist bins=60 range=(-12.50,-11.50) mean=-12.00 p50=-12.00 p05=-12.00 p95=-12.00
  [diag] sat-dist hist bins=60 sat<0.05=0.0% mean=0.945 p10=0.944 p90=0.948
  [diag] z-gate sat-dist hist bins=60 mean=0.122 p10=0.122 p90=0.122
  [diag] r-gate sat-dist hist bins=60 mean=0.498 p10=0.498 p90=0.498
Iter 0022800: train nll 0.358, valid error 100.000%, best valid error 100.000%, avg grad norm   0.059, avg grad norm (post clip)   0.000, rho_Whh  0.09, Omega  0.00, alpha  0.000, steps in the past 0.000, valid nll 0.313
  [diag] log10|dL/dh_t| hist bins=60 range=(-12.50,-11.50) mean=-12.00 p50=-12.00 p05=-12.00 p95=-12.00
  [diag] sat-dist hist bins=60 sat<0.05=0.0% mean=0.945 p10=0.944 p90=0.948
  [diag] z-gate sat-dist hist bins=60 mean=0.122 p10=0.122 p90=0.122
  [diag] r-gate sat-dist hist bins=60 mean=0.498 p10=0.498 p90=0.498
Iter 0022820: train nll 0.390, valid error 100.000%, best valid error 100.000%, avg grad norm   0.065, avg grad norm (post clip)   0.000, rho_Whh  0.09, Omega  0.00, alpha  0.000, steps in the past 0.000, valid nll 0.313
  [diag] log10|dL/dh_t| hist bins=60 range=(-12.50,-11.50) mean=-12.00 p50=-12.00 p05=-12.00 p95=-12.00
  [diag] sat-dist hist bins=60 sat<0.05=0.0% mean=0.945 p10=0.944 p90=0.948
  [diag] z-gate sat-dist hist bins=60 mean=0.122 p10=0.122 p90=0.122
  [diag] r-gate sat-dist hist bins=60 mean=0.498 p10=0.498 p90=0.498
Iter 0022840: train nll 0.379, valid error 100.000%, best valid error 100.000%, avg grad norm   0.050, avg grad norm (post clip)   0.000, rho_Whh  0.09, Omega  0.00, alpha  0.000, steps in the past 0.000, valid nll 0.313
  [diag] log10|dL/dh_t| hist bins=60 range=(-12.50,-11.50) mean=-12.00 p50=-12.00 p05=-12.00 p95=-12.00
  [diag] sat-dist hist bins=60 sat<0.05=0.0% mean=0.945 p10=0.944 p90=0.948
  [diag] z-gate sat-dist hist bins=60 mean=0.122 p10=0.122 p90=0.122
  [diag] r-gate sat-dist hist bins=60 mean=0.498 p10=0.498 p90=0.498
Iter 0022860: train nll 0.370, valid error 100.000%, best valid error 100.000%, avg grad norm   0.072, avg grad norm (post clip)   0.000, rho_Whh  0.09, Omega  0.00, alpha  0.000, steps in the past 0.000, valid nll 0.313
  [diag] log10|dL/dh_t| hist bins=60 range=(-12.50,-11.50) mean=-12.00 p50=-12.00 p05=-12.00 p95=-12.00
  [diag] sat-dist hist bins=60 sat<0.05=0.0% mean=0.945 p10=0.944 p90=0.948
  [diag] z-gate sat-dist hist bins=60 mean=0.122 p10=0.122 p90=0.122
  [diag] r-gate sat-dist hist bins=60 mean=0.498 p10=0.498 p90=0.498
Iter 0022880: train nll 0.426, valid error 100.000%, best valid error 100.000%, avg grad norm   0.072, avg grad norm (post clip)   0.000, rho_Whh  0.09, Omega  0.00, alpha  0.000, steps in the past 0.000, valid nll 0.313
  [diag] log10|dL/dh_t| hist bins=60 range=(-12.50,-11.50) mean=-12.00 p50=-12.00 p05=-12.00 p95=-12.00
  [diag] sat-dist hist bins=60 sat<0.05=0.0% mean=0.945 p10=0.944 p90=0.948
  [diag] z-gate sat-dist hist bins=60 mean=0.122 p10=0.122 p90=0.122
  [diag] r-gate sat-dist hist bins=60 mean=0.498 p10=0.498 p90=0.498
Iter 0022900: train nll 0.418, valid error 100.000%, best valid error 100.000%, avg grad norm   0.086, avg grad norm (post clip)   0.000, rho_Whh  0.09, Omega  0.00, alpha  0.000, steps in the past 0.000, valid nll 0.314
  [diag] log10|dL/dh_t| hist bins=60 range=(-12.50,-11.50) mean=-12.00 p50=-12.00 p05=-12.00 p95=-12.00
  [diag] sat-dist hist bins=60 sat<0.05=0.0% mean=0.945 p10=0.944 p90=0.948
  [diag] z-gate sat-dist hist bins=60 mean=0.122 p10=0.122 p90=0.122
  [diag] r-gate sat-dist hist bins=60 mean=0.498 p10=0.498 p90=0.498
Iter 0022920: train nll 0.359, valid error 100.000%, best valid error 100.000%, avg grad norm   0.064, avg grad norm (post clip)   0.000, rho_Whh  0.09, Omega  0.00, alpha  0.000, steps in the past 0.000, valid nll 0.313
  [diag] log10|dL/dh_t| hist bins=60 range=(-12.50,-11.50) mean=-12.00 p50=-12.00 p05=-12.00 p95=-12.00
  [diag] sat-dist hist bins=60 sat<0.05=0.0% mean=0.945 p10=0.943 p90=0.948
  [diag] z-gate sat-dist hist bins=60 mean=0.122 p10=0.122 p90=0.122
  [diag] r-gate sat-dist hist bins=60 mean=0.498 p10=0.498 p90=0.498
Iter 0022940: train nll 0.334, valid error 100.000%, best valid error 100.000%, avg grad norm   0.052, avg grad norm (post clip)   0.000, rho_Whh  0.09, Omega  0.00, alpha  0.000, steps in the past 0.000, valid nll 0.313
  [diag] log10|dL/dh_t| hist bins=60 range=(-12.50,-11.50) mean=-12.00 p50=-12.00 p05=-12.00 p95=-12.00
  [diag] sat-dist hist bins=60 sat<0.05=0.0% mean=0.945 p10=0.943 p90=0.948
  [diag] z-gate sat-dist hist bins=60 mean=0.122 p10=0.122 p90=0.122
  [diag] r-gate sat-dist hist bins=60 mean=0.498 p10=0.498 p90=0.498
Iter 0022960: train nll 0.362, valid error 100.000%, best valid error 100.000%, avg grad norm   0.056, avg grad norm (post clip)   0.000, rho_Whh  0.09, Omega  0.00, alpha  0.000, steps in the past 0.000, valid nll 0.313
  [diag] log10|dL/dh_t| hist bins=60 range=(-12.50,-11.50) mean=-12.00 p50=-12.00 p05=-12.00 p95=-12.00
  [diag] sat-dist hist bins=60 sat<0.05=0.0% mean=0.945 p10=0.943 p90=0.948
  [diag] z-gate sat-dist hist bins=60 mean=0.122 p10=0.122 p90=0.122
  [diag] r-gate sat-dist hist bins=60 mean=0.498 p10=0.498 p90=0.498
Iter 0022980: train nll 0.398, valid error 100.000%, best valid error 100.000%, avg grad norm   0.072, avg grad norm (post clip)   0.000, rho_Whh  0.09, Omega  0.00, alpha  0.000, steps in the past 0.000, valid nll 0.313
  [diag] log10|dL/dh_t| hist bins=60 range=(-12.50,-11.50) mean=-12.00 p50=-12.00 p05=-12.00 p95=-12.00
  [diag] sat-dist hist bins=60 sat<0.05=0.0% mean=0.945 p10=0.943 p90=0.948
  [diag] z-gate sat-dist hist bins=60 mean=0.122 p10=0.122 p90=0.122
  [diag] r-gate sat-dist hist bins=60 mean=0.498 p10=0.498 p90=0.498
Iter 0023000: train nll 0.390, valid error 100.000%, best valid error 100.000%, avg grad norm   0.068, avg grad norm (post clip)   0.000, rho_Whh  0.10, Omega  0.00, alpha  0.000, steps in the past 0.000, valid nll 0.313
  [diag] log10|dL/dh_t| hist bins=60 range=(-12.50,-11.50) mean=-12.00 p50=-12.00 p05=-12.00 p95=-12.00
  [diag] sat-dist hist bins=60 sat<0.05=0.0% mean=0.945 p10=0.943 p90=0.948
  [diag] z-gate sat-dist hist bins=60 mean=0.122 p10=0.122 p90=0.122
  [diag] r-gate sat-dist hist bins=60 mean=0.498 p10=0.498 p90=0.498
Iter 0023020: train nll 0.382, valid error 100.000%, best valid error 100.000%, avg grad norm   0.071, avg grad norm (post clip)   0.000, rho_Whh  0.10, Omega  0.00, alpha  0.000, steps in the past 0.000, valid nll 0.313
  [diag] log10|dL/dh_t| hist bins=60 range=(-12.50,-11.50) mean=-12.00 p50=-12.00 p05=-12.00 p95=-12.00
  [diag] sat-dist hist bins=60 sat<0.05=0.0% mean=0.945 p10=0.943 p90=0.948
  [diag] z-gate sat-dist hist bins=60 mean=0.122 p10=0.122 p90=0.122
  [diag] r-gate sat-dist hist bins=60 mean=0.498 p10=0.498 p90=0.498
Iter 0023040: train nll 0.378, valid error 100.000%, best valid error 100.000%, avg grad norm   0.069, avg grad norm (post clip)   0.000, rho_Whh  0.10, Omega  0.00, alpha  0.000, steps in the past 0.000, valid nll 0.313
  [diag] log10|dL/dh_t| hist bins=60 range=(-12.50,-11.50) mean=-12.00 p50=-12.00 p05=-12.00 p95=-12.00
  [diag] sat-dist hist bins=60 sat<0.05=0.0% mean=0.945 p10=0.943 p90=0.948
  [diag] z-gate sat-dist hist bins=60 mean=0.122 p10=0.122 p90=0.122
  [diag] r-gate sat-dist hist bins=60 mean=0.498 p10=0.498 p90=0.498
Iter 0023060: train nll 0.433, valid error 100.000%, best valid error 100.000%, avg grad norm   0.078, avg grad norm (post clip)   0.000, rho_Whh  0.10, Omega  0.00, alpha  0.000, steps in the past 0.000, valid nll 0.313
  [diag] log10|dL/dh_t| hist bins=60 range=(-12.50,-11.50) mean=-12.00 p50=-12.00 p05=-12.00 p95=-12.00
  [diag] sat-dist hist bins=60 sat<0.05=0.0% mean=0.945 p10=0.943 p90=0.948
  [diag] z-gate sat-dist hist bins=60 mean=0.122 p10=0.122 p90=0.122
  [diag] r-gate sat-dist hist bins=60 mean=0.498 p10=0.498 p90=0.498
Iter 0023080: train nll 0.340, valid error 100.000%, best valid error 100.000%, avg grad norm   0.061, avg grad norm (post clip)   0.000, rho_Whh  0.10, Omega  0.00, alpha  0.000, steps in the past 0.000, valid nll 0.313
  [diag] log10|dL/dh_t| hist bins=60 range=(-12.50,-11.50) mean=-12.00 p50=-12.00 p05=-12.00 p95=-12.00
  [diag] sat-dist hist bins=60 sat<0.05=0.0% mean=0.945 p10=0.943 p90=0.947
  [diag] z-gate sat-dist hist bins=60 mean=0.122 p10=0.122 p90=0.122
  [diag] r-gate sat-dist hist bins=60 mean=0.498 p10=0.498 p90=0.498
Iter 0023100: train nll 0.347, valid error 100.000%, best valid error 100.000%, avg grad norm   0.057, avg grad norm (post clip)   0.000, rho_Whh  0.10, Omega  0.00, alpha  0.000, steps in the past 0.000, valid nll 0.313
  [diag] log10|dL/dh_t| hist bins=60 range=(-12.50,-11.50) mean=-12.00 p50=-12.00 p05=-12.00 p95=-12.00
  [diag] sat-dist hist bins=60 sat<0.05=0.0% mean=0.945 p10=0.943 p90=0.947
  [diag] z-gate sat-dist hist bins=60 mean=0.122 p10=0.122 p90=0.122
  [diag] r-gate sat-dist hist bins=60 mean=0.498 p10=0.498 p90=0.498
Iter 0023120: train nll 0.375, valid error 100.000%, best valid error 100.000%, avg grad norm   0.073, avg grad norm (post clip)   0.000, rho_Whh  0.10, Omega  0.00, alpha  0.000, steps in the past 0.000, valid nll 0.313
  [diag] log10|dL/dh_t| hist bins=60 range=(-12.50,-11.50) mean=-12.00 p50=-12.00 p05=-12.00 p95=-12.00
  [diag] sat-dist hist bins=60 sat<0.05=0.0% mean=0.944 p10=0.943 p90=0.947
  [diag] z-gate sat-dist hist bins=60 mean=0.122 p10=0.122 p90=0.122
  [diag] r-gate sat-dist hist bins=60 mean=0.498 p10=0.498 p90=0.498
Iter 0023140: train nll 0.361, valid error 100.000%, best valid error 100.000%, avg grad norm   0.057, avg grad norm (post clip)   0.000, rho_Whh  0.10, Omega  0.00, alpha  0.000, steps in the past 0.000, valid nll 0.313
  [diag] log10|dL/dh_t| hist bins=60 range=(-12.50,-11.50) mean=-12.00 p50=-12.00 p05=-12.00 p95=-12.00
  [diag] sat-dist hist bins=60 sat<0.05=0.0% mean=0.944 p10=0.943 p90=0.947
  [diag] z-gate sat-dist hist bins=60 mean=0.122 p10=0.122 p90=0.122
  [diag] r-gate sat-dist hist bins=60 mean=0.498 p10=0.498 p90=0.498
Iter 0023160: train nll 0.357, valid error 100.000%, best valid error 100.000%, avg grad norm   0.068, avg grad norm (post clip)   0.000, rho_Whh  0.10, Omega  0.00, alpha  0.000, steps in the past 0.000, valid nll 0.313
  [diag] log10|dL/dh_t| hist bins=60 range=(-12.50,-11.50) mean=-12.00 p50=-12.00 p05=-12.00 p95=-12.00
  [diag] sat-dist hist bins=60 sat<0.05=0.0% mean=0.944 p10=0.942 p90=0.947
  [diag] z-gate sat-dist hist bins=60 mean=0.122 p10=0.122 p90=0.122
  [diag] r-gate sat-dist hist bins=60 mean=0.498 p10=0.498 p90=0.498
Iter 0023180: train nll 0.353, valid error 100.000%, best valid error 100.000%, avg grad norm   0.062, avg grad norm (post clip)   0.000, rho_Whh  0.10, Omega  0.00, alpha  0.000, steps in the past 0.000, valid nll 0.312
  [diag] log10|dL/dh_t| hist bins=60 range=(-12.50,-11.50) mean=-12.00 p50=-12.00 p05=-12.00 p95=-12.00
  [diag] sat-dist hist bins=60 sat<0.05=0.0% mean=0.944 p10=0.942 p90=0.947
  [diag] z-gate sat-dist hist bins=60 mean=0.122 p10=0.122 p90=0.122
  [diag] r-gate sat-dist hist bins=60 mean=0.498 p10=0.498 p90=0.498
Iter 0023200: train nll 0.373, valid error 100.000%, best valid error 100.000%, avg grad norm   0.066, avg grad norm (post clip)   0.000, rho_Whh  0.10, Omega  0.00, alpha  0.000, steps in the past 0.000, valid nll 0.312
  [diag] log10|dL/dh_t| hist bins=60 range=(-12.50,-11.50) mean=-12.00 p50=-12.00 p05=-12.00 p95=-12.00
  [diag] sat-dist hist bins=60 sat<0.05=0.0% mean=0.944 p10=0.942 p90=0.947
  [diag] z-gate sat-dist hist bins=60 mean=0.122 p10=0.122 p90=0.122
  [diag] r-gate sat-dist hist bins=60 mean=0.498 p10=0.498 p90=0.498
Iter 0023220: train nll 0.377, valid error 100.000%, best valid error 100.000%, avg grad norm   0.063, avg grad norm (post clip)   0.000, rho_Whh  0.10, Omega  0.00, alpha  0.000, steps in the past 0.000, valid nll 0.312
  [diag] log10|dL/dh_t| hist bins=60 range=(-12.50,-11.50) mean=-12.00 p50=-12.00 p05=-12.00 p95=-12.00
  [diag] sat-dist hist bins=60 sat<0.05=0.0% mean=0.944 p10=0.942 p90=0.947
  [diag] z-gate sat-dist hist bins=60 mean=0.122 p10=0.122 p90=0.122
  [diag] r-gate sat-dist hist bins=60 mean=0.498 p10=0.498 p90=0.498
Iter 0023240: train nll 0.380, valid error 100.000%, best valid error 100.000%, avg grad norm   0.075, avg grad norm (post clip)   0.000, rho_Whh  0.10, Omega  0.00, alpha  0.000, steps in the past 0.000, valid nll 0.312
  [diag] log10|dL/dh_t| hist bins=60 range=(-12.50,-11.50) mean=-12.00 p50=-12.00 p05=-12.00 p95=-12.00
  [diag] sat-dist hist bins=60 sat<0.05=0.0% mean=0.944 p10=0.942 p90=0.947
  [diag] z-gate sat-dist hist bins=60 mean=0.122 p10=0.122 p90=0.122
  [diag] r-gate sat-dist hist bins=60 mean=0.498 p10=0.498 p90=0.498
Iter 0023260: train nll 0.401, valid error 100.000%, best valid error 100.000%, avg grad norm   0.073, avg grad norm (post clip)   0.000, rho_Whh  0.10, Omega  0.00, alpha  0.000, steps in the past 0.000, valid nll 0.312
  [diag] log10|dL/dh_t| hist bins=60 range=(-12.50,-11.50) mean=-12.00 p50=-12.00 p05=-12.00 p95=-12.00
  [diag] sat-dist hist bins=60 sat<0.05=0.0% mean=0.944 p10=0.943 p90=0.947
  [diag] z-gate sat-dist hist bins=60 mean=0.122 p10=0.122 p90=0.122
  [diag] r-gate sat-dist hist bins=60 mean=0.498 p10=0.498 p90=0.498
Iter 0023280: train nll 0.416, valid error 100.000%, best valid error 100.000%, avg grad norm   0.066, avg grad norm (post clip)   0.000, rho_Whh  0.10, Omega  0.00, alpha  0.000, steps in the past 0.000, valid nll 0.313
  [diag] log10|dL/dh_t| hist bins=60 range=(-12.50,-11.50) mean=-12.00 p50=-12.00 p05=-12.00 p95=-12.00
  [diag] sat-dist hist bins=60 sat<0.05=0.0% mean=0.944 p10=0.943 p90=0.947
  [diag] z-gate sat-dist hist bins=60 mean=0.122 p10=0.122 p90=0.122
  [diag] r-gate sat-dist hist bins=60 mean=0.498 p10=0.498 p90=0.498
Iter 0023300: train nll 0.385, valid error 100.000%, best valid error 100.000%, avg grad norm   0.057, avg grad norm (post clip)   0.000, rho_Whh  0.10, Omega  0.00, alpha  0.000, steps in the past 0.000, valid nll 0.313
  [diag] log10|dL/dh_t| hist bins=60 range=(-12.50,-11.50) mean=-12.00 p50=-12.00 p05=-12.00 p95=-12.00
  [diag] sat-dist hist bins=60 sat<0.05=0.0% mean=0.944 p10=0.943 p90=0.947
  [diag] z-gate sat-dist hist bins=60 mean=0.122 p10=0.122 p90=0.122
  [diag] r-gate sat-dist hist bins=60 mean=0.498 p10=0.498 p90=0.498
Iter 0023320: train nll 0.425, valid error 100.000%, best valid error 100.000%, avg grad norm   0.077, avg grad norm (post clip)   0.000, rho_Whh  0.10, Omega  0.00, alpha  0.000, steps in the past 0.000, valid nll 0.313
  [diag] log10|dL/dh_t| hist bins=60 range=(-12.50,-11.50) mean=-12.00 p50=-12.00 p05=-12.00 p95=-12.00
  [diag] sat-dist hist bins=60 sat<0.05=0.0% mean=0.944 p10=0.943 p90=0.947
  [diag] z-gate sat-dist hist bins=60 mean=0.122 p10=0.122 p90=0.122
  [diag] r-gate sat-dist hist bins=60 mean=0.498 p10=0.498 p90=0.498
Iter 0023340: train nll 0.389, valid error 100.000%, best valid error 100.000%, avg grad norm   0.074, avg grad norm (post clip)   0.000, rho_Whh  0.10, Omega  0.00, alpha  0.000, steps in the past 0.000, valid nll 0.313
  [diag] log10|dL/dh_t| hist bins=60 range=(-12.50,-11.50) mean=-12.00 p50=-12.00 p05=-12.00 p95=-12.00
  [diag] sat-dist hist bins=60 sat<0.05=0.0% mean=0.944 p10=0.942 p90=0.947
  [diag] z-gate sat-dist hist bins=60 mean=0.122 p10=0.122 p90=0.122
  [diag] r-gate sat-dist hist bins=60 mean=0.498 p10=0.498 p90=0.498
Iter 0023360: train nll 0.325, valid error 100.000%, best valid error 100.000%, avg grad norm   0.063, avg grad norm (post clip)   0.000, rho_Whh  0.10, Omega  0.00, alpha  0.000, steps in the past 0.000, valid nll 0.313
  [diag] log10|dL/dh_t| hist bins=60 range=(-12.50,-11.50) mean=-12.00 p50=-12.00 p05=-12.00 p95=-12.00
  [diag] sat-dist hist bins=60 sat<0.05=0.0% mean=0.944 p10=0.942 p90=0.947
  [diag] z-gate sat-dist hist bins=60 mean=0.122 p10=0.122 p90=0.122
  [diag] r-gate sat-dist hist bins=60 mean=0.498 p10=0.498 p90=0.498
Iter 0023380: train nll 0.379, valid error 100.000%, best valid error 100.000%, avg grad norm   0.059, avg grad norm (post clip)   0.000, rho_Whh  0.10, Omega  0.00, alpha  0.000, steps in the past 0.000, valid nll 0.313
  [diag] log10|dL/dh_t| hist bins=60 range=(-12.50,-11.50) mean=-12.00 p50=-12.00 p05=-12.00 p95=-12.00
  [diag] sat-dist hist bins=60 sat<0.05=0.0% mean=0.944 p10=0.942 p90=0.947
  [diag] z-gate sat-dist hist bins=60 mean=0.122 p10=0.122 p90=0.122
  [diag] r-gate sat-dist hist bins=60 mean=0.498 p10=0.498 p90=0.498
Iter 0023400: train nll 0.382, valid error 100.000%, best valid error 100.000%, avg grad norm   0.070, avg grad norm (post clip)   0.000, rho_Whh  0.10, Omega  0.00, alpha  0.000, steps in the past 0.000, valid nll 0.313
  [diag] log10|dL/dh_t| hist bins=60 range=(-12.50,-11.50) mean=-12.00 p50=-12.00 p05=-12.00 p95=-12.00
  [diag] sat-dist hist bins=60 sat<0.05=0.0% mean=0.944 p10=0.942 p90=0.947
  [diag] z-gate sat-dist hist bins=60 mean=0.122 p10=0.122 p90=0.122
  [diag] r-gate sat-dist hist bins=60 mean=0.498 p10=0.498 p90=0.498
Iter 0023420: train nll 0.397, valid error 100.000%, best valid error 100.000%, avg grad norm   0.077, avg grad norm (post clip)   0.000, rho_Whh  0.10, Omega  0.00, alpha  0.000, steps in the past 0.000, valid nll 0.313
  [diag] log10|dL/dh_t| hist bins=60 range=(-12.50,-11.50) mean=-12.00 p50=-12.00 p05=-12.00 p95=-12.00
  [diag] sat-dist hist bins=60 sat<0.05=0.0% mean=0.944 p10=0.942 p90=0.947
  [diag] z-gate sat-dist hist bins=60 mean=0.122 p10=0.122 p90=0.122
  [diag] r-gate sat-dist hist bins=60 mean=0.498 p10=0.498 p90=0.498
Iter 0023440: train nll 0.392, valid error 100.000%, best valid error 100.000%, avg grad norm   0.073, avg grad norm (post clip)   0.000, rho_Whh  0.10, Omega  0.00, alpha  0.000, steps in the past 0.000, valid nll 0.313
  [diag] log10|dL/dh_t| hist bins=60 range=(-12.50,-11.50) mean=-12.00 p50=-12.00 p05=-12.00 p95=-12.00
  [diag] sat-dist hist bins=60 sat<0.05=0.0% mean=0.944 p10=0.942 p90=0.947
  [diag] z-gate sat-dist hist bins=60 mean=0.122 p10=0.122 p90=0.122
  [diag] r-gate sat-dist hist bins=60 mean=0.498 p10=0.498 p90=0.498
Iter 0023460: train nll 0.410, valid error 100.000%, best valid error 100.000%, avg grad norm   0.089, avg grad norm (post clip)   0.000, rho_Whh  0.10, Omega  0.00, alpha  0.000, steps in the past 0.000, valid nll 0.313
  [diag] log10|dL/dh_t| hist bins=60 range=(-12.50,-11.50) mean=-12.00 p50=-12.00 p05=-12.00 p95=-12.00
  [diag] sat-dist hist bins=60 sat<0.05=0.0% mean=0.944 p10=0.942 p90=0.947
  [diag] z-gate sat-dist hist bins=60 mean=0.122 p10=0.122 p90=0.122
  [diag] r-gate sat-dist hist bins=60 mean=0.498 p10=0.498 p90=0.498
Iter 0023480: train nll 0.387, valid error 100.000%, best valid error 100.000%, avg grad norm   0.061, avg grad norm (post clip)   0.000, rho_Whh  0.10, Omega  0.00, alpha  0.000, steps in the past 0.000, valid nll 0.313
  [diag] log10|dL/dh_t| hist bins=60 range=(-12.50,-11.50) mean=-12.00 p50=-12.00 p05=-12.00 p95=-12.00
  [diag] sat-dist hist bins=60 sat<0.05=0.0% mean=0.944 p10=0.942 p90=0.947
  [diag] z-gate sat-dist hist bins=60 mean=0.122 p10=0.122 p90=0.122
  [diag] r-gate sat-dist hist bins=60 mean=0.498 p10=0.498 p90=0.498
Iter 0023500: train nll 0.386, valid error 100.000%, best valid error 100.000%, avg grad norm   0.069, avg grad norm (post clip)   0.000, rho_Whh  0.10, Omega  0.00, alpha  0.000, steps in the past 0.000, valid nll 0.313
  [diag] log10|dL/dh_t| hist bins=60 range=(-12.50,-11.50) mean=-12.00 p50=-12.00 p05=-12.00 p95=-12.00
  [diag] sat-dist hist bins=60 sat<0.05=0.0% mean=0.944 p10=0.942 p90=0.947
  [diag] z-gate sat-dist hist bins=60 mean=0.122 p10=0.122 p90=0.122
  [diag] r-gate sat-dist hist bins=60 mean=0.498 p10=0.498 p90=0.498
Iter 0023520: train nll 0.387, valid error 100.000%, best valid error 100.000%, avg grad norm   0.079, avg grad norm (post clip)   0.000, rho_Whh  0.10, Omega  0.00, alpha  0.000, steps in the past 0.000, valid nll 0.313
  [diag] log10|dL/dh_t| hist bins=60 range=(-12.50,-11.50) mean=-12.00 p50=-12.00 p05=-12.00 p95=-12.00
  [diag] sat-dist hist bins=60 sat<0.05=0.0% mean=0.944 p10=0.942 p90=0.947
  [diag] z-gate sat-dist hist bins=60 mean=0.122 p10=0.122 p90=0.122
  [diag] r-gate sat-dist hist bins=60 mean=0.498 p10=0.498 p90=0.498
Iter 0023540: train nll 0.398, valid error 100.000%, best valid error 100.000%, avg grad norm   0.077, avg grad norm (post clip)   0.000, rho_Whh  0.10, Omega  0.00, alpha  0.000, steps in the past 0.000, valid nll 0.313
  [diag] log10|dL/dh_t| hist bins=60 range=(-12.50,-11.50) mean=-12.00 p50=-12.00 p05=-12.00 p95=-12.00
  [diag] sat-dist hist bins=60 sat<0.05=0.0% mean=0.944 p10=0.942 p90=0.947
  [diag] z-gate sat-dist hist bins=60 mean=0.122 p10=0.122 p90=0.122
  [diag] r-gate sat-dist hist bins=60 mean=0.498 p10=0.498 p90=0.498
Iter 0023560: train nll 0.365, valid error 100.000%, best valid error 100.000%, avg grad norm   0.056, avg grad norm (post clip)   0.000, rho_Whh  0.10, Omega  0.00, alpha  0.000, steps in the past 0.000, valid nll 0.313
  [diag] log10|dL/dh_t| hist bins=60 range=(-12.50,-11.50) mean=-12.00 p50=-12.00 p05=-12.00 p95=-12.00
  [diag] sat-dist hist bins=60 sat<0.05=0.0% mean=0.943 p10=0.942 p90=0.947
  [diag] z-gate sat-dist hist bins=60 mean=0.122 p10=0.122 p90=0.122
  [diag] r-gate sat-dist hist bins=60 mean=0.498 p10=0.498 p90=0.498
Iter 0023580: train nll 0.381, valid error 100.000%, best valid error 100.000%, avg grad norm   0.065, avg grad norm (post clip)   0.000, rho_Whh  0.10, Omega  0.00, alpha  0.000, steps in the past 0.000, valid nll 0.313
  [diag] log10|dL/dh_t| hist bins=60 range=(-12.50,-11.50) mean=-12.00 p50=-12.00 p05=-12.00 p95=-12.00
  [diag] sat-dist hist bins=60 sat<0.05=0.0% mean=0.943 p10=0.942 p90=0.947
  [diag] z-gate sat-dist hist bins=60 mean=0.122 p10=0.122 p90=0.122
  [diag] r-gate sat-dist hist bins=60 mean=0.498 p10=0.498 p90=0.498
Iter 0023600: train nll 0.370, valid error 100.000%, best valid error 100.000%, avg grad norm   0.079, avg grad norm (post clip)   0.000, rho_Whh  0.10, Omega  0.00, alpha  0.000, steps in the past 0.000, valid nll 0.312
  [diag] log10|dL/dh_t| hist bins=60 range=(-12.50,-11.50) mean=-12.00 p50=-12.00 p05=-12.00 p95=-12.00
  [diag] sat-dist hist bins=60 sat<0.05=0.0% mean=0.943 p10=0.941 p90=0.947
  [diag] z-gate sat-dist hist bins=60 mean=0.122 p10=0.122 p90=0.122
  [diag] r-gate sat-dist hist bins=60 mean=0.498 p10=0.498 p90=0.498
Iter 0023620: train nll 0.353, valid error 100.000%, best valid error 100.000%, avg grad norm   0.068, avg grad norm (post clip)   0.000, rho_Whh  0.10, Omega  0.00, alpha  0.000, steps in the past 0.000, valid nll 0.312
  [diag] log10|dL/dh_t| hist bins=60 range=(-12.50,-11.50) mean=-12.00 p50=-12.00 p05=-12.00 p95=-12.00
  [diag] sat-dist hist bins=60 sat<0.05=0.0% mean=0.943 p10=0.941 p90=0.947
  [diag] z-gate sat-dist hist bins=60 mean=0.122 p10=0.122 p90=0.122
  [diag] r-gate sat-dist hist bins=60 mean=0.498 p10=0.498 p90=0.498
Iter 0023640: train nll 0.398, valid error 100.000%, best valid error 100.000%, avg grad norm   0.089, avg grad norm (post clip)   0.000, rho_Whh  0.10, Omega  0.00, alpha  0.000, steps in the past 0.000, valid nll 0.312
  [diag] log10|dL/dh_t| hist bins=60 range=(-12.50,-11.50) mean=-12.00 p50=-12.00 p05=-12.00 p95=-12.00
  [diag] sat-dist hist bins=60 sat<0.05=0.0% mean=0.943 p10=0.941 p90=0.947
  [diag] z-gate sat-dist hist bins=60 mean=0.122 p10=0.122 p90=0.122
  [diag] r-gate sat-dist hist bins=60 mean=0.498 p10=0.498 p90=0.498
Iter 0023660: train nll 0.374, valid error 100.000%, best valid error 100.000%, avg grad norm   0.067, avg grad norm (post clip)   0.000, rho_Whh  0.10, Omega  0.00, alpha  0.000, steps in the past 0.000, valid nll 0.312
  [diag] log10|dL/dh_t| hist bins=60 range=(-12.50,-11.50) mean=-12.00 p50=-12.00 p05=-12.00 p95=-12.00
  [diag] sat-dist hist bins=60 sat<0.05=0.0% mean=0.943 p10=0.941 p90=0.947
  [diag] z-gate sat-dist hist bins=60 mean=0.122 p10=0.122 p90=0.122
  [diag] r-gate sat-dist hist bins=60 mean=0.498 p10=0.498 p90=0.498
Iter 0023680: train nll 0.403, valid error 100.000%, best valid error 100.000%, avg grad norm   0.075, avg grad norm (post clip)   0.000, rho_Whh  0.10, Omega  0.00, alpha  0.000, steps in the past 0.000, valid nll 0.312
  [diag] log10|dL/dh_t| hist bins=60 range=(-12.50,-11.50) mean=-12.00 p50=-12.00 p05=-12.00 p95=-12.00
  [diag] sat-dist hist bins=60 sat<0.05=0.0% mean=0.943 p10=0.941 p90=0.946
  [diag] z-gate sat-dist hist bins=60 mean=0.122 p10=0.122 p90=0.122
  [diag] r-gate sat-dist hist bins=60 mean=0.498 p10=0.498 p90=0.498
Iter 0023700: train nll 0.351, valid error 100.000%, best valid error 100.000%, avg grad norm   0.063, avg grad norm (post clip)   0.000, rho_Whh  0.10, Omega  0.00, alpha  0.000, steps in the past 0.000, valid nll 0.312
  [diag] log10|dL/dh_t| hist bins=60 range=(-12.50,-11.50) mean=-12.00 p50=-12.00 p05=-12.00 p95=-12.00
  [diag] sat-dist hist bins=60 sat<0.05=0.0% mean=0.943 p10=0.941 p90=0.946
  [diag] z-gate sat-dist hist bins=60 mean=0.122 p10=0.122 p90=0.122
  [diag] r-gate sat-dist hist bins=60 mean=0.498 p10=0.498 p90=0.498
Iter 0023720: train nll 0.364, valid error 100.000%, best valid error 100.000%, avg grad norm   0.078, avg grad norm (post clip)   0.000, rho_Whh  0.10, Omega  0.00, alpha  0.000, steps in the past 0.000, valid nll 0.312
  [diag] log10|dL/dh_t| hist bins=60 range=(-12.50,-11.50) mean=-12.00 p50=-12.00 p05=-12.00 p95=-12.00
  [diag] sat-dist hist bins=60 sat<0.05=0.0% mean=0.943 p10=0.941 p90=0.946
  [diag] z-gate sat-dist hist bins=60 mean=0.122 p10=0.122 p90=0.122
  [diag] r-gate sat-dist hist bins=60 mean=0.498 p10=0.498 p90=0.498
Iter 0023740: train nll 0.389, valid error 100.000%, best valid error 100.000%, avg grad norm   0.071, avg grad norm (post clip)   0.000, rho_Whh  0.10, Omega  0.00, alpha  0.000, steps in the past 0.000, valid nll 0.312
  [diag] log10|dL/dh_t| hist bins=60 range=(-12.50,-11.50) mean=-12.00 p50=-12.00 p05=-12.00 p95=-12.00
  [diag] sat-dist hist bins=60 sat<0.05=0.0% mean=0.943 p10=0.941 p90=0.946
  [diag] z-gate sat-dist hist bins=60 mean=0.122 p10=0.122 p90=0.122
  [diag] r-gate sat-dist hist bins=60 mean=0.498 p10=0.498 p90=0.498
Iter 0023760: train nll 0.374, valid error 100.000%, best valid error 100.000%, avg grad norm   0.081, avg grad norm (post clip)   0.000, rho_Whh  0.10, Omega  0.00, alpha  0.000, steps in the past 0.000, valid nll 0.312
  [diag] log10|dL/dh_t| hist bins=60 range=(-12.50,-11.50) mean=-12.00 p50=-12.00 p05=-12.00 p95=-12.00
  [diag] sat-dist hist bins=60 sat<0.05=0.0% mean=0.942 p10=0.941 p90=0.946
  [diag] z-gate sat-dist hist bins=60 mean=0.122 p10=0.122 p90=0.122
  [diag] r-gate sat-dist hist bins=60 mean=0.498 p10=0.498 p90=0.498
Iter 0023780: train nll 0.354, valid error 100.000%, best valid error 100.000%, avg grad norm   0.073, avg grad norm (post clip)   0.000, rho_Whh  0.10, Omega  0.00, alpha  0.000, steps in the past 0.000, valid nll 0.312
  [diag] log10|dL/dh_t| hist bins=60 range=(-12.50,-11.50) mean=-12.00 p50=-12.00 p05=-12.00 p95=-12.00
  [diag] sat-dist hist bins=60 sat<0.05=0.0% mean=0.942 p10=0.941 p90=0.946
  [diag] z-gate sat-dist hist bins=60 mean=0.122 p10=0.122 p90=0.122
  [diag] r-gate sat-dist hist bins=60 mean=0.498 p10=0.498 p90=0.498
Iter 0023800: train nll 0.362, valid error 100.000%, best valid error 100.000%, avg grad norm   0.066, avg grad norm (post clip)   0.000, rho_Whh  0.10, Omega  0.00, alpha  0.000, steps in the past 0.000, valid nll 0.311
  [diag] log10|dL/dh_t| hist bins=60 range=(-12.50,-11.50) mean=-12.00 p50=-12.00 p05=-12.00 p95=-12.00
  [diag] sat-dist hist bins=60 sat<0.05=0.0% mean=0.942 p10=0.940 p90=0.946
  [diag] z-gate sat-dist hist bins=60 mean=0.122 p10=0.122 p90=0.122
  [diag] r-gate sat-dist hist bins=60 mean=0.498 p10=0.498 p90=0.498
Iter 0023820: train nll 0.370, valid error 100.000%, best valid error 100.000%, avg grad norm   0.078, avg grad norm (post clip)   0.000, rho_Whh  0.10, Omega  0.00, alpha  0.000, steps in the past 0.000, valid nll 0.311
  [diag] log10|dL/dh_t| hist bins=60 range=(-12.50,-11.50) mean=-12.00 p50=-12.00 p05=-12.00 p95=-12.00
  [diag] sat-dist hist bins=60 sat<0.05=0.0% mean=0.942 p10=0.940 p90=0.946
  [diag] z-gate sat-dist hist bins=60 mean=0.122 p10=0.122 p90=0.122
  [diag] r-gate sat-dist hist bins=60 mean=0.498 p10=0.498 p90=0.498
Iter 0023840: train nll 0.343, valid error 100.000%, best valid error 100.000%, avg grad norm   0.049, avg grad norm (post clip)   0.000, rho_Whh  0.10, Omega  0.00, alpha  0.000, steps in the past 0.000, valid nll 0.311
  [diag] log10|dL/dh_t| hist bins=60 range=(-12.50,-11.50) mean=-12.00 p50=-12.00 p05=-12.00 p95=-12.00
  [diag] sat-dist hist bins=60 sat<0.05=0.0% mean=0.942 p10=0.940 p90=0.946
  [diag] z-gate sat-dist hist bins=60 mean=0.122 p10=0.122 p90=0.122
  [diag] r-gate sat-dist hist bins=60 mean=0.498 p10=0.498 p90=0.498
Iter 0023860: train nll 0.398, valid error 100.000%, best valid error 100.000%, avg grad norm   0.085, avg grad norm (post clip)   0.000, rho_Whh  0.10, Omega  0.00, alpha  0.000, steps in the past 0.000, valid nll 0.311
  [diag] log10|dL/dh_t| hist bins=60 range=(-12.50,-11.50) mean=-12.00 p50=-12.00 p05=-12.00 p95=-12.00
  [diag] sat-dist hist bins=60 sat<0.05=0.0% mean=0.942 p10=0.940 p90=0.946
  [diag] z-gate sat-dist hist bins=60 mean=0.122 p10=0.122 p90=0.122
  [diag] r-gate sat-dist hist bins=60 mean=0.498 p10=0.498 p90=0.498
Iter 0023880: train nll 0.355, valid error 100.000%, best valid error 100.000%, avg grad norm   0.067, avg grad norm (post clip)   0.000, rho_Whh  0.10, Omega  0.00, alpha  0.000, steps in the past 0.000, valid nll 0.311
  [diag] log10|dL/dh_t| hist bins=60 range=(-12.50,-11.50) mean=-12.00 p50=-12.00 p05=-12.00 p95=-12.00
  [diag] sat-dist hist bins=60 sat<0.05=0.0% mean=0.942 p10=0.940 p90=0.946
  [diag] z-gate sat-dist hist bins=60 mean=0.122 p10=0.122 p90=0.122
  [diag] r-gate sat-dist hist bins=60 mean=0.498 p10=0.498 p90=0.498
Iter 0023900: train nll 0.422, valid error 100.000%, best valid error 100.000%, avg grad norm   0.095, avg grad norm (post clip)   0.000, rho_Whh  0.10, Omega  0.00, alpha  0.000, steps in the past 0.000, valid nll 0.311
  [diag] log10|dL/dh_t| hist bins=60 range=(-12.50,-11.50) mean=-12.00 p50=-12.00 p05=-12.00 p95=-12.00
  [diag] sat-dist hist bins=60 sat<0.05=0.0% mean=0.942 p10=0.940 p90=0.946
  [diag] z-gate sat-dist hist bins=60 mean=0.122 p10=0.122 p90=0.122
  [diag] r-gate sat-dist hist bins=60 mean=0.498 p10=0.498 p90=0.498
Iter 0023920: train nll 0.383, valid error 100.000%, best valid error 100.000%, avg grad norm   0.069, avg grad norm (post clip)   0.000, rho_Whh  0.10, Omega  0.00, alpha  0.000, steps in the past 0.000, valid nll 0.311
  [diag] log10|dL/dh_t| hist bins=60 range=(-12.50,-11.50) mean=-12.00 p50=-12.00 p05=-12.00 p95=-12.00
  [diag] sat-dist hist bins=60 sat<0.05=0.0% mean=0.942 p10=0.940 p90=0.946
  [diag] z-gate sat-dist hist bins=60 mean=0.122 p10=0.122 p90=0.122
  [diag] r-gate sat-dist hist bins=60 mean=0.498 p10=0.498 p90=0.498
Iter 0023940: train nll 0.367, valid error 100.000%, best valid error 100.000%, avg grad norm   0.088, avg grad norm (post clip)   0.000, rho_Whh  0.10, Omega  0.00, alpha  0.000, steps in the past 0.000, valid nll 0.311
  [diag] log10|dL/dh_t| hist bins=60 range=(-12.50,-11.50) mean=-12.00 p50=-12.00 p05=-12.00 p95=-12.00
  [diag] sat-dist hist bins=60 sat<0.05=0.0% mean=0.942 p10=0.940 p90=0.945
  [diag] z-gate sat-dist hist bins=60 mean=0.122 p10=0.122 p90=0.122
  [diag] r-gate sat-dist hist bins=60 mean=0.498 p10=0.498 p90=0.498
Iter 0023960: train nll 0.358, valid error 100.000%, best valid error 100.000%, avg grad norm   0.074, avg grad norm (post clip)   0.000, rho_Whh  0.10, Omega  0.00, alpha  0.000, steps in the past 0.000, valid nll 0.311
  [diag] log10|dL/dh_t| hist bins=60 range=(-12.50,-11.50) mean=-12.00 p50=-12.00 p05=-12.00 p95=-12.00
  [diag] sat-dist hist bins=60 sat<0.05=0.0% mean=0.942 p10=0.940 p90=0.945
  [diag] z-gate sat-dist hist bins=60 mean=0.122 p10=0.122 p90=0.122
  [diag] r-gate sat-dist hist bins=60 mean=0.498 p10=0.498 p90=0.498
Iter 0023980: train nll 0.357, valid error 100.000%, best valid error 100.000%, avg grad norm   0.077, avg grad norm (post clip)   0.000, rho_Whh  0.10, Omega  0.00, alpha  0.000, steps in the past 0.000, valid nll 0.311
  [diag] log10|dL/dh_t| hist bins=60 range=(-12.50,-11.50) mean=-12.00 p50=-12.00 p05=-12.00 p95=-12.00
  [diag] sat-dist hist bins=60 sat<0.05=0.0% mean=0.942 p10=0.940 p90=0.945
  [diag] z-gate sat-dist hist bins=60 mean=0.122 p10=0.122 p90=0.122
  [diag] r-gate sat-dist hist bins=60 mean=0.498 p10=0.498 p90=0.498
Iter 0024000: train nll 0.403, valid error 100.000%, best valid error 100.000%, avg grad norm   0.072, avg grad norm (post clip)   0.000, rho_Whh  0.10, Omega  0.00, alpha  0.000, steps in the past 0.000, valid nll 0.311
  [diag] log10|dL/dh_t| hist bins=60 range=(-12.50,-11.50) mean=-12.00 p50=-12.00 p05=-12.00 p95=-12.00
  [diag] sat-dist hist bins=60 sat<0.05=0.0% mean=0.942 p10=0.940 p90=0.945
  [diag] z-gate sat-dist hist bins=60 mean=0.122 p10=0.122 p90=0.122
  [diag] r-gate sat-dist hist bins=60 mean=0.498 p10=0.498 p90=0.498
Iter 0024020: train nll 0.368, valid error 100.000%, best valid error 100.000%, avg grad norm   0.089, avg grad norm (post clip)   0.000, rho_Whh  0.10, Omega  0.00, alpha  0.000, steps in the past 0.000, valid nll 0.311
  [diag] log10|dL/dh_t| hist bins=60 range=(-12.50,-11.50) mean=-12.00 p50=-12.00 p05=-12.00 p95=-12.00
  [diag] sat-dist hist bins=60 sat<0.05=0.0% mean=0.941 p10=0.940 p90=0.945
  [diag] z-gate sat-dist hist bins=60 mean=0.122 p10=0.122 p90=0.122
  [diag] r-gate sat-dist hist bins=60 mean=0.498 p10=0.498 p90=0.498
Iter 0024040: train nll 0.358, valid error 100.000%, best valid error 100.000%, avg grad norm   0.082, avg grad norm (post clip)   0.000, rho_Whh  0.10, Omega  0.00, alpha  0.000, steps in the past 0.000, valid nll 0.311
  [diag] log10|dL/dh_t| hist bins=60 range=(-12.50,-11.50) mean=-12.00 p50=-12.00 p05=-12.00 p95=-12.00
  [diag] sat-dist hist bins=60 sat<0.05=0.0% mean=0.941 p10=0.940 p90=0.945
  [diag] z-gate sat-dist hist bins=60 mean=0.122 p10=0.122 p90=0.122
  [diag] r-gate sat-dist hist bins=60 mean=0.498 p10=0.498 p90=0.498
Iter 0024060: train nll 0.367, valid error 100.000%, best valid error 100.000%, avg grad norm   0.072, avg grad norm (post clip)   0.000, rho_Whh  0.10, Omega  0.00, alpha  0.000, steps in the past 0.000, valid nll 0.311
  [diag] log10|dL/dh_t| hist bins=60 range=(-12.50,-11.50) mean=-12.00 p50=-12.00 p05=-12.00 p95=-12.00
  [diag] sat-dist hist bins=60 sat<0.05=0.0% mean=0.941 p10=0.939 p90=0.945
  [diag] z-gate sat-dist hist bins=60 mean=0.122 p10=0.122 p90=0.122
  [diag] r-gate sat-dist hist bins=60 mean=0.498 p10=0.498 p90=0.498
Iter 0024080: train nll 0.359, valid error 100.000%, best valid error 100.000%, avg grad norm   0.050, avg grad norm (post clip)   0.000, rho_Whh  0.10, Omega  0.00, alpha  0.000, steps in the past 0.000, valid nll 0.311
  [diag] log10|dL/dh_t| hist bins=60 range=(-12.50,-11.50) mean=-12.00 p50=-12.00 p05=-12.00 p95=-12.00
  [diag] sat-dist hist bins=60 sat<0.05=0.0% mean=0.941 p10=0.939 p90=0.945
  [diag] z-gate sat-dist hist bins=60 mean=0.122 p10=0.122 p90=0.122
  [diag] r-gate sat-dist hist bins=60 mean=0.498 p10=0.498 p90=0.498
Iter 0024100: train nll 0.378, valid error 100.000%, best valid error 100.000%, avg grad norm   0.063, avg grad norm (post clip)   0.000, rho_Whh  0.10, Omega  0.00, alpha  0.000, steps in the past 0.000, valid nll 0.311
  [diag] log10|dL/dh_t| hist bins=60 range=(-12.50,-11.50) mean=-12.00 p50=-12.00 p05=-12.00 p95=-12.00
  [diag] sat-dist hist bins=60 sat<0.05=0.0% mean=0.941 p10=0.939 p90=0.945
  [diag] z-gate sat-dist hist bins=60 mean=0.122 p10=0.122 p90=0.122
  [diag] r-gate sat-dist hist bins=60 mean=0.498 p10=0.498 p90=0.498
Iter 0024120: train nll 0.349, valid error 100.000%, best valid error 100.000%, avg grad norm   0.066, avg grad norm (post clip)   0.000, rho_Whh  0.10, Omega  0.00, alpha  0.000, steps in the past 0.000, valid nll 0.310
