Starting to train (PyTorch).
  [diag] log10|dL/dh_t| hist bins=60 range=(-12.50,-11.50) mean=-12.00 p50=-12.00 p05=-12.00 p95=-12.00
  [diag] sat-dist hist bins=60 sat<0.05=0.0% mean=0.993 p10=0.992 p90=0.994
  [diag] z-gate sat-dist hist bins=60 mean=0.119 p10=0.119 p90=0.119
  [diag] r-gate sat-dist hist bins=60 mean=0.498 p10=0.498 p90=0.498
Iter 0000020: train nll 1.877, valid error 100.000%, best valid error 100.000%, avg grad norm   0.884, avg grad norm (post clip)   0.053, rho_Whh  0.08, Omega  0.00, alpha  0.000, steps in the past 0.000, valid nll 1.783
  [diag] log10|dL/dh_t| hist bins=60 range=(-12.50,-11.50) mean=-12.00 p50=-12.00 p05=-12.00 p95=-12.00
  [diag] sat-dist hist bins=60 sat<0.05=0.0% mean=0.993 p10=0.992 p90=0.994
  [diag] z-gate sat-dist hist bins=60 mean=0.119 p10=0.119 p90=0.119
  [diag] r-gate sat-dist hist bins=60 mean=0.498 p10=0.498 p90=0.498
Iter 0000040: train nll 1.779, valid error 100.000%, best valid error 100.000%, avg grad norm   0.825, avg grad norm (post clip)   0.053, rho_Whh  0.08, Omega  0.00, alpha  0.000, steps in the past 0.000, valid nll 1.774
  [diag] log10|dL/dh_t| hist bins=60 range=(-12.50,-11.50) mean=-12.00 p50=-12.00 p05=-12.00 p95=-12.00
  [diag] sat-dist hist bins=60 sat<0.05=0.0% mean=0.992 p10=0.992 p90=0.994
  [diag] z-gate sat-dist hist bins=60 mean=0.119 p10=0.119 p90=0.119
  [diag] r-gate sat-dist hist bins=60 mean=0.498 p10=0.498 p90=0.498
Iter 0000060: train nll 1.771, valid error 100.000%, best valid error 100.000%, avg grad norm   0.826, avg grad norm (post clip)   0.053, rho_Whh  0.08, Omega  0.00, alpha  0.000, steps in the past 0.000, valid nll 1.766
  [diag] log10|dL/dh_t| hist bins=60 range=(-12.50,-11.50) mean=-12.00 p50=-12.00 p05=-12.00 p95=-12.00
  [diag] sat-dist hist bins=60 sat<0.05=0.0% mean=0.992 p10=0.992 p90=0.994
  [diag] z-gate sat-dist hist bins=60 mean=0.119 p10=0.119 p90=0.119
  [diag] r-gate sat-dist hist bins=60 mean=0.498 p10=0.498 p90=0.498
Iter 0000080: train nll 1.762, valid error 100.000%, best valid error 100.000%, avg grad norm   0.824, avg grad norm (post clip)   0.053, rho_Whh  0.08, Omega  0.00, alpha  0.000, steps in the past 0.000, valid nll 1.757
  [diag] log10|dL/dh_t| hist bins=60 range=(-12.50,-11.50) mean=-12.00 p50=-12.00 p05=-12.00 p95=-12.00
  [diag] sat-dist hist bins=60 sat<0.05=0.0% mean=0.992 p10=0.992 p90=0.994
  [diag] z-gate sat-dist hist bins=60 mean=0.119 p10=0.119 p90=0.119
  [diag] r-gate sat-dist hist bins=60 mean=0.498 p10=0.498 p90=0.498
Iter 0000100: train nll 1.754, valid error 100.000%, best valid error 100.000%, avg grad norm   0.824, avg grad norm (post clip)   0.053, rho_Whh  0.08, Omega  0.00, alpha  0.000, steps in the past 0.000, valid nll 1.749
  [diag] log10|dL/dh_t| hist bins=60 range=(-12.50,-11.50) mean=-12.00 p50=-12.00 p05=-12.00 p95=-12.00
  [diag] sat-dist hist bins=60 sat<0.05=0.0% mean=0.992 p10=0.992 p90=0.994
  [diag] z-gate sat-dist hist bins=60 mean=0.119 p10=0.119 p90=0.119
  [diag] r-gate sat-dist hist bins=60 mean=0.498 p10=0.498 p90=0.498
Iter 0000120: train nll 1.746, valid error 100.000%, best valid error 100.000%, avg grad norm   0.828, avg grad norm (post clip)   0.053, rho_Whh  0.08, Omega  0.00, alpha  0.000, steps in the past 0.000, valid nll 1.740
  [diag] log10|dL/dh_t| hist bins=60 range=(-12.50,-11.50) mean=-12.00 p50=-12.00 p05=-12.00 p95=-12.00
  [diag] sat-dist hist bins=60 sat<0.05=0.0% mean=0.992 p10=0.992 p90=0.994
  [diag] z-gate sat-dist hist bins=60 mean=0.119 p10=0.119 p90=0.119
  [diag] r-gate sat-dist hist bins=60 mean=0.498 p10=0.498 p90=0.498
Iter 0000140: train nll 1.738, valid error 100.000%, best valid error 100.000%, avg grad norm   0.818, avg grad norm (post clip)   0.053, rho_Whh  0.08, Omega  0.00, alpha  0.000, steps in the past 0.000, valid nll 1.732
  [diag] log10|dL/dh_t| hist bins=60 range=(-12.50,-11.50) mean=-12.00 p50=-12.00 p05=-12.00 p95=-12.00
  [diag] sat-dist hist bins=60 sat<0.05=0.0% mean=0.992 p10=0.992 p90=0.993
  [diag] z-gate sat-dist hist bins=60 mean=0.119 p10=0.119 p90=0.119
  [diag] r-gate sat-dist hist bins=60 mean=0.498 p10=0.498 p90=0.498
Iter 0000160: train nll 1.729, valid error 100.000%, best valid error 100.000%, avg grad norm   0.821, avg grad norm (post clip)   0.053, rho_Whh  0.08, Omega  0.00, alpha  0.000, steps in the past 0.000, valid nll 1.724
  [diag] log10|dL/dh_t| hist bins=60 range=(-12.50,-11.50) mean=-12.00 p50=-12.00 p05=-12.00 p95=-12.00
  [diag] sat-dist hist bins=60 sat<0.05=0.0% mean=0.992 p10=0.992 p90=0.993
  [diag] z-gate sat-dist hist bins=60 mean=0.119 p10=0.119 p90=0.119
  [diag] r-gate sat-dist hist bins=60 mean=0.498 p10=0.498 p90=0.498
Iter 0000180: train nll 1.721, valid error 100.000%, best valid error 100.000%, avg grad norm   0.826, avg grad norm (post clip)   0.053, rho_Whh  0.08, Omega  0.00, alpha  0.000, steps in the past 0.000, valid nll 1.715
  [diag] log10|dL/dh_t| hist bins=60 range=(-12.50,-11.50) mean=-12.00 p50=-12.00 p05=-12.00 p95=-12.00
  [diag] sat-dist hist bins=60 sat<0.05=0.0% mean=0.992 p10=0.992 p90=0.993
  [diag] z-gate sat-dist hist bins=60 mean=0.119 p10=0.119 p90=0.119
  [diag] r-gate sat-dist hist bins=60 mean=0.498 p10=0.498 p90=0.498
Iter 0000200: train nll 1.712, valid error 100.000%, best valid error 100.000%, avg grad norm   0.826, avg grad norm (post clip)   0.053, rho_Whh  0.08, Omega  0.00, alpha  0.000, steps in the past 0.000, valid nll 1.707
  [diag] log10|dL/dh_t| hist bins=60 range=(-12.50,-11.50) mean=-12.00 p50=-12.00 p05=-12.00 p95=-12.00
  [diag] sat-dist hist bins=60 sat<0.05=0.0% mean=0.992 p10=0.992 p90=0.993
  [diag] z-gate sat-dist hist bins=60 mean=0.119 p10=0.119 p90=0.119
  [diag] r-gate sat-dist hist bins=60 mean=0.498 p10=0.498 p90=0.498
Iter 0000220: train nll 1.705, valid error 100.000%, best valid error 100.000%, avg grad norm   0.813, avg grad norm (post clip)   0.053, rho_Whh  0.08, Omega  0.00, alpha  0.000, steps in the past 0.000, valid nll 1.698
  [diag] log10|dL/dh_t| hist bins=60 range=(-12.50,-11.50) mean=-12.00 p50=-12.00 p05=-12.00 p95=-12.00
  [diag] sat-dist hist bins=60 sat<0.05=0.0% mean=0.992 p10=0.992 p90=0.993
  [diag] z-gate sat-dist hist bins=60 mean=0.119 p10=0.119 p90=0.119
  [diag] r-gate sat-dist hist bins=60 mean=0.498 p10=0.498 p90=0.498
Iter 0000240: train nll 1.697, valid error 100.000%, best valid error 100.000%, avg grad norm   0.809, avg grad norm (post clip)   0.053, rho_Whh  0.08, Omega  0.00, alpha  0.000, steps in the past 0.000, valid nll 1.690
  [diag] log10|dL/dh_t| hist bins=60 range=(-12.50,-11.50) mean=-12.00 p50=-12.00 p05=-12.00 p95=-12.00
  [diag] sat-dist hist bins=60 sat<0.05=0.0% mean=0.992 p10=0.992 p90=0.993
  [diag] z-gate sat-dist hist bins=60 mean=0.119 p10=0.119 p90=0.119
  [diag] r-gate sat-dist hist bins=60 mean=0.498 p10=0.498 p90=0.498
Iter 0000260: train nll 1.688, valid error 100.000%, best valid error 100.000%, avg grad norm   0.820, avg grad norm (post clip)   0.053, rho_Whh  0.08, Omega  0.00, alpha  0.000, steps in the past 0.000, valid nll 1.682
  [diag] log10|dL/dh_t| hist bins=60 range=(-12.50,-11.50) mean=-12.00 p50=-12.00 p05=-12.00 p95=-12.00
  [diag] sat-dist hist bins=60 sat<0.05=0.0% mean=0.992 p10=0.992 p90=0.993
  [diag] z-gate sat-dist hist bins=60 mean=0.119 p10=0.119 p90=0.119
  [diag] r-gate sat-dist hist bins=60 mean=0.498 p10=0.498 p90=0.498
Iter 0000280: train nll 1.680, valid error 100.000%, best valid error 100.000%, avg grad norm   0.812, avg grad norm (post clip)   0.053, rho_Whh  0.08, Omega  0.00, alpha  0.000, steps in the past 0.000, valid nll 1.673
  [diag] log10|dL/dh_t| hist bins=60 range=(-12.50,-11.50) mean=-12.00 p50=-12.00 p05=-12.00 p95=-12.00
  [diag] sat-dist hist bins=60 sat<0.05=0.0% mean=0.992 p10=0.992 p90=0.993
  [diag] z-gate sat-dist hist bins=60 mean=0.119 p10=0.119 p90=0.119
  [diag] r-gate sat-dist hist bins=60 mean=0.498 p10=0.498 p90=0.498
Iter 0000300: train nll 1.671, valid error 100.000%, best valid error 100.000%, avg grad norm   0.815, avg grad norm (post clip)   0.053, rho_Whh  0.08, Omega  0.00, alpha  0.000, steps in the past 0.000, valid nll 1.665
  [diag] log10|dL/dh_t| hist bins=60 range=(-12.50,-11.50) mean=-12.00 p50=-12.00 p05=-12.00 p95=-12.00
  [diag] sat-dist hist bins=60 sat<0.05=0.0% mean=0.992 p10=0.991 p90=0.993
  [diag] z-gate sat-dist hist bins=60 mean=0.119 p10=0.119 p90=0.119
  [diag] r-gate sat-dist hist bins=60 mean=0.498 p10=0.498 p90=0.498
Iter 0000320: train nll 1.665, valid error 100.000%, best valid error 100.000%, avg grad norm   0.805, avg grad norm (post clip)   0.053, rho_Whh  0.08, Omega  0.00, alpha  0.000, steps in the past 0.000, valid nll 1.657
  [diag] log10|dL/dh_t| hist bins=60 range=(-12.50,-11.50) mean=-12.00 p50=-12.00 p05=-12.00 p95=-12.00
  [diag] sat-dist hist bins=60 sat<0.05=0.0% mean=0.992 p10=0.991 p90=0.993
  [diag] z-gate sat-dist hist bins=60 mean=0.119 p10=0.119 p90=0.119
  [diag] r-gate sat-dist hist bins=60 mean=0.498 p10=0.498 p90=0.498
Iter 0000340: train nll 1.655, valid error 100.000%, best valid error 100.000%, avg grad norm   0.813, avg grad norm (post clip)   0.053, rho_Whh  0.08, Omega  0.00, alpha  0.000, steps in the past 0.000, valid nll 1.649
  [diag] log10|dL/dh_t| hist bins=60 range=(-12.50,-11.50) mean=-12.00 p50=-12.00 p05=-12.00 p95=-12.00
  [diag] sat-dist hist bins=60 sat<0.05=0.0% mean=0.992 p10=0.991 p90=0.993
  [diag] z-gate sat-dist hist bins=60 mean=0.119 p10=0.119 p90=0.119
  [diag] r-gate sat-dist hist bins=60 mean=0.498 p10=0.498 p90=0.498
Iter 0000360: train nll 1.648, valid error 100.000%, best valid error 100.000%, avg grad norm   0.801, avg grad norm (post clip)   0.053, rho_Whh  0.08, Omega  0.00, alpha  0.000, steps in the past 0.000, valid nll 1.640
  [diag] log10|dL/dh_t| hist bins=60 range=(-12.50,-11.50) mean=-12.00 p50=-12.00 p05=-12.00 p95=-12.00
  [diag] sat-dist hist bins=60 sat<0.05=0.0% mean=0.992 p10=0.991 p90=0.993
  [diag] z-gate sat-dist hist bins=60 mean=0.119 p10=0.119 p90=0.119
  [diag] r-gate sat-dist hist bins=60 mean=0.498 p10=0.498 p90=0.498
Iter 0000380: train nll 1.639, valid error 100.000%, best valid error 100.000%, avg grad norm   0.807, avg grad norm (post clip)   0.053, rho_Whh  0.08, Omega  0.00, alpha  0.000, steps in the past 0.000, valid nll 1.632
  [diag] log10|dL/dh_t| hist bins=60 range=(-12.50,-11.50) mean=-12.00 p50=-12.00 p05=-12.00 p95=-12.00
  [diag] sat-dist hist bins=60 sat<0.05=0.0% mean=0.992 p10=0.991 p90=0.993
  [diag] z-gate sat-dist hist bins=60 mean=0.119 p10=0.119 p90=0.119
  [diag] r-gate sat-dist hist bins=60 mean=0.498 p10=0.498 p90=0.498
Iter 0000400: train nll 1.632, valid error 100.000%, best valid error 100.000%, avg grad norm   0.801, avg grad norm (post clip)   0.053, rho_Whh  0.08, Omega  0.00, alpha  0.000, steps in the past 0.000, valid nll 1.624
  [diag] log10|dL/dh_t| hist bins=60 range=(-12.50,-11.50) mean=-12.00 p50=-12.00 p05=-12.00 p95=-12.00
  [diag] sat-dist hist bins=60 sat<0.05=0.0% mean=0.992 p10=0.991 p90=0.993
  [diag] z-gate sat-dist hist bins=60 mean=0.119 p10=0.119 p90=0.119
  [diag] r-gate sat-dist hist bins=60 mean=0.498 p10=0.498 p90=0.498
Iter 0000420: train nll 1.625, valid error 100.000%, best valid error 100.000%, avg grad norm   0.795, avg grad norm (post clip)   0.053, rho_Whh  0.08, Omega  0.00, alpha  0.000, steps in the past 0.000, valid nll 1.616
  [diag] log10|dL/dh_t| hist bins=60 range=(-12.50,-11.50) mean=-12.00 p50=-12.00 p05=-12.00 p95=-12.00
  [diag] sat-dist hist bins=60 sat<0.05=0.0% mean=0.992 p10=0.991 p90=0.993
  [diag] z-gate sat-dist hist bins=60 mean=0.119 p10=0.119 p90=0.119
  [diag] r-gate sat-dist hist bins=60 mean=0.498 p10=0.498 p90=0.498
Iter 0000440: train nll 1.617, valid error 100.000%, best valid error 100.000%, avg grad norm   0.793, avg grad norm (post clip)   0.053, rho_Whh  0.08, Omega  0.00, alpha  0.000, steps in the past 0.000, valid nll 1.608
  [diag] log10|dL/dh_t| hist bins=60 range=(-12.50,-11.50) mean=-12.00 p50=-12.00 p05=-12.00 p95=-12.00
  [diag] sat-dist hist bins=60 sat<0.05=0.0% mean=0.992 p10=0.991 p90=0.993
  [diag] z-gate sat-dist hist bins=60 mean=0.119 p10=0.119 p90=0.119
  [diag] r-gate sat-dist hist bins=60 mean=0.498 p10=0.498 p90=0.498
Iter 0000460: train nll 1.608, valid error 100.000%, best valid error 100.000%, avg grad norm   0.793, avg grad norm (post clip)   0.053, rho_Whh  0.08, Omega  0.00, alpha  0.000, steps in the past 0.000, valid nll 1.600
  [diag] log10|dL/dh_t| hist bins=60 range=(-12.50,-11.50) mean=-12.00 p50=-12.00 p05=-12.00 p95=-12.00
  [diag] sat-dist hist bins=60 sat<0.05=0.0% mean=0.991 p10=0.991 p90=0.993
  [diag] z-gate sat-dist hist bins=60 mean=0.119 p10=0.119 p90=0.119
  [diag] r-gate sat-dist hist bins=60 mean=0.498 p10=0.498 p90=0.498
Iter 0000480: train nll 1.601, valid error 100.000%, best valid error 100.000%, avg grad norm   0.790, avg grad norm (post clip)   0.053, rho_Whh  0.08, Omega  0.00, alpha  0.000, steps in the past 0.000, valid nll 1.592
  [diag] log10|dL/dh_t| hist bins=60 range=(-12.50,-11.50) mean=-12.00 p50=-12.00 p05=-12.00 p95=-12.00
  [diag] sat-dist hist bins=60 sat<0.05=0.0% mean=0.991 p10=0.991 p90=0.992
  [diag] z-gate sat-dist hist bins=60 mean=0.119 p10=0.119 p90=0.119
  [diag] r-gate sat-dist hist bins=60 mean=0.498 p10=0.498 p90=0.498
Iter 0000500: train nll 1.589, valid error 100.000%, best valid error 100.000%, avg grad norm   0.802, avg grad norm (post clip)   0.053, rho_Whh  0.08, Omega  0.00, alpha  0.000, steps in the past 0.000, valid nll 1.583
  [diag] log10|dL/dh_t| hist bins=60 range=(-12.50,-11.50) mean=-12.00 p50=-12.00 p05=-12.00 p95=-12.00
  [diag] sat-dist hist bins=60 sat<0.05=0.0% mean=0.991 p10=0.991 p90=0.992
  [diag] z-gate sat-dist hist bins=60 mean=0.119 p10=0.119 p90=0.119
  [diag] r-gate sat-dist hist bins=60 mean=0.498 p10=0.498 p90=0.498
Iter 0000520: train nll 1.583, valid error 100.000%, best valid error 100.000%, avg grad norm   0.793, avg grad norm (post clip)   0.053, rho_Whh  0.08, Omega  0.00, alpha  0.000, steps in the past 0.000, valid nll 1.575
  [diag] log10|dL/dh_t| hist bins=60 range=(-12.50,-11.50) mean=-12.00 p50=-12.00 p05=-12.00 p95=-12.00
  [diag] sat-dist hist bins=60 sat<0.05=0.0% mean=0.991 p10=0.991 p90=0.992
  [diag] z-gate sat-dist hist bins=60 mean=0.119 p10=0.119 p90=0.119
  [diag] r-gate sat-dist hist bins=60 mean=0.498 p10=0.498 p90=0.498
Iter 0000540: train nll 1.575, valid error 100.000%, best valid error 100.000%, avg grad norm   0.791, avg grad norm (post clip)   0.053, rho_Whh  0.08, Omega  0.00, alpha  0.000, steps in the past 0.000, valid nll 1.567
  [diag] log10|dL/dh_t| hist bins=60 range=(-12.50,-11.50) mean=-12.00 p50=-12.00 p05=-12.00 p95=-12.00
  [diag] sat-dist hist bins=60 sat<0.05=0.0% mean=0.991 p10=0.991 p90=0.992
  [diag] z-gate sat-dist hist bins=60 mean=0.119 p10=0.119 p90=0.119
  [diag] r-gate sat-dist hist bins=60 mean=0.498 p10=0.498 p90=0.498
Iter 0000560: train nll 1.569, valid error 100.000%, best valid error 100.000%, avg grad norm   0.783, avg grad norm (post clip)   0.053, rho_Whh  0.08, Omega  0.00, alpha  0.000, steps in the past 0.000, valid nll 1.559
  [diag] log10|dL/dh_t| hist bins=60 range=(-12.50,-11.50) mean=-12.00 p50=-12.00 p05=-12.00 p95=-12.00
  [diag] sat-dist hist bins=60 sat<0.05=0.0% mean=0.991 p10=0.990 p90=0.992
  [diag] z-gate sat-dist hist bins=60 mean=0.119 p10=0.119 p90=0.119
  [diag] r-gate sat-dist hist bins=60 mean=0.498 p10=0.498 p90=0.498
Iter 0000580: train nll 1.558, valid error 100.000%, best valid error 100.000%, avg grad norm   0.791, avg grad norm (post clip)   0.053, rho_Whh  0.08, Omega  0.00, alpha  0.000, steps in the past 0.000, valid nll 1.551
  [diag] log10|dL/dh_t| hist bins=60 range=(-12.50,-11.50) mean=-12.00 p50=-12.00 p05=-12.00 p95=-12.00
  [diag] sat-dist hist bins=60 sat<0.05=0.0% mean=0.991 p10=0.990 p90=0.992
  [diag] z-gate sat-dist hist bins=60 mean=0.119 p10=0.119 p90=0.119
  [diag] r-gate sat-dist hist bins=60 mean=0.498 p10=0.498 p90=0.498
Iter 0000600: train nll 1.556, valid error 100.000%, best valid error 100.000%, avg grad norm   0.770, avg grad norm (post clip)   0.053, rho_Whh  0.08, Omega  0.00, alpha  0.000, steps in the past 0.000, valid nll 1.543
  [diag] log10|dL/dh_t| hist bins=60 range=(-12.50,-11.50) mean=-12.00 p50=-12.00 p05=-12.00 p95=-12.00
  [diag] sat-dist hist bins=60 sat<0.05=0.0% mean=0.991 p10=0.990 p90=0.992
  [diag] z-gate sat-dist hist bins=60 mean=0.119 p10=0.119 p90=0.119
  [diag] r-gate sat-dist hist bins=60 mean=0.498 p10=0.498 p90=0.498
Iter 0000620: train nll 1.544, valid error 100.000%, best valid error 100.000%, avg grad norm   0.782, avg grad norm (post clip)   0.053, rho_Whh  0.08, Omega  0.00, alpha  0.000, steps in the past 0.000, valid nll 1.535
  [diag] log10|dL/dh_t| hist bins=60 range=(-12.50,-11.50) mean=-12.00 p50=-12.00 p05=-12.00 p95=-12.00
  [diag] sat-dist hist bins=60 sat<0.05=0.0% mean=0.991 p10=0.990 p90=0.992
  [diag] z-gate sat-dist hist bins=60 mean=0.119 p10=0.119 p90=0.119
  [diag] r-gate sat-dist hist bins=60 mean=0.498 p10=0.498 p90=0.498
Iter 0000640: train nll 1.539, valid error 100.000%, best valid error 100.000%, avg grad norm   0.772, avg grad norm (post clip)   0.053, rho_Whh  0.08, Omega  0.00, alpha  0.000, steps in the past 0.000, valid nll 1.527
  [diag] log10|dL/dh_t| hist bins=60 range=(-12.50,-11.50) mean=-12.00 p50=-12.00 p05=-12.00 p95=-12.00
  [diag] sat-dist hist bins=60 sat<0.05=0.0% mean=0.991 p10=0.990 p90=0.992
  [diag] z-gate sat-dist hist bins=60 mean=0.119 p10=0.119 p90=0.119
  [diag] r-gate sat-dist hist bins=60 mean=0.498 p10=0.498 p90=0.498
Iter 0000660: train nll 1.525, valid error 100.000%, best valid error 100.000%, avg grad norm   0.790, avg grad norm (post clip)   0.053, rho_Whh  0.08, Omega  0.00, alpha  0.000, steps in the past 0.000, valid nll 1.519
  [diag] log10|dL/dh_t| hist bins=60 range=(-12.50,-11.50) mean=-12.00 p50=-12.00 p05=-12.00 p95=-12.00
  [diag] sat-dist hist bins=60 sat<0.05=0.0% mean=0.990 p10=0.990 p90=0.992
  [diag] z-gate sat-dist hist bins=60 mean=0.119 p10=0.119 p90=0.119
  [diag] r-gate sat-dist hist bins=60 mean=0.498 p10=0.498 p90=0.498
Iter 0000680: train nll 1.521, valid error 100.000%, best valid error 100.000%, avg grad norm   0.776, avg grad norm (post clip)   0.053, rho_Whh  0.08, Omega  0.00, alpha  0.000, steps in the past 0.000, valid nll 1.512
  [diag] log10|dL/dh_t| hist bins=60 range=(-12.50,-11.50) mean=-12.00 p50=-12.00 p05=-12.00 p95=-12.00
  [diag] sat-dist hist bins=60 sat<0.05=0.0% mean=0.990 p10=0.990 p90=0.991
  [diag] z-gate sat-dist hist bins=60 mean=0.119 p10=0.119 p90=0.119
  [diag] r-gate sat-dist hist bins=60 mean=0.498 p10=0.498 p90=0.498
Iter 0000700: train nll 1.516, valid error 100.000%, best valid error 100.000%, avg grad norm   0.766, avg grad norm (post clip)   0.053, rho_Whh  0.08, Omega  0.00, alpha  0.000, steps in the past 0.000, valid nll 1.504
  [diag] log10|dL/dh_t| hist bins=60 range=(-12.50,-11.50) mean=-12.00 p50=-12.00 p05=-12.00 p95=-12.00
  [diag] sat-dist hist bins=60 sat<0.05=0.0% mean=0.990 p10=0.990 p90=0.991
  [diag] z-gate sat-dist hist bins=60 mean=0.119 p10=0.119 p90=0.119
  [diag] r-gate sat-dist hist bins=60 mean=0.498 p10=0.498 p90=0.498
Iter 0000720: train nll 1.509, valid error 100.000%, best valid error 100.000%, avg grad norm   0.762, avg grad norm (post clip)   0.053, rho_Whh  0.08, Omega  0.00, alpha  0.000, steps in the past 0.000, valid nll 1.496
  [diag] log10|dL/dh_t| hist bins=60 range=(-12.50,-11.50) mean=-12.00 p50=-12.00 p05=-12.00 p95=-12.00
  [diag] sat-dist hist bins=60 sat<0.05=0.0% mean=0.990 p10=0.990 p90=0.991
  [diag] z-gate sat-dist hist bins=60 mean=0.119 p10=0.119 p90=0.119
  [diag] r-gate sat-dist hist bins=60 mean=0.498 p10=0.498 p90=0.498
Iter 0000740: train nll 1.497, valid error 100.000%, best valid error 100.000%, avg grad norm   0.773, avg grad norm (post clip)   0.053, rho_Whh  0.08, Omega  0.00, alpha  0.000, steps in the past 0.000, valid nll 1.488
  [diag] log10|dL/dh_t| hist bins=60 range=(-12.50,-11.50) mean=-12.00 p50=-12.00 p05=-12.00 p95=-12.00
  [diag] sat-dist hist bins=60 sat<0.05=0.0% mean=0.990 p10=0.989 p90=0.991
  [diag] z-gate sat-dist hist bins=60 mean=0.119 p10=0.119 p90=0.119
  [diag] r-gate sat-dist hist bins=60 mean=0.498 p10=0.498 p90=0.498
Iter 0000760: train nll 1.489, valid error 100.000%, best valid error 100.000%, avg grad norm   0.771, avg grad norm (post clip)   0.053, rho_Whh  0.08, Omega  0.00, alpha  0.000, steps in the past 0.000, valid nll 1.480
  [diag] log10|dL/dh_t| hist bins=60 range=(-12.50,-11.50) mean=-12.00 p50=-12.00 p05=-12.00 p95=-12.00
  [diag] sat-dist hist bins=60 sat<0.05=0.0% mean=0.990 p10=0.989 p90=0.991
  [diag] z-gate sat-dist hist bins=60 mean=0.119 p10=0.119 p90=0.119
  [diag] r-gate sat-dist hist bins=60 mean=0.498 p10=0.498 p90=0.498
Iter 0000780: train nll 1.480, valid error 100.000%, best valid error 100.000%, avg grad norm   0.772, avg grad norm (post clip)   0.053, rho_Whh  0.08, Omega  0.00, alpha  0.000, steps in the past 0.000, valid nll 1.472
  [diag] log10|dL/dh_t| hist bins=60 range=(-12.50,-11.50) mean=-12.00 p50=-12.00 p05=-12.00 p95=-12.00
  [diag] sat-dist hist bins=60 sat<0.05=0.0% mean=0.990 p10=0.989 p90=0.991
  [diag] z-gate sat-dist hist bins=60 mean=0.119 p10=0.119 p90=0.119
  [diag] r-gate sat-dist hist bins=60 mean=0.498 p10=0.498 p90=0.498
Iter 0000800: train nll 1.477, valid error 100.000%, best valid error 100.000%, avg grad norm   0.758, avg grad norm (post clip)   0.053, rho_Whh  0.08, Omega  0.00, alpha  0.000, steps in the past 0.000, valid nll 1.464
  [diag] log10|dL/dh_t| hist bins=60 range=(-12.50,-11.50) mean=-12.00 p50=-12.00 p05=-12.00 p95=-12.00
  [diag] sat-dist hist bins=60 sat<0.05=0.0% mean=0.990 p10=0.989 p90=0.991
  [diag] z-gate sat-dist hist bins=60 mean=0.119 p10=0.119 p90=0.119
  [diag] r-gate sat-dist hist bins=60 mean=0.498 p10=0.498 p90=0.498
Iter 0000820: train nll 1.466, valid error 100.000%, best valid error 100.000%, avg grad norm   0.765, avg grad norm (post clip)   0.053, rho_Whh  0.08, Omega  0.00, alpha  0.000, steps in the past 0.000, valid nll 1.457
  [diag] log10|dL/dh_t| hist bins=60 range=(-12.50,-11.50) mean=-12.00 p50=-12.00 p05=-12.00 p95=-12.00
  [diag] sat-dist hist bins=60 sat<0.05=0.0% mean=0.990 p10=0.989 p90=0.991
  [diag] z-gate sat-dist hist bins=60 mean=0.119 p10=0.119 p90=0.119
  [diag] r-gate sat-dist hist bins=60 mean=0.498 p10=0.498 p90=0.498
Iter 0000840: train nll 1.461, valid error 100.000%, best valid error 100.000%, avg grad norm   0.755, avg grad norm (post clip)   0.053, rho_Whh  0.08, Omega  0.00, alpha  0.000, steps in the past 0.000, valid nll 1.449
  [diag] log10|dL/dh_t| hist bins=60 range=(-12.50,-11.50) mean=-12.00 p50=-12.00 p05=-12.00 p95=-12.00
  [diag] sat-dist hist bins=60 sat<0.05=0.0% mean=0.989 p10=0.989 p90=0.990
  [diag] z-gate sat-dist hist bins=60 mean=0.119 p10=0.119 p90=0.119
  [diag] r-gate sat-dist hist bins=60 mean=0.498 p10=0.498 p90=0.498
Iter 0000860: train nll 1.455, valid error 100.000%, best valid error 100.000%, avg grad norm   0.749, avg grad norm (post clip)   0.053, rho_Whh  0.08, Omega  0.00, alpha  0.000, steps in the past 0.000, valid nll 1.441
  [diag] log10|dL/dh_t| hist bins=60 range=(-12.50,-11.50) mean=-12.00 p50=-12.00 p05=-12.00 p95=-12.00
  [diag] sat-dist hist bins=60 sat<0.05=0.0% mean=0.989 p10=0.989 p90=0.990
  [diag] z-gate sat-dist hist bins=60 mean=0.119 p10=0.119 p90=0.119
  [diag] r-gate sat-dist hist bins=60 mean=0.498 p10=0.498 p90=0.498
Iter 0000880: train nll 1.444, valid error 100.000%, best valid error 100.000%, avg grad norm   0.756, avg grad norm (post clip)   0.053, rho_Whh  0.08, Omega  0.00, alpha  0.000, steps in the past 0.000, valid nll 1.433
  [diag] log10|dL/dh_t| hist bins=60 range=(-12.50,-11.50) mean=-12.00 p50=-12.00 p05=-12.00 p95=-12.00
  [diag] sat-dist hist bins=60 sat<0.05=0.0% mean=0.989 p10=0.988 p90=0.990
  [diag] z-gate sat-dist hist bins=60 mean=0.119 p10=0.119 p90=0.119
  [diag] r-gate sat-dist hist bins=60 mean=0.498 p10=0.498 p90=0.498
Iter 0000900: train nll 1.435, valid error 100.000%, best valid error 100.000%, avg grad norm   0.756, avg grad norm (post clip)   0.053, rho_Whh  0.08, Omega  0.00, alpha  0.000, steps in the past 0.000, valid nll 1.426
  [diag] log10|dL/dh_t| hist bins=60 range=(-12.50,-11.50) mean=-12.00 p50=-12.00 p05=-12.00 p95=-12.00
  [diag] sat-dist hist bins=60 sat<0.05=0.0% mean=0.989 p10=0.988 p90=0.990
  [diag] z-gate sat-dist hist bins=60 mean=0.119 p10=0.119 p90=0.119
  [diag] r-gate sat-dist hist bins=60 mean=0.498 p10=0.498 p90=0.498
Iter 0000920: train nll 1.434, valid error 100.000%, best valid error 100.000%, avg grad norm   0.741, avg grad norm (post clip)   0.053, rho_Whh  0.08, Omega  0.00, alpha  0.000, steps in the past 0.000, valid nll 1.418
  [diag] log10|dL/dh_t| hist bins=60 range=(-12.50,-11.50) mean=-12.00 p50=-12.00 p05=-12.00 p95=-12.00
  [diag] sat-dist hist bins=60 sat<0.05=0.0% mean=0.989 p10=0.988 p90=0.990
  [diag] z-gate sat-dist hist bins=60 mean=0.119 p10=0.119 p90=0.119
  [diag] r-gate sat-dist hist bins=60 mean=0.498 p10=0.498 p90=0.498
Iter 0000940: train nll 1.424, valid error 100.000%, best valid error 100.000%, avg grad norm   0.744, avg grad norm (post clip)   0.053, rho_Whh  0.08, Omega  0.00, alpha  0.000, steps in the past 0.000, valid nll 1.410
  [diag] log10|dL/dh_t| hist bins=60 range=(-12.50,-11.50) mean=-12.00 p50=-12.00 p05=-12.00 p95=-12.00
  [diag] sat-dist hist bins=60 sat<0.05=0.0% mean=0.989 p10=0.988 p90=0.990
  [diag] z-gate sat-dist hist bins=60 mean=0.119 p10=0.119 p90=0.119
  [diag] r-gate sat-dist hist bins=60 mean=0.498 p10=0.498 p90=0.498
Iter 0000960: train nll 1.419, valid error 100.000%, best valid error 100.000%, avg grad norm   0.738, avg grad norm (post clip)   0.053, rho_Whh  0.08, Omega  0.00, alpha  0.000, steps in the past 0.000, valid nll 1.403
  [diag] log10|dL/dh_t| hist bins=60 range=(-12.50,-11.50) mean=-12.00 p50=-12.00 p05=-12.00 p95=-12.00
  [diag] sat-dist hist bins=60 sat<0.05=0.0% mean=0.988 p10=0.988 p90=0.990
  [diag] z-gate sat-dist hist bins=60 mean=0.119 p10=0.119 p90=0.119
  [diag] r-gate sat-dist hist bins=60 mean=0.498 p10=0.498 p90=0.498
Iter 0000980: train nll 1.405, valid error 100.000%, best valid error 100.000%, avg grad norm   0.749, avg grad norm (post clip)   0.053, rho_Whh  0.08, Omega  0.00, alpha  0.000, steps in the past 0.000, valid nll 1.395
  [diag] log10|dL/dh_t| hist bins=60 range=(-12.50,-11.50) mean=-12.00 p50=-12.00 p05=-12.00 p95=-12.00
  [diag] sat-dist hist bins=60 sat<0.05=0.0% mean=0.988 p10=0.988 p90=0.989
  [diag] z-gate sat-dist hist bins=60 mean=0.119 p10=0.119 p90=0.119
  [diag] r-gate sat-dist hist bins=60 mean=0.498 p10=0.498 p90=0.498
Iter 0001000: train nll 1.403, valid error 100.000%, best valid error 100.000%, avg grad norm   0.735, avg grad norm (post clip)   0.053, rho_Whh  0.08, Omega  0.00, alpha  0.000, steps in the past 0.000, valid nll 1.388
  [diag] log10|dL/dh_t| hist bins=60 range=(-12.50,-11.50) mean=-12.00 p50=-12.00 p05=-12.00 p95=-12.00
  [diag] sat-dist hist bins=60 sat<0.05=0.0% mean=0.988 p10=0.987 p90=0.989
  [diag] z-gate sat-dist hist bins=60 mean=0.119 p10=0.119 p90=0.119
  [diag] r-gate sat-dist hist bins=60 mean=0.498 p10=0.498 p90=0.498
Iter 0001020: train nll 1.394, valid error 100.000%, best valid error 100.000%, avg grad norm   0.736, avg grad norm (post clip)   0.053, rho_Whh  0.08, Omega  0.00, alpha  0.000, steps in the past 0.000, valid nll 1.380
  [diag] log10|dL/dh_t| hist bins=60 range=(-12.50,-11.50) mean=-12.00 p50=-12.00 p05=-12.00 p95=-12.00
  [diag] sat-dist hist bins=60 sat<0.05=0.0% mean=0.988 p10=0.987 p90=0.989
  [diag] z-gate sat-dist hist bins=60 mean=0.119 p10=0.119 p90=0.119
  [diag] r-gate sat-dist hist bins=60 mean=0.498 p10=0.498 p90=0.498
Iter 0001040: train nll 1.384, valid error 100.000%, best valid error 100.000%, avg grad norm   0.739, avg grad norm (post clip)   0.053, rho_Whh  0.08, Omega  0.00, alpha  0.000, steps in the past 0.000, valid nll 1.373
  [diag] log10|dL/dh_t| hist bins=60 range=(-12.50,-11.50) mean=-12.00 p50=-12.00 p05=-12.00 p95=-12.00
  [diag] sat-dist hist bins=60 sat<0.05=0.0% mean=0.988 p10=0.987 p90=0.989
  [diag] z-gate sat-dist hist bins=60 mean=0.119 p10=0.119 p90=0.119
  [diag] r-gate sat-dist hist bins=60 mean=0.498 p10=0.498 p90=0.498
Iter 0001060: train nll 1.374, valid error 100.000%, best valid error 100.000%, avg grad norm   0.742, avg grad norm (post clip)   0.053, rho_Whh  0.08, Omega  0.00, alpha  0.000, steps in the past 0.000, valid nll 1.365
  [diag] log10|dL/dh_t| hist bins=60 range=(-12.50,-11.50) mean=-12.00 p50=-12.00 p05=-12.00 p95=-12.00
  [diag] sat-dist hist bins=60 sat<0.05=0.0% mean=0.988 p10=0.987 p90=0.989
  [diag] z-gate sat-dist hist bins=60 mean=0.119 p10=0.119 p90=0.119
  [diag] r-gate sat-dist hist bins=60 mean=0.498 p10=0.498 p90=0.498
Iter 0001080: train nll 1.375, valid error 100.000%, best valid error 100.000%, avg grad norm   0.724, avg grad norm (post clip)   0.053, rho_Whh  0.08, Omega  0.00, alpha  0.000, steps in the past 0.000, valid nll 1.358
  [diag] log10|dL/dh_t| hist bins=60 range=(-12.50,-11.50) mean=-12.00 p50=-12.00 p05=-12.00 p95=-12.00
  [diag] sat-dist hist bins=60 sat<0.05=0.0% mean=0.987 p10=0.987 p90=0.989
  [diag] z-gate sat-dist hist bins=60 mean=0.119 p10=0.119 p90=0.119
  [diag] r-gate sat-dist hist bins=60 mean=0.498 p10=0.498 p90=0.498
Iter 0001100: train nll 1.366, valid error 100.000%, best valid error 100.000%, avg grad norm   0.726, avg grad norm (post clip)   0.053, rho_Whh  0.08, Omega  0.00, alpha  0.000, steps in the past 0.000, valid nll 1.350
  [diag] log10|dL/dh_t| hist bins=60 range=(-12.50,-11.50) mean=-12.00 p50=-12.00 p05=-12.00 p95=-12.00
  [diag] sat-dist hist bins=60 sat<0.05=0.0% mean=0.987 p10=0.986 p90=0.988
  [diag] z-gate sat-dist hist bins=60 mean=0.119 p10=0.119 p90=0.119
  [diag] r-gate sat-dist hist bins=60 mean=0.498 p10=0.498 p90=0.498
Iter 0001120: train nll 1.354, valid error 100.000%, best valid error 100.000%, avg grad norm   0.732, avg grad norm (post clip)   0.053, rho_Whh  0.08, Omega  0.00, alpha  0.000, steps in the past 0.000, valid nll 1.343
  [diag] log10|dL/dh_t| hist bins=60 range=(-12.50,-11.50) mean=-12.00 p50=-12.00 p05=-12.00 p95=-12.00
  [diag] sat-dist hist bins=60 sat<0.05=0.0% mean=0.987 p10=0.986 p90=0.988
  [diag] z-gate sat-dist hist bins=60 mean=0.119 p10=0.119 p90=0.119
  [diag] r-gate sat-dist hist bins=60 mean=0.498 p10=0.498 p90=0.498
Iter 0001140: train nll 1.352, valid error 100.000%, best valid error 100.000%, avg grad norm   0.721, avg grad norm (post clip)   0.053, rho_Whh  0.08, Omega  0.00, alpha  0.000, steps in the past 0.000, valid nll 1.335
  [diag] log10|dL/dh_t| hist bins=60 range=(-12.50,-11.50) mean=-12.00 p50=-12.00 p05=-12.00 p95=-12.00
  [diag] sat-dist hist bins=60 sat<0.05=0.0% mean=0.987 p10=0.986 p90=0.988
  [diag] z-gate sat-dist hist bins=60 mean=0.119 p10=0.119 p90=0.119
  [diag] r-gate sat-dist hist bins=60 mean=0.498 p10=0.498 p90=0.498
Iter 0001160: train nll 1.335, valid error 100.000%, best valid error 100.000%, avg grad norm   0.735, avg grad norm (post clip)   0.053, rho_Whh  0.08, Omega  0.00, alpha  0.000, steps in the past 0.000, valid nll 1.328
  [diag] log10|dL/dh_t| hist bins=60 range=(-12.50,-11.50) mean=-12.00 p50=-12.00 p05=-12.00 p95=-12.00
  [diag] sat-dist hist bins=60 sat<0.05=0.0% mean=0.987 p10=0.986 p90=0.988
  [diag] z-gate sat-dist hist bins=60 mean=0.119 p10=0.119 p90=0.119
  [diag] r-gate sat-dist hist bins=60 mean=0.498 p10=0.498 p90=0.498
Iter 0001180: train nll 1.337, valid error 100.000%, best valid error 100.000%, avg grad norm   0.717, avg grad norm (post clip)   0.053, rho_Whh  0.08, Omega  0.00, alpha  0.000, steps in the past 0.000, valid nll 1.320
  [diag] log10|dL/dh_t| hist bins=60 range=(-12.50,-11.50) mean=-12.00 p50=-12.00 p05=-12.00 p95=-12.00
  [diag] sat-dist hist bins=60 sat<0.05=0.0% mean=0.987 p10=0.986 p90=0.988
  [diag] z-gate sat-dist hist bins=60 mean=0.119 p10=0.119 p90=0.119
  [diag] r-gate sat-dist hist bins=60 mean=0.498 p10=0.498 p90=0.498
Iter 0001200: train nll 1.328, valid error 100.000%, best valid error 100.000%, avg grad norm   0.717, avg grad norm (post clip)   0.053, rho_Whh  0.08, Omega  0.00, alpha  0.000, steps in the past 0.000, valid nll 1.313
  [diag] log10|dL/dh_t| hist bins=60 range=(-12.50,-11.50) mean=-12.00 p50=-12.00 p05=-12.00 p95=-12.00
  [diag] sat-dist hist bins=60 sat<0.05=0.0% mean=0.986 p10=0.985 p90=0.988
  [diag] z-gate sat-dist hist bins=60 mean=0.119 p10=0.119 p90=0.119
  [diag] r-gate sat-dist hist bins=60 mean=0.498 p10=0.498 p90=0.498
Iter 0001220: train nll 1.325, valid error 100.000%, best valid error 100.000%, avg grad norm   0.708, avg grad norm (post clip)   0.053, rho_Whh  0.08, Omega  0.00, alpha  0.000, steps in the past 0.000, valid nll 1.306
  [diag] log10|dL/dh_t| hist bins=60 range=(-12.50,-11.50) mean=-12.00 p50=-12.00 p05=-12.00 p95=-12.00
  [diag] sat-dist hist bins=60 sat<0.05=0.0% mean=0.986 p10=0.985 p90=0.987
  [diag] z-gate sat-dist hist bins=60 mean=0.119 p10=0.119 p90=0.119
  [diag] r-gate sat-dist hist bins=60 mean=0.498 p10=0.498 p90=0.498
Iter 0001240: train nll 1.315, valid error 100.000%, best valid error 100.000%, avg grad norm   0.711, avg grad norm (post clip)   0.053, rho_Whh  0.08, Omega  0.00, alpha  0.000, steps in the past 0.000, valid nll 1.298
  [diag] log10|dL/dh_t| hist bins=60 range=(-12.50,-11.50) mean=-12.00 p50=-12.00 p05=-12.00 p95=-12.00
  [diag] sat-dist hist bins=60 sat<0.05=0.0% mean=0.986 p10=0.985 p90=0.987
  [diag] z-gate sat-dist hist bins=60 mean=0.119 p10=0.119 p90=0.119
  [diag] r-gate sat-dist hist bins=60 mean=0.498 p10=0.498 p90=0.498
Iter 0001260: train nll 1.306, valid error 100.000%, best valid error 100.000%, avg grad norm   0.712, avg grad norm (post clip)   0.053, rho_Whh  0.08, Omega  0.00, alpha  0.000, steps in the past 0.000, valid nll 1.291
  [diag] log10|dL/dh_t| hist bins=60 range=(-12.50,-11.50) mean=-12.00 p50=-12.00 p05=-12.00 p95=-12.00
  [diag] sat-dist hist bins=60 sat<0.05=0.0% mean=0.986 p10=0.985 p90=0.987
  [diag] z-gate sat-dist hist bins=60 mean=0.119 p10=0.119 p90=0.119
  [diag] r-gate sat-dist hist bins=60 mean=0.498 p10=0.498 p90=0.498
Iter 0001280: train nll 1.297, valid error 100.000%, best valid error 100.000%, avg grad norm   0.713, avg grad norm (post clip)   0.053, rho_Whh  0.08, Omega  0.00, alpha  0.000, steps in the past 0.000, valid nll 1.284
  [diag] log10|dL/dh_t| hist bins=60 range=(-12.50,-11.50) mean=-12.00 p50=-12.00 p05=-12.00 p95=-12.00
  [diag] sat-dist hist bins=60 sat<0.05=0.0% mean=0.986 p10=0.985 p90=0.987
  [diag] z-gate sat-dist hist bins=60 mean=0.119 p10=0.119 p90=0.119
  [diag] r-gate sat-dist hist bins=60 mean=0.498 p10=0.498 p90=0.498
Iter 0001300: train nll 1.294, valid error 100.000%, best valid error 100.000%, avg grad norm   0.703, avg grad norm (post clip)   0.053, rho_Whh  0.08, Omega  0.00, alpha  0.000, steps in the past 0.000, valid nll 1.277
  [diag] log10|dL/dh_t| hist bins=60 range=(-12.50,-11.50) mean=-12.00 p50=-12.00 p05=-12.00 p95=-12.00
  [diag] sat-dist hist bins=60 sat<0.05=0.0% mean=0.985 p10=0.984 p90=0.987
  [diag] z-gate sat-dist hist bins=60 mean=0.119 p10=0.119 p90=0.119
  [diag] r-gate sat-dist hist bins=60 mean=0.498 p10=0.498 p90=0.498
Iter 0001320: train nll 1.293, valid error 100.000%, best valid error 100.000%, avg grad norm   0.692, avg grad norm (post clip)   0.053, rho_Whh  0.08, Omega  0.00, alpha  0.000, steps in the past 0.000, valid nll 1.269
  [diag] log10|dL/dh_t| hist bins=60 range=(-12.50,-11.50) mean=-12.00 p50=-12.00 p05=-12.00 p95=-12.00
  [diag] sat-dist hist bins=60 sat<0.05=0.0% mean=0.985 p10=0.984 p90=0.987
  [diag] z-gate sat-dist hist bins=60 mean=0.119 p10=0.119 p90=0.119
  [diag] r-gate sat-dist hist bins=60 mean=0.498 p10=0.498 p90=0.498
Iter 0001340: train nll 1.282, valid error 100.000%, best valid error 100.000%, avg grad norm   0.696, avg grad norm (post clip)   0.053, rho_Whh  0.08, Omega  0.00, alpha  0.000, steps in the past 0.000, valid nll 1.262
  [diag] log10|dL/dh_t| hist bins=60 range=(-12.50,-11.50) mean=-12.00 p50=-12.00 p05=-12.00 p95=-12.00
  [diag] sat-dist hist bins=60 sat<0.05=0.0% mean=0.985 p10=0.984 p90=0.986
  [diag] z-gate sat-dist hist bins=60 mean=0.119 p10=0.119 p90=0.119
  [diag] r-gate sat-dist hist bins=60 mean=0.498 p10=0.498 p90=0.498
Iter 0001360: train nll 1.273, valid error 100.000%, best valid error 100.000%, avg grad norm   0.696, avg grad norm (post clip)   0.053, rho_Whh  0.08, Omega  0.00, alpha  0.000, steps in the past 0.000, valid nll 1.255
  [diag] log10|dL/dh_t| hist bins=60 range=(-12.50,-11.50) mean=-12.00 p50=-12.00 p05=-12.00 p95=-12.00
  [diag] sat-dist hist bins=60 sat<0.05=0.0% mean=0.985 p10=0.984 p90=0.986
  [diag] z-gate sat-dist hist bins=60 mean=0.119 p10=0.119 p90=0.119
  [diag] r-gate sat-dist hist bins=60 mean=0.498 p10=0.498 p90=0.498
Iter 0001380: train nll 1.261, valid error 100.000%, best valid error 100.000%, avg grad norm   0.701, avg grad norm (post clip)   0.053, rho_Whh  0.08, Omega  0.00, alpha  0.000, steps in the past 0.000, valid nll 1.248
  [diag] log10|dL/dh_t| hist bins=60 range=(-12.50,-11.50) mean=-12.00 p50=-12.00 p05=-12.00 p95=-12.00
  [diag] sat-dist hist bins=60 sat<0.05=0.0% mean=0.985 p10=0.984 p90=0.986
  [diag] z-gate sat-dist hist bins=60 mean=0.119 p10=0.119 p90=0.119
  [diag] r-gate sat-dist hist bins=60 mean=0.498 p10=0.498 p90=0.498
Iter 0001400: train nll 1.262, valid error 100.000%, best valid error 100.000%, avg grad norm   0.688, avg grad norm (post clip)   0.053, rho_Whh  0.08, Omega  0.00, alpha  0.000, steps in the past 0.000, valid nll 1.241
  [diag] log10|dL/dh_t| hist bins=60 range=(-12.50,-11.50) mean=-12.00 p50=-12.00 p05=-12.00 p95=-12.00
  [diag] sat-dist hist bins=60 sat<0.05=0.0% mean=0.984 p10=0.983 p90=0.986
  [diag] z-gate sat-dist hist bins=60 mean=0.119 p10=0.119 p90=0.119
  [diag] r-gate sat-dist hist bins=60 mean=0.498 p10=0.498 p90=0.498
Iter 0001420: train nll 1.253, valid error 100.000%, best valid error 100.000%, avg grad norm   0.689, avg grad norm (post clip)   0.053, rho_Whh  0.08, Omega  0.00, alpha  0.000, steps in the past 0.000, valid nll 1.234
  [diag] log10|dL/dh_t| hist bins=60 range=(-12.50,-11.50) mean=-12.00 p50=-12.00 p05=-12.00 p95=-12.00
  [diag] sat-dist hist bins=60 sat<0.05=0.0% mean=0.984 p10=0.983 p90=0.986
  [diag] z-gate sat-dist hist bins=60 mean=0.119 p10=0.119 p90=0.119
  [diag] r-gate sat-dist hist bins=60 mean=0.498 p10=0.498 p90=0.498
Iter 0001440: train nll 1.250, valid error 100.000%, best valid error 100.000%, avg grad norm   0.682, avg grad norm (post clip)   0.053, rho_Whh  0.08, Omega  0.00, alpha  0.000, steps in the past 0.000, valid nll 1.226
  [diag] log10|dL/dh_t| hist bins=60 range=(-12.50,-11.50) mean=-12.00 p50=-12.00 p05=-12.00 p95=-12.00
  [diag] sat-dist hist bins=60 sat<0.05=0.0% mean=0.984 p10=0.983 p90=0.985
  [diag] z-gate sat-dist hist bins=60 mean=0.119 p10=0.119 p90=0.119
  [diag] r-gate sat-dist hist bins=60 mean=0.498 p10=0.498 p90=0.498
Iter 0001460: train nll 1.236, valid error 100.000%, best valid error 100.000%, avg grad norm   0.689, avg grad norm (post clip)   0.053, rho_Whh  0.08, Omega  0.00, alpha  0.000, steps in the past 0.000, valid nll 1.219
  [diag] log10|dL/dh_t| hist bins=60 range=(-12.50,-11.50) mean=-12.00 p50=-12.00 p05=-12.00 p95=-12.00
  [diag] sat-dist hist bins=60 sat<0.05=0.0% mean=0.984 p10=0.983 p90=0.985
  [diag] z-gate sat-dist hist bins=60 mean=0.119 p10=0.119 p90=0.119
  [diag] r-gate sat-dist hist bins=60 mean=0.498 p10=0.498 p90=0.498
Iter 0001480: train nll 1.232, valid error 100.000%, best valid error 100.000%, avg grad norm   0.683, avg grad norm (post clip)   0.053, rho_Whh  0.08, Omega  0.00, alpha  0.000, steps in the past 0.000, valid nll 1.212
  [diag] log10|dL/dh_t| hist bins=60 range=(-12.50,-11.50) mean=-12.00 p50=-12.00 p05=-12.00 p95=-12.00
  [diag] sat-dist hist bins=60 sat<0.05=0.0% mean=0.984 p10=0.982 p90=0.985
  [diag] z-gate sat-dist hist bins=60 mean=0.119 p10=0.119 p90=0.119
  [diag] r-gate sat-dist hist bins=60 mean=0.498 p10=0.498 p90=0.498
Iter 0001500: train nll 1.222, valid error 100.000%, best valid error 100.000%, avg grad norm   0.685, avg grad norm (post clip)   0.053, rho_Whh  0.08, Omega  0.00, alpha  0.000, steps in the past 0.000, valid nll 1.205
  [diag] log10|dL/dh_t| hist bins=60 range=(-12.50,-11.50) mean=-12.00 p50=-12.00 p05=-12.00 p95=-12.00
  [diag] sat-dist hist bins=60 sat<0.05=0.0% mean=0.983 p10=0.982 p90=0.985
  [diag] z-gate sat-dist hist bins=60 mean=0.119 p10=0.119 p90=0.119
  [diag] r-gate sat-dist hist bins=60 mean=0.498 p10=0.498 p90=0.498
Iter 0001520: train nll 1.218, valid error 100.000%, best valid error 100.000%, avg grad norm   0.678, avg grad norm (post clip)   0.053, rho_Whh  0.08, Omega  0.00, alpha  0.000, steps in the past 0.000, valid nll 1.198
  [diag] log10|dL/dh_t| hist bins=60 range=(-12.50,-11.50) mean=-12.00 p50=-12.00 p05=-12.00 p95=-12.00
  [diag] sat-dist hist bins=60 sat<0.05=0.0% mean=0.983 p10=0.982 p90=0.985
  [diag] z-gate sat-dist hist bins=60 mean=0.119 p10=0.119 p90=0.119
  [diag] r-gate sat-dist hist bins=60 mean=0.498 p10=0.498 p90=0.498
Iter 0001540: train nll 1.218, valid error 100.000%, best valid error 100.000%, avg grad norm   0.667, avg grad norm (post clip)   0.053, rho_Whh  0.08, Omega  0.00, alpha  0.000, steps in the past 0.000, valid nll 1.191
  [diag] log10|dL/dh_t| hist bins=60 range=(-12.50,-11.50) mean=-12.00 p50=-12.00 p05=-12.00 p95=-12.00
  [diag] sat-dist hist bins=60 sat<0.05=0.0% mean=0.983 p10=0.982 p90=0.984
  [diag] z-gate sat-dist hist bins=60 mean=0.119 p10=0.119 p90=0.119
  [diag] r-gate sat-dist hist bins=60 mean=0.498 p10=0.498 p90=0.498
Iter 0001560: train nll 1.203, valid error 100.000%, best valid error 100.000%, avg grad norm   0.675, avg grad norm (post clip)   0.053, rho_Whh  0.08, Omega  0.00, alpha  0.000, steps in the past 0.000, valid nll 1.184
  [diag] log10|dL/dh_t| hist bins=60 range=(-12.50,-11.50) mean=-12.00 p50=-12.00 p05=-12.00 p95=-12.00
  [diag] sat-dist hist bins=60 sat<0.05=0.0% mean=0.983 p10=0.982 p90=0.984
  [diag] z-gate sat-dist hist bins=60 mean=0.119 p10=0.119 p90=0.119
  [diag] r-gate sat-dist hist bins=60 mean=0.498 p10=0.498 p90=0.498
Iter 0001580: train nll 1.191, valid error 100.000%, best valid error 100.000%, avg grad norm   0.680, avg grad norm (post clip)   0.053, rho_Whh  0.08, Omega  0.00, alpha  0.000, steps in the past 0.000, valid nll 1.177
  [diag] log10|dL/dh_t| hist bins=60 range=(-12.50,-11.50) mean=-12.00 p50=-12.00 p05=-12.00 p95=-12.00
  [diag] sat-dist hist bins=60 sat<0.05=0.0% mean=0.982 p10=0.981 p90=0.984
  [diag] z-gate sat-dist hist bins=60 mean=0.119 p10=0.119 p90=0.119
  [diag] r-gate sat-dist hist bins=60 mean=0.498 p10=0.498 p90=0.498
Iter 0001600: train nll 1.187, valid error 100.000%, best valid error 100.000%, avg grad norm   0.674, avg grad norm (post clip)   0.053, rho_Whh  0.08, Omega  0.00, alpha  0.000, steps in the past 0.000, valid nll 1.171
  [diag] log10|dL/dh_t| hist bins=60 range=(-12.50,-11.50) mean=-12.00 p50=-12.00 p05=-12.00 p95=-12.00
  [diag] sat-dist hist bins=60 sat<0.05=0.0% mean=0.982 p10=0.981 p90=0.984
  [diag] z-gate sat-dist hist bins=60 mean=0.119 p10=0.119 p90=0.119
  [diag] r-gate sat-dist hist bins=60 mean=0.498 p10=0.498 p90=0.498
Iter 0001620: train nll 1.180, valid error 100.000%, best valid error 100.000%, avg grad norm   0.672, avg grad norm (post clip)   0.053, rho_Whh  0.08, Omega  0.00, alpha  0.000, steps in the past 0.000, valid nll 1.164
  [diag] log10|dL/dh_t| hist bins=60 range=(-12.50,-11.50) mean=-12.00 p50=-12.00 p05=-12.00 p95=-12.00
  [diag] sat-dist hist bins=60 sat<0.05=0.0% mean=0.982 p10=0.981 p90=0.983
  [diag] z-gate sat-dist hist bins=60 mean=0.119 p10=0.119 p90=0.119
  [diag] r-gate sat-dist hist bins=60 mean=0.498 p10=0.498 p90=0.498
Iter 0001640: train nll 1.171, valid error 100.000%, best valid error 100.000%, avg grad norm   0.673, avg grad norm (post clip)   0.053, rho_Whh  0.08, Omega  0.00, alpha  0.000, steps in the past 0.000, valid nll 1.157
  [diag] log10|dL/dh_t| hist bins=60 range=(-12.50,-11.50) mean=-12.00 p50=-12.00 p05=-12.00 p95=-12.00
  [diag] sat-dist hist bins=60 sat<0.05=0.0% mean=0.982 p10=0.981 p90=0.983
  [diag] z-gate sat-dist hist bins=60 mean=0.119 p10=0.119 p90=0.119
  [diag] r-gate sat-dist hist bins=60 mean=0.498 p10=0.498 p90=0.498
Iter 0001660: train nll 1.170, valid error 100.000%, best valid error 100.000%, avg grad norm   0.663, avg grad norm (post clip)   0.053, rho_Whh  0.08, Omega  0.00, alpha  0.000, steps in the past 0.000, valid nll 1.150
  [diag] log10|dL/dh_t| hist bins=60 range=(-12.50,-11.50) mean=-12.00 p50=-12.00 p05=-12.00 p95=-12.00
  [diag] sat-dist hist bins=60 sat<0.05=0.0% mean=0.981 p10=0.980 p90=0.983
  [diag] z-gate sat-dist hist bins=60 mean=0.119 p10=0.119 p90=0.119
  [diag] r-gate sat-dist hist bins=60 mean=0.498 p10=0.498 p90=0.498
Iter 0001680: train nll 1.173, valid error 100.000%, best valid error 100.000%, avg grad norm   0.649, avg grad norm (post clip)   0.053, rho_Whh  0.08, Omega  0.00, alpha  0.000, steps in the past 0.000, valid nll 1.143
  [diag] log10|dL/dh_t| hist bins=60 range=(-12.50,-11.50) mean=-12.00 p50=-12.00 p05=-12.00 p95=-12.00
  [diag] sat-dist hist bins=60 sat<0.05=0.0% mean=0.981 p10=0.980 p90=0.983
  [diag] z-gate sat-dist hist bins=60 mean=0.119 p10=0.119 p90=0.119
  [diag] r-gate sat-dist hist bins=60 mean=0.498 p10=0.498 p90=0.498
Iter 0001700: train nll 1.163, valid error 100.000%, best valid error 100.000%, avg grad norm   0.651, avg grad norm (post clip)   0.053, rho_Whh  0.08, Omega  0.00, alpha  0.000, steps in the past 0.000, valid nll 1.136
  [diag] log10|dL/dh_t| hist bins=60 range=(-12.50,-11.50) mean=-12.00 p50=-12.00 p05=-12.00 p95=-12.00
  [diag] sat-dist hist bins=60 sat<0.05=0.0% mean=0.981 p10=0.980 p90=0.983
  [diag] z-gate sat-dist hist bins=60 mean=0.119 p10=0.119 p90=0.119
  [diag] r-gate sat-dist hist bins=60 mean=0.498 p10=0.498 p90=0.498
Iter 0001720: train nll 1.143, valid error 100.000%, best valid error 100.000%, avg grad norm   0.665, avg grad norm (post clip)   0.053, rho_Whh  0.08, Omega  0.00, alpha  0.000, steps in the past 0.000, valid nll 1.130
  [diag] log10|dL/dh_t| hist bins=60 range=(-12.50,-11.50) mean=-12.00 p50=-12.00 p05=-12.00 p95=-12.00
  [diag] sat-dist hist bins=60 sat<0.05=0.0% mean=0.981 p10=0.979 p90=0.982
  [diag] z-gate sat-dist hist bins=60 mean=0.119 p10=0.119 p90=0.119
  [diag] r-gate sat-dist hist bins=60 mean=0.498 p10=0.498 p90=0.498
Iter 0001740: train nll 1.134, valid error 100.000%, best valid error 100.000%, avg grad norm   0.665, avg grad norm (post clip)   0.053, rho_Whh  0.08, Omega  0.00, alpha  0.000, steps in the past 0.000, valid nll 1.123
  [diag] log10|dL/dh_t| hist bins=60 range=(-12.50,-11.50) mean=-12.00 p50=-12.00 p05=-12.00 p95=-12.00
  [diag] sat-dist hist bins=60 sat<0.05=0.0% mean=0.980 p10=0.979 p90=0.982
  [diag] z-gate sat-dist hist bins=60 mean=0.119 p10=0.119 p90=0.119
  [diag] r-gate sat-dist hist bins=60 mean=0.498 p10=0.498 p90=0.498
Iter 0001760: train nll 1.132, valid error 100.000%, best valid error 100.000%, avg grad norm   0.657, avg grad norm (post clip)   0.053, rho_Whh  0.08, Omega  0.00, alpha  0.000, steps in the past 0.000, valid nll 1.116
  [diag] log10|dL/dh_t| hist bins=60 range=(-12.50,-11.50) mean=-12.00 p50=-12.00 p05=-12.00 p95=-12.00
  [diag] sat-dist hist bins=60 sat<0.05=0.0% mean=0.980 p10=0.979 p90=0.982
  [diag] z-gate sat-dist hist bins=60 mean=0.119 p10=0.119 p90=0.119
  [diag] r-gate sat-dist hist bins=60 mean=0.498 p10=0.498 p90=0.498
Iter 0001780: train nll 1.124, valid error 100.000%, best valid error 100.000%, avg grad norm   0.656, avg grad norm (post clip)   0.053, rho_Whh  0.08, Omega  0.00, alpha  0.000, steps in the past 0.000, valid nll 1.109
  [diag] log10|dL/dh_t| hist bins=60 range=(-12.50,-11.50) mean=-12.00 p50=-12.00 p05=-12.00 p95=-12.00
  [diag] sat-dist hist bins=60 sat<0.05=0.0% mean=0.980 p10=0.979 p90=0.982
  [diag] z-gate sat-dist hist bins=60 mean=0.119 p10=0.119 p90=0.119
  [diag] r-gate sat-dist hist bins=60 mean=0.498 p10=0.498 p90=0.498
Iter 0001800: train nll 1.124, valid error 100.000%, best valid error 100.000%, avg grad norm   0.646, avg grad norm (post clip)   0.053, rho_Whh  0.08, Omega  0.00, alpha  0.000, steps in the past 0.000, valid nll 1.103
  [diag] log10|dL/dh_t| hist bins=60 range=(-12.50,-11.50) mean=-12.00 p50=-12.00 p05=-12.00 p95=-12.00
  [diag] sat-dist hist bins=60 sat<0.05=0.0% mean=0.980 p10=0.978 p90=0.981
  [diag] z-gate sat-dist hist bins=60 mean=0.119 p10=0.119 p90=0.119
  [diag] r-gate sat-dist hist bins=60 mean=0.498 p10=0.498 p90=0.498
Iter 0001820: train nll 1.111, valid error 100.000%, best valid error 100.000%, avg grad norm   0.652, avg grad norm (post clip)   0.053, rho_Whh  0.08, Omega  0.00, alpha  0.000, steps in the past 0.000, valid nll 1.096
  [diag] log10|dL/dh_t| hist bins=60 range=(-12.50,-11.50) mean=-12.00 p50=-12.00 p05=-12.00 p95=-12.00
  [diag] sat-dist hist bins=60 sat<0.05=0.0% mean=0.979 p10=0.978 p90=0.981
  [diag] z-gate sat-dist hist bins=60 mean=0.119 p10=0.119 p90=0.119
  [diag] r-gate sat-dist hist bins=60 mean=0.498 p10=0.498 p90=0.498
Iter 0001840: train nll 1.111, valid error 100.000%, best valid error 100.000%, avg grad norm   0.642, avg grad norm (post clip)   0.053, rho_Whh  0.08, Omega  0.00, alpha  0.000, steps in the past 0.000, valid nll 1.090
  [diag] log10|dL/dh_t| hist bins=60 range=(-12.50,-11.50) mean=-12.00 p50=-12.00 p05=-12.00 p95=-12.00
  [diag] sat-dist hist bins=60 sat<0.05=0.0% mean=0.979 p10=0.978 p90=0.981
  [diag] z-gate sat-dist hist bins=60 mean=0.119 p10=0.119 p90=0.119
  [diag] r-gate sat-dist hist bins=60 mean=0.498 p10=0.498 p90=0.498
Iter 0001860: train nll 1.116, valid error 100.000%, best valid error 100.000%, avg grad norm   0.627, avg grad norm (post clip)   0.053, rho_Whh  0.08, Omega  0.00, alpha  0.000, steps in the past 0.000, valid nll 1.083
  [diag] log10|dL/dh_t| hist bins=60 range=(-12.50,-11.50) mean=-12.00 p50=-12.00 p05=-12.00 p95=-12.00
  [diag] sat-dist hist bins=60 sat<0.05=0.0% mean=0.979 p10=0.977 p90=0.981
  [diag] z-gate sat-dist hist bins=60 mean=0.119 p10=0.119 p90=0.119
  [diag] r-gate sat-dist hist bins=60 mean=0.498 p10=0.498 p90=0.498
Iter 0001880: train nll 1.101, valid error 100.000%, best valid error 100.000%, avg grad norm   0.633, avg grad norm (post clip)   0.053, rho_Whh  0.08, Omega  0.00, alpha  0.000, steps in the past 0.000, valid nll 1.076
  [diag] log10|dL/dh_t| hist bins=60 range=(-12.50,-11.50) mean=-12.00 p50=-12.00 p05=-12.00 p95=-12.00
  [diag] sat-dist hist bins=60 sat<0.05=0.0% mean=0.979 p10=0.977 p90=0.980
  [diag] z-gate sat-dist hist bins=60 mean=0.119 p10=0.119 p90=0.119
  [diag] r-gate sat-dist hist bins=60 mean=0.498 p10=0.498 p90=0.498
Iter 0001900: train nll 1.089, valid error 100.000%, best valid error 100.000%, avg grad norm   0.638, avg grad norm (post clip)   0.053, rho_Whh  0.08, Omega  0.00, alpha  0.000, steps in the past 0.000, valid nll 1.070
  [diag] log10|dL/dh_t| hist bins=60 range=(-12.50,-11.50) mean=-12.00 p50=-12.00 p05=-12.00 p95=-12.00
  [diag] sat-dist hist bins=60 sat<0.05=0.0% mean=0.978 p10=0.977 p90=0.980
  [diag] z-gate sat-dist hist bins=60 mean=0.119 p10=0.119 p90=0.119
  [diag] r-gate sat-dist hist bins=60 mean=0.498 p10=0.498 p90=0.498
Iter 0001920: train nll 1.091, valid error 100.000%, best valid error 100.000%, avg grad norm   0.625, avg grad norm (post clip)   0.053, rho_Whh  0.08, Omega  0.00, alpha  0.000, steps in the past 0.000, valid nll 1.063
  [diag] log10|dL/dh_t| hist bins=60 range=(-12.50,-11.50) mean=-12.00 p50=-12.00 p05=-12.00 p95=-12.00
  [diag] sat-dist hist bins=60 sat<0.05=0.0% mean=0.978 p10=0.977 p90=0.980
  [diag] z-gate sat-dist hist bins=60 mean=0.119 p10=0.119 p90=0.119
  [diag] r-gate sat-dist hist bins=60 mean=0.498 p10=0.498 p90=0.498
Iter 0001940: train nll 1.088, valid error 100.000%, best valid error 100.000%, avg grad norm   0.620, avg grad norm (post clip)   0.053, rho_Whh  0.08, Omega  0.00, alpha  0.000, steps in the past 0.000, valid nll 1.057
  [diag] log10|dL/dh_t| hist bins=60 range=(-12.50,-11.50) mean=-12.00 p50=-12.00 p05=-12.00 p95=-12.00
  [diag] sat-dist hist bins=60 sat<0.05=0.0% mean=0.978 p10=0.976 p90=0.980
  [diag] z-gate sat-dist hist bins=60 mean=0.119 p10=0.119 p90=0.119
  [diag] r-gate sat-dist hist bins=60 mean=0.498 p10=0.498 p90=0.498
Iter 0001960: train nll 1.073, valid error 100.000%, best valid error 100.000%, avg grad norm   0.627, avg grad norm (post clip)   0.053, rho_Whh  0.08, Omega  0.00, alpha  0.000, steps in the past 0.000, valid nll 1.050
  [diag] log10|dL/dh_t| hist bins=60 range=(-12.50,-11.50) mean=-12.00 p50=-12.00 p05=-12.00 p95=-12.00
  [diag] sat-dist hist bins=60 sat<0.05=0.0% mean=0.977 p10=0.976 p90=0.979
  [diag] z-gate sat-dist hist bins=60 mean=0.119 p10=0.119 p90=0.119
  [diag] r-gate sat-dist hist bins=60 mean=0.498 p10=0.498 p90=0.498
Iter 0001980: train nll 1.057, valid error 100.000%, best valid error 100.000%, avg grad norm   0.634, avg grad norm (post clip)   0.053, rho_Whh  0.08, Omega  0.00, alpha  0.000, steps in the past 0.000, valid nll 1.044
  [diag] log10|dL/dh_t| hist bins=60 range=(-12.50,-11.50) mean=-12.00 p50=-12.00 p05=-12.00 p95=-12.00
  [diag] sat-dist hist bins=60 sat<0.05=0.0% mean=0.977 p10=0.976 p90=0.979
  [diag] z-gate sat-dist hist bins=60 mean=0.119 p10=0.119 p90=0.119
  [diag] r-gate sat-dist hist bins=60 mean=0.498 p10=0.498 p90=0.498
Iter 0002000: train nll 1.051, valid error 100.000%, best valid error 100.000%, avg grad norm   0.632, avg grad norm (post clip)   0.053, rho_Whh  0.08, Omega  0.00, alpha  0.000, steps in the past 0.000, valid nll 1.037
  [diag] log10|dL/dh_t| hist bins=60 range=(-12.50,-11.50) mean=-12.00 p50=-12.00 p05=-12.00 p95=-12.00
  [diag] sat-dist hist bins=60 sat<0.05=0.0% mean=0.977 p10=0.975 p90=0.979
  [diag] z-gate sat-dist hist bins=60 mean=0.119 p10=0.119 p90=0.119
  [diag] r-gate sat-dist hist bins=60 mean=0.498 p10=0.498 p90=0.498
Iter 0002020: train nll 1.051, valid error 100.000%, best valid error 100.000%, avg grad norm   0.623, avg grad norm (post clip)   0.053, rho_Whh  0.08, Omega  0.00, alpha  0.000, steps in the past 0.000, valid nll 1.031
  [diag] log10|dL/dh_t| hist bins=60 range=(-12.50,-11.50) mean=-12.00 p50=-12.00 p05=-12.00 p95=-12.00
  [diag] sat-dist hist bins=60 sat<0.05=0.0% mean=0.976 p10=0.975 p90=0.978
  [diag] z-gate sat-dist hist bins=60 mean=0.119 p10=0.119 p90=0.119
  [diag] r-gate sat-dist hist bins=60 mean=0.498 p10=0.498 p90=0.498
Iter 0002040: train nll 1.039, valid error 100.000%, best valid error 100.000%, avg grad norm   0.626, avg grad norm (post clip)   0.053, rho_Whh  0.08, Omega  0.00, alpha  0.000, steps in the past 0.000, valid nll 1.025
  [diag] log10|dL/dh_t| hist bins=60 range=(-12.50,-11.50) mean=-12.00 p50=-12.00 p05=-12.00 p95=-12.00
  [diag] sat-dist hist bins=60 sat<0.05=0.0% mean=0.976 p10=0.975 p90=0.978
  [diag] z-gate sat-dist hist bins=60 mean=0.119 p10=0.119 p90=0.119
  [diag] r-gate sat-dist hist bins=60 mean=0.498 p10=0.498 p90=0.498
Iter 0002060: train nll 1.025, valid error 100.000%, best valid error 100.000%, avg grad norm   0.632, avg grad norm (post clip)   0.053, rho_Whh  0.08, Omega  0.00, alpha  0.000, steps in the past 0.000, valid nll 1.018
  [diag] log10|dL/dh_t| hist bins=60 range=(-12.50,-11.50) mean=-12.00 p50=-12.00 p05=-12.00 p95=-12.00
  [diag] sat-dist hist bins=60 sat<0.05=0.0% mean=0.976 p10=0.974 p90=0.978
  [diag] z-gate sat-dist hist bins=60 mean=0.119 p10=0.119 p90=0.119
  [diag] r-gate sat-dist hist bins=60 mean=0.498 p10=0.498 p90=0.498
Iter 0002080: train nll 1.034, valid error 100.000%, best valid error 100.000%, avg grad norm   0.614, avg grad norm (post clip)   0.053, rho_Whh  0.08, Omega  0.00, alpha  0.000, steps in the past 0.000, valid nll 1.012
  [diag] log10|dL/dh_t| hist bins=60 range=(-12.50,-11.50) mean=-12.00 p50=-12.00 p05=-12.00 p95=-12.00
  [diag] sat-dist hist bins=60 sat<0.05=0.0% mean=0.976 p10=0.974 p90=0.978
  [diag] z-gate sat-dist hist bins=60 mean=0.119 p10=0.119 p90=0.119
  [diag] r-gate sat-dist hist bins=60 mean=0.498 p10=0.498 p90=0.498
Iter 0002100: train nll 1.038, valid error 100.000%, best valid error 100.000%, avg grad norm   0.601, avg grad norm (post clip)   0.053, rho_Whh  0.08, Omega  0.00, alpha  0.000, steps in the past 0.000, valid nll 1.006
  [diag] log10|dL/dh_t| hist bins=60 range=(-12.50,-11.50) mean=-12.00 p50=-12.00 p05=-12.00 p95=-12.00
  [diag] sat-dist hist bins=60 sat<0.05=0.0% mean=0.975 p10=0.974 p90=0.977
  [diag] z-gate sat-dist hist bins=60 mean=0.119 p10=0.119 p90=0.119
  [diag] r-gate sat-dist hist bins=60 mean=0.498 p10=0.498 p90=0.498
Iter 0002120: train nll 1.021, valid error 100.000%, best valid error 100.000%, avg grad norm   0.610, avg grad norm (post clip)   0.053, rho_Whh  0.08, Omega  0.00, alpha  0.000, steps in the past 0.000, valid nll 0.999
  [diag] log10|dL/dh_t| hist bins=60 range=(-12.50,-11.50) mean=-12.00 p50=-12.00 p05=-12.00 p95=-12.00
  [diag] sat-dist hist bins=60 sat<0.05=0.0% mean=0.975 p10=0.973 p90=0.977
  [diag] z-gate sat-dist hist bins=60 mean=0.119 p10=0.119 p90=0.119
  [diag] r-gate sat-dist hist bins=60 mean=0.498 p10=0.498 p90=0.498
Iter 0002140: train nll 1.019, valid error 100.000%, best valid error 100.000%, avg grad norm   0.603, avg grad norm (post clip)   0.053, rho_Whh  0.08, Omega  0.00, alpha  0.000, steps in the past 0.000, valid nll 0.993
  [diag] log10|dL/dh_t| hist bins=60 range=(-12.50,-11.50) mean=-12.00 p50=-12.00 p05=-12.00 p95=-12.00
  [diag] sat-dist hist bins=60 sat<0.05=0.0% mean=0.975 p10=0.973 p90=0.977
  [diag] z-gate sat-dist hist bins=60 mean=0.119 p10=0.119 p90=0.119
  [diag] r-gate sat-dist hist bins=60 mean=0.498 p10=0.498 p90=0.498
Iter 0002160: train nll 0.998, valid error 100.000%, best valid error 100.000%, avg grad norm   0.615, avg grad norm (post clip)   0.053, rho_Whh  0.08, Omega  0.00, alpha  0.000, steps in the past 0.000, valid nll 0.987
  [diag] log10|dL/dh_t| hist bins=60 range=(-12.50,-11.50) mean=-12.00 p50=-12.00 p05=-12.00 p95=-12.00
  [diag] sat-dist hist bins=60 sat<0.05=0.0% mean=0.974 p10=0.973 p90=0.976
  [diag] z-gate sat-dist hist bins=60 mean=0.119 p10=0.119 p90=0.119
  [diag] r-gate sat-dist hist bins=60 mean=0.498 p10=0.498 p90=0.498
Iter 0002180: train nll 0.996, valid error 100.000%, best valid error 100.000%, avg grad norm   0.609, avg grad norm (post clip)   0.053, rho_Whh  0.08, Omega  0.00, alpha  0.000, steps in the past 0.000, valid nll 0.981
  [diag] log10|dL/dh_t| hist bins=60 range=(-12.50,-11.50) mean=-12.00 p50=-12.00 p05=-12.00 p95=-12.00
  [diag] sat-dist hist bins=60 sat<0.05=0.0% mean=0.974 p10=0.972 p90=0.976
  [diag] z-gate sat-dist hist bins=60 mean=0.119 p10=0.119 p90=0.119
  [diag] r-gate sat-dist hist bins=60 mean=0.498 p10=0.498 p90=0.498
Iter 0002200: train nll 0.999, valid error 100.000%, best valid error 100.000%, avg grad norm   0.597, avg grad norm (post clip)   0.053, rho_Whh  0.08, Omega  0.00, alpha  0.000, steps in the past 0.000, valid nll 0.975
  [diag] log10|dL/dh_t| hist bins=60 range=(-12.50,-11.50) mean=-12.00 p50=-12.00 p05=-12.00 p95=-12.00
  [diag] sat-dist hist bins=60 sat<0.05=0.0% mean=0.974 p10=0.972 p90=0.976
  [diag] z-gate sat-dist hist bins=60 mean=0.119 p10=0.119 p90=0.119
  [diag] r-gate sat-dist hist bins=60 mean=0.498 p10=0.498 p90=0.498
Iter 0002220: train nll 0.984, valid error 100.000%, best valid error 100.000%, avg grad norm   0.603, avg grad norm (post clip)   0.053, rho_Whh  0.08, Omega  0.00, alpha  0.000, steps in the past 0.000, valid nll 0.968
  [diag] log10|dL/dh_t| hist bins=60 range=(-12.50,-11.50) mean=-12.00 p50=-12.00 p05=-12.00 p95=-12.00
  [diag] sat-dist hist bins=60 sat<0.05=0.0% mean=0.973 p10=0.972 p90=0.975
  [diag] z-gate sat-dist hist bins=60 mean=0.119 p10=0.119 p90=0.119
  [diag] r-gate sat-dist hist bins=60 mean=0.498 p10=0.498 p90=0.498
Iter 0002240: train nll 1.002, valid error 100.000%, best valid error 100.000%, avg grad norm   0.578, avg grad norm (post clip)   0.053, rho_Whh  0.08, Omega  0.00, alpha  0.000, steps in the past 0.000, valid nll 0.962
  [diag] log10|dL/dh_t| hist bins=60 range=(-12.50,-11.50) mean=-12.00 p50=-12.00 p05=-12.00 p95=-12.00
  [diag] sat-dist hist bins=60 sat<0.05=0.0% mean=0.973 p10=0.971 p90=0.975
  [diag] z-gate sat-dist hist bins=60 mean=0.119 p10=0.119 p90=0.119
  [diag] r-gate sat-dist hist bins=60 mean=0.498 p10=0.498 p90=0.498
Iter 0002260: train nll 0.983, valid error 100.000%, best valid error 100.000%, avg grad norm   0.588, avg grad norm (post clip)   0.053, rho_Whh  0.08, Omega  0.00, alpha  0.000, steps in the past 0.000, valid nll 0.956
  [diag] log10|dL/dh_t| hist bins=60 range=(-12.50,-11.50) mean=-12.00 p50=-12.00 p05=-12.00 p95=-12.00
  [diag] sat-dist hist bins=60 sat<0.05=0.0% mean=0.973 p10=0.971 p90=0.975
  [diag] z-gate sat-dist hist bins=60 mean=0.119 p10=0.119 p90=0.119
  [diag] r-gate sat-dist hist bins=60 mean=0.498 p10=0.498 p90=0.498
Iter 0002280: train nll 0.981, valid error 100.000%, best valid error 100.000%, avg grad norm   0.582, avg grad norm (post clip)   0.053, rho_Whh  0.08, Omega  0.00, alpha  0.000, steps in the past 0.000, valid nll 0.950
  [diag] log10|dL/dh_t| hist bins=60 range=(-12.50,-11.50) mean=-12.00 p50=-12.00 p05=-12.00 p95=-12.00
  [diag] sat-dist hist bins=60 sat<0.05=0.0% mean=0.972 p10=0.970 p90=0.974
  [diag] z-gate sat-dist hist bins=60 mean=0.119 p10=0.119 p90=0.119
  [diag] r-gate sat-dist hist bins=60 mean=0.498 p10=0.498 p90=0.498
Iter 0002300: train nll 0.972, valid error 100.000%, best valid error 100.000%, avg grad norm   0.582, avg grad norm (post clip)   0.053, rho_Whh  0.08, Omega  0.00, alpha  0.000, steps in the past 0.000, valid nll 0.944
  [diag] log10|dL/dh_t| hist bins=60 range=(-12.50,-11.50) mean=-12.00 p50=-12.00 p05=-12.00 p95=-12.00
  [diag] sat-dist hist bins=60 sat<0.05=0.0% mean=0.972 p10=0.970 p90=0.974
  [diag] z-gate sat-dist hist bins=60 mean=0.119 p10=0.119 p90=0.119
  [diag] r-gate sat-dist hist bins=60 mean=0.498 p10=0.498 p90=0.498
Iter 0002320: train nll 0.993, valid error 100.000%, best valid error 100.000%, avg grad norm   0.555, avg grad norm (post clip)   0.053, rho_Whh  0.08, Omega  0.00, alpha  0.000, steps in the past 0.000, valid nll 0.938
  [diag] log10|dL/dh_t| hist bins=60 range=(-12.50,-11.50) mean=-12.00 p50=-12.00 p05=-12.00 p95=-12.00
  [diag] sat-dist hist bins=60 sat<0.05=0.0% mean=0.972 p10=0.970 p90=0.974
  [diag] z-gate sat-dist hist bins=60 mean=0.119 p10=0.119 p90=0.119
  [diag] r-gate sat-dist hist bins=60 mean=0.498 p10=0.498 p90=0.498
Iter 0002340: train nll 0.951, valid error 100.000%, best valid error 100.000%, avg grad norm   0.586, avg grad norm (post clip)   0.053, rho_Whh  0.08, Omega  0.00, alpha  0.000, steps in the past 0.000, valid nll 0.932
  [diag] log10|dL/dh_t| hist bins=60 range=(-12.50,-11.50) mean=-12.00 p50=-12.00 p05=-12.00 p95=-12.00
  [diag] sat-dist hist bins=60 sat<0.05=0.0% mean=0.971 p10=0.969 p90=0.973
  [diag] z-gate sat-dist hist bins=60 mean=0.119 p10=0.119 p90=0.119
  [diag] r-gate sat-dist hist bins=60 mean=0.498 p10=0.498 p90=0.498
Iter 0002360: train nll 0.951, valid error 100.000%, best valid error 100.000%, avg grad norm   0.578, avg grad norm (post clip)   0.053, rho_Whh  0.08, Omega  0.00, alpha  0.000, steps in the past 0.000, valid nll 0.926
  [diag] log10|dL/dh_t| hist bins=60 range=(-12.50,-11.50) mean=-12.00 p50=-12.00 p05=-12.00 p95=-12.00
  [diag] sat-dist hist bins=60 sat<0.05=0.0% mean=0.971 p10=0.969 p90=0.973
  [diag] z-gate sat-dist hist bins=60 mean=0.119 p10=0.119 p90=0.119
  [diag] r-gate sat-dist hist bins=60 mean=0.498 p10=0.498 p90=0.498
Iter 0002380: train nll 0.955, valid error 100.000%, best valid error 100.000%, avg grad norm   0.567, avg grad norm (post clip)   0.053, rho_Whh  0.08, Omega  0.00, alpha  0.000, steps in the past 0.000, valid nll 0.920
  [diag] log10|dL/dh_t| hist bins=60 range=(-12.50,-11.50) mean=-12.00 p50=-12.00 p05=-12.00 p95=-12.00
  [diag] sat-dist hist bins=60 sat<0.05=0.0% mean=0.970 p10=0.969 p90=0.973
  [diag] z-gate sat-dist hist bins=60 mean=0.119 p10=0.119 p90=0.119
  [diag] r-gate sat-dist hist bins=60 mean=0.498 p10=0.498 p90=0.498
Iter 0002400: train nll 0.937, valid error 100.000%, best valid error 100.000%, avg grad norm   0.575, avg grad norm (post clip)   0.053, rho_Whh  0.08, Omega  0.00, alpha  0.000, steps in the past 0.000, valid nll 0.914
  [diag] log10|dL/dh_t| hist bins=60 range=(-12.50,-11.50) mean=-12.00 p50=-12.00 p05=-12.00 p95=-12.00
  [diag] sat-dist hist bins=60 sat<0.05=0.0% mean=0.970 p10=0.968 p90=0.972
  [diag] z-gate sat-dist hist bins=60 mean=0.119 p10=0.119 p90=0.119
  [diag] r-gate sat-dist hist bins=60 mean=0.498 p10=0.498 p90=0.498
Iter 0002420: train nll 0.943, valid error 100.000%, best valid error 100.000%, avg grad norm   0.562, avg grad norm (post clip)   0.053, rho_Whh  0.08, Omega  0.00, alpha  0.000, steps in the past 0.000, valid nll 0.908
  [diag] log10|dL/dh_t| hist bins=60 range=(-12.50,-11.50) mean=-12.00 p50=-12.00 p05=-12.00 p95=-12.00
  [diag] sat-dist hist bins=60 sat<0.05=0.0% mean=0.970 p10=0.968 p90=0.972
  [diag] z-gate sat-dist hist bins=60 mean=0.119 p10=0.119 p90=0.119
  [diag] r-gate sat-dist hist bins=60 mean=0.498 p10=0.498 p90=0.498
Iter 0002440: train nll 0.923, valid error 100.000%, best valid error 100.000%, avg grad norm   0.572, avg grad norm (post clip)   0.053, rho_Whh  0.08, Omega  0.00, alpha  0.000, steps in the past 0.000, valid nll 0.902
  [diag] log10|dL/dh_t| hist bins=60 range=(-12.50,-11.50) mean=-12.00 p50=-12.00 p05=-12.00 p95=-12.00
  [diag] sat-dist hist bins=60 sat<0.05=0.0% mean=0.969 p10=0.967 p90=0.972
  [diag] z-gate sat-dist hist bins=60 mean=0.119 p10=0.119 p90=0.119
  [diag] r-gate sat-dist hist bins=60 mean=0.498 p10=0.498 p90=0.498
Iter 0002460: train nll 0.934, valid error 100.000%, best valid error 100.000%, avg grad norm   0.555, avg grad norm (post clip)   0.053, rho_Whh  0.08, Omega  0.00, alpha  0.000, steps in the past 0.000, valid nll 0.897
  [diag] log10|dL/dh_t| hist bins=60 range=(-12.50,-11.50) mean=-12.00 p50=-12.00 p05=-12.00 p95=-12.00
  [diag] sat-dist hist bins=60 sat<0.05=0.0% mean=0.969 p10=0.967 p90=0.971
  [diag] z-gate sat-dist hist bins=60 mean=0.119 p10=0.119 p90=0.119
  [diag] r-gate sat-dist hist bins=60 mean=0.498 p10=0.498 p90=0.498
Iter 0002480: train nll 0.926, valid error 100.000%, best valid error 100.000%, avg grad norm   0.555, avg grad norm (post clip)   0.053, rho_Whh  0.08, Omega  0.00, alpha  0.000, steps in the past 0.000, valid nll 0.891
  [diag] log10|dL/dh_t| hist bins=60 range=(-12.50,-11.50) mean=-12.00 p50=-12.00 p05=-12.00 p95=-12.00
  [diag] sat-dist hist bins=60 sat<0.05=0.0% mean=0.969 p10=0.967 p90=0.971
  [diag] z-gate sat-dist hist bins=60 mean=0.119 p10=0.119 p90=0.119
  [diag] r-gate sat-dist hist bins=60 mean=0.498 p10=0.498 p90=0.498
Iter 0002500: train nll 0.924, valid error 100.000%, best valid error 100.000%, avg grad norm   0.549, avg grad norm (post clip)   0.053, rho_Whh  0.08, Omega  0.00, alpha  0.000, steps in the past 0.000, valid nll 0.885
  [diag] log10|dL/dh_t| hist bins=60 range=(-12.50,-11.50) mean=-12.00 p50=-12.00 p05=-12.00 p95=-12.00
  [diag] sat-dist hist bins=60 sat<0.05=0.0% mean=0.968 p10=0.966 p90=0.971
  [diag] z-gate sat-dist hist bins=60 mean=0.119 p10=0.119 p90=0.119
  [diag] r-gate sat-dist hist bins=60 mean=0.498 p10=0.498 p90=0.498
Iter 0002520: train nll 0.903, valid error 100.000%, best valid error 100.000%, avg grad norm   0.560, avg grad norm (post clip)   0.053, rho_Whh  0.08, Omega  0.00, alpha  0.000, steps in the past 0.000, valid nll 0.879
  [diag] log10|dL/dh_t| hist bins=60 range=(-12.50,-11.50) mean=-12.00 p50=-12.00 p05=-12.00 p95=-12.00
  [diag] sat-dist hist bins=60 sat<0.05=0.0% mean=0.968 p10=0.966 p90=0.970
  [diag] z-gate sat-dist hist bins=60 mean=0.119 p10=0.119 p90=0.119
  [diag] r-gate sat-dist hist bins=60 mean=0.498 p10=0.498 p90=0.498
Iter 0002540: train nll 0.887, valid error 100.000%, best valid error 100.000%, avg grad norm   0.567, avg grad norm (post clip)   0.053, rho_Whh  0.08, Omega  0.00, alpha  0.000, steps in the past 0.000, valid nll 0.873
  [diag] log10|dL/dh_t| hist bins=60 range=(-12.50,-11.50) mean=-12.00 p50=-12.00 p05=-12.00 p95=-12.00
  [diag] sat-dist hist bins=60 sat<0.05=0.0% mean=0.967 p10=0.965 p90=0.970
  [diag] z-gate sat-dist hist bins=60 mean=0.119 p10=0.119 p90=0.119
  [diag] r-gate sat-dist hist bins=60 mean=0.498 p10=0.498 p90=0.498
Iter 0002560: train nll 0.885, valid error 100.000%, best valid error 100.000%, avg grad norm   0.560, avg grad norm (post clip)   0.053, rho_Whh  0.08, Omega  0.00, alpha  0.000, steps in the past 0.000, valid nll 0.868
  [diag] log10|dL/dh_t| hist bins=60 range=(-12.50,-11.50) mean=-12.00 p50=-12.00 p05=-12.00 p95=-12.00
  [diag] sat-dist hist bins=60 sat<0.05=0.0% mean=0.967 p10=0.965 p90=0.969
  [diag] z-gate sat-dist hist bins=60 mean=0.119 p10=0.119 p90=0.119
  [diag] r-gate sat-dist hist bins=60 mean=0.498 p10=0.498 p90=0.498
Iter 0002580: train nll 0.892, valid error 100.000%, best valid error 100.000%, avg grad norm   0.547, avg grad norm (post clip)   0.053, rho_Whh  0.08, Omega  0.00, alpha  0.000, steps in the past 0.000, valid nll 0.862
  [diag] log10|dL/dh_t| hist bins=60 range=(-12.50,-11.50) mean=-12.00 p50=-12.00 p05=-12.00 p95=-12.00
  [diag] sat-dist hist bins=60 sat<0.05=0.0% mean=0.967 p10=0.964 p90=0.969
  [diag] z-gate sat-dist hist bins=60 mean=0.119 p10=0.119 p90=0.119
  [diag] r-gate sat-dist hist bins=60 mean=0.498 p10=0.498 p90=0.498
Iter 0002600: train nll 0.893, valid error 100.000%, best valid error 100.000%, avg grad norm   0.539, avg grad norm (post clip)   0.053, rho_Whh  0.08, Omega  0.00, alpha  0.000, steps in the past 0.000, valid nll 0.856
  [diag] log10|dL/dh_t| hist bins=60 range=(-12.50,-11.50) mean=-12.00 p50=-12.00 p05=-12.00 p95=-12.00
  [diag] sat-dist hist bins=60 sat<0.05=0.0% mean=0.966 p10=0.964 p90=0.969
  [diag] z-gate sat-dist hist bins=60 mean=0.119 p10=0.119 p90=0.119
  [diag] r-gate sat-dist hist bins=60 mean=0.498 p10=0.498 p90=0.498
Iter 0002620: train nll 0.874, valid error 100.000%, best valid error 100.000%, avg grad norm   0.548, avg grad norm (post clip)   0.053, rho_Whh  0.08, Omega  0.00, alpha  0.000, steps in the past 0.000, valid nll 0.851
  [diag] log10|dL/dh_t| hist bins=60 range=(-12.50,-11.50) mean=-12.00 p50=-12.00 p05=-12.00 p95=-12.00
  [diag] sat-dist hist bins=60 sat<0.05=0.0% mean=0.966 p10=0.964 p90=0.968
  [diag] z-gate sat-dist hist bins=60 mean=0.119 p10=0.119 p90=0.119
  [diag] r-gate sat-dist hist bins=60 mean=0.498 p10=0.498 p90=0.498
Iter 0002640: train nll 0.865, valid error 100.000%, best valid error 100.000%, avg grad norm   0.549, avg grad norm (post clip)   0.053, rho_Whh  0.08, Omega  0.00, alpha  0.000, steps in the past 0.000, valid nll 0.845
  [diag] log10|dL/dh_t| hist bins=60 range=(-12.50,-11.50) mean=-12.00 p50=-12.00 p05=-12.00 p95=-12.00
  [diag] sat-dist hist bins=60 sat<0.05=0.0% mean=0.965 p10=0.963 p90=0.968
  [diag] z-gate sat-dist hist bins=60 mean=0.119 p10=0.119 p90=0.119
  [diag] r-gate sat-dist hist bins=60 mean=0.498 p10=0.498 p90=0.498
Iter 0002660: train nll 0.865, valid error 100.000%, best valid error 100.000%, avg grad norm   0.541, avg grad norm (post clip)   0.053, rho_Whh  0.08, Omega  0.00, alpha  0.000, steps in the past 0.000, valid nll 0.839
  [diag] log10|dL/dh_t| hist bins=60 range=(-12.50,-11.50) mean=-12.00 p50=-12.00 p05=-12.00 p95=-12.00
  [diag] sat-dist hist bins=60 sat<0.05=0.0% mean=0.965 p10=0.963 p90=0.968
  [diag] z-gate sat-dist hist bins=60 mean=0.119 p10=0.119 p90=0.119
  [diag] r-gate sat-dist hist bins=60 mean=0.498 p10=0.498 p90=0.498
Iter 0002680: train nll 0.858, valid error 100.000%, best valid error 100.000%, avg grad norm   0.540, avg grad norm (post clip)   0.053, rho_Whh  0.08, Omega  0.00, alpha  0.000, steps in the past 0.000, valid nll 0.834
  [diag] log10|dL/dh_t| hist bins=60 range=(-12.50,-11.50) mean=-12.00 p50=-12.00 p05=-12.00 p95=-12.00
  [diag] sat-dist hist bins=60 sat<0.05=0.0% mean=0.964 p10=0.962 p90=0.967
  [diag] z-gate sat-dist hist bins=60 mean=0.119 p10=0.119 p90=0.119
  [diag] r-gate sat-dist hist bins=60 mean=0.498 p10=0.498 p90=0.498
Iter 0002700: train nll 0.847, valid error 100.000%, best valid error 100.000%, avg grad norm   0.542, avg grad norm (post clip)   0.053, rho_Whh  0.08, Omega  0.00, alpha  0.000, steps in the past 0.000, valid nll 0.828
  [diag] log10|dL/dh_t| hist bins=60 range=(-12.50,-11.50) mean=-12.00 p50=-12.00 p05=-12.00 p95=-12.00
  [diag] sat-dist hist bins=60 sat<0.05=0.0% mean=0.964 p10=0.962 p90=0.967
  [diag] z-gate sat-dist hist bins=60 mean=0.119 p10=0.119 p90=0.119
  [diag] r-gate sat-dist hist bins=60 mean=0.498 p10=0.498 p90=0.498
Iter 0002720: train nll 0.848, valid error 100.000%, best valid error 100.000%, avg grad norm   0.535, avg grad norm (post clip)   0.053, rho_Whh  0.08, Omega  0.00, alpha  0.000, steps in the past 0.000, valid nll 0.823
  [diag] log10|dL/dh_t| hist bins=60 range=(-12.50,-11.50) mean=-12.00 p50=-12.00 p05=-12.00 p95=-12.00
  [diag] sat-dist hist bins=60 sat<0.05=0.0% mean=0.964 p10=0.961 p90=0.966
  [diag] z-gate sat-dist hist bins=60 mean=0.119 p10=0.119 p90=0.119
  [diag] r-gate sat-dist hist bins=60 mean=0.498 p10=0.498 p90=0.498
Iter 0002740: train nll 0.856, valid error 100.000%, best valid error 100.000%, avg grad norm   0.521, avg grad norm (post clip)   0.053, rho_Whh  0.08, Omega  0.00, alpha  0.000, steps in the past 0.000, valid nll 0.817
  [diag] log10|dL/dh_t| hist bins=60 range=(-12.50,-11.50) mean=-12.00 p50=-12.00 p05=-12.00 p95=-12.00
  [diag] sat-dist hist bins=60 sat<0.05=0.0% mean=0.963 p10=0.961 p90=0.966
  [diag] z-gate sat-dist hist bins=60 mean=0.119 p10=0.119 p90=0.119
  [diag] r-gate sat-dist hist bins=60 mean=0.498 p10=0.498 p90=0.498
Iter 0002760: train nll 0.841, valid error 100.000%, best valid error 100.000%, avg grad norm   0.527, avg grad norm (post clip)   0.053, rho_Whh  0.08, Omega  0.00, alpha  0.000, steps in the past 0.000, valid nll 0.812
  [diag] log10|dL/dh_t| hist bins=60 range=(-12.50,-11.50) mean=-12.00 p50=-12.00 p05=-12.00 p95=-12.00
  [diag] sat-dist hist bins=60 sat<0.05=0.0% mean=0.963 p10=0.960 p90=0.966
  [diag] z-gate sat-dist hist bins=60 mean=0.119 p10=0.119 p90=0.119
  [diag] r-gate sat-dist hist bins=60 mean=0.498 p10=0.498 p90=0.498
Iter 0002780: train nll 0.834, valid error 100.000%, best valid error 100.000%, avg grad norm   0.526, avg grad norm (post clip)   0.053, rho_Whh  0.08, Omega  0.00, alpha  0.000, steps in the past 0.000, valid nll 0.806
  [diag] log10|dL/dh_t| hist bins=60 range=(-12.50,-11.50) mean=-12.00 p50=-12.00 p05=-12.00 p95=-12.00
  [diag] sat-dist hist bins=60 sat<0.05=0.0% mean=0.962 p10=0.960 p90=0.965
  [diag] z-gate sat-dist hist bins=60 mean=0.119 p10=0.119 p90=0.119
  [diag] r-gate sat-dist hist bins=60 mean=0.498 p10=0.498 p90=0.498
Iter 0002800: train nll 0.803, valid error 100.000%, best valid error 100.000%, avg grad norm   0.544, avg grad norm (post clip)   0.053, rho_Whh  0.08, Omega  0.00, alpha  0.000, steps in the past 0.000, valid nll 0.801
  [diag] log10|dL/dh_t| hist bins=60 range=(-12.50,-11.50) mean=-12.00 p50=-12.00 p05=-12.00 p95=-12.00
  [diag] sat-dist hist bins=60 sat<0.05=0.0% mean=0.962 p10=0.959 p90=0.965
  [diag] z-gate sat-dist hist bins=60 mean=0.119 p10=0.119 p90=0.119
  [diag] r-gate sat-dist hist bins=60 mean=0.498 p10=0.498 p90=0.498
Iter 0002820: train nll 0.830, valid error 100.000%, best valid error 100.000%, avg grad norm   0.515, avg grad norm (post clip)   0.053, rho_Whh  0.08, Omega  0.00, alpha  0.000, steps in the past 0.000, valid nll 0.795
  [diag] log10|dL/dh_t| hist bins=60 range=(-12.50,-11.50) mean=-12.00 p50=-12.00 p05=-12.00 p95=-12.00
  [diag] sat-dist hist bins=60 sat<0.05=0.0% mean=0.961 p10=0.959 p90=0.964
  [diag] z-gate sat-dist hist bins=60 mean=0.119 p10=0.119 p90=0.119
  [diag] r-gate sat-dist hist bins=60 mean=0.498 p10=0.498 p90=0.498
Iter 0002840: train nll 0.821, valid error 100.000%, best valid error 100.000%, avg grad norm   0.515, avg grad norm (post clip)   0.053, rho_Whh  0.08, Omega  0.00, alpha  0.000, steps in the past 0.000, valid nll 0.790
  [diag] log10|dL/dh_t| hist bins=60 range=(-12.50,-11.50) mean=-12.00 p50=-12.00 p05=-12.00 p95=-12.00
  [diag] sat-dist hist bins=60 sat<0.05=0.0% mean=0.961 p10=0.958 p90=0.964
  [diag] z-gate sat-dist hist bins=60 mean=0.119 p10=0.119 p90=0.119
  [diag] r-gate sat-dist hist bins=60 mean=0.498 p10=0.498 p90=0.498
Iter 0002860: train nll 0.836, valid error 100.000%, best valid error 100.000%, avg grad norm   0.497, avg grad norm (post clip)   0.053, rho_Whh  0.08, Omega  0.00, alpha  0.000, steps in the past 0.000, valid nll 0.785
  [diag] log10|dL/dh_t| hist bins=60 range=(-12.50,-11.50) mean=-12.00 p50=-12.00 p05=-12.00 p95=-12.00
  [diag] sat-dist hist bins=60 sat<0.05=0.0% mean=0.960 p10=0.958 p90=0.963
  [diag] z-gate sat-dist hist bins=60 mean=0.119 p10=0.119 p90=0.119
  [diag] r-gate sat-dist hist bins=60 mean=0.498 p10=0.498 p90=0.498
Iter 0002880: train nll 0.799, valid error 100.000%, best valid error 100.000%, avg grad norm   0.520, avg grad norm (post clip)   0.053, rho_Whh  0.08, Omega  0.00, alpha  0.000, steps in the past 0.000, valid nll 0.779
  [diag] log10|dL/dh_t| hist bins=60 range=(-12.50,-11.50) mean=-12.00 p50=-12.00 p05=-12.00 p95=-12.00
  [diag] sat-dist hist bins=60 sat<0.05=0.0% mean=0.960 p10=0.957 p90=0.963
  [diag] z-gate sat-dist hist bins=60 mean=0.119 p10=0.119 p90=0.119
  [diag] r-gate sat-dist hist bins=60 mean=0.498 p10=0.498 p90=0.498
Iter 0002900: train nll 0.806, valid error 100.000%, best valid error 100.000%, avg grad norm   0.507, avg grad norm (post clip)   0.053, rho_Whh  0.08, Omega  0.00, alpha  0.000, steps in the past 0.000, valid nll 0.774
  [diag] log10|dL/dh_t| hist bins=60 range=(-12.50,-11.50) mean=-12.00 p50=-12.00 p05=-12.00 p95=-12.00
  [diag] sat-dist hist bins=60 sat<0.05=0.0% mean=0.959 p10=0.957 p90=0.963
  [diag] z-gate sat-dist hist bins=60 mean=0.119 p10=0.119 p90=0.119
  [diag] r-gate sat-dist hist bins=60 mean=0.498 p10=0.498 p90=0.498
Iter 0002920: train nll 0.826, valid error 100.000%, best valid error 100.000%, avg grad norm   0.485, avg grad norm (post clip)   0.053, rho_Whh  0.08, Omega  0.00, alpha  0.000, steps in the past 0.000, valid nll 0.769
  [diag] log10|dL/dh_t| hist bins=60 range=(-12.50,-11.50) mean=-12.00 p50=-12.00 p05=-12.00 p95=-12.00
  [diag] sat-dist hist bins=60 sat<0.05=0.0% mean=0.959 p10=0.956 p90=0.962
  [diag] z-gate sat-dist hist bins=60 mean=0.119 p10=0.119 p90=0.119
  [diag] r-gate sat-dist hist bins=60 mean=0.498 p10=0.498 p90=0.498
Iter 0002940: train nll 0.790, valid error 100.000%, best valid error 100.000%, avg grad norm   0.506, avg grad norm (post clip)   0.053, rho_Whh  0.08, Omega  0.00, alpha  0.000, steps in the past 0.000, valid nll 0.764
  [diag] log10|dL/dh_t| hist bins=60 range=(-12.50,-11.50) mean=-12.00 p50=-12.00 p05=-12.00 p95=-12.00
  [diag] sat-dist hist bins=60 sat<0.05=0.0% mean=0.958 p10=0.956 p90=0.962
  [diag] z-gate sat-dist hist bins=60 mean=0.119 p10=0.119 p90=0.119
  [diag] r-gate sat-dist hist bins=60 mean=0.498 p10=0.498 p90=0.498
Iter 0002960: train nll 0.809, valid error 100.000%, best valid error 100.000%, avg grad norm   0.485, avg grad norm (post clip)   0.053, rho_Whh  0.08, Omega  0.00, alpha  0.000, steps in the past 0.000, valid nll 0.758
  [diag] log10|dL/dh_t| hist bins=60 range=(-12.50,-11.50) mean=-12.00 p50=-12.00 p05=-12.00 p95=-12.00
  [diag] sat-dist hist bins=60 sat<0.05=0.0% mean=0.958 p10=0.955 p90=0.961
  [diag] z-gate sat-dist hist bins=60 mean=0.119 p10=0.119 p90=0.119
  [diag] r-gate sat-dist hist bins=60 mean=0.498 p10=0.498 p90=0.498
Iter 0002980: train nll 0.797, valid error 100.000%, best valid error 100.000%, avg grad norm   0.488, avg grad norm (post clip)   0.053, rho_Whh  0.08, Omega  0.00, alpha  0.000, steps in the past 0.000, valid nll 0.753
  [diag] log10|dL/dh_t| hist bins=60 range=(-12.50,-11.50) mean=-12.00 p50=-12.00 p05=-12.00 p95=-12.00
  [diag] sat-dist hist bins=60 sat<0.05=0.0% mean=0.957 p10=0.955 p90=0.961
  [diag] z-gate sat-dist hist bins=60 mean=0.119 p10=0.119 p90=0.119
  [diag] r-gate sat-dist hist bins=60 mean=0.498 p10=0.498 p90=0.498
Iter 0003000: train nll 0.775, valid error 100.000%, best valid error 100.000%, avg grad norm   0.499, avg grad norm (post clip)   0.053, rho_Whh  0.08, Omega  0.00, alpha  0.000, steps in the past 0.000, valid nll 0.748
  [diag] log10|dL/dh_t| hist bins=60 range=(-12.50,-11.50) mean=-12.00 p50=-12.00 p05=-12.00 p95=-12.00
  [diag] sat-dist hist bins=60 sat<0.05=0.0% mean=0.957 p10=0.954 p90=0.960
  [diag] z-gate sat-dist hist bins=60 mean=0.119 p10=0.119 p90=0.119
  [diag] r-gate sat-dist hist bins=60 mean=0.498 p10=0.498 p90=0.498
Iter 0003020: train nll 0.771, valid error 100.000%, best valid error 100.000%, avg grad norm   0.495, avg grad norm (post clip)   0.053, rho_Whh  0.08, Omega  0.00, alpha  0.000, steps in the past 0.000, valid nll 0.743
  [diag] log10|dL/dh_t| hist bins=60 range=(-12.50,-11.50) mean=-12.00 p50=-12.00 p05=-12.00 p95=-12.00
  [diag] sat-dist hist bins=60 sat<0.05=0.0% mean=0.956 p10=0.954 p90=0.960
  [diag] z-gate sat-dist hist bins=60 mean=0.119 p10=0.119 p90=0.119
  [diag] r-gate sat-dist hist bins=60 mean=0.498 p10=0.498 p90=0.498
Iter 0003040: train nll 0.767, valid error 100.000%, best valid error 100.000%, avg grad norm   0.492, avg grad norm (post clip)   0.053, rho_Whh  0.08, Omega  0.00, alpha  0.000, steps in the past 0.000, valid nll 0.738
  [diag] log10|dL/dh_t| hist bins=60 range=(-12.50,-11.50) mean=-12.00 p50=-12.00 p05=-12.00 p95=-12.00
  [diag] sat-dist hist bins=60 sat<0.05=0.0% mean=0.956 p10=0.953 p90=0.959
  [diag] z-gate sat-dist hist bins=60 mean=0.119 p10=0.119 p90=0.119
  [diag] r-gate sat-dist hist bins=60 mean=0.498 p10=0.498 p90=0.498
Iter 0003060: train nll 0.765, valid error 100.000%, best valid error 100.000%, avg grad norm   0.487, avg grad norm (post clip)   0.053, rho_Whh  0.08, Omega  0.00, alpha  0.000, steps in the past 0.000, valid nll 0.733
  [diag] log10|dL/dh_t| hist bins=60 range=(-12.50,-11.50) mean=-12.00 p50=-12.00 p05=-12.00 p95=-12.00
  [diag] sat-dist hist bins=60 sat<0.05=0.0% mean=0.955 p10=0.953 p90=0.959
  [diag] z-gate sat-dist hist bins=60 mean=0.119 p10=0.119 p90=0.119
  [diag] r-gate sat-dist hist bins=60 mean=0.498 p10=0.498 p90=0.498
Iter 0003080: train nll 0.753, valid error 100.000%, best valid error 100.000%, avg grad norm   0.490, avg grad norm (post clip)   0.053, rho_Whh  0.08, Omega  0.00, alpha  0.000, steps in the past 0.000, valid nll 0.728
  [diag] log10|dL/dh_t| hist bins=60 range=(-12.50,-11.50) mean=-12.00 p50=-12.00 p05=-12.00 p95=-12.00
  [diag] sat-dist hist bins=60 sat<0.05=0.0% mean=0.955 p10=0.952 p90=0.958
  [diag] z-gate sat-dist hist bins=60 mean=0.119 p10=0.119 p90=0.119
  [diag] r-gate sat-dist hist bins=60 mean=0.498 p10=0.498 p90=0.498
Iter 0003100: train nll 0.781, valid error 100.000%, best valid error 100.000%, avg grad norm   0.463, avg grad norm (post clip)   0.053, rho_Whh  0.08, Omega  0.00, alpha  0.000, steps in the past 0.000, valid nll 0.722
  [diag] log10|dL/dh_t| hist bins=60 range=(-12.50,-11.50) mean=-12.00 p50=-12.00 p05=-12.00 p95=-12.00
  [diag] sat-dist hist bins=60 sat<0.05=0.0% mean=0.954 p10=0.952 p90=0.958
  [diag] z-gate sat-dist hist bins=60 mean=0.119 p10=0.119 p90=0.119
  [diag] r-gate sat-dist hist bins=60 mean=0.498 p10=0.498 p90=0.498
Iter 0003120: train nll 0.753, valid error 100.000%, best valid error 100.000%, avg grad norm   0.477, avg grad norm (post clip)   0.053, rho_Whh  0.08, Omega  0.00, alpha  0.000, steps in the past 0.000, valid nll 0.717
  [diag] log10|dL/dh_t| hist bins=60 range=(-12.50,-11.50) mean=-12.00 p50=-12.00 p05=-12.00 p95=-12.00
  [diag] sat-dist hist bins=60 sat<0.05=0.0% mean=0.954 p10=0.951 p90=0.957
  [diag] z-gate sat-dist hist bins=60 mean=0.119 p10=0.119 p90=0.119
  [diag] r-gate sat-dist hist bins=60 mean=0.498 p10=0.498 p90=0.498
Iter 0003140: train nll 0.761, valid error 100.000%, best valid error 100.000%, avg grad norm   0.465, avg grad norm (post clip)   0.053, rho_Whh  0.08, Omega  0.00, alpha  0.000, steps in the past 0.000, valid nll 0.712
  [diag] log10|dL/dh_t| hist bins=60 range=(-12.50,-11.50) mean=-12.00 p50=-12.00 p05=-12.00 p95=-12.00
  [diag] sat-dist hist bins=60 sat<0.05=0.0% mean=0.953 p10=0.950 p90=0.957
  [diag] z-gate sat-dist hist bins=60 mean=0.119 p10=0.119 p90=0.119
  [diag] r-gate sat-dist hist bins=60 mean=0.498 p10=0.498 p90=0.498
Iter 0003160: train nll 0.734, valid error 100.000%, best valid error 100.000%, avg grad norm   0.479, avg grad norm (post clip)   0.053, rho_Whh  0.08, Omega  0.00, alpha  0.000, steps in the past 0.000, valid nll 0.708
  [diag] log10|dL/dh_t| hist bins=60 range=(-12.50,-11.50) mean=-12.00 p50=-12.00 p05=-12.00 p95=-12.00
  [diag] sat-dist hist bins=60 sat<0.05=0.0% mean=0.953 p10=0.950 p90=0.956
  [diag] z-gate sat-dist hist bins=60 mean=0.119 p10=0.119 p90=0.119
  [diag] r-gate sat-dist hist bins=60 mean=0.498 p10=0.498 p90=0.498
Iter 0003180: train nll 0.744, valid error 100.000%, best valid error 100.000%, avg grad norm   0.465, avg grad norm (post clip)   0.053, rho_Whh  0.08, Omega  0.00, alpha  0.000, steps in the past 0.000, valid nll 0.703
  [diag] log10|dL/dh_t| hist bins=60 range=(-12.50,-11.50) mean=-12.00 p50=-12.00 p05=-12.00 p95=-12.00
  [diag] sat-dist hist bins=60 sat<0.05=0.0% mean=0.952 p10=0.949 p90=0.956
  [diag] z-gate sat-dist hist bins=60 mean=0.119 p10=0.119 p90=0.119
  [diag] r-gate sat-dist hist bins=60 mean=0.498 p10=0.498 p90=0.498
Iter 0003200: train nll 0.736, valid error 100.000%, best valid error 100.000%, avg grad norm   0.465, avg grad norm (post clip)   0.053, rho_Whh  0.08, Omega  0.00, alpha  0.000, steps in the past 0.000, valid nll 0.698
  [diag] log10|dL/dh_t| hist bins=60 range=(-12.50,-11.50) mean=-12.00 p50=-12.00 p05=-12.00 p95=-12.00
  [diag] sat-dist hist bins=60 sat<0.05=0.0% mean=0.952 p10=0.949 p90=0.955
  [diag] z-gate sat-dist hist bins=60 mean=0.119 p10=0.119 p90=0.119
  [diag] r-gate sat-dist hist bins=60 mean=0.498 p10=0.498 p90=0.498
Iter 0003220: train nll 0.736, valid error 100.000%, best valid error 100.000%, avg grad norm   0.459, avg grad norm (post clip)   0.053, rho_Whh  0.08, Omega  0.00, alpha  0.000, steps in the past 0.000, valid nll 0.693
  [diag] log10|dL/dh_t| hist bins=60 range=(-12.50,-11.50) mean=-12.00 p50=-12.00 p05=-12.00 p95=-12.00
  [diag] sat-dist hist bins=60 sat<0.05=0.0% mean=0.951 p10=0.948 p90=0.955
  [diag] z-gate sat-dist hist bins=60 mean=0.119 p10=0.119 p90=0.119
  [diag] r-gate sat-dist hist bins=60 mean=0.498 p10=0.498 p90=0.498
Iter 0003240: train nll 0.713, valid error 100.000%, best valid error 100.000%, avg grad norm   0.470, avg grad norm (post clip)   0.053, rho_Whh  0.08, Omega  0.00, alpha  0.000, steps in the past 0.000, valid nll 0.688
  [diag] log10|dL/dh_t| hist bins=60 range=(-12.50,-11.50) mean=-12.00 p50=-12.00 p05=-12.00 p95=-12.00
  [diag] sat-dist hist bins=60 sat<0.05=0.0% mean=0.951 p10=0.948 p90=0.954
  [diag] z-gate sat-dist hist bins=60 mean=0.119 p10=0.119 p90=0.119
  [diag] r-gate sat-dist hist bins=60 mean=0.498 p10=0.498 p90=0.498
Iter 0003260: train nll 0.725, valid error 100.000%, best valid error 100.000%, avg grad norm   0.455, avg grad norm (post clip)   0.053, rho_Whh  0.08, Omega  0.00, alpha  0.000, steps in the past 0.000, valid nll 0.683
  [diag] log10|dL/dh_t| hist bins=60 range=(-12.50,-11.50) mean=-12.00 p50=-12.00 p05=-12.00 p95=-12.00
  [diag] sat-dist hist bins=60 sat<0.05=0.0% mean=0.950 p10=0.947 p90=0.954
  [diag] z-gate sat-dist hist bins=60 mean=0.119 p10=0.119 p90=0.119
  [diag] r-gate sat-dist hist bins=60 mean=0.498 p10=0.498 p90=0.498
Iter 0003280: train nll 0.693, valid error 100.000%, best valid error 100.000%, avg grad norm   0.472, avg grad norm (post clip)   0.053, rho_Whh  0.08, Omega  0.00, alpha  0.000, steps in the past 0.000, valid nll 0.678
  [diag] log10|dL/dh_t| hist bins=60 range=(-12.50,-11.50) mean=-12.00 p50=-12.00 p05=-12.00 p95=-12.00
  [diag] sat-dist hist bins=60 sat<0.05=0.0% mean=0.949 p10=0.946 p90=0.953
  [diag] z-gate sat-dist hist bins=60 mean=0.119 p10=0.119 p90=0.119
  [diag] r-gate sat-dist hist bins=60 mean=0.498 p10=0.498 p90=0.498
Iter 0003300: train nll 0.709, valid error 100.000%, best valid error 100.000%, avg grad norm   0.454, avg grad norm (post clip)   0.053, rho_Whh  0.08, Omega  0.00, alpha  0.000, steps in the past 0.000, valid nll 0.673
  [diag] log10|dL/dh_t| hist bins=60 range=(-12.50,-11.50) mean=-12.00 p50=-12.00 p05=-12.00 p95=-12.00
  [diag] sat-dist hist bins=60 sat<0.05=0.0% mean=0.949 p10=0.946 p90=0.953
  [diag] z-gate sat-dist hist bins=60 mean=0.119 p10=0.119 p90=0.119
  [diag] r-gate sat-dist hist bins=60 mean=0.498 p10=0.498 p90=0.498
Iter 0003320: train nll 0.688, valid error 100.000%, best valid error 100.000%, avg grad norm   0.464, avg grad norm (post clip)   0.053, rho_Whh  0.08, Omega  0.00, alpha  0.000, steps in the past 0.000, valid nll 0.669
  [diag] log10|dL/dh_t| hist bins=60 range=(-12.50,-11.50) mean=-12.00 p50=-12.00 p05=-12.00 p95=-12.00
  [diag] sat-dist hist bins=60 sat<0.05=0.0% mean=0.948 p10=0.945 p90=0.952
  [diag] z-gate sat-dist hist bins=60 mean=0.119 p10=0.119 p90=0.119
  [diag] r-gate sat-dist hist bins=60 mean=0.498 p10=0.498 p90=0.498
Iter 0003340: train nll 0.709, valid error 100.000%, best valid error 100.000%, avg grad norm   0.443, avg grad norm (post clip)   0.053, rho_Whh  0.08, Omega  0.00, alpha  0.000, steps in the past 0.000, valid nll 0.664
  [diag] log10|dL/dh_t| hist bins=60 range=(-12.50,-11.50) mean=-12.00 p50=-12.00 p05=-12.00 p95=-12.00
  [diag] sat-dist hist bins=60 sat<0.05=0.0% mean=0.948 p10=0.944 p90=0.952
  [diag] z-gate sat-dist hist bins=60 mean=0.119 p10=0.119 p90=0.119
  [diag] r-gate sat-dist hist bins=60 mean=0.498 p10=0.498 p90=0.498
Iter 0003360: train nll 0.692, valid error 100.000%, best valid error 100.000%, avg grad norm   0.449, avg grad norm (post clip)   0.053, rho_Whh  0.08, Omega  0.00, alpha  0.000, steps in the past 0.000, valid nll 0.659
  [diag] log10|dL/dh_t| hist bins=60 range=(-12.50,-11.50) mean=-12.00 p50=-12.00 p05=-12.00 p95=-12.00
  [diag] sat-dist hist bins=60 sat<0.05=0.0% mean=0.947 p10=0.944 p90=0.951
  [diag] z-gate sat-dist hist bins=60 mean=0.119 p10=0.119 p90=0.119
  [diag] r-gate sat-dist hist bins=60 mean=0.498 p10=0.498 p90=0.498
Iter 0003380: train nll 0.694, valid error 100.000%, best valid error 100.000%, avg grad norm   0.442, avg grad norm (post clip)   0.053, rho_Whh  0.08, Omega  0.00, alpha  0.000, steps in the past 0.000, valid nll 0.655
  [diag] log10|dL/dh_t| hist bins=60 range=(-12.50,-11.50) mean=-12.00 p50=-12.00 p05=-12.00 p95=-12.00
  [diag] sat-dist hist bins=60 sat<0.05=0.0% mean=0.947 p10=0.943 p90=0.951
  [diag] z-gate sat-dist hist bins=60 mean=0.119 p10=0.119 p90=0.119
  [diag] r-gate sat-dist hist bins=60 mean=0.498 p10=0.498 p90=0.498
Iter 0003400: train nll 0.678, valid error 100.000%, best valid error 100.000%, avg grad norm   0.447, avg grad norm (post clip)   0.053, rho_Whh  0.08, Omega  0.00, alpha  0.000, steps in the past 0.000, valid nll 0.650
  [diag] log10|dL/dh_t| hist bins=60 range=(-12.50,-11.50) mean=-12.00 p50=-12.00 p05=-12.00 p95=-12.00
  [diag] sat-dist hist bins=60 sat<0.05=0.0% mean=0.946 p10=0.943 p90=0.950
  [diag] z-gate sat-dist hist bins=60 mean=0.119 p10=0.119 p90=0.119
  [diag] r-gate sat-dist hist bins=60 mean=0.498 p10=0.498 p90=0.498
Iter 0003420: train nll 0.687, valid error 100.000%, best valid error 100.000%, avg grad norm   0.435, avg grad norm (post clip)   0.053, rho_Whh  0.08, Omega  0.00, alpha  0.000, steps in the past 0.000, valid nll 0.645
  [diag] log10|dL/dh_t| hist bins=60 range=(-12.50,-11.50) mean=-12.00 p50=-12.00 p05=-12.00 p95=-12.00
  [diag] sat-dist hist bins=60 sat<0.05=0.0% mean=0.945 p10=0.942 p90=0.950
  [diag] z-gate sat-dist hist bins=60 mean=0.119 p10=0.119 p90=0.119
  [diag] r-gate sat-dist hist bins=60 mean=0.498 p10=0.498 p90=0.498
Iter 0003440: train nll 0.655, valid error 100.000%, best valid error 100.000%, avg grad norm   0.452, avg grad norm (post clip)   0.053, rho_Whh  0.08, Omega  0.00, alpha  0.000, steps in the past 0.000, valid nll 0.641
  [diag] log10|dL/dh_t| hist bins=60 range=(-12.50,-11.50) mean=-12.00 p50=-12.00 p05=-12.00 p95=-12.00
  [diag] sat-dist hist bins=60 sat<0.05=0.0% mean=0.945 p10=0.941 p90=0.949
  [diag] z-gate sat-dist hist bins=60 mean=0.119 p10=0.119 p90=0.119
  [diag] r-gate sat-dist hist bins=60 mean=0.498 p10=0.498 p90=0.498
Iter 0003460: train nll 0.662, valid error 100.000%, best valid error 100.000%, avg grad norm   0.441, avg grad norm (post clip)   0.053, rho_Whh  0.08, Omega  0.00, alpha  0.000, steps in the past 0.000, valid nll 0.636
  [diag] log10|dL/dh_t| hist bins=60 range=(-12.50,-11.50) mean=-12.00 p50=-12.00 p05=-12.00 p95=-12.00
  [diag] sat-dist hist bins=60 sat<0.05=0.0% mean=0.944 p10=0.941 p90=0.948
  [diag] z-gate sat-dist hist bins=60 mean=0.119 p10=0.119 p90=0.119
  [diag] r-gate sat-dist hist bins=60 mean=0.498 p10=0.498 p90=0.498
Iter 0003480: train nll 0.678, valid error 100.000%, best valid error 100.000%, avg grad norm   0.423, avg grad norm (post clip)   0.053, rho_Whh  0.08, Omega  0.00, alpha  0.000, steps in the past 0.000, valid nll 0.632
  [diag] log10|dL/dh_t| hist bins=60 range=(-12.50,-11.50) mean=-12.00 p50=-12.00 p05=-12.00 p95=-12.00
  [diag] sat-dist hist bins=60 sat<0.05=0.0% mean=0.944 p10=0.940 p90=0.948
  [diag] z-gate sat-dist hist bins=60 mean=0.119 p10=0.119 p90=0.119
  [diag] r-gate sat-dist hist bins=60 mean=0.498 p10=0.498 p90=0.498
Iter 0003500: train nll 0.656, valid error 100.000%, best valid error 100.000%, avg grad norm   0.433, avg grad norm (post clip)   0.053, rho_Whh  0.08, Omega  0.00, alpha  0.000, steps in the past 0.000, valid nll 0.627
  [diag] log10|dL/dh_t| hist bins=60 range=(-12.50,-11.50) mean=-12.00 p50=-12.00 p05=-12.00 p95=-12.00
  [diag] sat-dist hist bins=60 sat<0.05=0.0% mean=0.943 p10=0.939 p90=0.947
  [diag] z-gate sat-dist hist bins=60 mean=0.119 p10=0.119 p90=0.119
  [diag] r-gate sat-dist hist bins=60 mean=0.498 p10=0.498 p90=0.498
Iter 0003520: train nll 0.668, valid error 100.000%, best valid error 100.000%, avg grad norm   0.419, avg grad norm (post clip)   0.053, rho_Whh  0.08, Omega  0.00, alpha  0.000, steps in the past 0.000, valid nll 0.623
  [diag] log10|dL/dh_t| hist bins=60 range=(-12.50,-11.50) mean=-12.00 p50=-12.00 p05=-12.00 p95=-12.00
  [diag] sat-dist hist bins=60 sat<0.05=0.0% mean=0.942 p10=0.939 p90=0.947
  [diag] z-gate sat-dist hist bins=60 mean=0.119 p10=0.119 p90=0.119
  [diag] r-gate sat-dist hist bins=60 mean=0.498 p10=0.498 p90=0.498
Iter 0003540: train nll 0.657, valid error 100.000%, best valid error 100.000%, avg grad norm   0.421, avg grad norm (post clip)   0.053, rho_Whh  0.08, Omega  0.00, alpha  0.000, steps in the past 0.000, valid nll 0.618
  [diag] log10|dL/dh_t| hist bins=60 range=(-12.50,-11.50) mean=-12.00 p50=-12.00 p05=-12.00 p95=-12.00
  [diag] sat-dist hist bins=60 sat<0.05=0.0% mean=0.942 p10=0.938 p90=0.946
  [diag] z-gate sat-dist hist bins=60 mean=0.119 p10=0.119 p90=0.119
  [diag] r-gate sat-dist hist bins=60 mean=0.498 p10=0.498 p90=0.498
Iter 0003560: train nll 0.663, valid error 100.000%, best valid error 100.000%, avg grad norm   0.411, avg grad norm (post clip)   0.053, rho_Whh  0.08, Omega  0.00, alpha  0.000, steps in the past 0.000, valid nll 0.614
  [diag] log10|dL/dh_t| hist bins=60 range=(-12.50,-11.50) mean=-12.00 p50=-12.00 p05=-12.00 p95=-12.00
  [diag] sat-dist hist bins=60 sat<0.05=0.0% mean=0.941 p10=0.937 p90=0.946
  [diag] z-gate sat-dist hist bins=60 mean=0.119 p10=0.119 p90=0.119
  [diag] r-gate sat-dist hist bins=60 mean=0.498 p10=0.498 p90=0.498
Iter 0003580: train nll 0.644, valid error 100.000%, best valid error 100.000%, avg grad norm   0.419, avg grad norm (post clip)   0.053, rho_Whh  0.08, Omega  0.00, alpha  0.000, steps in the past 0.000, valid nll 0.609
  [diag] log10|dL/dh_t| hist bins=60 range=(-12.50,-11.50) mean=-12.00 p50=-12.00 p05=-12.00 p95=-12.00
  [diag] sat-dist hist bins=60 sat<0.05=0.0% mean=0.940 p10=0.937 p90=0.945
  [diag] z-gate sat-dist hist bins=60 mean=0.119 p10=0.119 p90=0.119
  [diag] r-gate sat-dist hist bins=60 mean=0.498 p10=0.498 p90=0.498
Iter 0003600: train nll 0.647, valid error 100.000%, best valid error 100.000%, avg grad norm   0.411, avg grad norm (post clip)   0.053, rho_Whh  0.08, Omega  0.00, alpha  0.000, steps in the past 0.000, valid nll 0.605
  [diag] log10|dL/dh_t| hist bins=60 range=(-12.50,-11.50) mean=-12.00 p50=-12.00 p05=-12.00 p95=-12.00
  [diag] sat-dist hist bins=60 sat<0.05=0.0% mean=0.940 p10=0.936 p90=0.944
  [diag] z-gate sat-dist hist bins=60 mean=0.119 p10=0.119 p90=0.119
  [diag] r-gate sat-dist hist bins=60 mean=0.498 p10=0.498 p90=0.498
Iter 0003620: train nll 0.640, valid error 100.000%, best valid error 100.000%, avg grad norm   0.410, avg grad norm (post clip)   0.053, rho_Whh  0.08, Omega  0.00, alpha  0.000, steps in the past 0.000, valid nll 0.601
  [diag] log10|dL/dh_t| hist bins=60 range=(-12.50,-11.50) mean=-12.00 p50=-12.00 p05=-12.00 p95=-12.00
  [diag] sat-dist hist bins=60 sat<0.05=0.0% mean=0.939 p10=0.935 p90=0.944
  [diag] z-gate sat-dist hist bins=60 mean=0.119 p10=0.119 p90=0.119
  [diag] r-gate sat-dist hist bins=60 mean=0.498 p10=0.498 p90=0.498
Iter 0003640: train nll 0.623, valid error 100.000%, best valid error 100.000%, avg grad norm   0.415, avg grad norm (post clip)   0.053, rho_Whh  0.08, Omega  0.00, alpha  0.000, steps in the past 0.000, valid nll 0.596
  [diag] log10|dL/dh_t| hist bins=60 range=(-12.50,-11.50) mean=-12.00 p50=-12.00 p05=-12.00 p95=-12.00
  [diag] sat-dist hist bins=60 sat<0.05=0.0% mean=0.938 p10=0.935 p90=0.943
  [diag] z-gate sat-dist hist bins=60 mean=0.119 p10=0.119 p90=0.119
  [diag] r-gate sat-dist hist bins=60 mean=0.498 p10=0.498 p90=0.498
Iter 0003660: train nll 0.635, valid error 100.000%, best valid error 100.000%, avg grad norm   0.402, avg grad norm (post clip)   0.053, rho_Whh  0.08, Omega  0.00, alpha  0.000, steps in the past 0.000, valid nll 0.592
  [diag] log10|dL/dh_t| hist bins=60 range=(-12.50,-11.50) mean=-12.00 p50=-12.00 p05=-12.00 p95=-12.00
  [diag] sat-dist hist bins=60 sat<0.05=0.0% mean=0.938 p10=0.934 p90=0.943
  [diag] z-gate sat-dist hist bins=60 mean=0.119 p10=0.119 p90=0.119
  [diag] r-gate sat-dist hist bins=60 mean=0.498 p10=0.498 p90=0.498
Iter 0003680: train nll 0.649, valid error 100.000%, best valid error 100.000%, avg grad norm   0.386, avg grad norm (post clip)   0.053, rho_Whh  0.08, Omega  0.00, alpha  0.000, steps in the past 0.000, valid nll 0.588
  [diag] log10|dL/dh_t| hist bins=60 range=(-12.50,-11.50) mean=-12.00 p50=-12.00 p05=-12.00 p95=-12.00
  [diag] sat-dist hist bins=60 sat<0.05=0.0% mean=0.937 p10=0.933 p90=0.942
  [diag] z-gate sat-dist hist bins=60 mean=0.119 p10=0.119 p90=0.119
  [diag] r-gate sat-dist hist bins=60 mean=0.498 p10=0.498 p90=0.498
Iter 0003700: train nll 0.628, valid error 100.000%, best valid error 100.000%, avg grad norm   0.395, avg grad norm (post clip)   0.053, rho_Whh  0.08, Omega  0.00, alpha  0.000, steps in the past 0.000, valid nll 0.584
  [diag] log10|dL/dh_t| hist bins=60 range=(-12.50,-11.50) mean=-12.00 p50=-12.00 p05=-12.00 p95=-12.00
  [diag] sat-dist hist bins=60 sat<0.05=0.0% mean=0.937 p10=0.933 p90=0.941
  [diag] z-gate sat-dist hist bins=60 mean=0.119 p10=0.119 p90=0.119
  [diag] r-gate sat-dist hist bins=60 mean=0.498 p10=0.498 p90=0.498
Iter 0003720: train nll 0.613, valid error 100.000%, best valid error 100.000%, avg grad norm   0.400, avg grad norm (post clip)   0.053, rho_Whh  0.08, Omega  0.00, alpha  0.000, steps in the past 0.000, valid nll 0.579
  [diag] log10|dL/dh_t| hist bins=60 range=(-12.50,-11.50) mean=-12.00 p50=-12.00 p05=-12.00 p95=-12.00
  [diag] sat-dist hist bins=60 sat<0.05=0.0% mean=0.936 p10=0.932 p90=0.941
  [diag] z-gate sat-dist hist bins=60 mean=0.119 p10=0.119 p90=0.119
  [diag] r-gate sat-dist hist bins=60 mean=0.498 p10=0.498 p90=0.498
Iter 0003740: train nll 0.635, valid error 100.000%, best valid error 100.000%, avg grad norm   0.379, avg grad norm (post clip)   0.053, rho_Whh  0.08, Omega  0.00, alpha  0.000, steps in the past 0.000, valid nll 0.575
  [diag] log10|dL/dh_t| hist bins=60 range=(-12.50,-11.50) mean=-12.00 p50=-12.00 p05=-12.00 p95=-12.00
  [diag] sat-dist hist bins=60 sat<0.05=0.0% mean=0.935 p10=0.931 p90=0.940
  [diag] z-gate sat-dist hist bins=60 mean=0.119 p10=0.119 p90=0.119
  [diag] r-gate sat-dist hist bins=60 mean=0.498 p10=0.498 p90=0.498
Iter 0003760: train nll 0.602, valid error 100.000%, best valid error 100.000%, avg grad norm   0.396, avg grad norm (post clip)   0.053, rho_Whh  0.08, Omega  0.00, alpha  0.000, steps in the past 0.000, valid nll 0.571
  [diag] log10|dL/dh_t| hist bins=60 range=(-12.50,-11.50) mean=-12.00 p50=-12.00 p05=-12.00 p95=-12.00
  [diag] sat-dist hist bins=60 sat<0.05=0.0% mean=0.935 p10=0.930 p90=0.940
  [diag] z-gate sat-dist hist bins=60 mean=0.119 p10=0.119 p90=0.119
  [diag] r-gate sat-dist hist bins=60 mean=0.498 p10=0.498 p90=0.498
Iter 0003780: train nll 0.603, valid error 100.000%, best valid error 100.000%, avg grad norm   0.389, avg grad norm (post clip)   0.053, rho_Whh  0.08, Omega  0.00, alpha  0.000, steps in the past 0.000, valid nll 0.567
  [diag] log10|dL/dh_t| hist bins=60 range=(-12.50,-11.50) mean=-12.00 p50=-12.00 p05=-12.00 p95=-12.00
  [diag] sat-dist hist bins=60 sat<0.05=0.0% mean=0.934 p10=0.930 p90=0.939
  [diag] z-gate sat-dist hist bins=60 mean=0.119 p10=0.119 p90=0.119
  [diag] r-gate sat-dist hist bins=60 mean=0.498 p10=0.498 p90=0.498
Iter 0003800: train nll 0.599, valid error 100.000%, best valid error 100.000%, avg grad norm   0.386, avg grad norm (post clip)   0.053, rho_Whh  0.08, Omega  0.00, alpha  0.000, steps in the past 0.000, valid nll 0.563
  [diag] log10|dL/dh_t| hist bins=60 range=(-12.50,-11.50) mean=-12.00 p50=-12.00 p05=-12.00 p95=-12.00
  [diag] sat-dist hist bins=60 sat<0.05=0.0% mean=0.933 p10=0.929 p90=0.938
  [diag] z-gate sat-dist hist bins=60 mean=0.119 p10=0.119 p90=0.119
  [diag] r-gate sat-dist hist bins=60 mean=0.498 p10=0.498 p90=0.498
Iter 0003820: train nll 0.620, valid error 100.000%, best valid error 100.000%, avg grad norm   0.367, avg grad norm (post clip)   0.053, rho_Whh  0.08, Omega  0.00, alpha  0.000, steps in the past 0.000, valid nll 0.559
  [diag] log10|dL/dh_t| hist bins=60 range=(-12.50,-11.50) mean=-12.00 p50=-12.00 p05=-12.00 p95=-12.00
  [diag] sat-dist hist bins=60 sat<0.05=0.0% mean=0.932 p10=0.928 p90=0.938
  [diag] z-gate sat-dist hist bins=60 mean=0.119 p10=0.119 p90=0.119
  [diag] r-gate sat-dist hist bins=60 mean=0.498 p10=0.498 p90=0.498
Iter 0003840: train nll 0.587, valid error 100.000%, best valid error 100.000%, avg grad norm   0.384, avg grad norm (post clip)   0.053, rho_Whh  0.08, Omega  0.00, alpha  0.000, steps in the past 0.000, valid nll 0.555
  [diag] log10|dL/dh_t| hist bins=60 range=(-12.50,-11.50) mean=-12.00 p50=-12.00 p05=-12.00 p95=-12.00
  [diag] sat-dist hist bins=60 sat<0.05=0.0% mean=0.932 p10=0.928 p90=0.937
  [diag] z-gate sat-dist hist bins=60 mean=0.119 p10=0.119 p90=0.119
  [diag] r-gate sat-dist hist bins=60 mean=0.498 p10=0.498 p90=0.498
Iter 0003860: train nll 0.602, valid error 100.000%, best valid error 100.000%, avg grad norm   0.368, avg grad norm (post clip)   0.053, rho_Whh  0.08, Omega  0.00, alpha  0.000, steps in the past 0.000, valid nll 0.551
  [diag] log10|dL/dh_t| hist bins=60 range=(-12.50,-11.50) mean=-12.00 p50=-12.00 p05=-12.00 p95=-12.00
  [diag] sat-dist hist bins=60 sat<0.05=0.0% mean=0.931 p10=0.927 p90=0.936
  [diag] z-gate sat-dist hist bins=60 mean=0.119 p10=0.119 p90=0.119
  [diag] r-gate sat-dist hist bins=60 mean=0.498 p10=0.498 p90=0.498
Iter 0003880: train nll 0.596, valid error 100.000%, best valid error 100.000%, avg grad norm   0.366, avg grad norm (post clip)   0.053, rho_Whh  0.08, Omega  0.00, alpha  0.000, steps in the past 0.000, valid nll 0.547
  [diag] log10|dL/dh_t| hist bins=60 range=(-12.50,-11.50) mean=-12.00 p50=-12.00 p05=-12.00 p95=-12.00
  [diag] sat-dist hist bins=60 sat<0.05=0.0% mean=0.930 p10=0.926 p90=0.936
  [diag] z-gate sat-dist hist bins=60 mean=0.119 p10=0.119 p90=0.119
  [diag] r-gate sat-dist hist bins=60 mean=0.498 p10=0.498 p90=0.498
Iter 0003900: train nll 0.592, valid error 100.000%, best valid error 100.000%, avg grad norm   0.363, avg grad norm (post clip)   0.053, rho_Whh  0.08, Omega  0.00, alpha  0.000, steps in the past 0.000, valid nll 0.543
  [diag] log10|dL/dh_t| hist bins=60 range=(-12.50,-11.50) mean=-12.00 p50=-12.00 p05=-12.00 p95=-12.00
  [diag] sat-dist hist bins=60 sat<0.05=0.0% mean=0.930 p10=0.925 p90=0.935
  [diag] z-gate sat-dist hist bins=60 mean=0.119 p10=0.119 p90=0.119
  [diag] r-gate sat-dist hist bins=60 mean=0.498 p10=0.498 p90=0.498
Iter 0003920: train nll 0.572, valid error 100.000%, best valid error 100.000%, avg grad norm   0.371, avg grad norm (post clip)   0.053, rho_Whh  0.08, Omega  0.00, alpha  0.000, steps in the past 0.000, valid nll 0.539
  [diag] log10|dL/dh_t| hist bins=60 range=(-12.50,-11.50) mean=-12.00 p50=-12.00 p05=-12.00 p95=-12.00
  [diag] sat-dist hist bins=60 sat<0.05=0.0% mean=0.929 p10=0.925 p90=0.935
  [diag] z-gate sat-dist hist bins=60 mean=0.119 p10=0.119 p90=0.119
  [diag] r-gate sat-dist hist bins=60 mean=0.498 p10=0.498 p90=0.498
Iter 0003940: train nll 0.564, valid error 100.000%, best valid error 100.000%, avg grad norm   0.370, avg grad norm (post clip)   0.053, rho_Whh  0.08, Omega  0.00, alpha  0.000, steps in the past 0.000, valid nll 0.535
  [diag] log10|dL/dh_t| hist bins=60 range=(-12.50,-11.50) mean=-12.00 p50=-12.00 p05=-12.00 p95=-12.00
  [diag] sat-dist hist bins=60 sat<0.05=0.0% mean=0.928 p10=0.924 p90=0.934
  [diag] z-gate sat-dist hist bins=60 mean=0.119 p10=0.119 p90=0.119
  [diag] r-gate sat-dist hist bins=60 mean=0.498 p10=0.498 p90=0.498
Iter 0003960: train nll 0.564, valid error 100.000%, best valid error 100.000%, avg grad norm   0.365, avg grad norm (post clip)   0.053, rho_Whh  0.08, Omega  0.00, alpha  0.000, steps in the past 0.000, valid nll 0.531
  [diag] log10|dL/dh_t| hist bins=60 range=(-12.50,-11.50) mean=-12.00 p50=-12.00 p05=-12.00 p95=-12.00
  [diag] sat-dist hist bins=60 sat<0.05=0.0% mean=0.928 p10=0.923 p90=0.933
  [diag] z-gate sat-dist hist bins=60 mean=0.119 p10=0.119 p90=0.119
  [diag] r-gate sat-dist hist bins=60 mean=0.498 p10=0.498 p90=0.498
Iter 0003980: train nll 0.566, valid error 100.000%, best valid error 100.000%, avg grad norm   0.358, avg grad norm (post clip)   0.053, rho_Whh  0.08, Omega  0.00, alpha  0.000, steps in the past 0.000, valid nll 0.527
  [diag] log10|dL/dh_t| hist bins=60 range=(-12.50,-11.50) mean=-12.00 p50=-12.00 p05=-12.00 p95=-12.00
  [diag] sat-dist hist bins=60 sat<0.05=0.0% mean=0.927 p10=0.922 p90=0.933
  [diag] z-gate sat-dist hist bins=60 mean=0.119 p10=0.119 p90=0.119
  [diag] r-gate sat-dist hist bins=60 mean=0.498 p10=0.498 p90=0.498
Iter 0004000: train nll 0.574, valid error 100.000%, best valid error 100.000%, avg grad norm   0.348, avg grad norm (post clip)   0.053, rho_Whh  0.08, Omega  0.00, alpha  0.000, steps in the past 0.000, valid nll 0.524
  [diag] log10|dL/dh_t| hist bins=60 range=(-12.50,-11.50) mean=-12.00 p50=-12.00 p05=-12.00 p95=-12.00
  [diag] sat-dist hist bins=60 sat<0.05=0.0% mean=0.926 p10=0.922 p90=0.932
  [diag] z-gate sat-dist hist bins=60 mean=0.119 p10=0.119 p90=0.119
  [diag] r-gate sat-dist hist bins=60 mean=0.498 p10=0.497 p90=0.498
Iter 0004020: train nll 0.575, valid error 100.000%, best valid error 100.000%, avg grad norm   0.341, avg grad norm (post clip)   0.053, rho_Whh  0.08, Omega  0.00, alpha  0.000, steps in the past 0.000, valid nll 0.520
  [diag] log10|dL/dh_t| hist bins=60 range=(-12.50,-11.50) mean=-12.00 p50=-12.00 p05=-12.00 p95=-12.00
  [diag] sat-dist hist bins=60 sat<0.05=0.0% mean=0.925 p10=0.921 p90=0.931
  [diag] z-gate sat-dist hist bins=60 mean=0.119 p10=0.119 p90=0.119
  [diag] r-gate sat-dist hist bins=60 mean=0.498 p10=0.497 p90=0.498
Iter 0004040: train nll 0.538, valid error 100.000%, best valid error 100.000%, avg grad norm   0.360, avg grad norm (post clip)   0.053, rho_Whh  0.09, Omega  0.00, alpha  0.000, steps in the past 0.000, valid nll 0.516
  [diag] log10|dL/dh_t| hist bins=60 range=(-12.50,-11.50) mean=-12.00 p50=-12.00 p05=-12.00 p95=-12.00
  [diag] sat-dist hist bins=60 sat<0.05=0.0% mean=0.925 p10=0.920 p90=0.931
  [diag] z-gate sat-dist hist bins=60 mean=0.119 p10=0.119 p90=0.119
  [diag] r-gate sat-dist hist bins=60 mean=0.498 p10=0.497 p90=0.498
Iter 0004060: train nll 0.535, valid error 100.000%, best valid error 100.000%, avg grad norm   0.356, avg grad norm (post clip)   0.053, rho_Whh  0.09, Omega  0.00, alpha  0.000, steps in the past 0.000, valid nll 0.512
  [diag] log10|dL/dh_t| hist bins=60 range=(-12.50,-11.50) mean=-12.00 p50=-12.00 p05=-12.00 p95=-12.00
  [diag] sat-dist hist bins=60 sat<0.05=0.0% mean=0.924 p10=0.919 p90=0.930
  [diag] z-gate sat-dist hist bins=60 mean=0.119 p10=0.119 p90=0.119
  [diag] r-gate sat-dist hist bins=60 mean=0.498 p10=0.497 p90=0.498
Iter 0004080: train nll 0.536, valid error 100.000%, best valid error 100.000%, avg grad norm   0.350, avg grad norm (post clip)   0.053, rho_Whh  0.09, Omega  0.00, alpha  0.000, steps in the past 0.000, valid nll 0.509
  [diag] log10|dL/dh_t| hist bins=60 range=(-12.50,-11.50) mean=-12.00 p50=-12.00 p05=-12.00 p95=-12.00
  [diag] sat-dist hist bins=60 sat<0.05=0.0% mean=0.923 p10=0.918 p90=0.929
  [diag] z-gate sat-dist hist bins=60 mean=0.119 p10=0.119 p90=0.119
  [diag] r-gate sat-dist hist bins=60 mean=0.498 p10=0.497 p90=0.498
Iter 0004100: train nll 0.521, valid error 100.000%, best valid error 100.000%, avg grad norm   0.354, avg grad norm (post clip)   0.053, rho_Whh  0.09, Omega  0.00, alpha  0.000, steps in the past 0.000, valid nll 0.505
  [diag] log10|dL/dh_t| hist bins=60 range=(-12.50,-11.50) mean=-12.00 p50=-12.00 p05=-12.00 p95=-12.00
  [diag] sat-dist hist bins=60 sat<0.05=0.0% mean=0.922 p10=0.918 p90=0.928
  [diag] z-gate sat-dist hist bins=60 mean=0.119 p10=0.119 p90=0.119
  [diag] r-gate sat-dist hist bins=60 mean=0.498 p10=0.497 p90=0.498
Iter 0004120: train nll 0.527, valid error 100.000%, best valid error 100.000%, avg grad norm   0.345, avg grad norm (post clip)   0.053, rho_Whh  0.09, Omega  0.00, alpha  0.000, steps in the past 0.000, valid nll 0.502
  [diag] log10|dL/dh_t| hist bins=60 range=(-12.50,-11.50) mean=-12.00 p50=-12.00 p05=-12.00 p95=-12.00
  [diag] sat-dist hist bins=60 sat<0.05=0.0% mean=0.922 p10=0.917 p90=0.928
  [diag] z-gate sat-dist hist bins=60 mean=0.119 p10=0.119 p90=0.119
  [diag] r-gate sat-dist hist bins=60 mean=0.498 p10=0.497 p90=0.498
Iter 0004140: train nll 0.542, valid error 100.000%, best valid error 100.000%, avg grad norm   0.330, avg grad norm (post clip)   0.053, rho_Whh  0.09, Omega  0.00, alpha  0.000, steps in the past 0.000, valid nll 0.498
  [diag] log10|dL/dh_t| hist bins=60 range=(-12.50,-11.50) mean=-12.00 p50=-12.00 p05=-12.00 p95=-12.00
  [diag] sat-dist hist bins=60 sat<0.05=0.0% mean=0.921 p10=0.916 p90=0.927
  [diag] z-gate sat-dist hist bins=60 mean=0.119 p10=0.119 p90=0.119
  [diag] r-gate sat-dist hist bins=60 mean=0.498 p10=0.497 p90=0.498
Iter 0004160: train nll 0.554, valid error 100.000%, best valid error 100.000%, avg grad norm   0.317, avg grad norm (post clip)   0.053, rho_Whh  0.09, Omega  0.00, alpha  0.000, steps in the past 0.000, valid nll 0.494
  [diag] log10|dL/dh_t| hist bins=60 range=(-12.50,-11.50) mean=-12.00 p50=-12.00 p05=-12.00 p95=-12.00
  [diag] sat-dist hist bins=60 sat<0.05=0.0% mean=0.920 p10=0.915 p90=0.926
  [diag] z-gate sat-dist hist bins=60 mean=0.119 p10=0.119 p90=0.119
  [diag] r-gate sat-dist hist bins=60 mean=0.498 p10=0.497 p90=0.498
Iter 0004180: train nll 0.568, valid error 100.000%, best valid error 100.000%, avg grad norm   0.302, avg grad norm (post clip)   0.053, rho_Whh  0.09, Omega  0.00, alpha  0.000, steps in the past 0.000, valid nll 0.491
  [diag] log10|dL/dh_t| hist bins=60 range=(-12.50,-11.50) mean=-12.00 p50=-12.00 p05=-12.00 p95=-12.00
  [diag] sat-dist hist bins=60 sat<0.05=0.0% mean=0.919 p10=0.914 p90=0.926
  [diag] z-gate sat-dist hist bins=60 mean=0.119 p10=0.119 p90=0.119
  [diag] r-gate sat-dist hist bins=60 mean=0.498 p10=0.497 p90=0.498
Iter 0004200: train nll 0.522, valid error 100.000%, best valid error 100.000%, avg grad norm   0.326, avg grad norm (post clip)   0.053, rho_Whh  0.09, Omega  0.00, alpha  0.000, steps in the past 0.000, valid nll 0.487
  [diag] log10|dL/dh_t| hist bins=60 range=(-12.50,-11.50) mean=-12.00 p50=-12.00 p05=-12.00 p95=-12.00
  [diag] sat-dist hist bins=60 sat<0.05=0.0% mean=0.919 p10=0.913 p90=0.925
  [diag] z-gate sat-dist hist bins=60 mean=0.119 p10=0.119 p90=0.119
  [diag] r-gate sat-dist hist bins=60 mean=0.497 p10=0.497 p90=0.498
Iter 0004220: train nll 0.523, valid error 100.000%, best valid error 100.000%, avg grad norm   0.320, avg grad norm (post clip)   0.053, rho_Whh  0.10, Omega  0.00, alpha  0.000, steps in the past 0.000, valid nll 0.484
  [diag] log10|dL/dh_t| hist bins=60 range=(-12.50,-11.50) mean=-12.00 p50=-12.00 p05=-12.00 p95=-12.00
  [diag] sat-dist hist bins=60 sat<0.05=0.0% mean=0.918 p10=0.913 p90=0.924
  [diag] z-gate sat-dist hist bins=60 mean=0.119 p10=0.119 p90=0.119
  [diag] r-gate sat-dist hist bins=60 mean=0.497 p10=0.497 p90=0.498
Iter 0004240: train nll 0.523, valid error 100.000%, best valid error 100.000%, avg grad norm   0.314, avg grad norm (post clip)   0.053, rho_Whh  0.10, Omega  0.00, alpha  0.000, steps in the past 0.000, valid nll 0.481
  [diag] log10|dL/dh_t| hist bins=60 range=(-12.50,-11.50) mean=-12.00 p50=-12.00 p05=-12.00 p95=-12.00
  [diag] sat-dist hist bins=60 sat<0.05=0.0% mean=0.917 p10=0.912 p90=0.924
  [diag] z-gate sat-dist hist bins=60 mean=0.119 p10=0.119 p90=0.119
  [diag] r-gate sat-dist hist bins=60 mean=0.497 p10=0.497 p90=0.498
Iter 0004260: train nll 0.562, valid error 100.000%, best valid error 100.000%, avg grad norm   0.284, avg grad norm (post clip)   0.053, rho_Whh  0.10, Omega  0.00, alpha  0.000, steps in the past 0.000, valid nll 0.477
  [diag] log10|dL/dh_t| hist bins=60 range=(-12.50,-11.50) mean=-12.00 p50=-12.00 p05=-12.00 p95=-12.00
  [diag] sat-dist hist bins=60 sat<0.05=0.0% mean=0.916 p10=0.911 p90=0.923
  [diag] z-gate sat-dist hist bins=60 mean=0.119 p10=0.119 p90=0.119
  [diag] r-gate sat-dist hist bins=60 mean=0.497 p10=0.497 p90=0.498
Iter 0004280: train nll 0.516, valid error 100.000%, best valid error 100.000%, avg grad norm   0.308, avg grad norm (post clip)   0.053, rho_Whh  0.10, Omega  0.00, alpha  0.000, steps in the past 0.000, valid nll 0.474
  [diag] log10|dL/dh_t| hist bins=60 range=(-12.50,-11.50) mean=-12.00 p50=-12.00 p05=-12.00 p95=-12.00
  [diag] sat-dist hist bins=60 sat<0.05=0.0% mean=0.915 p10=0.910 p90=0.922
  [diag] z-gate sat-dist hist bins=60 mean=0.119 p10=0.119 p90=0.119
  [diag] r-gate sat-dist hist bins=60 mean=0.497 p10=0.497 p90=0.498
Iter 0004300: train nll 0.503, valid error 100.000%, best valid error 100.000%, avg grad norm   0.310, avg grad norm (post clip)   0.053, rho_Whh  0.10, Omega  0.00, alpha  0.000, steps in the past 0.000, valid nll 0.471
  [diag] log10|dL/dh_t| hist bins=60 range=(-12.50,-11.50) mean=-12.00 p50=-12.00 p05=-12.00 p95=-12.00
  [diag] sat-dist hist bins=60 sat<0.05=0.0% mean=0.915 p10=0.909 p90=0.921
  [diag] z-gate sat-dist hist bins=60 mean=0.119 p10=0.119 p90=0.119
  [diag] r-gate sat-dist hist bins=60 mean=0.497 p10=0.497 p90=0.498
Iter 0004320: train nll 0.529, valid error 100.000%, best valid error 100.000%, avg grad norm   0.289, avg grad norm (post clip)   0.053, rho_Whh  0.10, Omega  0.00, alpha  0.000, steps in the past 0.000, valid nll 0.467
  [diag] log10|dL/dh_t| hist bins=60 range=(-12.50,-11.50) mean=-12.00 p50=-12.00 p05=-12.00 p95=-12.00
  [diag] sat-dist hist bins=60 sat<0.05=0.0% mean=0.914 p10=0.909 p90=0.921
  [diag] z-gate sat-dist hist bins=60 mean=0.119 p10=0.119 p90=0.119
  [diag] r-gate sat-dist hist bins=60 mean=0.497 p10=0.497 p90=0.498
Iter 0004340: train nll 0.544, valid error 100.000%, best valid error 100.000%, avg grad norm   0.274, avg grad norm (post clip)   0.053, rho_Whh  0.10, Omega  0.00, alpha  0.000, steps in the past 0.000, valid nll 0.464
  [diag] log10|dL/dh_t| hist bins=60 range=(-12.50,-11.50) mean=-12.00 p50=-12.00 p05=-12.00 p95=-12.00
  [diag] sat-dist hist bins=60 sat<0.05=0.0% mean=0.913 p10=0.908 p90=0.920
  [diag] z-gate sat-dist hist bins=60 mean=0.119 p10=0.119 p90=0.119
  [diag] r-gate sat-dist hist bins=60 mean=0.497 p10=0.497 p90=0.498
Iter 0004360: train nll 0.524, valid error 100.000%, best valid error 100.000%, avg grad norm   0.281, avg grad norm (post clip)   0.053, rho_Whh  0.10, Omega  0.00, alpha  0.000, steps in the past 0.000, valid nll 0.461
  [diag] log10|dL/dh_t| hist bins=60 range=(-12.50,-11.50) mean=-12.00 p50=-12.00 p05=-12.00 p95=-12.00
  [diag] sat-dist hist bins=60 sat<0.05=0.0% mean=0.912 p10=0.907 p90=0.919
  [diag] z-gate sat-dist hist bins=60 mean=0.119 p10=0.119 p90=0.119
  [diag] r-gate sat-dist hist bins=60 mean=0.497 p10=0.497 p90=0.498
Iter 0004380: train nll 0.522, valid error 100.000%, best valid error 100.000%, avg grad norm   0.277, avg grad norm (post clip)   0.053, rho_Whh  0.10, Omega  0.00, alpha  0.000, steps in the past 0.000, valid nll 0.458
  [diag] log10|dL/dh_t| hist bins=60 range=(-12.50,-11.50) mean=-12.00 p50=-12.00 p05=-12.00 p95=-12.00
  [diag] sat-dist hist bins=60 sat<0.05=0.0% mean=0.911 p10=0.906 p90=0.919
  [diag] z-gate sat-dist hist bins=60 mean=0.119 p10=0.119 p90=0.119
  [diag] r-gate sat-dist hist bins=60 mean=0.497 p10=0.497 p90=0.498
Iter 0004400: train nll 0.490, valid error 100.000%, best valid error 100.000%, avg grad norm   0.292, avg grad norm (post clip)   0.053, rho_Whh  0.11, Omega  0.00, alpha  0.000, steps in the past 0.000, valid nll 0.455
  [diag] log10|dL/dh_t| hist bins=60 range=(-12.50,-11.50) mean=-12.00 p50=-12.00 p05=-12.00 p95=-12.00
  [diag] sat-dist hist bins=60 sat<0.05=0.0% mean=0.911 p10=0.905 p90=0.918
  [diag] z-gate sat-dist hist bins=60 mean=0.119 p10=0.119 p90=0.119
  [diag] r-gate sat-dist hist bins=60 mean=0.497 p10=0.497 p90=0.498
Iter 0004420: train nll 0.509, valid error 100.000%, best valid error 100.000%, avg grad norm   0.274, avg grad norm (post clip)   0.053, rho_Whh  0.11, Omega  0.00, alpha  0.000, steps in the past 0.000, valid nll 0.452
  [diag] log10|dL/dh_t| hist bins=60 range=(-12.50,-11.50) mean=-12.00 p50=-12.00 p05=-12.00 p95=-12.00
  [diag] sat-dist hist bins=60 sat<0.05=0.0% mean=0.910 p10=0.904 p90=0.917
  [diag] z-gate sat-dist hist bins=60 mean=0.119 p10=0.119 p90=0.119
  [diag] r-gate sat-dist hist bins=60 mean=0.497 p10=0.497 p90=0.498
Iter 0004440: train nll 0.511, valid error 100.000%, best valid error 100.000%, avg grad norm   0.268, avg grad norm (post clip)   0.053, rho_Whh  0.11, Omega  0.00, alpha  0.000, steps in the past 0.000, valid nll 0.449
  [diag] log10|dL/dh_t| hist bins=60 range=(-12.50,-11.50) mean=-12.00 p50=-12.00 p05=-12.00 p95=-12.00
  [diag] sat-dist hist bins=60 sat<0.05=0.0% mean=0.909 p10=0.903 p90=0.916
  [diag] z-gate sat-dist hist bins=60 mean=0.119 p10=0.119 p90=0.119
  [diag] r-gate sat-dist hist bins=60 mean=0.497 p10=0.497 p90=0.498
Iter 0004460: train nll 0.488, valid error 100.000%, best valid error 100.000%, avg grad norm   0.277, avg grad norm (post clip)   0.053, rho_Whh  0.11, Omega  0.00, alpha  0.000, steps in the past 0.000, valid nll 0.446
  [diag] log10|dL/dh_t| hist bins=60 range=(-12.50,-11.50) mean=-12.00 p50=-12.00 p05=-12.00 p95=-12.00
  [diag] sat-dist hist bins=60 sat<0.05=0.0% mean=0.908 p10=0.903 p90=0.916
  [diag] z-gate sat-dist hist bins=60 mean=0.119 p10=0.119 p90=0.119
  [diag] r-gate sat-dist hist bins=60 mean=0.497 p10=0.497 p90=0.497
Iter 0004480: train nll 0.510, valid error 100.000%, best valid error 100.000%, avg grad norm   0.258, avg grad norm (post clip)   0.053, rho_Whh  0.11, Omega  0.00, alpha  0.000, steps in the past 0.000, valid nll 0.443
  [diag] log10|dL/dh_t| hist bins=60 range=(-12.50,-11.50) mean=-12.00 p50=-12.00 p05=-12.00 p95=-12.00
  [diag] sat-dist hist bins=60 sat<0.05=0.0% mean=0.907 p10=0.902 p90=0.915
  [diag] z-gate sat-dist hist bins=60 mean=0.119 p10=0.119 p90=0.119
  [diag] r-gate sat-dist hist bins=60 mean=0.497 p10=0.497 p90=0.497
Iter 0004500: train nll 0.490, valid error 100.000%, best valid error 100.000%, avg grad norm   0.264, avg grad norm (post clip)   0.053, rho_Whh  0.11, Omega  0.00, alpha  0.000, steps in the past 0.000, valid nll 0.440
  [diag] log10|dL/dh_t| hist bins=60 range=(-12.50,-11.50) mean=-12.00 p50=-12.00 p05=-12.00 p95=-12.00
  [diag] sat-dist hist bins=60 sat<0.05=0.0% mean=0.907 p10=0.901 p90=0.914
  [diag] z-gate sat-dist hist bins=60 mean=0.119 p10=0.119 p90=0.119
  [diag] r-gate sat-dist hist bins=60 mean=0.497 p10=0.497 p90=0.497
Iter 0004520: train nll 0.529, valid error 100.000%, best valid error 100.000%, avg grad norm   0.236, avg grad norm (post clip)   0.053, rho_Whh  0.11, Omega  0.00, alpha  0.000, steps in the past 0.000, valid nll 0.437
  [diag] log10|dL/dh_t| hist bins=60 range=(-12.50,-11.50) mean=-12.00 p50=-12.00 p05=-12.00 p95=-12.00
  [diag] sat-dist hist bins=60 sat<0.05=0.0% mean=0.906 p10=0.900 p90=0.913
  [diag] z-gate sat-dist hist bins=60 mean=0.119 p10=0.119 p90=0.119
  [diag] r-gate sat-dist hist bins=60 mean=0.497 p10=0.497 p90=0.497
Iter 0004540: train nll 0.473, valid error 100.000%, best valid error 100.000%, avg grad norm   0.264, avg grad norm (post clip)   0.053, rho_Whh  0.11, Omega  0.00, alpha  0.000, steps in the past 0.000, valid nll 0.434
  [diag] log10|dL/dh_t| hist bins=60 range=(-12.50,-11.50) mean=-12.00 p50=-12.00 p05=-12.00 p95=-12.00
  [diag] sat-dist hist bins=60 sat<0.05=0.0% mean=0.905 p10=0.899 p90=0.913
  [diag] z-gate sat-dist hist bins=60 mean=0.119 p10=0.119 p90=0.119
  [diag] r-gate sat-dist hist bins=60 mean=0.497 p10=0.497 p90=0.497
Iter 0004560: train nll 0.526, valid error 100.000%, best valid error 100.000%, avg grad norm   0.227, avg grad norm (post clip)   0.053, rho_Whh  0.12, Omega  0.00, alpha  0.000, steps in the past 0.000, valid nll 0.431
  [diag] log10|dL/dh_t| hist bins=60 range=(-12.50,-11.50) mean=-12.00 p50=-12.00 p05=-12.00 p95=-12.00
  [diag] sat-dist hist bins=60 sat<0.05=0.0% mean=0.904 p10=0.898 p90=0.912
  [diag] z-gate sat-dist hist bins=60 mean=0.119 p10=0.119 p90=0.119
  [diag] r-gate sat-dist hist bins=60 mean=0.497 p10=0.497 p90=0.497
Iter 0004580: train nll 0.483, valid error 100.000%, best valid error 100.000%, avg grad norm   0.247, avg grad norm (post clip)   0.053, rho_Whh  0.12, Omega  0.00, alpha  0.000, steps in the past 0.000, valid nll 0.428
  [diag] log10|dL/dh_t| hist bins=60 range=(-12.50,-11.50) mean=-12.00 p50=-12.00 p05=-12.00 p95=-12.00
  [diag] sat-dist hist bins=60 sat<0.05=0.0% mean=0.903 p10=0.897 p90=0.911
  [diag] z-gate sat-dist hist bins=60 mean=0.119 p10=0.119 p90=0.119
  [diag] r-gate sat-dist hist bins=60 mean=0.497 p10=0.497 p90=0.497
Iter 0004600: train nll 0.474, valid error 100.000%, best valid error 100.000%, avg grad norm   0.247, avg grad norm (post clip)   0.053, rho_Whh  0.12, Omega  0.00, alpha  0.000, steps in the past 0.000, valid nll 0.426
  [diag] log10|dL/dh_t| hist bins=60 range=(-12.50,-11.50) mean=-12.00 p50=-12.00 p05=-12.00 p95=-12.00
  [diag] sat-dist hist bins=60 sat<0.05=0.0% mean=0.903 p10=0.896 p90=0.910
  [diag] z-gate sat-dist hist bins=60 mean=0.119 p10=0.119 p90=0.119
  [diag] r-gate sat-dist hist bins=60 mean=0.497 p10=0.497 p90=0.497
Iter 0004620: train nll 0.451, valid error 100.000%, best valid error 100.000%, avg grad norm   0.256, avg grad norm (post clip)   0.053, rho_Whh  0.12, Omega  0.00, alpha  0.000, steps in the past 0.000, valid nll 0.423
  [diag] log10|dL/dh_t| hist bins=60 range=(-12.50,-11.50) mean=-12.00 p50=-12.00 p05=-12.00 p95=-12.00
  [diag] sat-dist hist bins=60 sat<0.05=0.0% mean=0.902 p10=0.896 p90=0.910
  [diag] z-gate sat-dist hist bins=60 mean=0.119 p10=0.119 p90=0.119
  [diag] r-gate sat-dist hist bins=60 mean=0.497 p10=0.497 p90=0.497
Iter 0004640: train nll 0.477, valid error 100.000%, best valid error 100.000%, avg grad norm   0.235, avg grad norm (post clip)   0.053, rho_Whh  0.12, Omega  0.00, alpha  0.000, steps in the past 0.000, valid nll 0.420
  [diag] log10|dL/dh_t| hist bins=60 range=(-12.50,-11.50) mean=-12.00 p50=-12.00 p05=-12.00 p95=-12.00
  [diag] sat-dist hist bins=60 sat<0.05=0.0% mean=0.901 p10=0.895 p90=0.909
  [diag] z-gate sat-dist hist bins=60 mean=0.119 p10=0.119 p90=0.119
  [diag] r-gate sat-dist hist bins=60 mean=0.497 p10=0.497 p90=0.497
Iter 0004660: train nll 0.453, valid error 100.000%, best valid error 100.000%, avg grad norm   0.244, avg grad norm (post clip)   0.053, rho_Whh  0.12, Omega  0.00, alpha  0.000, steps in the past 0.000, valid nll 0.418
  [diag] log10|dL/dh_t| hist bins=60 range=(-12.50,-11.50) mean=-12.00 p50=-12.00 p05=-12.00 p95=-12.00
  [diag] sat-dist hist bins=60 sat<0.05=0.0% mean=0.900 p10=0.894 p90=0.908
  [diag] z-gate sat-dist hist bins=60 mean=0.119 p10=0.119 p90=0.119
  [diag] r-gate sat-dist hist bins=60 mean=0.497 p10=0.497 p90=0.497
Iter 0004680: train nll 0.464, valid error 100.000%, best valid error 100.000%, avg grad norm   0.233, avg grad norm (post clip)   0.053, rho_Whh  0.12, Omega  0.00, alpha  0.000, steps in the past 0.000, valid nll 0.415
  [diag] log10|dL/dh_t| hist bins=60 range=(-12.50,-11.50) mean=-12.00 p50=-12.00 p05=-12.00 p95=-12.00
  [diag] sat-dist hist bins=60 sat<0.05=0.0% mean=0.899 p10=0.893 p90=0.907
  [diag] z-gate sat-dist hist bins=60 mean=0.119 p10=0.119 p90=0.120
  [diag] r-gate sat-dist hist bins=60 mean=0.497 p10=0.497 p90=0.497
Iter 0004700: train nll 0.445, valid error 100.000%, best valid error 100.000%, avg grad norm   0.238, avg grad norm (post clip)   0.053, rho_Whh  0.13, Omega  0.00, alpha  0.000, steps in the past 0.000, valid nll 0.412
  [diag] log10|dL/dh_t| hist bins=60 range=(-12.50,-11.50) mean=-12.00 p50=-12.00 p05=-12.00 p95=-12.00
  [diag] sat-dist hist bins=60 sat<0.05=0.0% mean=0.898 p10=0.892 p90=0.907
  [diag] z-gate sat-dist hist bins=60 mean=0.119 p10=0.119 p90=0.120
  [diag] r-gate sat-dist hist bins=60 mean=0.497 p10=0.497 p90=0.497
Iter 0004720: train nll 0.445, valid error 100.000%, best valid error 100.000%, avg grad norm   0.233, avg grad norm (post clip)   0.053, rho_Whh  0.13, Omega  0.00, alpha  0.000, steps in the past 0.000, valid nll 0.410
  [diag] log10|dL/dh_t| hist bins=60 range=(-12.50,-11.50) mean=-12.00 p50=-12.00 p05=-12.00 p95=-12.00
  [diag] sat-dist hist bins=60 sat<0.05=0.0% mean=0.897 p10=0.891 p90=0.906
  [diag] z-gate sat-dist hist bins=60 mean=0.119 p10=0.119 p90=0.120
  [diag] r-gate sat-dist hist bins=60 mean=0.497 p10=0.497 p90=0.497
Iter 0004740: train nll 0.453, valid error 100.000%, best valid error 100.000%, avg grad norm   0.223, avg grad norm (post clip)   0.053, rho_Whh  0.13, Omega  0.00, alpha  0.000, steps in the past 0.000, valid nll 0.408
  [diag] log10|dL/dh_t| hist bins=60 range=(-12.50,-11.50) mean=-12.00 p50=-12.00 p05=-12.00 p95=-12.00
  [diag] sat-dist hist bins=60 sat<0.05=0.0% mean=0.897 p10=0.890 p90=0.905
  [diag] z-gate sat-dist hist bins=60 mean=0.119 p10=0.119 p90=0.120
  [diag] r-gate sat-dist hist bins=60 mean=0.497 p10=0.497 p90=0.497
Iter 0004760: train nll 0.461, valid error 100.000%, best valid error 100.000%, avg grad norm   0.213, avg grad norm (post clip)   0.053, rho_Whh  0.13, Omega  0.00, alpha  0.000, steps in the past 0.000, valid nll 0.405
  [diag] log10|dL/dh_t| hist bins=60 range=(-12.50,-11.50) mean=-12.00 p50=-12.00 p05=-12.00 p95=-12.00
  [diag] sat-dist hist bins=60 sat<0.05=0.0% mean=0.896 p10=0.889 p90=0.904
  [diag] z-gate sat-dist hist bins=60 mean=0.119 p10=0.120 p90=0.120
  [diag] r-gate sat-dist hist bins=60 mean=0.497 p10=0.497 p90=0.497
Iter 0004780: train nll 0.496, valid error 100.000%, best valid error 100.000%, avg grad norm   0.188, avg grad norm (post clip)   0.053, rho_Whh  0.13, Omega  0.00, alpha  0.000, steps in the past 0.000, valid nll 0.403
  [diag] log10|dL/dh_t| hist bins=60 range=(-12.50,-11.50) mean=-12.00 p50=-12.00 p05=-12.00 p95=-12.00
  [diag] sat-dist hist bins=60 sat<0.05=0.0% mean=0.895 p10=0.888 p90=0.904
  [diag] z-gate sat-dist hist bins=60 mean=0.120 p10=0.120 p90=0.120
  [diag] r-gate sat-dist hist bins=60 mean=0.497 p10=0.497 p90=0.497
Iter 0004800: train nll 0.468, valid error 100.000%, best valid error 100.000%, avg grad norm   0.199, avg grad norm (post clip)   0.053, rho_Whh  0.13, Omega  0.00, alpha  0.000, steps in the past 0.000, valid nll 0.400
  [diag] log10|dL/dh_t| hist bins=60 range=(-12.50,-11.50) mean=-12.00 p50=-12.00 p05=-12.00 p95=-12.00
  [diag] sat-dist hist bins=60 sat<0.05=0.0% mean=0.894 p10=0.887 p90=0.903
  [diag] z-gate sat-dist hist bins=60 mean=0.120 p10=0.120 p90=0.120
  [diag] r-gate sat-dist hist bins=60 mean=0.497 p10=0.497 p90=0.497
Iter 0004820: train nll 0.446, valid error 100.000%, best valid error 100.000%, avg grad norm   0.207, avg grad norm (post clip)   0.053, rho_Whh  0.13, Omega  0.00, alpha  0.000, steps in the past 0.000, valid nll 0.398
  [diag] log10|dL/dh_t| hist bins=60 range=(-12.50,-11.50) mean=-12.00 p50=-12.00 p05=-12.00 p95=-12.00
  [diag] sat-dist hist bins=60 sat<0.05=0.0% mean=0.893 p10=0.886 p90=0.902
  [diag] z-gate sat-dist hist bins=60 mean=0.120 p10=0.120 p90=0.120
  [diag] r-gate sat-dist hist bins=60 mean=0.497 p10=0.497 p90=0.497
Iter 0004840: train nll 0.422, valid error 100.000%, best valid error 100.000%, avg grad norm   0.215, avg grad norm (post clip)   0.053, rho_Whh  0.14, Omega  0.00, alpha  0.000, steps in the past 0.000, valid nll 0.396
  [diag] log10|dL/dh_t| hist bins=60 range=(-12.50,-11.50) mean=-12.00 p50=-12.00 p05=-12.00 p95=-12.00
  [diag] sat-dist hist bins=60 sat<0.05=0.0% mean=0.892 p10=0.886 p90=0.901
  [diag] z-gate sat-dist hist bins=60 mean=0.120 p10=0.120 p90=0.120
  [diag] r-gate sat-dist hist bins=60 mean=0.497 p10=0.497 p90=0.497
Iter 0004860: train nll 0.453, valid error 100.000%, best valid error 100.000%, avg grad norm   0.192, avg grad norm (post clip)   0.053, rho_Whh  0.14, Omega  0.00, alpha  0.000, steps in the past 0.000, valid nll 0.393
  [diag] log10|dL/dh_t| hist bins=60 range=(-12.50,-11.50) mean=-12.00 p50=-12.00 p05=-12.00 p95=-12.00
  [diag] sat-dist hist bins=60 sat<0.05=0.0% mean=0.891 p10=0.885 p90=0.900
  [diag] z-gate sat-dist hist bins=60 mean=0.120 p10=0.120 p90=0.120
  [diag] r-gate sat-dist hist bins=60 mean=0.497 p10=0.497 p90=0.497
Iter 0004880: train nll 0.451, valid error 100.000%, best valid error 100.000%, avg grad norm   0.189, avg grad norm (post clip)   0.053, rho_Whh  0.14, Omega  0.00, alpha  0.000, steps in the past 0.000, valid nll 0.391
  [diag] log10|dL/dh_t| hist bins=60 range=(-12.50,-11.50) mean=-12.00 p50=-12.00 p05=-12.00 p95=-12.00
  [diag] sat-dist hist bins=60 sat<0.05=0.0% mean=0.891 p10=0.884 p90=0.900
  [diag] z-gate sat-dist hist bins=60 mean=0.120 p10=0.120 p90=0.120
  [diag] r-gate sat-dist hist bins=60 mean=0.497 p10=0.497 p90=0.497
Iter 0004900: train nll 0.416, valid error 100.000%, best valid error 100.000%, avg grad norm   0.203, avg grad norm (post clip)   0.053, rho_Whh  0.14, Omega  0.00, alpha  0.000, steps in the past 0.000, valid nll 0.389
  [diag] log10|dL/dh_t| hist bins=60 range=(-12.50,-11.50) mean=-12.00 p50=-12.00 p05=-12.00 p95=-12.00
  [diag] sat-dist hist bins=60 sat<0.05=0.0% mean=0.890 p10=0.883 p90=0.899
  [diag] z-gate sat-dist hist bins=60 mean=0.120 p10=0.120 p90=0.120
  [diag] r-gate sat-dist hist bins=60 mean=0.497 p10=0.497 p90=0.497
Iter 0004920: train nll 0.437, valid error 100.000%, best valid error 100.000%, avg grad norm   0.186, avg grad norm (post clip)   0.053, rho_Whh  0.14, Omega  0.00, alpha  0.000, steps in the past 0.000, valid nll 0.387
  [diag] log10|dL/dh_t| hist bins=60 range=(-12.50,-11.50) mean=-12.00 p50=-12.00 p05=-12.00 p95=-12.00
  [diag] sat-dist hist bins=60 sat<0.05=0.0% mean=0.889 p10=0.882 p90=0.898
  [diag] z-gate sat-dist hist bins=60 mean=0.120 p10=0.120 p90=0.120
  [diag] r-gate sat-dist hist bins=60 mean=0.497 p10=0.497 p90=0.497
Iter 0004940: train nll 0.434, valid error 100.000%, best valid error 100.000%, avg grad norm   0.183, avg grad norm (post clip)   0.053, rho_Whh  0.14, Omega  0.00, alpha  0.000, steps in the past 0.000, valid nll 0.385
  [diag] log10|dL/dh_t| hist bins=60 range=(-12.50,-11.50) mean=-12.00 p50=-12.00 p05=-12.00 p95=-12.00
  [diag] sat-dist hist bins=60 sat<0.05=0.0% mean=0.888 p10=0.881 p90=0.897
  [diag] z-gate sat-dist hist bins=60 mean=0.120 p10=0.120 p90=0.120
  [diag] r-gate sat-dist hist bins=60 mean=0.497 p10=0.497 p90=0.497
Iter 0004960: train nll 0.428, valid error 100.000%, best valid error 100.000%, avg grad norm   0.181, avg grad norm (post clip)   0.053, rho_Whh  0.14, Omega  0.00, alpha  0.000, steps in the past 0.000, valid nll 0.383
  [diag] log10|dL/dh_t| hist bins=60 range=(-12.50,-11.50) mean=-12.00 p50=-12.00 p05=-12.00 p95=-12.00
  [diag] sat-dist hist bins=60 sat<0.05=0.0% mean=0.887 p10=0.880 p90=0.897
  [diag] z-gate sat-dist hist bins=60 mean=0.120 p10=0.120 p90=0.120
  [diag] r-gate sat-dist hist bins=60 mean=0.497 p10=0.497 p90=0.497
Iter 0004980: train nll 0.458, valid error 100.000%, best valid error 100.000%, avg grad norm   0.160, avg grad norm (post clip)   0.053, rho_Whh  0.15, Omega  0.00, alpha  0.000, steps in the past 0.000, valid nll 0.381
  [diag] log10|dL/dh_t| hist bins=60 range=(-12.50,-11.50) mean=-12.00 p50=-12.00 p05=-12.00 p95=-12.00
  [diag] sat-dist hist bins=60 sat<0.05=0.0% mean=0.886 p10=0.879 p90=0.896
  [diag] z-gate sat-dist hist bins=60 mean=0.120 p10=0.120 p90=0.120
  [diag] r-gate sat-dist hist bins=60 mean=0.497 p10=0.497 p90=0.497
Iter 0005000: train nll 0.456, valid error 100.000%, best valid error 100.000%, avg grad norm   0.157, avg grad norm (post clip)   0.053, rho_Whh  0.15, Omega  0.00, alpha  0.000, steps in the past 0.000, valid nll 0.379
  [diag] log10|dL/dh_t| hist bins=60 range=(-12.50,-11.50) mean=-12.00 p50=-12.00 p05=-12.00 p95=-12.00
  [diag] sat-dist hist bins=60 sat<0.05=0.0% mean=0.886 p10=0.878 p90=0.895
  [diag] z-gate sat-dist hist bins=60 mean=0.120 p10=0.120 p90=0.120
  [diag] r-gate sat-dist hist bins=60 mean=0.497 p10=0.497 p90=0.497
Iter 0005020: train nll 0.432, valid error 100.000%, best valid error 100.000%, avg grad norm   0.164, avg grad norm (post clip)   0.053, rho_Whh  0.15, Omega  0.00, alpha  0.000, steps in the past 0.000, valid nll 0.377
  [diag] log10|dL/dh_t| hist bins=60 range=(-12.50,-11.50) mean=-12.00 p50=-12.00 p05=-12.00 p95=-12.00
  [diag] sat-dist hist bins=60 sat<0.05=0.0% mean=0.885 p10=0.877 p90=0.894
  [diag] z-gate sat-dist hist bins=60 mean=0.120 p10=0.120 p90=0.120
  [diag] r-gate sat-dist hist bins=60 mean=0.497 p10=0.497 p90=0.497
Iter 0005040: train nll 0.399, valid error 100.000%, best valid error 100.000%, avg grad norm   0.177, avg grad norm (post clip)   0.053, rho_Whh  0.15, Omega  0.00, alpha  0.000, steps in the past 0.000, valid nll 0.375
  [diag] log10|dL/dh_t| hist bins=60 range=(-12.50,-11.50) mean=-12.00 p50=-12.00 p05=-12.00 p95=-12.00
  [diag] sat-dist hist bins=60 sat<0.05=0.0% mean=0.884 p10=0.876 p90=0.893
  [diag] z-gate sat-dist hist bins=60 mean=0.120 p10=0.120 p90=0.120
  [diag] r-gate sat-dist hist bins=60 mean=0.497 p10=0.497 p90=0.497
Iter 0005060: train nll 0.407, valid error 100.000%, best valid error 100.000%, avg grad norm   0.169, avg grad norm (post clip)   0.053, rho_Whh  0.15, Omega  0.00, alpha  0.000, steps in the past 0.000, valid nll 0.373
  [diag] log10|dL/dh_t| hist bins=60 range=(-12.50,-11.50) mean=-12.00 p50=-12.00 p05=-12.00 p95=-12.00
  [diag] sat-dist hist bins=60 sat<0.05=0.0% mean=0.883 p10=0.876 p90=0.893
  [diag] z-gate sat-dist hist bins=60 mean=0.120 p10=0.120 p90=0.120
  [diag] r-gate sat-dist hist bins=60 mean=0.497 p10=0.497 p90=0.497
Iter 0005080: train nll 0.451, valid error 100.000%, best valid error 100.000%, avg grad norm   0.140, avg grad norm (post clip)   0.053, rho_Whh  0.15, Omega  0.00, alpha  0.000, steps in the past 0.000, valid nll 0.372
  [diag] log10|dL/dh_t| hist bins=60 range=(-12.50,-11.50) mean=-12.00 p50=-12.00 p05=-12.00 p95=-12.00
  [diag] sat-dist hist bins=60 sat<0.05=0.0% mean=0.882 p10=0.875 p90=0.892
  [diag] z-gate sat-dist hist bins=60 mean=0.120 p10=0.120 p90=0.120
  [diag] r-gate sat-dist hist bins=60 mean=0.497 p10=0.497 p90=0.497
Iter 0005100: train nll 0.444, valid error 100.000%, best valid error 100.000%, avg grad norm   0.139, avg grad norm (post clip)   0.053, rho_Whh  0.15, Omega  0.00, alpha  0.000, steps in the past 0.000, valid nll 0.370
  [diag] log10|dL/dh_t| hist bins=60 range=(-12.50,-11.50) mean=-12.00 p50=-12.00 p05=-12.00 p95=-12.00
  [diag] sat-dist hist bins=60 sat<0.05=0.0% mean=0.881 p10=0.874 p90=0.891
  [diag] z-gate sat-dist hist bins=60 mean=0.120 p10=0.120 p90=0.120
  [diag] r-gate sat-dist hist bins=60 mean=0.497 p10=0.497 p90=0.497
Iter 0005120: train nll 0.431, valid error 100.000%, best valid error 100.000%, avg grad norm   0.141, avg grad norm (post clip)   0.053, rho_Whh  0.15, Omega  0.00, alpha  0.000, steps in the past 0.000, valid nll 0.368
  [diag] log10|dL/dh_t| hist bins=60 range=(-12.50,-11.50) mean=-12.00 p50=-12.00 p05=-12.00 p95=-12.00
  [diag] sat-dist hist bins=60 sat<0.05=0.0% mean=0.880 p10=0.873 p90=0.890
  [diag] z-gate sat-dist hist bins=60 mean=0.120 p10=0.120 p90=0.120
  [diag] r-gate sat-dist hist bins=60 mean=0.497 p10=0.497 p90=0.497
Iter 0005140: train nll 0.412, valid error 100.000%, best valid error 100.000%, avg grad norm   0.146, avg grad norm (post clip)   0.053, rho_Whh  0.16, Omega  0.00, alpha  0.000, steps in the past 0.000, valid nll 0.367
  [diag] log10|dL/dh_t| hist bins=60 range=(-12.50,-11.50) mean=-12.00 p50=-12.00 p05=-12.00 p95=-12.00
  [diag] sat-dist hist bins=60 sat<0.05=0.0% mean=0.880 p10=0.872 p90=0.890
  [diag] z-gate sat-dist hist bins=60 mean=0.120 p10=0.120 p90=0.120
  [diag] r-gate sat-dist hist bins=60 mean=0.497 p10=0.497 p90=0.497
Iter 0005160: train nll 0.416, valid error 100.000%, best valid error 100.000%, avg grad norm   0.140, avg grad norm (post clip)   0.053, rho_Whh  0.16, Omega  0.00, alpha  0.000, steps in the past 0.000, valid nll 0.365
  [diag] log10|dL/dh_t| hist bins=60 range=(-12.50,-11.50) mean=-12.00 p50=-12.00 p05=-12.00 p95=-12.00
  [diag] sat-dist hist bins=60 sat<0.05=0.0% mean=0.879 p10=0.871 p90=0.889
  [diag] z-gate sat-dist hist bins=60 mean=0.120 p10=0.120 p90=0.120
  [diag] r-gate sat-dist hist bins=60 mean=0.497 p10=0.497 p90=0.497
Iter 0005180: train nll 0.441, valid error 100.000%, best valid error 100.000%, avg grad norm   0.124, avg grad norm (post clip)   0.052, rho_Whh  0.16, Omega  0.00, alpha  0.000, steps in the past 0.000, valid nll 0.364
  [diag] log10|dL/dh_t| hist bins=60 range=(-12.50,-11.50) mean=-12.00 p50=-12.00 p05=-12.00 p95=-12.00
  [diag] sat-dist hist bins=60 sat<0.05=0.0% mean=0.878 p10=0.870 p90=0.888
  [diag] z-gate sat-dist hist bins=60 mean=0.120 p10=0.120 p90=0.120
  [diag] r-gate sat-dist hist bins=60 mean=0.497 p10=0.497 p90=0.497
Iter 0005200: train nll 0.403, valid error 100.000%, best valid error 100.000%, avg grad norm   0.139, avg grad norm (post clip)   0.052, rho_Whh  0.16, Omega  0.00, alpha  0.000, steps in the past 0.000, valid nll 0.362
  [diag] log10|dL/dh_t| hist bins=60 range=(-12.50,-11.50) mean=-12.00 p50=-12.00 p05=-12.00 p95=-12.00
  [diag] sat-dist hist bins=60 sat<0.05=0.0% mean=0.877 p10=0.870 p90=0.888
  [diag] z-gate sat-dist hist bins=60 mean=0.120 p10=0.120 p90=0.120
  [diag] r-gate sat-dist hist bins=60 mean=0.497 p10=0.497 p90=0.497
Iter 0005220: train nll 0.396, valid error 100.000%, best valid error 100.000%, avg grad norm   0.137, avg grad norm (post clip)   0.052, rho_Whh  0.16, Omega  0.00, alpha  0.000, steps in the past 0.000, valid nll 0.361
  [diag] log10|dL/dh_t| hist bins=60 range=(-12.50,-11.50) mean=-12.00 p50=-12.00 p05=-12.00 p95=-12.00
  [diag] sat-dist hist bins=60 sat<0.05=0.0% mean=0.876 p10=0.869 p90=0.887
  [diag] z-gate sat-dist hist bins=60 mean=0.120 p10=0.120 p90=0.120
  [diag] r-gate sat-dist hist bins=60 mean=0.497 p10=0.497 p90=0.497
Iter 0005240: train nll 0.410, valid error 100.000%, best valid error 100.000%, avg grad norm   0.125, avg grad norm (post clip)   0.052, rho_Whh  0.16, Omega  0.00, alpha  0.000, steps in the past 0.000, valid nll 0.359
  [diag] log10|dL/dh_t| hist bins=60 range=(-12.50,-11.50) mean=-12.00 p50=-12.00 p05=-12.00 p95=-12.00
  [diag] sat-dist hist bins=60 sat<0.05=0.0% mean=0.875 p10=0.868 p90=0.886
  [diag] z-gate sat-dist hist bins=60 mean=0.120 p10=0.120 p90=0.120
  [diag] r-gate sat-dist hist bins=60 mean=0.497 p10=0.497 p90=0.497
Iter 0005260: train nll 0.387, valid error 100.000%, best valid error 100.000%, avg grad norm   0.133, avg grad norm (post clip)   0.052, rho_Whh  0.16, Omega  0.00, alpha  0.000, steps in the past 0.000, valid nll 0.358
  [diag] log10|dL/dh_t| hist bins=60 range=(-12.50,-11.50) mean=-12.00 p50=-12.00 p05=-12.00 p95=-12.00
  [diag] sat-dist hist bins=60 sat<0.05=0.0% mean=0.875 p10=0.867 p90=0.885
  [diag] z-gate sat-dist hist bins=60 mean=0.120 p10=0.120 p90=0.120
  [diag] r-gate sat-dist hist bins=60 mean=0.497 p10=0.497 p90=0.497
Iter 0005280: train nll 0.422, valid error 100.000%, best valid error 100.000%, avg grad norm   0.117, avg grad norm (post clip)   0.051, rho_Whh  0.16, Omega  0.00, alpha  0.000, steps in the past 0.000, valid nll 0.357
  [diag] log10|dL/dh_t| hist bins=60 range=(-12.50,-11.50) mean=-12.00 p50=-12.00 p05=-12.00 p95=-12.00
  [diag] sat-dist hist bins=60 sat<0.05=0.0% mean=0.874 p10=0.866 p90=0.885
  [diag] z-gate sat-dist hist bins=60 mean=0.120 p10=0.120 p90=0.120
  [diag] r-gate sat-dist hist bins=60 mean=0.497 p10=0.497 p90=0.497
Iter 0005300: train nll 0.395, valid error 100.000%, best valid error 100.000%, avg grad norm   0.123, avg grad norm (post clip)   0.050, rho_Whh  0.17, Omega  0.00, alpha  0.000, steps in the past 0.000, valid nll 0.355
  [diag] log10|dL/dh_t| hist bins=60 range=(-12.50,-11.50) mean=-12.00 p50=-12.00 p05=-12.00 p95=-12.00
  [diag] sat-dist hist bins=60 sat<0.05=0.0% mean=0.873 p10=0.865 p90=0.884
  [diag] z-gate sat-dist hist bins=60 mean=0.120 p10=0.120 p90=0.120
  [diag] r-gate sat-dist hist bins=60 mean=0.497 p10=0.497 p90=0.497
Iter 0005320: train nll 0.407, valid error 100.000%, best valid error 100.000%, avg grad norm   0.110, avg grad norm (post clip)   0.052, rho_Whh  0.17, Omega  0.00, alpha  0.000, steps in the past 0.000, valid nll 0.354
  [diag] log10|dL/dh_t| hist bins=60 range=(-12.50,-11.50) mean=-12.00 p50=-12.00 p05=-12.00 p95=-12.00
  [diag] sat-dist hist bins=60 sat<0.05=0.0% mean=0.873 p10=0.865 p90=0.883
  [diag] z-gate sat-dist hist bins=60 mean=0.120 p10=0.120 p90=0.120
  [diag] r-gate sat-dist hist bins=60 mean=0.497 p10=0.497 p90=0.497
Iter 0005340: train nll 0.434, valid error 100.000%, best valid error 100.000%, avg grad norm   0.095, avg grad norm (post clip)   0.051, rho_Whh  0.17, Omega  0.00, alpha  0.000, steps in the past 0.000, valid nll 0.353
  [diag] log10|dL/dh_t| hist bins=60 range=(-12.50,-11.50) mean=-12.00 p50=-12.00 p05=-12.00 p95=-12.00
  [diag] sat-dist hist bins=60 sat<0.05=0.0% mean=0.872 p10=0.864 p90=0.883
  [diag] z-gate sat-dist hist bins=60 mean=0.120 p10=0.120 p90=0.120
  [diag] r-gate sat-dist hist bins=60 mean=0.497 p10=0.497 p90=0.497
Iter 0005360: train nll 0.430, valid error 100.000%, best valid error 100.000%, avg grad norm   0.092, avg grad norm (post clip)   0.049, rho_Whh  0.17, Omega  0.00, alpha  0.000, steps in the past 0.000, valid nll 0.352
  [diag] log10|dL/dh_t| hist bins=60 range=(-12.50,-11.50) mean=-12.00 p50=-12.00 p05=-12.00 p95=-12.00
  [diag] sat-dist hist bins=60 sat<0.05=0.0% mean=0.872 p10=0.864 p90=0.882
  [diag] z-gate sat-dist hist bins=60 mean=0.120 p10=0.120 p90=0.120
  [diag] r-gate sat-dist hist bins=60 mean=0.497 p10=0.497 p90=0.497
Iter 0005380: train nll 0.451, valid error 100.000%, best valid error 100.000%, avg grad norm   0.093, avg grad norm (post clip)   0.051, rho_Whh  0.17, Omega  0.00, alpha  0.000, steps in the past 0.000, valid nll 0.351
  [diag] log10|dL/dh_t| hist bins=60 range=(-12.50,-11.50) mean=-12.00 p50=-12.00 p05=-12.00 p95=-12.00
  [diag] sat-dist hist bins=60 sat<0.05=0.0% mean=0.871 p10=0.863 p90=0.882
  [diag] z-gate sat-dist hist bins=60 mean=0.120 p10=0.120 p90=0.120
  [diag] r-gate sat-dist hist bins=60 mean=0.497 p10=0.497 p90=0.497
Iter 0005400: train nll 0.408, valid error 100.000%, best valid error 100.000%, avg grad norm   0.111, avg grad norm (post clip)   0.051, rho_Whh  0.17, Omega  0.00, alpha  0.000, steps in the past 0.000, valid nll 0.350
  [diag] log10|dL/dh_t| hist bins=60 range=(-12.50,-11.50) mean=-12.00 p50=-12.00 p05=-12.00 p95=-12.00
  [diag] sat-dist hist bins=60 sat<0.05=0.0% mean=0.870 p10=0.862 p90=0.881
  [diag] z-gate sat-dist hist bins=60 mean=0.120 p10=0.120 p90=0.120
  [diag] r-gate sat-dist hist bins=60 mean=0.497 p10=0.497 p90=0.497
Iter 0005420: train nll 0.426, valid error 100.000%, best valid error 100.000%, avg grad norm   0.084, avg grad norm (post clip)   0.049, rho_Whh  0.17, Omega  0.00, alpha  0.000, steps in the past 0.000, valid nll 0.349
  [diag] log10|dL/dh_t| hist bins=60 range=(-12.50,-11.50) mean=-12.00 p50=-12.00 p05=-12.00 p95=-12.00
  [diag] sat-dist hist bins=60 sat<0.05=0.0% mean=0.870 p10=0.862 p90=0.881
  [diag] z-gate sat-dist hist bins=60 mean=0.120 p10=0.120 p90=0.120
  [diag] r-gate sat-dist hist bins=60 mean=0.497 p10=0.497 p90=0.497
Iter 0005440: train nll 0.430, valid error 100.000%, best valid error 100.000%, avg grad norm   0.082, avg grad norm (post clip)   0.048, rho_Whh  0.17, Omega  0.00, alpha  0.000, steps in the past 0.000, valid nll 0.349
  [diag] log10|dL/dh_t| hist bins=60 range=(-12.50,-11.50) mean=-12.00 p50=-12.00 p05=-12.00 p95=-12.00
  [diag] sat-dist hist bins=60 sat<0.05=0.0% mean=0.869 p10=0.861 p90=0.880
  [diag] z-gate sat-dist hist bins=60 mean=0.120 p10=0.120 p90=0.120
  [diag] r-gate sat-dist hist bins=60 mean=0.497 p10=0.497 p90=0.497
Iter 0005460: train nll 0.418, valid error 100.000%, best valid error 100.000%, avg grad norm   0.094, avg grad norm (post clip)   0.051, rho_Whh  0.17, Omega  0.00, alpha  0.000, steps in the past 0.000, valid nll 0.348
  [diag] log10|dL/dh_t| hist bins=60 range=(-12.50,-11.50) mean=-12.00 p50=-12.00 p05=-12.00 p95=-12.00
  [diag] sat-dist hist bins=60 sat<0.05=0.0% mean=0.869 p10=0.861 p90=0.880
  [diag] z-gate sat-dist hist bins=60 mean=0.120 p10=0.120 p90=0.120
  [diag] r-gate sat-dist hist bins=60 mean=0.497 p10=0.497 p90=0.497
Iter 0005480: train nll 0.449, valid error 100.000%, best valid error 100.000%, avg grad norm   0.075, avg grad norm (post clip)   0.048, rho_Whh  0.17, Omega  0.00, alpha  0.000, steps in the past 0.000, valid nll 0.347
  [diag] log10|dL/dh_t| hist bins=60 range=(-12.50,-11.50) mean=-12.00 p50=-12.00 p05=-12.00 p95=-12.00
  [diag] sat-dist hist bins=60 sat<0.05=0.0% mean=0.869 p10=0.860 p90=0.880
  [diag] z-gate sat-dist hist bins=60 mean=0.120 p10=0.120 p90=0.120
  [diag] r-gate sat-dist hist bins=60 mean=0.497 p10=0.497 p90=0.497
Iter 0005500: train nll 0.433, valid error 100.000%, best valid error 100.000%, avg grad norm   0.081, avg grad norm (post clip)   0.050, rho_Whh  0.17, Omega  0.00, alpha  0.000, steps in the past 0.000, valid nll 0.346
  [diag] log10|dL/dh_t| hist bins=60 range=(-12.50,-11.50) mean=-12.00 p50=-12.00 p05=-12.00 p95=-12.00
  [diag] sat-dist hist bins=60 sat<0.05=0.0% mean=0.868 p10=0.860 p90=0.879
  [diag] z-gate sat-dist hist bins=60 mean=0.120 p10=0.120 p90=0.120
  [diag] r-gate sat-dist hist bins=60 mean=0.497 p10=0.497 p90=0.497
Iter 0005520: train nll 0.450, valid error 100.000%, best valid error 100.000%, avg grad norm   0.081, avg grad norm (post clip)   0.051, rho_Whh  0.17, Omega  0.00, alpha  0.000, steps in the past 0.000, valid nll 0.346
  [diag] log10|dL/dh_t| hist bins=60 range=(-12.50,-11.50) mean=-12.00 p50=-12.00 p05=-12.00 p95=-12.00
  [diag] sat-dist hist bins=60 sat<0.05=0.0% mean=0.868 p10=0.859 p90=0.879
  [diag] z-gate sat-dist hist bins=60 mean=0.120 p10=0.120 p90=0.120
  [diag] r-gate sat-dist hist bins=60 mean=0.497 p10=0.497 p90=0.497
Iter 0005540: train nll 0.389, valid error 100.000%, best valid error 100.000%, avg grad norm   0.085, avg grad norm (post clip)   0.052, rho_Whh  0.17, Omega  0.00, alpha  0.000, steps in the past 0.000, valid nll 0.345
  [diag] log10|dL/dh_t| hist bins=60 range=(-12.50,-11.50) mean=-12.00 p50=-12.00 p05=-12.00 p95=-12.00
  [diag] sat-dist hist bins=60 sat<0.05=0.0% mean=0.867 p10=0.859 p90=0.878
  [diag] z-gate sat-dist hist bins=60 mean=0.120 p10=0.120 p90=0.120
  [diag] r-gate sat-dist hist bins=60 mean=0.497 p10=0.497 p90=0.497
Iter 0005560: train nll 0.401, valid error 100.000%, best valid error 100.000%, avg grad norm   0.089, avg grad norm (post clip)   0.049, rho_Whh  0.17, Omega  0.00, alpha  0.000, steps in the past 0.000, valid nll 0.344
  [diag] log10|dL/dh_t| hist bins=60 range=(-12.50,-11.50) mean=-12.00 p50=-12.00 p05=-12.00 p95=-12.00
  [diag] sat-dist hist bins=60 sat<0.05=0.0% mean=0.866 p10=0.858 p90=0.878
  [diag] z-gate sat-dist hist bins=60 mean=0.120 p10=0.120 p90=0.120
  [diag] r-gate sat-dist hist bins=60 mean=0.497 p10=0.497 p90=0.497
Iter 0005580: train nll 0.402, valid error 100.000%, best valid error 100.000%, avg grad norm   0.084, avg grad norm (post clip)   0.050, rho_Whh  0.17, Omega  0.00, alpha  0.000, steps in the past 0.000, valid nll 0.344
  [diag] log10|dL/dh_t| hist bins=60 range=(-12.50,-11.50) mean=-12.00 p50=-12.00 p05=-12.00 p95=-12.00
  [diag] sat-dist hist bins=60 sat<0.05=0.0% mean=0.866 p10=0.858 p90=0.877
  [diag] z-gate sat-dist hist bins=60 mean=0.120 p10=0.120 p90=0.120
  [diag] r-gate sat-dist hist bins=60 mean=0.497 p10=0.497 p90=0.497
Iter 0005600: train nll 0.435, valid error 100.000%, best valid error 100.000%, avg grad norm   0.079, avg grad norm (post clip)   0.049, rho_Whh  0.17, Omega  0.00, alpha  0.000, steps in the past 0.000, valid nll 0.343
  [diag] log10|dL/dh_t| hist bins=60 range=(-12.50,-11.50) mean=-12.00 p50=-12.00 p05=-12.00 p95=-12.00
  [diag] sat-dist hist bins=60 sat<0.05=0.0% mean=0.865 p10=0.857 p90=0.877
  [diag] z-gate sat-dist hist bins=60 mean=0.120 p10=0.120 p90=0.120
  [diag] r-gate sat-dist hist bins=60 mean=0.497 p10=0.497 p90=0.497
Iter 0005620: train nll 0.374, valid error 100.000%, best valid error 100.000%, avg grad norm   0.092, avg grad norm (post clip)   0.052, rho_Whh  0.17, Omega  0.00, alpha  0.000, steps in the past 0.000, valid nll 0.342
  [diag] log10|dL/dh_t| hist bins=60 range=(-12.50,-11.50) mean=-12.00 p50=-12.00 p05=-12.00 p95=-12.00
  [diag] sat-dist hist bins=60 sat<0.05=0.0% mean=0.865 p10=0.857 p90=0.876
  [diag] z-gate sat-dist hist bins=60 mean=0.120 p10=0.120 p90=0.120
  [diag] r-gate sat-dist hist bins=60 mean=0.497 p10=0.497 p90=0.497
Iter 0005640: train nll 0.386, valid error 100.000%, best valid error 100.000%, avg grad norm   0.080, avg grad norm (post clip)   0.050, rho_Whh  0.17, Omega  0.00, alpha  0.000, steps in the past 0.000, valid nll 0.342
  [diag] log10|dL/dh_t| hist bins=60 range=(-12.50,-11.50) mean=-12.00 p50=-12.00 p05=-12.00 p95=-12.00
  [diag] sat-dist hist bins=60 sat<0.05=0.0% mean=0.864 p10=0.856 p90=0.876
  [diag] z-gate sat-dist hist bins=60 mean=0.120 p10=0.120 p90=0.120
  [diag] r-gate sat-dist hist bins=60 mean=0.497 p10=0.497 p90=0.497
Iter 0005660: train nll 0.415, valid error 100.000%, best valid error 100.000%, avg grad norm   0.069, avg grad norm (post clip)   0.048, rho_Whh  0.17, Omega  0.00, alpha  0.000, steps in the past 0.000, valid nll 0.341
  [diag] log10|dL/dh_t| hist bins=60 range=(-12.50,-11.50) mean=-12.00 p50=-12.00 p05=-12.00 p95=-12.00
  [diag] sat-dist hist bins=60 sat<0.05=0.0% mean=0.864 p10=0.856 p90=0.875
  [diag] z-gate sat-dist hist bins=60 mean=0.120 p10=0.120 p90=0.120
  [diag] r-gate sat-dist hist bins=60 mean=0.497 p10=0.497 p90=0.497
Iter 0005680: train nll 0.415, valid error 100.000%, best valid error 100.000%, avg grad norm   0.067, avg grad norm (post clip)   0.047, rho_Whh  0.17, Omega  0.00, alpha  0.000, steps in the past 0.000, valid nll 0.341
  [diag] log10|dL/dh_t| hist bins=60 range=(-12.50,-11.50) mean=-12.00 p50=-12.00 p05=-12.00 p95=-12.00
  [diag] sat-dist hist bins=60 sat<0.05=0.0% mean=0.864 p10=0.855 p90=0.875
  [diag] z-gate sat-dist hist bins=60 mean=0.120 p10=0.120 p90=0.120
  [diag] r-gate sat-dist hist bins=60 mean=0.497 p10=0.497 p90=0.497
Iter 0005700: train nll 0.412, valid error 100.000%, best valid error 100.000%, avg grad norm   0.067, avg grad norm (post clip)   0.047, rho_Whh  0.17, Omega  0.00, alpha  0.000, steps in the past 0.000, valid nll 0.340
  [diag] log10|dL/dh_t| hist bins=60 range=(-12.50,-11.50) mean=-12.00 p50=-12.00 p05=-12.00 p95=-12.00
  [diag] sat-dist hist bins=60 sat<0.05=0.0% mean=0.863 p10=0.855 p90=0.875
  [diag] z-gate sat-dist hist bins=60 mean=0.120 p10=0.120 p90=0.120
  [diag] r-gate sat-dist hist bins=60 mean=0.497 p10=0.497 p90=0.497
Iter 0005720: train nll 0.428, valid error 100.000%, best valid error 100.000%, avg grad norm   0.069, avg grad norm (post clip)   0.049, rho_Whh  0.17, Omega  0.00, alpha  0.000, steps in the past 0.000, valid nll 0.340
  [diag] log10|dL/dh_t| hist bins=60 range=(-12.50,-11.50) mean=-12.00 p50=-12.00 p05=-12.00 p95=-12.00
  [diag] sat-dist hist bins=60 sat<0.05=0.0% mean=0.863 p10=0.854 p90=0.874
  [diag] z-gate sat-dist hist bins=60 mean=0.120 p10=0.120 p90=0.120
  [diag] r-gate sat-dist hist bins=60 mean=0.497 p10=0.497 p90=0.497
Iter 0005740: train nll 0.403, valid error 100.000%, best valid error 100.000%, avg grad norm   0.082, avg grad norm (post clip)   0.050, rho_Whh  0.17, Omega  0.00, alpha  0.000, steps in the past 0.000, valid nll 0.339
  [diag] log10|dL/dh_t| hist bins=60 range=(-12.50,-11.50) mean=-12.00 p50=-12.00 p05=-12.00 p95=-12.00
  [diag] sat-dist hist bins=60 sat<0.05=0.0% mean=0.863 p10=0.854 p90=0.874
  [diag] z-gate sat-dist hist bins=60 mean=0.120 p10=0.120 p90=0.120
  [diag] r-gate sat-dist hist bins=60 mean=0.497 p10=0.497 p90=0.497
Iter 0005760: train nll 0.404, valid error 100.000%, best valid error 100.000%, avg grad norm   0.078, avg grad norm (post clip)   0.049, rho_Whh  0.17, Omega  0.00, alpha  0.000, steps in the past 0.000, valid nll 0.339
  [diag] log10|dL/dh_t| hist bins=60 range=(-12.50,-11.50) mean=-12.00 p50=-12.00 p05=-12.00 p95=-12.00
  [diag] sat-dist hist bins=60 sat<0.05=0.0% mean=0.862 p10=0.854 p90=0.874
  [diag] z-gate sat-dist hist bins=60 mean=0.120 p10=0.120 p90=0.120
  [diag] r-gate sat-dist hist bins=60 mean=0.497 p10=0.497 p90=0.497
Iter 0005780: train nll 0.429, valid error 100.000%, best valid error 100.000%, avg grad norm   0.061, avg grad norm (post clip)   0.046, rho_Whh  0.17, Omega  0.00, alpha  0.000, steps in the past 0.000, valid nll 0.338
  [diag] log10|dL/dh_t| hist bins=60 range=(-12.50,-11.50) mean=-12.00 p50=-12.00 p05=-12.00 p95=-12.00
  [diag] sat-dist hist bins=60 sat<0.05=0.0% mean=0.862 p10=0.854 p90=0.874
  [diag] z-gate sat-dist hist bins=60 mean=0.120 p10=0.120 p90=0.120
  [diag] r-gate sat-dist hist bins=60 mean=0.497 p10=0.497 p90=0.497
Iter 0005800: train nll 0.440, valid error 100.000%, best valid error 100.000%, avg grad norm   0.061, avg grad norm (post clip)   0.045, rho_Whh  0.17, Omega  0.00, alpha  0.000, steps in the past 0.000, valid nll 0.338
  [diag] log10|dL/dh_t| hist bins=60 range=(-12.50,-11.50) mean=-12.00 p50=-12.00 p05=-12.00 p95=-12.00
  [diag] sat-dist hist bins=60 sat<0.05=0.0% mean=0.862 p10=0.854 p90=0.873
  [diag] z-gate sat-dist hist bins=60 mean=0.120 p10=0.120 p90=0.120
  [diag] r-gate sat-dist hist bins=60 mean=0.497 p10=0.497 p90=0.497
Iter 0005820: train nll 0.421, valid error 100.000%, best valid error 100.000%, avg grad norm   0.070, avg grad norm (post clip)   0.048, rho_Whh  0.17, Omega  0.00, alpha  0.000, steps in the past 0.000, valid nll 0.338
  [diag] log10|dL/dh_t| hist bins=60 range=(-12.50,-11.50) mean=-12.00 p50=-12.00 p05=-12.00 p95=-12.00
  [diag] sat-dist hist bins=60 sat<0.05=0.0% mean=0.862 p10=0.854 p90=0.873
  [diag] z-gate sat-dist hist bins=60 mean=0.120 p10=0.120 p90=0.120
  [diag] r-gate sat-dist hist bins=60 mean=0.497 p10=0.497 p90=0.497
Iter 0005840: train nll 0.433, valid error 100.000%, best valid error 100.000%, avg grad norm   0.074, avg grad norm (post clip)   0.049, rho_Whh  0.17, Omega  0.00, alpha  0.000, steps in the past 0.000, valid nll 0.338
  [diag] log10|dL/dh_t| hist bins=60 range=(-12.50,-11.50) mean=-12.00 p50=-12.00 p05=-12.00 p95=-12.00
  [diag] sat-dist hist bins=60 sat<0.05=0.0% mean=0.861 p10=0.853 p90=0.873
  [diag] z-gate sat-dist hist bins=60 mean=0.120 p10=0.120 p90=0.120
  [diag] r-gate sat-dist hist bins=60 mean=0.497 p10=0.497 p90=0.497
Iter 0005860: train nll 0.362, valid error 100.000%, best valid error 100.000%, avg grad norm   0.071, avg grad norm (post clip)   0.050, rho_Whh  0.17, Omega  0.00, alpha  0.000, steps in the past 0.000, valid nll 0.337
  [diag] log10|dL/dh_t| hist bins=60 range=(-12.50,-11.50) mean=-12.00 p50=-12.00 p05=-12.00 p95=-12.00
  [diag] sat-dist hist bins=60 sat<0.05=0.0% mean=0.861 p10=0.852 p90=0.872
  [diag] z-gate sat-dist hist bins=60 mean=0.120 p10=0.120 p90=0.120
  [diag] r-gate sat-dist hist bins=60 mean=0.497 p10=0.497 p90=0.497
Iter 0005880: train nll 0.370, valid error 100.000%, best valid error 100.000%, avg grad norm   0.075, avg grad norm (post clip)   0.050, rho_Whh  0.17, Omega  0.00, alpha  0.000, steps in the past 0.000, valid nll 0.337
  [diag] log10|dL/dh_t| hist bins=60 range=(-12.50,-11.50) mean=-12.00 p50=-12.00 p05=-12.00 p95=-12.00
  [diag] sat-dist hist bins=60 sat<0.05=0.0% mean=0.860 p10=0.852 p90=0.872
  [diag] z-gate sat-dist hist bins=60 mean=0.120 p10=0.120 p90=0.120
  [diag] r-gate sat-dist hist bins=60 mean=0.497 p10=0.497 p90=0.497
Iter 0005900: train nll 0.397, valid error 100.000%, best valid error 100.000%, avg grad norm   0.073, avg grad norm (post clip)   0.048, rho_Whh  0.17, Omega  0.00, alpha  0.000, steps in the past 0.000, valid nll 0.336
  [diag] log10|dL/dh_t| hist bins=60 range=(-12.50,-11.50) mean=-12.00 p50=-12.00 p05=-12.00 p95=-12.00
  [diag] sat-dist hist bins=60 sat<0.05=0.0% mean=0.860 p10=0.851 p90=0.871
  [diag] z-gate sat-dist hist bins=60 mean=0.120 p10=0.120 p90=0.120
  [diag] r-gate sat-dist hist bins=60 mean=0.497 p10=0.497 p90=0.497
Iter 0005920: train nll 0.391, valid error 100.000%, best valid error 100.000%, avg grad norm   0.071, avg grad norm (post clip)   0.048, rho_Whh  0.18, Omega  0.00, alpha  0.000, steps in the past 0.000, valid nll 0.336
  [diag] log10|dL/dh_t| hist bins=60 range=(-12.50,-11.50) mean=-12.00 p50=-12.00 p05=-12.00 p95=-12.00
  [diag] sat-dist hist bins=60 sat<0.05=0.0% mean=0.860 p10=0.851 p90=0.871
  [diag] z-gate sat-dist hist bins=60 mean=0.120 p10=0.120 p90=0.120
  [diag] r-gate sat-dist hist bins=60 mean=0.497 p10=0.497 p90=0.497
Iter 0005940: train nll 0.426, valid error 100.000%, best valid error 100.000%, avg grad norm   0.056, avg grad norm (post clip)   0.045, rho_Whh  0.17, Omega  0.00, alpha  0.000, steps in the past 0.000, valid nll 0.336
  [diag] log10|dL/dh_t| hist bins=60 range=(-12.50,-11.50) mean=-12.00 p50=-12.00 p05=-12.00 p95=-12.00
  [diag] sat-dist hist bins=60 sat<0.05=0.0% mean=0.860 p10=0.851 p90=0.871
  [diag] z-gate sat-dist hist bins=60 mean=0.120 p10=0.120 p90=0.120
  [diag] r-gate sat-dist hist bins=60 mean=0.497 p10=0.497 p90=0.497
Iter 0005960: train nll 0.444, valid error 100.000%, best valid error 100.000%, avg grad norm   0.065, avg grad norm (post clip)   0.046, rho_Whh  0.17, Omega  0.00, alpha  0.000, steps in the past 0.000, valid nll 0.336
  [diag] log10|dL/dh_t| hist bins=60 range=(-12.50,-11.50) mean=-12.00 p50=-12.00 p05=-12.00 p95=-12.00
  [diag] sat-dist hist bins=60 sat<0.05=0.0% mean=0.860 p10=0.851 p90=0.871
  [diag] z-gate sat-dist hist bins=60 mean=0.120 p10=0.120 p90=0.120
  [diag] r-gate sat-dist hist bins=60 mean=0.497 p10=0.497 p90=0.497
Iter 0005980: train nll 0.391, valid error 100.000%, best valid error 100.000%, avg grad norm   0.062, avg grad norm (post clip)   0.047, rho_Whh  0.17, Omega  0.00, alpha  0.000, steps in the past 0.000, valid nll 0.335
  [diag] log10|dL/dh_t| hist bins=60 range=(-12.50,-11.50) mean=-12.00 p50=-12.00 p05=-12.00 p95=-12.00
  [diag] sat-dist hist bins=60 sat<0.05=0.0% mean=0.860 p10=0.851 p90=0.871
  [diag] z-gate sat-dist hist bins=60 mean=0.120 p10=0.120 p90=0.120
  [diag] r-gate sat-dist hist bins=60 mean=0.497 p10=0.497 p90=0.497
Iter 0006000: train nll 0.450, valid error 100.000%, best valid error 100.000%, avg grad norm   0.070, avg grad norm (post clip)   0.048, rho_Whh  0.17, Omega  0.00, alpha  0.000, steps in the past 0.000, valid nll 0.335
  [diag] log10|dL/dh_t| hist bins=60 range=(-12.50,-11.50) mean=-12.00 p50=-12.00 p05=-12.00 p95=-12.00
  [diag] sat-dist hist bins=60 sat<0.05=0.0% mean=0.860 p10=0.851 p90=0.871
  [diag] z-gate sat-dist hist bins=60 mean=0.120 p10=0.120 p90=0.120
  [diag] r-gate sat-dist hist bins=60 mean=0.497 p10=0.497 p90=0.497
Iter 0006020: train nll 0.397, valid error 100.000%, best valid error 100.000%, avg grad norm   0.068, avg grad norm (post clip)   0.049, rho_Whh  0.17, Omega  0.00, alpha  0.000, steps in the past 0.000, valid nll 0.335
  [diag] log10|dL/dh_t| hist bins=60 range=(-12.50,-11.50) mean=-12.00 p50=-12.00 p05=-12.00 p95=-12.00
  [diag] sat-dist hist bins=60 sat<0.05=0.0% mean=0.859 p10=0.851 p90=0.871
  [diag] z-gate sat-dist hist bins=60 mean=0.120 p10=0.120 p90=0.120
  [diag] r-gate sat-dist hist bins=60 mean=0.497 p10=0.497 p90=0.497
Iter 0006040: train nll 0.414, valid error 100.000%, best valid error 100.000%, avg grad norm   0.072, avg grad norm (post clip)   0.048, rho_Whh  0.17, Omega  0.00, alpha  0.000, steps in the past 0.000, valid nll 0.335
  [diag] log10|dL/dh_t| hist bins=60 range=(-12.50,-11.50) mean=-12.00 p50=-12.00 p05=-12.00 p95=-12.00
  [diag] sat-dist hist bins=60 sat<0.05=0.0% mean=0.859 p10=0.850 p90=0.870
  [diag] z-gate sat-dist hist bins=60 mean=0.120 p10=0.120 p90=0.120
  [diag] r-gate sat-dist hist bins=60 mean=0.497 p10=0.497 p90=0.497
Iter 0006060: train nll 0.369, valid error 100.000%, best valid error 100.000%, avg grad norm   0.064, avg grad norm (post clip)   0.047, rho_Whh  0.17, Omega  0.00, alpha  0.000, steps in the past 0.000, valid nll 0.334
  [diag] log10|dL/dh_t| hist bins=60 range=(-12.50,-11.50) mean=-12.00 p50=-12.00 p05=-12.00 p95=-12.00
  [diag] sat-dist hist bins=60 sat<0.05=0.0% mean=0.859 p10=0.850 p90=0.870
  [diag] z-gate sat-dist hist bins=60 mean=0.120 p10=0.120 p90=0.120
  [diag] r-gate sat-dist hist bins=60 mean=0.497 p10=0.497 p90=0.497
Iter 0006080: train nll 0.414, valid error 100.000%, best valid error 100.000%, avg grad norm   0.055, avg grad norm (post clip)   0.046, rho_Whh  0.17, Omega  0.00, alpha  0.000, steps in the past 0.000, valid nll 0.334
  [diag] log10|dL/dh_t| hist bins=60 range=(-12.50,-11.50) mean=-12.00 p50=-12.00 p05=-12.00 p95=-12.00
  [diag] sat-dist hist bins=60 sat<0.05=0.0% mean=0.859 p10=0.850 p90=0.870
  [diag] z-gate sat-dist hist bins=60 mean=0.120 p10=0.120 p90=0.120
  [diag] r-gate sat-dist hist bins=60 mean=0.497 p10=0.497 p90=0.497
Iter 0006100: train nll 0.420, valid error 100.000%, best valid error 100.000%, avg grad norm   0.050, avg grad norm (post clip)   0.044, rho_Whh  0.17, Omega  0.00, alpha  0.000, steps in the past 0.000, valid nll 0.334
  [diag] log10|dL/dh_t| hist bins=60 range=(-12.50,-11.50) mean=-12.00 p50=-12.00 p05=-12.00 p95=-12.00
  [diag] sat-dist hist bins=60 sat<0.05=0.0% mean=0.859 p10=0.850 p90=0.870
  [diag] z-gate sat-dist hist bins=60 mean=0.120 p10=0.120 p90=0.120
  [diag] r-gate sat-dist hist bins=60 mean=0.497 p10=0.497 p90=0.497
Iter 0006120: train nll 0.396, valid error 100.000%, best valid error 100.000%, avg grad norm   0.052, avg grad norm (post clip)   0.044, rho_Whh  0.17, Omega  0.00, alpha  0.000, steps in the past 0.000, valid nll 0.334
  [diag] log10|dL/dh_t| hist bins=60 range=(-12.50,-11.50) mean=-12.00 p50=-12.00 p05=-12.00 p95=-12.00
  [diag] sat-dist hist bins=60 sat<0.05=0.0% mean=0.859 p10=0.850 p90=0.870
  [diag] z-gate sat-dist hist bins=60 mean=0.120 p10=0.120 p90=0.120
  [diag] r-gate sat-dist hist bins=60 mean=0.497 p10=0.497 p90=0.497
Iter 0006140: train nll 0.432, valid error 100.000%, best valid error 100.000%, avg grad norm   0.071, avg grad norm (post clip)   0.047, rho_Whh  0.17, Omega  0.00, alpha  0.000, steps in the past 0.000, valid nll 0.334
  [diag] log10|dL/dh_t| hist bins=60 range=(-12.50,-11.50) mean=-12.00 p50=-12.00 p05=-12.00 p95=-12.00
  [diag] sat-dist hist bins=60 sat<0.05=0.0% mean=0.859 p10=0.850 p90=0.870
  [diag] z-gate sat-dist hist bins=60 mean=0.120 p10=0.120 p90=0.120
  [diag] r-gate sat-dist hist bins=60 mean=0.497 p10=0.497 p90=0.497
Iter 0006160: train nll 0.423, valid error 100.000%, best valid error 100.000%, avg grad norm   0.055, avg grad norm (post clip)   0.045, rho_Whh  0.17, Omega  0.00, alpha  0.000, steps in the past 0.000, valid nll 0.334
  [diag] log10|dL/dh_t| hist bins=60 range=(-12.50,-11.50) mean=-12.00 p50=-12.00 p05=-12.00 p95=-12.00
  [diag] sat-dist hist bins=60 sat<0.05=0.0% mean=0.859 p10=0.850 p90=0.870
  [diag] z-gate sat-dist hist bins=60 mean=0.120 p10=0.120 p90=0.120
  [diag] r-gate sat-dist hist bins=60 mean=0.497 p10=0.497 p90=0.497
Iter 0006180: train nll 0.414, valid error 100.000%, best valid error 100.000%, avg grad norm   0.050, avg grad norm (post clip)   0.041, rho_Whh  0.17, Omega  0.00, alpha  0.000, steps in the past 0.000, valid nll 0.334
  [diag] log10|dL/dh_t| hist bins=60 range=(-12.50,-11.50) mean=-12.00 p50=-12.00 p05=-12.00 p95=-12.00
  [diag] sat-dist hist bins=60 sat<0.05=0.0% mean=0.859 p10=0.850 p90=0.870
  [diag] z-gate sat-dist hist bins=60 mean=0.120 p10=0.120 p90=0.120
  [diag] r-gate sat-dist hist bins=60 mean=0.497 p10=0.497 p90=0.497
Iter 0006200: train nll 0.404, valid error 100.000%, best valid error 100.000%, avg grad norm   0.057, avg grad norm (post clip)   0.042, rho_Whh  0.17, Omega  0.00, alpha  0.000, steps in the past 0.000, valid nll 0.333
  [diag] log10|dL/dh_t| hist bins=60 range=(-12.50,-11.50) mean=-12.00 p50=-12.00 p05=-12.00 p95=-12.00
  [diag] sat-dist hist bins=60 sat<0.05=0.0% mean=0.859 p10=0.850 p90=0.870
  [diag] z-gate sat-dist hist bins=60 mean=0.120 p10=0.120 p90=0.120
  [diag] r-gate sat-dist hist bins=60 mean=0.497 p10=0.497 p90=0.497
Iter 0006220: train nll 0.439, valid error 100.000%, best valid error 100.000%, avg grad norm   0.070, avg grad norm (post clip)   0.045, rho_Whh  0.17, Omega  0.00, alpha  0.000, steps in the past 0.000, valid nll 0.333
  [diag] log10|dL/dh_t| hist bins=60 range=(-12.50,-11.50) mean=-12.00 p50=-12.00 p05=-12.00 p95=-12.00
  [diag] sat-dist hist bins=60 sat<0.05=0.0% mean=0.859 p10=0.850 p90=0.870
  [diag] z-gate sat-dist hist bins=60 mean=0.120 p10=0.120 p90=0.120
  [diag] r-gate sat-dist hist bins=60 mean=0.497 p10=0.497 p90=0.497
Iter 0006240: train nll 0.412, valid error 100.000%, best valid error 100.000%, avg grad norm   0.054, avg grad norm (post clip)   0.044, rho_Whh  0.17, Omega  0.00, alpha  0.000, steps in the past 0.000, valid nll 0.333
  [diag] log10|dL/dh_t| hist bins=60 range=(-12.50,-11.50) mean=-12.00 p50=-12.00 p05=-12.00 p95=-12.00
  [diag] sat-dist hist bins=60 sat<0.05=0.0% mean=0.858 p10=0.850 p90=0.870
  [diag] z-gate sat-dist hist bins=60 mean=0.120 p10=0.120 p90=0.120
  [diag] r-gate sat-dist hist bins=60 mean=0.497 p10=0.497 p90=0.497
Iter 0006260: train nll 0.392, valid error 100.000%, best valid error 100.000%, avg grad norm   0.055, avg grad norm (post clip)   0.043, rho_Whh  0.16, Omega  0.00, alpha  0.000, steps in the past 0.000, valid nll 0.333
  [diag] log10|dL/dh_t| hist bins=60 range=(-12.50,-11.50) mean=-12.00 p50=-12.00 p05=-12.00 p95=-12.00
  [diag] sat-dist hist bins=60 sat<0.05=0.0% mean=0.858 p10=0.850 p90=0.870
  [diag] z-gate sat-dist hist bins=60 mean=0.120 p10=0.120 p90=0.120
  [diag] r-gate sat-dist hist bins=60 mean=0.497 p10=0.497 p90=0.497
Iter 0006280: train nll 0.412, valid error 100.000%, best valid error 100.000%, avg grad norm   0.054, avg grad norm (post clip)   0.044, rho_Whh  0.16, Omega  0.00, alpha  0.000, steps in the past 0.000, valid nll 0.333
  [diag] log10|dL/dh_t| hist bins=60 range=(-12.50,-11.50) mean=-12.00 p50=-12.00 p05=-12.00 p95=-12.00
  [diag] sat-dist hist bins=60 sat<0.05=0.0% mean=0.858 p10=0.850 p90=0.869
  [diag] z-gate sat-dist hist bins=60 mean=0.120 p10=0.120 p90=0.120
  [diag] r-gate sat-dist hist bins=60 mean=0.497 p10=0.497 p90=0.497
Iter 0006300: train nll 0.384, valid error 100.000%, best valid error 100.000%, avg grad norm   0.067, avg grad norm (post clip)   0.046, rho_Whh  0.16, Omega  0.00, alpha  0.000, steps in the past 0.000, valid nll 0.333
  [diag] log10|dL/dh_t| hist bins=60 range=(-12.50,-11.50) mean=-12.00 p50=-12.00 p05=-12.00 p95=-12.00
  [diag] sat-dist hist bins=60 sat<0.05=0.0% mean=0.858 p10=0.850 p90=0.869
  [diag] z-gate sat-dist hist bins=60 mean=0.120 p10=0.120 p90=0.120
  [diag] r-gate sat-dist hist bins=60 mean=0.497 p10=0.497 p90=0.497
Iter 0006320: train nll 0.419, valid error 100.000%, best valid error 100.000%, avg grad norm   0.056, avg grad norm (post clip)   0.043, rho_Whh  0.16, Omega  0.00, alpha  0.000, steps in the past 0.000, valid nll 0.333
  [diag] log10|dL/dh_t| hist bins=60 range=(-12.50,-11.50) mean=-12.00 p50=-12.00 p05=-12.00 p95=-12.00
  [diag] sat-dist hist bins=60 sat<0.05=0.0% mean=0.858 p10=0.849 p90=0.869
  [diag] z-gate sat-dist hist bins=60 mean=0.120 p10=0.120 p90=0.120
  [diag] r-gate sat-dist hist bins=60 mean=0.497 p10=0.497 p90=0.497
Iter 0006340: train nll 0.387, valid error 100.000%, best valid error 100.000%, avg grad norm   0.057, avg grad norm (post clip)   0.044, rho_Whh  0.16, Omega  0.00, alpha  0.000, steps in the past 0.000, valid nll 0.332
  [diag] log10|dL/dh_t| hist bins=60 range=(-12.50,-11.50) mean=-12.00 p50=-12.00 p05=-12.00 p95=-12.00
  [diag] sat-dist hist bins=60 sat<0.05=0.0% mean=0.858 p10=0.849 p90=0.869
  [diag] z-gate sat-dist hist bins=60 mean=0.120 p10=0.120 p90=0.120
  [diag] r-gate sat-dist hist bins=60 mean=0.497 p10=0.497 p90=0.497
Iter 0006360: train nll 0.391, valid error 100.000%, best valid error 100.000%, avg grad norm   0.041, avg grad norm (post clip)   0.038, rho_Whh  0.16, Omega  0.00, alpha  0.000, steps in the past 0.000, valid nll 0.332
  [diag] log10|dL/dh_t| hist bins=60 range=(-12.50,-11.50) mean=-12.00 p50=-12.00 p05=-12.00 p95=-12.00
  [diag] sat-dist hist bins=60 sat<0.05=0.0% mean=0.857 p10=0.849 p90=0.869
  [diag] z-gate sat-dist hist bins=60 mean=0.120 p10=0.120 p90=0.120
  [diag] r-gate sat-dist hist bins=60 mean=0.497 p10=0.497 p90=0.497
Iter 0006380: train nll 0.362, valid error 100.000%, best valid error 100.000%, avg grad norm   0.049, avg grad norm (post clip)   0.042, rho_Whh  0.16, Omega  0.00, alpha  0.000, steps in the past 0.000, valid nll 0.332
  [diag] log10|dL/dh_t| hist bins=60 range=(-12.50,-11.50) mean=-12.00 p50=-12.00 p05=-12.00 p95=-12.00
  [diag] sat-dist hist bins=60 sat<0.05=0.0% mean=0.858 p10=0.849 p90=0.869
  [diag] z-gate sat-dist hist bins=60 mean=0.120 p10=0.120 p90=0.120
  [diag] r-gate sat-dist hist bins=60 mean=0.497 p10=0.497 p90=0.497
Iter 0006400: train nll 0.416, valid error 100.000%, best valid error 100.000%, avg grad norm   0.059, avg grad norm (post clip)   0.042, rho_Whh  0.16, Omega  0.00, alpha  0.000, steps in the past 0.000, valid nll 0.332
  [diag] log10|dL/dh_t| hist bins=60 range=(-12.50,-11.50) mean=-12.00 p50=-12.00 p05=-12.00 p95=-12.00
  [diag] sat-dist hist bins=60 sat<0.05=0.0% mean=0.857 p10=0.849 p90=0.868
  [diag] z-gate sat-dist hist bins=60 mean=0.120 p10=0.120 p90=0.120
  [diag] r-gate sat-dist hist bins=60 mean=0.497 p10=0.497 p90=0.497
Iter 0006420: train nll 0.368, valid error 100.000%, best valid error 100.000%, avg grad norm   0.053, avg grad norm (post clip)   0.045, rho_Whh  0.16, Omega  0.00, alpha  0.000, steps in the past 0.000, valid nll 0.332
  [diag] log10|dL/dh_t| hist bins=60 range=(-12.50,-11.50) mean=-12.00 p50=-12.00 p05=-12.00 p95=-12.00
  [diag] sat-dist hist bins=60 sat<0.05=0.0% mean=0.857 p10=0.849 p90=0.868
  [diag] z-gate sat-dist hist bins=60 mean=0.120 p10=0.120 p90=0.120
  [diag] r-gate sat-dist hist bins=60 mean=0.497 p10=0.497 p90=0.497
Iter 0006440: train nll 0.398, valid error 100.000%, best valid error 100.000%, avg grad norm   0.048, avg grad norm (post clip)   0.038, rho_Whh  0.16, Omega  0.00, alpha  0.000, steps in the past 0.000, valid nll 0.332
  [diag] log10|dL/dh_t| hist bins=60 range=(-12.50,-11.50) mean=-12.00 p50=-12.00 p05=-12.00 p95=-12.00
  [diag] sat-dist hist bins=60 sat<0.05=0.0% mean=0.857 p10=0.848 p90=0.868
  [diag] z-gate sat-dist hist bins=60 mean=0.120 p10=0.120 p90=0.120
  [diag] r-gate sat-dist hist bins=60 mean=0.497 p10=0.497 p90=0.497
Iter 0006460: train nll 0.380, valid error 100.000%, best valid error 100.000%, avg grad norm   0.059, avg grad norm (post clip)   0.047, rho_Whh  0.16, Omega  0.00, alpha  0.000, steps in the past 0.000, valid nll 0.332
  [diag] log10|dL/dh_t| hist bins=60 range=(-12.50,-11.50) mean=-12.00 p50=-12.00 p05=-12.00 p95=-12.00
  [diag] sat-dist hist bins=60 sat<0.05=0.0% mean=0.857 p10=0.848 p90=0.868
  [diag] z-gate sat-dist hist bins=60 mean=0.120 p10=0.120 p90=0.120
  [diag] r-gate sat-dist hist bins=60 mean=0.497 p10=0.497 p90=0.497
Iter 0006480: train nll 0.390, valid error 100.000%, best valid error 100.000%, avg grad norm   0.052, avg grad norm (post clip)   0.045, rho_Whh  0.16, Omega  0.00, alpha  0.000, steps in the past 0.000, valid nll 0.331
  [diag] log10|dL/dh_t| hist bins=60 range=(-12.50,-11.50) mean=-12.00 p50=-12.00 p05=-12.00 p95=-12.00
  [diag] sat-dist hist bins=60 sat<0.05=0.0% mean=0.857 p10=0.848 p90=0.868
  [diag] z-gate sat-dist hist bins=60 mean=0.120 p10=0.120 p90=0.120
  [diag] r-gate sat-dist hist bins=60 mean=0.497 p10=0.497 p90=0.497
Iter 0006500: train nll 0.398, valid error 100.000%, best valid error 100.000%, avg grad norm   0.048, avg grad norm (post clip)   0.042, rho_Whh  0.16, Omega  0.00, alpha  0.000, steps in the past 0.000, valid nll 0.331
  [diag] log10|dL/dh_t| hist bins=60 range=(-12.50,-11.50) mean=-12.00 p50=-12.00 p05=-12.00 p95=-12.00
  [diag] sat-dist hist bins=60 sat<0.05=0.0% mean=0.857 p10=0.849 p90=0.868
  [diag] z-gate sat-dist hist bins=60 mean=0.120 p10=0.120 p90=0.120
  [diag] r-gate sat-dist hist bins=60 mean=0.497 p10=0.497 p90=0.497
Iter 0006520: train nll 0.434, valid error 100.000%, best valid error 100.000%, avg grad norm   0.065, avg grad norm (post clip)   0.044, rho_Whh  0.16, Omega  0.00, alpha  0.000, steps in the past 0.000, valid nll 0.331
  [diag] log10|dL/dh_t| hist bins=60 range=(-12.50,-11.50) mean=-12.00 p50=-12.00 p05=-12.00 p95=-12.00
  [diag] sat-dist hist bins=60 sat<0.05=0.0% mean=0.857 p10=0.848 p90=0.868
  [diag] z-gate sat-dist hist bins=60 mean=0.120 p10=0.120 p90=0.120
  [diag] r-gate sat-dist hist bins=60 mean=0.497 p10=0.497 p90=0.497
Iter 0006540: train nll 0.399, valid error 100.000%, best valid error 100.000%, avg grad norm   0.060, avg grad norm (post clip)   0.041, rho_Whh  0.16, Omega  0.00, alpha  0.000, steps in the past 0.000, valid nll 0.331
  [diag] log10|dL/dh_t| hist bins=60 range=(-12.50,-11.50) mean=-12.00 p50=-12.00 p05=-12.00 p95=-12.00
  [diag] sat-dist hist bins=60 sat<0.05=0.0% mean=0.857 p10=0.849 p90=0.868
  [diag] z-gate sat-dist hist bins=60 mean=0.120 p10=0.120 p90=0.120
  [diag] r-gate sat-dist hist bins=60 mean=0.497 p10=0.497 p90=0.497
Iter 0006560: train nll 0.452, valid error 100.000%, best valid error 100.000%, avg grad norm   0.077, avg grad norm (post clip)   0.046, rho_Whh  0.16, Omega  0.00, alpha  0.000, steps in the past 0.000, valid nll 0.331
  [diag] log10|dL/dh_t| hist bins=60 range=(-12.50,-11.50) mean=-12.00 p50=-12.00 p05=-12.00 p95=-12.00
  [diag] sat-dist hist bins=60 sat<0.05=0.0% mean=0.857 p10=0.849 p90=0.868
  [diag] z-gate sat-dist hist bins=60 mean=0.120 p10=0.120 p90=0.120
  [diag] r-gate sat-dist hist bins=60 mean=0.497 p10=0.497 p90=0.497
Iter 0006580: train nll 0.425, valid error 100.000%, best valid error 100.000%, avg grad norm   0.057, avg grad norm (post clip)   0.044, rho_Whh  0.16, Omega  0.00, alpha  0.000, steps in the past 0.000, valid nll 0.331
  [diag] log10|dL/dh_t| hist bins=60 range=(-12.50,-11.50) mean=-12.00 p50=-12.00 p05=-12.00 p95=-12.00
  [diag] sat-dist hist bins=60 sat<0.05=0.0% mean=0.857 p10=0.849 p90=0.868
  [diag] z-gate sat-dist hist bins=60 mean=0.120 p10=0.120 p90=0.120
  [diag] r-gate sat-dist hist bins=60 mean=0.497 p10=0.497 p90=0.497
Iter 0006600: train nll 0.348, valid error 100.000%, best valid error 100.000%, avg grad norm   0.047, avg grad norm (post clip)   0.042, rho_Whh  0.16, Omega  0.00, alpha  0.000, steps in the past 0.000, valid nll 0.331
  [diag] log10|dL/dh_t| hist bins=60 range=(-12.50,-11.50) mean=-12.00 p50=-12.00 p05=-12.00 p95=-12.00
  [diag] sat-dist hist bins=60 sat<0.05=0.0% mean=0.857 p10=0.848 p90=0.868
  [diag] z-gate sat-dist hist bins=60 mean=0.120 p10=0.120 p90=0.120
  [diag] r-gate sat-dist hist bins=60 mean=0.497 p10=0.497 p90=0.497
Iter 0006620: train nll 0.393, valid error 100.000%, best valid error 100.000%, avg grad norm   0.054, avg grad norm (post clip)   0.041, rho_Whh  0.16, Omega  0.00, alpha  0.000, steps in the past 0.000, valid nll 0.331
  [diag] log10|dL/dh_t| hist bins=60 range=(-12.50,-11.50) mean=-12.00 p50=-12.00 p05=-12.00 p95=-12.00
  [diag] sat-dist hist bins=60 sat<0.05=0.0% mean=0.857 p10=0.848 p90=0.868
  [diag] z-gate sat-dist hist bins=60 mean=0.120 p10=0.120 p90=0.120
  [diag] r-gate sat-dist hist bins=60 mean=0.497 p10=0.497 p90=0.497
Iter 0006640: train nll 0.361, valid error 100.000%, best valid error 100.000%, avg grad norm   0.047, avg grad norm (post clip)   0.042, rho_Whh  0.16, Omega  0.00, alpha  0.000, steps in the past 0.000, valid nll 0.331
  [diag] log10|dL/dh_t| hist bins=60 range=(-12.50,-11.50) mean=-12.00 p50=-12.00 p05=-12.00 p95=-12.00
  [diag] sat-dist hist bins=60 sat<0.05=0.0% mean=0.857 p10=0.848 p90=0.868
  [diag] z-gate sat-dist hist bins=60 mean=0.120 p10=0.120 p90=0.120
  [diag] r-gate sat-dist hist bins=60 mean=0.497 p10=0.497 p90=0.497
Iter 0006660: train nll 0.413, valid error 100.000%, best valid error 100.000%, avg grad norm   0.062, avg grad norm (post clip)   0.043, rho_Whh  0.15, Omega  0.00, alpha  0.000, steps in the past 0.000, valid nll 0.331
  [diag] log10|dL/dh_t| hist bins=60 range=(-12.50,-11.50) mean=-12.00 p50=-12.00 p05=-12.00 p95=-12.00
  [diag] sat-dist hist bins=60 sat<0.05=0.0% mean=0.857 p10=0.848 p90=0.868
  [diag] z-gate sat-dist hist bins=60 mean=0.120 p10=0.120 p90=0.120
  [diag] r-gate sat-dist hist bins=60 mean=0.497 p10=0.497 p90=0.497
Iter 0006680: train nll 0.405, valid error 100.000%, best valid error 100.000%, avg grad norm   0.051, avg grad norm (post clip)   0.041, rho_Whh  0.15, Omega  0.00, alpha  0.000, steps in the past 0.000, valid nll 0.331
  [diag] log10|dL/dh_t| hist bins=60 range=(-12.50,-11.50) mean=-12.00 p50=-12.00 p05=-12.00 p95=-12.00
  [diag] sat-dist hist bins=60 sat<0.05=0.0% mean=0.857 p10=0.848 p90=0.868
  [diag] z-gate sat-dist hist bins=60 mean=0.120 p10=0.120 p90=0.120
  [diag] r-gate sat-dist hist bins=60 mean=0.497 p10=0.497 p90=0.497
Iter 0006700: train nll 0.381, valid error 100.000%, best valid error 100.000%, avg grad norm   0.045, avg grad norm (post clip)   0.041, rho_Whh  0.15, Omega  0.00, alpha  0.000, steps in the past 0.000, valid nll 0.331
  [diag] log10|dL/dh_t| hist bins=60 range=(-12.50,-11.50) mean=-12.00 p50=-12.00 p05=-12.00 p95=-12.00
  [diag] sat-dist hist bins=60 sat<0.05=0.0% mean=0.857 p10=0.848 p90=0.868
  [diag] z-gate sat-dist hist bins=60 mean=0.120 p10=0.120 p90=0.120
  [diag] r-gate sat-dist hist bins=60 mean=0.497 p10=0.497 p90=0.497
Iter 0006720: train nll 0.391, valid error 100.000%, best valid error 100.000%, avg grad norm   0.046, avg grad norm (post clip)   0.040, rho_Whh  0.15, Omega  0.00, alpha  0.000, steps in the past 0.000, valid nll 0.331
  [diag] log10|dL/dh_t| hist bins=60 range=(-12.50,-11.50) mean=-12.00 p50=-12.00 p05=-12.00 p95=-12.00
  [diag] sat-dist hist bins=60 sat<0.05=0.0% mean=0.857 p10=0.848 p90=0.868
  [diag] z-gate sat-dist hist bins=60 mean=0.120 p10=0.120 p90=0.120
  [diag] r-gate sat-dist hist bins=60 mean=0.497 p10=0.497 p90=0.497
Iter 0006740: train nll 0.385, valid error 100.000%, best valid error 100.000%, avg grad norm   0.049, avg grad norm (post clip)   0.041, rho_Whh  0.15, Omega  0.00, alpha  0.000, steps in the past 0.000, valid nll 0.330
  [diag] log10|dL/dh_t| hist bins=60 range=(-12.50,-11.50) mean=-12.00 p50=-12.00 p05=-12.00 p95=-12.00
  [diag] sat-dist hist bins=60 sat<0.05=0.0% mean=0.857 p10=0.849 p90=0.868
  [diag] z-gate sat-dist hist bins=60 mean=0.120 p10=0.120 p90=0.120
  [diag] r-gate sat-dist hist bins=60 mean=0.497 p10=0.497 p90=0.497
Iter 0006760: train nll 0.429, valid error 100.000%, best valid error 100.000%, avg grad norm   0.064, avg grad norm (post clip)   0.040, rho_Whh  0.15, Omega  0.00, alpha  0.000, steps in the past 0.000, valid nll 0.330
  [diag] log10|dL/dh_t| hist bins=60 range=(-12.50,-11.50) mean=-12.00 p50=-12.00 p05=-12.00 p95=-12.00
  [diag] sat-dist hist bins=60 sat<0.05=0.0% mean=0.857 p10=0.848 p90=0.867
  [diag] z-gate sat-dist hist bins=60 mean=0.120 p10=0.120 p90=0.120
  [diag] r-gate sat-dist hist bins=60 mean=0.497 p10=0.497 p90=0.497
Iter 0006780: train nll 0.347, valid error 100.000%, best valid error 100.000%, avg grad norm   0.054, avg grad norm (post clip)   0.046, rho_Whh  0.15, Omega  0.00, alpha  0.000, steps in the past 0.000, valid nll 0.330
  [diag] log10|dL/dh_t| hist bins=60 range=(-12.50,-11.50) mean=-12.00 p50=-12.00 p05=-12.00 p95=-12.00
  [diag] sat-dist hist bins=60 sat<0.05=0.0% mean=0.857 p10=0.848 p90=0.867
  [diag] z-gate sat-dist hist bins=60 mean=0.120 p10=0.120 p90=0.120
  [diag] r-gate sat-dist hist bins=60 mean=0.497 p10=0.497 p90=0.497
Iter 0006800: train nll 0.358, valid error 100.000%, best valid error 100.000%, avg grad norm   0.042, avg grad norm (post clip)   0.040, rho_Whh  0.15, Omega  0.00, alpha  0.000, steps in the past 0.000, valid nll 0.330
  [diag] log10|dL/dh_t| hist bins=60 range=(-12.50,-11.50) mean=-12.00 p50=-12.00 p05=-12.00 p95=-12.00
  [diag] sat-dist hist bins=60 sat<0.05=0.0% mean=0.856 p10=0.848 p90=0.867
  [diag] z-gate sat-dist hist bins=60 mean=0.120 p10=0.120 p90=0.120
  [diag] r-gate sat-dist hist bins=60 mean=0.497 p10=0.497 p90=0.497
Iter 0006820: train nll 0.379, valid error 100.000%, best valid error 100.000%, avg grad norm   0.044, avg grad norm (post clip)   0.036, rho_Whh  0.15, Omega  0.00, alpha  0.000, steps in the past 0.000, valid nll 0.330
  [diag] log10|dL/dh_t| hist bins=60 range=(-12.50,-11.50) mean=-12.00 p50=-12.00 p05=-12.00 p95=-12.00
  [diag] sat-dist hist bins=60 sat<0.05=0.0% mean=0.857 p10=0.848 p90=0.867
  [diag] z-gate sat-dist hist bins=60 mean=0.120 p10=0.120 p90=0.120
  [diag] r-gate sat-dist hist bins=60 mean=0.497 p10=0.497 p90=0.497
Iter 0006840: train nll 0.393, valid error 100.000%, best valid error 100.000%, avg grad norm   0.052, avg grad norm (post clip)   0.041, rho_Whh  0.15, Omega  0.00, alpha  0.000, steps in the past 0.000, valid nll 0.330
  [diag] log10|dL/dh_t| hist bins=60 range=(-12.50,-11.50) mean=-12.00 p50=-12.00 p05=-12.00 p95=-12.00
  [diag] sat-dist hist bins=60 sat<0.05=0.0% mean=0.857 p10=0.848 p90=0.867
  [diag] z-gate sat-dist hist bins=60 mean=0.120 p10=0.120 p90=0.120
  [diag] r-gate sat-dist hist bins=60 mean=0.497 p10=0.497 p90=0.497
Iter 0006860: train nll 0.407, valid error 100.000%, best valid error 100.000%, avg grad norm   0.057, avg grad norm (post clip)   0.041, rho_Whh  0.15, Omega  0.00, alpha  0.000, steps in the past 0.000, valid nll 0.330
  [diag] log10|dL/dh_t| hist bins=60 range=(-12.50,-11.50) mean=-12.00 p50=-12.00 p05=-12.00 p95=-12.00
  [diag] sat-dist hist bins=60 sat<0.05=0.0% mean=0.857 p10=0.848 p90=0.867
  [diag] z-gate sat-dist hist bins=60 mean=0.120 p10=0.120 p90=0.120
  [diag] r-gate sat-dist hist bins=60 mean=0.497 p10=0.497 p90=0.497
Iter 0006880: train nll 0.405, valid error 100.000%, best valid error 100.000%, avg grad norm   0.052, avg grad norm (post clip)   0.040, rho_Whh  0.15, Omega  0.00, alpha  0.000, steps in the past 0.000, valid nll 0.330
  [diag] log10|dL/dh_t| hist bins=60 range=(-12.50,-11.50) mean=-12.00 p50=-12.00 p05=-12.00 p95=-12.00
  [diag] sat-dist hist bins=60 sat<0.05=0.0% mean=0.857 p10=0.849 p90=0.868
  [diag] z-gate sat-dist hist bins=60 mean=0.120 p10=0.120 p90=0.120
  [diag] r-gate sat-dist hist bins=60 mean=0.497 p10=0.497 p90=0.497
Iter 0006900: train nll 0.413, valid error 100.000%, best valid error 100.000%, avg grad norm   0.057, avg grad norm (post clip)   0.042, rho_Whh  0.14, Omega  0.00, alpha  0.000, steps in the past 0.000, valid nll 0.330
  [diag] log10|dL/dh_t| hist bins=60 range=(-12.50,-11.50) mean=-12.00 p50=-12.00 p05=-12.00 p95=-12.00
  [diag] sat-dist hist bins=60 sat<0.05=0.0% mean=0.857 p10=0.849 p90=0.868
  [diag] z-gate sat-dist hist bins=60 mean=0.120 p10=0.120 p90=0.120
  [diag] r-gate sat-dist hist bins=60 mean=0.497 p10=0.497 p90=0.497
Iter 0006920: train nll 0.414, valid error 100.000%, best valid error 100.000%, avg grad norm   0.058, avg grad norm (post clip)   0.041, rho_Whh  0.14, Omega  0.00, alpha  0.000, steps in the past 0.000, valid nll 0.330
  [diag] log10|dL/dh_t| hist bins=60 range=(-12.50,-11.50) mean=-12.00 p50=-12.00 p05=-12.00 p95=-12.00
  [diag] sat-dist hist bins=60 sat<0.05=0.0% mean=0.858 p10=0.849 p90=0.868
  [diag] z-gate sat-dist hist bins=60 mean=0.120 p10=0.120 p90=0.120
  [diag] r-gate sat-dist hist bins=60 mean=0.497 p10=0.497 p90=0.497
Iter 0006940: train nll 0.433, valid error 100.000%, best valid error 100.000%, avg grad norm   0.061, avg grad norm (post clip)   0.043, rho_Whh  0.14, Omega  0.00, alpha  0.000, steps in the past 0.000, valid nll 0.330
  [diag] log10|dL/dh_t| hist bins=60 range=(-12.50,-11.50) mean=-12.00 p50=-12.00 p05=-12.00 p95=-12.00
  [diag] sat-dist hist bins=60 sat<0.05=0.0% mean=0.858 p10=0.850 p90=0.868
  [diag] z-gate sat-dist hist bins=60 mean=0.120 p10=0.120 p90=0.120
  [diag] r-gate sat-dist hist bins=60 mean=0.497 p10=0.497 p90=0.497
Iter 0006960: train nll 0.436, valid error 100.000%, best valid error 100.000%, avg grad norm   0.059, avg grad norm (post clip)   0.043, rho_Whh  0.14, Omega  0.00, alpha  0.000, steps in the past 0.000, valid nll 0.330
  [diag] log10|dL/dh_t| hist bins=60 range=(-12.50,-11.50) mean=-12.00 p50=-12.00 p05=-12.00 p95=-12.00
  [diag] sat-dist hist bins=60 sat<0.05=0.0% mean=0.859 p10=0.850 p90=0.869
  [diag] z-gate sat-dist hist bins=60 mean=0.120 p10=0.120 p90=0.120
  [diag] r-gate sat-dist hist bins=60 mean=0.497 p10=0.497 p90=0.497
Iter 0006980: train nll 0.464, valid error 100.000%, best valid error 100.000%, avg grad norm   0.063, avg grad norm (post clip)   0.038, rho_Whh  0.14, Omega  0.00, alpha  0.000, steps in the past 0.000, valid nll 0.330
  [diag] log10|dL/dh_t| hist bins=60 range=(-12.50,-11.50) mean=-12.00 p50=-12.00 p05=-12.00 p95=-12.00
  [diag] sat-dist hist bins=60 sat<0.05=0.0% mean=0.859 p10=0.850 p90=0.869
  [diag] z-gate sat-dist hist bins=60 mean=0.120 p10=0.120 p90=0.120
  [diag] r-gate sat-dist hist bins=60 mean=0.497 p10=0.497 p90=0.497
Iter 0007000: train nll 0.390, valid error 100.000%, best valid error 100.000%, avg grad norm   0.052, avg grad norm (post clip)   0.041, rho_Whh  0.14, Omega  0.00, alpha  0.000, steps in the past 0.000, valid nll 0.330
  [diag] log10|dL/dh_t| hist bins=60 range=(-12.50,-11.50) mean=-12.00 p50=-12.00 p05=-12.00 p95=-12.00
  [diag] sat-dist hist bins=60 sat<0.05=0.0% mean=0.859 p10=0.850 p90=0.869
  [diag] z-gate sat-dist hist bins=60 mean=0.120 p10=0.120 p90=0.120
  [diag] r-gate sat-dist hist bins=60 mean=0.497 p10=0.497 p90=0.497
Iter 0007020: train nll 0.365, valid error 100.000%, best valid error 100.000%, avg grad norm   0.046, avg grad norm (post clip)   0.043, rho_Whh  0.14, Omega  0.00, alpha  0.000, steps in the past 0.000, valid nll 0.330
  [diag] log10|dL/dh_t| hist bins=60 range=(-12.50,-11.50) mean=-12.00 p50=-12.00 p05=-12.00 p95=-12.00
  [diag] sat-dist hist bins=60 sat<0.05=0.0% mean=0.859 p10=0.850 p90=0.869
  [diag] z-gate sat-dist hist bins=60 mean=0.120 p10=0.120 p90=0.120
  [diag] r-gate sat-dist hist bins=60 mean=0.497 p10=0.497 p90=0.497
Iter 0007040: train nll 0.392, valid error 100.000%, best valid error 100.000%, avg grad norm   0.051, avg grad norm (post clip)   0.041, rho_Whh  0.14, Omega  0.00, alpha  0.000, steps in the past 0.000, valid nll 0.330
  [diag] log10|dL/dh_t| hist bins=60 range=(-12.50,-11.50) mean=-12.00 p50=-12.00 p05=-12.00 p95=-12.00
  [diag] sat-dist hist bins=60 sat<0.05=0.0% mean=0.859 p10=0.851 p90=0.869
  [diag] z-gate sat-dist hist bins=60 mean=0.120 p10=0.120 p90=0.120
  [diag] r-gate sat-dist hist bins=60 mean=0.497 p10=0.497 p90=0.497
Iter 0007060: train nll 0.436, valid error 100.000%, best valid error 100.000%, avg grad norm   0.058, avg grad norm (post clip)   0.040, rho_Whh  0.13, Omega  0.00, alpha  0.000, steps in the past 0.000, valid nll 0.330
  [diag] log10|dL/dh_t| hist bins=60 range=(-12.50,-11.50) mean=-12.00 p50=-12.00 p05=-12.00 p95=-12.00
  [diag] sat-dist hist bins=60 sat<0.05=0.0% mean=0.859 p10=0.851 p90=0.869
  [diag] z-gate sat-dist hist bins=60 mean=0.120 p10=0.120 p90=0.120
  [diag] r-gate sat-dist hist bins=60 mean=0.497 p10=0.497 p90=0.497
Iter 0007080: train nll 0.465, valid error 100.000%, best valid error 100.000%, avg grad norm   0.074, avg grad norm (post clip)   0.044, rho_Whh  0.13, Omega  0.00, alpha  0.000, steps in the past 0.000, valid nll 0.330
  [diag] log10|dL/dh_t| hist bins=60 range=(-12.50,-11.50) mean=-12.00 p50=-12.00 p05=-12.00 p95=-12.00
  [diag] sat-dist hist bins=60 sat<0.05=0.0% mean=0.860 p10=0.851 p90=0.870
  [diag] z-gate sat-dist hist bins=60 mean=0.120 p10=0.120 p90=0.120
  [diag] r-gate sat-dist hist bins=60 mean=0.497 p10=0.497 p90=0.497
Iter 0007100: train nll 0.414, valid error 100.000%, best valid error 100.000%, avg grad norm   0.056, avg grad norm (post clip)   0.043, rho_Whh  0.13, Omega  0.00, alpha  0.000, steps in the past 0.000, valid nll 0.330
  [diag] log10|dL/dh_t| hist bins=60 range=(-12.50,-11.50) mean=-12.00 p50=-12.00 p05=-12.00 p95=-12.00
  [diag] sat-dist hist bins=60 sat<0.05=0.0% mean=0.860 p10=0.852 p90=0.870
  [diag] z-gate sat-dist hist bins=60 mean=0.120 p10=0.120 p90=0.120
  [diag] r-gate sat-dist hist bins=60 mean=0.497 p10=0.497 p90=0.497
Iter 0007120: train nll 0.431, valid error 100.000%, best valid error 100.000%, avg grad norm   0.064, avg grad norm (post clip)   0.045, rho_Whh  0.13, Omega  0.00, alpha  0.000, steps in the past 0.000, valid nll 0.330
  [diag] log10|dL/dh_t| hist bins=60 range=(-12.50,-11.50) mean=-12.00 p50=-12.00 p05=-12.00 p95=-12.00
  [diag] sat-dist hist bins=60 sat<0.05=0.0% mean=0.860 p10=0.852 p90=0.870
  [diag] z-gate sat-dist hist bins=60 mean=0.120 p10=0.120 p90=0.120
  [diag] r-gate sat-dist hist bins=60 mean=0.497 p10=0.497 p90=0.497
Iter 0007140: train nll 0.420, valid error 100.000%, best valid error 100.000%, avg grad norm   0.050, avg grad norm (post clip)   0.038, rho_Whh  0.13, Omega  0.00, alpha  0.000, steps in the past 0.000, valid nll 0.330
  [diag] log10|dL/dh_t| hist bins=60 range=(-12.50,-11.50) mean=-12.00 p50=-12.00 p05=-12.00 p95=-12.00
  [diag] sat-dist hist bins=60 sat<0.05=0.0% mean=0.860 p10=0.852 p90=0.870
  [diag] z-gate sat-dist hist bins=60 mean=0.120 p10=0.120 p90=0.120
  [diag] r-gate sat-dist hist bins=60 mean=0.497 p10=0.497 p90=0.497
Iter 0007160: train nll 0.410, valid error 100.000%, best valid error 100.000%, avg grad norm   0.053, avg grad norm (post clip)   0.041, rho_Whh  0.13, Omega  0.00, alpha  0.000, steps in the past 0.000, valid nll 0.330
  [diag] log10|dL/dh_t| hist bins=60 range=(-12.50,-11.50) mean=-12.00 p50=-12.00 p05=-12.00 p95=-12.00
  [diag] sat-dist hist bins=60 sat<0.05=0.0% mean=0.861 p10=0.853 p90=0.870
  [diag] z-gate sat-dist hist bins=60 mean=0.120 p10=0.120 p90=0.120
  [diag] r-gate sat-dist hist bins=60 mean=0.497 p10=0.497 p90=0.497
Iter 0007180: train nll 0.427, valid error 100.000%, best valid error 100.000%, avg grad norm   0.049, avg grad norm (post clip)   0.035, rho_Whh  0.12, Omega  0.00, alpha  0.000, steps in the past 0.000, valid nll 0.330
  [diag] log10|dL/dh_t| hist bins=60 range=(-12.50,-11.50) mean=-12.00 p50=-12.00 p05=-12.00 p95=-12.00
  [diag] sat-dist hist bins=60 sat<0.05=0.0% mean=0.861 p10=0.853 p90=0.871
  [diag] z-gate sat-dist hist bins=60 mean=0.120 p10=0.120 p90=0.120
  [diag] r-gate sat-dist hist bins=60 mean=0.497 p10=0.497 p90=0.497
Iter 0007200: train nll 0.444, valid error 100.000%, best valid error 100.000%, avg grad norm   0.060, avg grad norm (post clip)   0.041, rho_Whh  0.12, Omega  0.00, alpha  0.000, steps in the past 0.000, valid nll 0.330
  [diag] log10|dL/dh_t| hist bins=60 range=(-12.50,-11.50) mean=-12.00 p50=-12.00 p05=-12.00 p95=-12.00
  [diag] sat-dist hist bins=60 sat<0.05=0.0% mean=0.861 p10=0.853 p90=0.871
  [diag] z-gate sat-dist hist bins=60 mean=0.120 p10=0.120 p90=0.120
  [diag] r-gate sat-dist hist bins=60 mean=0.497 p10=0.497 p90=0.497
Iter 0007220: train nll 0.428, valid error 100.000%, best valid error 100.000%, avg grad norm   0.071, avg grad norm (post clip)   0.046, rho_Whh  0.12, Omega  0.00, alpha  0.000, steps in the past 0.000, valid nll 0.330
  [diag] log10|dL/dh_t| hist bins=60 range=(-12.50,-11.50) mean=-12.00 p50=-12.00 p05=-12.00 p95=-12.00
  [diag] sat-dist hist bins=60 sat<0.05=0.0% mean=0.861 p10=0.853 p90=0.871
  [diag] z-gate sat-dist hist bins=60 mean=0.120 p10=0.120 p90=0.120
  [diag] r-gate sat-dist hist bins=60 mean=0.497 p10=0.497 p90=0.497
Iter 0007240: train nll 0.403, valid error 100.000%, best valid error 100.000%, avg grad norm   0.059, avg grad norm (post clip)   0.042, rho_Whh  0.12, Omega  0.00, alpha  0.000, steps in the past 0.000, valid nll 0.330
  [diag] log10|dL/dh_t| hist bins=60 range=(-12.50,-11.50) mean=-12.00 p50=-12.00 p05=-12.00 p95=-12.00
  [diag] sat-dist hist bins=60 sat<0.05=0.0% mean=0.861 p10=0.853 p90=0.871
  [diag] z-gate sat-dist hist bins=60 mean=0.120 p10=0.120 p90=0.120
  [diag] r-gate sat-dist hist bins=60 mean=0.497 p10=0.497 p90=0.497
Iter 0007260: train nll 0.398, valid error 100.000%, best valid error 100.000%, avg grad norm   0.044, avg grad norm (post clip)   0.036, rho_Whh  0.12, Omega  0.00, alpha  0.000, steps in the past 0.000, valid nll 0.330
  [diag] log10|dL/dh_t| hist bins=60 range=(-12.50,-11.50) mean=-12.00 p50=-12.00 p05=-12.00 p95=-12.00
  [diag] sat-dist hist bins=60 sat<0.05=0.0% mean=0.861 p10=0.853 p90=0.871
  [diag] z-gate sat-dist hist bins=60 mean=0.120 p10=0.120 p90=0.120
  [diag] r-gate sat-dist hist bins=60 mean=0.497 p10=0.497 p90=0.497
Iter 0007280: train nll 0.390, valid error 100.000%, best valid error 100.000%, avg grad norm   0.054, avg grad norm (post clip)   0.042, rho_Whh  0.12, Omega  0.00, alpha  0.000, steps in the past 0.000, valid nll 0.330
  [diag] log10|dL/dh_t| hist bins=60 range=(-12.50,-11.50) mean=-12.00 p50=-12.00 p05=-12.00 p95=-12.00
  [diag] sat-dist hist bins=60 sat<0.05=0.0% mean=0.862 p10=0.854 p90=0.871
  [diag] z-gate sat-dist hist bins=60 mean=0.120 p10=0.120 p90=0.120
  [diag] r-gate sat-dist hist bins=60 mean=0.497 p10=0.497 p90=0.497
Iter 0007300: train nll 0.437, valid error 100.000%, best valid error 100.000%, avg grad norm   0.059, avg grad norm (post clip)   0.041, rho_Whh  0.12, Omega  0.00, alpha  0.000, steps in the past 0.000, valid nll 0.330
  [diag] log10|dL/dh_t| hist bins=60 range=(-12.50,-11.50) mean=-12.00 p50=-12.00 p05=-12.00 p95=-12.00
  [diag] sat-dist hist bins=60 sat<0.05=0.0% mean=0.861 p10=0.854 p90=0.871
  [diag] z-gate sat-dist hist bins=60 mean=0.120 p10=0.120 p90=0.120
  [diag] r-gate sat-dist hist bins=60 mean=0.497 p10=0.497 p90=0.497
Iter 0007320: train nll 0.374, valid error 100.000%, best valid error 100.000%, avg grad norm   0.040, avg grad norm (post clip)   0.038, rho_Whh  0.12, Omega  0.00, alpha  0.000, steps in the past 0.000, valid nll 0.330
  [diag] log10|dL/dh_t| hist bins=60 range=(-12.50,-11.50) mean=-12.00 p50=-12.00 p05=-12.00 p95=-12.00
  [diag] sat-dist hist bins=60 sat<0.05=0.0% mean=0.862 p10=0.854 p90=0.871
  [diag] z-gate sat-dist hist bins=60 mean=0.120 p10=0.120 p90=0.120
  [diag] r-gate sat-dist hist bins=60 mean=0.497 p10=0.497 p90=0.497
Iter 0007340: train nll 0.415, valid error 100.000%, best valid error 100.000%, avg grad norm   0.049, avg grad norm (post clip)   0.037, rho_Whh  0.12, Omega  0.00, alpha  0.000, steps in the past 0.000, valid nll 0.330
  [diag] log10|dL/dh_t| hist bins=60 range=(-12.50,-11.50) mean=-12.00 p50=-12.00 p05=-12.00 p95=-12.00
  [diag] sat-dist hist bins=60 sat<0.05=0.0% mean=0.862 p10=0.854 p90=0.871
  [diag] z-gate sat-dist hist bins=60 mean=0.120 p10=0.120 p90=0.120
  [diag] r-gate sat-dist hist bins=60 mean=0.497 p10=0.497 p90=0.497
Iter 0007360: train nll 0.403, valid error 100.000%, best valid error 100.000%, avg grad norm   0.049, avg grad norm (post clip)   0.040, rho_Whh  0.11, Omega  0.00, alpha  0.000, steps in the past 0.000, valid nll 0.330
  [diag] log10|dL/dh_t| hist bins=60 range=(-12.50,-11.50) mean=-12.00 p50=-12.00 p05=-12.00 p95=-12.00
  [diag] sat-dist hist bins=60 sat<0.05=0.0% mean=0.862 p10=0.854 p90=0.871
  [diag] z-gate sat-dist hist bins=60 mean=0.120 p10=0.120 p90=0.120
  [diag] r-gate sat-dist hist bins=60 mean=0.497 p10=0.497 p90=0.497
Iter 0007380: train nll 0.407, valid error 100.000%, best valid error 100.000%, avg grad norm   0.045, avg grad norm (post clip)   0.036, rho_Whh  0.11, Omega  0.00, alpha  0.000, steps in the past 0.000, valid nll 0.330
  [diag] log10|dL/dh_t| hist bins=60 range=(-12.50,-11.50) mean=-12.00 p50=-12.00 p05=-12.00 p95=-12.00
  [diag] sat-dist hist bins=60 sat<0.05=0.0% mean=0.862 p10=0.854 p90=0.871
  [diag] z-gate sat-dist hist bins=60 mean=0.120 p10=0.120 p90=0.120
  [diag] r-gate sat-dist hist bins=60 mean=0.497 p10=0.497 p90=0.497
Iter 0007400: train nll 0.381, valid error 100.000%, best valid error 100.000%, avg grad norm   0.056, avg grad norm (post clip)   0.043, rho_Whh  0.11, Omega  0.00, alpha  0.000, steps in the past 0.000, valid nll 0.330
  [diag] log10|dL/dh_t| hist bins=60 range=(-12.50,-11.50) mean=-12.00 p50=-12.00 p05=-12.00 p95=-12.00
  [diag] sat-dist hist bins=60 sat<0.05=0.0% mean=0.862 p10=0.854 p90=0.871
  [diag] z-gate sat-dist hist bins=60 mean=0.120 p10=0.120 p90=0.120
  [diag] r-gate sat-dist hist bins=60 mean=0.497 p10=0.497 p90=0.497
Iter 0007420: train nll 0.382, valid error 100.000%, best valid error 100.000%, avg grad norm   0.048, avg grad norm (post clip)   0.041, rho_Whh  0.11, Omega  0.00, alpha  0.000, steps in the past 0.000, valid nll 0.330
  [diag] log10|dL/dh_t| hist bins=60 range=(-12.50,-11.50) mean=-12.00 p50=-12.00 p05=-12.00 p95=-12.00
  [diag] sat-dist hist bins=60 sat<0.05=0.0% mean=0.862 p10=0.854 p90=0.871
  [diag] z-gate sat-dist hist bins=60 mean=0.120 p10=0.120 p90=0.120
  [diag] r-gate sat-dist hist bins=60 mean=0.497 p10=0.497 p90=0.497
Iter 0007440: train nll 0.429, valid error 100.000%, best valid error 100.000%, avg grad norm   0.051, avg grad norm (post clip)   0.037, rho_Whh  0.11, Omega  0.00, alpha  0.000, steps in the past 0.000, valid nll 0.330
  [diag] log10|dL/dh_t| hist bins=60 range=(-12.50,-11.50) mean=-12.00 p50=-12.00 p05=-12.00 p95=-12.00
  [diag] sat-dist hist bins=60 sat<0.05=0.0% mean=0.862 p10=0.854 p90=0.871
  [diag] z-gate sat-dist hist bins=60 mean=0.120 p10=0.120 p90=0.120
  [diag] r-gate sat-dist hist bins=60 mean=0.497 p10=0.497 p90=0.497
Iter 0007460: train nll 0.378, valid error 100.000%, best valid error 100.000%, avg grad norm   0.041, avg grad norm (post clip)   0.036, rho_Whh  0.11, Omega  0.00, alpha  0.000, steps in the past 0.000, valid nll 0.329
  [diag] log10|dL/dh_t| hist bins=60 range=(-12.50,-11.50) mean=-12.00 p50=-12.00 p05=-12.00 p95=-12.00
  [diag] sat-dist hist bins=60 sat<0.05=0.0% mean=0.862 p10=0.854 p90=0.872
  [diag] z-gate sat-dist hist bins=60 mean=0.120 p10=0.120 p90=0.120
  [diag] r-gate sat-dist hist bins=60 mean=0.497 p10=0.497 p90=0.497
Iter 0007480: train nll 0.415, valid error 100.000%, best valid error 100.000%, avg grad norm   0.053, avg grad norm (post clip)   0.040, rho_Whh  0.11, Omega  0.00, alpha  0.000, steps in the past 0.000, valid nll 0.329
  [diag] log10|dL/dh_t| hist bins=60 range=(-12.50,-11.50) mean=-12.00 p50=-12.00 p05=-12.00 p95=-12.00
  [diag] sat-dist hist bins=60 sat<0.05=0.0% mean=0.862 p10=0.855 p90=0.872
  [diag] z-gate sat-dist hist bins=60 mean=0.120 p10=0.120 p90=0.120
  [diag] r-gate sat-dist hist bins=60 mean=0.497 p10=0.497 p90=0.497
Iter 0007500: train nll 0.399, valid error 100.000%, best valid error 100.000%, avg grad norm   0.053, avg grad norm (post clip)   0.041, rho_Whh  0.11, Omega  0.00, alpha  0.000, steps in the past 0.000, valid nll 0.329
  [diag] log10|dL/dh_t| hist bins=60 range=(-12.50,-11.50) mean=-12.00 p50=-12.00 p05=-12.00 p95=-12.00
  [diag] sat-dist hist bins=60 sat<0.05=0.0% mean=0.862 p10=0.854 p90=0.871
  [diag] z-gate sat-dist hist bins=60 mean=0.120 p10=0.120 p90=0.120
  [diag] r-gate sat-dist hist bins=60 mean=0.497 p10=0.497 p90=0.497
Iter 0007520: train nll 0.358, valid error 100.000%, best valid error 100.000%, avg grad norm   0.046, avg grad norm (post clip)   0.040, rho_Whh  0.11, Omega  0.00, alpha  0.000, steps in the past 0.000, valid nll 0.329
  [diag] log10|dL/dh_t| hist bins=60 range=(-12.50,-11.50) mean=-12.00 p50=-12.00 p05=-12.00 p95=-12.00
  [diag] sat-dist hist bins=60 sat<0.05=0.0% mean=0.862 p10=0.855 p90=0.872
  [diag] z-gate sat-dist hist bins=60 mean=0.120 p10=0.120 p90=0.120
  [diag] r-gate sat-dist hist bins=60 mean=0.497 p10=0.497 p90=0.497
Iter 0007540: train nll 0.434, valid error 100.000%, best valid error 100.000%, avg grad norm   0.067, avg grad norm (post clip)   0.043, rho_Whh  0.11, Omega  0.00, alpha  0.000, steps in the past 0.000, valid nll 0.329
  [diag] log10|dL/dh_t| hist bins=60 range=(-12.50,-11.50) mean=-12.00 p50=-12.00 p05=-12.00 p95=-12.00
  [diag] sat-dist hist bins=60 sat<0.05=0.0% mean=0.862 p10=0.855 p90=0.872
  [diag] z-gate sat-dist hist bins=60 mean=0.120 p10=0.120 p90=0.120
  [diag] r-gate sat-dist hist bins=60 mean=0.497 p10=0.497 p90=0.497
Iter 0007560: train nll 0.380, valid error 100.000%, best valid error 100.000%, avg grad norm   0.052, avg grad norm (post clip)   0.043, rho_Whh  0.11, Omega  0.00, alpha  0.000, steps in the past 0.000, valid nll 0.329
  [diag] log10|dL/dh_t| hist bins=60 range=(-12.50,-11.50) mean=-12.00 p50=-12.00 p05=-12.00 p95=-12.00
  [diag] sat-dist hist bins=60 sat<0.05=0.0% mean=0.863 p10=0.855 p90=0.872
  [diag] z-gate sat-dist hist bins=60 mean=0.120 p10=0.120 p90=0.120
  [diag] r-gate sat-dist hist bins=60 mean=0.497 p10=0.497 p90=0.497
Iter 0007580: train nll 0.397, valid error 100.000%, best valid error 100.000%, avg grad norm   0.050, avg grad norm (post clip)   0.043, rho_Whh  0.11, Omega  0.00, alpha  0.000, steps in the past 0.000, valid nll 0.329
  [diag] log10|dL/dh_t| hist bins=60 range=(-12.50,-11.50) mean=-12.00 p50=-12.00 p05=-12.00 p95=-12.00
  [diag] sat-dist hist bins=60 sat<0.05=0.0% mean=0.863 p10=0.855 p90=0.872
  [diag] z-gate sat-dist hist bins=60 mean=0.120 p10=0.120 p90=0.120
  [diag] r-gate sat-dist hist bins=60 mean=0.497 p10=0.497 p90=0.497
Iter 0007600: train nll 0.424, valid error 100.000%, best valid error 100.000%, avg grad norm   0.058, avg grad norm (post clip)   0.042, rho_Whh  0.10, Omega  0.00, alpha  0.000, steps in the past 0.000, valid nll 0.329
  [diag] log10|dL/dh_t| hist bins=60 range=(-12.50,-11.50) mean=-12.00 p50=-12.00 p05=-12.00 p95=-12.00
  [diag] sat-dist hist bins=60 sat<0.05=0.0% mean=0.863 p10=0.855 p90=0.872
  [diag] z-gate sat-dist hist bins=60 mean=0.120 p10=0.120 p90=0.121
  [diag] r-gate sat-dist hist bins=60 mean=0.497 p10=0.497 p90=0.497
Iter 0007620: train nll 0.393, valid error 100.000%, best valid error 100.000%, avg grad norm   0.054, avg grad norm (post clip)   0.040, rho_Whh  0.10, Omega  0.00, alpha  0.000, steps in the past 0.000, valid nll 0.329
  [diag] log10|dL/dh_t| hist bins=60 range=(-12.50,-11.50) mean=-12.00 p50=-12.00 p05=-12.00 p95=-12.00
  [diag] sat-dist hist bins=60 sat<0.05=0.0% mean=0.863 p10=0.855 p90=0.872
  [diag] z-gate sat-dist hist bins=60 mean=0.120 p10=0.120 p90=0.121
  [diag] r-gate sat-dist hist bins=60 mean=0.497 p10=0.497 p90=0.497
Iter 0007640: train nll 0.422, valid error 100.000%, best valid error 100.000%, avg grad norm   0.064, avg grad norm (post clip)   0.040, rho_Whh  0.10, Omega  0.00, alpha  0.000, steps in the past 0.000, valid nll 0.329
  [diag] log10|dL/dh_t| hist bins=60 range=(-12.50,-11.50) mean=-12.00 p50=-12.00 p05=-12.00 p95=-12.00
  [diag] sat-dist hist bins=60 sat<0.05=0.0% mean=0.863 p10=0.855 p90=0.872
  [diag] z-gate sat-dist hist bins=60 mean=0.120 p10=0.120 p90=0.121
  [diag] r-gate sat-dist hist bins=60 mean=0.497 p10=0.497 p90=0.497
Iter 0007660: train nll 0.387, valid error 100.000%, best valid error 100.000%, avg grad norm   0.044, avg grad norm (post clip)   0.037, rho_Whh  0.10, Omega  0.00, alpha  0.000, steps in the past 0.000, valid nll 0.329
  [diag] log10|dL/dh_t| hist bins=60 range=(-12.50,-11.50) mean=-12.00 p50=-12.00 p05=-12.00 p95=-12.00
  [diag] sat-dist hist bins=60 sat<0.05=0.0% mean=0.863 p10=0.855 p90=0.872
  [diag] z-gate sat-dist hist bins=60 mean=0.120 p10=0.120 p90=0.121
  [diag] r-gate sat-dist hist bins=60 mean=0.497 p10=0.497 p90=0.497
Iter 0007680: train nll 0.424, valid error 100.000%, best valid error 100.000%, avg grad norm   0.060, avg grad norm (post clip)   0.039, rho_Whh  0.10, Omega  0.00, alpha  0.000, steps in the past 0.000, valid nll 0.329
  [diag] log10|dL/dh_t| hist bins=60 range=(-12.50,-11.50) mean=-12.00 p50=-12.00 p05=-12.00 p95=-12.00
  [diag] sat-dist hist bins=60 sat<0.05=0.0% mean=0.863 p10=0.855 p90=0.872
  [diag] z-gate sat-dist hist bins=60 mean=0.120 p10=0.120 p90=0.121
  [diag] r-gate sat-dist hist bins=60 mean=0.497 p10=0.497 p90=0.497
Iter 0007700: train nll 0.387, valid error 100.000%, best valid error 100.000%, avg grad norm   0.051, avg grad norm (post clip)   0.042, rho_Whh  0.10, Omega  0.00, alpha  0.000, steps in the past 0.000, valid nll 0.329
  [diag] log10|dL/dh_t| hist bins=60 range=(-12.50,-11.50) mean=-12.00 p50=-12.00 p05=-12.00 p95=-12.00
  [diag] sat-dist hist bins=60 sat<0.05=0.0% mean=0.863 p10=0.855 p90=0.872
  [diag] z-gate sat-dist hist bins=60 mean=0.120 p10=0.120 p90=0.121
  [diag] r-gate sat-dist hist bins=60 mean=0.497 p10=0.497 p90=0.497
Iter 0007720: train nll 0.363, valid error 100.000%, best valid error 100.000%, avg grad norm   0.044, avg grad norm (post clip)   0.039, rho_Whh  0.10, Omega  0.00, alpha  0.000, steps in the past 0.000, valid nll 0.329
  [diag] log10|dL/dh_t| hist bins=60 range=(-12.50,-11.50) mean=-12.00 p50=-12.00 p05=-12.00 p95=-12.00
  [diag] sat-dist hist bins=60 sat<0.05=0.0% mean=0.863 p10=0.855 p90=0.872
  [diag] z-gate sat-dist hist bins=60 mean=0.121 p10=0.120 p90=0.121
  [diag] r-gate sat-dist hist bins=60 mean=0.497 p10=0.497 p90=0.497
Iter 0007740: train nll 0.387, valid error 100.000%, best valid error 100.000%, avg grad norm   0.054, avg grad norm (post clip)   0.044, rho_Whh  0.10, Omega  0.00, alpha  0.000, steps in the past 0.000, valid nll 0.329
  [diag] log10|dL/dh_t| hist bins=60 range=(-12.50,-11.50) mean=-12.00 p50=-12.00 p05=-12.00 p95=-12.00
  [diag] sat-dist hist bins=60 sat<0.05=0.0% mean=0.863 p10=0.856 p90=0.872
  [diag] z-gate sat-dist hist bins=60 mean=0.121 p10=0.120 p90=0.121
  [diag] r-gate sat-dist hist bins=60 mean=0.497 p10=0.497 p90=0.497
Iter 0007760: train nll 0.416, valid error 100.000%, best valid error 100.000%, avg grad norm   0.060, avg grad norm (post clip)   0.044, rho_Whh  0.10, Omega  0.00, alpha  0.000, steps in the past 0.000, valid nll 0.329
  [diag] log10|dL/dh_t| hist bins=60 range=(-12.50,-11.50) mean=-12.00 p50=-12.00 p05=-12.00 p95=-12.00
  [diag] sat-dist hist bins=60 sat<0.05=0.0% mean=0.863 p10=0.855 p90=0.872
  [diag] z-gate sat-dist hist bins=60 mean=0.121 p10=0.120 p90=0.121
  [diag] r-gate sat-dist hist bins=60 mean=0.497 p10=0.497 p90=0.497
Iter 0007780: train nll 0.372, valid error 100.000%, best valid error 100.000%, avg grad norm   0.049, avg grad norm (post clip)   0.043, rho_Whh  0.10, Omega  0.00, alpha  0.000, steps in the past 0.000, valid nll 0.329
  [diag] log10|dL/dh_t| hist bins=60 range=(-12.50,-11.50) mean=-12.00 p50=-12.00 p05=-12.00 p95=-12.00
  [diag] sat-dist hist bins=60 sat<0.05=0.0% mean=0.863 p10=0.855 p90=0.872
  [diag] z-gate sat-dist hist bins=60 mean=0.121 p10=0.120 p90=0.121
  [diag] r-gate sat-dist hist bins=60 mean=0.497 p10=0.497 p90=0.497
Iter 0007800: train nll 0.385, valid error 100.000%, best valid error 100.000%, avg grad norm   0.057, avg grad norm (post clip)   0.042, rho_Whh  0.10, Omega  0.00, alpha  0.000, steps in the past 0.000, valid nll 0.329
  [diag] log10|dL/dh_t| hist bins=60 range=(-12.50,-11.50) mean=-12.00 p50=-12.00 p05=-12.00 p95=-12.00
  [diag] sat-dist hist bins=60 sat<0.05=0.0% mean=0.863 p10=0.855 p90=0.872
  [diag] z-gate sat-dist hist bins=60 mean=0.121 p10=0.120 p90=0.121
  [diag] r-gate sat-dist hist bins=60 mean=0.497 p10=0.497 p90=0.497
Iter 0007820: train nll 0.380, valid error 100.000%, best valid error 100.000%, avg grad norm   0.044, avg grad norm (post clip)   0.039, rho_Whh  0.09, Omega  0.00, alpha  0.000, steps in the past 0.000, valid nll 0.329
  [diag] log10|dL/dh_t| hist bins=60 range=(-12.50,-11.50) mean=-12.00 p50=-12.00 p05=-12.00 p95=-12.00
  [diag] sat-dist hist bins=60 sat<0.05=0.0% mean=0.863 p10=0.856 p90=0.872
  [diag] z-gate sat-dist hist bins=60 mean=0.121 p10=0.121 p90=0.121
  [diag] r-gate sat-dist hist bins=60 mean=0.497 p10=0.497 p90=0.497
Iter 0007840: train nll 0.387, valid error 100.000%, best valid error 100.000%, avg grad norm   0.033, avg grad norm (post clip)   0.030, rho_Whh  0.09, Omega  0.00, alpha  0.000, steps in the past 0.000, valid nll 0.329
  [diag] log10|dL/dh_t| hist bins=60 range=(-12.50,-11.50) mean=-12.00 p50=-12.00 p05=-12.00 p95=-12.00
  [diag] sat-dist hist bins=60 sat<0.05=0.0% mean=0.864 p10=0.856 p90=0.872
  [diag] z-gate sat-dist hist bins=60 mean=0.121 p10=0.121 p90=0.121
  [diag] r-gate sat-dist hist bins=60 mean=0.497 p10=0.497 p90=0.497
Iter 0007860: train nll 0.409, valid error 100.000%, best valid error 100.000%, avg grad norm   0.058, avg grad norm (post clip)   0.041, rho_Whh  0.09, Omega  0.00, alpha  0.000, steps in the past 0.000, valid nll 0.329
  [diag] log10|dL/dh_t| hist bins=60 range=(-12.50,-11.50) mean=-12.00 p50=-12.00 p05=-12.00 p95=-12.00
  [diag] sat-dist hist bins=60 sat<0.05=0.0% mean=0.863 p10=0.856 p90=0.872
  [diag] z-gate sat-dist hist bins=60 mean=0.121 p10=0.121 p90=0.121
  [diag] r-gate sat-dist hist bins=60 mean=0.497 p10=0.497 p90=0.497
Iter 0007880: train nll 0.371, valid error 100.000%, best valid error 100.000%, avg grad norm   0.049, avg grad norm (post clip)   0.040, rho_Whh  0.09, Omega  0.00, alpha  0.000, steps in the past 0.000, valid nll 0.329
  [diag] log10|dL/dh_t| hist bins=60 range=(-12.50,-11.50) mean=-12.00 p50=-12.00 p05=-12.00 p95=-12.00
  [diag] sat-dist hist bins=60 sat<0.05=0.0% mean=0.863 p10=0.855 p90=0.872
  [diag] z-gate sat-dist hist bins=60 mean=0.121 p10=0.121 p90=0.121
  [diag] r-gate sat-dist hist bins=60 mean=0.497 p10=0.497 p90=0.497
Iter 0007900: train nll 0.337, valid error 100.000%, best valid error 100.000%, avg grad norm   0.041, avg grad norm (post clip)   0.039, rho_Whh  0.09, Omega  0.00, alpha  0.000, steps in the past 0.000, valid nll 0.328
  [diag] log10|dL/dh_t| hist bins=60 range=(-12.50,-11.50) mean=-12.00 p50=-12.00 p05=-12.00 p95=-12.00
  [diag] sat-dist hist bins=60 sat<0.05=0.0% mean=0.863 p10=0.856 p90=0.872
  [diag] z-gate sat-dist hist bins=60 mean=0.121 p10=0.121 p90=0.121
  [diag] r-gate sat-dist hist bins=60 mean=0.497 p10=0.497 p90=0.497
Iter 0007920: train nll 0.400, valid error 100.000%, best valid error 100.000%, avg grad norm   0.051, avg grad norm (post clip)   0.039, rho_Whh  0.09, Omega  0.00, alpha  0.000, steps in the past 0.000, valid nll 0.328
  [diag] log10|dL/dh_t| hist bins=60 range=(-12.50,-11.50) mean=-12.00 p50=-12.00 p05=-12.00 p95=-12.00
  [diag] sat-dist hist bins=60 sat<0.05=0.0% mean=0.863 p10=0.856 p90=0.872
  [diag] z-gate sat-dist hist bins=60 mean=0.121 p10=0.121 p90=0.121
  [diag] r-gate sat-dist hist bins=60 mean=0.497 p10=0.497 p90=0.497
Iter 0007940: train nll 0.402, valid error 100.000%, best valid error 100.000%, avg grad norm   0.057, avg grad norm (post clip)   0.040, rho_Whh  0.09, Omega  0.00, alpha  0.000, steps in the past 0.000, valid nll 0.328
  [diag] log10|dL/dh_t| hist bins=60 range=(-12.50,-11.50) mean=-12.00 p50=-12.00 p05=-12.00 p95=-12.00
  [diag] sat-dist hist bins=60 sat<0.05=0.0% mean=0.864 p10=0.856 p90=0.872
  [diag] z-gate sat-dist hist bins=60 mean=0.121 p10=0.121 p90=0.121
  [diag] r-gate sat-dist hist bins=60 mean=0.497 p10=0.497 p90=0.497
Iter 0007960: train nll 0.413, valid error 100.000%, best valid error 100.000%, avg grad norm   0.052, avg grad norm (post clip)   0.041, rho_Whh  0.09, Omega  0.00, alpha  0.000, steps in the past 0.000, valid nll 0.328
  [diag] log10|dL/dh_t| hist bins=60 range=(-12.50,-11.50) mean=-12.00 p50=-12.00 p05=-12.00 p95=-12.00
  [diag] sat-dist hist bins=60 sat<0.05=0.0% mean=0.864 p10=0.856 p90=0.872
  [diag] z-gate sat-dist hist bins=60 mean=0.121 p10=0.121 p90=0.121
  [diag] r-gate sat-dist hist bins=60 mean=0.497 p10=0.497 p90=0.497
Iter 0007980: train nll 0.398, valid error 100.000%, best valid error 100.000%, avg grad norm   0.050, avg grad norm (post clip)   0.038, rho_Whh  0.09, Omega  0.00, alpha  0.000, steps in the past 0.000, valid nll 0.328
  [diag] log10|dL/dh_t| hist bins=60 range=(-12.50,-11.50) mean=-12.00 p50=-12.00 p05=-12.00 p95=-12.00
  [diag] sat-dist hist bins=60 sat<0.05=0.0% mean=0.864 p10=0.856 p90=0.873
  [diag] z-gate sat-dist hist bins=60 mean=0.121 p10=0.121 p90=0.121
  [diag] r-gate sat-dist hist bins=60 mean=0.497 p10=0.497 p90=0.497
Iter 0008000: train nll 0.391, valid error 100.000%, best valid error 100.000%, avg grad norm   0.043, avg grad norm (post clip)   0.034, rho_Whh  0.09, Omega  0.00, alpha  0.000, steps in the past 0.000, valid nll 0.328
  [diag] log10|dL/dh_t| hist bins=60 range=(-12.50,-11.50) mean=-12.00 p50=-12.00 p05=-12.00 p95=-12.00
  [diag] sat-dist hist bins=60 sat<0.05=0.0% mean=0.864 p10=0.857 p90=0.873
  [diag] z-gate sat-dist hist bins=60 mean=0.121 p10=0.121 p90=0.121
  [diag] r-gate sat-dist hist bins=60 mean=0.497 p10=0.497 p90=0.497
Iter 0008020: train nll 0.438, valid error 100.000%, best valid error 100.000%, avg grad norm   0.059, avg grad norm (post clip)   0.040, rho_Whh  0.08, Omega  0.00, alpha  0.000, steps in the past 0.000, valid nll 0.328
  [diag] log10|dL/dh_t| hist bins=60 range=(-12.50,-11.50) mean=-12.00 p50=-12.00 p05=-12.00 p95=-12.00
  [diag] sat-dist hist bins=60 sat<0.05=0.0% mean=0.865 p10=0.857 p90=0.873
  [diag] z-gate sat-dist hist bins=60 mean=0.121 p10=0.121 p90=0.121
  [diag] r-gate sat-dist hist bins=60 mean=0.497 p10=0.497 p90=0.497
Iter 0008040: train nll 0.422, valid error 100.000%, best valid error 100.000%, avg grad norm   0.063, avg grad norm (post clip)   0.044, rho_Whh  0.08, Omega  0.00, alpha  0.000, steps in the past 0.000, valid nll 0.328
  [diag] log10|dL/dh_t| hist bins=60 range=(-12.50,-11.50) mean=-12.00 p50=-12.00 p05=-12.00 p95=-12.00
  [diag] sat-dist hist bins=60 sat<0.05=0.0% mean=0.865 p10=0.857 p90=0.873
  [diag] z-gate sat-dist hist bins=60 mean=0.121 p10=0.121 p90=0.121
  [diag] r-gate sat-dist hist bins=60 mean=0.497 p10=0.497 p90=0.497
Iter 0008060: train nll 0.385, valid error 100.000%, best valid error 100.000%, avg grad norm   0.039, avg grad norm (post clip)   0.037, rho_Whh  0.08, Omega  0.00, alpha  0.000, steps in the past 0.000, valid nll 0.328
  [diag] log10|dL/dh_t| hist bins=60 range=(-12.50,-11.50) mean=-12.00 p50=-12.00 p05=-12.00 p95=-12.00
  [diag] sat-dist hist bins=60 sat<0.05=0.0% mean=0.865 p10=0.858 p90=0.874
  [diag] z-gate sat-dist hist bins=60 mean=0.121 p10=0.121 p90=0.121
  [diag] r-gate sat-dist hist bins=60 mean=0.497 p10=0.497 p90=0.497
Iter 0008080: train nll 0.422, valid error 100.000%, best valid error 100.000%, avg grad norm   0.055, avg grad norm (post clip)   0.039, rho_Whh  0.08, Omega  0.00, alpha  0.000, steps in the past 0.000, valid nll 0.328
  [diag] log10|dL/dh_t| hist bins=60 range=(-12.50,-11.50) mean=-12.00 p50=-12.00 p05=-12.00 p95=-12.00
  [diag] sat-dist hist bins=60 sat<0.05=0.0% mean=0.865 p10=0.858 p90=0.873
  [diag] z-gate sat-dist hist bins=60 mean=0.121 p10=0.121 p90=0.121
  [diag] r-gate sat-dist hist bins=60 mean=0.497 p10=0.497 p90=0.497
Iter 0008100: train nll 0.384, valid error 100.000%, best valid error 100.000%, avg grad norm   0.049, avg grad norm (post clip)   0.039, rho_Whh  0.08, Omega  0.00, alpha  0.000, steps in the past 0.000, valid nll 0.328
  [diag] log10|dL/dh_t| hist bins=60 range=(-12.50,-11.50) mean=-12.00 p50=-12.00 p05=-12.00 p95=-12.00
  [diag] sat-dist hist bins=60 sat<0.05=0.0% mean=0.865 p10=0.858 p90=0.874
  [diag] z-gate sat-dist hist bins=60 mean=0.121 p10=0.121 p90=0.121
  [diag] r-gate sat-dist hist bins=60 mean=0.497 p10=0.497 p90=0.497
Iter 0008120: train nll 0.415, valid error 100.000%, best valid error 100.000%, avg grad norm   0.051, avg grad norm (post clip)   0.038, rho_Whh  0.08, Omega  0.00, alpha  0.000, steps in the past 0.000, valid nll 0.328
  [diag] log10|dL/dh_t| hist bins=60 range=(-12.50,-11.50) mean=-12.00 p50=-12.00 p05=-12.00 p95=-12.00
  [diag] sat-dist hist bins=60 sat<0.05=0.0% mean=0.865 p10=0.858 p90=0.874
  [diag] z-gate sat-dist hist bins=60 mean=0.121 p10=0.121 p90=0.121
  [diag] r-gate sat-dist hist bins=60 mean=0.497 p10=0.497 p90=0.497
Iter 0008140: train nll 0.386, valid error 100.000%, best valid error 100.000%, avg grad norm   0.050, avg grad norm (post clip)   0.038, rho_Whh  0.08, Omega  0.00, alpha  0.000, steps in the past 0.000, valid nll 0.328
  [diag] log10|dL/dh_t| hist bins=60 range=(-12.50,-11.50) mean=-12.00 p50=-12.00 p05=-12.00 p95=-12.00
  [diag] sat-dist hist bins=60 sat<0.05=0.0% mean=0.865 p10=0.858 p90=0.874
  [diag] z-gate sat-dist hist bins=60 mean=0.121 p10=0.121 p90=0.121
  [diag] r-gate sat-dist hist bins=60 mean=0.497 p10=0.497 p90=0.497
Iter 0008160: train nll 0.360, valid error 100.000%, best valid error 100.000%, avg grad norm   0.041, avg grad norm (post clip)   0.036, rho_Whh  0.08, Omega  0.00, alpha  0.000, steps in the past 0.000, valid nll 0.328
  [diag] log10|dL/dh_t| hist bins=60 range=(-12.50,-11.50) mean=-12.00 p50=-12.00 p05=-12.00 p95=-12.00
  [diag] sat-dist hist bins=60 sat<0.05=0.0% mean=0.865 p10=0.858 p90=0.874
  [diag] z-gate sat-dist hist bins=60 mean=0.121 p10=0.121 p90=0.121
  [diag] r-gate sat-dist hist bins=60 mean=0.497 p10=0.497 p90=0.497
Iter 0008180: train nll 0.389, valid error 100.000%, best valid error 100.000%, avg grad norm   0.051, avg grad norm (post clip)   0.039, rho_Whh  0.08, Omega  0.00, alpha  0.000, steps in the past 0.000, valid nll 0.328
  [diag] log10|dL/dh_t| hist bins=60 range=(-12.50,-11.50) mean=-12.00 p50=-12.00 p05=-12.00 p95=-12.00
  [diag] sat-dist hist bins=60 sat<0.05=0.0% mean=0.866 p10=0.858 p90=0.874
  [diag] z-gate sat-dist hist bins=60 mean=0.121 p10=0.121 p90=0.121
  [diag] r-gate sat-dist hist bins=60 mean=0.497 p10=0.497 p90=0.497
Iter 0008200: train nll 0.418, valid error 100.000%, best valid error 100.000%, avg grad norm   0.050, avg grad norm (post clip)   0.039, rho_Whh  0.08, Omega  0.00, alpha  0.000, steps in the past 0.000, valid nll 0.328
  [diag] log10|dL/dh_t| hist bins=60 range=(-12.50,-11.50) mean=-12.00 p50=-12.00 p05=-12.00 p95=-12.00
  [diag] sat-dist hist bins=60 sat<0.05=0.0% mean=0.866 p10=0.858 p90=0.874
  [diag] z-gate sat-dist hist bins=60 mean=0.121 p10=0.121 p90=0.121
  [diag] r-gate sat-dist hist bins=60 mean=0.497 p10=0.497 p90=0.497
Iter 0008220: train nll 0.395, valid error 100.000%, best valid error 100.000%, avg grad norm   0.047, avg grad norm (post clip)   0.038, rho_Whh  0.08, Omega  0.00, alpha  0.000, steps in the past 0.000, valid nll 0.328
  [diag] log10|dL/dh_t| hist bins=60 range=(-12.50,-11.50) mean=-12.00 p50=-12.00 p05=-12.00 p95=-12.00
  [diag] sat-dist hist bins=60 sat<0.05=0.0% mean=0.866 p10=0.858 p90=0.874
  [diag] z-gate sat-dist hist bins=60 mean=0.121 p10=0.121 p90=0.121
  [diag] r-gate sat-dist hist bins=60 mean=0.497 p10=0.497 p90=0.497
Iter 0008240: train nll 0.371, valid error 100.000%, best valid error 100.000%, avg grad norm   0.039, avg grad norm (post clip)   0.034, rho_Whh  0.08, Omega  0.00, alpha  0.000, steps in the past 0.000, valid nll 0.328
  [diag] log10|dL/dh_t| hist bins=60 range=(-12.50,-11.50) mean=-12.00 p50=-12.00 p05=-12.00 p95=-12.00
  [diag] sat-dist hist bins=60 sat<0.05=0.0% mean=0.866 p10=0.859 p90=0.874
  [diag] z-gate sat-dist hist bins=60 mean=0.121 p10=0.121 p90=0.121
  [diag] r-gate sat-dist hist bins=60 mean=0.497 p10=0.497 p90=0.497
Iter 0008260: train nll 0.432, valid error 100.000%, best valid error 100.000%, avg grad norm   0.053, avg grad norm (post clip)   0.039, rho_Whh  0.08, Omega  0.00, alpha  0.000, steps in the past 0.000, valid nll 0.328
  [diag] log10|dL/dh_t| hist bins=60 range=(-12.50,-11.50) mean=-12.00 p50=-12.00 p05=-12.00 p95=-12.00
  [diag] sat-dist hist bins=60 sat<0.05=0.0% mean=0.867 p10=0.859 p90=0.875
  [diag] z-gate sat-dist hist bins=60 mean=0.121 p10=0.121 p90=0.121
  [diag] r-gate sat-dist hist bins=60 mean=0.497 p10=0.497 p90=0.497
Iter 0008280: train nll 0.412, valid error 100.000%, best valid error 100.000%, avg grad norm   0.047, avg grad norm (post clip)   0.039, rho_Whh  0.08, Omega  0.00, alpha  0.000, steps in the past 0.000, valid nll 0.328
  [diag] log10|dL/dh_t| hist bins=60 range=(-12.50,-11.50) mean=-12.00 p50=-12.00 p05=-12.00 p95=-12.00
  [diag] sat-dist hist bins=60 sat<0.05=0.0% mean=0.867 p10=0.859 p90=0.875
  [diag] z-gate sat-dist hist bins=60 mean=0.121 p10=0.121 p90=0.121
  [diag] r-gate sat-dist hist bins=60 mean=0.497 p10=0.497 p90=0.497
Iter 0008300: train nll 0.387, valid error 100.000%, best valid error 100.000%, avg grad norm   0.052, avg grad norm (post clip)   0.042, rho_Whh  0.08, Omega  0.00, alpha  0.000, steps in the past 0.000, valid nll 0.328
  [diag] log10|dL/dh_t| hist bins=60 range=(-12.50,-11.50) mean=-12.00 p50=-12.00 p05=-12.00 p95=-12.00
  [diag] sat-dist hist bins=60 sat<0.05=0.0% mean=0.867 p10=0.860 p90=0.875
  [diag] z-gate sat-dist hist bins=60 mean=0.121 p10=0.121 p90=0.121
  [diag] r-gate sat-dist hist bins=60 mean=0.497 p10=0.497 p90=0.497
Iter 0008320: train nll 0.417, valid error 100.000%, best valid error 100.000%, avg grad norm   0.049, avg grad norm (post clip)   0.037, rho_Whh  0.08, Omega  0.00, alpha  0.000, steps in the past 0.000, valid nll 0.328
  [diag] log10|dL/dh_t| hist bins=60 range=(-12.50,-11.50) mean=-12.00 p50=-12.00 p05=-12.00 p95=-12.00
  [diag] sat-dist hist bins=60 sat<0.05=0.0% mean=0.867 p10=0.860 p90=0.875
  [diag] z-gate sat-dist hist bins=60 mean=0.121 p10=0.121 p90=0.121
  [diag] r-gate sat-dist hist bins=60 mean=0.497 p10=0.497 p90=0.497
Iter 0008340: train nll 0.411, valid error 100.000%, best valid error 100.000%, avg grad norm   0.051, avg grad norm (post clip)   0.038, rho_Whh  0.08, Omega  0.00, alpha  0.000, steps in the past 0.000, valid nll 0.328
  [diag] log10|dL/dh_t| hist bins=60 range=(-12.50,-11.50) mean=-12.00 p50=-12.00 p05=-12.00 p95=-12.00
  [diag] sat-dist hist bins=60 sat<0.05=0.0% mean=0.868 p10=0.860 p90=0.875
  [diag] z-gate sat-dist hist bins=60 mean=0.121 p10=0.121 p90=0.121
  [diag] r-gate sat-dist hist bins=60 mean=0.497 p10=0.497 p90=0.497
Iter 0008360: train nll 0.430, valid error 100.000%, best valid error 100.000%, avg grad norm   0.054, avg grad norm (post clip)   0.039, rho_Whh  0.08, Omega  0.00, alpha  0.000, steps in the past 0.000, valid nll 0.328
  [diag] log10|dL/dh_t| hist bins=60 range=(-12.50,-11.50) mean=-12.00 p50=-12.00 p05=-12.00 p95=-12.00
  [diag] sat-dist hist bins=60 sat<0.05=0.0% mean=0.868 p10=0.861 p90=0.876
  [diag] z-gate sat-dist hist bins=60 mean=0.121 p10=0.121 p90=0.121
  [diag] r-gate sat-dist hist bins=60 mean=0.497 p10=0.497 p90=0.497
Iter 0008380: train nll 0.428, valid error 100.000%, best valid error 100.000%, avg grad norm   0.051, avg grad norm (post clip)   0.038, rho_Whh  0.08, Omega  0.00, alpha  0.000, steps in the past 0.000, valid nll 0.328
  [diag] log10|dL/dh_t| hist bins=60 range=(-12.50,-11.50) mean=-12.00 p50=-12.00 p05=-12.00 p95=-12.00
  [diag] sat-dist hist bins=60 sat<0.05=0.0% mean=0.868 p10=0.861 p90=0.876
  [diag] z-gate sat-dist hist bins=60 mean=0.121 p10=0.121 p90=0.121
  [diag] r-gate sat-dist hist bins=60 mean=0.497 p10=0.497 p90=0.497
Iter 0008400: train nll 0.410, valid error 100.000%, best valid error 100.000%, avg grad norm   0.058, avg grad norm (post clip)   0.043, rho_Whh  0.08, Omega  0.00, alpha  0.000, steps in the past 0.000, valid nll 0.328
  [diag] log10|dL/dh_t| hist bins=60 range=(-12.50,-11.50) mean=-12.00 p50=-12.00 p05=-12.00 p95=-12.00
  [diag] sat-dist hist bins=60 sat<0.05=0.0% mean=0.868 p10=0.861 p90=0.876
  [diag] z-gate sat-dist hist bins=60 mean=0.121 p10=0.121 p90=0.121
  [diag] r-gate sat-dist hist bins=60 mean=0.497 p10=0.497 p90=0.497
Iter 0008420: train nll 0.431, valid error 100.000%, best valid error 100.000%, avg grad norm   0.057, avg grad norm (post clip)   0.041, rho_Whh  0.08, Omega  0.00, alpha  0.000, steps in the past 0.000, valid nll 0.328
  [diag] log10|dL/dh_t| hist bins=60 range=(-12.50,-11.50) mean=-12.00 p50=-12.00 p05=-12.00 p95=-12.00
  [diag] sat-dist hist bins=60 sat<0.05=0.0% mean=0.869 p10=0.862 p90=0.876
  [diag] z-gate sat-dist hist bins=60 mean=0.121 p10=0.121 p90=0.121
  [diag] r-gate sat-dist hist bins=60 mean=0.497 p10=0.497 p90=0.497
Iter 0008440: train nll 0.413, valid error 100.000%, best valid error 100.000%, avg grad norm   0.042, avg grad norm (post clip)   0.037, rho_Whh  0.08, Omega  0.00, alpha  0.000, steps in the past 0.000, valid nll 0.328
  [diag] log10|dL/dh_t| hist bins=60 range=(-12.50,-11.50) mean=-12.00 p50=-12.00 p05=-12.00 p95=-12.00
  [diag] sat-dist hist bins=60 sat<0.05=0.0% mean=0.869 p10=0.862 p90=0.877
  [diag] z-gate sat-dist hist bins=60 mean=0.121 p10=0.121 p90=0.121
  [diag] r-gate sat-dist hist bins=60 mean=0.497 p10=0.497 p90=0.497
Iter 0008460: train nll 0.441, valid error 100.000%, best valid error 100.000%, avg grad norm   0.063, avg grad norm (post clip)   0.043, rho_Whh  0.08, Omega  0.00, alpha  0.000, steps in the past 0.000, valid nll 0.328
  [diag] log10|dL/dh_t| hist bins=60 range=(-12.50,-11.50) mean=-12.00 p50=-12.00 p05=-12.00 p95=-12.00
  [diag] sat-dist hist bins=60 sat<0.05=0.0% mean=0.869 p10=0.862 p90=0.877
  [diag] z-gate sat-dist hist bins=60 mean=0.121 p10=0.121 p90=0.121
  [diag] r-gate sat-dist hist bins=60 mean=0.497 p10=0.497 p90=0.497
Iter 0008480: train nll 0.427, valid error 100.000%, best valid error 100.000%, avg grad norm   0.050, avg grad norm (post clip)   0.040, rho_Whh  0.08, Omega  0.00, alpha  0.000, steps in the past 0.000, valid nll 0.328
  [diag] log10|dL/dh_t| hist bins=60 range=(-12.50,-11.50) mean=-12.00 p50=-12.00 p05=-12.00 p95=-12.00
  [diag] sat-dist hist bins=60 sat<0.05=0.0% mean=0.870 p10=0.863 p90=0.877
  [diag] z-gate sat-dist hist bins=60 mean=0.121 p10=0.121 p90=0.121
  [diag] r-gate sat-dist hist bins=60 mean=0.497 p10=0.497 p90=0.497
Iter 0008500: train nll 0.429, valid error 100.000%, best valid error 100.000%, avg grad norm   0.060, avg grad norm (post clip)   0.044, rho_Whh  0.08, Omega  0.00, alpha  0.000, steps in the past 0.000, valid nll 0.328
  [diag] log10|dL/dh_t| hist bins=60 range=(-12.50,-11.50) mean=-12.00 p50=-12.00 p05=-12.00 p95=-12.00
  [diag] sat-dist hist bins=60 sat<0.05=0.0% mean=0.870 p10=0.863 p90=0.877
  [diag] z-gate sat-dist hist bins=60 mean=0.121 p10=0.121 p90=0.121
  [diag] r-gate sat-dist hist bins=60 mean=0.497 p10=0.497 p90=0.497
Iter 0008520: train nll 0.393, valid error 100.000%, best valid error 100.000%, avg grad norm   0.042, avg grad norm (post clip)   0.039, rho_Whh  0.08, Omega  0.00, alpha  0.000, steps in the past 0.000, valid nll 0.328
  [diag] log10|dL/dh_t| hist bins=60 range=(-12.50,-11.50) mean=-12.00 p50=-12.00 p05=-12.00 p95=-12.00
  [diag] sat-dist hist bins=60 sat<0.05=0.0% mean=0.870 p10=0.863 p90=0.877
  [diag] z-gate sat-dist hist bins=60 mean=0.121 p10=0.121 p90=0.121
  [diag] r-gate sat-dist hist bins=60 mean=0.497 p10=0.497 p90=0.497
Iter 0008540: train nll 0.372, valid error 100.000%, best valid error 100.000%, avg grad norm   0.045, avg grad norm (post clip)   0.042, rho_Whh  0.08, Omega  0.00, alpha  0.000, steps in the past 0.000, valid nll 0.328
  [diag] log10|dL/dh_t| hist bins=60 range=(-12.50,-11.50) mean=-12.00 p50=-12.00 p05=-12.00 p95=-12.00
  [diag] sat-dist hist bins=60 sat<0.05=0.0% mean=0.870 p10=0.862 p90=0.877
  [diag] z-gate sat-dist hist bins=60 mean=0.121 p10=0.121 p90=0.121
  [diag] r-gate sat-dist hist bins=60 mean=0.497 p10=0.497 p90=0.497
Iter 0008560: train nll 0.353, valid error 100.000%, best valid error 100.000%, avg grad norm   0.042, avg grad norm (post clip)   0.040, rho_Whh  0.08, Omega  0.00, alpha  0.000, steps in the past 0.000, valid nll 0.328
  [diag] log10|dL/dh_t| hist bins=60 range=(-12.50,-11.50) mean=-12.00 p50=-12.00 p05=-12.00 p95=-12.00
  [diag] sat-dist hist bins=60 sat<0.05=0.0% mean=0.870 p10=0.862 p90=0.877
  [diag] z-gate sat-dist hist bins=60 mean=0.121 p10=0.121 p90=0.121
  [diag] r-gate sat-dist hist bins=60 mean=0.497 p10=0.497 p90=0.497
Iter 0008580: train nll 0.400, valid error 100.000%, best valid error 100.000%, avg grad norm   0.051, avg grad norm (post clip)   0.037, rho_Whh  0.08, Omega  0.00, alpha  0.000, steps in the past 0.000, valid nll 0.328
  [diag] log10|dL/dh_t| hist bins=60 range=(-12.50,-11.50) mean=-12.00 p50=-12.00 p05=-12.00 p95=-12.00
  [diag] sat-dist hist bins=60 sat<0.05=0.0% mean=0.870 p10=0.863 p90=0.877
  [diag] z-gate sat-dist hist bins=60 mean=0.121 p10=0.121 p90=0.121
  [diag] r-gate sat-dist hist bins=60 mean=0.497 p10=0.497 p90=0.497
Iter 0008600: train nll 0.407, valid error 100.000%, best valid error 100.000%, avg grad norm   0.053, avg grad norm (post clip)   0.039, rho_Whh  0.08, Omega  0.00, alpha  0.000, steps in the past 0.000, valid nll 0.328
  [diag] log10|dL/dh_t| hist bins=60 range=(-12.50,-11.50) mean=-12.00 p50=-12.00 p05=-12.00 p95=-12.00
  [diag] sat-dist hist bins=60 sat<0.05=0.0% mean=0.870 p10=0.863 p90=0.877
  [diag] z-gate sat-dist hist bins=60 mean=0.121 p10=0.121 p90=0.121
  [diag] r-gate sat-dist hist bins=60 mean=0.497 p10=0.497 p90=0.497
Iter 0008620: train nll 0.422, valid error 100.000%, best valid error 100.000%, avg grad norm   0.057, avg grad norm (post clip)   0.041, rho_Whh  0.08, Omega  0.00, alpha  0.000, steps in the past 0.000, valid nll 0.328
  [diag] log10|dL/dh_t| hist bins=60 range=(-12.50,-11.50) mean=-12.00 p50=-12.00 p05=-12.00 p95=-12.00
  [diag] sat-dist hist bins=60 sat<0.05=0.0% mean=0.870 p10=0.863 p90=0.878
  [diag] z-gate sat-dist hist bins=60 mean=0.121 p10=0.121 p90=0.121
  [diag] r-gate sat-dist hist bins=60 mean=0.497 p10=0.497 p90=0.497
Iter 0008640: train nll 0.410, valid error 100.000%, best valid error 100.000%, avg grad norm   0.045, avg grad norm (post clip)   0.038, rho_Whh  0.08, Omega  0.00, alpha  0.000, steps in the past 0.000, valid nll 0.328
  [diag] log10|dL/dh_t| hist bins=60 range=(-12.50,-11.50) mean=-12.00 p50=-12.00 p05=-12.00 p95=-12.00
  [diag] sat-dist hist bins=60 sat<0.05=0.0% mean=0.870 p10=0.863 p90=0.878
  [diag] z-gate sat-dist hist bins=60 mean=0.121 p10=0.121 p90=0.121
  [diag] r-gate sat-dist hist bins=60 mean=0.497 p10=0.497 p90=0.497
Iter 0008660: train nll 0.415, valid error 100.000%, best valid error 100.000%, avg grad norm   0.047, avg grad norm (post clip)   0.033, rho_Whh  0.08, Omega  0.00, alpha  0.000, steps in the past 0.000, valid nll 0.328
  [diag] log10|dL/dh_t| hist bins=60 range=(-12.50,-11.50) mean=-12.00 p50=-12.00 p05=-12.00 p95=-12.00
  [diag] sat-dist hist bins=60 sat<0.05=0.0% mean=0.871 p10=0.864 p90=0.878
  [diag] z-gate sat-dist hist bins=60 mean=0.121 p10=0.121 p90=0.121
  [diag] r-gate sat-dist hist bins=60 mean=0.497 p10=0.497 p90=0.497
Iter 0008680: train nll 0.426, valid error 100.000%, best valid error 100.000%, avg grad norm   0.057, avg grad norm (post clip)   0.041, rho_Whh  0.08, Omega  0.00, alpha  0.000, steps in the past 0.000, valid nll 0.328
  [diag] log10|dL/dh_t| hist bins=60 range=(-12.50,-11.50) mean=-12.00 p50=-12.00 p05=-12.00 p95=-12.00
  [diag] sat-dist hist bins=60 sat<0.05=0.0% mean=0.870 p10=0.863 p90=0.878
  [diag] z-gate sat-dist hist bins=60 mean=0.121 p10=0.121 p90=0.121
  [diag] r-gate sat-dist hist bins=60 mean=0.497 p10=0.497 p90=0.497
Iter 0008700: train nll 0.337, valid error 100.000%, best valid error 100.000%, avg grad norm   0.046, avg grad norm (post clip)   0.043, rho_Whh  0.08, Omega  0.00, alpha  0.000, steps in the past 0.000, valid nll 0.328
  [diag] log10|dL/dh_t| hist bins=60 range=(-12.50,-11.50) mean=-12.00 p50=-12.00 p05=-12.00 p95=-12.00
  [diag] sat-dist hist bins=60 sat<0.05=0.0% mean=0.870 p10=0.863 p90=0.877
  [diag] z-gate sat-dist hist bins=60 mean=0.121 p10=0.121 p90=0.121
  [diag] r-gate sat-dist hist bins=60 mean=0.497 p10=0.497 p90=0.497
Iter 0008720: train nll 0.375, valid error 100.000%, best valid error 100.000%, avg grad norm   0.043, avg grad norm (post clip)   0.034, rho_Whh  0.08, Omega  0.00, alpha  0.000, steps in the past 0.000, valid nll 0.328
  [diag] log10|dL/dh_t| hist bins=60 range=(-12.50,-11.50) mean=-12.00 p50=-12.00 p05=-12.00 p95=-12.00
  [diag] sat-dist hist bins=60 sat<0.05=0.0% mean=0.870 p10=0.863 p90=0.877
  [diag] z-gate sat-dist hist bins=60 mean=0.121 p10=0.121 p90=0.121
  [diag] r-gate sat-dist hist bins=60 mean=0.497 p10=0.497 p90=0.497
Iter 0008740: train nll 0.393, valid error 100.000%, best valid error 100.000%, avg grad norm   0.054, avg grad norm (post clip)   0.040, rho_Whh  0.08, Omega  0.00, alpha  0.000, steps in the past 0.000, valid nll 0.328
  [diag] log10|dL/dh_t| hist bins=60 range=(-12.50,-11.50) mean=-12.00 p50=-12.00 p05=-12.00 p95=-12.00
  [diag] sat-dist hist bins=60 sat<0.05=0.0% mean=0.870 p10=0.863 p90=0.877
  [diag] z-gate sat-dist hist bins=60 mean=0.121 p10=0.121 p90=0.121
  [diag] r-gate sat-dist hist bins=60 mean=0.497 p10=0.497 p90=0.497
Iter 0008760: train nll 0.389, valid error 100.000%, best valid error 100.000%, avg grad norm   0.046, avg grad norm (post clip)   0.035, rho_Whh  0.08, Omega  0.00, alpha  0.000, steps in the past 0.000, valid nll 0.328
  [diag] log10|dL/dh_t| hist bins=60 range=(-12.50,-11.50) mean=-12.00 p50=-12.00 p05=-12.00 p95=-12.00
  [diag] sat-dist hist bins=60 sat<0.05=0.0% mean=0.870 p10=0.863 p90=0.878
  [diag] z-gate sat-dist hist bins=60 mean=0.121 p10=0.121 p90=0.121
  [diag] r-gate sat-dist hist bins=60 mean=0.497 p10=0.497 p90=0.497
Iter 0008780: train nll 0.394, valid error 100.000%, best valid error 100.000%, avg grad norm   0.040, avg grad norm (post clip)   0.036, rho_Whh  0.08, Omega  0.00, alpha  0.000, steps in the past 0.000, valid nll 0.328
  [diag] log10|dL/dh_t| hist bins=60 range=(-12.50,-11.50) mean=-12.00 p50=-12.00 p05=-12.00 p95=-12.00
  [diag] sat-dist hist bins=60 sat<0.05=0.0% mean=0.870 p10=0.863 p90=0.878
  [diag] z-gate sat-dist hist bins=60 mean=0.121 p10=0.121 p90=0.121
  [diag] r-gate sat-dist hist bins=60 mean=0.497 p10=0.497 p90=0.497
Iter 0008800: train nll 0.400, valid error 100.000%, best valid error 100.000%, avg grad norm   0.047, avg grad norm (post clip)   0.038, rho_Whh  0.08, Omega  0.00, alpha  0.000, steps in the past 0.000, valid nll 0.328
  [diag] log10|dL/dh_t| hist bins=60 range=(-12.50,-11.50) mean=-12.00 p50=-12.00 p05=-12.00 p95=-12.00
  [diag] sat-dist hist bins=60 sat<0.05=0.0% mean=0.871 p10=0.864 p90=0.878
  [diag] z-gate sat-dist hist bins=60 mean=0.121 p10=0.121 p90=0.121
  [diag] r-gate sat-dist hist bins=60 mean=0.497 p10=0.497 p90=0.497
Iter 0008820: train nll 0.433, valid error 100.000%, best valid error 100.000%, avg grad norm   0.052, avg grad norm (post clip)   0.038, rho_Whh  0.08, Omega  0.00, alpha  0.000, steps in the past 0.000, valid nll 0.328
  [diag] log10|dL/dh_t| hist bins=60 range=(-12.50,-11.50) mean=-12.00 p50=-12.00 p05=-12.00 p95=-12.00
  [diag] sat-dist hist bins=60 sat<0.05=0.0% mean=0.871 p10=0.864 p90=0.878
  [diag] z-gate sat-dist hist bins=60 mean=0.121 p10=0.121 p90=0.121
  [diag] r-gate sat-dist hist bins=60 mean=0.497 p10=0.497 p90=0.497
Iter 0008840: train nll 0.372, valid error 100.000%, best valid error 100.000%, avg grad norm   0.041, avg grad norm (post clip)   0.036, rho_Whh  0.08, Omega  0.00, alpha  0.000, steps in the past 0.000, valid nll 0.328
  [diag] log10|dL/dh_t| hist bins=60 range=(-12.50,-11.50) mean=-12.00 p50=-12.00 p05=-12.00 p95=-12.00
  [diag] sat-dist hist bins=60 sat<0.05=0.0% mean=0.871 p10=0.864 p90=0.878
  [diag] z-gate sat-dist hist bins=60 mean=0.121 p10=0.121 p90=0.121
  [diag] r-gate sat-dist hist bins=60 mean=0.497 p10=0.497 p90=0.497
Iter 0008860: train nll 0.444, valid error 100.000%, best valid error 100.000%, avg grad norm   0.057, avg grad norm (post clip)   0.041, rho_Whh  0.08, Omega  0.00, alpha  0.000, steps in the past 0.000, valid nll 0.328
  [diag] log10|dL/dh_t| hist bins=60 range=(-12.50,-11.50) mean=-12.00 p50=-12.00 p05=-12.00 p95=-12.00
  [diag] sat-dist hist bins=60 sat<0.05=0.0% mean=0.871 p10=0.865 p90=0.879
  [diag] z-gate sat-dist hist bins=60 mean=0.121 p10=0.121 p90=0.121
  [diag] r-gate sat-dist hist bins=60 mean=0.497 p10=0.497 p90=0.497
Iter 0008880: train nll 0.399, valid error 100.000%, best valid error 100.000%, avg grad norm   0.047, avg grad norm (post clip)   0.041, rho_Whh  0.08, Omega  0.00, alpha  0.000, steps in the past 0.000, valid nll 0.328
  [diag] log10|dL/dh_t| hist bins=60 range=(-12.50,-11.50) mean=-12.00 p50=-12.00 p05=-12.00 p95=-12.00
  [diag] sat-dist hist bins=60 sat<0.05=0.0% mean=0.872 p10=0.865 p90=0.879
  [diag] z-gate sat-dist hist bins=60 mean=0.121 p10=0.121 p90=0.121
  [diag] r-gate sat-dist hist bins=60 mean=0.497 p10=0.497 p90=0.497
Iter 0008900: train nll 0.412, valid error 100.000%, best valid error 100.000%, avg grad norm   0.056, avg grad norm (post clip)   0.043, rho_Whh  0.08, Omega  0.00, alpha  0.000, steps in the past 0.000, valid nll 0.328
  [diag] log10|dL/dh_t| hist bins=60 range=(-12.50,-11.50) mean=-12.00 p50=-12.00 p05=-12.00 p95=-12.00
  [diag] sat-dist hist bins=60 sat<0.05=0.0% mean=0.872 p10=0.865 p90=0.879
  [diag] z-gate sat-dist hist bins=60 mean=0.121 p10=0.121 p90=0.121
  [diag] r-gate sat-dist hist bins=60 mean=0.497 p10=0.497 p90=0.497
Iter 0008920: train nll 0.418, valid error 100.000%, best valid error 100.000%, avg grad norm   0.059, avg grad norm (post clip)   0.042, rho_Whh  0.08, Omega  0.00, alpha  0.000, steps in the past 0.000, valid nll 0.328
  [diag] log10|dL/dh_t| hist bins=60 range=(-12.50,-11.50) mean=-12.00 p50=-12.00 p05=-12.00 p95=-12.00
  [diag] sat-dist hist bins=60 sat<0.05=0.0% mean=0.872 p10=0.865 p90=0.879
  [diag] z-gate sat-dist hist bins=60 mean=0.121 p10=0.121 p90=0.121
  [diag] r-gate sat-dist hist bins=60 mean=0.497 p10=0.497 p90=0.497
Iter 0008940: train nll 0.416, valid error 100.000%, best valid error 100.000%, avg grad norm   0.055, avg grad norm (post clip)   0.038, rho_Whh  0.08, Omega  0.00, alpha  0.000, steps in the past 0.000, valid nll 0.328
  [diag] log10|dL/dh_t| hist bins=60 range=(-12.50,-11.50) mean=-12.00 p50=-12.00 p05=-12.00 p95=-12.00
  [diag] sat-dist hist bins=60 sat<0.05=0.0% mean=0.872 p10=0.865 p90=0.879
  [diag] z-gate sat-dist hist bins=60 mean=0.121 p10=0.121 p90=0.121
  [diag] r-gate sat-dist hist bins=60 mean=0.497 p10=0.497 p90=0.497
Iter 0008960: train nll 0.394, valid error 100.000%, best valid error 100.000%, avg grad norm   0.050, avg grad norm (post clip)   0.041, rho_Whh  0.08, Omega  0.00, alpha  0.000, steps in the past 0.000, valid nll 0.328
  [diag] log10|dL/dh_t| hist bins=60 range=(-12.50,-11.50) mean=-12.00 p50=-12.00 p05=-12.00 p95=-12.00
  [diag] sat-dist hist bins=60 sat<0.05=0.0% mean=0.872 p10=0.865 p90=0.879
  [diag] z-gate sat-dist hist bins=60 mean=0.121 p10=0.121 p90=0.121
  [diag] r-gate sat-dist hist bins=60 mean=0.497 p10=0.497 p90=0.497
Iter 0008980: train nll 0.391, valid error 100.000%, best valid error 100.000%, avg grad norm   0.047, avg grad norm (post clip)   0.040, rho_Whh  0.08, Omega  0.00, alpha  0.000, steps in the past 0.000, valid nll 0.328
  [diag] log10|dL/dh_t| hist bins=60 range=(-12.50,-11.50) mean=-12.00 p50=-12.00 p05=-12.00 p95=-12.00
  [diag] sat-dist hist bins=60 sat<0.05=0.0% mean=0.872 p10=0.865 p90=0.879
  [diag] z-gate sat-dist hist bins=60 mean=0.121 p10=0.121 p90=0.121
  [diag] r-gate sat-dist hist bins=60 mean=0.497 p10=0.497 p90=0.497
Iter 0009000: train nll 0.394, valid error 100.000%, best valid error 100.000%, avg grad norm   0.046, avg grad norm (post clip)   0.040, rho_Whh  0.08, Omega  0.00, alpha  0.000, steps in the past 0.000, valid nll 0.328
  [diag] log10|dL/dh_t| hist bins=60 range=(-12.50,-11.50) mean=-12.00 p50=-12.00 p05=-12.00 p95=-12.00
  [diag] sat-dist hist bins=60 sat<0.05=0.0% mean=0.872 p10=0.865 p90=0.879
  [diag] z-gate sat-dist hist bins=60 mean=0.121 p10=0.121 p90=0.121
  [diag] r-gate sat-dist hist bins=60 mean=0.497 p10=0.497 p90=0.497
Iter 0009020: train nll 0.392, valid error 100.000%, best valid error 100.000%, avg grad norm   0.049, avg grad norm (post clip)   0.039, rho_Whh  0.08, Omega  0.00, alpha  0.000, steps in the past 0.000, valid nll 0.328
  [diag] log10|dL/dh_t| hist bins=60 range=(-12.50,-11.50) mean=-12.00 p50=-12.00 p05=-12.00 p95=-12.00
  [diag] sat-dist hist bins=60 sat<0.05=0.0% mean=0.872 p10=0.865 p90=0.879
  [diag] z-gate sat-dist hist bins=60 mean=0.121 p10=0.121 p90=0.121
  [diag] r-gate sat-dist hist bins=60 mean=0.497 p10=0.497 p90=0.497
Iter 0009040: train nll 0.391, valid error 100.000%, best valid error 100.000%, avg grad norm   0.053, avg grad norm (post clip)   0.040, rho_Whh  0.08, Omega  0.00, alpha  0.000, steps in the past 0.000, valid nll 0.328
  [diag] log10|dL/dh_t| hist bins=60 range=(-12.50,-11.50) mean=-12.00 p50=-12.00 p05=-12.00 p95=-12.00
  [diag] sat-dist hist bins=60 sat<0.05=0.0% mean=0.873 p10=0.866 p90=0.879
  [diag] z-gate sat-dist hist bins=60 mean=0.121 p10=0.121 p90=0.121
  [diag] r-gate sat-dist hist bins=60 mean=0.497 p10=0.497 p90=0.497
Iter 0009060: train nll 0.426, valid error 100.000%, best valid error 100.000%, avg grad norm   0.058, avg grad norm (post clip)   0.044, rho_Whh  0.08, Omega  0.00, alpha  0.000, steps in the past 0.000, valid nll 0.328
  [diag] log10|dL/dh_t| hist bins=60 range=(-12.50,-11.50) mean=-12.00 p50=-12.00 p05=-12.00 p95=-12.00
  [diag] sat-dist hist bins=60 sat<0.05=0.0% mean=0.873 p10=0.866 p90=0.879
  [diag] z-gate sat-dist hist bins=60 mean=0.121 p10=0.121 p90=0.121
  [diag] r-gate sat-dist hist bins=60 mean=0.497 p10=0.497 p90=0.497
Iter 0009080: train nll 0.378, valid error 100.000%, best valid error 100.000%, avg grad norm   0.038, avg grad norm (post clip)   0.036, rho_Whh  0.08, Omega  0.00, alpha  0.000, steps in the past 0.000, valid nll 0.328
  [diag] log10|dL/dh_t| hist bins=60 range=(-12.50,-11.50) mean=-12.00 p50=-12.00 p05=-12.00 p95=-12.00
  [diag] sat-dist hist bins=60 sat<0.05=0.0% mean=0.873 p10=0.866 p90=0.880
  [diag] z-gate sat-dist hist bins=60 mean=0.121 p10=0.121 p90=0.121
  [diag] r-gate sat-dist hist bins=60 mean=0.497 p10=0.497 p90=0.497
Iter 0009100: train nll 0.410, valid error 100.000%, best valid error 100.000%, avg grad norm   0.044, avg grad norm (post clip)   0.038, rho_Whh  0.08, Omega  0.00, alpha  0.000, steps in the past 0.000, valid nll 0.328
  [diag] log10|dL/dh_t| hist bins=60 range=(-12.50,-11.50) mean=-12.00 p50=-12.00 p05=-12.00 p95=-12.00
  [diag] sat-dist hist bins=60 sat<0.05=0.0% mean=0.873 p10=0.867 p90=0.880
  [diag] z-gate sat-dist hist bins=60 mean=0.121 p10=0.121 p90=0.121
  [diag] r-gate sat-dist hist bins=60 mean=0.497 p10=0.497 p90=0.497
Iter 0009120: train nll 0.454, valid error 100.000%, best valid error 100.000%, avg grad norm   0.060, avg grad norm (post clip)   0.036, rho_Whh  0.08, Omega  0.00, alpha  0.000, steps in the past 0.000, valid nll 0.328
  [diag] log10|dL/dh_t| hist bins=60 range=(-12.50,-11.50) mean=-12.00 p50=-12.00 p05=-12.00 p95=-12.00
  [diag] sat-dist hist bins=60 sat<0.05=0.0% mean=0.873 p10=0.867 p90=0.880
  [diag] z-gate sat-dist hist bins=60 mean=0.121 p10=0.121 p90=0.121
  [diag] r-gate sat-dist hist bins=60 mean=0.497 p10=0.497 p90=0.497
Iter 0009140: train nll 0.385, valid error 100.000%, best valid error 100.000%, avg grad norm   0.044, avg grad norm (post clip)   0.037, rho_Whh  0.08, Omega  0.00, alpha  0.000, steps in the past 0.000, valid nll 0.328
  [diag] log10|dL/dh_t| hist bins=60 range=(-12.50,-11.50) mean=-12.00 p50=-12.00 p05=-12.00 p95=-12.00
  [diag] sat-dist hist bins=60 sat<0.05=0.0% mean=0.874 p10=0.867 p90=0.880
  [diag] z-gate sat-dist hist bins=60 mean=0.121 p10=0.121 p90=0.121
  [diag] r-gate sat-dist hist bins=60 mean=0.497 p10=0.497 p90=0.497
Iter 0009160: train nll 0.392, valid error 100.000%, best valid error 100.000%, avg grad norm   0.037, avg grad norm (post clip)   0.032, rho_Whh  0.08, Omega  0.00, alpha  0.000, steps in the past 0.000, valid nll 0.328
  [diag] log10|dL/dh_t| hist bins=60 range=(-12.50,-11.50) mean=-12.00 p50=-12.00 p05=-12.00 p95=-12.00
  [diag] sat-dist hist bins=60 sat<0.05=0.0% mean=0.874 p10=0.867 p90=0.880
  [diag] z-gate sat-dist hist bins=60 mean=0.121 p10=0.121 p90=0.121
  [diag] r-gate sat-dist hist bins=60 mean=0.497 p10=0.497 p90=0.497
Iter 0009180: train nll 0.388, valid error 100.000%, best valid error 100.000%, avg grad norm   0.042, avg grad norm (post clip)   0.034, rho_Whh  0.08, Omega  0.00, alpha  0.000, steps in the past 0.000, valid nll 0.328
  [diag] log10|dL/dh_t| hist bins=60 range=(-12.50,-11.50) mean=-12.00 p50=-12.00 p05=-12.00 p95=-12.00
  [diag] sat-dist hist bins=60 sat<0.05=0.0% mean=0.874 p10=0.867 p90=0.880
  [diag] z-gate sat-dist hist bins=60 mean=0.121 p10=0.121 p90=0.121
  [diag] r-gate sat-dist hist bins=60 mean=0.497 p10=0.497 p90=0.497
Iter 0009200: train nll 0.382, valid error 100.000%, best valid error 100.000%, avg grad norm   0.038, avg grad norm (post clip)   0.034, rho_Whh  0.08, Omega  0.00, alpha  0.000, steps in the past 0.000, valid nll 0.328
  [diag] log10|dL/dh_t| hist bins=60 range=(-12.50,-11.50) mean=-12.00 p50=-12.00 p05=-12.00 p95=-12.00
  [diag] sat-dist hist bins=60 sat<0.05=0.0% mean=0.874 p10=0.867 p90=0.881
  [diag] z-gate sat-dist hist bins=60 mean=0.121 p10=0.121 p90=0.121
  [diag] r-gate sat-dist hist bins=60 mean=0.497 p10=0.497 p90=0.497
Iter 0009220: train nll 0.428, valid error 100.000%, best valid error 100.000%, avg grad norm   0.047, avg grad norm (post clip)   0.036, rho_Whh  0.08, Omega  0.00, alpha  0.000, steps in the past 0.000, valid nll 0.328
  [diag] log10|dL/dh_t| hist bins=60 range=(-12.50,-11.50) mean=-12.00 p50=-12.00 p05=-12.00 p95=-12.00
  [diag] sat-dist hist bins=60 sat<0.05=0.0% mean=0.874 p10=0.868 p90=0.881
  [diag] z-gate sat-dist hist bins=60 mean=0.121 p10=0.121 p90=0.121
  [diag] r-gate sat-dist hist bins=60 mean=0.497 p10=0.497 p90=0.497
Iter 0009240: train nll 0.416, valid error 100.000%, best valid error 100.000%, avg grad norm   0.041, avg grad norm (post clip)   0.033, rho_Whh  0.08, Omega  0.00, alpha  0.000, steps in the past 0.000, valid nll 0.328
  [diag] log10|dL/dh_t| hist bins=60 range=(-12.50,-11.50) mean=-12.00 p50=-12.00 p05=-12.00 p95=-12.00
  [diag] sat-dist hist bins=60 sat<0.05=0.0% mean=0.875 p10=0.868 p90=0.881
  [diag] z-gate sat-dist hist bins=60 mean=0.121 p10=0.121 p90=0.121
  [diag] r-gate sat-dist hist bins=60 mean=0.497 p10=0.497 p90=0.497
Iter 0009260: train nll 0.432, valid error 100.000%, best valid error 100.000%, avg grad norm   0.052, avg grad norm (post clip)   0.036, rho_Whh  0.08, Omega  0.00, alpha  0.000, steps in the past 0.000, valid nll 0.328
  [diag] log10|dL/dh_t| hist bins=60 range=(-12.50,-11.50) mean=-12.00 p50=-12.00 p05=-12.00 p95=-12.00
  [diag] sat-dist hist bins=60 sat<0.05=0.0% mean=0.875 p10=0.868 p90=0.881
  [diag] z-gate sat-dist hist bins=60 mean=0.121 p10=0.121 p90=0.121
  [diag] r-gate sat-dist hist bins=60 mean=0.497 p10=0.497 p90=0.497
Iter 0009280: train nll 0.422, valid error 100.000%, best valid error 100.000%, avg grad norm   0.050, avg grad norm (post clip)   0.040, rho_Whh  0.08, Omega  0.00, alpha  0.000, steps in the past 0.000, valid nll 0.328
  [diag] log10|dL/dh_t| hist bins=60 range=(-12.50,-11.50) mean=-12.00 p50=-12.00 p05=-12.00 p95=-12.00
  [diag] sat-dist hist bins=60 sat<0.05=0.0% mean=0.875 p10=0.868 p90=0.882
  [diag] z-gate sat-dist hist bins=60 mean=0.121 p10=0.121 p90=0.121
  [diag] r-gate sat-dist hist bins=60 mean=0.497 p10=0.497 p90=0.497
Iter 0009300: train nll 0.421, valid error 100.000%, best valid error 100.000%, avg grad norm   0.055, avg grad norm (post clip)   0.039, rho_Whh  0.08, Omega  0.00, alpha  0.000, steps in the past 0.000, valid nll 0.328
  [diag] log10|dL/dh_t| hist bins=60 range=(-12.50,-11.50) mean=-12.00 p50=-12.00 p05=-12.00 p95=-12.00
  [diag] sat-dist hist bins=60 sat<0.05=0.0% mean=0.875 p10=0.868 p90=0.881
  [diag] z-gate sat-dist hist bins=60 mean=0.121 p10=0.121 p90=0.121
  [diag] r-gate sat-dist hist bins=60 mean=0.497 p10=0.497 p90=0.497
Iter 0009320: train nll 0.373, valid error 100.000%, best valid error 100.000%, avg grad norm   0.036, avg grad norm (post clip)   0.034, rho_Whh  0.08, Omega  0.00, alpha  0.000, steps in the past 0.000, valid nll 0.328
  [diag] log10|dL/dh_t| hist bins=60 range=(-12.50,-11.50) mean=-12.00 p50=-12.00 p05=-12.00 p95=-12.00
  [diag] sat-dist hist bins=60 sat<0.05=0.0% mean=0.875 p10=0.868 p90=0.881
  [diag] z-gate sat-dist hist bins=60 mean=0.121 p10=0.121 p90=0.121
  [diag] r-gate sat-dist hist bins=60 mean=0.497 p10=0.497 p90=0.497
Iter 0009340: train nll 0.376, valid error 100.000%, best valid error 100.000%, avg grad norm   0.045, avg grad norm (post clip)   0.038, rho_Whh  0.08, Omega  0.00, alpha  0.000, steps in the past 0.000, valid nll 0.328
  [diag] log10|dL/dh_t| hist bins=60 range=(-12.50,-11.50) mean=-12.00 p50=-12.00 p05=-12.00 p95=-12.00
  [diag] sat-dist hist bins=60 sat<0.05=0.0% mean=0.875 p10=0.868 p90=0.881
  [diag] z-gate sat-dist hist bins=60 mean=0.121 p10=0.121 p90=0.121
  [diag] r-gate sat-dist hist bins=60 mean=0.497 p10=0.497 p90=0.497
Iter 0009360: train nll 0.333, valid error 100.000%, best valid error 100.000%, avg grad norm   0.036, avg grad norm (post clip)   0.036, rho_Whh  0.08, Omega  0.00, alpha  0.000, steps in the past 0.000, valid nll 0.327
  [diag] log10|dL/dh_t| hist bins=60 range=(-12.50,-11.50) mean=-12.00 p50=-12.00 p05=-12.00 p95=-12.00
  [diag] sat-dist hist bins=60 sat<0.05=0.0% mean=0.874 p10=0.868 p90=0.881
  [diag] z-gate sat-dist hist bins=60 mean=0.121 p10=0.121 p90=0.121
  [diag] r-gate sat-dist hist bins=60 mean=0.497 p10=0.497 p90=0.497
Iter 0009380: train nll 0.355, valid error 100.000%, best valid error 100.000%, avg grad norm   0.038, avg grad norm (post clip)   0.036, rho_Whh  0.08, Omega  0.00, alpha  0.000, steps in the past 0.000, valid nll 0.327
  [diag] log10|dL/dh_t| hist bins=60 range=(-12.50,-11.50) mean=-12.00 p50=-12.00 p05=-12.00 p95=-12.00
  [diag] sat-dist hist bins=60 sat<0.05=0.0% mean=0.874 p10=0.868 p90=0.881
  [diag] z-gate sat-dist hist bins=60 mean=0.121 p10=0.121 p90=0.121
  [diag] r-gate sat-dist hist bins=60 mean=0.497 p10=0.497 p90=0.497
Iter 0009400: train nll 0.390, valid error 100.000%, best valid error 100.000%, avg grad norm   0.045, avg grad norm (post clip)   0.036, rho_Whh  0.08, Omega  0.00, alpha  0.000, steps in the past 0.000, valid nll 0.327
  [diag] log10|dL/dh_t| hist bins=60 range=(-12.50,-11.50) mean=-12.00 p50=-12.00 p05=-12.00 p95=-12.00
  [diag] sat-dist hist bins=60 sat<0.05=0.0% mean=0.874 p10=0.868 p90=0.881
  [diag] z-gate sat-dist hist bins=60 mean=0.121 p10=0.121 p90=0.121
  [diag] r-gate sat-dist hist bins=60 mean=0.497 p10=0.497 p90=0.497
Iter 0009420: train nll 0.371, valid error 100.000%, best valid error 100.000%, avg grad norm   0.038, avg grad norm (post clip)   0.034, rho_Whh  0.08, Omega  0.00, alpha  0.000, steps in the past 0.000, valid nll 0.327
  [diag] log10|dL/dh_t| hist bins=60 range=(-12.50,-11.50) mean=-12.00 p50=-12.00 p05=-12.00 p95=-12.00
  [diag] sat-dist hist bins=60 sat<0.05=0.0% mean=0.875 p10=0.868 p90=0.881
  [diag] z-gate sat-dist hist bins=60 mean=0.121 p10=0.121 p90=0.121
  [diag] r-gate sat-dist hist bins=60 mean=0.497 p10=0.497 p90=0.497
Iter 0009440: train nll 0.425, valid error 100.000%, best valid error 100.000%, avg grad norm   0.063, avg grad norm (post clip)   0.045, rho_Whh  0.08, Omega  0.00, alpha  0.000, steps in the past 0.000, valid nll 0.327
  [diag] log10|dL/dh_t| hist bins=60 range=(-12.50,-11.50) mean=-12.00 p50=-12.00 p05=-12.00 p95=-12.00
  [diag] sat-dist hist bins=60 sat<0.05=0.0% mean=0.875 p10=0.868 p90=0.881
  [diag] z-gate sat-dist hist bins=60 mean=0.121 p10=0.121 p90=0.121
  [diag] r-gate sat-dist hist bins=60 mean=0.497 p10=0.497 p90=0.497
Iter 0009460: train nll 0.406, valid error 100.000%, best valid error 100.000%, avg grad norm   0.059, avg grad norm (post clip)   0.041, rho_Whh  0.08, Omega  0.00, alpha  0.000, steps in the past 0.000, valid nll 0.327
  [diag] log10|dL/dh_t| hist bins=60 range=(-12.50,-11.50) mean=-12.00 p50=-12.00 p05=-12.00 p95=-12.00
  [diag] sat-dist hist bins=60 sat<0.05=0.0% mean=0.875 p10=0.868 p90=0.881
  [diag] z-gate sat-dist hist bins=60 mean=0.121 p10=0.121 p90=0.121
  [diag] r-gate sat-dist hist bins=60 mean=0.497 p10=0.497 p90=0.497
Iter 0009480: train nll 0.389, valid error 100.000%, best valid error 100.000%, avg grad norm   0.059, avg grad norm (post clip)   0.043, rho_Whh  0.08, Omega  0.00, alpha  0.000, steps in the past 0.000, valid nll 0.327
  [diag] log10|dL/dh_t| hist bins=60 range=(-12.50,-11.50) mean=-12.00 p50=-12.00 p05=-12.00 p95=-12.00
  [diag] sat-dist hist bins=60 sat<0.05=0.0% mean=0.875 p10=0.868 p90=0.881
  [diag] z-gate sat-dist hist bins=60 mean=0.121 p10=0.121 p90=0.121
  [diag] r-gate sat-dist hist bins=60 mean=0.497 p10=0.497 p90=0.497
Iter 0009500: train nll 0.422, valid error 100.000%, best valid error 100.000%, avg grad norm   0.058, avg grad norm (post clip)   0.038, rho_Whh  0.08, Omega  0.00, alpha  0.000, steps in the past 0.000, valid nll 0.327
  [diag] log10|dL/dh_t| hist bins=60 range=(-12.50,-11.50) mean=-12.00 p50=-12.00 p05=-12.00 p95=-12.00
  [diag] sat-dist hist bins=60 sat<0.05=0.0% mean=0.875 p10=0.868 p90=0.881
  [diag] z-gate sat-dist hist bins=60 mean=0.121 p10=0.121 p90=0.121
  [diag] r-gate sat-dist hist bins=60 mean=0.497 p10=0.497 p90=0.497
Iter 0009520: train nll 0.406, valid error 100.000%, best valid error 100.000%, avg grad norm   0.058, avg grad norm (post clip)   0.040, rho_Whh  0.08, Omega  0.00, alpha  0.000, steps in the past 0.000, valid nll 0.327
  [diag] log10|dL/dh_t| hist bins=60 range=(-12.50,-11.50) mean=-12.00 p50=-12.00 p05=-12.00 p95=-12.00
  [diag] sat-dist hist bins=60 sat<0.05=0.0% mean=0.875 p10=0.869 p90=0.881
  [diag] z-gate sat-dist hist bins=60 mean=0.121 p10=0.121 p90=0.121
  [diag] r-gate sat-dist hist bins=60 mean=0.497 p10=0.497 p90=0.497
Iter 0009540: train nll 0.396, valid error 100.000%, best valid error 100.000%, avg grad norm   0.043, avg grad norm (post clip)   0.038, rho_Whh  0.08, Omega  0.00, alpha  0.000, steps in the past 0.000, valid nll 0.327
  [diag] log10|dL/dh_t| hist bins=60 range=(-12.50,-11.50) mean=-12.00 p50=-12.00 p05=-12.00 p95=-12.00
  [diag] sat-dist hist bins=60 sat<0.05=0.0% mean=0.875 p10=0.869 p90=0.882
  [diag] z-gate sat-dist hist bins=60 mean=0.121 p10=0.121 p90=0.121
  [diag] r-gate sat-dist hist bins=60 mean=0.497 p10=0.497 p90=0.497
Iter 0009560: train nll 0.429, valid error 100.000%, best valid error 100.000%, avg grad norm   0.051, avg grad norm (post clip)   0.036, rho_Whh  0.08, Omega  0.00, alpha  0.000, steps in the past 0.000, valid nll 0.327
  [diag] log10|dL/dh_t| hist bins=60 range=(-12.50,-11.50) mean=-12.00 p50=-12.00 p05=-12.00 p95=-12.00
  [diag] sat-dist hist bins=60 sat<0.05=0.0% mean=0.876 p10=0.869 p90=0.882
  [diag] z-gate sat-dist hist bins=60 mean=0.121 p10=0.121 p90=0.121
  [diag] r-gate sat-dist hist bins=60 mean=0.497 p10=0.497 p90=0.497
Iter 0009580: train nll 0.420, valid error 100.000%, best valid error 100.000%, avg grad norm   0.051, avg grad norm (post clip)   0.039, rho_Whh  0.08, Omega  0.00, alpha  0.000, steps in the past 0.000, valid nll 0.327
  [diag] log10|dL/dh_t| hist bins=60 range=(-12.50,-11.50) mean=-12.00 p50=-12.00 p05=-12.00 p95=-12.00
  [diag] sat-dist hist bins=60 sat<0.05=0.0% mean=0.876 p10=0.869 p90=0.882
  [diag] z-gate sat-dist hist bins=60 mean=0.121 p10=0.121 p90=0.121
  [diag] r-gate sat-dist hist bins=60 mean=0.497 p10=0.497 p90=0.497
Iter 0009600: train nll 0.426, valid error 100.000%, best valid error 100.000%, avg grad norm   0.057, avg grad norm (post clip)   0.040, rho_Whh  0.08, Omega  0.00, alpha  0.000, steps in the past 0.000, valid nll 0.327
  [diag] log10|dL/dh_t| hist bins=60 range=(-12.50,-11.50) mean=-12.00 p50=-12.00 p05=-12.00 p95=-12.00
  [diag] sat-dist hist bins=60 sat<0.05=0.0% mean=0.876 p10=0.870 p90=0.883
  [diag] z-gate sat-dist hist bins=60 mean=0.121 p10=0.121 p90=0.121
  [diag] r-gate sat-dist hist bins=60 mean=0.497 p10=0.497 p90=0.497
Iter 0009620: train nll 0.436, valid error 100.000%, best valid error 100.000%, avg grad norm   0.053, avg grad norm (post clip)   0.040, rho_Whh  0.08, Omega  0.00, alpha  0.000, steps in the past 0.000, valid nll 0.327
  [diag] log10|dL/dh_t| hist bins=60 range=(-12.50,-11.50) mean=-12.00 p50=-12.00 p05=-12.00 p95=-12.00
  [diag] sat-dist hist bins=60 sat<0.05=0.0% mean=0.877 p10=0.870 p90=0.883
  [diag] z-gate sat-dist hist bins=60 mean=0.121 p10=0.121 p90=0.121
  [diag] r-gate sat-dist hist bins=60 mean=0.497 p10=0.497 p90=0.497
Iter 0009640: train nll 0.414, valid error 100.000%, best valid error 100.000%, avg grad norm   0.053, avg grad norm (post clip)   0.040, rho_Whh  0.08, Omega  0.00, alpha  0.000, steps in the past 0.000, valid nll 0.327
  [diag] log10|dL/dh_t| hist bins=60 range=(-12.50,-11.50) mean=-12.00 p50=-12.00 p05=-12.00 p95=-12.00
  [diag] sat-dist hist bins=60 sat<0.05=0.0% mean=0.877 p10=0.870 p90=0.883
  [diag] z-gate sat-dist hist bins=60 mean=0.121 p10=0.121 p90=0.121
  [diag] r-gate sat-dist hist bins=60 mean=0.497 p10=0.497 p90=0.497
Iter 0009660: train nll 0.381, valid error 100.000%, best valid error 100.000%, avg grad norm   0.045, avg grad norm (post clip)   0.037, rho_Whh  0.08, Omega  0.00, alpha  0.000, steps in the past 0.000, valid nll 0.327
  [diag] log10|dL/dh_t| hist bins=60 range=(-12.50,-11.50) mean=-12.00 p50=-12.00 p05=-12.00 p95=-12.00
  [diag] sat-dist hist bins=60 sat<0.05=0.0% mean=0.877 p10=0.870 p90=0.883
  [diag] z-gate sat-dist hist bins=60 mean=0.121 p10=0.121 p90=0.121
  [diag] r-gate sat-dist hist bins=60 mean=0.497 p10=0.497 p90=0.497
Iter 0009680: train nll 0.383, valid error 100.000%, best valid error 100.000%, avg grad norm   0.048, avg grad norm (post clip)   0.040, rho_Whh  0.08, Omega  0.00, alpha  0.000, steps in the past 0.000, valid nll 0.327
  [diag] log10|dL/dh_t| hist bins=60 range=(-12.50,-11.50) mean=-12.00 p50=-12.00 p05=-12.00 p95=-12.00
  [diag] sat-dist hist bins=60 sat<0.05=0.0% mean=0.877 p10=0.871 p90=0.883
  [diag] z-gate sat-dist hist bins=60 mean=0.121 p10=0.121 p90=0.121
  [diag] r-gate sat-dist hist bins=60 mean=0.497 p10=0.497 p90=0.497
Iter 0009700: train nll 0.464, valid error 100.000%, best valid error 100.000%, avg grad norm   0.064, avg grad norm (post clip)   0.040, rho_Whh  0.08, Omega  0.00, alpha  0.000, steps in the past 0.000, valid nll 0.327
  [diag] log10|dL/dh_t| hist bins=60 range=(-12.50,-11.50) mean=-12.00 p50=-12.00 p05=-12.00 p95=-12.00
  [diag] sat-dist hist bins=60 sat<0.05=0.0% mean=0.877 p10=0.871 p90=0.883
  [diag] z-gate sat-dist hist bins=60 mean=0.121 p10=0.121 p90=0.121
  [diag] r-gate sat-dist hist bins=60 mean=0.497 p10=0.497 p90=0.497
Iter 0009720: train nll 0.382, valid error 100.000%, best valid error 100.000%, avg grad norm   0.046, avg grad norm (post clip)   0.037, rho_Whh  0.08, Omega  0.00, alpha  0.000, steps in the past 0.000, valid nll 0.327
  [diag] log10|dL/dh_t| hist bins=60 range=(-12.50,-11.50) mean=-12.00 p50=-12.00 p05=-12.00 p95=-12.00
  [diag] sat-dist hist bins=60 sat<0.05=0.0% mean=0.877 p10=0.871 p90=0.883
  [diag] z-gate sat-dist hist bins=60 mean=0.121 p10=0.121 p90=0.121
  [diag] r-gate sat-dist hist bins=60 mean=0.497 p10=0.497 p90=0.497
Iter 0009740: train nll 0.389, valid error 100.000%, best valid error 100.000%, avg grad norm   0.043, avg grad norm (post clip)   0.037, rho_Whh  0.08, Omega  0.00, alpha  0.000, steps in the past 0.000, valid nll 0.327
  [diag] log10|dL/dh_t| hist bins=60 range=(-12.50,-11.50) mean=-12.00 p50=-12.00 p05=-12.00 p95=-12.00
  [diag] sat-dist hist bins=60 sat<0.05=0.0% mean=0.877 p10=0.871 p90=0.883
  [diag] z-gate sat-dist hist bins=60 mean=0.121 p10=0.121 p90=0.121
  [diag] r-gate sat-dist hist bins=60 mean=0.497 p10=0.497 p90=0.497
Iter 0009760: train nll 0.370, valid error 100.000%, best valid error 100.000%, avg grad norm   0.045, avg grad norm (post clip)   0.041, rho_Whh  0.08, Omega  0.00, alpha  0.000, steps in the past 0.000, valid nll 0.327
  [diag] log10|dL/dh_t| hist bins=60 range=(-12.50,-11.50) mean=-12.00 p50=-12.00 p05=-12.00 p95=-12.00
  [diag] sat-dist hist bins=60 sat<0.05=0.0% mean=0.877 p10=0.871 p90=0.883
  [diag] z-gate sat-dist hist bins=60 mean=0.121 p10=0.121 p90=0.121
  [diag] r-gate sat-dist hist bins=60 mean=0.497 p10=0.497 p90=0.497
Iter 0009780: train nll 0.395, valid error 100.000%, best valid error 100.000%, avg grad norm   0.041, avg grad norm (post clip)   0.031, rho_Whh  0.08, Omega  0.00, alpha  0.000, steps in the past 0.000, valid nll 0.327
  [diag] log10|dL/dh_t| hist bins=60 range=(-12.50,-11.50) mean=-12.00 p50=-12.00 p05=-12.00 p95=-12.00
  [diag] sat-dist hist bins=60 sat<0.05=0.0% mean=0.877 p10=0.871 p90=0.883
  [diag] z-gate sat-dist hist bins=60 mean=0.121 p10=0.121 p90=0.121
  [diag] r-gate sat-dist hist bins=60 mean=0.497 p10=0.497 p90=0.497
Iter 0009800: train nll 0.457, valid error 100.000%, best valid error 100.000%, avg grad norm   0.060, avg grad norm (post clip)   0.037, rho_Whh  0.08, Omega  0.00, alpha  0.000, steps in the past 0.000, valid nll 0.327
  [diag] log10|dL/dh_t| hist bins=60 range=(-12.50,-11.50) mean=-12.00 p50=-12.00 p05=-12.00 p95=-12.00
  [diag] sat-dist hist bins=60 sat<0.05=0.0% mean=0.877 p10=0.871 p90=0.883
  [diag] z-gate sat-dist hist bins=60 mean=0.121 p10=0.121 p90=0.121
  [diag] r-gate sat-dist hist bins=60 mean=0.497 p10=0.497 p90=0.497
Iter 0009820: train nll 0.372, valid error 100.000%, best valid error 100.000%, avg grad norm   0.048, avg grad norm (post clip)   0.039, rho_Whh  0.08, Omega  0.00, alpha  0.000, steps in the past 0.000, valid nll 0.327
  [diag] log10|dL/dh_t| hist bins=60 range=(-12.50,-11.50) mean=-12.00 p50=-12.00 p05=-12.00 p95=-12.00
  [diag] sat-dist hist bins=60 sat<0.05=0.0% mean=0.877 p10=0.871 p90=0.883
  [diag] z-gate sat-dist hist bins=60 mean=0.121 p10=0.121 p90=0.121
  [diag] r-gate sat-dist hist bins=60 mean=0.497 p10=0.497 p90=0.497
Iter 0009840: train nll 0.369, valid error 100.000%, best valid error 100.000%, avg grad norm   0.042, avg grad norm (post clip)   0.035, rho_Whh  0.08, Omega  0.00, alpha  0.000, steps in the past 0.000, valid nll 0.327
  [diag] log10|dL/dh_t| hist bins=60 range=(-12.50,-11.50) mean=-12.00 p50=-12.00 p05=-12.00 p95=-12.00
  [diag] sat-dist hist bins=60 sat<0.05=0.0% mean=0.877 p10=0.871 p90=0.883
  [diag] z-gate sat-dist hist bins=60 mean=0.121 p10=0.121 p90=0.121
  [diag] r-gate sat-dist hist bins=60 mean=0.497 p10=0.497 p90=0.497
Iter 0009860: train nll 0.428, valid error 100.000%, best valid error 100.000%, avg grad norm   0.053, avg grad norm (post clip)   0.037, rho_Whh  0.08, Omega  0.00, alpha  0.000, steps in the past 0.000, valid nll 0.327
  [diag] log10|dL/dh_t| hist bins=60 range=(-12.50,-11.50) mean=-12.00 p50=-12.00 p05=-12.00 p95=-12.00
  [diag] sat-dist hist bins=60 sat<0.05=0.0% mean=0.878 p10=0.871 p90=0.884
  [diag] z-gate sat-dist hist bins=60 mean=0.121 p10=0.121 p90=0.121
  [diag] r-gate sat-dist hist bins=60 mean=0.497 p10=0.497 p90=0.497
Iter 0009880: train nll 0.415, valid error 100.000%, best valid error 100.000%, avg grad norm   0.054, avg grad norm (post clip)   0.044, rho_Whh  0.08, Omega  0.00, alpha  0.000, steps in the past 0.000, valid nll 0.327
  [diag] log10|dL/dh_t| hist bins=60 range=(-12.50,-11.50) mean=-12.00 p50=-12.00 p05=-12.00 p95=-12.00
  [diag] sat-dist hist bins=60 sat<0.05=0.0% mean=0.878 p10=0.872 p90=0.884
  [diag] z-gate sat-dist hist bins=60 mean=0.121 p10=0.121 p90=0.121
  [diag] r-gate sat-dist hist bins=60 mean=0.497 p10=0.497 p90=0.497
Iter 0009900: train nll 0.406, valid error 100.000%, best valid error 100.000%, avg grad norm   0.043, avg grad norm (post clip)   0.034, rho_Whh  0.08, Omega  0.00, alpha  0.000, steps in the past 0.000, valid nll 0.327
  [diag] log10|dL/dh_t| hist bins=60 range=(-12.50,-11.50) mean=-12.00 p50=-12.00 p05=-12.00 p95=-12.00
  [diag] sat-dist hist bins=60 sat<0.05=0.0% mean=0.878 p10=0.872 p90=0.884
  [diag] z-gate sat-dist hist bins=60 mean=0.121 p10=0.121 p90=0.121
  [diag] r-gate sat-dist hist bins=60 mean=0.497 p10=0.497 p90=0.497
Iter 0009920: train nll 0.362, valid error 100.000%, best valid error 100.000%, avg grad norm   0.031, avg grad norm (post clip)   0.033, rho_Whh  0.08, Omega  0.00, alpha  0.000, steps in the past 0.000, valid nll 0.327
  [diag] log10|dL/dh_t| hist bins=60 range=(-12.50,-11.50) mean=-12.00 p50=-12.00 p05=-12.00 p95=-12.00
  [diag] sat-dist hist bins=60 sat<0.05=0.0% mean=0.878 p10=0.872 p90=0.884
  [diag] z-gate sat-dist hist bins=60 mean=0.121 p10=0.121 p90=0.121
  [diag] r-gate sat-dist hist bins=60 mean=0.497 p10=0.497 p90=0.497
Iter 0009940: train nll 0.396, valid error 100.000%, best valid error 100.000%, avg grad norm   0.046, avg grad norm (post clip)   0.037, rho_Whh  0.08, Omega  0.00, alpha  0.000, steps in the past 0.000, valid nll 0.327
  [diag] log10|dL/dh_t| hist bins=60 range=(-12.50,-11.50) mean=-12.00 p50=-12.00 p05=-12.00 p95=-12.00
  [diag] sat-dist hist bins=60 sat<0.05=0.0% mean=0.878 p10=0.872 p90=0.884
  [diag] z-gate sat-dist hist bins=60 mean=0.121 p10=0.121 p90=0.121
  [diag] r-gate sat-dist hist bins=60 mean=0.497 p10=0.497 p90=0.497
Iter 0009960: train nll 0.397, valid error 100.000%, best valid error 100.000%, avg grad norm   0.044, avg grad norm (post clip)   0.036, rho_Whh  0.08, Omega  0.00, alpha  0.000, steps in the past 0.000, valid nll 0.327
  [diag] log10|dL/dh_t| hist bins=60 range=(-12.50,-11.50) mean=-12.00 p50=-12.00 p05=-12.00 p95=-12.00
  [diag] sat-dist hist bins=60 sat<0.05=0.0% mean=0.878 p10=0.872 p90=0.884
  [diag] z-gate sat-dist hist bins=60 mean=0.121 p10=0.121 p90=0.121
  [diag] r-gate sat-dist hist bins=60 mean=0.497 p10=0.497 p90=0.497
Iter 0009980: train nll 0.418, valid error 100.000%, best valid error 100.000%, avg grad norm   0.052, avg grad norm (post clip)   0.039, rho_Whh  0.08, Omega  0.00, alpha  0.000, steps in the past 0.000, valid nll 0.327
  [diag] log10|dL/dh_t| hist bins=60 range=(-12.50,-11.50) mean=-12.00 p50=-12.00 p05=-12.00 p95=-12.00
  [diag] sat-dist hist bins=60 sat<0.05=0.0% mean=0.879 p10=0.872 p90=0.884
  [diag] z-gate sat-dist hist bins=60 mean=0.121 p10=0.121 p90=0.121
  [diag] r-gate sat-dist hist bins=60 mean=0.497 p10=0.497 p90=0.497
Iter 0010000: train nll 0.410, valid error 100.000%, best valid error 100.000%, avg grad norm   0.047, avg grad norm (post clip)   0.038, rho_Whh  0.08, Omega  0.00, alpha  0.000, steps in the past 0.000, valid nll 0.327
  [diag] log10|dL/dh_t| hist bins=60 range=(-12.50,-11.50) mean=-12.00 p50=-12.00 p05=-12.00 p95=-12.00
  [diag] sat-dist hist bins=60 sat<0.05=0.0% mean=0.879 p10=0.873 p90=0.885
  [diag] z-gate sat-dist hist bins=60 mean=0.121 p10=0.121 p90=0.121
  [diag] r-gate sat-dist hist bins=60 mean=0.497 p10=0.497 p90=0.497
Iter 0010020: train nll 0.424, valid error 100.000%, best valid error 100.000%, avg grad norm   0.046, avg grad norm (post clip)   0.036, rho_Whh  0.08, Omega  0.00, alpha  0.000, steps in the past 0.000, valid nll 0.327
  [diag] log10|dL/dh_t| hist bins=60 range=(-12.50,-11.50) mean=-12.00 p50=-12.00 p05=-12.00 p95=-12.00
  [diag] sat-dist hist bins=60 sat<0.05=0.0% mean=0.879 p10=0.873 p90=0.885
  [diag] z-gate sat-dist hist bins=60 mean=0.121 p10=0.121 p90=0.121
  [diag] r-gate sat-dist hist bins=60 mean=0.497 p10=0.497 p90=0.497
Iter 0010040: train nll 0.408, valid error 100.000%, best valid error 100.000%, avg grad norm   0.051, avg grad norm (post clip)   0.040, rho_Whh  0.08, Omega  0.00, alpha  0.000, steps in the past 0.000, valid nll 0.327
  [diag] log10|dL/dh_t| hist bins=60 range=(-12.50,-11.50) mean=-12.00 p50=-12.00 p05=-12.00 p95=-12.00
  [diag] sat-dist hist bins=60 sat<0.05=0.0% mean=0.879 p10=0.873 p90=0.885
  [diag] z-gate sat-dist hist bins=60 mean=0.121 p10=0.121 p90=0.121
  [diag] r-gate sat-dist hist bins=60 mean=0.497 p10=0.497 p90=0.497
Iter 0010060: train nll 0.380, valid error 100.000%, best valid error 100.000%, avg grad norm   0.047, avg grad norm (post clip)   0.042, rho_Whh  0.08, Omega  0.00, alpha  0.000, steps in the past 0.000, valid nll 0.327
  [diag] log10|dL/dh_t| hist bins=60 range=(-12.50,-11.50) mean=-12.00 p50=-12.00 p05=-12.00 p95=-12.00
  [diag] sat-dist hist bins=60 sat<0.05=0.0% mean=0.879 p10=0.873 p90=0.885
  [diag] z-gate sat-dist hist bins=60 mean=0.121 p10=0.121 p90=0.121
  [diag] r-gate sat-dist hist bins=60 mean=0.497 p10=0.497 p90=0.497
Iter 0010080: train nll 0.433, valid error 100.000%, best valid error 100.000%, avg grad norm   0.058, avg grad norm (post clip)   0.039, rho_Whh  0.08, Omega  0.00, alpha  0.000, steps in the past 0.000, valid nll 0.327
  [diag] log10|dL/dh_t| hist bins=60 range=(-12.50,-11.50) mean=-12.00 p50=-12.00 p05=-12.00 p95=-12.00
  [diag] sat-dist hist bins=60 sat<0.05=0.0% mean=0.880 p10=0.874 p90=0.885
  [diag] z-gate sat-dist hist bins=60 mean=0.121 p10=0.121 p90=0.121
  [diag] r-gate sat-dist hist bins=60 mean=0.497 p10=0.497 p90=0.497
Iter 0010100: train nll 0.425, valid error 100.000%, best valid error 100.000%, avg grad norm   0.049, avg grad norm (post clip)   0.037, rho_Whh  0.08, Omega  0.00, alpha  0.000, steps in the past 0.000, valid nll 0.327
  [diag] log10|dL/dh_t| hist bins=60 range=(-12.50,-11.50) mean=-12.00 p50=-12.00 p05=-12.00 p95=-12.00
  [diag] sat-dist hist bins=60 sat<0.05=0.0% mean=0.880 p10=0.873 p90=0.885
  [diag] z-gate sat-dist hist bins=60 mean=0.121 p10=0.121 p90=0.121
  [diag] r-gate sat-dist hist bins=60 mean=0.497 p10=0.497 p90=0.497
Iter 0010120: train nll 0.368, valid error 100.000%, best valid error 100.000%, avg grad norm   0.047, avg grad norm (post clip)   0.039, rho_Whh  0.08, Omega  0.00, alpha  0.000, steps in the past 0.000, valid nll 0.327
  [diag] log10|dL/dh_t| hist bins=60 range=(-12.50,-11.50) mean=-12.00 p50=-12.00 p05=-12.00 p95=-12.00
  [diag] sat-dist hist bins=60 sat<0.05=0.0% mean=0.880 p10=0.873 p90=0.885
  [diag] z-gate sat-dist hist bins=60 mean=0.121 p10=0.121 p90=0.121
  [diag] r-gate sat-dist hist bins=60 mean=0.497 p10=0.497 p90=0.497
Iter 0010140: train nll 0.399, valid error 100.000%, best valid error 100.000%, avg grad norm   0.049, avg grad norm (post clip)   0.035, rho_Whh  0.08, Omega  0.00, alpha  0.000, steps in the past 0.000, valid nll 0.327
  [diag] log10|dL/dh_t| hist bins=60 range=(-12.50,-11.50) mean=-12.00 p50=-12.00 p05=-12.00 p95=-12.00
  [diag] sat-dist hist bins=60 sat<0.05=0.0% mean=0.880 p10=0.873 p90=0.885
  [diag] z-gate sat-dist hist bins=60 mean=0.121 p10=0.121 p90=0.121
  [diag] r-gate sat-dist hist bins=60 mean=0.497 p10=0.497 p90=0.497
Iter 0010160: train nll 0.388, valid error 100.000%, best valid error 100.000%, avg grad norm   0.050, avg grad norm (post clip)   0.040, rho_Whh  0.08, Omega  0.00, alpha  0.000, steps in the past 0.000, valid nll 0.327
  [diag] log10|dL/dh_t| hist bins=60 range=(-12.50,-11.50) mean=-12.00 p50=-12.00 p05=-12.00 p95=-12.00
  [diag] sat-dist hist bins=60 sat<0.05=0.0% mean=0.880 p10=0.874 p90=0.885
  [diag] z-gate sat-dist hist bins=60 mean=0.121 p10=0.121 p90=0.121
  [diag] r-gate sat-dist hist bins=60 mean=0.497 p10=0.497 p90=0.497
Iter 0010180: train nll 0.432, valid error 100.000%, best valid error 100.000%, avg grad norm   0.062, avg grad norm (post clip)   0.040, rho_Whh  0.08, Omega  0.00, alpha  0.000, steps in the past 0.000, valid nll 0.327
  [diag] log10|dL/dh_t| hist bins=60 range=(-12.50,-11.50) mean=-12.00 p50=-12.00 p05=-12.00 p95=-12.00
  [diag] sat-dist hist bins=60 sat<0.05=0.0% mean=0.880 p10=0.874 p90=0.885
  [diag] z-gate sat-dist hist bins=60 mean=0.121 p10=0.121 p90=0.121
  [diag] r-gate sat-dist hist bins=60 mean=0.497 p10=0.497 p90=0.497
Iter 0010200: train nll 0.373, valid error 100.000%, best valid error 100.000%, avg grad norm   0.043, avg grad norm (post clip)   0.040, rho_Whh  0.08, Omega  0.00, alpha  0.000, steps in the past 0.000, valid nll 0.327
  [diag] log10|dL/dh_t| hist bins=60 range=(-12.50,-11.50) mean=-12.00 p50=-12.00 p05=-12.00 p95=-12.00
  [diag] sat-dist hist bins=60 sat<0.05=0.0% mean=0.880 p10=0.874 p90=0.885
  [diag] z-gate sat-dist hist bins=60 mean=0.121 p10=0.121 p90=0.121
  [diag] r-gate sat-dist hist bins=60 mean=0.497 p10=0.497 p90=0.497
Iter 0010220: train nll 0.401, valid error 100.000%, best valid error 100.000%, avg grad norm   0.041, avg grad norm (post clip)   0.034, rho_Whh  0.08, Omega  0.00, alpha  0.000, steps in the past 0.000, valid nll 0.327
  [diag] log10|dL/dh_t| hist bins=60 range=(-12.50,-11.50) mean=-12.00 p50=-12.00 p05=-12.00 p95=-12.00
  [diag] sat-dist hist bins=60 sat<0.05=0.0% mean=0.880 p10=0.874 p90=0.885
  [diag] z-gate sat-dist hist bins=60 mean=0.121 p10=0.121 p90=0.121
  [diag] r-gate sat-dist hist bins=60 mean=0.497 p10=0.497 p90=0.497
Iter 0010240: train nll 0.406, valid error 100.000%, best valid error 100.000%, avg grad norm   0.054, avg grad norm (post clip)   0.039, rho_Whh  0.08, Omega  0.00, alpha  0.000, steps in the past 0.000, valid nll 0.327
  [diag] log10|dL/dh_t| hist bins=60 range=(-12.50,-11.50) mean=-12.00 p50=-12.00 p05=-12.00 p95=-12.00
  [diag] sat-dist hist bins=60 sat<0.05=0.0% mean=0.880 p10=0.874 p90=0.885
  [diag] z-gate sat-dist hist bins=60 mean=0.121 p10=0.121 p90=0.121
  [diag] r-gate sat-dist hist bins=60 mean=0.497 p10=0.497 p90=0.497
Iter 0010260: train nll 0.378, valid error 100.000%, best valid error 100.000%, avg grad norm   0.050, avg grad norm (post clip)   0.042, rho_Whh  0.08, Omega  0.00, alpha  0.000, steps in the past 0.000, valid nll 0.327
  [diag] log10|dL/dh_t| hist bins=60 range=(-12.50,-11.50) mean=-12.00 p50=-12.00 p05=-12.00 p95=-12.00
  [diag] sat-dist hist bins=60 sat<0.05=0.0% mean=0.880 p10=0.874 p90=0.886
  [diag] z-gate sat-dist hist bins=60 mean=0.121 p10=0.121 p90=0.121
  [diag] r-gate sat-dist hist bins=60 mean=0.497 p10=0.497 p90=0.497
Iter 0010280: train nll 0.425, valid error 100.000%, best valid error 100.000%, avg grad norm   0.053, avg grad norm (post clip)   0.038, rho_Whh  0.08, Omega  0.00, alpha  0.000, steps in the past 0.000, valid nll 0.327
  [diag] log10|dL/dh_t| hist bins=60 range=(-12.50,-11.50) mean=-12.00 p50=-12.00 p05=-12.00 p95=-12.00
  [diag] sat-dist hist bins=60 sat<0.05=0.0% mean=0.880 p10=0.874 p90=0.885
  [diag] z-gate sat-dist hist bins=60 mean=0.121 p10=0.121 p90=0.121
  [diag] r-gate sat-dist hist bins=60 mean=0.497 p10=0.497 p90=0.497
Iter 0010300: train nll 0.356, valid error 100.000%, best valid error 100.000%, avg grad norm   0.034, avg grad norm (post clip)   0.033, rho_Whh  0.08, Omega  0.00, alpha  0.000, steps in the past 0.000, valid nll 0.327
  [diag] log10|dL/dh_t| hist bins=60 range=(-12.50,-11.50) mean=-12.00 p50=-12.00 p05=-12.00 p95=-12.00
  [diag] sat-dist hist bins=60 sat<0.05=0.0% mean=0.880 p10=0.874 p90=0.886
  [diag] z-gate sat-dist hist bins=60 mean=0.121 p10=0.121 p90=0.121
  [diag] r-gate sat-dist hist bins=60 mean=0.497 p10=0.497 p90=0.497
Iter 0010320: train nll 0.432, valid error 100.000%, best valid error 100.000%, avg grad norm   0.057, avg grad norm (post clip)   0.040, rho_Whh  0.08, Omega  0.00, alpha  0.000, steps in the past 0.000, valid nll 0.327
  [diag] log10|dL/dh_t| hist bins=60 range=(-12.50,-11.50) mean=-12.00 p50=-12.00 p05=-12.00 p95=-12.00
  [diag] sat-dist hist bins=60 sat<0.05=0.0% mean=0.881 p10=0.875 p90=0.886
  [diag] z-gate sat-dist hist bins=60 mean=0.121 p10=0.121 p90=0.121
  [diag] r-gate sat-dist hist bins=60 mean=0.497 p10=0.497 p90=0.497
Iter 0010340: train nll 0.419, valid error 100.000%, best valid error 100.000%, avg grad norm   0.049, avg grad norm (post clip)   0.038, rho_Whh  0.08, Omega  0.00, alpha  0.000, steps in the past 0.000, valid nll 0.327
  [diag] log10|dL/dh_t| hist bins=60 range=(-12.50,-11.50) mean=-12.00 p50=-12.00 p05=-12.00 p95=-12.00
  [diag] sat-dist hist bins=60 sat<0.05=0.0% mean=0.881 p10=0.875 p90=0.886
  [diag] z-gate sat-dist hist bins=60 mean=0.121 p10=0.121 p90=0.121
  [diag] r-gate sat-dist hist bins=60 mean=0.497 p10=0.497 p90=0.497
Iter 0010360: train nll 0.391, valid error 100.000%, best valid error 100.000%, avg grad norm   0.052, avg grad norm (post clip)   0.039, rho_Whh  0.08, Omega  0.00, alpha  0.000, steps in the past 0.000, valid nll 0.327
  [diag] log10|dL/dh_t| hist bins=60 range=(-12.50,-11.50) mean=-12.00 p50=-12.00 p05=-12.00 p95=-12.00
  [diag] sat-dist hist bins=60 sat<0.05=0.0% mean=0.881 p10=0.875 p90=0.886
  [diag] z-gate sat-dist hist bins=60 mean=0.121 p10=0.121 p90=0.121
  [diag] r-gate sat-dist hist bins=60 mean=0.497 p10=0.497 p90=0.497
Iter 0010380: train nll 0.384, valid error 100.000%, best valid error 100.000%, avg grad norm   0.049, avg grad norm (post clip)   0.042, rho_Whh  0.08, Omega  0.00, alpha  0.000, steps in the past 0.000, valid nll 0.327
  [diag] log10|dL/dh_t| hist bins=60 range=(-12.50,-11.50) mean=-12.00 p50=-12.00 p05=-12.00 p95=-12.00
  [diag] sat-dist hist bins=60 sat<0.05=0.0% mean=0.881 p10=0.875 p90=0.886
  [diag] z-gate sat-dist hist bins=60 mean=0.121 p10=0.121 p90=0.121
  [diag] r-gate sat-dist hist bins=60 mean=0.497 p10=0.497 p90=0.497
Iter 0010400: train nll 0.390, valid error 100.000%, best valid error 100.000%, avg grad norm   0.051, avg grad norm (post clip)   0.041, rho_Whh  0.08, Omega  0.00, alpha  0.000, steps in the past 0.000, valid nll 0.326
  [diag] log10|dL/dh_t| hist bins=60 range=(-12.50,-11.50) mean=-12.00 p50=-12.00 p05=-12.00 p95=-12.00
  [diag] sat-dist hist bins=60 sat<0.05=0.0% mean=0.881 p10=0.875 p90=0.886
  [diag] z-gate sat-dist hist bins=60 mean=0.121 p10=0.121 p90=0.121
  [diag] r-gate sat-dist hist bins=60 mean=0.497 p10=0.497 p90=0.497
Iter 0010420: train nll 0.401, valid error 100.000%, best valid error 100.000%, avg grad norm   0.050, avg grad norm (post clip)   0.039, rho_Whh  0.08, Omega  0.00, alpha  0.000, steps in the past 0.000, valid nll 0.326
  [diag] log10|dL/dh_t| hist bins=60 range=(-12.50,-11.50) mean=-12.00 p50=-12.00 p05=-12.00 p95=-12.00
  [diag] sat-dist hist bins=60 sat<0.05=0.0% mean=0.881 p10=0.875 p90=0.886
  [diag] z-gate sat-dist hist bins=60 mean=0.121 p10=0.121 p90=0.121
  [diag] r-gate sat-dist hist bins=60 mean=0.497 p10=0.497 p90=0.497
Iter 0010440: train nll 0.389, valid error 100.000%, best valid error 100.000%, avg grad norm   0.047, avg grad norm (post clip)   0.038, rho_Whh  0.08, Omega  0.00, alpha  0.000, steps in the past 0.000, valid nll 0.326
  [diag] log10|dL/dh_t| hist bins=60 range=(-12.50,-11.50) mean=-12.00 p50=-12.00 p05=-12.00 p95=-12.00
  [diag] sat-dist hist bins=60 sat<0.05=0.0% mean=0.881 p10=0.875 p90=0.886
  [diag] z-gate sat-dist hist bins=60 mean=0.121 p10=0.121 p90=0.121
  [diag] r-gate sat-dist hist bins=60 mean=0.497 p10=0.497 p90=0.497
Iter 0010460: train nll 0.438, valid error 100.000%, best valid error 100.000%, avg grad norm   0.060, avg grad norm (post clip)   0.040, rho_Whh  0.08, Omega  0.00, alpha  0.000, steps in the past 0.000, valid nll 0.326
  [diag] log10|dL/dh_t| hist bins=60 range=(-12.50,-11.50) mean=-12.00 p50=-12.00 p05=-12.00 p95=-12.00
  [diag] sat-dist hist bins=60 sat<0.05=0.0% mean=0.881 p10=0.875 p90=0.886
  [diag] z-gate sat-dist hist bins=60 mean=0.121 p10=0.121 p90=0.121
  [diag] r-gate sat-dist hist bins=60 mean=0.497 p10=0.497 p90=0.497
Iter 0010480: train nll 0.386, valid error 100.000%, best valid error 100.000%, avg grad norm   0.041, avg grad norm (post clip)   0.035, rho_Whh  0.08, Omega  0.00, alpha  0.000, steps in the past 0.000, valid nll 0.326
  [diag] log10|dL/dh_t| hist bins=60 range=(-12.50,-11.50) mean=-12.00 p50=-12.00 p05=-12.00 p95=-12.00
  [diag] sat-dist hist bins=60 sat<0.05=0.0% mean=0.881 p10=0.875 p90=0.886
  [diag] z-gate sat-dist hist bins=60 mean=0.121 p10=0.121 p90=0.121
  [diag] r-gate sat-dist hist bins=60 mean=0.497 p10=0.497 p90=0.497
Iter 0010500: train nll 0.403, valid error 100.000%, best valid error 100.000%, avg grad norm   0.046, avg grad norm (post clip)   0.036, rho_Whh  0.08, Omega  0.00, alpha  0.000, steps in the past 0.000, valid nll 0.326
  [diag] log10|dL/dh_t| hist bins=60 range=(-12.50,-11.50) mean=-12.00 p50=-12.00 p05=-12.00 p95=-12.00
  [diag] sat-dist hist bins=60 sat<0.05=0.0% mean=0.882 p10=0.876 p90=0.887
  [diag] z-gate sat-dist hist bins=60 mean=0.121 p10=0.121 p90=0.121
  [diag] r-gate sat-dist hist bins=60 mean=0.497 p10=0.497 p90=0.497
Iter 0010520: train nll 0.416, valid error 100.000%, best valid error 100.000%, avg grad norm   0.056, avg grad norm (post clip)   0.042, rho_Whh  0.08, Omega  0.00, alpha  0.000, steps in the past 0.000, valid nll 0.326
  [diag] log10|dL/dh_t| hist bins=60 range=(-12.50,-11.50) mean=-12.00 p50=-12.00 p05=-12.00 p95=-12.00
  [diag] sat-dist hist bins=60 sat<0.05=0.0% mean=0.881 p10=0.875 p90=0.886
  [diag] z-gate sat-dist hist bins=60 mean=0.121 p10=0.121 p90=0.121
  [diag] r-gate sat-dist hist bins=60 mean=0.497 p10=0.497 p90=0.497
Iter 0010540: train nll 0.347, valid error 100.000%, best valid error 100.000%, avg grad norm   0.045, avg grad norm (post clip)   0.044, rho_Whh  0.08, Omega  0.00, alpha  0.000, steps in the past 0.000, valid nll 0.326
  [diag] log10|dL/dh_t| hist bins=60 range=(-12.50,-11.50) mean=-12.00 p50=-12.00 p05=-12.00 p95=-12.00
  [diag] sat-dist hist bins=60 sat<0.05=0.0% mean=0.881 p10=0.875 p90=0.886
  [diag] z-gate sat-dist hist bins=60 mean=0.121 p10=0.121 p90=0.121
  [diag] r-gate sat-dist hist bins=60 mean=0.497 p10=0.497 p90=0.497
Iter 0010560: train nll 0.371, valid error 100.000%, best valid error 100.000%, avg grad norm   0.045, avg grad norm (post clip)   0.038, rho_Whh  0.08, Omega  0.00, alpha  0.000, steps in the past 0.000, valid nll 0.326
  [diag] log10|dL/dh_t| hist bins=60 range=(-12.50,-11.50) mean=-12.00 p50=-12.00 p05=-12.00 p95=-12.00
  [diag] sat-dist hist bins=60 sat<0.05=0.0% mean=0.882 p10=0.876 p90=0.887
  [diag] z-gate sat-dist hist bins=60 mean=0.121 p10=0.121 p90=0.121
  [diag] r-gate sat-dist hist bins=60 mean=0.497 p10=0.497 p90=0.497
Iter 0010580: train nll 0.433, valid error 100.000%, best valid error 100.000%, avg grad norm   0.052, avg grad norm (post clip)   0.037, rho_Whh  0.08, Omega  0.00, alpha  0.000, steps in the past 0.000, valid nll 0.326
  [diag] log10|dL/dh_t| hist bins=60 range=(-12.50,-11.50) mean=-12.00 p50=-12.00 p05=-12.00 p95=-12.00
  [diag] sat-dist hist bins=60 sat<0.05=0.0% mean=0.882 p10=0.876 p90=0.887
  [diag] z-gate sat-dist hist bins=60 mean=0.121 p10=0.121 p90=0.121
  [diag] r-gate sat-dist hist bins=60 mean=0.497 p10=0.497 p90=0.497
Iter 0010600: train nll 0.412, valid error 100.000%, best valid error 100.000%, avg grad norm   0.051, avg grad norm (post clip)   0.037, rho_Whh  0.08, Omega  0.00, alpha  0.000, steps in the past 0.000, valid nll 0.326
  [diag] log10|dL/dh_t| hist bins=60 range=(-12.50,-11.50) mean=-12.00 p50=-12.00 p05=-12.00 p95=-12.00
  [diag] sat-dist hist bins=60 sat<0.05=0.0% mean=0.882 p10=0.876 p90=0.887
  [diag] z-gate sat-dist hist bins=60 mean=0.121 p10=0.121 p90=0.121
  [diag] r-gate sat-dist hist bins=60 mean=0.497 p10=0.497 p90=0.497
Iter 0010620: train nll 0.414, valid error 100.000%, best valid error 100.000%, avg grad norm   0.054, avg grad norm (post clip)   0.040, rho_Whh  0.08, Omega  0.00, alpha  0.000, steps in the past 0.000, valid nll 0.326
  [diag] log10|dL/dh_t| hist bins=60 range=(-12.50,-11.50) mean=-12.00 p50=-12.00 p05=-12.00 p95=-12.00
  [diag] sat-dist hist bins=60 sat<0.05=0.0% mean=0.882 p10=0.876 p90=0.887
  [diag] z-gate sat-dist hist bins=60 mean=0.121 p10=0.121 p90=0.121
  [diag] r-gate sat-dist hist bins=60 mean=0.497 p10=0.497 p90=0.497
Iter 0010640: train nll 0.423, valid error 100.000%, best valid error 100.000%, avg grad norm   0.050, avg grad norm (post clip)   0.038, rho_Whh  0.08, Omega  0.00, alpha  0.000, steps in the past 0.000, valid nll 0.326
  [diag] log10|dL/dh_t| hist bins=60 range=(-12.50,-11.50) mean=-12.00 p50=-12.00 p05=-12.00 p95=-12.00
  [diag] sat-dist hist bins=60 sat<0.05=0.0% mean=0.882 p10=0.877 p90=0.887
  [diag] z-gate sat-dist hist bins=60 mean=0.121 p10=0.121 p90=0.121
  [diag] r-gate sat-dist hist bins=60 mean=0.497 p10=0.497 p90=0.497
Iter 0010660: train nll 0.411, valid error 100.000%, best valid error 100.000%, avg grad norm   0.050, avg grad norm (post clip)   0.037, rho_Whh  0.08, Omega  0.00, alpha  0.000, steps in the past 0.000, valid nll 0.326
  [diag] log10|dL/dh_t| hist bins=60 range=(-12.50,-11.50) mean=-12.00 p50=-12.00 p05=-12.00 p95=-12.00
  [diag] sat-dist hist bins=60 sat<0.05=0.0% mean=0.882 p10=0.877 p90=0.887
  [diag] z-gate sat-dist hist bins=60 mean=0.121 p10=0.121 p90=0.121
  [diag] r-gate sat-dist hist bins=60 mean=0.497 p10=0.497 p90=0.497
Iter 0010680: train nll 0.380, valid error 100.000%, best valid error 100.000%, avg grad norm   0.043, avg grad norm (post clip)   0.038, rho_Whh  0.08, Omega  0.00, alpha  0.000, steps in the past 0.000, valid nll 0.326
  [diag] log10|dL/dh_t| hist bins=60 range=(-12.50,-11.50) mean=-12.00 p50=-12.00 p05=-12.00 p95=-12.00
  [diag] sat-dist hist bins=60 sat<0.05=0.0% mean=0.882 p10=0.877 p90=0.887
  [diag] z-gate sat-dist hist bins=60 mean=0.121 p10=0.121 p90=0.121
  [diag] r-gate sat-dist hist bins=60 mean=0.497 p10=0.497 p90=0.497
Iter 0010700: train nll 0.387, valid error 100.000%, best valid error 100.000%, avg grad norm   0.041, avg grad norm (post clip)   0.035, rho_Whh  0.08, Omega  0.00, alpha  0.000, steps in the past 0.000, valid nll 0.326
  [diag] log10|dL/dh_t| hist bins=60 range=(-12.50,-11.50) mean=-12.00 p50=-12.00 p05=-12.00 p95=-12.00
  [diag] sat-dist hist bins=60 sat<0.05=0.0% mean=0.883 p10=0.877 p90=0.888
  [diag] z-gate sat-dist hist bins=60 mean=0.121 p10=0.121 p90=0.121
  [diag] r-gate sat-dist hist bins=60 mean=0.497 p10=0.497 p90=0.497
Iter 0010720: train nll 0.380, valid error 100.000%, best valid error 100.000%, avg grad norm   0.041, avg grad norm (post clip)   0.038, rho_Whh  0.08, Omega  0.00, alpha  0.000, steps in the past 0.000, valid nll 0.326
  [diag] log10|dL/dh_t| hist bins=60 range=(-12.50,-11.50) mean=-12.00 p50=-12.00 p05=-12.00 p95=-12.00
  [diag] sat-dist hist bins=60 sat<0.05=0.0% mean=0.883 p10=0.877 p90=0.887
  [diag] z-gate sat-dist hist bins=60 mean=0.121 p10=0.121 p90=0.121
  [diag] r-gate sat-dist hist bins=60 mean=0.497 p10=0.497 p90=0.497
Iter 0010740: train nll 0.384, valid error 100.000%, best valid error 100.000%, avg grad norm   0.043, avg grad norm (post clip)   0.035, rho_Whh  0.08, Omega  0.00, alpha  0.000, steps in the past 0.000, valid nll 0.326
  [diag] log10|dL/dh_t| hist bins=60 range=(-12.50,-11.50) mean=-12.00 p50=-12.00 p05=-12.00 p95=-12.00
  [diag] sat-dist hist bins=60 sat<0.05=0.0% mean=0.883 p10=0.877 p90=0.888
  [diag] z-gate sat-dist hist bins=60 mean=0.121 p10=0.121 p90=0.121
  [diag] r-gate sat-dist hist bins=60 mean=0.497 p10=0.497 p90=0.497
Iter 0010760: train nll 0.393, valid error 100.000%, best valid error 100.000%, avg grad norm   0.040, avg grad norm (post clip)   0.038, rho_Whh  0.08, Omega  0.00, alpha  0.000, steps in the past 0.000, valid nll 0.326
  [diag] log10|dL/dh_t| hist bins=60 range=(-12.50,-11.50) mean=-12.00 p50=-12.00 p05=-12.00 p95=-12.00
  [diag] sat-dist hist bins=60 sat<0.05=0.0% mean=0.883 p10=0.877 p90=0.888
  [diag] z-gate sat-dist hist bins=60 mean=0.121 p10=0.121 p90=0.121
  [diag] r-gate sat-dist hist bins=60 mean=0.497 p10=0.497 p90=0.497
Iter 0010780: train nll 0.396, valid error 100.000%, best valid error 100.000%, avg grad norm   0.042, avg grad norm (post clip)   0.033, rho_Whh  0.08, Omega  0.00, alpha  0.000, steps in the past 0.000, valid nll 0.326
  [diag] log10|dL/dh_t| hist bins=60 range=(-12.50,-11.50) mean=-12.00 p50=-12.00 p05=-12.00 p95=-12.00
  [diag] sat-dist hist bins=60 sat<0.05=0.0% mean=0.883 p10=0.877 p90=0.888
  [diag] z-gate sat-dist hist bins=60 mean=0.121 p10=0.121 p90=0.121
  [diag] r-gate sat-dist hist bins=60 mean=0.497 p10=0.497 p90=0.497
Iter 0010800: train nll 0.411, valid error 100.000%, best valid error 100.000%, avg grad norm   0.054, avg grad norm (post clip)   0.041, rho_Whh  0.08, Omega  0.00, alpha  0.000, steps in the past 0.000, valid nll 0.326
  [diag] log10|dL/dh_t| hist bins=60 range=(-12.50,-11.50) mean=-12.00 p50=-12.00 p05=-12.00 p95=-12.00
  [diag] sat-dist hist bins=60 sat<0.05=0.0% mean=0.883 p10=0.877 p90=0.888
  [diag] z-gate sat-dist hist bins=60 mean=0.121 p10=0.121 p90=0.121
  [diag] r-gate sat-dist hist bins=60 mean=0.497 p10=0.497 p90=0.497
Iter 0010820: train nll 0.392, valid error 100.000%, best valid error 100.000%, avg grad norm   0.051, avg grad norm (post clip)   0.039, rho_Whh  0.08, Omega  0.00, alpha  0.000, steps in the past 0.000, valid nll 0.326
  [diag] log10|dL/dh_t| hist bins=60 range=(-12.50,-11.50) mean=-12.00 p50=-12.00 p05=-12.00 p95=-12.00
  [diag] sat-dist hist bins=60 sat<0.05=0.0% mean=0.883 p10=0.877 p90=0.888
  [diag] z-gate sat-dist hist bins=60 mean=0.121 p10=0.121 p90=0.121
  [diag] r-gate sat-dist hist bins=60 mean=0.497 p10=0.497 p90=0.497
Iter 0010840: train nll 0.349, valid error 100.000%, best valid error 100.000%, avg grad norm   0.037, avg grad norm (post clip)   0.038, rho_Whh  0.08, Omega  0.00, alpha  0.000, steps in the past 0.000, valid nll 0.326
  [diag] log10|dL/dh_t| hist bins=60 range=(-12.50,-11.50) mean=-12.00 p50=-12.00 p05=-12.00 p95=-12.00
  [diag] sat-dist hist bins=60 sat<0.05=0.0% mean=0.883 p10=0.877 p90=0.888
  [diag] z-gate sat-dist hist bins=60 mean=0.121 p10=0.121 p90=0.121
  [diag] r-gate sat-dist hist bins=60 mean=0.497 p10=0.497 p90=0.497
Iter 0010860: train nll 0.415, valid error 100.000%, best valid error 100.000%, avg grad norm   0.053, avg grad norm (post clip)   0.041, rho_Whh  0.08, Omega  0.00, alpha  0.000, steps in the past 0.000, valid nll 0.326
  [diag] log10|dL/dh_t| hist bins=60 range=(-12.50,-11.50) mean=-12.00 p50=-12.00 p05=-12.00 p95=-12.00
  [diag] sat-dist hist bins=60 sat<0.05=0.0% mean=0.883 p10=0.878 p90=0.888
  [diag] z-gate sat-dist hist bins=60 mean=0.121 p10=0.121 p90=0.121
  [diag] r-gate sat-dist hist bins=60 mean=0.497 p10=0.497 p90=0.497
Iter 0010880: train nll 0.409, valid error 100.000%, best valid error 100.000%, avg grad norm   0.044, avg grad norm (post clip)   0.036, rho_Whh  0.08, Omega  0.00, alpha  0.000, steps in the past 0.000, valid nll 0.326
  [diag] log10|dL/dh_t| hist bins=60 range=(-12.50,-11.50) mean=-12.00 p50=-12.00 p05=-12.00 p95=-12.00
  [diag] sat-dist hist bins=60 sat<0.05=0.0% mean=0.883 p10=0.878 p90=0.888
  [diag] z-gate sat-dist hist bins=60 mean=0.121 p10=0.121 p90=0.121
  [diag] r-gate sat-dist hist bins=60 mean=0.497 p10=0.497 p90=0.497
Iter 0010900: train nll 0.399, valid error 100.000%, best valid error 100.000%, avg grad norm   0.052, avg grad norm (post clip)   0.040, rho_Whh  0.08, Omega  0.00, alpha  0.000, steps in the past 0.000, valid nll 0.326
  [diag] log10|dL/dh_t| hist bins=60 range=(-12.50,-11.50) mean=-12.00 p50=-12.00 p05=-12.00 p95=-12.00
  [diag] sat-dist hist bins=60 sat<0.05=0.0% mean=0.884 p10=0.878 p90=0.889
  [diag] z-gate sat-dist hist bins=60 mean=0.121 p10=0.121 p90=0.121
  [diag] r-gate sat-dist hist bins=60 mean=0.497 p10=0.497 p90=0.497
Iter 0010920: train nll 0.424, valid error 100.000%, best valid error 100.000%, avg grad norm   0.056, avg grad norm (post clip)   0.042, rho_Whh  0.08, Omega  0.00, alpha  0.000, steps in the past 0.000, valid nll 0.326
  [diag] log10|dL/dh_t| hist bins=60 range=(-12.50,-11.50) mean=-12.00 p50=-12.00 p05=-12.00 p95=-12.00
  [diag] sat-dist hist bins=60 sat<0.05=0.0% mean=0.884 p10=0.878 p90=0.889
  [diag] z-gate sat-dist hist bins=60 mean=0.121 p10=0.121 p90=0.121
  [diag] r-gate sat-dist hist bins=60 mean=0.497 p10=0.497 p90=0.497
Iter 0010940: train nll 0.384, valid error 100.000%, best valid error 100.000%, avg grad norm   0.038, avg grad norm (post clip)   0.036, rho_Whh  0.08, Omega  0.00, alpha  0.000, steps in the past 0.000, valid nll 0.326
  [diag] log10|dL/dh_t| hist bins=60 range=(-12.50,-11.50) mean=-12.00 p50=-12.00 p05=-12.00 p95=-12.00
  [diag] sat-dist hist bins=60 sat<0.05=0.0% mean=0.884 p10=0.878 p90=0.889
  [diag] z-gate sat-dist hist bins=60 mean=0.121 p10=0.121 p90=0.121
  [diag] r-gate sat-dist hist bins=60 mean=0.497 p10=0.497 p90=0.497
Iter 0010960: train nll 0.419, valid error 100.000%, best valid error 100.000%, avg grad norm   0.054, avg grad norm (post clip)   0.040, rho_Whh  0.08, Omega  0.00, alpha  0.000, steps in the past 0.000, valid nll 0.326
  [diag] log10|dL/dh_t| hist bins=60 range=(-12.50,-11.50) mean=-12.00 p50=-12.00 p05=-12.00 p95=-12.00
  [diag] sat-dist hist bins=60 sat<0.05=0.0% mean=0.884 p10=0.878 p90=0.889
  [diag] z-gate sat-dist hist bins=60 mean=0.121 p10=0.121 p90=0.121
  [diag] r-gate sat-dist hist bins=60 mean=0.497 p10=0.497 p90=0.497
Iter 0010980: train nll 0.368, valid error 100.000%, best valid error 100.000%, avg grad norm   0.031, avg grad norm (post clip)   0.032, rho_Whh  0.08, Omega  0.00, alpha  0.000, steps in the past 0.000, valid nll 0.326
  [diag] log10|dL/dh_t| hist bins=60 range=(-12.50,-11.50) mean=-12.00 p50=-12.00 p05=-12.00 p95=-12.00
  [diag] sat-dist hist bins=60 sat<0.05=0.0% mean=0.884 p10=0.878 p90=0.889
  [diag] z-gate sat-dist hist bins=60 mean=0.121 p10=0.121 p90=0.121
  [diag] r-gate sat-dist hist bins=60 mean=0.497 p10=0.497 p90=0.497
Iter 0011000: train nll 0.394, valid error 100.000%, best valid error 100.000%, avg grad norm   0.051, avg grad norm (post clip)   0.039, rho_Whh  0.08, Omega  0.00, alpha  0.000, steps in the past 0.000, valid nll 0.326
  [diag] log10|dL/dh_t| hist bins=60 range=(-12.50,-11.50) mean=-12.00 p50=-12.00 p05=-12.00 p95=-12.00
  [diag] sat-dist hist bins=60 sat<0.05=0.0% mean=0.884 p10=0.878 p90=0.889
  [diag] z-gate sat-dist hist bins=60 mean=0.121 p10=0.121 p90=0.121
  [diag] r-gate sat-dist hist bins=60 mean=0.497 p10=0.497 p90=0.497
Iter 0011020: train nll 0.354, valid error 100.000%, best valid error 100.000%, avg grad norm   0.046, avg grad norm (post clip)   0.040, rho_Whh  0.08, Omega  0.00, alpha  0.000, steps in the past 0.000, valid nll 0.326
  [diag] log10|dL/dh_t| hist bins=60 range=(-12.50,-11.50) mean=-12.00 p50=-12.00 p05=-12.00 p95=-12.00
  [diag] sat-dist hist bins=60 sat<0.05=0.0% mean=0.884 p10=0.879 p90=0.889
  [diag] z-gate sat-dist hist bins=60 mean=0.121 p10=0.121 p90=0.121
  [diag] r-gate sat-dist hist bins=60 mean=0.497 p10=0.497 p90=0.497
Iter 0011040: train nll 0.426, valid error 100.000%, best valid error 100.000%, avg grad norm   0.056, avg grad norm (post clip)   0.041, rho_Whh  0.08, Omega  0.00, alpha  0.000, steps in the past 0.000, valid nll 0.326
  [diag] log10|dL/dh_t| hist bins=60 range=(-12.50,-11.50) mean=-12.00 p50=-12.00 p05=-12.00 p95=-12.00
  [diag] sat-dist hist bins=60 sat<0.05=0.0% mean=0.884 p10=0.879 p90=0.889
  [diag] z-gate sat-dist hist bins=60 mean=0.121 p10=0.121 p90=0.121
  [diag] r-gate sat-dist hist bins=60 mean=0.497 p10=0.497 p90=0.497
Iter 0011060: train nll 0.385, valid error 100.000%, best valid error 100.000%, avg grad norm   0.043, avg grad norm (post clip)   0.039, rho_Whh  0.08, Omega  0.00, alpha  0.000, steps in the past 0.000, valid nll 0.326
  [diag] log10|dL/dh_t| hist bins=60 range=(-12.50,-11.50) mean=-12.00 p50=-12.00 p05=-12.00 p95=-12.00
  [diag] sat-dist hist bins=60 sat<0.05=0.0% mean=0.884 p10=0.879 p90=0.889
  [diag] z-gate sat-dist hist bins=60 mean=0.121 p10=0.121 p90=0.121
  [diag] r-gate sat-dist hist bins=60 mean=0.497 p10=0.497 p90=0.497
Iter 0011080: train nll 0.400, valid error 100.000%, best valid error 100.000%, avg grad norm   0.054, avg grad norm (post clip)   0.039, rho_Whh  0.08, Omega  0.00, alpha  0.000, steps in the past 0.000, valid nll 0.326
  [diag] log10|dL/dh_t| hist bins=60 range=(-12.50,-11.50) mean=-12.00 p50=-12.00 p05=-12.00 p95=-12.00
  [diag] sat-dist hist bins=60 sat<0.05=0.0% mean=0.885 p10=0.879 p90=0.889
  [diag] z-gate sat-dist hist bins=60 mean=0.121 p10=0.121 p90=0.121
  [diag] r-gate sat-dist hist bins=60 mean=0.497 p10=0.497 p90=0.497
Iter 0011100: train nll 0.421, valid error 100.000%, best valid error 100.000%, avg grad norm   0.049, avg grad norm (post clip)   0.035, rho_Whh  0.08, Omega  0.00, alpha  0.000, steps in the past 0.000, valid nll 0.326
  [diag] log10|dL/dh_t| hist bins=60 range=(-12.50,-11.50) mean=-12.00 p50=-12.00 p05=-12.00 p95=-12.00
  [diag] sat-dist hist bins=60 sat<0.05=0.0% mean=0.885 p10=0.879 p90=0.890
  [diag] z-gate sat-dist hist bins=60 mean=0.121 p10=0.121 p90=0.121
  [diag] r-gate sat-dist hist bins=60 mean=0.497 p10=0.497 p90=0.497
Iter 0011120: train nll 0.433, valid error 100.000%, best valid error 100.000%, avg grad norm   0.050, avg grad norm (post clip)   0.038, rho_Whh  0.08, Omega  0.00, alpha  0.000, steps in the past 0.000, valid nll 0.326
  [diag] log10|dL/dh_t| hist bins=60 range=(-12.50,-11.50) mean=-12.00 p50=-12.00 p05=-12.00 p95=-12.00
  [diag] sat-dist hist bins=60 sat<0.05=0.0% mean=0.885 p10=0.879 p90=0.890
  [diag] z-gate sat-dist hist bins=60 mean=0.121 p10=0.121 p90=0.121
  [diag] r-gate sat-dist hist bins=60 mean=0.497 p10=0.497 p90=0.497
Iter 0011140: train nll 0.376, valid error 100.000%, best valid error 100.000%, avg grad norm   0.045, avg grad norm (post clip)   0.040, rho_Whh  0.08, Omega  0.00, alpha  0.000, steps in the past 0.000, valid nll 0.326
  [diag] log10|dL/dh_t| hist bins=60 range=(-12.50,-11.50) mean=-12.00 p50=-12.00 p05=-12.00 p95=-12.00
  [diag] sat-dist hist bins=60 sat<0.05=0.0% mean=0.885 p10=0.879 p90=0.890
  [diag] z-gate sat-dist hist bins=60 mean=0.121 p10=0.121 p90=0.121
  [diag] r-gate sat-dist hist bins=60 mean=0.497 p10=0.497 p90=0.497
Iter 0011160: train nll 0.373, valid error 100.000%, best valid error 100.000%, avg grad norm   0.038, avg grad norm (post clip)   0.035, rho_Whh  0.08, Omega  0.00, alpha  0.000, steps in the past 0.000, valid nll 0.326
  [diag] log10|dL/dh_t| hist bins=60 range=(-12.50,-11.50) mean=-12.00 p50=-12.00 p05=-12.00 p95=-12.00
  [diag] sat-dist hist bins=60 sat<0.05=0.0% mean=0.885 p10=0.879 p90=0.890
  [diag] z-gate sat-dist hist bins=60 mean=0.121 p10=0.121 p90=0.121
  [diag] r-gate sat-dist hist bins=60 mean=0.497 p10=0.497 p90=0.497
Iter 0011180: train nll 0.379, valid error 100.000%, best valid error 100.000%, avg grad norm   0.045, avg grad norm (post clip)   0.039, rho_Whh  0.08, Omega  0.00, alpha  0.000, steps in the past 0.000, valid nll 0.326
  [diag] log10|dL/dh_t| hist bins=60 range=(-12.50,-11.50) mean=-12.00 p50=-12.00 p05=-12.00 p95=-12.00
  [diag] sat-dist hist bins=60 sat<0.05=0.0% mean=0.885 p10=0.879 p90=0.890
  [diag] z-gate sat-dist hist bins=60 mean=0.121 p10=0.121 p90=0.121
  [diag] r-gate sat-dist hist bins=60 mean=0.497 p10=0.497 p90=0.497
Iter 0011200: train nll 0.377, valid error 100.000%, best valid error 100.000%, avg grad norm   0.040, avg grad norm (post clip)   0.036, rho_Whh  0.08, Omega  0.00, alpha  0.000, steps in the past 0.000, valid nll 0.326
  [diag] log10|dL/dh_t| hist bins=60 range=(-12.50,-11.50) mean=-12.00 p50=-12.00 p05=-12.00 p95=-12.00
  [diag] sat-dist hist bins=60 sat<0.05=0.0% mean=0.885 p10=0.879 p90=0.890
  [diag] z-gate sat-dist hist bins=60 mean=0.121 p10=0.121 p90=0.121
  [diag] r-gate sat-dist hist bins=60 mean=0.497 p10=0.497 p90=0.497
Iter 0011220: train nll 0.386, valid error 100.000%, best valid error 100.000%, avg grad norm   0.048, avg grad norm (post clip)   0.040, rho_Whh  0.08, Omega  0.00, alpha  0.000, steps in the past 0.000, valid nll 0.326
  [diag] log10|dL/dh_t| hist bins=60 range=(-12.50,-11.50) mean=-12.00 p50=-12.00 p05=-12.00 p95=-12.00
  [diag] sat-dist hist bins=60 sat<0.05=0.0% mean=0.885 p10=0.880 p90=0.890
  [diag] z-gate sat-dist hist bins=60 mean=0.121 p10=0.121 p90=0.121
  [diag] r-gate sat-dist hist bins=60 mean=0.497 p10=0.497 p90=0.497
Iter 0011240: train nll 0.418, valid error 100.000%, best valid error 100.000%, avg grad norm   0.045, avg grad norm (post clip)   0.034, rho_Whh  0.08, Omega  0.00, alpha  0.000, steps in the past 0.000, valid nll 0.326
  [diag] log10|dL/dh_t| hist bins=60 range=(-12.50,-11.50) mean=-12.00 p50=-12.00 p05=-12.00 p95=-12.00
  [diag] sat-dist hist bins=60 sat<0.05=0.0% mean=0.886 p10=0.880 p90=0.890
  [diag] z-gate sat-dist hist bins=60 mean=0.121 p10=0.121 p90=0.121
  [diag] r-gate sat-dist hist bins=60 mean=0.497 p10=0.497 p90=0.497
Iter 0011260: train nll 0.388, valid error 100.000%, best valid error 100.000%, avg grad norm   0.034, avg grad norm (post clip)   0.031, rho_Whh  0.08, Omega  0.00, alpha  0.000, steps in the past 0.000, valid nll 0.326
  [diag] log10|dL/dh_t| hist bins=60 range=(-12.50,-11.50) mean=-12.00 p50=-12.00 p05=-12.00 p95=-12.00
  [diag] sat-dist hist bins=60 sat<0.05=0.0% mean=0.886 p10=0.880 p90=0.890
  [diag] z-gate sat-dist hist bins=60 mean=0.121 p10=0.121 p90=0.121
  [diag] r-gate sat-dist hist bins=60 mean=0.497 p10=0.497 p90=0.497
Iter 0011280: train nll 0.416, valid error 100.000%, best valid error 100.000%, avg grad norm   0.048, avg grad norm (post clip)   0.037, rho_Whh  0.08, Omega  0.00, alpha  0.000, steps in the past 0.000, valid nll 0.326
  [diag] log10|dL/dh_t| hist bins=60 range=(-12.50,-11.50) mean=-12.00 p50=-12.00 p05=-12.00 p95=-12.00
  [diag] sat-dist hist bins=60 sat<0.05=0.0% mean=0.886 p10=0.880 p90=0.890
  [diag] z-gate sat-dist hist bins=60 mean=0.121 p10=0.121 p90=0.121
  [diag] r-gate sat-dist hist bins=60 mean=0.497 p10=0.497 p90=0.497
Iter 0011300: train nll 0.373, valid error 100.000%, best valid error 100.000%, avg grad norm   0.047, avg grad norm (post clip)   0.042, rho_Whh  0.08, Omega  0.00, alpha  0.000, steps in the past 0.000, valid nll 0.326
  [diag] log10|dL/dh_t| hist bins=60 range=(-12.50,-11.50) mean=-12.00 p50=-12.00 p05=-12.00 p95=-12.00
  [diag] sat-dist hist bins=60 sat<0.05=0.0% mean=0.886 p10=0.880 p90=0.890
  [diag] z-gate sat-dist hist bins=60 mean=0.121 p10=0.121 p90=0.121
  [diag] r-gate sat-dist hist bins=60 mean=0.497 p10=0.497 p90=0.497
Iter 0011320: train nll 0.416, valid error 100.000%, best valid error 100.000%, avg grad norm   0.052, avg grad norm (post clip)   0.038, rho_Whh  0.08, Omega  0.00, alpha  0.000, steps in the past 0.000, valid nll 0.326
  [diag] log10|dL/dh_t| hist bins=60 range=(-12.50,-11.50) mean=-12.00 p50=-12.00 p05=-12.00 p95=-12.00
  [diag] sat-dist hist bins=60 sat<0.05=0.0% mean=0.886 p10=0.880 p90=0.890
  [diag] z-gate sat-dist hist bins=60 mean=0.121 p10=0.121 p90=0.121
  [diag] r-gate sat-dist hist bins=60 mean=0.497 p10=0.497 p90=0.497
Iter 0011340: train nll 0.380, valid error 100.000%, best valid error 100.000%, avg grad norm   0.038, avg grad norm (post clip)   0.035, rho_Whh  0.08, Omega  0.00, alpha  0.000, steps in the past 0.000, valid nll 0.326
  [diag] log10|dL/dh_t| hist bins=60 range=(-12.50,-11.50) mean=-12.00 p50=-12.00 p05=-12.00 p95=-12.00
  [diag] sat-dist hist bins=60 sat<0.05=0.0% mean=0.886 p10=0.881 p90=0.891
  [diag] z-gate sat-dist hist bins=60 mean=0.121 p10=0.121 p90=0.121
  [diag] r-gate sat-dist hist bins=60 mean=0.497 p10=0.497 p90=0.497
Iter 0011360: train nll 0.404, valid error 100.000%, best valid error 100.000%, avg grad norm   0.035, avg grad norm (post clip)   0.035, rho_Whh  0.08, Omega  0.00, alpha  0.000, steps in the past 0.000, valid nll 0.326
  [diag] log10|dL/dh_t| hist bins=60 range=(-12.50,-11.50) mean=-12.00 p50=-12.00 p05=-12.00 p95=-12.00
  [diag] sat-dist hist bins=60 sat<0.05=0.0% mean=0.887 p10=0.881 p90=0.891
  [diag] z-gate sat-dist hist bins=60 mean=0.121 p10=0.121 p90=0.121
  [diag] r-gate sat-dist hist bins=60 mean=0.497 p10=0.497 p90=0.497
Iter 0011380: train nll 0.402, valid error 100.000%, best valid error 100.000%, avg grad norm   0.047, avg grad norm (post clip)   0.037, rho_Whh  0.08, Omega  0.00, alpha  0.000, steps in the past 0.000, valid nll 0.326
  [diag] log10|dL/dh_t| hist bins=60 range=(-12.50,-11.50) mean=-12.00 p50=-12.00 p05=-12.00 p95=-12.00
  [diag] sat-dist hist bins=60 sat<0.05=0.0% mean=0.886 p10=0.881 p90=0.891
  [diag] z-gate sat-dist hist bins=60 mean=0.121 p10=0.121 p90=0.121
  [diag] r-gate sat-dist hist bins=60 mean=0.497 p10=0.497 p90=0.497
Iter 0011400: train nll 0.374, valid error 100.000%, best valid error 100.000%, avg grad norm   0.053, avg grad norm (post clip)   0.041, rho_Whh  0.08, Omega  0.00, alpha  0.000, steps in the past 0.000, valid nll 0.326
  [diag] log10|dL/dh_t| hist bins=60 range=(-12.50,-11.50) mean=-12.00 p50=-12.00 p05=-12.00 p95=-12.00
  [diag] sat-dist hist bins=60 sat<0.05=0.0% mean=0.886 p10=0.881 p90=0.891
  [diag] z-gate sat-dist hist bins=60 mean=0.121 p10=0.121 p90=0.121
  [diag] r-gate sat-dist hist bins=60 mean=0.497 p10=0.497 p90=0.497
Iter 0011420: train nll 0.384, valid error 100.000%, best valid error 100.000%, avg grad norm   0.043, avg grad norm (post clip)   0.039, rho_Whh  0.08, Omega  0.00, alpha  0.000, steps in the past 0.000, valid nll 0.326
  [diag] log10|dL/dh_t| hist bins=60 range=(-12.50,-11.50) mean=-12.00 p50=-12.00 p05=-12.00 p95=-12.00
  [diag] sat-dist hist bins=60 sat<0.05=0.0% mean=0.887 p10=0.881 p90=0.891
  [diag] z-gate sat-dist hist bins=60 mean=0.121 p10=0.121 p90=0.121
  [diag] r-gate sat-dist hist bins=60 mean=0.497 p10=0.497 p90=0.497
Iter 0011440: train nll 0.391, valid error 100.000%, best valid error 100.000%, avg grad norm   0.039, avg grad norm (post clip)   0.033, rho_Whh  0.08, Omega  0.00, alpha  0.000, steps in the past 0.000, valid nll 0.326
  [diag] log10|dL/dh_t| hist bins=60 range=(-12.50,-11.50) mean=-12.00 p50=-12.00 p05=-12.00 p95=-12.00
  [diag] sat-dist hist bins=60 sat<0.05=0.0% mean=0.887 p10=0.881 p90=0.891
  [diag] z-gate sat-dist hist bins=60 mean=0.121 p10=0.121 p90=0.121
  [diag] r-gate sat-dist hist bins=60 mean=0.497 p10=0.497 p90=0.497
Iter 0011460: train nll 0.390, valid error 100.000%, best valid error 100.000%, avg grad norm   0.045, avg grad norm (post clip)   0.037, rho_Whh  0.08, Omega  0.00, alpha  0.000, steps in the past 0.000, valid nll 0.326
  [diag] log10|dL/dh_t| hist bins=60 range=(-12.50,-11.50) mean=-12.00 p50=-12.00 p05=-12.00 p95=-12.00
  [diag] sat-dist hist bins=60 sat<0.05=0.0% mean=0.887 p10=0.881 p90=0.891
  [diag] z-gate sat-dist hist bins=60 mean=0.121 p10=0.121 p90=0.121
  [diag] r-gate sat-dist hist bins=60 mean=0.497 p10=0.497 p90=0.497
Iter 0011480: train nll 0.371, valid error 100.000%, best valid error 100.000%, avg grad norm   0.042, avg grad norm (post clip)   0.035, rho_Whh  0.08, Omega  0.00, alpha  0.000, steps in the past 0.000, valid nll 0.326
  [diag] log10|dL/dh_t| hist bins=60 range=(-12.50,-11.50) mean=-12.00 p50=-12.00 p05=-12.00 p95=-12.00
  [diag] sat-dist hist bins=60 sat<0.05=0.0% mean=0.887 p10=0.881 p90=0.891
  [diag] z-gate sat-dist hist bins=60 mean=0.121 p10=0.121 p90=0.121
  [diag] r-gate sat-dist hist bins=60 mean=0.497 p10=0.497 p90=0.497
Iter 0011500: train nll 0.384, valid error 100.000%, best valid error 100.000%, avg grad norm   0.049, avg grad norm (post clip)   0.041, rho_Whh  0.08, Omega  0.00, alpha  0.000, steps in the past 0.000, valid nll 0.326
  [diag] log10|dL/dh_t| hist bins=60 range=(-12.50,-11.50) mean=-12.00 p50=-12.00 p05=-12.00 p95=-12.00
  [diag] sat-dist hist bins=60 sat<0.05=0.0% mean=0.887 p10=0.881 p90=0.891
  [diag] z-gate sat-dist hist bins=60 mean=0.121 p10=0.121 p90=0.121
  [diag] r-gate sat-dist hist bins=60 mean=0.497 p10=0.497 p90=0.497
Iter 0011520: train nll 0.376, valid error 100.000%, best valid error 100.000%, avg grad norm   0.041, avg grad norm (post clip)   0.037, rho_Whh  0.08, Omega  0.00, alpha  0.000, steps in the past 0.000, valid nll 0.326
  [diag] log10|dL/dh_t| hist bins=60 range=(-12.50,-11.50) mean=-12.00 p50=-12.00 p05=-12.00 p95=-12.00
  [diag] sat-dist hist bins=60 sat<0.05=0.0% mean=0.887 p10=0.881 p90=0.891
  [diag] z-gate sat-dist hist bins=60 mean=0.121 p10=0.121 p90=0.121
  [diag] r-gate sat-dist hist bins=60 mean=0.497 p10=0.497 p90=0.497
Iter 0011540: train nll 0.393, valid error 100.000%, best valid error 100.000%, avg grad norm   0.047, avg grad norm (post clip)   0.039, rho_Whh  0.08, Omega  0.00, alpha  0.000, steps in the past 0.000, valid nll 0.326
  [diag] log10|dL/dh_t| hist bins=60 range=(-12.50,-11.50) mean=-12.00 p50=-12.00 p05=-12.00 p95=-12.00
  [diag] sat-dist hist bins=60 sat<0.05=0.0% mean=0.887 p10=0.881 p90=0.891
  [diag] z-gate sat-dist hist bins=60 mean=0.121 p10=0.121 p90=0.121
  [diag] r-gate sat-dist hist bins=60 mean=0.497 p10=0.497 p90=0.497
Iter 0011560: train nll 0.367, valid error 100.000%, best valid error 100.000%, avg grad norm   0.044, avg grad norm (post clip)   0.040, rho_Whh  0.08, Omega  0.00, alpha  0.000, steps in the past 0.000, valid nll 0.325
  [diag] log10|dL/dh_t| hist bins=60 range=(-12.50,-11.50) mean=-12.00 p50=-12.00 p05=-12.00 p95=-12.00
  [diag] sat-dist hist bins=60 sat<0.05=0.0% mean=0.887 p10=0.882 p90=0.891
  [diag] z-gate sat-dist hist bins=60 mean=0.121 p10=0.121 p90=0.121
  [diag] r-gate sat-dist hist bins=60 mean=0.497 p10=0.497 p90=0.497
Iter 0011580: train nll 0.397, valid error 100.000%, best valid error 100.000%, avg grad norm   0.039, avg grad norm (post clip)   0.034, rho_Whh  0.08, Omega  0.00, alpha  0.000, steps in the past 0.000, valid nll 0.326
  [diag] log10|dL/dh_t| hist bins=60 range=(-12.50,-11.50) mean=-12.00 p50=-12.00 p05=-12.00 p95=-12.00
  [diag] sat-dist hist bins=60 sat<0.05=0.0% mean=0.887 p10=0.882 p90=0.891
  [diag] z-gate sat-dist hist bins=60 mean=0.121 p10=0.121 p90=0.121
  [diag] r-gate sat-dist hist bins=60 mean=0.497 p10=0.497 p90=0.497
Iter 0011600: train nll 0.396, valid error 100.000%, best valid error 100.000%, avg grad norm   0.053, avg grad norm (post clip)   0.040, rho_Whh  0.08, Omega  0.00, alpha  0.000, steps in the past 0.000, valid nll 0.325
  [diag] log10|dL/dh_t| hist bins=60 range=(-12.50,-11.50) mean=-12.00 p50=-12.00 p05=-12.00 p95=-12.00
  [diag] sat-dist hist bins=60 sat<0.05=0.0% mean=0.887 p10=0.882 p90=0.891
  [diag] z-gate sat-dist hist bins=60 mean=0.121 p10=0.121 p90=0.121
  [diag] r-gate sat-dist hist bins=60 mean=0.497 p10=0.497 p90=0.497
Iter 0011620: train nll 0.370, valid error 100.000%, best valid error 100.000%, avg grad norm   0.036, avg grad norm (post clip)   0.034, rho_Whh  0.08, Omega  0.00, alpha  0.000, steps in the past 0.000, valid nll 0.325
  [diag] log10|dL/dh_t| hist bins=60 range=(-12.50,-11.50) mean=-12.00 p50=-12.00 p05=-12.00 p95=-12.00
  [diag] sat-dist hist bins=60 sat<0.05=0.0% mean=0.887 p10=0.882 p90=0.891
  [diag] z-gate sat-dist hist bins=60 mean=0.121 p10=0.121 p90=0.121
  [diag] r-gate sat-dist hist bins=60 mean=0.497 p10=0.497 p90=0.497
Iter 0011640: train nll 0.364, valid error 100.000%, best valid error 100.000%, avg grad norm   0.035, avg grad norm (post clip)   0.032, rho_Whh  0.08, Omega  0.00, alpha  0.000, steps in the past 0.000, valid nll 0.325
  [diag] log10|dL/dh_t| hist bins=60 range=(-12.50,-11.50) mean=-12.00 p50=-12.00 p05=-12.00 p95=-12.00
  [diag] sat-dist hist bins=60 sat<0.05=0.0% mean=0.887 p10=0.882 p90=0.892
  [diag] z-gate sat-dist hist bins=60 mean=0.121 p10=0.121 p90=0.121
  [diag] r-gate sat-dist hist bins=60 mean=0.497 p10=0.497 p90=0.497
Iter 0011660: train nll 0.426, valid error 100.000%, best valid error 100.000%, avg grad norm   0.055, avg grad norm (post clip)   0.039, rho_Whh  0.08, Omega  0.00, alpha  0.000, steps in the past 0.000, valid nll 0.325
  [diag] log10|dL/dh_t| hist bins=60 range=(-12.50,-11.50) mean=-12.00 p50=-12.00 p05=-12.00 p95=-12.00
  [diag] sat-dist hist bins=60 sat<0.05=0.0% mean=0.887 p10=0.882 p90=0.892
  [diag] z-gate sat-dist hist bins=60 mean=0.121 p10=0.121 p90=0.121
  [diag] r-gate sat-dist hist bins=60 mean=0.497 p10=0.497 p90=0.497
Iter 0011680: train nll 0.370, valid error 100.000%, best valid error 100.000%, avg grad norm   0.038, avg grad norm (post clip)   0.035, rho_Whh  0.08, Omega  0.00, alpha  0.000, steps in the past 0.000, valid nll 0.325
  [diag] log10|dL/dh_t| hist bins=60 range=(-12.50,-11.50) mean=-12.00 p50=-12.00 p05=-12.00 p95=-12.00
  [diag] sat-dist hist bins=60 sat<0.05=0.0% mean=0.887 p10=0.882 p90=0.892
  [diag] z-gate sat-dist hist bins=60 mean=0.121 p10=0.121 p90=0.121
  [diag] r-gate sat-dist hist bins=60 mean=0.497 p10=0.497 p90=0.497
Iter 0011700: train nll 0.398, valid error 100.000%, best valid error 100.000%, avg grad norm   0.050, avg grad norm (post clip)   0.037, rho_Whh  0.08, Omega  0.00, alpha  0.000, steps in the past 0.000, valid nll 0.325
  [diag] log10|dL/dh_t| hist bins=60 range=(-12.50,-11.50) mean=-12.00 p50=-12.00 p05=-12.00 p95=-12.00
  [diag] sat-dist hist bins=60 sat<0.05=0.0% mean=0.887 p10=0.882 p90=0.892
  [diag] z-gate sat-dist hist bins=60 mean=0.121 p10=0.121 p90=0.121
  [diag] r-gate sat-dist hist bins=60 mean=0.497 p10=0.497 p90=0.497
Iter 0011720: train nll 0.376, valid error 100.000%, best valid error 100.000%, avg grad norm   0.043, avg grad norm (post clip)   0.034, rho_Whh  0.08, Omega  0.00, alpha  0.000, steps in the past 0.000, valid nll 0.325
  [diag] log10|dL/dh_t| hist bins=60 range=(-12.50,-11.50) mean=-12.00 p50=-12.00 p05=-12.00 p95=-12.00
  [diag] sat-dist hist bins=60 sat<0.05=0.0% mean=0.887 p10=0.882 p90=0.892
  [diag] z-gate sat-dist hist bins=60 mean=0.121 p10=0.121 p90=0.121
  [diag] r-gate sat-dist hist bins=60 mean=0.497 p10=0.497 p90=0.497
Iter 0011740: train nll 0.388, valid error 100.000%, best valid error 100.000%, avg grad norm   0.045, avg grad norm (post clip)   0.035, rho_Whh  0.08, Omega  0.00, alpha  0.000, steps in the past 0.000, valid nll 0.325
  [diag] log10|dL/dh_t| hist bins=60 range=(-12.50,-11.50) mean=-12.00 p50=-12.00 p05=-12.00 p95=-12.00
  [diag] sat-dist hist bins=60 sat<0.05=0.0% mean=0.888 p10=0.882 p90=0.892
  [diag] z-gate sat-dist hist bins=60 mean=0.121 p10=0.121 p90=0.121
  [diag] r-gate sat-dist hist bins=60 mean=0.497 p10=0.497 p90=0.497
Iter 0011760: train nll 0.420, valid error 100.000%, best valid error 100.000%, avg grad norm   0.051, avg grad norm (post clip)   0.038, rho_Whh  0.08, Omega  0.00, alpha  0.000, steps in the past 0.000, valid nll 0.325
  [diag] log10|dL/dh_t| hist bins=60 range=(-12.50,-11.50) mean=-12.00 p50=-12.00 p05=-12.00 p95=-12.00
  [diag] sat-dist hist bins=60 sat<0.05=0.0% mean=0.888 p10=0.883 p90=0.893
  [diag] z-gate sat-dist hist bins=60 mean=0.121 p10=0.121 p90=0.121
  [diag] r-gate sat-dist hist bins=60 mean=0.497 p10=0.497 p90=0.497
Iter 0011780: train nll 0.462, valid error 100.000%, best valid error 100.000%, avg grad norm   0.066, avg grad norm (post clip)   0.044, rho_Whh  0.08, Omega  0.00, alpha  0.000, steps in the past 0.000, valid nll 0.325
  [diag] log10|dL/dh_t| hist bins=60 range=(-12.50,-11.50) mean=-12.00 p50=-12.00 p05=-12.00 p95=-12.00
  [diag] sat-dist hist bins=60 sat<0.05=0.0% mean=0.889 p10=0.883 p90=0.893
  [diag] z-gate sat-dist hist bins=60 mean=0.121 p10=0.121 p90=0.121
  [diag] r-gate sat-dist hist bins=60 mean=0.497 p10=0.497 p90=0.497
Iter 0011800: train nll 0.423, valid error 100.000%, best valid error 100.000%, avg grad norm   0.054, avg grad norm (post clip)   0.041, rho_Whh  0.08, Omega  0.00, alpha  0.000, steps in the past 0.000, valid nll 0.325
  [diag] log10|dL/dh_t| hist bins=60 range=(-12.50,-11.50) mean=-12.00 p50=-12.00 p05=-12.00 p95=-12.00
  [diag] sat-dist hist bins=60 sat<0.05=0.0% mean=0.889 p10=0.883 p90=0.893
  [diag] z-gate sat-dist hist bins=60 mean=0.121 p10=0.121 p90=0.121
  [diag] r-gate sat-dist hist bins=60 mean=0.497 p10=0.497 p90=0.497
Iter 0011820: train nll 0.400, valid error 100.000%, best valid error 100.000%, avg grad norm   0.047, avg grad norm (post clip)   0.039, rho_Whh  0.08, Omega  0.00, alpha  0.000, steps in the past 0.000, valid nll 0.325
  [diag] log10|dL/dh_t| hist bins=60 range=(-12.50,-11.50) mean=-12.00 p50=-12.00 p05=-12.00 p95=-12.00
  [diag] sat-dist hist bins=60 sat<0.05=0.0% mean=0.889 p10=0.884 p90=0.894
  [diag] z-gate sat-dist hist bins=60 mean=0.121 p10=0.121 p90=0.121
  [diag] r-gate sat-dist hist bins=60 mean=0.497 p10=0.497 p90=0.497
Iter 0011840: train nll 0.419, valid error 100.000%, best valid error 100.000%, avg grad norm   0.043, avg grad norm (post clip)   0.036, rho_Whh  0.08, Omega  0.00, alpha  0.000, steps in the past 0.000, valid nll 0.325
  [diag] log10|dL/dh_t| hist bins=60 range=(-12.50,-11.50) mean=-12.00 p50=-12.00 p05=-12.00 p95=-12.00
  [diag] sat-dist hist bins=60 sat<0.05=0.0% mean=0.889 p10=0.884 p90=0.893
  [diag] z-gate sat-dist hist bins=60 mean=0.121 p10=0.121 p90=0.121
  [diag] r-gate sat-dist hist bins=60 mean=0.497 p10=0.497 p90=0.497
Iter 0011860: train nll 0.366, valid error 100.000%, best valid error 100.000%, avg grad norm   0.035, avg grad norm (post clip)   0.032, rho_Whh  0.08, Omega  0.00, alpha  0.000, steps in the past 0.000, valid nll 0.325
  [diag] log10|dL/dh_t| hist bins=60 range=(-12.50,-11.50) mean=-12.00 p50=-12.00 p05=-12.00 p95=-12.00
  [diag] sat-dist hist bins=60 sat<0.05=0.0% mean=0.889 p10=0.884 p90=0.894
  [diag] z-gate sat-dist hist bins=60 mean=0.121 p10=0.121 p90=0.121
  [diag] r-gate sat-dist hist bins=60 mean=0.497 p10=0.497 p90=0.497
Iter 0011880: train nll 0.442, valid error 100.000%, best valid error 100.000%, avg grad norm   0.054, avg grad norm (post clip)   0.035, rho_Whh  0.08, Omega  0.00, alpha  0.000, steps in the past 0.000, valid nll 0.325
  [diag] log10|dL/dh_t| hist bins=60 range=(-12.50,-11.50) mean=-12.00 p50=-12.00 p05=-12.00 p95=-12.00
  [diag] sat-dist hist bins=60 sat<0.05=0.0% mean=0.889 p10=0.884 p90=0.894
  [diag] z-gate sat-dist hist bins=60 mean=0.121 p10=0.121 p90=0.121
  [diag] r-gate sat-dist hist bins=60 mean=0.497 p10=0.497 p90=0.497
Iter 0011900: train nll 0.383, valid error 100.000%, best valid error 100.000%, avg grad norm   0.043, avg grad norm (post clip)   0.038, rho_Whh  0.08, Omega  0.00, alpha  0.000, steps in the past 0.000, valid nll 0.325
  [diag] log10|dL/dh_t| hist bins=60 range=(-12.50,-11.50) mean=-12.00 p50=-12.00 p05=-12.00 p95=-12.00
  [diag] sat-dist hist bins=60 sat<0.05=0.0% mean=0.890 p10=0.884 p90=0.894
  [diag] z-gate sat-dist hist bins=60 mean=0.121 p10=0.121 p90=0.121
  [diag] r-gate sat-dist hist bins=60 mean=0.497 p10=0.497 p90=0.497
Iter 0011920: train nll 0.436, valid error 100.000%, best valid error 100.000%, avg grad norm   0.060, avg grad norm (post clip)   0.042, rho_Whh  0.08, Omega  0.00, alpha  0.000, steps in the past 0.000, valid nll 0.325
  [diag] log10|dL/dh_t| hist bins=60 range=(-12.50,-11.50) mean=-12.00 p50=-12.00 p05=-12.00 p95=-12.00
  [diag] sat-dist hist bins=60 sat<0.05=0.0% mean=0.890 p10=0.884 p90=0.894
  [diag] z-gate sat-dist hist bins=60 mean=0.121 p10=0.121 p90=0.121
  [diag] r-gate sat-dist hist bins=60 mean=0.497 p10=0.497 p90=0.497
Iter 0011940: train nll 0.371, valid error 100.000%, best valid error 100.000%, avg grad norm   0.043, avg grad norm (post clip)   0.038, rho_Whh  0.08, Omega  0.00, alpha  0.000, steps in the past 0.000, valid nll 0.325
  [diag] log10|dL/dh_t| hist bins=60 range=(-12.50,-11.50) mean=-12.00 p50=-12.00 p05=-12.00 p95=-12.00
  [diag] sat-dist hist bins=60 sat<0.05=0.0% mean=0.890 p10=0.884 p90=0.894
  [diag] z-gate sat-dist hist bins=60 mean=0.121 p10=0.121 p90=0.122
  [diag] r-gate sat-dist hist bins=60 mean=0.497 p10=0.497 p90=0.497
Iter 0011960: train nll 0.360, valid error 100.000%, best valid error 100.000%, avg grad norm   0.036, avg grad norm (post clip)   0.034, rho_Whh  0.08, Omega  0.00, alpha  0.000, steps in the past 0.000, valid nll 0.325
  [diag] log10|dL/dh_t| hist bins=60 range=(-12.50,-11.50) mean=-12.00 p50=-12.00 p05=-12.00 p95=-12.00
  [diag] sat-dist hist bins=60 sat<0.05=0.0% mean=0.890 p10=0.885 p90=0.894
  [diag] z-gate sat-dist hist bins=60 mean=0.121 p10=0.121 p90=0.122
  [diag] r-gate sat-dist hist bins=60 mean=0.497 p10=0.497 p90=0.497
Iter 0011980: train nll 0.410, valid error 100.000%, best valid error 100.000%, avg grad norm   0.036, avg grad norm (post clip)   0.031, rho_Whh  0.08, Omega  0.00, alpha  0.000, steps in the past 0.000, valid nll 0.325
  [diag] log10|dL/dh_t| hist bins=60 range=(-12.50,-11.50) mean=-12.00 p50=-12.00 p05=-12.00 p95=-12.00
  [diag] sat-dist hist bins=60 sat<0.05=0.0% mean=0.890 p10=0.885 p90=0.895
  [diag] z-gate sat-dist hist bins=60 mean=0.121 p10=0.121 p90=0.122
  [diag] r-gate sat-dist hist bins=60 mean=0.497 p10=0.497 p90=0.497
Iter 0012000: train nll 0.399, valid error 100.000%, best valid error 100.000%, avg grad norm   0.047, avg grad norm (post clip)   0.039, rho_Whh  0.08, Omega  0.00, alpha  0.000, steps in the past 0.000, valid nll 0.325
  [diag] log10|dL/dh_t| hist bins=60 range=(-12.50,-11.50) mean=-12.00 p50=-12.00 p05=-12.00 p95=-12.00
  [diag] sat-dist hist bins=60 sat<0.05=0.0% mean=0.890 p10=0.885 p90=0.895
  [diag] z-gate sat-dist hist bins=60 mean=0.121 p10=0.121 p90=0.122
  [diag] r-gate sat-dist hist bins=60 mean=0.497 p10=0.497 p90=0.497
Iter 0012020: train nll 0.377, valid error 100.000%, best valid error 100.000%, avg grad norm   0.042, avg grad norm (post clip)   0.038, rho_Whh  0.08, Omega  0.00, alpha  0.000, steps in the past 0.000, valid nll 0.325
  [diag] log10|dL/dh_t| hist bins=60 range=(-12.50,-11.50) mean=-12.00 p50=-12.00 p05=-12.00 p95=-12.00
  [diag] sat-dist hist bins=60 sat<0.05=0.0% mean=0.890 p10=0.885 p90=0.895
  [diag] z-gate sat-dist hist bins=60 mean=0.121 p10=0.121 p90=0.122
  [diag] r-gate sat-dist hist bins=60 mean=0.497 p10=0.497 p90=0.497
Iter 0012040: train nll 0.429, valid error 100.000%, best valid error 100.000%, avg grad norm   0.050, avg grad norm (post clip)   0.039, rho_Whh  0.08, Omega  0.00, alpha  0.000, steps in the past 0.000, valid nll 0.325
  [diag] log10|dL/dh_t| hist bins=60 range=(-12.50,-11.50) mean=-12.00 p50=-12.00 p05=-12.00 p95=-12.00
  [diag] sat-dist hist bins=60 sat<0.05=0.0% mean=0.891 p10=0.885 p90=0.895
  [diag] z-gate sat-dist hist bins=60 mean=0.121 p10=0.121 p90=0.122
  [diag] r-gate sat-dist hist bins=60 mean=0.497 p10=0.497 p90=0.497
Iter 0012060: train nll 0.415, valid error 100.000%, best valid error 100.000%, avg grad norm   0.051, avg grad norm (post clip)   0.040, rho_Whh  0.08, Omega  0.00, alpha  0.000, steps in the past 0.000, valid nll 0.325
  [diag] log10|dL/dh_t| hist bins=60 range=(-12.50,-11.50) mean=-12.00 p50=-12.00 p05=-12.00 p95=-12.00
  [diag] sat-dist hist bins=60 sat<0.05=0.0% mean=0.891 p10=0.886 p90=0.895
  [diag] z-gate sat-dist hist bins=60 mean=0.121 p10=0.121 p90=0.122
  [diag] r-gate sat-dist hist bins=60 mean=0.497 p10=0.497 p90=0.497
Iter 0012080: train nll 0.397, valid error 100.000%, best valid error 100.000%, avg grad norm   0.049, avg grad norm (post clip)   0.042, rho_Whh  0.08, Omega  0.00, alpha  0.000, steps in the past 0.000, valid nll 0.325
  [diag] log10|dL/dh_t| hist bins=60 range=(-12.50,-11.50) mean=-12.00 p50=-12.00 p05=-12.00 p95=-12.00
  [diag] sat-dist hist bins=60 sat<0.05=0.0% mean=0.891 p10=0.886 p90=0.895
  [diag] z-gate sat-dist hist bins=60 mean=0.121 p10=0.121 p90=0.122
  [diag] r-gate sat-dist hist bins=60 mean=0.497 p10=0.497 p90=0.497
Iter 0012100: train nll 0.393, valid error 100.000%, best valid error 100.000%, avg grad norm   0.046, avg grad norm (post clip)   0.037, rho_Whh  0.08, Omega  0.00, alpha  0.000, steps in the past 0.000, valid nll 0.325
  [diag] log10|dL/dh_t| hist bins=60 range=(-12.50,-11.50) mean=-12.00 p50=-12.00 p05=-12.00 p95=-12.00
  [diag] sat-dist hist bins=60 sat<0.05=0.0% mean=0.891 p10=0.886 p90=0.896
  [diag] z-gate sat-dist hist bins=60 mean=0.121 p10=0.121 p90=0.122
  [diag] r-gate sat-dist hist bins=60 mean=0.497 p10=0.497 p90=0.497
Iter 0012120: train nll 0.396, valid error 100.000%, best valid error 100.000%, avg grad norm   0.047, avg grad norm (post clip)   0.038, rho_Whh  0.08, Omega  0.00, alpha  0.000, steps in the past 0.000, valid nll 0.325
  [diag] log10|dL/dh_t| hist bins=60 range=(-12.50,-11.50) mean=-12.00 p50=-12.00 p05=-12.00 p95=-12.00
  [diag] sat-dist hist bins=60 sat<0.05=0.0% mean=0.891 p10=0.886 p90=0.896
  [diag] z-gate sat-dist hist bins=60 mean=0.121 p10=0.121 p90=0.122
  [diag] r-gate sat-dist hist bins=60 mean=0.497 p10=0.497 p90=0.497
Iter 0012140: train nll 0.392, valid error 100.000%, best valid error 100.000%, avg grad norm   0.044, avg grad norm (post clip)   0.034, rho_Whh  0.08, Omega  0.00, alpha  0.000, steps in the past 0.000, valid nll 0.325
  [diag] log10|dL/dh_t| hist bins=60 range=(-12.50,-11.50) mean=-12.00 p50=-12.00 p05=-12.00 p95=-12.00
  [diag] sat-dist hist bins=60 sat<0.05=0.0% mean=0.891 p10=0.886 p90=0.896
  [diag] z-gate sat-dist hist bins=60 mean=0.121 p10=0.121 p90=0.122
  [diag] r-gate sat-dist hist bins=60 mean=0.497 p10=0.497 p90=0.497
Iter 0012160: train nll 0.418, valid error 100.000%, best valid error 100.000%, avg grad norm   0.043, avg grad norm (post clip)   0.036, rho_Whh  0.08, Omega  0.00, alpha  0.000, steps in the past 0.000, valid nll 0.325
  [diag] log10|dL/dh_t| hist bins=60 range=(-12.50,-11.50) mean=-12.00 p50=-12.00 p05=-12.00 p95=-12.00
  [diag] sat-dist hist bins=60 sat<0.05=0.0% mean=0.891 p10=0.886 p90=0.896
  [diag] z-gate sat-dist hist bins=60 mean=0.121 p10=0.121 p90=0.122
  [diag] r-gate sat-dist hist bins=60 mean=0.497 p10=0.497 p90=0.497
Iter 0012180: train nll 0.405, valid error 100.000%, best valid error 100.000%, avg grad norm   0.054, avg grad norm (post clip)   0.043, rho_Whh  0.08, Omega  0.00, alpha  0.000, steps in the past 0.000, valid nll 0.325
  [diag] log10|dL/dh_t| hist bins=60 range=(-12.50,-11.50) mean=-12.00 p50=-12.00 p05=-12.00 p95=-12.00
  [diag] sat-dist hist bins=60 sat<0.05=0.0% mean=0.891 p10=0.886 p90=0.896
  [diag] z-gate sat-dist hist bins=60 mean=0.121 p10=0.121 p90=0.122
  [diag] r-gate sat-dist hist bins=60 mean=0.497 p10=0.497 p90=0.497
Iter 0012200: train nll 0.383, valid error 100.000%, best valid error 100.000%, avg grad norm   0.046, avg grad norm (post clip)   0.038, rho_Whh  0.08, Omega  0.00, alpha  0.000, steps in the past 0.000, valid nll 0.325
  [diag] log10|dL/dh_t| hist bins=60 range=(-12.50,-11.50) mean=-12.00 p50=-12.00 p05=-12.00 p95=-12.00
  [diag] sat-dist hist bins=60 sat<0.05=0.0% mean=0.891 p10=0.886 p90=0.896
  [diag] z-gate sat-dist hist bins=60 mean=0.121 p10=0.121 p90=0.122
  [diag] r-gate sat-dist hist bins=60 mean=0.497 p10=0.497 p90=0.497
Iter 0012220: train nll 0.375, valid error 100.000%, best valid error 100.000%, avg grad norm   0.042, avg grad norm (post clip)   0.036, rho_Whh  0.08, Omega  0.00, alpha  0.000, steps in the past 0.000, valid nll 0.325
  [diag] log10|dL/dh_t| hist bins=60 range=(-12.50,-11.50) mean=-12.00 p50=-12.00 p05=-12.00 p95=-12.00
  [diag] sat-dist hist bins=60 sat<0.05=0.0% mean=0.891 p10=0.886 p90=0.896
  [diag] z-gate sat-dist hist bins=60 mean=0.121 p10=0.121 p90=0.122
  [diag] r-gate sat-dist hist bins=60 mean=0.497 p10=0.497 p90=0.497
Iter 0012240: train nll 0.403, valid error 100.000%, best valid error 100.000%, avg grad norm   0.040, avg grad norm (post clip)   0.032, rho_Whh  0.08, Omega  0.00, alpha  0.000, steps in the past 0.000, valid nll 0.325
  [diag] log10|dL/dh_t| hist bins=60 range=(-12.50,-11.50) mean=-12.00 p50=-12.00 p05=-12.00 p95=-12.00
  [diag] sat-dist hist bins=60 sat<0.05=0.0% mean=0.892 p10=0.887 p90=0.896
  [diag] z-gate sat-dist hist bins=60 mean=0.121 p10=0.121 p90=0.122
  [diag] r-gate sat-dist hist bins=60 mean=0.497 p10=0.497 p90=0.497
Iter 0012260: train nll 0.409, valid error 100.000%, best valid error 100.000%, avg grad norm   0.052, avg grad norm (post clip)   0.038, rho_Whh  0.08, Omega  0.00, alpha  0.000, steps in the past 0.000, valid nll 0.325
  [diag] log10|dL/dh_t| hist bins=60 range=(-12.50,-11.50) mean=-12.00 p50=-12.00 p05=-12.00 p95=-12.00
  [diag] sat-dist hist bins=60 sat<0.05=0.0% mean=0.892 p10=0.887 p90=0.896
  [diag] z-gate sat-dist hist bins=60 mean=0.122 p10=0.121 p90=0.122
  [diag] r-gate sat-dist hist bins=60 mean=0.497 p10=0.497 p90=0.497
Iter 0012280: train nll 0.398, valid error 100.000%, best valid error 100.000%, avg grad norm   0.045, avg grad norm (post clip)   0.037, rho_Whh  0.08, Omega  0.00, alpha  0.000, steps in the past 0.000, valid nll 0.325
  [diag] log10|dL/dh_t| hist bins=60 range=(-12.50,-11.50) mean=-12.00 p50=-12.00 p05=-12.00 p95=-12.00
  [diag] sat-dist hist bins=60 sat<0.05=0.0% mean=0.892 p10=0.887 p90=0.896
  [diag] z-gate sat-dist hist bins=60 mean=0.122 p10=0.121 p90=0.122
  [diag] r-gate sat-dist hist bins=60 mean=0.497 p10=0.497 p90=0.497
Iter 0012300: train nll 0.388, valid error 100.000%, best valid error 100.000%, avg grad norm   0.045, avg grad norm (post clip)   0.035, rho_Whh  0.08, Omega  0.00, alpha  0.000, steps in the past 0.000, valid nll 0.325
  [diag] log10|dL/dh_t| hist bins=60 range=(-12.50,-11.50) mean=-12.00 p50=-12.00 p05=-12.00 p95=-12.00
  [diag] sat-dist hist bins=60 sat<0.05=0.0% mean=0.892 p10=0.887 p90=0.897
  [diag] z-gate sat-dist hist bins=60 mean=0.122 p10=0.121 p90=0.122
  [diag] r-gate sat-dist hist bins=60 mean=0.497 p10=0.497 p90=0.497
Iter 0012320: train nll 0.424, valid error 100.000%, best valid error 100.000%, avg grad norm   0.053, avg grad norm (post clip)   0.040, rho_Whh  0.08, Omega  0.00, alpha  0.000, steps in the past 0.000, valid nll 0.325
  [diag] log10|dL/dh_t| hist bins=60 range=(-12.50,-11.50) mean=-12.00 p50=-12.00 p05=-12.00 p95=-12.00
  [diag] sat-dist hist bins=60 sat<0.05=0.0% mean=0.892 p10=0.887 p90=0.897
  [diag] z-gate sat-dist hist bins=60 mean=0.122 p10=0.121 p90=0.122
  [diag] r-gate sat-dist hist bins=60 mean=0.497 p10=0.497 p90=0.497
Iter 0012340: train nll 0.438, valid error 100.000%, best valid error 100.000%, avg grad norm   0.061, avg grad norm (post clip)   0.041, rho_Whh  0.08, Omega  0.00, alpha  0.000, steps in the past 0.000, valid nll 0.325
  [diag] log10|dL/dh_t| hist bins=60 range=(-12.50,-11.50) mean=-12.00 p50=-12.00 p05=-12.00 p95=-12.00
  [diag] sat-dist hist bins=60 sat<0.05=0.0% mean=0.892 p10=0.887 p90=0.897
  [diag] z-gate sat-dist hist bins=60 mean=0.122 p10=0.121 p90=0.122
  [diag] r-gate sat-dist hist bins=60 mean=0.497 p10=0.497 p90=0.497
Iter 0012360: train nll 0.406, valid error 100.000%, best valid error 100.000%, avg grad norm   0.050, avg grad norm (post clip)   0.041, rho_Whh  0.08, Omega  0.00, alpha  0.000, steps in the past 0.000, valid nll 0.325
  [diag] log10|dL/dh_t| hist bins=60 range=(-12.50,-11.50) mean=-12.00 p50=-12.00 p05=-12.00 p95=-12.00
  [diag] sat-dist hist bins=60 sat<0.05=0.0% mean=0.892 p10=0.887 p90=0.897
  [diag] z-gate sat-dist hist bins=60 mean=0.122 p10=0.122 p90=0.122
  [diag] r-gate sat-dist hist bins=60 mean=0.497 p10=0.497 p90=0.497
Iter 0012380: train nll 0.361, valid error 100.000%, best valid error 100.000%, avg grad norm   0.044, avg grad norm (post clip)   0.039, rho_Whh  0.08, Omega  0.00, alpha  0.000, steps in the past 0.000, valid nll 0.325
  [diag] log10|dL/dh_t| hist bins=60 range=(-12.50,-11.50) mean=-12.00 p50=-12.00 p05=-12.00 p95=-12.00
  [diag] sat-dist hist bins=60 sat<0.05=0.0% mean=0.892 p10=0.887 p90=0.897
  [diag] z-gate sat-dist hist bins=60 mean=0.122 p10=0.122 p90=0.122
  [diag] r-gate sat-dist hist bins=60 mean=0.497 p10=0.497 p90=0.497
Iter 0012400: train nll 0.413, valid error 100.000%, best valid error 100.000%, avg grad norm   0.051, avg grad norm (post clip)   0.039, rho_Whh  0.08, Omega  0.00, alpha  0.000, steps in the past 0.000, valid nll 0.325
  [diag] log10|dL/dh_t| hist bins=60 range=(-12.50,-11.50) mean=-12.00 p50=-12.00 p05=-12.00 p95=-12.00
  [diag] sat-dist hist bins=60 sat<0.05=0.0% mean=0.893 p10=0.888 p90=0.897
  [diag] z-gate sat-dist hist bins=60 mean=0.122 p10=0.122 p90=0.122
  [diag] r-gate sat-dist hist bins=60 mean=0.497 p10=0.497 p90=0.497
Iter 0012420: train nll 0.384, valid error 100.000%, best valid error 100.000%, avg grad norm   0.042, avg grad norm (post clip)   0.037, rho_Whh  0.08, Omega  0.00, alpha  0.000, steps in the past 0.000, valid nll 0.325
  [diag] log10|dL/dh_t| hist bins=60 range=(-12.50,-11.50) mean=-12.00 p50=-12.00 p05=-12.00 p95=-12.00
  [diag] sat-dist hist bins=60 sat<0.05=0.0% mean=0.893 p10=0.888 p90=0.897
  [diag] z-gate sat-dist hist bins=60 mean=0.122 p10=0.122 p90=0.122
  [diag] r-gate sat-dist hist bins=60 mean=0.497 p10=0.497 p90=0.497
Iter 0012440: train nll 0.419, valid error 100.000%, best valid error 100.000%, avg grad norm   0.045, avg grad norm (post clip)   0.036, rho_Whh  0.08, Omega  0.00, alpha  0.000, steps in the past 0.000, valid nll 0.325
  [diag] log10|dL/dh_t| hist bins=60 range=(-12.50,-11.50) mean=-12.00 p50=-12.00 p05=-12.00 p95=-12.00
  [diag] sat-dist hist bins=60 sat<0.05=0.0% mean=0.893 p10=0.888 p90=0.897
  [diag] z-gate sat-dist hist bins=60 mean=0.122 p10=0.122 p90=0.122
  [diag] r-gate sat-dist hist bins=60 mean=0.497 p10=0.497 p90=0.497
Iter 0012460: train nll 0.380, valid error 100.000%, best valid error 100.000%, avg grad norm   0.035, avg grad norm (post clip)   0.032, rho_Whh  0.08, Omega  0.00, alpha  0.000, steps in the past 0.000, valid nll 0.325
  [diag] log10|dL/dh_t| hist bins=60 range=(-12.50,-11.50) mean=-12.00 p50=-12.00 p05=-12.00 p95=-12.00
  [diag] sat-dist hist bins=60 sat<0.05=0.0% mean=0.893 p10=0.888 p90=0.898
  [diag] z-gate sat-dist hist bins=60 mean=0.122 p10=0.122 p90=0.122
  [diag] r-gate sat-dist hist bins=60 mean=0.497 p10=0.497 p90=0.497
Iter 0012480: train nll 0.418, valid error 100.000%, best valid error 100.000%, avg grad norm   0.044, avg grad norm (post clip)   0.035, rho_Whh  0.08, Omega  0.00, alpha  0.000, steps in the past 0.000, valid nll 0.325
  [diag] log10|dL/dh_t| hist bins=60 range=(-12.50,-11.50) mean=-12.00 p50=-12.00 p05=-12.00 p95=-12.00
  [diag] sat-dist hist bins=60 sat<0.05=0.0% mean=0.893 p10=0.888 p90=0.898
  [diag] z-gate sat-dist hist bins=60 mean=0.122 p10=0.122 p90=0.122
  [diag] r-gate sat-dist hist bins=60 mean=0.497 p10=0.497 p90=0.497
Iter 0012500: train nll 0.376, valid error 100.000%, best valid error 100.000%, avg grad norm   0.037, avg grad norm (post clip)   0.035, rho_Whh  0.08, Omega  0.00, alpha  0.000, steps in the past 0.000, valid nll 0.325
  [diag] log10|dL/dh_t| hist bins=60 range=(-12.50,-11.50) mean=-12.00 p50=-12.00 p05=-12.00 p95=-12.00
  [diag] sat-dist hist bins=60 sat<0.05=0.0% mean=0.893 p10=0.888 p90=0.898
  [diag] z-gate sat-dist hist bins=60 mean=0.122 p10=0.122 p90=0.122
  [diag] r-gate sat-dist hist bins=60 mean=0.497 p10=0.497 p90=0.497
Iter 0012520: train nll 0.390, valid error 100.000%, best valid error 100.000%, avg grad norm   0.045, avg grad norm (post clip)   0.036, rho_Whh  0.08, Omega  0.00, alpha  0.000, steps in the past 0.000, valid nll 0.325
  [diag] log10|dL/dh_t| hist bins=60 range=(-12.50,-11.50) mean=-12.00 p50=-12.00 p05=-12.00 p95=-12.00
  [diag] sat-dist hist bins=60 sat<0.05=0.0% mean=0.893 p10=0.888 p90=0.898
  [diag] z-gate sat-dist hist bins=60 mean=0.122 p10=0.122 p90=0.122
  [diag] r-gate sat-dist hist bins=60 mean=0.497 p10=0.497 p90=0.497
Iter 0012540: train nll 0.402, valid error 100.000%, best valid error 100.000%, avg grad norm   0.039, avg grad norm (post clip)   0.031, rho_Whh  0.08, Omega  0.00, alpha  0.000, steps in the past 0.000, valid nll 0.325
  [diag] log10|dL/dh_t| hist bins=60 range=(-12.50,-11.50) mean=-12.00 p50=-12.00 p05=-12.00 p95=-12.00
  [diag] sat-dist hist bins=60 sat<0.05=0.0% mean=0.893 p10=0.888 p90=0.898
  [diag] z-gate sat-dist hist bins=60 mean=0.122 p10=0.122 p90=0.122
  [diag] r-gate sat-dist hist bins=60 mean=0.497 p10=0.497 p90=0.497
Iter 0012560: train nll 0.385, valid error 100.000%, best valid error 100.000%, avg grad norm   0.047, avg grad norm (post clip)   0.038, rho_Whh  0.08, Omega  0.00, alpha  0.000, steps in the past 0.000, valid nll 0.325
  [diag] log10|dL/dh_t| hist bins=60 range=(-12.50,-11.50) mean=-12.00 p50=-12.00 p05=-12.00 p95=-12.00
  [diag] sat-dist hist bins=60 sat<0.05=0.0% mean=0.893 p10=0.888 p90=0.898
  [diag] z-gate sat-dist hist bins=60 mean=0.122 p10=0.122 p90=0.122
  [diag] r-gate sat-dist hist bins=60 mean=0.497 p10=0.497 p90=0.497
Iter 0012580: train nll 0.391, valid error 100.000%, best valid error 100.000%, avg grad norm   0.038, avg grad norm (post clip)   0.031, rho_Whh  0.08, Omega  0.00, alpha  0.000, steps in the past 0.000, valid nll 0.325
  [diag] log10|dL/dh_t| hist bins=60 range=(-12.50,-11.50) mean=-12.00 p50=-12.00 p05=-12.00 p95=-12.00
  [diag] sat-dist hist bins=60 sat<0.05=0.0% mean=0.894 p10=0.889 p90=0.898
  [diag] z-gate sat-dist hist bins=60 mean=0.122 p10=0.122 p90=0.122
  [diag] r-gate sat-dist hist bins=60 mean=0.497 p10=0.497 p90=0.497
Iter 0012600: train nll 0.436, valid error 100.000%, best valid error 100.000%, avg grad norm   0.051, avg grad norm (post clip)   0.041, rho_Whh  0.08, Omega  0.00, alpha  0.000, steps in the past 0.000, valid nll 0.325
  [diag] log10|dL/dh_t| hist bins=60 range=(-12.50,-11.50) mean=-12.00 p50=-12.00 p05=-12.00 p95=-12.00
  [diag] sat-dist hist bins=60 sat<0.05=0.0% mean=0.894 p10=0.889 p90=0.898
  [diag] z-gate sat-dist hist bins=60 mean=0.122 p10=0.122 p90=0.122
  [diag] r-gate sat-dist hist bins=60 mean=0.497 p10=0.497 p90=0.497
Iter 0012620: train nll 0.415, valid error 100.000%, best valid error 100.000%, avg grad norm   0.055, avg grad norm (post clip)   0.043, rho_Whh  0.08, Omega  0.00, alpha  0.000, steps in the past 0.000, valid nll 0.325
  [diag] log10|dL/dh_t| hist bins=60 range=(-12.50,-11.50) mean=-12.00 p50=-12.00 p05=-12.00 p95=-12.00
  [diag] sat-dist hist bins=60 sat<0.05=0.0% mean=0.894 p10=0.889 p90=0.898
  [diag] z-gate sat-dist hist bins=60 mean=0.122 p10=0.122 p90=0.122
  [diag] r-gate sat-dist hist bins=60 mean=0.497 p10=0.497 p90=0.497
Iter 0012640: train nll 0.384, valid error 100.000%, best valid error 100.000%, avg grad norm   0.041, avg grad norm (post clip)   0.035, rho_Whh  0.08, Omega  0.00, alpha  0.000, steps in the past 0.000, valid nll 0.325
  [diag] log10|dL/dh_t| hist bins=60 range=(-12.50,-11.50) mean=-12.00 p50=-12.00 p05=-12.00 p95=-12.00
  [diag] sat-dist hist bins=60 sat<0.05=0.0% mean=0.894 p10=0.889 p90=0.899
  [diag] z-gate sat-dist hist bins=60 mean=0.122 p10=0.122 p90=0.122
  [diag] r-gate sat-dist hist bins=60 mean=0.497 p10=0.497 p90=0.497
Iter 0012660: train nll 0.383, valid error 100.000%, best valid error 100.000%, avg grad norm   0.037, avg grad norm (post clip)   0.034, rho_Whh  0.08, Omega  0.00, alpha  0.000, steps in the past 0.000, valid nll 0.325
  [diag] log10|dL/dh_t| hist bins=60 range=(-12.50,-11.50) mean=-12.00 p50=-12.00 p05=-12.00 p95=-12.00
  [diag] sat-dist hist bins=60 sat<0.05=0.0% mean=0.894 p10=0.889 p90=0.899
  [diag] z-gate sat-dist hist bins=60 mean=0.122 p10=0.122 p90=0.122
  [diag] r-gate sat-dist hist bins=60 mean=0.497 p10=0.497 p90=0.497
Iter 0012680: train nll 0.384, valid error 100.000%, best valid error 100.000%, avg grad norm   0.042, avg grad norm (post clip)   0.034, rho_Whh  0.08, Omega  0.00, alpha  0.000, steps in the past 0.000, valid nll 0.325
  [diag] log10|dL/dh_t| hist bins=60 range=(-12.50,-11.50) mean=-12.00 p50=-12.00 p05=-12.00 p95=-12.00
  [diag] sat-dist hist bins=60 sat<0.05=0.0% mean=0.894 p10=0.890 p90=0.899
  [diag] z-gate sat-dist hist bins=60 mean=0.122 p10=0.122 p90=0.122
  [diag] r-gate sat-dist hist bins=60 mean=0.497 p10=0.497 p90=0.497
Iter 0012700: train nll 0.411, valid error 100.000%, best valid error 100.000%, avg grad norm   0.048, avg grad norm (post clip)   0.039, rho_Whh  0.08, Omega  0.00, alpha  0.000, steps in the past 0.000, valid nll 0.325
  [diag] log10|dL/dh_t| hist bins=60 range=(-12.50,-11.50) mean=-12.00 p50=-12.00 p05=-12.00 p95=-12.00
  [diag] sat-dist hist bins=60 sat<0.05=0.0% mean=0.895 p10=0.890 p90=0.899
  [diag] z-gate sat-dist hist bins=60 mean=0.122 p10=0.122 p90=0.122
  [diag] r-gate sat-dist hist bins=60 mean=0.497 p10=0.497 p90=0.497
Iter 0012720: train nll 0.433, valid error 100.000%, best valid error 100.000%, avg grad norm   0.056, avg grad norm (post clip)   0.042, rho_Whh  0.08, Omega  0.00, alpha  0.000, steps in the past 0.000, valid nll 0.325
  [diag] log10|dL/dh_t| hist bins=60 range=(-12.50,-11.50) mean=-12.00 p50=-12.00 p05=-12.00 p95=-12.00
  [diag] sat-dist hist bins=60 sat<0.05=0.0% mean=0.895 p10=0.890 p90=0.899
  [diag] z-gate sat-dist hist bins=60 mean=0.122 p10=0.122 p90=0.122
  [diag] r-gate sat-dist hist bins=60 mean=0.497 p10=0.497 p90=0.497
Iter 0012740: train nll 0.359, valid error 100.000%, best valid error 100.000%, avg grad norm   0.042, avg grad norm (post clip)   0.040, rho_Whh  0.08, Omega  0.00, alpha  0.000, steps in the past 0.000, valid nll 0.325
  [diag] log10|dL/dh_t| hist bins=60 range=(-12.50,-11.50) mean=-12.00 p50=-12.00 p05=-12.00 p95=-12.00
  [diag] sat-dist hist bins=60 sat<0.05=0.0% mean=0.895 p10=0.890 p90=0.899
  [diag] z-gate sat-dist hist bins=60 mean=0.122 p10=0.122 p90=0.122
  [diag] r-gate sat-dist hist bins=60 mean=0.497 p10=0.497 p90=0.497
Iter 0012760: train nll 0.389, valid error 100.000%, best valid error 100.000%, avg grad norm   0.044, avg grad norm (post clip)   0.035, rho_Whh  0.08, Omega  0.00, alpha  0.000, steps in the past 0.000, valid nll 0.325
  [diag] log10|dL/dh_t| hist bins=60 range=(-12.50,-11.50) mean=-12.00 p50=-12.00 p05=-12.00 p95=-12.00
  [diag] sat-dist hist bins=60 sat<0.05=0.0% mean=0.895 p10=0.890 p90=0.899
  [diag] z-gate sat-dist hist bins=60 mean=0.122 p10=0.122 p90=0.122
  [diag] r-gate sat-dist hist bins=60 mean=0.497 p10=0.497 p90=0.497
Iter 0012780: train nll 0.420, valid error 100.000%, best valid error 100.000%, avg grad norm   0.049, avg grad norm (post clip)   0.039, rho_Whh  0.08, Omega  0.00, alpha  0.000, steps in the past 0.000, valid nll 0.325
  [diag] log10|dL/dh_t| hist bins=60 range=(-12.50,-11.50) mean=-12.00 p50=-12.00 p05=-12.00 p95=-12.00
  [diag] sat-dist hist bins=60 sat<0.05=0.0% mean=0.895 p10=0.890 p90=0.899
  [diag] z-gate sat-dist hist bins=60 mean=0.122 p10=0.122 p90=0.122
  [diag] r-gate sat-dist hist bins=60 mean=0.497 p10=0.497 p90=0.497
Iter 0012800: train nll 0.399, valid error 100.000%, best valid error 100.000%, avg grad norm   0.046, avg grad norm (post clip)   0.036, rho_Whh  0.08, Omega  0.00, alpha  0.000, steps in the past 0.000, valid nll 0.325
  [diag] log10|dL/dh_t| hist bins=60 range=(-12.50,-11.50) mean=-12.00 p50=-12.00 p05=-12.00 p95=-12.00
  [diag] sat-dist hist bins=60 sat<0.05=0.0% mean=0.895 p10=0.891 p90=0.900
  [diag] z-gate sat-dist hist bins=60 mean=0.122 p10=0.122 p90=0.122
  [diag] r-gate sat-dist hist bins=60 mean=0.497 p10=0.497 p90=0.497
Iter 0012820: train nll 0.434, valid error 100.000%, best valid error 100.000%, avg grad norm   0.041, avg grad norm (post clip)   0.033, rho_Whh  0.08, Omega  0.00, alpha  0.000, steps in the past 0.000, valid nll 0.325
  [diag] log10|dL/dh_t| hist bins=60 range=(-12.50,-11.50) mean=-12.00 p50=-12.00 p05=-12.00 p95=-12.00
  [diag] sat-dist hist bins=60 sat<0.05=0.0% mean=0.895 p10=0.891 p90=0.900
  [diag] z-gate sat-dist hist bins=60 mean=0.122 p10=0.122 p90=0.122
  [diag] r-gate sat-dist hist bins=60 mean=0.497 p10=0.497 p90=0.497
Iter 0012840: train nll 0.390, valid error 100.000%, best valid error 100.000%, avg grad norm   0.046, avg grad norm (post clip)   0.040, rho_Whh  0.08, Omega  0.00, alpha  0.000, steps in the past 0.000, valid nll 0.325
  [diag] log10|dL/dh_t| hist bins=60 range=(-12.50,-11.50) mean=-12.00 p50=-12.00 p05=-12.00 p95=-12.00
  [diag] sat-dist hist bins=60 sat<0.05=0.0% mean=0.895 p10=0.891 p90=0.900
  [diag] z-gate sat-dist hist bins=60 mean=0.122 p10=0.122 p90=0.122
  [diag] r-gate sat-dist hist bins=60 mean=0.497 p10=0.497 p90=0.497
Iter 0012860: train nll 0.387, valid error 100.000%, best valid error 100.000%, avg grad norm   0.047, avg grad norm (post clip)   0.040, rho_Whh  0.08, Omega  0.00, alpha  0.000, steps in the past 0.000, valid nll 0.325
  [diag] log10|dL/dh_t| hist bins=60 range=(-12.50,-11.50) mean=-12.00 p50=-12.00 p05=-12.00 p95=-12.00
  [diag] sat-dist hist bins=60 sat<0.05=0.0% mean=0.896 p10=0.891 p90=0.900
  [diag] z-gate sat-dist hist bins=60 mean=0.122 p10=0.122 p90=0.122
  [diag] r-gate sat-dist hist bins=60 mean=0.497 p10=0.497 p90=0.497
Iter 0012880: train nll 0.413, valid error 100.000%, best valid error 100.000%, avg grad norm   0.046, avg grad norm (post clip)   0.037, rho_Whh  0.08, Omega  0.00, alpha  0.000, steps in the past 0.000, valid nll 0.325
  [diag] log10|dL/dh_t| hist bins=60 range=(-12.50,-11.50) mean=-12.00 p50=-12.00 p05=-12.00 p95=-12.00
  [diag] sat-dist hist bins=60 sat<0.05=0.0% mean=0.896 p10=0.891 p90=0.900
  [diag] z-gate sat-dist hist bins=60 mean=0.122 p10=0.122 p90=0.122
  [diag] r-gate sat-dist hist bins=60 mean=0.497 p10=0.497 p90=0.497
Iter 0012900: train nll 0.425, valid error 100.000%, best valid error 100.000%, avg grad norm   0.047, avg grad norm (post clip)   0.035, rho_Whh  0.08, Omega  0.00, alpha  0.000, steps in the past 0.000, valid nll 0.325
  [diag] log10|dL/dh_t| hist bins=60 range=(-12.50,-11.50) mean=-12.00 p50=-12.00 p05=-12.00 p95=-12.00
  [diag] sat-dist hist bins=60 sat<0.05=0.0% mean=0.896 p10=0.891 p90=0.900
  [diag] z-gate sat-dist hist bins=60 mean=0.122 p10=0.122 p90=0.122
  [diag] r-gate sat-dist hist bins=60 mean=0.497 p10=0.497 p90=0.497
Iter 0012920: train nll 0.401, valid error 100.000%, best valid error 100.000%, avg grad norm   0.039, avg grad norm (post clip)   0.034, rho_Whh  0.08, Omega  0.00, alpha  0.000, steps in the past 0.000, valid nll 0.325
  [diag] log10|dL/dh_t| hist bins=60 range=(-12.50,-11.50) mean=-12.00 p50=-12.00 p05=-12.00 p95=-12.00
  [diag] sat-dist hist bins=60 sat<0.05=0.0% mean=0.896 p10=0.891 p90=0.900
  [diag] z-gate sat-dist hist bins=60 mean=0.122 p10=0.122 p90=0.122
  [diag] r-gate sat-dist hist bins=60 mean=0.497 p10=0.497 p90=0.497
Iter 0012940: train nll 0.356, valid error 100.000%, best valid error 100.000%, avg grad norm   0.042, avg grad norm (post clip)   0.037, rho_Whh  0.08, Omega  0.00, alpha  0.000, steps in the past 0.000, valid nll 0.325
  [diag] log10|dL/dh_t| hist bins=60 range=(-12.50,-11.50) mean=-12.00 p50=-12.00 p05=-12.00 p95=-12.00
  [diag] sat-dist hist bins=60 sat<0.05=0.0% mean=0.896 p10=0.891 p90=0.900
  [diag] z-gate sat-dist hist bins=60 mean=0.122 p10=0.122 p90=0.122
  [diag] r-gate sat-dist hist bins=60 mean=0.497 p10=0.497 p90=0.497
Iter 0012960: train nll 0.405, valid error 100.000%, best valid error 100.000%, avg grad norm   0.056, avg grad norm (post clip)   0.042, rho_Whh  0.08, Omega  0.00, alpha  0.000, steps in the past 0.000, valid nll 0.325
  [diag] log10|dL/dh_t| hist bins=60 range=(-12.50,-11.50) mean=-12.00 p50=-12.00 p05=-12.00 p95=-12.00
  [diag] sat-dist hist bins=60 sat<0.05=0.0% mean=0.896 p10=0.891 p90=0.900
  [diag] z-gate sat-dist hist bins=60 mean=0.122 p10=0.122 p90=0.122
  [diag] r-gate sat-dist hist bins=60 mean=0.497 p10=0.497 p90=0.497
Iter 0012980: train nll 0.426, valid error 100.000%, best valid error 100.000%, avg grad norm   0.051, avg grad norm (post clip)   0.036, rho_Whh  0.08, Omega  0.00, alpha  0.000, steps in the past 0.000, valid nll 0.325
  [diag] log10|dL/dh_t| hist bins=60 range=(-12.50,-11.50) mean=-12.00 p50=-12.00 p05=-12.00 p95=-12.00
  [diag] sat-dist hist bins=60 sat<0.05=0.0% mean=0.896 p10=0.891 p90=0.900
  [diag] z-gate sat-dist hist bins=60 mean=0.122 p10=0.122 p90=0.122
  [diag] r-gate sat-dist hist bins=60 mean=0.497 p10=0.497 p90=0.497
Iter 0013000: train nll 0.364, valid error 100.000%, best valid error 100.000%, avg grad norm   0.036, avg grad norm (post clip)   0.037, rho_Whh  0.08, Omega  0.00, alpha  0.000, steps in the past 0.000, valid nll 0.325
  [diag] log10|dL/dh_t| hist bins=60 range=(-12.50,-11.50) mean=-12.00 p50=-12.00 p05=-12.00 p95=-12.00
  [diag] sat-dist hist bins=60 sat<0.05=0.0% mean=0.896 p10=0.891 p90=0.900
  [diag] z-gate sat-dist hist bins=60 mean=0.122 p10=0.122 p90=0.122
  [diag] r-gate sat-dist hist bins=60 mean=0.497 p10=0.497 p90=0.497
Iter 0013020: train nll 0.378, valid error 100.000%, best valid error 100.000%, avg grad norm   0.035, avg grad norm (post clip)   0.031, rho_Whh  0.08, Omega  0.00, alpha  0.000, steps in the past 0.000, valid nll 0.325
  [diag] log10|dL/dh_t| hist bins=60 range=(-12.50,-11.50) mean=-12.00 p50=-12.00 p05=-12.00 p95=-12.00
  [diag] sat-dist hist bins=60 sat<0.05=0.0% mean=0.896 p10=0.891 p90=0.900
  [diag] z-gate sat-dist hist bins=60 mean=0.122 p10=0.122 p90=0.122
  [diag] r-gate sat-dist hist bins=60 mean=0.497 p10=0.497 p90=0.497
Iter 0013040: train nll 0.353, valid error 100.000%, best valid error 100.000%, avg grad norm   0.037, avg grad norm (post clip)   0.035, rho_Whh  0.08, Omega  0.00, alpha  0.000, steps in the past 0.000, valid nll 0.325
  [diag] log10|dL/dh_t| hist bins=60 range=(-12.50,-11.50) mean=-12.00 p50=-12.00 p05=-12.00 p95=-12.00
  [diag] sat-dist hist bins=60 sat<0.05=0.0% mean=0.896 p10=0.891 p90=0.900
  [diag] z-gate sat-dist hist bins=60 mean=0.122 p10=0.122 p90=0.122
  [diag] r-gate sat-dist hist bins=60 mean=0.497 p10=0.497 p90=0.497
Iter 0013060: train nll 0.384, valid error 100.000%, best valid error 100.000%, avg grad norm   0.047, avg grad norm (post clip)   0.041, rho_Whh  0.08, Omega  0.00, alpha  0.000, steps in the past 0.000, valid nll 0.325
  [diag] log10|dL/dh_t| hist bins=60 range=(-12.50,-11.50) mean=-12.00 p50=-12.00 p05=-12.00 p95=-12.00
  [diag] sat-dist hist bins=60 sat<0.05=0.0% mean=0.896 p10=0.891 p90=0.900
  [diag] z-gate sat-dist hist bins=60 mean=0.122 p10=0.122 p90=0.122
  [diag] r-gate sat-dist hist bins=60 mean=0.497 p10=0.497 p90=0.497
Iter 0013080: train nll 0.402, valid error 100.000%, best valid error 100.000%, avg grad norm   0.051, avg grad norm (post clip)   0.037, rho_Whh  0.08, Omega  0.00, alpha  0.000, steps in the past 0.000, valid nll 0.325
  [diag] log10|dL/dh_t| hist bins=60 range=(-12.50,-11.50) mean=-12.00 p50=-12.00 p05=-12.00 p95=-12.00
  [diag] sat-dist hist bins=60 sat<0.05=0.0% mean=0.896 p10=0.892 p90=0.900
  [diag] z-gate sat-dist hist bins=60 mean=0.122 p10=0.122 p90=0.122
  [diag] r-gate sat-dist hist bins=60 mean=0.497 p10=0.497 p90=0.497
Iter 0013100: train nll 0.433, valid error 100.000%, best valid error 100.000%, avg grad norm   0.058, avg grad norm (post clip)   0.040, rho_Whh  0.08, Omega  0.00, alpha  0.000, steps in the past 0.000, valid nll 0.325
  [diag] log10|dL/dh_t| hist bins=60 range=(-12.50,-11.50) mean=-12.00 p50=-12.00 p05=-12.00 p95=-12.00
  [diag] sat-dist hist bins=60 sat<0.05=0.0% mean=0.897 p10=0.892 p90=0.901
  [diag] z-gate sat-dist hist bins=60 mean=0.122 p10=0.122 p90=0.122
  [diag] r-gate sat-dist hist bins=60 mean=0.497 p10=0.497 p90=0.497
Iter 0013120: train nll 0.410, valid error 100.000%, best valid error 100.000%, avg grad norm   0.044, avg grad norm (post clip)   0.036, rho_Whh  0.08, Omega  0.00, alpha  0.000, steps in the past 0.000, valid nll 0.325
  [diag] log10|dL/dh_t| hist bins=60 range=(-12.50,-11.50) mean=-12.00 p50=-12.00 p05=-12.00 p95=-12.00
  [diag] sat-dist hist bins=60 sat<0.05=0.0% mean=0.897 p10=0.892 p90=0.901
  [diag] z-gate sat-dist hist bins=60 mean=0.122 p10=0.122 p90=0.122
  [diag] r-gate sat-dist hist bins=60 mean=0.497 p10=0.497 p90=0.497
Iter 0013140: train nll 0.377, valid error 100.000%, best valid error 100.000%, avg grad norm   0.036, avg grad norm (post clip)   0.035, rho_Whh  0.08, Omega  0.00, alpha  0.000, steps in the past 0.000, valid nll 0.325
  [diag] log10|dL/dh_t| hist bins=60 range=(-12.50,-11.50) mean=-12.00 p50=-12.00 p05=-12.00 p95=-12.00
  [diag] sat-dist hist bins=60 sat<0.05=0.0% mean=0.897 p10=0.892 p90=0.901
  [diag] z-gate sat-dist hist bins=60 mean=0.122 p10=0.122 p90=0.122
  [diag] r-gate sat-dist hist bins=60 mean=0.497 p10=0.497 p90=0.497
Iter 0013160: train nll 0.376, valid error 100.000%, best valid error 100.000%, avg grad norm   0.041, avg grad norm (post clip)   0.038, rho_Whh  0.08, Omega  0.00, alpha  0.000, steps in the past 0.000, valid nll 0.325
  [diag] log10|dL/dh_t| hist bins=60 range=(-12.50,-11.50) mean=-12.00 p50=-12.00 p05=-12.00 p95=-12.00
  [diag] sat-dist hist bins=60 sat<0.05=0.0% mean=0.897 p10=0.892 p90=0.901
  [diag] z-gate sat-dist hist bins=60 mean=0.122 p10=0.122 p90=0.122
  [diag] r-gate sat-dist hist bins=60 mean=0.497 p10=0.497 p90=0.497
Iter 0013180: train nll 0.412, valid error 100.000%, best valid error 100.000%, avg grad norm   0.050, avg grad norm (post clip)   0.040, rho_Whh  0.08, Omega  0.00, alpha  0.000, steps in the past 0.000, valid nll 0.325
  [diag] log10|dL/dh_t| hist bins=60 range=(-12.50,-11.50) mean=-12.00 p50=-12.00 p05=-12.00 p95=-12.00
  [diag] sat-dist hist bins=60 sat<0.05=0.0% mean=0.897 p10=0.892 p90=0.901
  [diag] z-gate sat-dist hist bins=60 mean=0.122 p10=0.122 p90=0.122
  [diag] r-gate sat-dist hist bins=60 mean=0.497 p10=0.497 p90=0.497
Iter 0013200: train nll 0.373, valid error 100.000%, best valid error 100.000%, avg grad norm   0.043, avg grad norm (post clip)   0.037, rho_Whh  0.08, Omega  0.00, alpha  0.000, steps in the past 0.000, valid nll 0.325
  [diag] log10|dL/dh_t| hist bins=60 range=(-12.50,-11.50) mean=-12.00 p50=-12.00 p05=-12.00 p95=-12.00
  [diag] sat-dist hist bins=60 sat<0.05=0.0% mean=0.897 p10=0.892 p90=0.901
  [diag] z-gate sat-dist hist bins=60 mean=0.122 p10=0.122 p90=0.122
  [diag] r-gate sat-dist hist bins=60 mean=0.497 p10=0.497 p90=0.497
Iter 0013220: train nll 0.377, valid error 100.000%, best valid error 100.000%, avg grad norm   0.048, avg grad norm (post clip)   0.039, rho_Whh  0.08, Omega  0.00, alpha  0.000, steps in the past 0.000, valid nll 0.325
  [diag] log10|dL/dh_t| hist bins=60 range=(-12.50,-11.50) mean=-12.00 p50=-12.00 p05=-12.00 p95=-12.00
  [diag] sat-dist hist bins=60 sat<0.05=0.0% mean=0.897 p10=0.892 p90=0.901
  [diag] z-gate sat-dist hist bins=60 mean=0.122 p10=0.122 p90=0.122
  [diag] r-gate sat-dist hist bins=60 mean=0.497 p10=0.497 p90=0.497
Iter 0013240: train nll 0.418, valid error 100.000%, best valid error 100.000%, avg grad norm   0.046, avg grad norm (post clip)   0.036, rho_Whh  0.08, Omega  0.00, alpha  0.000, steps in the past 0.000, valid nll 0.325
  [diag] log10|dL/dh_t| hist bins=60 range=(-12.50,-11.50) mean=-12.00 p50=-12.00 p05=-12.00 p95=-12.00
  [diag] sat-dist hist bins=60 sat<0.05=0.0% mean=0.897 p10=0.893 p90=0.901
  [diag] z-gate sat-dist hist bins=60 mean=0.122 p10=0.122 p90=0.122
  [diag] r-gate sat-dist hist bins=60 mean=0.497 p10=0.497 p90=0.497
Iter 0013260: train nll 0.423, valid error 100.000%, best valid error 100.000%, avg grad norm   0.054, avg grad norm (post clip)   0.038, rho_Whh  0.08, Omega  0.00, alpha  0.000, steps in the past 0.000, valid nll 0.325
  [diag] log10|dL/dh_t| hist bins=60 range=(-12.50,-11.50) mean=-12.00 p50=-12.00 p05=-12.00 p95=-12.00
  [diag] sat-dist hist bins=60 sat<0.05=0.0% mean=0.897 p10=0.893 p90=0.902
  [diag] z-gate sat-dist hist bins=60 mean=0.122 p10=0.122 p90=0.122
  [diag] r-gate sat-dist hist bins=60 mean=0.497 p10=0.497 p90=0.497
Iter 0013280: train nll 0.378, valid error 100.000%, best valid error 100.000%, avg grad norm   0.034, avg grad norm (post clip)   0.034, rho_Whh  0.08, Omega  0.00, alpha  0.000, steps in the past 0.000, valid nll 0.325
  [diag] log10|dL/dh_t| hist bins=60 range=(-12.50,-11.50) mean=-12.00 p50=-12.00 p05=-12.00 p95=-12.00
  [diag] sat-dist hist bins=60 sat<0.05=0.0% mean=0.898 p10=0.893 p90=0.902
  [diag] z-gate sat-dist hist bins=60 mean=0.122 p10=0.122 p90=0.122
  [diag] r-gate sat-dist hist bins=60 mean=0.497 p10=0.497 p90=0.497
Iter 0013300: train nll 0.438, valid error 100.000%, best valid error 100.000%, avg grad norm   0.047, avg grad norm (post clip)   0.033, rho_Whh  0.08, Omega  0.00, alpha  0.000, steps in the past 0.000, valid nll 0.325
  [diag] log10|dL/dh_t| hist bins=60 range=(-12.50,-11.50) mean=-12.00 p50=-12.00 p05=-12.00 p95=-12.00
  [diag] sat-dist hist bins=60 sat<0.05=0.0% mean=0.898 p10=0.893 p90=0.902
  [diag] z-gate sat-dist hist bins=60 mean=0.122 p10=0.122 p90=0.122
  [diag] r-gate sat-dist hist bins=60 mean=0.497 p10=0.497 p90=0.497
Iter 0013320: train nll 0.368, valid error 100.000%, best valid error 100.000%, avg grad norm   0.039, avg grad norm (post clip)   0.036, rho_Whh  0.08, Omega  0.00, alpha  0.000, steps in the past 0.000, valid nll 0.325
  [diag] log10|dL/dh_t| hist bins=60 range=(-12.50,-11.50) mean=-12.00 p50=-12.00 p05=-12.00 p95=-12.00
  [diag] sat-dist hist bins=60 sat<0.05=0.0% mean=0.898 p10=0.893 p90=0.902
  [diag] z-gate sat-dist hist bins=60 mean=0.122 p10=0.122 p90=0.122
  [diag] r-gate sat-dist hist bins=60 mean=0.497 p10=0.497 p90=0.497
Iter 0013340: train nll 0.372, valid error 100.000%, best valid error 100.000%, avg grad norm   0.032, avg grad norm (post clip)   0.029, rho_Whh  0.08, Omega  0.00, alpha  0.000, steps in the past 0.000, valid nll 0.325
  [diag] log10|dL/dh_t| hist bins=60 range=(-12.50,-11.50) mean=-12.00 p50=-12.00 p05=-12.00 p95=-12.00
  [diag] sat-dist hist bins=60 sat<0.05=0.0% mean=0.897 p10=0.893 p90=0.902
  [diag] z-gate sat-dist hist bins=60 mean=0.122 p10=0.122 p90=0.122
  [diag] r-gate sat-dist hist bins=60 mean=0.497 p10=0.497 p90=0.497
Iter 0013360: train nll 0.368, valid error 100.000%, best valid error 100.000%, avg grad norm   0.041, avg grad norm (post clip)   0.034, rho_Whh  0.08, Omega  0.00, alpha  0.000, steps in the past 0.000, valid nll 0.325
  [diag] log10|dL/dh_t| hist bins=60 range=(-12.50,-11.50) mean=-12.00 p50=-12.00 p05=-12.00 p95=-12.00
  [diag] sat-dist hist bins=60 sat<0.05=0.0% mean=0.898 p10=0.893 p90=0.902
  [diag] z-gate sat-dist hist bins=60 mean=0.122 p10=0.122 p90=0.122
  [diag] r-gate sat-dist hist bins=60 mean=0.497 p10=0.497 p90=0.497
Iter 0013380: train nll 0.391, valid error 100.000%, best valid error 100.000%, avg grad norm   0.051, avg grad norm (post clip)   0.042, rho_Whh  0.08, Omega  0.00, alpha  0.000, steps in the past 0.000, valid nll 0.325
  [diag] log10|dL/dh_t| hist bins=60 range=(-12.50,-11.50) mean=-12.00 p50=-12.00 p05=-12.00 p95=-12.00
  [diag] sat-dist hist bins=60 sat<0.05=0.0% mean=0.898 p10=0.893 p90=0.902
  [diag] z-gate sat-dist hist bins=60 mean=0.122 p10=0.122 p90=0.122
  [diag] r-gate sat-dist hist bins=60 mean=0.497 p10=0.497 p90=0.497
Iter 0013400: train nll 0.420, valid error 100.000%, best valid error 100.000%, avg grad norm   0.052, avg grad norm (post clip)   0.041, rho_Whh  0.08, Omega  0.00, alpha  0.000, steps in the past 0.000, valid nll 0.325
  [diag] log10|dL/dh_t| hist bins=60 range=(-12.50,-11.50) mean=-12.00 p50=-12.00 p05=-12.00 p95=-12.00
  [diag] sat-dist hist bins=60 sat<0.05=0.0% mean=0.898 p10=0.894 p90=0.903
  [diag] z-gate sat-dist hist bins=60 mean=0.122 p10=0.122 p90=0.122
  [diag] r-gate sat-dist hist bins=60 mean=0.497 p10=0.497 p90=0.497
Iter 0013420: train nll 0.456, valid error 100.000%, best valid error 100.000%, avg grad norm   0.056, avg grad norm (post clip)   0.041, rho_Whh  0.08, Omega  0.00, alpha  0.000, steps in the past 0.000, valid nll 0.325
  [diag] log10|dL/dh_t| hist bins=60 range=(-12.50,-11.50) mean=-12.00 p50=-12.00 p05=-12.00 p95=-12.00
  [diag] sat-dist hist bins=60 sat<0.05=0.0% mean=0.898 p10=0.894 p90=0.903
  [diag] z-gate sat-dist hist bins=60 mean=0.122 p10=0.122 p90=0.122
  [diag] r-gate sat-dist hist bins=60 mean=0.497 p10=0.497 p90=0.497
Iter 0013440: train nll 0.392, valid error 100.000%, best valid error 100.000%, avg grad norm   0.046, avg grad norm (post clip)   0.038, rho_Whh  0.08, Omega  0.00, alpha  0.000, steps in the past 0.000, valid nll 0.325
  [diag] log10|dL/dh_t| hist bins=60 range=(-12.50,-11.50) mean=-12.00 p50=-12.00 p05=-12.00 p95=-12.00
  [diag] sat-dist hist bins=60 sat<0.05=0.0% mean=0.898 p10=0.894 p90=0.903
  [diag] z-gate sat-dist hist bins=60 mean=0.122 p10=0.122 p90=0.122
  [diag] r-gate sat-dist hist bins=60 mean=0.497 p10=0.497 p90=0.497
Iter 0013460: train nll 0.403, valid error 100.000%, best valid error 100.000%, avg grad norm   0.053, avg grad norm (post clip)   0.040, rho_Whh  0.08, Omega  0.00, alpha  0.000, steps in the past 0.000, valid nll 0.325
  [diag] log10|dL/dh_t| hist bins=60 range=(-12.50,-11.50) mean=-12.00 p50=-12.00 p05=-12.00 p95=-12.00
  [diag] sat-dist hist bins=60 sat<0.05=0.0% mean=0.898 p10=0.894 p90=0.903
  [diag] z-gate sat-dist hist bins=60 mean=0.122 p10=0.122 p90=0.122
  [diag] r-gate sat-dist hist bins=60 mean=0.497 p10=0.497 p90=0.497
Iter 0013480: train nll 0.371, valid error 100.000%, best valid error 100.000%, avg grad norm   0.041, avg grad norm (post clip)   0.036, rho_Whh  0.08, Omega  0.00, alpha  0.000, steps in the past 0.000, valid nll 0.325
  [diag] log10|dL/dh_t| hist bins=60 range=(-12.50,-11.50) mean=-12.00 p50=-12.00 p05=-12.00 p95=-12.00
  [diag] sat-dist hist bins=60 sat<0.05=0.0% mean=0.899 p10=0.894 p90=0.903
  [diag] z-gate sat-dist hist bins=60 mean=0.122 p10=0.122 p90=0.122
  [diag] r-gate sat-dist hist bins=60 mean=0.497 p10=0.497 p90=0.497
Iter 0013500: train nll 0.391, valid error 100.000%, best valid error 100.000%, avg grad norm   0.042, avg grad norm (post clip)   0.037, rho_Whh  0.08, Omega  0.00, alpha  0.000, steps in the past 0.000, valid nll 0.325
  [diag] log10|dL/dh_t| hist bins=60 range=(-12.50,-11.50) mean=-12.00 p50=-12.00 p05=-12.00 p95=-12.00
  [diag] sat-dist hist bins=60 sat<0.05=0.0% mean=0.899 p10=0.894 p90=0.903
  [diag] z-gate sat-dist hist bins=60 mean=0.122 p10=0.122 p90=0.122
  [diag] r-gate sat-dist hist bins=60 mean=0.497 p10=0.497 p90=0.497
Iter 0013520: train nll 0.393, valid error 100.000%, best valid error 100.000%, avg grad norm   0.056, avg grad norm (post clip)   0.045, rho_Whh  0.08, Omega  0.00, alpha  0.000, steps in the past 0.000, valid nll 0.325
  [diag] log10|dL/dh_t| hist bins=60 range=(-12.50,-11.50) mean=-12.00 p50=-12.00 p05=-12.00 p95=-12.00
  [diag] sat-dist hist bins=60 sat<0.05=0.0% mean=0.899 p10=0.894 p90=0.903
  [diag] z-gate sat-dist hist bins=60 mean=0.122 p10=0.122 p90=0.122
  [diag] r-gate sat-dist hist bins=60 mean=0.497 p10=0.497 p90=0.497
Iter 0013540: train nll 0.417, valid error 100.000%, best valid error 100.000%, avg grad norm   0.046, avg grad norm (post clip)   0.037, rho_Whh  0.08, Omega  0.00, alpha  0.000, steps in the past 0.000, valid nll 0.325
  [diag] log10|dL/dh_t| hist bins=60 range=(-12.50,-11.50) mean=-12.00 p50=-12.00 p05=-12.00 p95=-12.00
  [diag] sat-dist hist bins=60 sat<0.05=0.0% mean=0.899 p10=0.895 p90=0.903
  [diag] z-gate sat-dist hist bins=60 mean=0.122 p10=0.122 p90=0.122
  [diag] r-gate sat-dist hist bins=60 mean=0.497 p10=0.497 p90=0.497
Iter 0013560: train nll 0.404, valid error 100.000%, best valid error 100.000%, avg grad norm   0.041, avg grad norm (post clip)   0.035, rho_Whh  0.09, Omega  0.00, alpha  0.000, steps in the past 0.000, valid nll 0.325
  [diag] log10|dL/dh_t| hist bins=60 range=(-12.50,-11.50) mean=-12.00 p50=-12.00 p05=-12.00 p95=-12.00
  [diag] sat-dist hist bins=60 sat<0.05=0.0% mean=0.899 p10=0.895 p90=0.904
  [diag] z-gate sat-dist hist bins=60 mean=0.122 p10=0.122 p90=0.122
  [diag] r-gate sat-dist hist bins=60 mean=0.497 p10=0.497 p90=0.497
Iter 0013580: train nll 0.392, valid error 100.000%, best valid error 100.000%, avg grad norm   0.034, avg grad norm (post clip)   0.034, rho_Whh  0.09, Omega  0.00, alpha  0.000, steps in the past 0.000, valid nll 0.325
  [diag] log10|dL/dh_t| hist bins=60 range=(-12.50,-11.50) mean=-12.00 p50=-12.00 p05=-12.00 p95=-12.00
  [diag] sat-dist hist bins=60 sat<0.05=0.0% mean=0.899 p10=0.895 p90=0.904
  [diag] z-gate sat-dist hist bins=60 mean=0.122 p10=0.122 p90=0.122
  [diag] r-gate sat-dist hist bins=60 mean=0.497 p10=0.497 p90=0.497
Iter 0013600: train nll 0.373, valid error 100.000%, best valid error 100.000%, avg grad norm   0.039, avg grad norm (post clip)   0.038, rho_Whh  0.09, Omega  0.00, alpha  0.000, steps in the past 0.000, valid nll 0.325
  [diag] log10|dL/dh_t| hist bins=60 range=(-12.50,-11.50) mean=-12.00 p50=-12.00 p05=-12.00 p95=-12.00
  [diag] sat-dist hist bins=60 sat<0.05=0.0% mean=0.899 p10=0.895 p90=0.904
  [diag] z-gate sat-dist hist bins=60 mean=0.122 p10=0.122 p90=0.122
  [diag] r-gate sat-dist hist bins=60 mean=0.497 p10=0.497 p90=0.497
Iter 0013620: train nll 0.358, valid error 100.000%, best valid error 100.000%, avg grad norm   0.037, avg grad norm (post clip)   0.038, rho_Whh  0.09, Omega  0.00, alpha  0.000, steps in the past 0.000, valid nll 0.325
  [diag] log10|dL/dh_t| hist bins=60 range=(-12.50,-11.50) mean=-12.00 p50=-12.00 p05=-12.00 p95=-12.00
  [diag] sat-dist hist bins=60 sat<0.05=0.0% mean=0.899 p10=0.895 p90=0.903
  [diag] z-gate sat-dist hist bins=60 mean=0.122 p10=0.122 p90=0.122
  [diag] r-gate sat-dist hist bins=60 mean=0.497 p10=0.497 p90=0.497
Iter 0013640: train nll 0.399, valid error 100.000%, best valid error 100.000%, avg grad norm   0.056, avg grad norm (post clip)   0.040, rho_Whh  0.09, Omega  0.00, alpha  0.000, steps in the past 0.000, valid nll 0.324
  [diag] log10|dL/dh_t| hist bins=60 range=(-12.50,-11.50) mean=-12.00 p50=-12.00 p05=-12.00 p95=-12.00
  [diag] sat-dist hist bins=60 sat<0.05=0.0% mean=0.899 p10=0.895 p90=0.904
  [diag] z-gate sat-dist hist bins=60 mean=0.122 p10=0.122 p90=0.122
  [diag] r-gate sat-dist hist bins=60 mean=0.497 p10=0.497 p90=0.497
Iter 0013660: train nll 0.411, valid error 100.000%, best valid error 100.000%, avg grad norm   0.041, avg grad norm (post clip)   0.032, rho_Whh  0.09, Omega  0.00, alpha  0.000, steps in the past 0.000, valid nll 0.325
  [diag] log10|dL/dh_t| hist bins=60 range=(-12.50,-11.50) mean=-12.00 p50=-12.00 p05=-12.00 p95=-12.00
  [diag] sat-dist hist bins=60 sat<0.05=0.0% mean=0.899 p10=0.895 p90=0.904
  [diag] z-gate sat-dist hist bins=60 mean=0.122 p10=0.122 p90=0.122
  [diag] r-gate sat-dist hist bins=60 mean=0.497 p10=0.497 p90=0.497
Iter 0013680: train nll 0.390, valid error 100.000%, best valid error 100.000%, avg grad norm   0.039, avg grad norm (post clip)   0.037, rho_Whh  0.09, Omega  0.00, alpha  0.000, steps in the past 0.000, valid nll 0.325
  [diag] log10|dL/dh_t| hist bins=60 range=(-12.50,-11.50) mean=-12.00 p50=-12.00 p05=-12.00 p95=-12.00
  [diag] sat-dist hist bins=60 sat<0.05=0.0% mean=0.899 p10=0.895 p90=0.904
  [diag] z-gate sat-dist hist bins=60 mean=0.122 p10=0.122 p90=0.122
  [diag] r-gate sat-dist hist bins=60 mean=0.497 p10=0.497 p90=0.497
Iter 0013700: train nll 0.374, valid error 100.000%, best valid error 100.000%, avg grad norm   0.037, avg grad norm (post clip)   0.034, rho_Whh  0.09, Omega  0.00, alpha  0.000, steps in the past 0.000, valid nll 0.324
  [diag] log10|dL/dh_t| hist bins=60 range=(-12.50,-11.50) mean=-12.00 p50=-12.00 p05=-12.00 p95=-12.00
  [diag] sat-dist hist bins=60 sat<0.05=0.0% mean=0.900 p10=0.895 p90=0.904
  [diag] z-gate sat-dist hist bins=60 mean=0.122 p10=0.122 p90=0.122
  [diag] r-gate sat-dist hist bins=60 mean=0.497 p10=0.497 p90=0.497
Iter 0013720: train nll 0.394, valid error 100.000%, best valid error 100.000%, avg grad norm   0.053, avg grad norm (post clip)   0.042, rho_Whh  0.09, Omega  0.00, alpha  0.000, steps in the past 0.000, valid nll 0.324
  [diag] log10|dL/dh_t| hist bins=60 range=(-12.50,-11.50) mean=-12.00 p50=-12.00 p05=-12.00 p95=-12.00
  [diag] sat-dist hist bins=60 sat<0.05=0.0% mean=0.900 p10=0.895 p90=0.904
  [diag] z-gate sat-dist hist bins=60 mean=0.122 p10=0.122 p90=0.122
  [diag] r-gate sat-dist hist bins=60 mean=0.497 p10=0.497 p90=0.497
Iter 0013740: train nll 0.420, valid error 100.000%, best valid error 100.000%, avg grad norm   0.044, avg grad norm (post clip)   0.037, rho_Whh  0.09, Omega  0.00, alpha  0.000, steps in the past 0.000, valid nll 0.324
  [diag] log10|dL/dh_t| hist bins=60 range=(-12.50,-11.50) mean=-12.00 p50=-12.00 p05=-12.00 p95=-12.00
  [diag] sat-dist hist bins=60 sat<0.05=0.0% mean=0.900 p10=0.895 p90=0.904
  [diag] z-gate sat-dist hist bins=60 mean=0.122 p10=0.122 p90=0.122
  [diag] r-gate sat-dist hist bins=60 mean=0.497 p10=0.497 p90=0.497
Iter 0013760: train nll 0.366, valid error 100.000%, best valid error 100.000%, avg grad norm   0.043, avg grad norm (post clip)   0.037, rho_Whh  0.09, Omega  0.00, alpha  0.000, steps in the past 0.000, valid nll 0.324
  [diag] log10|dL/dh_t| hist bins=60 range=(-12.50,-11.50) mean=-12.00 p50=-12.00 p05=-12.00 p95=-12.00
  [diag] sat-dist hist bins=60 sat<0.05=0.0% mean=0.900 p10=0.895 p90=0.904
  [diag] z-gate sat-dist hist bins=60 mean=0.122 p10=0.122 p90=0.122
  [diag] r-gate sat-dist hist bins=60 mean=0.497 p10=0.497 p90=0.497
Iter 0013780: train nll 0.391, valid error 100.000%, best valid error 100.000%, avg grad norm   0.045, avg grad norm (post clip)   0.037, rho_Whh  0.09, Omega  0.00, alpha  0.000, steps in the past 0.000, valid nll 0.324
  [diag] log10|dL/dh_t| hist bins=60 range=(-12.50,-11.50) mean=-12.00 p50=-12.00 p05=-12.00 p95=-12.00
  [diag] sat-dist hist bins=60 sat<0.05=0.0% mean=0.900 p10=0.896 p90=0.904
  [diag] z-gate sat-dist hist bins=60 mean=0.122 p10=0.122 p90=0.122
  [diag] r-gate sat-dist hist bins=60 mean=0.497 p10=0.497 p90=0.497
Iter 0013800: train nll 0.395, valid error 100.000%, best valid error 100.000%, avg grad norm   0.045, avg grad norm (post clip)   0.036, rho_Whh  0.09, Omega  0.00, alpha  0.000, steps in the past 0.000, valid nll 0.324
  [diag] log10|dL/dh_t| hist bins=60 range=(-12.50,-11.50) mean=-12.00 p50=-12.00 p05=-12.00 p95=-12.00
  [diag] sat-dist hist bins=60 sat<0.05=0.0% mean=0.900 p10=0.895 p90=0.904
  [diag] z-gate sat-dist hist bins=60 mean=0.122 p10=0.122 p90=0.122
  [diag] r-gate sat-dist hist bins=60 mean=0.497 p10=0.497 p90=0.497
Iter 0013820: train nll 0.374, valid error 100.000%, best valid error 100.000%, avg grad norm   0.042, avg grad norm (post clip)   0.036, rho_Whh  0.09, Omega  0.00, alpha  0.000, steps in the past 0.000, valid nll 0.324
  [diag] log10|dL/dh_t| hist bins=60 range=(-12.50,-11.50) mean=-12.00 p50=-12.00 p05=-12.00 p95=-12.00
  [diag] sat-dist hist bins=60 sat<0.05=0.0% mean=0.900 p10=0.896 p90=0.905
  [diag] z-gate sat-dist hist bins=60 mean=0.122 p10=0.122 p90=0.122
  [diag] r-gate sat-dist hist bins=60 mean=0.497 p10=0.497 p90=0.497
Iter 0013840: train nll 0.445, valid error 100.000%, best valid error 100.000%, avg grad norm   0.053, avg grad norm (post clip)   0.037, rho_Whh  0.09, Omega  0.00, alpha  0.000, steps in the past 0.000, valid nll 0.324
  [diag] log10|dL/dh_t| hist bins=60 range=(-12.50,-11.50) mean=-12.00 p50=-12.00 p05=-12.00 p95=-12.00
  [diag] sat-dist hist bins=60 sat<0.05=0.0% mean=0.901 p10=0.896 p90=0.905
  [diag] z-gate sat-dist hist bins=60 mean=0.122 p10=0.122 p90=0.122
  [diag] r-gate sat-dist hist bins=60 mean=0.497 p10=0.497 p90=0.497
Iter 0013860: train nll 0.411, valid error 100.000%, best valid error 100.000%, avg grad norm   0.044, avg grad norm (post clip)   0.035, rho_Whh  0.10, Omega  0.00, alpha  0.000, steps in the past 0.000, valid nll 0.324
  [diag] log10|dL/dh_t| hist bins=60 range=(-12.50,-11.50) mean=-12.00 p50=-12.00 p05=-12.00 p95=-12.00
  [diag] sat-dist hist bins=60 sat<0.05=0.0% mean=0.901 p10=0.896 p90=0.905
  [diag] z-gate sat-dist hist bins=60 mean=0.122 p10=0.122 p90=0.122
  [diag] r-gate sat-dist hist bins=60 mean=0.497 p10=0.497 p90=0.497
Iter 0013880: train nll 0.407, valid error 100.000%, best valid error 100.000%, avg grad norm   0.045, avg grad norm (post clip)   0.034, rho_Whh  0.10, Omega  0.00, alpha  0.000, steps in the past 0.000, valid nll 0.324
  [diag] log10|dL/dh_t| hist bins=60 range=(-12.50,-11.50) mean=-12.00 p50=-12.00 p05=-12.00 p95=-12.00
  [diag] sat-dist hist bins=60 sat<0.05=0.0% mean=0.901 p10=0.897 p90=0.906
  [diag] z-gate sat-dist hist bins=60 mean=0.122 p10=0.122 p90=0.122
  [diag] r-gate sat-dist hist bins=60 mean=0.497 p10=0.497 p90=0.497
Iter 0013900: train nll 0.428, valid error 100.000%, best valid error 100.000%, avg grad norm   0.048, avg grad norm (post clip)   0.042, rho_Whh  0.10, Omega  0.00, alpha  0.000, steps in the past 0.000, valid nll 0.325
  [diag] log10|dL/dh_t| hist bins=60 range=(-12.50,-11.50) mean=-12.00 p50=-12.00 p05=-12.00 p95=-12.00
  [diag] sat-dist hist bins=60 sat<0.05=0.0% mean=0.901 p10=0.897 p90=0.906
  [diag] z-gate sat-dist hist bins=60 mean=0.122 p10=0.122 p90=0.122
  [diag] r-gate sat-dist hist bins=60 mean=0.497 p10=0.497 p90=0.497
Iter 0013920: train nll 0.447, valid error 100.000%, best valid error 100.000%, avg grad norm   0.062, avg grad norm (post clip)   0.044, rho_Whh  0.10, Omega  0.00, alpha  0.000, steps in the past 0.000, valid nll 0.325
  [diag] log10|dL/dh_t| hist bins=60 range=(-12.50,-11.50) mean=-12.00 p50=-12.00 p05=-12.00 p95=-12.00
  [diag] sat-dist hist bins=60 sat<0.05=0.0% mean=0.902 p10=0.897 p90=0.906
  [diag] z-gate sat-dist hist bins=60 mean=0.122 p10=0.122 p90=0.122
  [diag] r-gate sat-dist hist bins=60 mean=0.497 p10=0.497 p90=0.497
Iter 0013940: train nll 0.400, valid error 100.000%, best valid error 100.000%, avg grad norm   0.044, avg grad norm (post clip)   0.037, rho_Whh  0.10, Omega  0.00, alpha  0.000, steps in the past 0.000, valid nll 0.325
  [diag] log10|dL/dh_t| hist bins=60 range=(-12.50,-11.50) mean=-12.00 p50=-12.00 p05=-12.00 p95=-12.00
  [diag] sat-dist hist bins=60 sat<0.05=0.0% mean=0.901 p10=0.897 p90=0.906
  [diag] z-gate sat-dist hist bins=60 mean=0.122 p10=0.122 p90=0.122
  [diag] r-gate sat-dist hist bins=60 mean=0.497 p10=0.497 p90=0.497
Iter 0013960: train nll 0.347, valid error 100.000%, best valid error 100.000%, avg grad norm   0.038, avg grad norm (post clip)   0.036, rho_Whh  0.10, Omega  0.00, alpha  0.000, steps in the past 0.000, valid nll 0.324
  [diag] log10|dL/dh_t| hist bins=60 range=(-12.50,-11.50) mean=-12.00 p50=-12.00 p05=-12.00 p95=-12.00
  [diag] sat-dist hist bins=60 sat<0.05=0.0% mean=0.902 p10=0.897 p90=0.906
  [diag] z-gate sat-dist hist bins=60 mean=0.122 p10=0.122 p90=0.122
  [diag] r-gate sat-dist hist bins=60 mean=0.497 p10=0.497 p90=0.497
Iter 0013980: train nll 0.414, valid error 100.000%, best valid error 100.000%, avg grad norm   0.048, avg grad norm (post clip)   0.038, rho_Whh  0.10, Omega  0.00, alpha  0.000, steps in the past 0.000, valid nll 0.324
  [diag] log10|dL/dh_t| hist bins=60 range=(-12.50,-11.50) mean=-12.00 p50=-12.00 p05=-12.00 p95=-12.00
  [diag] sat-dist hist bins=60 sat<0.05=0.0% mean=0.902 p10=0.897 p90=0.906
  [diag] z-gate sat-dist hist bins=60 mean=0.122 p10=0.122 p90=0.122
  [diag] r-gate sat-dist hist bins=60 mean=0.497 p10=0.497 p90=0.497
Iter 0014000: train nll 0.394, valid error 100.000%, best valid error 100.000%, avg grad norm   0.045, avg grad norm (post clip)   0.037, rho_Whh  0.10, Omega  0.00, alpha  0.000, steps in the past 0.000, valid nll 0.324
  [diag] log10|dL/dh_t| hist bins=60 range=(-12.50,-11.50) mean=-12.00 p50=-12.00 p05=-12.00 p95=-12.00
  [diag] sat-dist hist bins=60 sat<0.05=0.0% mean=0.902 p10=0.897 p90=0.906
  [diag] z-gate sat-dist hist bins=60 mean=0.122 p10=0.122 p90=0.122
  [diag] r-gate sat-dist hist bins=60 mean=0.497 p10=0.497 p90=0.497
Iter 0014020: train nll 0.389, valid error 100.000%, best valid error 100.000%, avg grad norm   0.050, avg grad norm (post clip)   0.039, rho_Whh  0.10, Omega  0.00, alpha  0.000, steps in the past 0.000, valid nll 0.324
  [diag] log10|dL/dh_t| hist bins=60 range=(-12.50,-11.50) mean=-12.00 p50=-12.00 p05=-12.00 p95=-12.00
  [diag] sat-dist hist bins=60 sat<0.05=0.0% mean=0.902 p10=0.897 p90=0.906
  [diag] z-gate sat-dist hist bins=60 mean=0.122 p10=0.122 p90=0.122
  [diag] r-gate sat-dist hist bins=60 mean=0.497 p10=0.497 p90=0.497
Iter 0014040: train nll 0.416, valid error 100.000%, best valid error 100.000%, avg grad norm   0.053, avg grad norm (post clip)   0.039, rho_Whh  0.10, Omega  0.00, alpha  0.000, steps in the past 0.000, valid nll 0.324
  [diag] log10|dL/dh_t| hist bins=60 range=(-12.50,-11.50) mean=-12.00 p50=-12.00 p05=-12.00 p95=-12.00
  [diag] sat-dist hist bins=60 sat<0.05=0.0% mean=0.902 p10=0.898 p90=0.906
  [diag] z-gate sat-dist hist bins=60 mean=0.122 p10=0.122 p90=0.122
  [diag] r-gate sat-dist hist bins=60 mean=0.497 p10=0.497 p90=0.497
Iter 0014060: train nll 0.456, valid error 100.000%, best valid error 100.000%, avg grad norm   0.061, avg grad norm (post clip)   0.044, rho_Whh  0.10, Omega  0.00, alpha  0.000, steps in the past 0.000, valid nll 0.324
  [diag] log10|dL/dh_t| hist bins=60 range=(-12.50,-11.50) mean=-12.00 p50=-12.00 p05=-12.00 p95=-12.00
  [diag] sat-dist hist bins=60 sat<0.05=0.0% mean=0.902 p10=0.898 p90=0.906
  [diag] z-gate sat-dist hist bins=60 mean=0.122 p10=0.122 p90=0.122
  [diag] r-gate sat-dist hist bins=60 mean=0.497 p10=0.497 p90=0.497
Iter 0014080: train nll 0.363, valid error 100.000%, best valid error 100.000%, avg grad norm   0.036, avg grad norm (post clip)   0.036, rho_Whh  0.10, Omega  0.00, alpha  0.000, steps in the past 0.000, valid nll 0.324
  [diag] log10|dL/dh_t| hist bins=60 range=(-12.50,-11.50) mean=-12.00 p50=-12.00 p05=-12.00 p95=-12.00
  [diag] sat-dist hist bins=60 sat<0.05=0.0% mean=0.902 p10=0.898 p90=0.906
  [diag] z-gate sat-dist hist bins=60 mean=0.122 p10=0.122 p90=0.122
  [diag] r-gate sat-dist hist bins=60 mean=0.497 p10=0.497 p90=0.497
Iter 0014100: train nll 0.366, valid error 100.000%, best valid error 100.000%, avg grad norm   0.039, avg grad norm (post clip)   0.035, rho_Whh  0.10, Omega  0.00, alpha  0.000, steps in the past 0.000, valid nll 0.324
  [diag] log10|dL/dh_t| hist bins=60 range=(-12.50,-11.50) mean=-12.00 p50=-12.00 p05=-12.00 p95=-12.00
  [diag] sat-dist hist bins=60 sat<0.05=0.0% mean=0.902 p10=0.898 p90=0.906
  [diag] z-gate sat-dist hist bins=60 mean=0.122 p10=0.122 p90=0.122
  [diag] r-gate sat-dist hist bins=60 mean=0.497 p10=0.497 p90=0.497
Iter 0014120: train nll 0.406, valid error 100.000%, best valid error 100.000%, avg grad norm   0.048, avg grad norm (post clip)   0.039, rho_Whh  0.10, Omega  0.00, alpha  0.000, steps in the past 0.000, valid nll 0.324
  [diag] log10|dL/dh_t| hist bins=60 range=(-12.50,-11.50) mean=-12.00 p50=-12.00 p05=-12.00 p95=-12.00
  [diag] sat-dist hist bins=60 sat<0.05=0.0% mean=0.902 p10=0.898 p90=0.907
  [diag] z-gate sat-dist hist bins=60 mean=0.122 p10=0.122 p90=0.122
  [diag] r-gate sat-dist hist bins=60 mean=0.497 p10=0.497 p90=0.497
Iter 0014140: train nll 0.399, valid error 100.000%, best valid error 100.000%, avg grad norm   0.040, avg grad norm (post clip)   0.032, rho_Whh  0.10, Omega  0.00, alpha  0.000, steps in the past 0.000, valid nll 0.324
  [diag] log10|dL/dh_t| hist bins=60 range=(-12.50,-11.50) mean=-12.00 p50=-12.00 p05=-12.00 p95=-12.00
  [diag] sat-dist hist bins=60 sat<0.05=0.0% mean=0.902 p10=0.898 p90=0.907
  [diag] z-gate sat-dist hist bins=60 mean=0.122 p10=0.122 p90=0.122
  [diag] r-gate sat-dist hist bins=60 mean=0.497 p10=0.497 p90=0.497
Iter 0014160: train nll 0.403, valid error 100.000%, best valid error 100.000%, avg grad norm   0.050, avg grad norm (post clip)   0.041, rho_Whh  0.10, Omega  0.00, alpha  0.000, steps in the past 0.000, valid nll 0.324
  [diag] log10|dL/dh_t| hist bins=60 range=(-12.50,-11.50) mean=-12.00 p50=-12.00 p05=-12.00 p95=-12.00
  [diag] sat-dist hist bins=60 sat<0.05=0.0% mean=0.902 p10=0.898 p90=0.906
  [diag] z-gate sat-dist hist bins=60 mean=0.122 p10=0.122 p90=0.122
  [diag] r-gate sat-dist hist bins=60 mean=0.497 p10=0.497 p90=0.497
Iter 0014180: train nll 0.365, valid error 100.000%, best valid error 100.000%, avg grad norm   0.052, avg grad norm (post clip)   0.046, rho_Whh  0.10, Omega  0.00, alpha  0.000, steps in the past 0.000, valid nll 0.324
  [diag] log10|dL/dh_t| hist bins=60 range=(-12.50,-11.50) mean=-12.00 p50=-12.00 p05=-12.00 p95=-12.00
  [diag] sat-dist hist bins=60 sat<0.05=0.0% mean=0.902 p10=0.898 p90=0.907
  [diag] z-gate sat-dist hist bins=60 mean=0.122 p10=0.122 p90=0.122
  [diag] r-gate sat-dist hist bins=60 mean=0.497 p10=0.497 p90=0.497
Iter 0014200: train nll 0.409, valid error 100.000%, best valid error 100.000%, avg grad norm   0.047, avg grad norm (post clip)   0.039, rho_Whh  0.10, Omega  0.00, alpha  0.000, steps in the past 0.000, valid nll 0.324
  [diag] log10|dL/dh_t| hist bins=60 range=(-12.50,-11.50) mean=-12.00 p50=-12.00 p05=-12.00 p95=-12.00
  [diag] sat-dist hist bins=60 sat<0.05=0.0% mean=0.903 p10=0.898 p90=0.907
  [diag] z-gate sat-dist hist bins=60 mean=0.122 p10=0.122 p90=0.122
  [diag] r-gate sat-dist hist bins=60 mean=0.497 p10=0.497 p90=0.497
Iter 0014220: train nll 0.409, valid error 100.000%, best valid error 100.000%, avg grad norm   0.040, avg grad norm (post clip)   0.032, rho_Whh  0.10, Omega  0.00, alpha  0.000, steps in the past 0.000, valid nll 0.324
  [diag] log10|dL/dh_t| hist bins=60 range=(-12.50,-11.50) mean=-12.00 p50=-12.00 p05=-12.00 p95=-12.00
  [diag] sat-dist hist bins=60 sat<0.05=0.0% mean=0.903 p10=0.898 p90=0.907
  [diag] z-gate sat-dist hist bins=60 mean=0.122 p10=0.122 p90=0.122
  [diag] r-gate sat-dist hist bins=60 mean=0.497 p10=0.497 p90=0.497
Iter 0014240: train nll 0.369, valid error 100.000%, best valid error 100.000%, avg grad norm   0.034, avg grad norm (post clip)   0.033, rho_Whh  0.10, Omega  0.00, alpha  0.000, steps in the past 0.000, valid nll 0.324
  [diag] log10|dL/dh_t| hist bins=60 range=(-12.50,-11.50) mean=-12.00 p50=-12.00 p05=-12.00 p95=-12.00
  [diag] sat-dist hist bins=60 sat<0.05=0.0% mean=0.903 p10=0.899 p90=0.907
  [diag] z-gate sat-dist hist bins=60 mean=0.122 p10=0.122 p90=0.122
  [diag] r-gate sat-dist hist bins=60 mean=0.497 p10=0.497 p90=0.497
Iter 0014260: train nll 0.397, valid error 100.000%, best valid error 100.000%, avg grad norm   0.036, avg grad norm (post clip)   0.033, rho_Whh  0.11, Omega  0.00, alpha  0.000, steps in the past 0.000, valid nll 0.324
  [diag] log10|dL/dh_t| hist bins=60 range=(-12.50,-11.50) mean=-12.00 p50=-12.00 p05=-12.00 p95=-12.00
  [diag] sat-dist hist bins=60 sat<0.05=0.0% mean=0.903 p10=0.899 p90=0.907
  [diag] z-gate sat-dist hist bins=60 mean=0.122 p10=0.122 p90=0.122
  [diag] r-gate sat-dist hist bins=60 mean=0.497 p10=0.497 p90=0.497
Iter 0014280: train nll 0.365, valid error 100.000%, best valid error 100.000%, avg grad norm   0.041, avg grad norm (post clip)   0.038, rho_Whh  0.11, Omega  0.00, alpha  0.000, steps in the past 0.000, valid nll 0.324
  [diag] log10|dL/dh_t| hist bins=60 range=(-12.50,-11.50) mean=-12.00 p50=-12.00 p05=-12.00 p95=-12.00
  [diag] sat-dist hist bins=60 sat<0.05=0.0% mean=0.903 p10=0.899 p90=0.907
  [diag] z-gate sat-dist hist bins=60 mean=0.122 p10=0.122 p90=0.122
  [diag] r-gate sat-dist hist bins=60 mean=0.497 p10=0.497 p90=0.497
Iter 0014300: train nll 0.425, valid error 100.000%, best valid error 100.000%, avg grad norm   0.049, avg grad norm (post clip)   0.037, rho_Whh  0.11, Omega  0.00, alpha  0.000, steps in the past 0.000, valid nll 0.324
  [diag] log10|dL/dh_t| hist bins=60 range=(-12.50,-11.50) mean=-12.00 p50=-12.00 p05=-12.00 p95=-12.00
  [diag] sat-dist hist bins=60 sat<0.05=0.0% mean=0.903 p10=0.899 p90=0.907
  [diag] z-gate sat-dist hist bins=60 mean=0.122 p10=0.122 p90=0.122
  [diag] r-gate sat-dist hist bins=60 mean=0.497 p10=0.497 p90=0.497
Iter 0014320: train nll 0.388, valid error 100.000%, best valid error 100.000%, avg grad norm   0.041, avg grad norm (post clip)   0.035, rho_Whh  0.11, Omega  0.00, alpha  0.000, steps in the past 0.000, valid nll 0.324
  [diag] log10|dL/dh_t| hist bins=60 range=(-12.50,-11.50) mean=-12.00 p50=-12.00 p05=-12.00 p95=-12.00
  [diag] sat-dist hist bins=60 sat<0.05=0.0% mean=0.903 p10=0.899 p90=0.907
  [diag] z-gate sat-dist hist bins=60 mean=0.122 p10=0.122 p90=0.122
  [diag] r-gate sat-dist hist bins=60 mean=0.497 p10=0.497 p90=0.497
Iter 0014340: train nll 0.373, valid error 100.000%, best valid error 100.000%, avg grad norm   0.039, avg grad norm (post clip)   0.036, rho_Whh  0.11, Omega  0.00, alpha  0.000, steps in the past 0.000, valid nll 0.324
  [diag] log10|dL/dh_t| hist bins=60 range=(-12.50,-11.50) mean=-12.00 p50=-12.00 p05=-12.00 p95=-12.00
  [diag] sat-dist hist bins=60 sat<0.05=0.0% mean=0.903 p10=0.899 p90=0.907
  [diag] z-gate sat-dist hist bins=60 mean=0.122 p10=0.122 p90=0.122
  [diag] r-gate sat-dist hist bins=60 mean=0.497 p10=0.497 p90=0.497
Iter 0014360: train nll 0.398, valid error 100.000%, best valid error 100.000%, avg grad norm   0.047, avg grad norm (post clip)   0.037, rho_Whh  0.11, Omega  0.00, alpha  0.000, steps in the past 0.000, valid nll 0.324
  [diag] log10|dL/dh_t| hist bins=60 range=(-12.50,-11.50) mean=-12.00 p50=-12.00 p05=-12.00 p95=-12.00
  [diag] sat-dist hist bins=60 sat<0.05=0.0% mean=0.903 p10=0.899 p90=0.907
  [diag] z-gate sat-dist hist bins=60 mean=0.122 p10=0.122 p90=0.122
  [diag] r-gate sat-dist hist bins=60 mean=0.497 p10=0.497 p90=0.497
Iter 0014380: train nll 0.405, valid error 100.000%, best valid error 100.000%, avg grad norm   0.045, avg grad norm (post clip)   0.037, rho_Whh  0.11, Omega  0.00, alpha  0.000, steps in the past 0.000, valid nll 0.324
  [diag] log10|dL/dh_t| hist bins=60 range=(-12.50,-11.50) mean=-12.00 p50=-12.00 p05=-12.00 p95=-12.00
  [diag] sat-dist hist bins=60 sat<0.05=0.0% mean=0.903 p10=0.899 p90=0.907
  [diag] z-gate sat-dist hist bins=60 mean=0.122 p10=0.122 p90=0.122
  [diag] r-gate sat-dist hist bins=60 mean=0.497 p10=0.497 p90=0.497
Iter 0014400: train nll 0.374, valid error 100.000%, best valid error 100.000%, avg grad norm   0.037, avg grad norm (post clip)   0.034, rho_Whh  0.11, Omega  0.00, alpha  0.000, steps in the past 0.000, valid nll 0.324
  [diag] log10|dL/dh_t| hist bins=60 range=(-12.50,-11.50) mean=-12.00 p50=-12.00 p05=-12.00 p95=-12.00
  [diag] sat-dist hist bins=60 sat<0.05=0.0% mean=0.903 p10=0.899 p90=0.907
  [diag] z-gate sat-dist hist bins=60 mean=0.122 p10=0.122 p90=0.122
  [diag] r-gate sat-dist hist bins=60 mean=0.497 p10=0.497 p90=0.497
Iter 0014420: train nll 0.351, valid error 100.000%, best valid error 100.000%, avg grad norm   0.042, avg grad norm (post clip)   0.040, rho_Whh  0.11, Omega  0.00, alpha  0.000, steps in the past 0.000, valid nll 0.324
  [diag] log10|dL/dh_t| hist bins=60 range=(-12.50,-11.50) mean=-12.00 p50=-12.00 p05=-12.00 p95=-12.00
  [diag] sat-dist hist bins=60 sat<0.05=0.0% mean=0.903 p10=0.899 p90=0.907
  [diag] z-gate sat-dist hist bins=60 mean=0.122 p10=0.122 p90=0.122
  [diag] r-gate sat-dist hist bins=60 mean=0.497 p10=0.497 p90=0.497
Iter 0014440: train nll 0.417, valid error 100.000%, best valid error 100.000%, avg grad norm   0.050, avg grad norm (post clip)   0.039, rho_Whh  0.11, Omega  0.00, alpha  0.000, steps in the past 0.000, valid nll 0.324
  [diag] log10|dL/dh_t| hist bins=60 range=(-12.50,-11.50) mean=-12.00 p50=-12.00 p05=-12.00 p95=-12.00
  [diag] sat-dist hist bins=60 sat<0.05=0.0% mean=0.903 p10=0.899 p90=0.908
  [diag] z-gate sat-dist hist bins=60 mean=0.122 p10=0.122 p90=0.122
  [diag] r-gate sat-dist hist bins=60 mean=0.497 p10=0.497 p90=0.497
Iter 0014460: train nll 0.382, valid error 100.000%, best valid error 100.000%, avg grad norm   0.043, avg grad norm (post clip)   0.039, rho_Whh  0.11, Omega  0.00, alpha  0.000, steps in the past 0.000, valid nll 0.324
  [diag] log10|dL/dh_t| hist bins=60 range=(-12.50,-11.50) mean=-12.00 p50=-12.00 p05=-12.00 p95=-12.00
  [diag] sat-dist hist bins=60 sat<0.05=0.0% mean=0.904 p10=0.900 p90=0.908
  [diag] z-gate sat-dist hist bins=60 mean=0.122 p10=0.122 p90=0.122
  [diag] r-gate sat-dist hist bins=60 mean=0.497 p10=0.497 p90=0.497
Iter 0014480: train nll 0.449, valid error 100.000%, best valid error 100.000%, avg grad norm   0.056, avg grad norm (post clip)   0.039, rho_Whh  0.11, Omega  0.00, alpha  0.000, steps in the past 0.000, valid nll 0.324
  [diag] log10|dL/dh_t| hist bins=60 range=(-12.50,-11.50) mean=-12.00 p50=-12.00 p05=-12.00 p95=-12.00
  [diag] sat-dist hist bins=60 sat<0.05=0.0% mean=0.904 p10=0.900 p90=0.908
  [diag] z-gate sat-dist hist bins=60 mean=0.122 p10=0.122 p90=0.122
  [diag] r-gate sat-dist hist bins=60 mean=0.497 p10=0.497 p90=0.497
Iter 0014500: train nll 0.382, valid error 100.000%, best valid error 100.000%, avg grad norm   0.042, avg grad norm (post clip)   0.038, rho_Whh  0.11, Omega  0.00, alpha  0.000, steps in the past 0.000, valid nll 0.324
  [diag] log10|dL/dh_t| hist bins=60 range=(-12.50,-11.50) mean=-12.00 p50=-12.00 p05=-12.00 p95=-12.00
  [diag] sat-dist hist bins=60 sat<0.05=0.0% mean=0.904 p10=0.900 p90=0.908
  [diag] z-gate sat-dist hist bins=60 mean=0.122 p10=0.122 p90=0.122
  [diag] r-gate sat-dist hist bins=60 mean=0.497 p10=0.497 p90=0.497
Iter 0014520: train nll 0.390, valid error 100.000%, best valid error 100.000%, avg grad norm   0.046, avg grad norm (post clip)   0.038, rho_Whh  0.11, Omega  0.00, alpha  0.000, steps in the past 0.000, valid nll 0.324
  [diag] log10|dL/dh_t| hist bins=60 range=(-12.50,-11.50) mean=-12.00 p50=-12.00 p05=-12.00 p95=-12.00
  [diag] sat-dist hist bins=60 sat<0.05=0.0% mean=0.904 p10=0.900 p90=0.908
  [diag] z-gate sat-dist hist bins=60 mean=0.122 p10=0.122 p90=0.122
  [diag] r-gate sat-dist hist bins=60 mean=0.497 p10=0.497 p90=0.497
Iter 0014540: train nll 0.399, valid error 100.000%, best valid error 100.000%, avg grad norm   0.047, avg grad norm (post clip)   0.036, rho_Whh  0.11, Omega  0.00, alpha  0.000, steps in the past 0.000, valid nll 0.324
  [diag] log10|dL/dh_t| hist bins=60 range=(-12.50,-11.50) mean=-12.00 p50=-12.00 p05=-12.00 p95=-12.00
  [diag] sat-dist hist bins=60 sat<0.05=0.0% mean=0.904 p10=0.900 p90=0.908
  [diag] z-gate sat-dist hist bins=60 mean=0.122 p10=0.122 p90=0.122
  [diag] r-gate sat-dist hist bins=60 mean=0.497 p10=0.497 p90=0.497
Iter 0014560: train nll 0.432, valid error 100.000%, best valid error 100.000%, avg grad norm   0.051, avg grad norm (post clip)   0.035, rho_Whh  0.11, Omega  0.00, alpha  0.000, steps in the past 0.000, valid nll 0.324
  [diag] log10|dL/dh_t| hist bins=60 range=(-12.50,-11.50) mean=-12.00 p50=-12.00 p05=-12.00 p95=-12.00
  [diag] sat-dist hist bins=60 sat<0.05=0.0% mean=0.905 p10=0.901 p90=0.909
  [diag] z-gate sat-dist hist bins=60 mean=0.122 p10=0.122 p90=0.122
  [diag] r-gate sat-dist hist bins=60 mean=0.497 p10=0.497 p90=0.497
Iter 0014580: train nll 0.412, valid error 100.000%, best valid error 100.000%, avg grad norm   0.043, avg grad norm (post clip)   0.037, rho_Whh  0.11, Omega  0.00, alpha  0.000, steps in the past 0.000, valid nll 0.324
  [diag] log10|dL/dh_t| hist bins=60 range=(-12.50,-11.50) mean=-12.00 p50=-12.00 p05=-12.00 p95=-12.00
  [diag] sat-dist hist bins=60 sat<0.05=0.0% mean=0.904 p10=0.900 p90=0.908
  [diag] z-gate sat-dist hist bins=60 mean=0.122 p10=0.122 p90=0.122
  [diag] r-gate sat-dist hist bins=60 mean=0.497 p10=0.497 p90=0.497
Iter 0014600: train nll 0.335, valid error 100.000%, best valid error 100.000%, avg grad norm   0.031, avg grad norm (post clip)   0.032, rho_Whh  0.11, Omega  0.00, alpha  0.000, steps in the past 0.000, valid nll 0.324
  [diag] log10|dL/dh_t| hist bins=60 range=(-12.50,-11.50) mean=-12.00 p50=-12.00 p05=-12.00 p95=-12.00
  [diag] sat-dist hist bins=60 sat<0.05=0.0% mean=0.904 p10=0.900 p90=0.908
  [diag] z-gate sat-dist hist bins=60 mean=0.122 p10=0.122 p90=0.122
  [diag] r-gate sat-dist hist bins=60 mean=0.497 p10=0.497 p90=0.497
Iter 0014620: train nll 0.399, valid error 100.000%, best valid error 100.000%, avg grad norm   0.044, avg grad norm (post clip)   0.037, rho_Whh  0.11, Omega  0.00, alpha  0.000, steps in the past 0.000, valid nll 0.324
  [diag] log10|dL/dh_t| hist bins=60 range=(-12.50,-11.50) mean=-12.00 p50=-12.00 p05=-12.00 p95=-12.00
  [diag] sat-dist hist bins=60 sat<0.05=0.0% mean=0.904 p10=0.900 p90=0.908
  [diag] z-gate sat-dist hist bins=60 mean=0.122 p10=0.122 p90=0.122
  [diag] r-gate sat-dist hist bins=60 mean=0.497 p10=0.497 p90=0.497
Iter 0014640: train nll 0.384, valid error 100.000%, best valid error 100.000%, avg grad norm   0.042, avg grad norm (post clip)   0.037, rho_Whh  0.11, Omega  0.00, alpha  0.000, steps in the past 0.000, valid nll 0.324
  [diag] log10|dL/dh_t| hist bins=60 range=(-12.50,-11.50) mean=-12.00 p50=-12.00 p05=-12.00 p95=-12.00
  [diag] sat-dist hist bins=60 sat<0.05=0.0% mean=0.904 p10=0.900 p90=0.908
  [diag] z-gate sat-dist hist bins=60 mean=0.122 p10=0.122 p90=0.122
  [diag] r-gate sat-dist hist bins=60 mean=0.497 p10=0.497 p90=0.497
Iter 0014660: train nll 0.368, valid error 100.000%, best valid error 100.000%, avg grad norm   0.040, avg grad norm (post clip)   0.035, rho_Whh  0.11, Omega  0.00, alpha  0.000, steps in the past 0.000, valid nll 0.324
  [diag] log10|dL/dh_t| hist bins=60 range=(-12.50,-11.50) mean=-12.00 p50=-12.00 p05=-12.00 p95=-12.00
  [diag] sat-dist hist bins=60 sat<0.05=0.0% mean=0.904 p10=0.900 p90=0.908
  [diag] z-gate sat-dist hist bins=60 mean=0.122 p10=0.122 p90=0.122
  [diag] r-gate sat-dist hist bins=60 mean=0.497 p10=0.497 p90=0.497
Iter 0014680: train nll 0.372, valid error 100.000%, best valid error 100.000%, avg grad norm   0.043, avg grad norm (post clip)   0.035, rho_Whh  0.11, Omega  0.00, alpha  0.000, steps in the past 0.000, valid nll 0.324
  [diag] log10|dL/dh_t| hist bins=60 range=(-12.50,-11.50) mean=-12.00 p50=-12.00 p05=-12.00 p95=-12.00
  [diag] sat-dist hist bins=60 sat<0.05=0.0% mean=0.904 p10=0.900 p90=0.908
  [diag] z-gate sat-dist hist bins=60 mean=0.122 p10=0.122 p90=0.122
  [diag] r-gate sat-dist hist bins=60 mean=0.497 p10=0.497 p90=0.497
Iter 0014700: train nll 0.386, valid error 100.000%, best valid error 100.000%, avg grad norm   0.040, avg grad norm (post clip)   0.037, rho_Whh  0.11, Omega  0.00, alpha  0.000, steps in the past 0.000, valid nll 0.324
  [diag] log10|dL/dh_t| hist bins=60 range=(-12.50,-11.50) mean=-12.00 p50=-12.00 p05=-12.00 p95=-12.00
  [diag] sat-dist hist bins=60 sat<0.05=0.0% mean=0.905 p10=0.901 p90=0.909
  [diag] z-gate sat-dist hist bins=60 mean=0.122 p10=0.122 p90=0.122
  [diag] r-gate sat-dist hist bins=60 mean=0.497 p10=0.497 p90=0.497
Iter 0014720: train nll 0.410, valid error 100.000%, best valid error 100.000%, avg grad norm   0.040, avg grad norm (post clip)   0.034, rho_Whh  0.11, Omega  0.00, alpha  0.000, steps in the past 0.000, valid nll 0.324
  [diag] log10|dL/dh_t| hist bins=60 range=(-12.50,-11.50) mean=-12.00 p50=-12.00 p05=-12.00 p95=-12.00
  [diag] sat-dist hist bins=60 sat<0.05=0.0% mean=0.905 p10=0.901 p90=0.909
  [diag] z-gate sat-dist hist bins=60 mean=0.122 p10=0.122 p90=0.122
  [diag] r-gate sat-dist hist bins=60 mean=0.497 p10=0.497 p90=0.497
Iter 0014740: train nll 0.425, valid error 100.000%, best valid error 100.000%, avg grad norm   0.054, avg grad norm (post clip)   0.041, rho_Whh  0.11, Omega  0.00, alpha  0.000, steps in the past 0.000, valid nll 0.324
  [diag] log10|dL/dh_t| hist bins=60 range=(-12.50,-11.50) mean=-12.00 p50=-12.00 p05=-12.00 p95=-12.00
  [diag] sat-dist hist bins=60 sat<0.05=0.0% mean=0.905 p10=0.901 p90=0.909
  [diag] z-gate sat-dist hist bins=60 mean=0.122 p10=0.122 p90=0.122
  [diag] r-gate sat-dist hist bins=60 mean=0.497 p10=0.497 p90=0.497
Iter 0014760: train nll 0.371, valid error 100.000%, best valid error 100.000%, avg grad norm   0.044, avg grad norm (post clip)   0.039, rho_Whh  0.11, Omega  0.00, alpha  0.000, steps in the past 0.000, valid nll 0.324
  [diag] log10|dL/dh_t| hist bins=60 range=(-12.50,-11.50) mean=-12.00 p50=-12.00 p05=-12.00 p95=-12.00
  [diag] sat-dist hist bins=60 sat<0.05=0.0% mean=0.905 p10=0.901 p90=0.909
  [diag] z-gate sat-dist hist bins=60 mean=0.122 p10=0.122 p90=0.122
  [diag] r-gate sat-dist hist bins=60 mean=0.497 p10=0.497 p90=0.497
Iter 0014780: train nll 0.453, valid error 100.000%, best valid error 100.000%, avg grad norm   0.061, avg grad norm (post clip)   0.041, rho_Whh  0.12, Omega  0.00, alpha  0.000, steps in the past 0.000, valid nll 0.324
  [diag] log10|dL/dh_t| hist bins=60 range=(-12.50,-11.50) mean=-12.00 p50=-12.00 p05=-12.00 p95=-12.00
  [diag] sat-dist hist bins=60 sat<0.05=0.0% mean=0.906 p10=0.902 p90=0.910
  [diag] z-gate sat-dist hist bins=60 mean=0.122 p10=0.122 p90=0.122
  [diag] r-gate sat-dist hist bins=60 mean=0.497 p10=0.497 p90=0.497
Iter 0014800: train nll 0.417, valid error 100.000%, best valid error 100.000%, avg grad norm   0.042, avg grad norm (post clip)   0.031, rho_Whh  0.12, Omega  0.00, alpha  0.000, steps in the past 0.000, valid nll 0.324
  [diag] log10|dL/dh_t| hist bins=60 range=(-12.50,-11.50) mean=-12.00 p50=-12.00 p05=-12.00 p95=-12.00
  [diag] sat-dist hist bins=60 sat<0.05=0.0% mean=0.906 p10=0.902 p90=0.910
  [diag] z-gate sat-dist hist bins=60 mean=0.122 p10=0.122 p90=0.122
  [diag] r-gate sat-dist hist bins=60 mean=0.497 p10=0.497 p90=0.497
Iter 0014820: train nll 0.388, valid error 100.000%, best valid error 100.000%, avg grad norm   0.038, avg grad norm (post clip)   0.032, rho_Whh  0.12, Omega  0.00, alpha  0.000, steps in the past 0.000, valid nll 0.324
  [diag] log10|dL/dh_t| hist bins=60 range=(-12.50,-11.50) mean=-12.00 p50=-12.00 p05=-12.00 p95=-12.00
  [diag] sat-dist hist bins=60 sat<0.05=0.0% mean=0.906 p10=0.902 p90=0.909
  [diag] z-gate sat-dist hist bins=60 mean=0.122 p10=0.122 p90=0.122
  [diag] r-gate sat-dist hist bins=60 mean=0.497 p10=0.497 p90=0.497
Iter 0014840: train nll 0.369, valid error 100.000%, best valid error 100.000%, avg grad norm   0.043, avg grad norm (post clip)   0.035, rho_Whh  0.12, Omega  0.00, alpha  0.000, steps in the past 0.000, valid nll 0.324
  [diag] log10|dL/dh_t| hist bins=60 range=(-12.50,-11.50) mean=-12.00 p50=-12.00 p05=-12.00 p95=-12.00
  [diag] sat-dist hist bins=60 sat<0.05=0.0% mean=0.906 p10=0.902 p90=0.910
  [diag] z-gate sat-dist hist bins=60 mean=0.122 p10=0.122 p90=0.122
  [diag] r-gate sat-dist hist bins=60 mean=0.497 p10=0.497 p90=0.497
Iter 0014860: train nll 0.385, valid error 100.000%, best valid error 100.000%, avg grad norm   0.036, avg grad norm (post clip)   0.031, rho_Whh  0.12, Omega  0.00, alpha  0.000, steps in the past 0.000, valid nll 0.324
  [diag] log10|dL/dh_t| hist bins=60 range=(-12.50,-11.50) mean=-12.00 p50=-12.00 p05=-12.00 p95=-12.00
  [diag] sat-dist hist bins=60 sat<0.05=0.0% mean=0.906 p10=0.902 p90=0.910
  [diag] z-gate sat-dist hist bins=60 mean=0.122 p10=0.122 p90=0.122
  [diag] r-gate sat-dist hist bins=60 mean=0.497 p10=0.497 p90=0.497
Iter 0014880: train nll 0.395, valid error 100.000%, best valid error 100.000%, avg grad norm   0.046, avg grad norm (post clip)   0.038, rho_Whh  0.12, Omega  0.00, alpha  0.000, steps in the past 0.000, valid nll 0.324
  [diag] log10|dL/dh_t| hist bins=60 range=(-12.50,-11.50) mean=-12.00 p50=-12.00 p05=-12.00 p95=-12.00
  [diag] sat-dist hist bins=60 sat<0.05=0.0% mean=0.906 p10=0.902 p90=0.910
  [diag] z-gate sat-dist hist bins=60 mean=0.122 p10=0.122 p90=0.122
  [diag] r-gate sat-dist hist bins=60 mean=0.497 p10=0.497 p90=0.497
Iter 0014900: train nll 0.390, valid error 100.000%, best valid error 100.000%, avg grad norm   0.046, avg grad norm (post clip)   0.036, rho_Whh  0.12, Omega  0.00, alpha  0.000, steps in the past 0.000, valid nll 0.324
  [diag] log10|dL/dh_t| hist bins=60 range=(-12.50,-11.50) mean=-12.00 p50=-12.00 p05=-12.00 p95=-12.00
  [diag] sat-dist hist bins=60 sat<0.05=0.0% mean=0.906 p10=0.902 p90=0.910
  [diag] z-gate sat-dist hist bins=60 mean=0.122 p10=0.122 p90=0.122
  [diag] r-gate sat-dist hist bins=60 mean=0.497 p10=0.497 p90=0.497
Iter 0014920: train nll 0.396, valid error 100.000%, best valid error 100.000%, avg grad norm   0.035, avg grad norm (post clip)   0.031, rho_Whh  0.12, Omega  0.00, alpha  0.000, steps in the past 0.000, valid nll 0.324
  [diag] log10|dL/dh_t| hist bins=60 range=(-12.50,-11.50) mean=-12.00 p50=-12.00 p05=-12.00 p95=-12.00
  [diag] sat-dist hist bins=60 sat<0.05=0.0% mean=0.906 p10=0.902 p90=0.910
  [diag] z-gate sat-dist hist bins=60 mean=0.122 p10=0.122 p90=0.122
  [diag] r-gate sat-dist hist bins=60 mean=0.497 p10=0.497 p90=0.497
Iter 0014940: train nll 0.411, valid error 100.000%, best valid error 100.000%, avg grad norm   0.040, avg grad norm (post clip)   0.034, rho_Whh  0.12, Omega  0.00, alpha  0.000, steps in the past 0.000, valid nll 0.324
  [diag] log10|dL/dh_t| hist bins=60 range=(-12.50,-11.50) mean=-12.00 p50=-12.00 p05=-12.00 p95=-12.00
  [diag] sat-dist hist bins=60 sat<0.05=0.0% mean=0.906 p10=0.903 p90=0.910
  [diag] z-gate sat-dist hist bins=60 mean=0.122 p10=0.122 p90=0.122
  [diag] r-gate sat-dist hist bins=60 mean=0.497 p10=0.497 p90=0.497
Iter 0014960: train nll 0.418, valid error 100.000%, best valid error 100.000%, avg grad norm   0.048, avg grad norm (post clip)   0.039, rho_Whh  0.12, Omega  0.00, alpha  0.000, steps in the past 0.000, valid nll 0.324
  [diag] log10|dL/dh_t| hist bins=60 range=(-12.50,-11.50) mean=-12.00 p50=-12.00 p05=-12.00 p95=-12.00
  [diag] sat-dist hist bins=60 sat<0.05=0.0% mean=0.906 p10=0.903 p90=0.911
  [diag] z-gate sat-dist hist bins=60 mean=0.122 p10=0.122 p90=0.122
  [diag] r-gate sat-dist hist bins=60 mean=0.497 p10=0.497 p90=0.497
Iter 0014980: train nll 0.404, valid error 100.000%, best valid error 100.000%, avg grad norm   0.056, avg grad norm (post clip)   0.043, rho_Whh  0.12, Omega  0.00, alpha  0.000, steps in the past 0.000, valid nll 0.324
  [diag] log10|dL/dh_t| hist bins=60 range=(-12.50,-11.50) mean=-12.00 p50=-12.00 p05=-12.00 p95=-12.00
  [diag] sat-dist hist bins=60 sat<0.05=0.0% mean=0.906 p10=0.902 p90=0.910
  [diag] z-gate sat-dist hist bins=60 mean=0.122 p10=0.122 p90=0.122
  [diag] r-gate sat-dist hist bins=60 mean=0.497 p10=0.497 p90=0.497
Iter 0015000: train nll 0.359, valid error 100.000%, best valid error 100.000%, avg grad norm   0.041, avg grad norm (post clip)   0.039, rho_Whh  0.12, Omega  0.00, alpha  0.000, steps in the past 0.000, valid nll 0.324
  [diag] log10|dL/dh_t| hist bins=60 range=(-12.50,-11.50) mean=-12.00 p50=-12.00 p05=-12.00 p95=-12.00
  [diag] sat-dist hist bins=60 sat<0.05=0.0% mean=0.906 p10=0.903 p90=0.910
  [diag] z-gate sat-dist hist bins=60 mean=0.122 p10=0.122 p90=0.122
  [diag] r-gate sat-dist hist bins=60 mean=0.497 p10=0.497 p90=0.497
Iter 0015020: train nll 0.391, valid error 100.000%, best valid error 100.000%, avg grad norm   0.047, avg grad norm (post clip)   0.040, rho_Whh  0.12, Omega  0.00, alpha  0.000, steps in the past 0.000, valid nll 0.324
  [diag] log10|dL/dh_t| hist bins=60 range=(-12.50,-11.50) mean=-12.00 p50=-12.00 p05=-12.00 p95=-12.00
  [diag] sat-dist hist bins=60 sat<0.05=0.0% mean=0.906 p10=0.902 p90=0.910
  [diag] z-gate sat-dist hist bins=60 mean=0.122 p10=0.122 p90=0.122
  [diag] r-gate sat-dist hist bins=60 mean=0.497 p10=0.497 p90=0.497
Iter 0015040: train nll 0.351, valid error 100.000%, best valid error 100.000%, avg grad norm   0.039, avg grad norm (post clip)   0.037, rho_Whh  0.12, Omega  0.00, alpha  0.000, steps in the past 0.000, valid nll 0.324
  [diag] log10|dL/dh_t| hist bins=60 range=(-12.50,-11.50) mean=-12.00 p50=-12.00 p05=-12.00 p95=-12.00
  [diag] sat-dist hist bins=60 sat<0.05=0.0% mean=0.906 p10=0.903 p90=0.910
  [diag] z-gate sat-dist hist bins=60 mean=0.122 p10=0.122 p90=0.122
  [diag] r-gate sat-dist hist bins=60 mean=0.497 p10=0.497 p90=0.497
Iter 0015060: train nll 0.402, valid error 100.000%, best valid error 100.000%, avg grad norm   0.043, avg grad norm (post clip)   0.034, rho_Whh  0.12, Omega  0.00, alpha  0.000, steps in the past 0.000, valid nll 0.324
  [diag] log10|dL/dh_t| hist bins=60 range=(-12.50,-11.50) mean=-12.00 p50=-12.00 p05=-12.00 p95=-12.00
  [diag] sat-dist hist bins=60 sat<0.05=0.0% mean=0.906 p10=0.903 p90=0.911
  [diag] z-gate sat-dist hist bins=60 mean=0.122 p10=0.122 p90=0.122
  [diag] r-gate sat-dist hist bins=60 mean=0.497 p10=0.497 p90=0.497
Iter 0015080: train nll 0.395, valid error 100.000%, best valid error 100.000%, avg grad norm   0.049, avg grad norm (post clip)   0.040, rho_Whh  0.12, Omega  0.00, alpha  0.000, steps in the past 0.000, valid nll 0.324
  [diag] log10|dL/dh_t| hist bins=60 range=(-12.50,-11.50) mean=-12.00 p50=-12.00 p05=-12.00 p95=-12.00
  [diag] sat-dist hist bins=60 sat<0.05=0.0% mean=0.907 p10=0.903 p90=0.911
  [diag] z-gate sat-dist hist bins=60 mean=0.122 p10=0.122 p90=0.122
  [diag] r-gate sat-dist hist bins=60 mean=0.497 p10=0.497 p90=0.497
Iter 0015100: train nll 0.386, valid error 100.000%, best valid error 100.000%, avg grad norm   0.045, avg grad norm (post clip)   0.038, rho_Whh  0.12, Omega  0.00, alpha  0.000, steps in the past 0.000, valid nll 0.324
  [diag] log10|dL/dh_t| hist bins=60 range=(-12.50,-11.50) mean=-12.00 p50=-12.00 p05=-12.00 p95=-12.00
  [diag] sat-dist hist bins=60 sat<0.05=0.0% mean=0.906 p10=0.903 p90=0.910
  [diag] z-gate sat-dist hist bins=60 mean=0.122 p10=0.122 p90=0.122
  [diag] r-gate sat-dist hist bins=60 mean=0.497 p10=0.497 p90=0.497
Iter 0015120: train nll 0.369, valid error 100.000%, best valid error 100.000%, avg grad norm   0.045, avg grad norm (post clip)   0.038, rho_Whh  0.12, Omega  0.00, alpha  0.000, steps in the past 0.000, valid nll 0.324
  [diag] log10|dL/dh_t| hist bins=60 range=(-12.50,-11.50) mean=-12.00 p50=-12.00 p05=-12.00 p95=-12.00
  [diag] sat-dist hist bins=60 sat<0.05=0.0% mean=0.907 p10=0.903 p90=0.911
  [diag] z-gate sat-dist hist bins=60 mean=0.122 p10=0.122 p90=0.122
  [diag] r-gate sat-dist hist bins=60 mean=0.497 p10=0.497 p90=0.497
Iter 0015140: train nll 0.430, valid error 100.000%, best valid error 100.000%, avg grad norm   0.059, avg grad norm (post clip)   0.039, rho_Whh  0.12, Omega  0.00, alpha  0.000, steps in the past 0.000, valid nll 0.324
  [diag] log10|dL/dh_t| hist bins=60 range=(-12.50,-11.50) mean=-12.00 p50=-12.00 p05=-12.00 p95=-12.00
  [diag] sat-dist hist bins=60 sat<0.05=0.0% mean=0.907 p10=0.903 p90=0.911
  [diag] z-gate sat-dist hist bins=60 mean=0.122 p10=0.122 p90=0.122
  [diag] r-gate sat-dist hist bins=60 mean=0.497 p10=0.497 p90=0.497
Iter 0015160: train nll 0.390, valid error 100.000%, best valid error 100.000%, avg grad norm   0.043, avg grad norm (post clip)   0.035, rho_Whh  0.12, Omega  0.00, alpha  0.000, steps in the past 0.000, valid nll 0.324
  [diag] log10|dL/dh_t| hist bins=60 range=(-12.50,-11.50) mean=-12.00 p50=-12.00 p05=-12.00 p95=-12.00
  [diag] sat-dist hist bins=60 sat<0.05=0.0% mean=0.907 p10=0.903 p90=0.911
  [diag] z-gate sat-dist hist bins=60 mean=0.122 p10=0.122 p90=0.122
  [diag] r-gate sat-dist hist bins=60 mean=0.497 p10=0.497 p90=0.497
Iter 0015180: train nll 0.353, valid error 100.000%, best valid error 100.000%, avg grad norm   0.029, avg grad norm (post clip)   0.031, rho_Whh  0.12, Omega  0.00, alpha  0.000, steps in the past 0.000, valid nll 0.324
  [diag] log10|dL/dh_t| hist bins=60 range=(-12.50,-11.50) mean=-12.00 p50=-12.00 p05=-12.00 p95=-12.00
  [diag] sat-dist hist bins=60 sat<0.05=0.0% mean=0.907 p10=0.903 p90=0.911
  [diag] z-gate sat-dist hist bins=60 mean=0.122 p10=0.122 p90=0.122
  [diag] r-gate sat-dist hist bins=60 mean=0.497 p10=0.497 p90=0.497
Iter 0015200: train nll 0.362, valid error 100.000%, best valid error 100.000%, avg grad norm   0.030, avg grad norm (post clip)   0.028, rho_Whh  0.12, Omega  0.00, alpha  0.000, steps in the past 0.000, valid nll 0.324
  [diag] log10|dL/dh_t| hist bins=60 range=(-12.50,-11.50) mean=-12.00 p50=-12.00 p05=-12.00 p95=-12.00
  [diag] sat-dist hist bins=60 sat<0.05=0.0% mean=0.906 p10=0.902 p90=0.910
  [diag] z-gate sat-dist hist bins=60 mean=0.122 p10=0.122 p90=0.122
  [diag] r-gate sat-dist hist bins=60 mean=0.497 p10=0.497 p90=0.497
Iter 0015220: train nll 0.348, valid error 100.000%, best valid error 100.000%, avg grad norm   0.040, avg grad norm (post clip)   0.035, rho_Whh  0.12, Omega  0.00, alpha  0.000, steps in the past 0.000, valid nll 0.323
  [diag] log10|dL/dh_t| hist bins=60 range=(-12.50,-11.50) mean=-12.00 p50=-12.00 p05=-12.00 p95=-12.00
  [diag] sat-dist hist bins=60 sat<0.05=0.0% mean=0.907 p10=0.903 p90=0.911
  [diag] z-gate sat-dist hist bins=60 mean=0.122 p10=0.122 p90=0.122
  [diag] r-gate sat-dist hist bins=60 mean=0.497 p10=0.497 p90=0.497
Iter 0015240: train nll 0.387, valid error 100.000%, best valid error 100.000%, avg grad norm   0.034, avg grad norm (post clip)   0.033, rho_Whh  0.12, Omega  0.00, alpha  0.000, steps in the past 0.000, valid nll 0.324
  [diag] log10|dL/dh_t| hist bins=60 range=(-12.50,-11.50) mean=-12.00 p50=-12.00 p05=-12.00 p95=-12.00
  [diag] sat-dist hist bins=60 sat<0.05=0.0% mean=0.907 p10=0.903 p90=0.911
  [diag] z-gate sat-dist hist bins=60 mean=0.122 p10=0.122 p90=0.122
  [diag] r-gate sat-dist hist bins=60 mean=0.497 p10=0.497 p90=0.497
Iter 0015260: train nll 0.396, valid error 100.000%, best valid error 100.000%, avg grad norm   0.042, avg grad norm (post clip)   0.038, rho_Whh  0.12, Omega  0.00, alpha  0.000, steps in the past 0.000, valid nll 0.324
  [diag] log10|dL/dh_t| hist bins=60 range=(-12.50,-11.50) mean=-12.00 p50=-12.00 p05=-12.00 p95=-12.00
  [diag] sat-dist hist bins=60 sat<0.05=0.0% mean=0.907 p10=0.903 p90=0.911
  [diag] z-gate sat-dist hist bins=60 mean=0.122 p10=0.122 p90=0.122
  [diag] r-gate sat-dist hist bins=60 mean=0.497 p10=0.497 p90=0.497
Iter 0015280: train nll 0.382, valid error 100.000%, best valid error 100.000%, avg grad norm   0.038, avg grad norm (post clip)   0.035, rho_Whh  0.12, Omega  0.00, alpha  0.000, steps in the past 0.000, valid nll 0.324
  [diag] log10|dL/dh_t| hist bins=60 range=(-12.50,-11.50) mean=-12.00 p50=-12.00 p05=-12.00 p95=-12.00
  [diag] sat-dist hist bins=60 sat<0.05=0.0% mean=0.907 p10=0.903 p90=0.911
  [diag] z-gate sat-dist hist bins=60 mean=0.122 p10=0.122 p90=0.122
  [diag] r-gate sat-dist hist bins=60 mean=0.497 p10=0.497 p90=0.497
Iter 0015300: train nll 0.377, valid error 100.000%, best valid error 100.000%, avg grad norm   0.040, avg grad norm (post clip)   0.036, rho_Whh  0.12, Omega  0.00, alpha  0.000, steps in the past 0.000, valid nll 0.323
  [diag] log10|dL/dh_t| hist bins=60 range=(-12.50,-11.50) mean=-12.00 p50=-12.00 p05=-12.00 p95=-12.00
  [diag] sat-dist hist bins=60 sat<0.05=0.0% mean=0.907 p10=0.903 p90=0.911
  [diag] z-gate sat-dist hist bins=60 mean=0.122 p10=0.122 p90=0.122
  [diag] r-gate sat-dist hist bins=60 mean=0.497 p10=0.497 p90=0.497
Iter 0015320: train nll 0.363, valid error 100.000%, best valid error 100.000%, avg grad norm   0.036, avg grad norm (post clip)   0.034, rho_Whh  0.12, Omega  0.00, alpha  0.000, steps in the past 0.000, valid nll 0.323
  [diag] log10|dL/dh_t| hist bins=60 range=(-12.50,-11.50) mean=-12.00 p50=-12.00 p05=-12.00 p95=-12.00
  [diag] sat-dist hist bins=60 sat<0.05=0.0% mean=0.907 p10=0.903 p90=0.911
  [diag] z-gate sat-dist hist bins=60 mean=0.122 p10=0.122 p90=0.122
  [diag] r-gate sat-dist hist bins=60 mean=0.497 p10=0.497 p90=0.497
Iter 0015340: train nll 0.421, valid error 100.000%, best valid error 100.000%, avg grad norm   0.051, avg grad norm (post clip)   0.036, rho_Whh  0.12, Omega  0.00, alpha  0.000, steps in the past 0.000, valid nll 0.323
  [diag] log10|dL/dh_t| hist bins=60 range=(-12.50,-11.50) mean=-12.00 p50=-12.00 p05=-12.00 p95=-12.00
  [diag] sat-dist hist bins=60 sat<0.05=0.0% mean=0.907 p10=0.904 p90=0.911
  [diag] z-gate sat-dist hist bins=60 mean=0.122 p10=0.122 p90=0.122
  [diag] r-gate sat-dist hist bins=60 mean=0.497 p10=0.497 p90=0.497
Iter 0015360: train nll 0.396, valid error 100.000%, best valid error 100.000%, avg grad norm   0.045, avg grad norm (post clip)   0.035, rho_Whh  0.12, Omega  0.00, alpha  0.000, steps in the past 0.000, valid nll 0.323
  [diag] log10|dL/dh_t| hist bins=60 range=(-12.50,-11.50) mean=-12.00 p50=-12.00 p05=-12.00 p95=-12.00
  [diag] sat-dist hist bins=60 sat<0.05=0.0% mean=0.908 p10=0.904 p90=0.912
  [diag] z-gate sat-dist hist bins=60 mean=0.122 p10=0.122 p90=0.122
  [diag] r-gate sat-dist hist bins=60 mean=0.497 p10=0.497 p90=0.497
Iter 0015380: train nll 0.423, valid error 100.000%, best valid error 100.000%, avg grad norm   0.050, avg grad norm (post clip)   0.037, rho_Whh  0.13, Omega  0.00, alpha  0.000, steps in the past 0.000, valid nll 0.324
  [diag] log10|dL/dh_t| hist bins=60 range=(-12.50,-11.50) mean=-12.00 p50=-12.00 p05=-12.00 p95=-12.00
  [diag] sat-dist hist bins=60 sat<0.05=0.0% mean=0.908 p10=0.904 p90=0.912
  [diag] z-gate sat-dist hist bins=60 mean=0.122 p10=0.122 p90=0.122
  [diag] r-gate sat-dist hist bins=60 mean=0.497 p10=0.497 p90=0.497
Iter 0015400: train nll 0.434, valid error 100.000%, best valid error 100.000%, avg grad norm   0.050, avg grad norm (post clip)   0.037, rho_Whh  0.13, Omega  0.00, alpha  0.000, steps in the past 0.000, valid nll 0.324
  [diag] log10|dL/dh_t| hist bins=60 range=(-12.50,-11.50) mean=-12.00 p50=-12.00 p05=-12.00 p95=-12.00
  [diag] sat-dist hist bins=60 sat<0.05=0.0% mean=0.908 p10=0.904 p90=0.912
  [diag] z-gate sat-dist hist bins=60 mean=0.122 p10=0.122 p90=0.122
  [diag] r-gate sat-dist hist bins=60 mean=0.497 p10=0.497 p90=0.497
Iter 0015420: train nll 0.384, valid error 100.000%, best valid error 100.000%, avg grad norm   0.038, avg grad norm (post clip)   0.032, rho_Whh  0.13, Omega  0.00, alpha  0.000, steps in the past 0.000, valid nll 0.324
  [diag] log10|dL/dh_t| hist bins=60 range=(-12.50,-11.50) mean=-12.00 p50=-12.00 p05=-12.00 p95=-12.00
  [diag] sat-dist hist bins=60 sat<0.05=0.0% mean=0.908 p10=0.904 p90=0.912
  [diag] z-gate sat-dist hist bins=60 mean=0.122 p10=0.122 p90=0.122
  [diag] r-gate sat-dist hist bins=60 mean=0.497 p10=0.497 p90=0.497
Iter 0015440: train nll 0.390, valid error 100.000%, best valid error 100.000%, avg grad norm   0.049, avg grad norm (post clip)   0.041, rho_Whh  0.13, Omega  0.00, alpha  0.000, steps in the past 0.000, valid nll 0.324
  [diag] log10|dL/dh_t| hist bins=60 range=(-12.50,-11.50) mean=-12.00 p50=-12.00 p05=-12.00 p95=-12.00
  [diag] sat-dist hist bins=60 sat<0.05=0.0% mean=0.908 p10=0.904 p90=0.912
  [diag] z-gate sat-dist hist bins=60 mean=0.122 p10=0.122 p90=0.122
  [diag] r-gate sat-dist hist bins=60 mean=0.497 p10=0.497 p90=0.497
Iter 0015460: train nll 0.367, valid error 100.000%, best valid error 100.000%, avg grad norm   0.032, avg grad norm (post clip)   0.030, rho_Whh  0.13, Omega  0.00, alpha  0.000, steps in the past 0.000, valid nll 0.323
  [diag] log10|dL/dh_t| hist bins=60 range=(-12.50,-11.50) mean=-12.00 p50=-12.00 p05=-12.00 p95=-12.00
  [diag] sat-dist hist bins=60 sat<0.05=0.0% mean=0.908 p10=0.904 p90=0.912
  [diag] z-gate sat-dist hist bins=60 mean=0.122 p10=0.122 p90=0.122
  [diag] r-gate sat-dist hist bins=60 mean=0.497 p10=0.497 p90=0.497
Iter 0015480: train nll 0.405, valid error 100.000%, best valid error 100.000%, avg grad norm   0.046, avg grad norm (post clip)   0.035, rho_Whh  0.13, Omega  0.00, alpha  0.000, steps in the past 0.000, valid nll 0.323
  [diag] log10|dL/dh_t| hist bins=60 range=(-12.50,-11.50) mean=-12.00 p50=-12.00 p05=-12.00 p95=-12.00
  [diag] sat-dist hist bins=60 sat<0.05=0.0% mean=0.908 p10=0.905 p90=0.913
  [diag] z-gate sat-dist hist bins=60 mean=0.122 p10=0.122 p90=0.122
  [diag] r-gate sat-dist hist bins=60 mean=0.497 p10=0.497 p90=0.497
Iter 0015500: train nll 0.388, valid error 100.000%, best valid error 100.000%, avg grad norm   0.039, avg grad norm (post clip)   0.035, rho_Whh  0.13, Omega  0.00, alpha  0.000, steps in the past 0.000, valid nll 0.323
  [diag] log10|dL/dh_t| hist bins=60 range=(-12.50,-11.50) mean=-12.00 p50=-12.00 p05=-12.00 p95=-12.00
  [diag] sat-dist hist bins=60 sat<0.05=0.0% mean=0.908 p10=0.905 p90=0.912
  [diag] z-gate sat-dist hist bins=60 mean=0.122 p10=0.122 p90=0.122
  [diag] r-gate sat-dist hist bins=60 mean=0.497 p10=0.497 p90=0.497
Iter 0015520: train nll 0.362, valid error 100.000%, best valid error 100.000%, avg grad norm   0.039, avg grad norm (post clip)   0.035, rho_Whh  0.13, Omega  0.00, alpha  0.000, steps in the past 0.000, valid nll 0.323
  [diag] log10|dL/dh_t| hist bins=60 range=(-12.50,-11.50) mean=-12.00 p50=-12.00 p05=-12.00 p95=-12.00
  [diag] sat-dist hist bins=60 sat<0.05=0.0% mean=0.908 p10=0.905 p90=0.912
  [diag] z-gate sat-dist hist bins=60 mean=0.122 p10=0.122 p90=0.122
  [diag] r-gate sat-dist hist bins=60 mean=0.497 p10=0.497 p90=0.497
Iter 0015540: train nll 0.378, valid error 100.000%, best valid error 100.000%, avg grad norm   0.038, avg grad norm (post clip)   0.034, rho_Whh  0.13, Omega  0.00, alpha  0.000, steps in the past 0.000, valid nll 0.323
  [diag] log10|dL/dh_t| hist bins=60 range=(-12.50,-11.50) mean=-12.00 p50=-12.00 p05=-12.00 p95=-12.00
  [diag] sat-dist hist bins=60 sat<0.05=0.0% mean=0.908 p10=0.905 p90=0.912
  [diag] z-gate sat-dist hist bins=60 mean=0.122 p10=0.122 p90=0.122
  [diag] r-gate sat-dist hist bins=60 mean=0.497 p10=0.497 p90=0.497
Iter 0015560: train nll 0.367, valid error 100.000%, best valid error 100.000%, avg grad norm   0.039, avg grad norm (post clip)   0.034, rho_Whh  0.13, Omega  0.00, alpha  0.000, steps in the past 0.000, valid nll 0.323
  [diag] log10|dL/dh_t| hist bins=60 range=(-12.50,-11.50) mean=-12.00 p50=-12.00 p05=-12.00 p95=-12.00
  [diag] sat-dist hist bins=60 sat<0.05=0.0% mean=0.908 p10=0.905 p90=0.913
  [diag] z-gate sat-dist hist bins=60 mean=0.122 p10=0.122 p90=0.122
  [diag] r-gate sat-dist hist bins=60 mean=0.497 p10=0.497 p90=0.497
Iter 0015580: train nll 0.394, valid error 100.000%, best valid error 100.000%, avg grad norm   0.044, avg grad norm (post clip)   0.039, rho_Whh  0.13, Omega  0.00, alpha  0.000, steps in the past 0.000, valid nll 0.323
  [diag] log10|dL/dh_t| hist bins=60 range=(-12.50,-11.50) mean=-12.00 p50=-12.00 p05=-12.00 p95=-12.00
  [diag] sat-dist hist bins=60 sat<0.05=0.0% mean=0.909 p10=0.905 p90=0.913
  [diag] z-gate sat-dist hist bins=60 mean=0.122 p10=0.122 p90=0.122
  [diag] r-gate sat-dist hist bins=60 mean=0.497 p10=0.497 p90=0.497
Iter 0015600: train nll 0.437, valid error 100.000%, best valid error 100.000%, avg grad norm   0.059, avg grad norm (post clip)   0.040, rho_Whh  0.13, Omega  0.00, alpha  0.000, steps in the past 0.000, valid nll 0.323
  [diag] log10|dL/dh_t| hist bins=60 range=(-12.50,-11.50) mean=-12.00 p50=-12.00 p05=-12.00 p95=-12.00
  [diag] sat-dist hist bins=60 sat<0.05=0.0% mean=0.909 p10=0.905 p90=0.913
  [diag] z-gate sat-dist hist bins=60 mean=0.122 p10=0.122 p90=0.122
  [diag] r-gate sat-dist hist bins=60 mean=0.497 p10=0.497 p90=0.497
Iter 0015620: train nll 0.388, valid error 100.000%, best valid error 100.000%, avg grad norm   0.036, avg grad norm (post clip)   0.035, rho_Whh  0.13, Omega  0.00, alpha  0.000, steps in the past 0.000, valid nll 0.323
  [diag] log10|dL/dh_t| hist bins=60 range=(-12.50,-11.50) mean=-12.00 p50=-12.00 p05=-12.00 p95=-12.00
  [diag] sat-dist hist bins=60 sat<0.05=0.0% mean=0.909 p10=0.905 p90=0.913
  [diag] z-gate sat-dist hist bins=60 mean=0.122 p10=0.122 p90=0.122
  [diag] r-gate sat-dist hist bins=60 mean=0.497 p10=0.497 p90=0.497
Iter 0015640: train nll 0.372, valid error 100.000%, best valid error 100.000%, avg grad norm   0.032, avg grad norm (post clip)   0.030, rho_Whh  0.13, Omega  0.00, alpha  0.000, steps in the past 0.000, valid nll 0.323
  [diag] log10|dL/dh_t| hist bins=60 range=(-12.50,-11.50) mean=-12.00 p50=-12.00 p05=-12.00 p95=-12.00
  [diag] sat-dist hist bins=60 sat<0.05=0.0% mean=0.909 p10=0.905 p90=0.913
  [diag] z-gate sat-dist hist bins=60 mean=0.122 p10=0.122 p90=0.122
  [diag] r-gate sat-dist hist bins=60 mean=0.497 p10=0.497 p90=0.497
Iter 0015660: train nll 0.353, valid error 100.000%, best valid error 100.000%, avg grad norm   0.039, avg grad norm (post clip)   0.036, rho_Whh  0.13, Omega  0.00, alpha  0.000, steps in the past 0.000, valid nll 0.323
  [diag] log10|dL/dh_t| hist bins=60 range=(-12.50,-11.50) mean=-12.00 p50=-12.00 p05=-12.00 p95=-12.00
  [diag] sat-dist hist bins=60 sat<0.05=0.0% mean=0.909 p10=0.905 p90=0.913
  [diag] z-gate sat-dist hist bins=60 mean=0.122 p10=0.122 p90=0.122
  [diag] r-gate sat-dist hist bins=60 mean=0.497 p10=0.497 p90=0.497
Iter 0015680: train nll 0.426, valid error 100.000%, best valid error 100.000%, avg grad norm   0.053, avg grad norm (post clip)   0.038, rho_Whh  0.13, Omega  0.00, alpha  0.000, steps in the past 0.000, valid nll 0.323
  [diag] log10|dL/dh_t| hist bins=60 range=(-12.50,-11.50) mean=-12.00 p50=-12.00 p05=-12.00 p95=-12.00
  [diag] sat-dist hist bins=60 sat<0.05=0.0% mean=0.909 p10=0.906 p90=0.913
  [diag] z-gate sat-dist hist bins=60 mean=0.122 p10=0.122 p90=0.122
  [diag] r-gate sat-dist hist bins=60 mean=0.497 p10=0.497 p90=0.497
Iter 0015700: train nll 0.397, valid error 100.000%, best valid error 100.000%, avg grad norm   0.042, avg grad norm (post clip)   0.036, rho_Whh  0.13, Omega  0.00, alpha  0.000, steps in the past 0.000, valid nll 0.323
  [diag] log10|dL/dh_t| hist bins=60 range=(-12.50,-11.50) mean=-12.00 p50=-12.00 p05=-12.00 p95=-12.00
  [diag] sat-dist hist bins=60 sat<0.05=0.0% mean=0.909 p10=0.905 p90=0.913
  [diag] z-gate sat-dist hist bins=60 mean=0.122 p10=0.122 p90=0.122
  [diag] r-gate sat-dist hist bins=60 mean=0.497 p10=0.497 p90=0.497
Iter 0015720: train nll 0.355, valid error 100.000%, best valid error 100.000%, avg grad norm   0.035, avg grad norm (post clip)   0.032, rho_Whh  0.13, Omega  0.00, alpha  0.000, steps in the past 0.000, valid nll 0.323
  [diag] log10|dL/dh_t| hist bins=60 range=(-12.50,-11.50) mean=-12.00 p50=-12.00 p05=-12.00 p95=-12.00
  [diag] sat-dist hist bins=60 sat<0.05=0.0% mean=0.909 p10=0.906 p90=0.913
  [diag] z-gate sat-dist hist bins=60 mean=0.122 p10=0.122 p90=0.122
  [diag] r-gate sat-dist hist bins=60 mean=0.497 p10=0.497 p90=0.497
Iter 0015740: train nll 0.399, valid error 100.000%, best valid error 100.000%, avg grad norm   0.039, avg grad norm (post clip)   0.033, rho_Whh  0.13, Omega  0.00, alpha  0.000, steps in the past 0.000, valid nll 0.323
  [diag] log10|dL/dh_t| hist bins=60 range=(-12.50,-11.50) mean=-12.00 p50=-12.00 p05=-12.00 p95=-12.00
  [diag] sat-dist hist bins=60 sat<0.05=0.0% mean=0.910 p10=0.906 p90=0.914
  [diag] z-gate sat-dist hist bins=60 mean=0.122 p10=0.122 p90=0.122
  [diag] r-gate sat-dist hist bins=60 mean=0.497 p10=0.497 p90=0.497
Iter 0015760: train nll 0.411, valid error 100.000%, best valid error 100.000%, avg grad norm   0.044, avg grad norm (post clip)   0.036, rho_Whh  0.13, Omega  0.00, alpha  0.000, steps in the past 0.000, valid nll 0.323
  [diag] log10|dL/dh_t| hist bins=60 range=(-12.50,-11.50) mean=-12.00 p50=-12.00 p05=-12.00 p95=-12.00
  [diag] sat-dist hist bins=60 sat<0.05=0.0% mean=0.910 p10=0.906 p90=0.914
  [diag] z-gate sat-dist hist bins=60 mean=0.122 p10=0.122 p90=0.122
  [diag] r-gate sat-dist hist bins=60 mean=0.497 p10=0.497 p90=0.497
Iter 0015780: train nll 0.399, valid error 100.000%, best valid error 100.000%, avg grad norm   0.048, avg grad norm (post clip)   0.036, rho_Whh  0.13, Omega  0.00, alpha  0.000, steps in the past 0.000, valid nll 0.323
  [diag] log10|dL/dh_t| hist bins=60 range=(-12.50,-11.50) mean=-12.00 p50=-12.00 p05=-12.00 p95=-12.00
  [diag] sat-dist hist bins=60 sat<0.05=0.0% mean=0.910 p10=0.906 p90=0.914
  [diag] z-gate sat-dist hist bins=60 mean=0.122 p10=0.122 p90=0.122
  [diag] r-gate sat-dist hist bins=60 mean=0.497 p10=0.497 p90=0.497
Iter 0015800: train nll 0.429, valid error 100.000%, best valid error 100.000%, avg grad norm   0.050, avg grad norm (post clip)   0.039, rho_Whh  0.13, Omega  0.00, alpha  0.000, steps in the past 0.000, valid nll 0.323
  [diag] log10|dL/dh_t| hist bins=60 range=(-12.50,-11.50) mean=-12.00 p50=-12.00 p05=-12.00 p95=-12.00
  [diag] sat-dist hist bins=60 sat<0.05=0.0% mean=0.910 p10=0.906 p90=0.914
  [diag] z-gate sat-dist hist bins=60 mean=0.122 p10=0.122 p90=0.122
  [diag] r-gate sat-dist hist bins=60 mean=0.497 p10=0.497 p90=0.497
Iter 0015820: train nll 0.356, valid error 100.000%, best valid error 100.000%, avg grad norm   0.039, avg grad norm (post clip)   0.035, rho_Whh  0.13, Omega  0.00, alpha  0.000, steps in the past 0.000, valid nll 0.323
  [diag] log10|dL/dh_t| hist bins=60 range=(-12.50,-11.50) mean=-12.00 p50=-12.00 p05=-12.00 p95=-12.00
  [diag] sat-dist hist bins=60 sat<0.05=0.0% mean=0.910 p10=0.906 p90=0.914
  [diag] z-gate sat-dist hist bins=60 mean=0.122 p10=0.122 p90=0.122
  [diag] r-gate sat-dist hist bins=60 mean=0.497 p10=0.497 p90=0.497
Iter 0015840: train nll 0.396, valid error 100.000%, best valid error 100.000%, avg grad norm   0.047, avg grad norm (post clip)   0.036, rho_Whh  0.13, Omega  0.00, alpha  0.000, steps in the past 0.000, valid nll 0.323
  [diag] log10|dL/dh_t| hist bins=60 range=(-12.50,-11.50) mean=-12.00 p50=-12.00 p05=-12.00 p95=-12.00
  [diag] sat-dist hist bins=60 sat<0.05=0.0% mean=0.910 p10=0.907 p90=0.914
  [diag] z-gate sat-dist hist bins=60 mean=0.122 p10=0.122 p90=0.122
  [diag] r-gate sat-dist hist bins=60 mean=0.497 p10=0.497 p90=0.497
Iter 0015860: train nll 0.422, valid error 100.000%, best valid error 100.000%, avg grad norm   0.050, avg grad norm (post clip)   0.038, rho_Whh  0.13, Omega  0.00, alpha  0.000, steps in the past 0.000, valid nll 0.323
  [diag] log10|dL/dh_t| hist bins=60 range=(-12.50,-11.50) mean=-12.00 p50=-12.00 p05=-12.00 p95=-12.00
  [diag] sat-dist hist bins=60 sat<0.05=0.0% mean=0.910 p10=0.907 p90=0.914
  [diag] z-gate sat-dist hist bins=60 mean=0.122 p10=0.122 p90=0.122
  [diag] r-gate sat-dist hist bins=60 mean=0.497 p10=0.497 p90=0.497
Iter 0015880: train nll 0.390, valid error 100.000%, best valid error 100.000%, avg grad norm   0.048, avg grad norm (post clip)   0.040, rho_Whh  0.13, Omega  0.00, alpha  0.000, steps in the past 0.000, valid nll 0.323
  [diag] log10|dL/dh_t| hist bins=60 range=(-12.50,-11.50) mean=-12.00 p50=-12.00 p05=-12.00 p95=-12.00
  [diag] sat-dist hist bins=60 sat<0.05=0.0% mean=0.910 p10=0.907 p90=0.914
  [diag] z-gate sat-dist hist bins=60 mean=0.122 p10=0.122 p90=0.122
  [diag] r-gate sat-dist hist bins=60 mean=0.497 p10=0.497 p90=0.497
Iter 0015900: train nll 0.393, valid error 100.000%, best valid error 100.000%, avg grad norm   0.042, avg grad norm (post clip)   0.036, rho_Whh  0.13, Omega  0.00, alpha  0.000, steps in the past 0.000, valid nll 0.323
  [diag] log10|dL/dh_t| hist bins=60 range=(-12.50,-11.50) mean=-12.00 p50=-12.00 p05=-12.00 p95=-12.00
  [diag] sat-dist hist bins=60 sat<0.05=0.0% mean=0.911 p10=0.907 p90=0.915
  [diag] z-gate sat-dist hist bins=60 mean=0.122 p10=0.122 p90=0.122
  [diag] r-gate sat-dist hist bins=60 mean=0.497 p10=0.497 p90=0.497
Iter 0015920: train nll 0.408, valid error 100.000%, best valid error 100.000%, avg grad norm   0.047, avg grad norm (post clip)   0.038, rho_Whh  0.14, Omega  0.00, alpha  0.000, steps in the past 0.000, valid nll 0.323
  [diag] log10|dL/dh_t| hist bins=60 range=(-12.50,-11.50) mean=-12.00 p50=-12.00 p05=-12.00 p95=-12.00
  [diag] sat-dist hist bins=60 sat<0.05=0.0% mean=0.911 p10=0.907 p90=0.915
  [diag] z-gate sat-dist hist bins=60 mean=0.122 p10=0.122 p90=0.122
  [diag] r-gate sat-dist hist bins=60 mean=0.497 p10=0.497 p90=0.497
Iter 0015940: train nll 0.392, valid error 100.000%, best valid error 100.000%, avg grad norm   0.045, avg grad norm (post clip)   0.040, rho_Whh  0.14, Omega  0.00, alpha  0.000, steps in the past 0.000, valid nll 0.323
  [diag] log10|dL/dh_t| hist bins=60 range=(-12.50,-11.50) mean=-12.00 p50=-12.00 p05=-12.00 p95=-12.00
  [diag] sat-dist hist bins=60 sat<0.05=0.0% mean=0.911 p10=0.907 p90=0.915
  [diag] z-gate sat-dist hist bins=60 mean=0.122 p10=0.122 p90=0.122
  [diag] r-gate sat-dist hist bins=60 mean=0.497 p10=0.497 p90=0.497
Iter 0015960: train nll 0.399, valid error 100.000%, best valid error 100.000%, avg grad norm   0.041, avg grad norm (post clip)   0.035, rho_Whh  0.14, Omega  0.00, alpha  0.000, steps in the past 0.000, valid nll 0.323
  [diag] log10|dL/dh_t| hist bins=60 range=(-12.50,-11.50) mean=-12.00 p50=-12.00 p05=-12.00 p95=-12.00
  [diag] sat-dist hist bins=60 sat<0.05=0.0% mean=0.911 p10=0.907 p90=0.915
  [diag] z-gate sat-dist hist bins=60 mean=0.122 p10=0.122 p90=0.122
  [diag] r-gate sat-dist hist bins=60 mean=0.497 p10=0.497 p90=0.497
Iter 0015980: train nll 0.389, valid error 100.000%, best valid error 100.000%, avg grad norm   0.035, avg grad norm (post clip)   0.033, rho_Whh  0.14, Omega  0.00, alpha  0.000, steps in the past 0.000, valid nll 0.323
  [diag] log10|dL/dh_t| hist bins=60 range=(-12.50,-11.50) mean=-12.00 p50=-12.00 p05=-12.00 p95=-12.00
  [diag] sat-dist hist bins=60 sat<0.05=0.0% mean=0.911 p10=0.907 p90=0.915
  [diag] z-gate sat-dist hist bins=60 mean=0.122 p10=0.122 p90=0.122
  [diag] r-gate sat-dist hist bins=60 mean=0.497 p10=0.497 p90=0.497
Iter 0016000: train nll 0.370, valid error 100.000%, best valid error 100.000%, avg grad norm   0.040, avg grad norm (post clip)   0.035, rho_Whh  0.14, Omega  0.00, alpha  0.000, steps in the past 0.000, valid nll 0.323
  [diag] log10|dL/dh_t| hist bins=60 range=(-12.50,-11.50) mean=-12.00 p50=-12.00 p05=-12.00 p95=-12.00
  [diag] sat-dist hist bins=60 sat<0.05=0.0% mean=0.911 p10=0.907 p90=0.915
  [diag] z-gate sat-dist hist bins=60 mean=0.122 p10=0.122 p90=0.122
  [diag] r-gate sat-dist hist bins=60 mean=0.497 p10=0.497 p90=0.497
Iter 0016020: train nll 0.396, valid error 100.000%, best valid error 100.000%, avg grad norm   0.050, avg grad norm (post clip)   0.041, rho_Whh  0.14, Omega  0.00, alpha  0.000, steps in the past 0.000, valid nll 0.323
  [diag] log10|dL/dh_t| hist bins=60 range=(-12.50,-11.50) mean=-12.00 p50=-12.00 p05=-12.00 p95=-12.00
  [diag] sat-dist hist bins=60 sat<0.05=0.0% mean=0.911 p10=0.908 p90=0.915
  [diag] z-gate sat-dist hist bins=60 mean=0.122 p10=0.122 p90=0.122
  [diag] r-gate sat-dist hist bins=60 mean=0.497 p10=0.497 p90=0.497
Iter 0016040: train nll 0.377, valid error 100.000%, best valid error 100.000%, avg grad norm   0.037, avg grad norm (post clip)   0.032, rho_Whh  0.14, Omega  0.00, alpha  0.000, steps in the past 0.000, valid nll 0.323
  [diag] log10|dL/dh_t| hist bins=60 range=(-12.50,-11.50) mean=-12.00 p50=-12.00 p05=-12.00 p95=-12.00
  [diag] sat-dist hist bins=60 sat<0.05=0.0% mean=0.911 p10=0.907 p90=0.915
  [diag] z-gate sat-dist hist bins=60 mean=0.122 p10=0.122 p90=0.122
  [diag] r-gate sat-dist hist bins=60 mean=0.497 p10=0.497 p90=0.497
Iter 0016060: train nll 0.349, valid error 100.000%, best valid error 100.000%, avg grad norm   0.043, avg grad norm (post clip)   0.041, rho_Whh  0.14, Omega  0.00, alpha  0.000, steps in the past 0.000, valid nll 0.323
  [diag] log10|dL/dh_t| hist bins=60 range=(-12.50,-11.50) mean=-12.00 p50=-12.00 p05=-12.00 p95=-12.00
  [diag] sat-dist hist bins=60 sat<0.05=0.0% mean=0.911 p10=0.907 p90=0.915
  [diag] z-gate sat-dist hist bins=60 mean=0.122 p10=0.122 p90=0.122
  [diag] r-gate sat-dist hist bins=60 mean=0.497 p10=0.497 p90=0.497
Iter 0016080: train nll 0.379, valid error 100.000%, best valid error 100.000%, avg grad norm   0.041, avg grad norm (post clip)   0.037, rho_Whh  0.14, Omega  0.00, alpha  0.000, steps in the past 0.000, valid nll 0.323
  [diag] log10|dL/dh_t| hist bins=60 range=(-12.50,-11.50) mean=-12.00 p50=-12.00 p05=-12.00 p95=-12.00
  [diag] sat-dist hist bins=60 sat<0.05=0.0% mean=0.911 p10=0.908 p90=0.915
  [diag] z-gate sat-dist hist bins=60 mean=0.122 p10=0.122 p90=0.122
  [diag] r-gate sat-dist hist bins=60 mean=0.497 p10=0.497 p90=0.497
Iter 0016100: train nll 0.402, valid error 100.000%, best valid error 100.000%, avg grad norm   0.038, avg grad norm (post clip)   0.033, rho_Whh  0.14, Omega  0.00, alpha  0.000, steps in the past 0.000, valid nll 0.323
  [diag] log10|dL/dh_t| hist bins=60 range=(-12.50,-11.50) mean=-12.00 p50=-12.00 p05=-12.00 p95=-12.00
  [diag] sat-dist hist bins=60 sat<0.05=0.0% mean=0.911 p10=0.908 p90=0.915
  [diag] z-gate sat-dist hist bins=60 mean=0.122 p10=0.122 p90=0.122
  [diag] r-gate sat-dist hist bins=60 mean=0.497 p10=0.497 p90=0.497
Iter 0016120: train nll 0.403, valid error 100.000%, best valid error 100.000%, avg grad norm   0.047, avg grad norm (post clip)   0.036, rho_Whh  0.14, Omega  0.00, alpha  0.000, steps in the past 0.000, valid nll 0.323
  [diag] log10|dL/dh_t| hist bins=60 range=(-12.50,-11.50) mean=-12.00 p50=-12.00 p05=-12.00 p95=-12.00
  [diag] sat-dist hist bins=60 sat<0.05=0.0% mean=0.911 p10=0.908 p90=0.915
  [diag] z-gate sat-dist hist bins=60 mean=0.122 p10=0.122 p90=0.122
  [diag] r-gate sat-dist hist bins=60 mean=0.497 p10=0.497 p90=0.497
Iter 0016140: train nll 0.387, valid error 100.000%, best valid error 100.000%, avg grad norm   0.035, avg grad norm (post clip)   0.030, rho_Whh  0.14, Omega  0.00, alpha  0.000, steps in the past 0.000, valid nll 0.323
  [diag] log10|dL/dh_t| hist bins=60 range=(-12.50,-11.50) mean=-12.00 p50=-12.00 p05=-12.00 p95=-12.00
  [diag] sat-dist hist bins=60 sat<0.05=0.0% mean=0.912 p10=0.908 p90=0.915
  [diag] z-gate sat-dist hist bins=60 mean=0.122 p10=0.122 p90=0.122
  [diag] r-gate sat-dist hist bins=60 mean=0.497 p10=0.497 p90=0.497
Iter 0016160: train nll 0.389, valid error 100.000%, best valid error 100.000%, avg grad norm   0.033, avg grad norm (post clip)   0.031, rho_Whh  0.14, Omega  0.00, alpha  0.000, steps in the past 0.000, valid nll 0.323
  [diag] log10|dL/dh_t| hist bins=60 range=(-12.50,-11.50) mean=-12.00 p50=-12.00 p05=-12.00 p95=-12.00
  [diag] sat-dist hist bins=60 sat<0.05=0.0% mean=0.912 p10=0.908 p90=0.915
  [diag] z-gate sat-dist hist bins=60 mean=0.122 p10=0.122 p90=0.122
  [diag] r-gate sat-dist hist bins=60 mean=0.497 p10=0.497 p90=0.497
Iter 0016180: train nll 0.366, valid error 100.000%, best valid error 100.000%, avg grad norm   0.035, avg grad norm (post clip)   0.033, rho_Whh  0.14, Omega  0.00, alpha  0.000, steps in the past 0.000, valid nll 0.323
  [diag] log10|dL/dh_t| hist bins=60 range=(-12.50,-11.50) mean=-12.00 p50=-12.00 p05=-12.00 p95=-12.00
  [diag] sat-dist hist bins=60 sat<0.05=0.0% mean=0.912 p10=0.908 p90=0.916
  [diag] z-gate sat-dist hist bins=60 mean=0.122 p10=0.122 p90=0.122
  [diag] r-gate sat-dist hist bins=60 mean=0.497 p10=0.497 p90=0.497
Iter 0016200: train nll 0.387, valid error 100.000%, best valid error 100.000%, avg grad norm   0.043, avg grad norm (post clip)   0.039, rho_Whh  0.14, Omega  0.00, alpha  0.000, steps in the past 0.000, valid nll 0.323
  [diag] log10|dL/dh_t| hist bins=60 range=(-12.50,-11.50) mean=-12.00 p50=-12.00 p05=-12.00 p95=-12.00
  [diag] sat-dist hist bins=60 sat<0.05=0.0% mean=0.912 p10=0.908 p90=0.916
  [diag] z-gate sat-dist hist bins=60 mean=0.122 p10=0.122 p90=0.122
  [diag] r-gate sat-dist hist bins=60 mean=0.497 p10=0.497 p90=0.497
Iter 0016220: train nll 0.392, valid error 100.000%, best valid error 100.000%, avg grad norm   0.040, avg grad norm (post clip)   0.035, rho_Whh  0.14, Omega  0.00, alpha  0.000, steps in the past 0.000, valid nll 0.323
  [diag] log10|dL/dh_t| hist bins=60 range=(-12.50,-11.50) mean=-12.00 p50=-12.00 p05=-12.00 p95=-12.00
  [diag] sat-dist hist bins=60 sat<0.05=0.0% mean=0.912 p10=0.908 p90=0.916
  [diag] z-gate sat-dist hist bins=60 mean=0.122 p10=0.122 p90=0.122
  [diag] r-gate sat-dist hist bins=60 mean=0.497 p10=0.497 p90=0.497
Iter 0016240: train nll 0.417, valid error 100.000%, best valid error 100.000%, avg grad norm   0.055, avg grad norm (post clip)   0.037, rho_Whh  0.14, Omega  0.00, alpha  0.000, steps in the past 0.000, valid nll 0.323
  [diag] log10|dL/dh_t| hist bins=60 range=(-12.50,-11.50) mean=-12.00 p50=-12.00 p05=-12.00 p95=-12.00
  [diag] sat-dist hist bins=60 sat<0.05=0.0% mean=0.912 p10=0.909 p90=0.916
  [diag] z-gate sat-dist hist bins=60 mean=0.122 p10=0.122 p90=0.122
  [diag] r-gate sat-dist hist bins=60 mean=0.497 p10=0.497 p90=0.497
Iter 0016260: train nll 0.409, valid error 100.000%, best valid error 100.000%, avg grad norm   0.046, avg grad norm (post clip)   0.037, rho_Whh  0.14, Omega  0.00, alpha  0.000, steps in the past 0.000, valid nll 0.323
  [diag] log10|dL/dh_t| hist bins=60 range=(-12.50,-11.50) mean=-12.00 p50=-12.00 p05=-12.00 p95=-12.00
  [diag] sat-dist hist bins=60 sat<0.05=0.0% mean=0.912 p10=0.909 p90=0.916
  [diag] z-gate sat-dist hist bins=60 mean=0.122 p10=0.122 p90=0.122
  [diag] r-gate sat-dist hist bins=60 mean=0.497 p10=0.497 p90=0.497
Iter 0016280: train nll 0.419, valid error 100.000%, best valid error 100.000%, avg grad norm   0.047, avg grad norm (post clip)   0.037, rho_Whh  0.14, Omega  0.00, alpha  0.000, steps in the past 0.000, valid nll 0.323
  [diag] log10|dL/dh_t| hist bins=60 range=(-12.50,-11.50) mean=-12.00 p50=-12.00 p05=-12.00 p95=-12.00
  [diag] sat-dist hist bins=60 sat<0.05=0.0% mean=0.912 p10=0.909 p90=0.916
  [diag] z-gate sat-dist hist bins=60 mean=0.122 p10=0.122 p90=0.122
  [diag] r-gate sat-dist hist bins=60 mean=0.497 p10=0.497 p90=0.497
Iter 0016300: train nll 0.374, valid error 100.000%, best valid error 100.000%, avg grad norm   0.039, avg grad norm (post clip)   0.036, rho_Whh  0.14, Omega  0.00, alpha  0.000, steps in the past 0.000, valid nll 0.323
  [diag] log10|dL/dh_t| hist bins=60 range=(-12.50,-11.50) mean=-12.00 p50=-12.00 p05=-12.00 p95=-12.00
  [diag] sat-dist hist bins=60 sat<0.05=0.0% mean=0.913 p10=0.909 p90=0.916
  [diag] z-gate sat-dist hist bins=60 mean=0.122 p10=0.122 p90=0.122
  [diag] r-gate sat-dist hist bins=60 mean=0.497 p10=0.497 p90=0.497
Iter 0016320: train nll 0.410, valid error 100.000%, best valid error 100.000%, avg grad norm   0.054, avg grad norm (post clip)   0.041, rho_Whh  0.14, Omega  0.00, alpha  0.000, steps in the past 0.000, valid nll 0.323
  [diag] log10|dL/dh_t| hist bins=60 range=(-12.50,-11.50) mean=-12.00 p50=-12.00 p05=-12.00 p95=-12.00
  [diag] sat-dist hist bins=60 sat<0.05=0.0% mean=0.913 p10=0.909 p90=0.916
  [diag] z-gate sat-dist hist bins=60 mean=0.122 p10=0.122 p90=0.122
  [diag] r-gate sat-dist hist bins=60 mean=0.497 p10=0.497 p90=0.497
Iter 0016340: train nll 0.385, valid error 100.000%, best valid error 100.000%, avg grad norm   0.039, avg grad norm (post clip)   0.033, rho_Whh  0.14, Omega  0.00, alpha  0.000, steps in the past 0.000, valid nll 0.323
  [diag] log10|dL/dh_t| hist bins=60 range=(-12.50,-11.50) mean=-12.00 p50=-12.00 p05=-12.00 p95=-12.00
  [diag] sat-dist hist bins=60 sat<0.05=0.0% mean=0.913 p10=0.909 p90=0.916
  [diag] z-gate sat-dist hist bins=60 mean=0.122 p10=0.122 p90=0.122
  [diag] r-gate sat-dist hist bins=60 mean=0.497 p10=0.497 p90=0.497
Iter 0016360: train nll 0.361, valid error 100.000%, best valid error 100.000%, avg grad norm   0.031, avg grad norm (post clip)   0.032, rho_Whh  0.14, Omega  0.00, alpha  0.000, steps in the past 0.000, valid nll 0.323
  [diag] log10|dL/dh_t| hist bins=60 range=(-12.50,-11.50) mean=-12.00 p50=-12.00 p05=-12.00 p95=-12.00
  [diag] sat-dist hist bins=60 sat<0.05=0.0% mean=0.913 p10=0.909 p90=0.916
  [diag] z-gate sat-dist hist bins=60 mean=0.122 p10=0.122 p90=0.122
  [diag] r-gate sat-dist hist bins=60 mean=0.497 p10=0.497 p90=0.497
Iter 0016380: train nll 0.388, valid error 100.000%, best valid error 100.000%, avg grad norm   0.036, avg grad norm (post clip)   0.033, rho_Whh  0.14, Omega  0.00, alpha  0.000, steps in the past 0.000, valid nll 0.323
  [diag] log10|dL/dh_t| hist bins=60 range=(-12.50,-11.50) mean=-12.00 p50=-12.00 p05=-12.00 p95=-12.00
  [diag] sat-dist hist bins=60 sat<0.05=0.0% mean=0.913 p10=0.909 p90=0.916
  [diag] z-gate sat-dist hist bins=60 mean=0.122 p10=0.122 p90=0.122
  [diag] r-gate sat-dist hist bins=60 mean=0.497 p10=0.497 p90=0.497
Iter 0016400: train nll 0.380, valid error 100.000%, best valid error 100.000%, avg grad norm   0.038, avg grad norm (post clip)   0.033, rho_Whh  0.14, Omega  0.00, alpha  0.000, steps in the past 0.000, valid nll 0.323
  [diag] log10|dL/dh_t| hist bins=60 range=(-12.50,-11.50) mean=-12.00 p50=-12.00 p05=-12.00 p95=-12.00
  [diag] sat-dist hist bins=60 sat<0.05=0.0% mean=0.913 p10=0.909 p90=0.917
  [diag] z-gate sat-dist hist bins=60 mean=0.122 p10=0.122 p90=0.122
  [diag] r-gate sat-dist hist bins=60 mean=0.497 p10=0.497 p90=0.497
Iter 0016420: train nll 0.385, valid error 100.000%, best valid error 100.000%, avg grad norm   0.040, avg grad norm (post clip)   0.034, rho_Whh  0.14, Omega  0.00, alpha  0.000, steps in the past 0.000, valid nll 0.323
  [diag] log10|dL/dh_t| hist bins=60 range=(-12.50,-11.50) mean=-12.00 p50=-12.00 p05=-12.00 p95=-12.00
  [diag] sat-dist hist bins=60 sat<0.05=0.0% mean=0.913 p10=0.909 p90=0.917
  [diag] z-gate sat-dist hist bins=60 mean=0.122 p10=0.122 p90=0.122
  [diag] r-gate sat-dist hist bins=60 mean=0.497 p10=0.497 p90=0.497
Iter 0016440: train nll 0.380, valid error 100.000%, best valid error 100.000%, avg grad norm   0.032, avg grad norm (post clip)   0.028, rho_Whh  0.14, Omega  0.00, alpha  0.000, steps in the past 0.000, valid nll 0.323
  [diag] log10|dL/dh_t| hist bins=60 range=(-12.50,-11.50) mean=-12.00 p50=-12.00 p05=-12.00 p95=-12.00
  [diag] sat-dist hist bins=60 sat<0.05=0.0% mean=0.913 p10=0.910 p90=0.917
  [diag] z-gate sat-dist hist bins=60 mean=0.122 p10=0.122 p90=0.122
  [diag] r-gate sat-dist hist bins=60 mean=0.497 p10=0.497 p90=0.497
Iter 0016460: train nll 0.371, valid error 100.000%, best valid error 100.000%, avg grad norm   0.025, avg grad norm (post clip)   0.025, rho_Whh  0.14, Omega  0.00, alpha  0.000, steps in the past 0.000, valid nll 0.323
  [diag] log10|dL/dh_t| hist bins=60 range=(-12.50,-11.50) mean=-12.00 p50=-12.00 p05=-12.00 p95=-12.00
  [diag] sat-dist hist bins=60 sat<0.05=0.0% mean=0.913 p10=0.910 p90=0.917
  [diag] z-gate sat-dist hist bins=60 mean=0.122 p10=0.122 p90=0.122
  [diag] r-gate sat-dist hist bins=60 mean=0.497 p10=0.497 p90=0.497
Iter 0016480: train nll 0.414, valid error 100.000%, best valid error 100.000%, avg grad norm   0.052, avg grad norm (post clip)   0.040, rho_Whh  0.14, Omega  0.00, alpha  0.000, steps in the past 0.000, valid nll 0.323
  [diag] log10|dL/dh_t| hist bins=60 range=(-12.50,-11.50) mean=-12.00 p50=-12.00 p05=-12.00 p95=-12.00
  [diag] sat-dist hist bins=60 sat<0.05=0.0% mean=0.913 p10=0.910 p90=0.917
  [diag] z-gate sat-dist hist bins=60 mean=0.122 p10=0.122 p90=0.122
  [diag] r-gate sat-dist hist bins=60 mean=0.497 p10=0.497 p90=0.497
Iter 0016500: train nll 0.401, valid error 100.000%, best valid error 100.000%, avg grad norm   0.049, avg grad norm (post clip)   0.039, rho_Whh  0.14, Omega  0.00, alpha  0.000, steps in the past 0.000, valid nll 0.323
  [diag] log10|dL/dh_t| hist bins=60 range=(-12.50,-11.50) mean=-12.00 p50=-12.00 p05=-12.00 p95=-12.00
  [diag] sat-dist hist bins=60 sat<0.05=0.0% mean=0.913 p10=0.910 p90=0.917
  [diag] z-gate sat-dist hist bins=60 mean=0.122 p10=0.122 p90=0.122
  [diag] r-gate sat-dist hist bins=60 mean=0.497 p10=0.497 p90=0.497
Iter 0016520: train nll 0.387, valid error 100.000%, best valid error 100.000%, avg grad norm   0.036, avg grad norm (post clip)   0.033, rho_Whh  0.14, Omega  0.00, alpha  0.000, steps in the past 0.000, valid nll 0.323
  [diag] log10|dL/dh_t| hist bins=60 range=(-12.50,-11.50) mean=-12.00 p50=-12.00 p05=-12.00 p95=-12.00
  [diag] sat-dist hist bins=60 sat<0.05=0.0% mean=0.914 p10=0.910 p90=0.917
  [diag] z-gate sat-dist hist bins=60 mean=0.122 p10=0.122 p90=0.122
  [diag] r-gate sat-dist hist bins=60 mean=0.497 p10=0.497 p90=0.497
Iter 0016540: train nll 0.409, valid error 100.000%, best valid error 100.000%, avg grad norm   0.047, avg grad norm (post clip)   0.038, rho_Whh  0.15, Omega  0.00, alpha  0.000, steps in the past 0.000, valid nll 0.323
  [diag] log10|dL/dh_t| hist bins=60 range=(-12.50,-11.50) mean=-12.00 p50=-12.00 p05=-12.00 p95=-12.00
  [diag] sat-dist hist bins=60 sat<0.05=0.0% mean=0.914 p10=0.910 p90=0.917
  [diag] z-gate sat-dist hist bins=60 mean=0.122 p10=0.122 p90=0.122
  [diag] r-gate sat-dist hist bins=60 mean=0.497 p10=0.497 p90=0.497
Iter 0016560: train nll 0.392, valid error 100.000%, best valid error 100.000%, avg grad norm   0.041, avg grad norm (post clip)   0.034, rho_Whh  0.15, Omega  0.00, alpha  0.000, steps in the past 0.000, valid nll 0.323
  [diag] log10|dL/dh_t| hist bins=60 range=(-12.50,-11.50) mean=-12.00 p50=-12.00 p05=-12.00 p95=-12.00
  [diag] sat-dist hist bins=60 sat<0.05=0.0% mean=0.914 p10=0.910 p90=0.917
  [diag] z-gate sat-dist hist bins=60 mean=0.122 p10=0.122 p90=0.122
  [diag] r-gate sat-dist hist bins=60 mean=0.497 p10=0.497 p90=0.497
Iter 0016580: train nll 0.405, valid error 100.000%, best valid error 100.000%, avg grad norm   0.045, avg grad norm (post clip)   0.037, rho_Whh  0.15, Omega  0.00, alpha  0.000, steps in the past 0.000, valid nll 0.323
  [diag] log10|dL/dh_t| hist bins=60 range=(-12.50,-11.50) mean=-12.00 p50=-12.00 p05=-12.00 p95=-12.00
  [diag] sat-dist hist bins=60 sat<0.05=0.0% mean=0.914 p10=0.911 p90=0.918
  [diag] z-gate sat-dist hist bins=60 mean=0.122 p10=0.122 p90=0.122
  [diag] r-gate sat-dist hist bins=60 mean=0.497 p10=0.497 p90=0.497
Iter 0016600: train nll 0.419, valid error 100.000%, best valid error 100.000%, avg grad norm   0.037, avg grad norm (post clip)   0.028, rho_Whh  0.15, Omega  0.00, alpha  0.000, steps in the past 0.000, valid nll 0.323
  [diag] log10|dL/dh_t| hist bins=60 range=(-12.50,-11.50) mean=-12.00 p50=-12.00 p05=-12.00 p95=-12.00
  [diag] sat-dist hist bins=60 sat<0.05=0.0% mean=0.914 p10=0.911 p90=0.918
  [diag] z-gate sat-dist hist bins=60 mean=0.122 p10=0.122 p90=0.122
  [diag] r-gate sat-dist hist bins=60 mean=0.497 p10=0.497 p90=0.497
Iter 0016620: train nll 0.416, valid error 100.000%, best valid error 100.000%, avg grad norm   0.043, avg grad norm (post clip)   0.034, rho_Whh  0.15, Omega  0.00, alpha  0.000, steps in the past 0.000, valid nll 0.323
  [diag] log10|dL/dh_t| hist bins=60 range=(-12.50,-11.50) mean=-12.00 p50=-12.00 p05=-12.00 p95=-12.00
  [diag] sat-dist hist bins=60 sat<0.05=0.0% mean=0.914 p10=0.911 p90=0.918
  [diag] z-gate sat-dist hist bins=60 mean=0.122 p10=0.122 p90=0.122
  [diag] r-gate sat-dist hist bins=60 mean=0.497 p10=0.497 p90=0.497
Iter 0016640: train nll 0.382, valid error 100.000%, best valid error 100.000%, avg grad norm   0.044, avg grad norm (post clip)   0.036, rho_Whh  0.15, Omega  0.00, alpha  0.000, steps in the past 0.000, valid nll 0.323
  [diag] log10|dL/dh_t| hist bins=60 range=(-12.50,-11.50) mean=-12.00 p50=-12.00 p05=-12.00 p95=-12.00
  [diag] sat-dist hist bins=60 sat<0.05=0.0% mean=0.914 p10=0.911 p90=0.918
  [diag] z-gate sat-dist hist bins=60 mean=0.122 p10=0.122 p90=0.122
  [diag] r-gate sat-dist hist bins=60 mean=0.497 p10=0.497 p90=0.497
Iter 0016660: train nll 0.345, valid error 100.000%, best valid error 100.000%, avg grad norm   0.038, avg grad norm (post clip)   0.035, rho_Whh  0.15, Omega  0.00, alpha  0.000, steps in the past 0.000, valid nll 0.323
  [diag] log10|dL/dh_t| hist bins=60 range=(-12.50,-11.50) mean=-12.00 p50=-12.00 p05=-12.00 p95=-12.00
  [diag] sat-dist hist bins=60 sat<0.05=0.0% mean=0.914 p10=0.911 p90=0.918
  [diag] z-gate sat-dist hist bins=60 mean=0.122 p10=0.122 p90=0.122
  [diag] r-gate sat-dist hist bins=60 mean=0.497 p10=0.497 p90=0.497
Iter 0016680: train nll 0.399, valid error 100.000%, best valid error 100.000%, avg grad norm   0.057, avg grad norm (post clip)   0.042, rho_Whh  0.15, Omega  0.00, alpha  0.000, steps in the past 0.000, valid nll 0.323
  [diag] log10|dL/dh_t| hist bins=60 range=(-12.50,-11.50) mean=-12.00 p50=-12.00 p05=-12.00 p95=-12.00
  [diag] sat-dist hist bins=60 sat<0.05=0.0% mean=0.914 p10=0.911 p90=0.918
  [diag] z-gate sat-dist hist bins=60 mean=0.122 p10=0.122 p90=0.122
  [diag] r-gate sat-dist hist bins=60 mean=0.497 p10=0.497 p90=0.497
Iter 0016700: train nll 0.401, valid error 100.000%, best valid error 100.000%, avg grad norm   0.052, avg grad norm (post clip)   0.044, rho_Whh  0.15, Omega  0.00, alpha  0.000, steps in the past 0.000, valid nll 0.323
  [diag] log10|dL/dh_t| hist bins=60 range=(-12.50,-11.50) mean=-12.00 p50=-12.00 p05=-12.00 p95=-12.00
  [diag] sat-dist hist bins=60 sat<0.05=0.0% mean=0.914 p10=0.911 p90=0.918
  [diag] z-gate sat-dist hist bins=60 mean=0.122 p10=0.122 p90=0.122
  [diag] r-gate sat-dist hist bins=60 mean=0.497 p10=0.497 p90=0.497
Iter 0016720: train nll 0.386, valid error 100.000%, best valid error 100.000%, avg grad norm   0.031, avg grad norm (post clip)   0.032, rho_Whh  0.15, Omega  0.00, alpha  0.000, steps in the past 0.000, valid nll 0.323
  [diag] log10|dL/dh_t| hist bins=60 range=(-12.50,-11.50) mean=-12.00 p50=-12.00 p05=-12.00 p95=-12.00
  [diag] sat-dist hist bins=60 sat<0.05=0.0% mean=0.914 p10=0.911 p90=0.918
  [diag] z-gate sat-dist hist bins=60 mean=0.122 p10=0.122 p90=0.122
  [diag] r-gate sat-dist hist bins=60 mean=0.497 p10=0.497 p90=0.497
Iter 0016740: train nll 0.394, valid error 100.000%, best valid error 100.000%, avg grad norm   0.045, avg grad norm (post clip)   0.037, rho_Whh  0.15, Omega  0.00, alpha  0.000, steps in the past 0.000, valid nll 0.323
  [diag] log10|dL/dh_t| hist bins=60 range=(-12.50,-11.50) mean=-12.00 p50=-12.00 p05=-12.00 p95=-12.00
  [diag] sat-dist hist bins=60 sat<0.05=0.0% mean=0.915 p10=0.911 p90=0.918
  [diag] z-gate sat-dist hist bins=60 mean=0.122 p10=0.122 p90=0.122
  [diag] r-gate sat-dist hist bins=60 mean=0.497 p10=0.497 p90=0.497
Iter 0016760: train nll 0.397, valid error 100.000%, best valid error 100.000%, avg grad norm   0.046, avg grad norm (post clip)   0.035, rho_Whh  0.15, Omega  0.00, alpha  0.000, steps in the past 0.000, valid nll 0.323
  [diag] log10|dL/dh_t| hist bins=60 range=(-12.50,-11.50) mean=-12.00 p50=-12.00 p05=-12.00 p95=-12.00
  [diag] sat-dist hist bins=60 sat<0.05=0.0% mean=0.915 p10=0.912 p90=0.919
  [diag] z-gate sat-dist hist bins=60 mean=0.122 p10=0.122 p90=0.122
  [diag] r-gate sat-dist hist bins=60 mean=0.497 p10=0.497 p90=0.497
Iter 0016780: train nll 0.414, valid error 100.000%, best valid error 100.000%, avg grad norm   0.037, avg grad norm (post clip)   0.030, rho_Whh  0.15, Omega  0.00, alpha  0.000, steps in the past 0.000, valid nll 0.323
  [diag] log10|dL/dh_t| hist bins=60 range=(-12.50,-11.50) mean=-12.00 p50=-12.00 p05=-12.00 p95=-12.00
  [diag] sat-dist hist bins=60 sat<0.05=0.0% mean=0.915 p10=0.912 p90=0.919
  [diag] z-gate sat-dist hist bins=60 mean=0.122 p10=0.122 p90=0.122
  [diag] r-gate sat-dist hist bins=60 mean=0.497 p10=0.497 p90=0.497
Iter 0016800: train nll 0.427, valid error 100.000%, best valid error 100.000%, avg grad norm   0.050, avg grad norm (post clip)   0.038, rho_Whh  0.15, Omega  0.00, alpha  0.000, steps in the past 0.000, valid nll 0.323
  [diag] log10|dL/dh_t| hist bins=60 range=(-12.50,-11.50) mean=-12.00 p50=-12.00 p05=-12.00 p95=-12.00
  [diag] sat-dist hist bins=60 sat<0.05=0.0% mean=0.915 p10=0.912 p90=0.919
  [diag] z-gate sat-dist hist bins=60 mean=0.122 p10=0.122 p90=0.122
  [diag] r-gate sat-dist hist bins=60 mean=0.497 p10=0.497 p90=0.497
Iter 0016820: train nll 0.360, valid error 100.000%, best valid error 100.000%, avg grad norm   0.037, avg grad norm (post clip)   0.033, rho_Whh  0.15, Omega  0.00, alpha  0.000, steps in the past 0.000, valid nll 0.323
  [diag] log10|dL/dh_t| hist bins=60 range=(-12.50,-11.50) mean=-12.00 p50=-12.00 p05=-12.00 p95=-12.00
  [diag] sat-dist hist bins=60 sat<0.05=0.0% mean=0.915 p10=0.912 p90=0.919
  [diag] z-gate sat-dist hist bins=60 mean=0.122 p10=0.122 p90=0.122
  [diag] r-gate sat-dist hist bins=60 mean=0.497 p10=0.497 p90=0.497
Iter 0016840: train nll 0.370, valid error 100.000%, best valid error 100.000%, avg grad norm   0.038, avg grad norm (post clip)   0.037, rho_Whh  0.15, Omega  0.00, alpha  0.000, steps in the past 0.000, valid nll 0.323
  [diag] log10|dL/dh_t| hist bins=60 range=(-12.50,-11.50) mean=-12.00 p50=-12.00 p05=-12.00 p95=-12.00
  [diag] sat-dist hist bins=60 sat<0.05=0.0% mean=0.915 p10=0.912 p90=0.919
  [diag] z-gate sat-dist hist bins=60 mean=0.122 p10=0.122 p90=0.122
  [diag] r-gate sat-dist hist bins=60 mean=0.497 p10=0.497 p90=0.497
Iter 0016860: train nll 0.366, valid error 100.000%, best valid error 100.000%, avg grad norm   0.044, avg grad norm (post clip)   0.041, rho_Whh  0.15, Omega  0.00, alpha  0.000, steps in the past 0.000, valid nll 0.323
  [diag] log10|dL/dh_t| hist bins=60 range=(-12.50,-11.50) mean=-12.00 p50=-12.00 p05=-12.00 p95=-12.00
  [diag] sat-dist hist bins=60 sat<0.05=0.0% mean=0.915 p10=0.912 p90=0.919
  [diag] z-gate sat-dist hist bins=60 mean=0.122 p10=0.122 p90=0.122
  [diag] r-gate sat-dist hist bins=60 mean=0.497 p10=0.497 p90=0.497
Iter 0016880: train nll 0.391, valid error 100.000%, best valid error 100.000%, avg grad norm   0.047, avg grad norm (post clip)   0.038, rho_Whh  0.15, Omega  0.00, alpha  0.000, steps in the past 0.000, valid nll 0.323
  [diag] log10|dL/dh_t| hist bins=60 range=(-12.50,-11.50) mean=-12.00 p50=-12.00 p05=-12.00 p95=-12.00
  [diag] sat-dist hist bins=60 sat<0.05=0.0% mean=0.915 p10=0.912 p90=0.919
  [diag] z-gate sat-dist hist bins=60 mean=0.122 p10=0.122 p90=0.122
  [diag] r-gate sat-dist hist bins=60 mean=0.497 p10=0.497 p90=0.497
Iter 0016900: train nll 0.404, valid error 100.000%, best valid error 100.000%, avg grad norm   0.052, avg grad norm (post clip)   0.039, rho_Whh  0.15, Omega  0.00, alpha  0.000, steps in the past 0.000, valid nll 0.323
  [diag] log10|dL/dh_t| hist bins=60 range=(-12.50,-11.50) mean=-12.00 p50=-12.00 p05=-12.00 p95=-12.00
  [diag] sat-dist hist bins=60 sat<0.05=0.0% mean=0.915 p10=0.912 p90=0.919
  [diag] z-gate sat-dist hist bins=60 mean=0.122 p10=0.122 p90=0.122
  [diag] r-gate sat-dist hist bins=60 mean=0.497 p10=0.497 p90=0.497
Iter 0016920: train nll 0.385, valid error 100.000%, best valid error 100.000%, avg grad norm   0.034, avg grad norm (post clip)   0.033, rho_Whh  0.15, Omega  0.00, alpha  0.000, steps in the past 0.000, valid nll 0.323
  [diag] log10|dL/dh_t| hist bins=60 range=(-12.50,-11.50) mean=-12.00 p50=-12.00 p05=-12.00 p95=-12.00
  [diag] sat-dist hist bins=60 sat<0.05=0.0% mean=0.915 p10=0.912 p90=0.919
  [diag] z-gate sat-dist hist bins=60 mean=0.122 p10=0.122 p90=0.122
  [diag] r-gate sat-dist hist bins=60 mean=0.497 p10=0.497 p90=0.497
Iter 0016940: train nll 0.357, valid error 100.000%, best valid error 100.000%, avg grad norm   0.036, avg grad norm (post clip)   0.036, rho_Whh  0.15, Omega  0.00, alpha  0.000, steps in the past 0.000, valid nll 0.323
  [diag] log10|dL/dh_t| hist bins=60 range=(-12.50,-11.50) mean=-12.00 p50=-12.00 p05=-12.00 p95=-12.00
  [diag] sat-dist hist bins=60 sat<0.05=0.0% mean=0.915 p10=0.912 p90=0.919
  [diag] z-gate sat-dist hist bins=60 mean=0.122 p10=0.122 p90=0.122
  [diag] r-gate sat-dist hist bins=60 mean=0.497 p10=0.497 p90=0.497
Iter 0016960: train nll 0.412, valid error 100.000%, best valid error 100.000%, avg grad norm   0.041, avg grad norm (post clip)   0.033, rho_Whh  0.15, Omega  0.00, alpha  0.000, steps in the past 0.000, valid nll 0.323
  [diag] log10|dL/dh_t| hist bins=60 range=(-12.50,-11.50) mean=-12.00 p50=-12.00 p05=-12.00 p95=-12.00
  [diag] sat-dist hist bins=60 sat<0.05=0.0% mean=0.915 p10=0.912 p90=0.919
  [diag] z-gate sat-dist hist bins=60 mean=0.122 p10=0.122 p90=0.122
  [diag] r-gate sat-dist hist bins=60 mean=0.497 p10=0.497 p90=0.497
Iter 0016980: train nll 0.371, valid error 100.000%, best valid error 100.000%, avg grad norm   0.028, avg grad norm (post clip)   0.027, rho_Whh  0.15, Omega  0.00, alpha  0.000, steps in the past 0.000, valid nll 0.323
  [diag] log10|dL/dh_t| hist bins=60 range=(-12.50,-11.50) mean=-12.00 p50=-12.00 p05=-12.00 p95=-12.00
  [diag] sat-dist hist bins=60 sat<0.05=0.0% mean=0.916 p10=0.912 p90=0.919
  [diag] z-gate sat-dist hist bins=60 mean=0.122 p10=0.122 p90=0.122
  [diag] r-gate sat-dist hist bins=60 mean=0.497 p10=0.497 p90=0.497
Iter 0017000: train nll 0.403, valid error 100.000%, best valid error 100.000%, avg grad norm   0.047, avg grad norm (post clip)   0.036, rho_Whh  0.15, Omega  0.00, alpha  0.000, steps in the past 0.000, valid nll 0.323
  [diag] log10|dL/dh_t| hist bins=60 range=(-12.50,-11.50) mean=-12.00 p50=-12.00 p05=-12.00 p95=-12.00
  [diag] sat-dist hist bins=60 sat<0.05=0.0% mean=0.916 p10=0.913 p90=0.920
  [diag] z-gate sat-dist hist bins=60 mean=0.122 p10=0.122 p90=0.122
  [diag] r-gate sat-dist hist bins=60 mean=0.497 p10=0.497 p90=0.497
Iter 0017020: train nll 0.431, valid error 100.000%, best valid error 100.000%, avg grad norm   0.050, avg grad norm (post clip)   0.036, rho_Whh  0.15, Omega  0.00, alpha  0.000, steps in the past 0.000, valid nll 0.323
  [diag] log10|dL/dh_t| hist bins=60 range=(-12.50,-11.50) mean=-12.00 p50=-12.00 p05=-12.00 p95=-12.00
  [diag] sat-dist hist bins=60 sat<0.05=0.0% mean=0.916 p10=0.913 p90=0.920
  [diag] z-gate sat-dist hist bins=60 mean=0.122 p10=0.122 p90=0.122
  [diag] r-gate sat-dist hist bins=60 mean=0.497 p10=0.497 p90=0.497
Iter 0017040: train nll 0.424, valid error 100.000%, best valid error 100.000%, avg grad norm   0.051, avg grad norm (post clip)   0.039, rho_Whh  0.15, Omega  0.00, alpha  0.000, steps in the past 0.000, valid nll 0.323
  [diag] log10|dL/dh_t| hist bins=60 range=(-12.50,-11.50) mean=-12.00 p50=-12.00 p05=-12.00 p95=-12.00
  [diag] sat-dist hist bins=60 sat<0.05=0.0% mean=0.916 p10=0.913 p90=0.920
  [diag] z-gate sat-dist hist bins=60 mean=0.122 p10=0.122 p90=0.122
  [diag] r-gate sat-dist hist bins=60 mean=0.497 p10=0.497 p90=0.497
Iter 0017060: train nll 0.380, valid error 100.000%, best valid error 100.000%, avg grad norm   0.038, avg grad norm (post clip)   0.033, rho_Whh  0.15, Omega  0.00, alpha  0.000, steps in the past 0.000, valid nll 0.323
  [diag] log10|dL/dh_t| hist bins=60 range=(-12.50,-11.50) mean=-12.00 p50=-12.00 p05=-12.00 p95=-12.00
  [diag] sat-dist hist bins=60 sat<0.05=0.0% mean=0.916 p10=0.913 p90=0.920
  [diag] z-gate sat-dist hist bins=60 mean=0.122 p10=0.122 p90=0.122
  [diag] r-gate sat-dist hist bins=60 mean=0.497 p10=0.497 p90=0.497
Iter 0017080: train nll 0.405, valid error 100.000%, best valid error 100.000%, avg grad norm   0.040, avg grad norm (post clip)   0.033, rho_Whh  0.15, Omega  0.00, alpha  0.000, steps in the past 0.000, valid nll 0.323
  [diag] log10|dL/dh_t| hist bins=60 range=(-12.50,-11.50) mean=-12.00 p50=-12.00 p05=-12.00 p95=-12.00
  [diag] sat-dist hist bins=60 sat<0.05=0.0% mean=0.916 p10=0.913 p90=0.920
  [diag] z-gate sat-dist hist bins=60 mean=0.122 p10=0.122 p90=0.122
  [diag] r-gate sat-dist hist bins=60 mean=0.497 p10=0.497 p90=0.497
Iter 0017100: train nll 0.344, valid error 100.000%, best valid error 100.000%, avg grad norm   0.038, avg grad norm (post clip)   0.037, rho_Whh  0.15, Omega  0.00, alpha  0.000, steps in the past 0.000, valid nll 0.323
  [diag] log10|dL/dh_t| hist bins=60 range=(-12.50,-11.50) mean=-12.00 p50=-12.00 p05=-12.00 p95=-12.00
  [diag] sat-dist hist bins=60 sat<0.05=0.0% mean=0.916 p10=0.913 p90=0.920
  [diag] z-gate sat-dist hist bins=60 mean=0.122 p10=0.122 p90=0.122
  [diag] r-gate sat-dist hist bins=60 mean=0.497 p10=0.497 p90=0.497
Iter 0017120: train nll 0.423, valid error 100.000%, best valid error 100.000%, avg grad norm   0.053, avg grad norm (post clip)   0.039, rho_Whh  0.15, Omega  0.00, alpha  0.000, steps in the past 0.000, valid nll 0.323
  [diag] log10|dL/dh_t| hist bins=60 range=(-12.50,-11.50) mean=-12.00 p50=-12.00 p05=-12.00 p95=-12.00
  [diag] sat-dist hist bins=60 sat<0.05=0.0% mean=0.917 p10=0.913 p90=0.920
  [diag] z-gate sat-dist hist bins=60 mean=0.122 p10=0.122 p90=0.122
  [diag] r-gate sat-dist hist bins=60 mean=0.497 p10=0.497 p90=0.497
Iter 0017140: train nll 0.425, valid error 100.000%, best valid error 100.000%, avg grad norm   0.053, avg grad norm (post clip)   0.039, rho_Whh  0.15, Omega  0.00, alpha  0.000, steps in the past 0.000, valid nll 0.323
  [diag] log10|dL/dh_t| hist bins=60 range=(-12.50,-11.50) mean=-12.00 p50=-12.00 p05=-12.00 p95=-12.00
  [diag] sat-dist hist bins=60 sat<0.05=0.0% mean=0.917 p10=0.914 p90=0.921
  [diag] z-gate sat-dist hist bins=60 mean=0.122 p10=0.122 p90=0.122
  [diag] r-gate sat-dist hist bins=60 mean=0.497 p10=0.497 p90=0.497
Iter 0017160: train nll 0.453, valid error 100.000%, best valid error 100.000%, avg grad norm   0.052, avg grad norm (post clip)   0.040, rho_Whh  0.16, Omega  0.00, alpha  0.000, steps in the past 0.000, valid nll 0.323
  [diag] log10|dL/dh_t| hist bins=60 range=(-12.50,-11.50) mean=-12.00 p50=-12.00 p05=-12.00 p95=-12.00
  [diag] sat-dist hist bins=60 sat<0.05=0.0% mean=0.917 p10=0.914 p90=0.921
  [diag] z-gate sat-dist hist bins=60 mean=0.122 p10=0.122 p90=0.122
  [diag] r-gate sat-dist hist bins=60 mean=0.497 p10=0.497 p90=0.497
Iter 0017180: train nll 0.373, valid error 100.000%, best valid error 100.000%, avg grad norm   0.038, avg grad norm (post clip)   0.037, rho_Whh  0.16, Omega  0.00, alpha  0.000, steps in the past 0.000, valid nll 0.323
  [diag] log10|dL/dh_t| hist bins=60 range=(-12.50,-11.50) mean=-12.00 p50=-12.00 p05=-12.00 p95=-12.00
  [diag] sat-dist hist bins=60 sat<0.05=0.0% mean=0.917 p10=0.914 p90=0.921
  [diag] z-gate sat-dist hist bins=60 mean=0.122 p10=0.122 p90=0.122
  [diag] r-gate sat-dist hist bins=60 mean=0.497 p10=0.497 p90=0.497
Iter 0017200: train nll 0.403, valid error 100.000%, best valid error 100.000%, avg grad norm   0.041, avg grad norm (post clip)   0.034, rho_Whh  0.16, Omega  0.00, alpha  0.000, steps in the past 0.000, valid nll 0.323
  [diag] log10|dL/dh_t| hist bins=60 range=(-12.50,-11.50) mean=-12.00 p50=-12.00 p05=-12.00 p95=-12.00
  [diag] sat-dist hist bins=60 sat<0.05=0.0% mean=0.917 p10=0.914 p90=0.921
  [diag] z-gate sat-dist hist bins=60 mean=0.122 p10=0.122 p90=0.122
  [diag] r-gate sat-dist hist bins=60 mean=0.497 p10=0.497 p90=0.497
Iter 0017220: train nll 0.401, valid error 100.000%, best valid error 100.000%, avg grad norm   0.039, avg grad norm (post clip)   0.035, rho_Whh  0.16, Omega  0.00, alpha  0.000, steps in the past 0.000, valid nll 0.323
  [diag] log10|dL/dh_t| hist bins=60 range=(-12.50,-11.50) mean=-12.00 p50=-12.00 p05=-12.00 p95=-12.00
  [diag] sat-dist hist bins=60 sat<0.05=0.0% mean=0.917 p10=0.914 p90=0.921
  [diag] z-gate sat-dist hist bins=60 mean=0.122 p10=0.122 p90=0.122
  [diag] r-gate sat-dist hist bins=60 mean=0.497 p10=0.497 p90=0.497
Iter 0017240: train nll 0.368, valid error 100.000%, best valid error 100.000%, avg grad norm   0.039, avg grad norm (post clip)   0.037, rho_Whh  0.16, Omega  0.00, alpha  0.000, steps in the past 0.000, valid nll 0.323
  [diag] log10|dL/dh_t| hist bins=60 range=(-12.50,-11.50) mean=-12.00 p50=-12.00 p05=-12.00 p95=-12.00
  [diag] sat-dist hist bins=60 sat<0.05=0.0% mean=0.918 p10=0.914 p90=0.921
  [diag] z-gate sat-dist hist bins=60 mean=0.122 p10=0.122 p90=0.122
  [diag] r-gate sat-dist hist bins=60 mean=0.497 p10=0.497 p90=0.497
Iter 0017260: train nll 0.416, valid error 100.000%, best valid error 100.000%, avg grad norm   0.050, avg grad norm (post clip)   0.040, rho_Whh  0.16, Omega  0.00, alpha  0.000, steps in the past 0.000, valid nll 0.323
  [diag] log10|dL/dh_t| hist bins=60 range=(-12.50,-11.50) mean=-12.00 p50=-12.00 p05=-12.00 p95=-12.00
  [diag] sat-dist hist bins=60 sat<0.05=0.0% mean=0.917 p10=0.914 p90=0.921
  [diag] z-gate sat-dist hist bins=60 mean=0.122 p10=0.122 p90=0.122
  [diag] r-gate sat-dist hist bins=60 mean=0.497 p10=0.497 p90=0.497
Iter 0017280: train nll 0.348, valid error 100.000%, best valid error 100.000%, avg grad norm   0.036, avg grad norm (post clip)   0.036, rho_Whh  0.16, Omega  0.00, alpha  0.000, steps in the past 0.000, valid nll 0.323
  [diag] log10|dL/dh_t| hist bins=60 range=(-12.50,-11.50) mean=-12.00 p50=-12.00 p05=-12.00 p95=-12.00
  [diag] sat-dist hist bins=60 sat<0.05=0.0% mean=0.918 p10=0.914 p90=0.921
  [diag] z-gate sat-dist hist bins=60 mean=0.122 p10=0.122 p90=0.122
  [diag] r-gate sat-dist hist bins=60 mean=0.497 p10=0.497 p90=0.497
Iter 0017300: train nll 0.398, valid error 100.000%, best valid error 100.000%, avg grad norm   0.039, avg grad norm (post clip)   0.034, rho_Whh  0.16, Omega  0.00, alpha  0.000, steps in the past 0.000, valid nll 0.323
  [diag] log10|dL/dh_t| hist bins=60 range=(-12.50,-11.50) mean=-12.00 p50=-12.00 p05=-12.00 p95=-12.00
  [diag] sat-dist hist bins=60 sat<0.05=0.0% mean=0.918 p10=0.915 p90=0.922
  [diag] z-gate sat-dist hist bins=60 mean=0.122 p10=0.122 p90=0.122
  [diag] r-gate sat-dist hist bins=60 mean=0.497 p10=0.497 p90=0.497
Iter 0017320: train nll 0.394, valid error 100.000%, best valid error 100.000%, avg grad norm   0.039, avg grad norm (post clip)   0.035, rho_Whh  0.16, Omega  0.00, alpha  0.000, steps in the past 0.000, valid nll 0.323
  [diag] log10|dL/dh_t| hist bins=60 range=(-12.50,-11.50) mean=-12.00 p50=-12.00 p05=-12.00 p95=-12.00
  [diag] sat-dist hist bins=60 sat<0.05=0.0% mean=0.918 p10=0.915 p90=0.922
  [diag] z-gate sat-dist hist bins=60 mean=0.122 p10=0.122 p90=0.122
  [diag] r-gate sat-dist hist bins=60 mean=0.497 p10=0.497 p90=0.497
Iter 0017340: train nll 0.399, valid error 100.000%, best valid error 100.000%, avg grad norm   0.048, avg grad norm (post clip)   0.037, rho_Whh  0.16, Omega  0.00, alpha  0.000, steps in the past 0.000, valid nll 0.323
  [diag] log10|dL/dh_t| hist bins=60 range=(-12.50,-11.50) mean=-12.00 p50=-12.00 p05=-12.00 p95=-12.00
  [diag] sat-dist hist bins=60 sat<0.05=0.0% mean=0.918 p10=0.915 p90=0.922
  [diag] z-gate sat-dist hist bins=60 mean=0.122 p10=0.122 p90=0.122
  [diag] r-gate sat-dist hist bins=60 mean=0.497 p10=0.497 p90=0.497
Iter 0017360: train nll 0.393, valid error 100.000%, best valid error 100.000%, avg grad norm   0.042, avg grad norm (post clip)   0.036, rho_Whh  0.16, Omega  0.00, alpha  0.000, steps in the past 0.000, valid nll 0.323
  [diag] log10|dL/dh_t| hist bins=60 range=(-12.50,-11.50) mean=-12.00 p50=-12.00 p05=-12.00 p95=-12.00
  [diag] sat-dist hist bins=60 sat<0.05=0.0% mean=0.918 p10=0.915 p90=0.922
  [diag] z-gate sat-dist hist bins=60 mean=0.122 p10=0.122 p90=0.122
  [diag] r-gate sat-dist hist bins=60 mean=0.497 p10=0.497 p90=0.498
Iter 0017380: train nll 0.431, valid error 100.000%, best valid error 100.000%, avg grad norm   0.047, avg grad norm (post clip)   0.039, rho_Whh  0.16, Omega  0.00, alpha  0.000, steps in the past 0.000, valid nll 0.323
  [diag] log10|dL/dh_t| hist bins=60 range=(-12.50,-11.50) mean=-12.00 p50=-12.00 p05=-12.00 p95=-12.00
  [diag] sat-dist hist bins=60 sat<0.05=0.0% mean=0.918 p10=0.915 p90=0.922
  [diag] z-gate sat-dist hist bins=60 mean=0.122 p10=0.122 p90=0.122
  [diag] r-gate sat-dist hist bins=60 mean=0.497 p10=0.497 p90=0.497
Iter 0017400: train nll 0.363, valid error 100.000%, best valid error 100.000%, avg grad norm   0.039, avg grad norm (post clip)   0.037, rho_Whh  0.16, Omega  0.00, alpha  0.000, steps in the past 0.000, valid nll 0.323
  [diag] log10|dL/dh_t| hist bins=60 range=(-12.50,-11.50) mean=-12.00 p50=-12.00 p05=-12.00 p95=-12.00
  [diag] sat-dist hist bins=60 sat<0.05=0.0% mean=0.918 p10=0.915 p90=0.922
  [diag] z-gate sat-dist hist bins=60 mean=0.122 p10=0.122 p90=0.122
  [diag] r-gate sat-dist hist bins=60 mean=0.497 p10=0.497 p90=0.498
Iter 0017420: train nll 0.405, valid error 100.000%, best valid error 100.000%, avg grad norm   0.047, avg grad norm (post clip)   0.036, rho_Whh  0.16, Omega  0.00, alpha  0.000, steps in the past 0.000, valid nll 0.323
  [diag] log10|dL/dh_t| hist bins=60 range=(-12.50,-11.50) mean=-12.00 p50=-12.00 p05=-12.00 p95=-12.00
  [diag] sat-dist hist bins=60 sat<0.05=0.0% mean=0.918 p10=0.915 p90=0.922
  [diag] z-gate sat-dist hist bins=60 mean=0.122 p10=0.122 p90=0.122
  [diag] r-gate sat-dist hist bins=60 mean=0.497 p10=0.497 p90=0.498
Iter 0017440: train nll 0.410, valid error 100.000%, best valid error 100.000%, avg grad norm   0.046, avg grad norm (post clip)   0.036, rho_Whh  0.16, Omega  0.00, alpha  0.000, steps in the past 0.000, valid nll 0.323
  [diag] log10|dL/dh_t| hist bins=60 range=(-12.50,-11.50) mean=-12.00 p50=-12.00 p05=-12.00 p95=-12.00
  [diag] sat-dist hist bins=60 sat<0.05=0.0% mean=0.918 p10=0.915 p90=0.922
  [diag] z-gate sat-dist hist bins=60 mean=0.122 p10=0.122 p90=0.122
  [diag] r-gate sat-dist hist bins=60 mean=0.497 p10=0.497 p90=0.498
Iter 0017460: train nll 0.403, valid error 100.000%, best valid error 100.000%, avg grad norm   0.043, avg grad norm (post clip)   0.034, rho_Whh  0.16, Omega  0.00, alpha  0.000, steps in the past 0.000, valid nll 0.323
  [diag] log10|dL/dh_t| hist bins=60 range=(-12.50,-11.50) mean=-12.00 p50=-12.00 p05=-12.00 p95=-12.00
  [diag] sat-dist hist bins=60 sat<0.05=0.0% mean=0.919 p10=0.916 p90=0.922
  [diag] z-gate sat-dist hist bins=60 mean=0.122 p10=0.122 p90=0.122
  [diag] r-gate sat-dist hist bins=60 mean=0.497 p10=0.497 p90=0.498
Iter 0017480: train nll 0.406, valid error 100.000%, best valid error 100.000%, avg grad norm   0.046, avg grad norm (post clip)   0.038, rho_Whh  0.16, Omega  0.00, alpha  0.000, steps in the past 0.000, valid nll 0.323
  [diag] log10|dL/dh_t| hist bins=60 range=(-12.50,-11.50) mean=-12.00 p50=-12.00 p05=-12.00 p95=-12.00
  [diag] sat-dist hist bins=60 sat<0.05=0.0% mean=0.919 p10=0.916 p90=0.923
  [diag] z-gate sat-dist hist bins=60 mean=0.122 p10=0.122 p90=0.122
  [diag] r-gate sat-dist hist bins=60 mean=0.497 p10=0.497 p90=0.498
Iter 0017500: train nll 0.429, valid error 100.000%, best valid error 100.000%, avg grad norm   0.050, avg grad norm (post clip)   0.037, rho_Whh  0.16, Omega  0.00, alpha  0.000, steps in the past 0.000, valid nll 0.323
  [diag] log10|dL/dh_t| hist bins=60 range=(-12.50,-11.50) mean=-12.00 p50=-12.00 p05=-12.00 p95=-12.00
  [diag] sat-dist hist bins=60 sat<0.05=0.0% mean=0.919 p10=0.916 p90=0.923
  [diag] z-gate sat-dist hist bins=60 mean=0.122 p10=0.122 p90=0.122
  [diag] r-gate sat-dist hist bins=60 mean=0.497 p10=0.497 p90=0.498
Iter 0017520: train nll 0.389, valid error 100.000%, best valid error 100.000%, avg grad norm   0.039, avg grad norm (post clip)   0.033, rho_Whh  0.16, Omega  0.00, alpha  0.000, steps in the past 0.000, valid nll 0.323
  [diag] log10|dL/dh_t| hist bins=60 range=(-12.50,-11.50) mean=-12.00 p50=-12.00 p05=-12.00 p95=-12.00
  [diag] sat-dist hist bins=60 sat<0.05=0.0% mean=0.919 p10=0.916 p90=0.923
  [diag] z-gate sat-dist hist bins=60 mean=0.122 p10=0.122 p90=0.122
  [diag] r-gate sat-dist hist bins=60 mean=0.497 p10=0.497 p90=0.498
Iter 0017540: train nll 0.371, valid error 100.000%, best valid error 100.000%, avg grad norm   0.036, avg grad norm (post clip)   0.034, rho_Whh  0.16, Omega  0.00, alpha  0.000, steps in the past 0.000, valid nll 0.323
  [diag] log10|dL/dh_t| hist bins=60 range=(-12.50,-11.50) mean=-12.00 p50=-12.00 p05=-12.00 p95=-12.00
  [diag] sat-dist hist bins=60 sat<0.05=0.0% mean=0.919 p10=0.916 p90=0.923
  [diag] z-gate sat-dist hist bins=60 mean=0.122 p10=0.122 p90=0.122
  [diag] r-gate sat-dist hist bins=60 mean=0.497 p10=0.497 p90=0.498
Iter 0017560: train nll 0.375, valid error 100.000%, best valid error 100.000%, avg grad norm   0.036, avg grad norm (post clip)   0.034, rho_Whh  0.16, Omega  0.00, alpha  0.000, steps in the past 0.000, valid nll 0.323
  [diag] log10|dL/dh_t| hist bins=60 range=(-12.50,-11.50) mean=-12.00 p50=-12.00 p05=-12.00 p95=-12.00
  [diag] sat-dist hist bins=60 sat<0.05=0.0% mean=0.919 p10=0.916 p90=0.923
  [diag] z-gate sat-dist hist bins=60 mean=0.122 p10=0.122 p90=0.122
  [diag] r-gate sat-dist hist bins=60 mean=0.497 p10=0.497 p90=0.498
Iter 0017580: train nll 0.373, valid error 100.000%, best valid error 100.000%, avg grad norm   0.041, avg grad norm (post clip)   0.038, rho_Whh  0.16, Omega  0.00, alpha  0.000, steps in the past 0.000, valid nll 0.323
  [diag] log10|dL/dh_t| hist bins=60 range=(-12.50,-11.50) mean=-12.00 p50=-12.00 p05=-12.00 p95=-12.00
  [diag] sat-dist hist bins=60 sat<0.05=0.0% mean=0.919 p10=0.916 p90=0.923
  [diag] z-gate sat-dist hist bins=60 mean=0.122 p10=0.122 p90=0.122
  [diag] r-gate sat-dist hist bins=60 mean=0.497 p10=0.497 p90=0.498
Iter 0017600: train nll 0.428, valid error 100.000%, best valid error 100.000%, avg grad norm   0.051, avg grad norm (post clip)   0.037, rho_Whh  0.16, Omega  0.00, alpha  0.000, steps in the past 0.000, valid nll 0.323
  [diag] log10|dL/dh_t| hist bins=60 range=(-12.50,-11.50) mean=-12.00 p50=-12.00 p05=-12.00 p95=-12.00
  [diag] sat-dist hist bins=60 sat<0.05=0.0% mean=0.919 p10=0.916 p90=0.923
  [diag] z-gate sat-dist hist bins=60 mean=0.122 p10=0.122 p90=0.122
  [diag] r-gate sat-dist hist bins=60 mean=0.497 p10=0.497 p90=0.498
Iter 0017620: train nll 0.438, valid error 100.000%, best valid error 100.000%, avg grad norm   0.049, avg grad norm (post clip)   0.036, rho_Whh  0.16, Omega  0.00, alpha  0.000, steps in the past 0.000, valid nll 0.323
  [diag] log10|dL/dh_t| hist bins=60 range=(-12.50,-11.50) mean=-12.00 p50=-12.00 p05=-12.00 p95=-12.00
  [diag] sat-dist hist bins=60 sat<0.05=0.0% mean=0.919 p10=0.916 p90=0.923
  [diag] z-gate sat-dist hist bins=60 mean=0.122 p10=0.122 p90=0.122
  [diag] r-gate sat-dist hist bins=60 mean=0.497 p10=0.497 p90=0.498
Iter 0017640: train nll 0.376, valid error 100.000%, best valid error 100.000%, avg grad norm   0.034, avg grad norm (post clip)   0.031, rho_Whh  0.16, Omega  0.00, alpha  0.000, steps in the past 0.000, valid nll 0.323
  [diag] log10|dL/dh_t| hist bins=60 range=(-12.50,-11.50) mean=-12.00 p50=-12.00 p05=-12.00 p95=-12.00
  [diag] sat-dist hist bins=60 sat<0.05=0.0% mean=0.919 p10=0.917 p90=0.923
  [diag] z-gate sat-dist hist bins=60 mean=0.122 p10=0.122 p90=0.122
  [diag] r-gate sat-dist hist bins=60 mean=0.497 p10=0.497 p90=0.498
Iter 0017660: train nll 0.384, valid error 100.000%, best valid error 100.000%, avg grad norm   0.034, avg grad norm (post clip)   0.033, rho_Whh  0.16, Omega  0.00, alpha  0.000, steps in the past 0.000, valid nll 0.323
  [diag] log10|dL/dh_t| hist bins=60 range=(-12.50,-11.50) mean=-12.00 p50=-12.00 p05=-12.00 p95=-12.00
  [diag] sat-dist hist bins=60 sat<0.05=0.0% mean=0.919 p10=0.916 p90=0.923
  [diag] z-gate sat-dist hist bins=60 mean=0.122 p10=0.122 p90=0.122
  [diag] r-gate sat-dist hist bins=60 mean=0.497 p10=0.497 p90=0.498
Iter 0017680: train nll 0.373, valid error 100.000%, best valid error 100.000%, avg grad norm   0.037, avg grad norm (post clip)   0.033, rho_Whh  0.16, Omega  0.00, alpha  0.000, steps in the past 0.000, valid nll 0.323
  [diag] log10|dL/dh_t| hist bins=60 range=(-12.50,-11.50) mean=-12.00 p50=-12.00 p05=-12.00 p95=-12.00
  [diag] sat-dist hist bins=60 sat<0.05=0.0% mean=0.919 p10=0.916 p90=0.923
  [diag] z-gate sat-dist hist bins=60 mean=0.122 p10=0.122 p90=0.122
  [diag] r-gate sat-dist hist bins=60 mean=0.497 p10=0.497 p90=0.498
Iter 0017700: train nll 0.387, valid error 100.000%, best valid error 100.000%, avg grad norm   0.042, avg grad norm (post clip)   0.033, rho_Whh  0.16, Omega  0.00, alpha  0.000, steps in the past 0.000, valid nll 0.323
  [diag] log10|dL/dh_t| hist bins=60 range=(-12.50,-11.50) mean=-12.00 p50=-12.00 p05=-12.00 p95=-12.00
  [diag] sat-dist hist bins=60 sat<0.05=0.0% mean=0.920 p10=0.917 p90=0.923
  [diag] z-gate sat-dist hist bins=60 mean=0.122 p10=0.122 p90=0.122
  [diag] r-gate sat-dist hist bins=60 mean=0.497 p10=0.497 p90=0.498
Iter 0017720: train nll 0.414, valid error 100.000%, best valid error 100.000%, avg grad norm   0.046, avg grad norm (post clip)   0.036, rho_Whh  0.16, Omega  0.00, alpha  0.000, steps in the past 0.000, valid nll 0.323
  [diag] log10|dL/dh_t| hist bins=60 range=(-12.50,-11.50) mean=-12.00 p50=-12.00 p05=-12.00 p95=-12.00
  [diag] sat-dist hist bins=60 sat<0.05=0.0% mean=0.920 p10=0.917 p90=0.923
  [diag] z-gate sat-dist hist bins=60 mean=0.122 p10=0.122 p90=0.122
  [diag] r-gate sat-dist hist bins=60 mean=0.497 p10=0.497 p90=0.498
Iter 0017740: train nll 0.377, valid error 100.000%, best valid error 100.000%, avg grad norm   0.040, avg grad norm (post clip)   0.035, rho_Whh  0.16, Omega  0.00, alpha  0.000, steps in the past 0.000, valid nll 0.323
  [diag] log10|dL/dh_t| hist bins=60 range=(-12.50,-11.50) mean=-12.00 p50=-12.00 p05=-12.00 p95=-12.00
  [diag] sat-dist hist bins=60 sat<0.05=0.0% mean=0.920 p10=0.917 p90=0.923
  [diag] z-gate sat-dist hist bins=60 mean=0.122 p10=0.122 p90=0.122
  [diag] r-gate sat-dist hist bins=60 mean=0.497 p10=0.497 p90=0.498
Iter 0017760: train nll 0.363, valid error 100.000%, best valid error 100.000%, avg grad norm   0.026, avg grad norm (post clip)   0.028, rho_Whh  0.16, Omega  0.00, alpha  0.000, steps in the past 0.000, valid nll 0.323
  [diag] log10|dL/dh_t| hist bins=60 range=(-12.50,-11.50) mean=-12.00 p50=-12.00 p05=-12.00 p95=-12.00
  [diag] sat-dist hist bins=60 sat<0.05=0.0% mean=0.920 p10=0.917 p90=0.923
  [diag] z-gate sat-dist hist bins=60 mean=0.122 p10=0.122 p90=0.122
  [diag] r-gate sat-dist hist bins=60 mean=0.497 p10=0.497 p90=0.498
Iter 0017780: train nll 0.396, valid error 100.000%, best valid error 100.000%, avg grad norm   0.038, avg grad norm (post clip)   0.030, rho_Whh  0.16, Omega  0.00, alpha  0.000, steps in the past 0.000, valid nll 0.323
  [diag] log10|dL/dh_t| hist bins=60 range=(-12.50,-11.50) mean=-12.00 p50=-12.00 p05=-12.00 p95=-12.00
  [diag] sat-dist hist bins=60 sat<0.05=0.0% mean=0.920 p10=0.917 p90=0.923
  [diag] z-gate sat-dist hist bins=60 mean=0.122 p10=0.122 p90=0.122
  [diag] r-gate sat-dist hist bins=60 mean=0.497 p10=0.497 p90=0.498
Iter 0017800: train nll 0.407, valid error 100.000%, best valid error 100.000%, avg grad norm   0.046, avg grad norm (post clip)   0.034, rho_Whh  0.16, Omega  0.00, alpha  0.000, steps in the past 0.000, valid nll 0.323
  [diag] log10|dL/dh_t| hist bins=60 range=(-12.50,-11.50) mean=-12.00 p50=-12.00 p05=-12.00 p95=-12.00
  [diag] sat-dist hist bins=60 sat<0.05=0.0% mean=0.920 p10=0.917 p90=0.924
  [diag] z-gate sat-dist hist bins=60 mean=0.122 p10=0.122 p90=0.122
  [diag] r-gate sat-dist hist bins=60 mean=0.497 p10=0.497 p90=0.498
Iter 0017820: train nll 0.413, valid error 100.000%, best valid error 100.000%, avg grad norm   0.034, avg grad norm (post clip)   0.032, rho_Whh  0.16, Omega  0.00, alpha  0.000, steps in the past 0.000, valid nll 0.323
  [diag] log10|dL/dh_t| hist bins=60 range=(-12.50,-11.50) mean=-12.00 p50=-12.00 p05=-12.00 p95=-12.00
  [diag] sat-dist hist bins=60 sat<0.05=0.0% mean=0.920 p10=0.917 p90=0.924
  [diag] z-gate sat-dist hist bins=60 mean=0.122 p10=0.122 p90=0.122
  [diag] r-gate sat-dist hist bins=60 mean=0.498 p10=0.497 p90=0.498
Iter 0017840: train nll 0.419, valid error 100.000%, best valid error 100.000%, avg grad norm   0.048, avg grad norm (post clip)   0.039, rho_Whh  0.17, Omega  0.00, alpha  0.000, steps in the past 0.000, valid nll 0.323
  [diag] log10|dL/dh_t| hist bins=60 range=(-12.50,-11.50) mean=-12.00 p50=-12.00 p05=-12.00 p95=-12.00
  [diag] sat-dist hist bins=60 sat<0.05=0.0% mean=0.920 p10=0.917 p90=0.924
  [diag] z-gate sat-dist hist bins=60 mean=0.122 p10=0.122 p90=0.122
  [diag] r-gate sat-dist hist bins=60 mean=0.497 p10=0.497 p90=0.498
Iter 0017860: train nll 0.366, valid error 100.000%, best valid error 100.000%, avg grad norm   0.045, avg grad norm (post clip)   0.041, rho_Whh  0.16, Omega  0.00, alpha  0.000, steps in the past 0.000, valid nll 0.323
  [diag] log10|dL/dh_t| hist bins=60 range=(-12.50,-11.50) mean=-12.00 p50=-12.00 p05=-12.00 p95=-12.00
  [diag] sat-dist hist bins=60 sat<0.05=0.0% mean=0.920 p10=0.918 p90=0.924
  [diag] z-gate sat-dist hist bins=60 mean=0.122 p10=0.122 p90=0.122
  [diag] r-gate sat-dist hist bins=60 mean=0.498 p10=0.497 p90=0.498
Iter 0017880: train nll 0.425, valid error 100.000%, best valid error 100.000%, avg grad norm   0.045, avg grad norm (post clip)   0.033, rho_Whh  0.17, Omega  0.00, alpha  0.000, steps in the past 0.000, valid nll 0.323
  [diag] log10|dL/dh_t| hist bins=60 range=(-12.50,-11.50) mean=-12.00 p50=-12.00 p05=-12.00 p95=-12.00
  [diag] sat-dist hist bins=60 sat<0.05=0.0% mean=0.920 p10=0.917 p90=0.924
  [diag] z-gate sat-dist hist bins=60 mean=0.122 p10=0.122 p90=0.122
  [diag] r-gate sat-dist hist bins=60 mean=0.498 p10=0.497 p90=0.498
Iter 0017900: train nll 0.372, valid error 100.000%, best valid error 100.000%, avg grad norm   0.041, avg grad norm (post clip)   0.037, rho_Whh  0.17, Omega  0.00, alpha  0.000, steps in the past 0.000, valid nll 0.323
  [diag] log10|dL/dh_t| hist bins=60 range=(-12.50,-11.50) mean=-12.00 p50=-12.00 p05=-12.00 p95=-12.00
  [diag] sat-dist hist bins=60 sat<0.05=0.0% mean=0.921 p10=0.918 p90=0.924
  [diag] z-gate sat-dist hist bins=60 mean=0.122 p10=0.122 p90=0.122
  [diag] r-gate sat-dist hist bins=60 mean=0.498 p10=0.497 p90=0.498
Iter 0017920: train nll 0.418, valid error 100.000%, best valid error 100.000%, avg grad norm   0.054, avg grad norm (post clip)   0.040, rho_Whh  0.17, Omega  0.00, alpha  0.000, steps in the past 0.000, valid nll 0.323
  [diag] log10|dL/dh_t| hist bins=60 range=(-12.50,-11.50) mean=-12.00 p50=-12.00 p05=-12.00 p95=-12.00
  [diag] sat-dist hist bins=60 sat<0.05=0.0% mean=0.921 p10=0.918 p90=0.924
  [diag] z-gate sat-dist hist bins=60 mean=0.122 p10=0.122 p90=0.122
  [diag] r-gate sat-dist hist bins=60 mean=0.498 p10=0.497 p90=0.498
Iter 0017940: train nll 0.405, valid error 100.000%, best valid error 100.000%, avg grad norm   0.046, avg grad norm (post clip)   0.035, rho_Whh  0.17, Omega  0.00, alpha  0.000, steps in the past 0.000, valid nll 0.323
  [diag] log10|dL/dh_t| hist bins=60 range=(-12.50,-11.50) mean=-12.00 p50=-12.00 p05=-12.00 p95=-12.00
  [diag] sat-dist hist bins=60 sat<0.05=0.0% mean=0.920 p10=0.918 p90=0.924
  [diag] z-gate sat-dist hist bins=60 mean=0.122 p10=0.122 p90=0.122
  [diag] r-gate sat-dist hist bins=60 mean=0.498 p10=0.497 p90=0.498
Iter 0017960: train nll 0.357, valid error 100.000%, best valid error 100.000%, avg grad norm   0.034, avg grad norm (post clip)   0.034, rho_Whh  0.17, Omega  0.00, alpha  0.000, steps in the past 0.000, valid nll 0.323
  [diag] log10|dL/dh_t| hist bins=60 range=(-12.50,-11.50) mean=-12.00 p50=-12.00 p05=-12.00 p95=-12.00
  [diag] sat-dist hist bins=60 sat<0.05=0.0% mean=0.921 p10=0.918 p90=0.924
  [diag] z-gate sat-dist hist bins=60 mean=0.122 p10=0.122 p90=0.122
  [diag] r-gate sat-dist hist bins=60 mean=0.498 p10=0.497 p90=0.498
Iter 0017980: train nll 0.409, valid error 100.000%, best valid error 100.000%, avg grad norm   0.047, avg grad norm (post clip)   0.033, rho_Whh  0.17, Omega  0.00, alpha  0.000, steps in the past 0.000, valid nll 0.323
  [diag] log10|dL/dh_t| hist bins=60 range=(-12.50,-11.50) mean=-12.00 p50=-12.00 p05=-12.00 p95=-12.00
  [diag] sat-dist hist bins=60 sat<0.05=0.0% mean=0.920 p10=0.918 p90=0.924
  [diag] z-gate sat-dist hist bins=60 mean=0.122 p10=0.122 p90=0.122
  [diag] r-gate sat-dist hist bins=60 mean=0.498 p10=0.497 p90=0.498
Iter 0018000: train nll 0.352, valid error 100.000%, best valid error 100.000%, avg grad norm   0.032, avg grad norm (post clip)   0.034, rho_Whh  0.17, Omega  0.00, alpha  0.000, steps in the past 0.000, valid nll 0.323
  [diag] log10|dL/dh_t| hist bins=60 range=(-12.50,-11.50) mean=-12.00 p50=-12.00 p05=-12.00 p95=-12.00
  [diag] sat-dist hist bins=60 sat<0.05=0.0% mean=0.921 p10=0.918 p90=0.924
  [diag] z-gate sat-dist hist bins=60 mean=0.122 p10=0.122 p90=0.122
  [diag] r-gate sat-dist hist bins=60 mean=0.498 p10=0.497 p90=0.498
Iter 0018020: train nll 0.463, valid error 100.000%, best valid error 100.000%, avg grad norm   0.063, avg grad norm (post clip)   0.042, rho_Whh  0.17, Omega  0.00, alpha  0.000, steps in the past 0.000, valid nll 0.323
  [diag] log10|dL/dh_t| hist bins=60 range=(-12.50,-11.50) mean=-12.00 p50=-12.00 p05=-12.00 p95=-12.00
  [diag] sat-dist hist bins=60 sat<0.05=0.0% mean=0.921 p10=0.918 p90=0.924
  [diag] z-gate sat-dist hist bins=60 mean=0.122 p10=0.122 p90=0.122
  [diag] r-gate sat-dist hist bins=60 mean=0.498 p10=0.497 p90=0.498
Iter 0018040: train nll 0.359, valid error 100.000%, best valid error 100.000%, avg grad norm   0.039, avg grad norm (post clip)   0.037, rho_Whh  0.17, Omega  0.00, alpha  0.000, steps in the past 0.000, valid nll 0.323
  [diag] log10|dL/dh_t| hist bins=60 range=(-12.50,-11.50) mean=-12.00 p50=-12.00 p05=-12.00 p95=-12.00
  [diag] sat-dist hist bins=60 sat<0.05=0.0% mean=0.921 p10=0.918 p90=0.924
  [diag] z-gate sat-dist hist bins=60 mean=0.122 p10=0.122 p90=0.122
  [diag] r-gate sat-dist hist bins=60 mean=0.498 p10=0.497 p90=0.498
Iter 0018060: train nll 0.388, valid error 100.000%, best valid error 100.000%, avg grad norm   0.043, avg grad norm (post clip)   0.037, rho_Whh  0.17, Omega  0.00, alpha  0.000, steps in the past 0.000, valid nll 0.323
  [diag] log10|dL/dh_t| hist bins=60 range=(-12.50,-11.50) mean=-12.00 p50=-12.00 p05=-12.00 p95=-12.00
  [diag] sat-dist hist bins=60 sat<0.05=0.0% mean=0.921 p10=0.918 p90=0.924
  [diag] z-gate sat-dist hist bins=60 mean=0.122 p10=0.122 p90=0.122
  [diag] r-gate sat-dist hist bins=60 mean=0.498 p10=0.497 p90=0.498
Iter 0018080: train nll 0.385, valid error 100.000%, best valid error 100.000%, avg grad norm   0.037, avg grad norm (post clip)   0.033, rho_Whh  0.17, Omega  0.00, alpha  0.000, steps in the past 0.000, valid nll 0.323
  [diag] log10|dL/dh_t| hist bins=60 range=(-12.50,-11.50) mean=-12.00 p50=-12.00 p05=-12.00 p95=-12.00
  [diag] sat-dist hist bins=60 sat<0.05=0.0% mean=0.921 p10=0.918 p90=0.924
  [diag] z-gate sat-dist hist bins=60 mean=0.122 p10=0.122 p90=0.122
  [diag] r-gate sat-dist hist bins=60 mean=0.498 p10=0.497 p90=0.498
Iter 0018100: train nll 0.385, valid error 100.000%, best valid error 100.000%, avg grad norm   0.040, avg grad norm (post clip)   0.035, rho_Whh  0.17, Omega  0.00, alpha  0.000, steps in the past 0.000, valid nll 0.322
  [diag] log10|dL/dh_t| hist bins=60 range=(-12.50,-11.50) mean=-12.00 p50=-12.00 p05=-12.00 p95=-12.00
  [diag] sat-dist hist bins=60 sat<0.05=0.0% mean=0.921 p10=0.918 p90=0.925
  [diag] z-gate sat-dist hist bins=60 mean=0.122 p10=0.122 p90=0.122
  [diag] r-gate sat-dist hist bins=60 mean=0.498 p10=0.497 p90=0.498
Iter 0018120: train nll 0.400, valid error 100.000%, best valid error 100.000%, avg grad norm   0.035, avg grad norm (post clip)   0.030, rho_Whh  0.17, Omega  0.00, alpha  0.000, steps in the past 0.000, valid nll 0.322
  [diag] log10|dL/dh_t| hist bins=60 range=(-12.50,-11.50) mean=-12.00 p50=-12.00 p05=-12.00 p95=-12.00
  [diag] sat-dist hist bins=60 sat<0.05=0.0% mean=0.921 p10=0.918 p90=0.925
  [diag] z-gate sat-dist hist bins=60 mean=0.122 p10=0.122 p90=0.122
  [diag] r-gate sat-dist hist bins=60 mean=0.498 p10=0.497 p90=0.498
Iter 0018140: train nll 0.371, valid error 100.000%, best valid error 100.000%, avg grad norm   0.032, avg grad norm (post clip)   0.032, rho_Whh  0.17, Omega  0.00, alpha  0.000, steps in the past 0.000, valid nll 0.322
  [diag] log10|dL/dh_t| hist bins=60 range=(-12.50,-11.50) mean=-12.00 p50=-12.00 p05=-12.00 p95=-12.00
  [diag] sat-dist hist bins=60 sat<0.05=0.0% mean=0.921 p10=0.918 p90=0.925
  [diag] z-gate sat-dist hist bins=60 mean=0.122 p10=0.122 p90=0.122
  [diag] r-gate sat-dist hist bins=60 mean=0.498 p10=0.497 p90=0.498
Iter 0018160: train nll 0.388, valid error 100.000%, best valid error 100.000%, avg grad norm   0.041, avg grad norm (post clip)   0.034, rho_Whh  0.17, Omega  0.00, alpha  0.000, steps in the past 0.000, valid nll 0.322
  [diag] log10|dL/dh_t| hist bins=60 range=(-12.50,-11.50) mean=-12.00 p50=-12.00 p05=-12.00 p95=-12.00
  [diag] sat-dist hist bins=60 sat<0.05=0.0% mean=0.921 p10=0.918 p90=0.925
  [diag] z-gate sat-dist hist bins=60 mean=0.122 p10=0.122 p90=0.122
  [diag] r-gate sat-dist hist bins=60 mean=0.498 p10=0.497 p90=0.498
Iter 0018180: train nll 0.384, valid error 100.000%, best valid error 100.000%, avg grad norm   0.037, avg grad norm (post clip)   0.034, rho_Whh  0.17, Omega  0.00, alpha  0.000, steps in the past 0.000, valid nll 0.322
  [diag] log10|dL/dh_t| hist bins=60 range=(-12.50,-11.50) mean=-12.00 p50=-12.00 p05=-12.00 p95=-12.00
  [diag] sat-dist hist bins=60 sat<0.05=0.0% mean=0.921 p10=0.919 p90=0.925
  [diag] z-gate sat-dist hist bins=60 mean=0.122 p10=0.122 p90=0.122
  [diag] r-gate sat-dist hist bins=60 mean=0.498 p10=0.497 p90=0.498
Iter 0018200: train nll 0.397, valid error 100.000%, best valid error 100.000%, avg grad norm   0.035, avg grad norm (post clip)   0.031, rho_Whh  0.17, Omega  0.00, alpha  0.000, steps in the past 0.000, valid nll 0.322
  [diag] log10|dL/dh_t| hist bins=60 range=(-12.50,-11.50) mean=-12.00 p50=-12.00 p05=-12.00 p95=-12.00
  [diag] sat-dist hist bins=60 sat<0.05=0.0% mean=0.921 p10=0.918 p90=0.925
  [diag] z-gate sat-dist hist bins=60 mean=0.122 p10=0.122 p90=0.122
  [diag] r-gate sat-dist hist bins=60 mean=0.498 p10=0.497 p90=0.498
Iter 0018220: train nll 0.381, valid error 100.000%, best valid error 100.000%, avg grad norm   0.045, avg grad norm (post clip)   0.036, rho_Whh  0.17, Omega  0.00, alpha  0.000, steps in the past 0.000, valid nll 0.322
  [diag] log10|dL/dh_t| hist bins=60 range=(-12.50,-11.50) mean=-12.00 p50=-12.00 p05=-12.00 p95=-12.00
  [diag] sat-dist hist bins=60 sat<0.05=0.0% mean=0.921 p10=0.919 p90=0.925
  [diag] z-gate sat-dist hist bins=60 mean=0.122 p10=0.122 p90=0.122
  [diag] r-gate sat-dist hist bins=60 mean=0.498 p10=0.497 p90=0.498
Iter 0018240: train nll 0.374, valid error 100.000%, best valid error 100.000%, avg grad norm   0.034, avg grad norm (post clip)   0.032, rho_Whh  0.17, Omega  0.00, alpha  0.000, steps in the past 0.000, valid nll 0.322
  [diag] log10|dL/dh_t| hist bins=60 range=(-12.50,-11.50) mean=-12.00 p50=-12.00 p05=-12.00 p95=-12.00
  [diag] sat-dist hist bins=60 sat<0.05=0.0% mean=0.921 p10=0.919 p90=0.925
  [diag] z-gate sat-dist hist bins=60 mean=0.122 p10=0.122 p90=0.122
  [diag] r-gate sat-dist hist bins=60 mean=0.498 p10=0.497 p90=0.498
Iter 0018260: train nll 0.391, valid error 100.000%, best valid error 100.000%, avg grad norm   0.040, avg grad norm (post clip)   0.034, rho_Whh  0.17, Omega  0.00, alpha  0.000, steps in the past 0.000, valid nll 0.322
  [diag] log10|dL/dh_t| hist bins=60 range=(-12.50,-11.50) mean=-12.00 p50=-12.00 p05=-12.00 p95=-12.00
  [diag] sat-dist hist bins=60 sat<0.05=0.0% mean=0.921 p10=0.918 p90=0.925
  [diag] z-gate sat-dist hist bins=60 mean=0.122 p10=0.122 p90=0.122
  [diag] r-gate sat-dist hist bins=60 mean=0.498 p10=0.497 p90=0.498
Iter 0018280: train nll 0.323, valid error 100.000%, best valid error 100.000%, avg grad norm   0.032, avg grad norm (post clip)   0.033, rho_Whh  0.17, Omega  0.00, alpha  0.000, steps in the past 0.000, valid nll 0.322
  [diag] log10|dL/dh_t| hist bins=60 range=(-12.50,-11.50) mean=-12.00 p50=-12.00 p05=-12.00 p95=-12.00
  [diag] sat-dist hist bins=60 sat<0.05=0.0% mean=0.921 p10=0.918 p90=0.925
  [diag] z-gate sat-dist hist bins=60 mean=0.122 p10=0.122 p90=0.122
  [diag] r-gate sat-dist hist bins=60 mean=0.498 p10=0.497 p90=0.498
Iter 0018300: train nll 0.408, valid error 100.000%, best valid error 100.000%, avg grad norm   0.049, avg grad norm (post clip)   0.037, rho_Whh  0.17, Omega  0.00, alpha  0.000, steps in the past 0.000, valid nll 0.322
  [diag] log10|dL/dh_t| hist bins=60 range=(-12.50,-11.50) mean=-12.00 p50=-12.00 p05=-12.00 p95=-12.00
  [diag] sat-dist hist bins=60 sat<0.05=0.0% mean=0.921 p10=0.918 p90=0.924
  [diag] z-gate sat-dist hist bins=60 mean=0.122 p10=0.122 p90=0.122
  [diag] r-gate sat-dist hist bins=60 mean=0.498 p10=0.497 p90=0.498
Iter 0018320: train nll 0.340, valid error 100.000%, best valid error 100.000%, avg grad norm   0.037, avg grad norm (post clip)   0.037, rho_Whh  0.17, Omega  0.00, alpha  0.000, steps in the past 0.000, valid nll 0.322
  [diag] log10|dL/dh_t| hist bins=60 range=(-12.50,-11.50) mean=-12.00 p50=-12.00 p05=-12.00 p95=-12.00
  [diag] sat-dist hist bins=60 sat<0.05=0.0% mean=0.921 p10=0.918 p90=0.924
  [diag] z-gate sat-dist hist bins=60 mean=0.122 p10=0.122 p90=0.122
  [diag] r-gate sat-dist hist bins=60 mean=0.498 p10=0.497 p90=0.498
Iter 0018340: train nll 0.369, valid error 100.000%, best valid error 100.000%, avg grad norm   0.047, avg grad norm (post clip)   0.039, rho_Whh  0.17, Omega  0.00, alpha  0.000, steps in the past 0.000, valid nll 0.322
  [diag] log10|dL/dh_t| hist bins=60 range=(-12.50,-11.50) mean=-12.00 p50=-12.00 p05=-12.00 p95=-12.00
  [diag] sat-dist hist bins=60 sat<0.05=0.0% mean=0.921 p10=0.918 p90=0.924
  [diag] z-gate sat-dist hist bins=60 mean=0.122 p10=0.122 p90=0.122
  [diag] r-gate sat-dist hist bins=60 mean=0.498 p10=0.497 p90=0.498
Iter 0018360: train nll 0.383, valid error 100.000%, best valid error 100.000%, avg grad norm   0.035, avg grad norm (post clip)   0.029, rho_Whh  0.17, Omega  0.00, alpha  0.000, steps in the past 0.000, valid nll 0.322
  [diag] log10|dL/dh_t| hist bins=60 range=(-12.50,-11.50) mean=-12.00 p50=-12.00 p05=-12.00 p95=-12.00
  [diag] sat-dist hist bins=60 sat<0.05=0.0% mean=0.921 p10=0.918 p90=0.925
  [diag] z-gate sat-dist hist bins=60 mean=0.122 p10=0.122 p90=0.122
  [diag] r-gate sat-dist hist bins=60 mean=0.498 p10=0.497 p90=0.498
Iter 0018380: train nll 0.385, valid error 100.000%, best valid error 100.000%, avg grad norm   0.039, avg grad norm (post clip)   0.034, rho_Whh  0.17, Omega  0.00, alpha  0.000, steps in the past 0.000, valid nll 0.322
  [diag] log10|dL/dh_t| hist bins=60 range=(-12.50,-11.50) mean=-12.00 p50=-12.00 p05=-12.00 p95=-12.00
  [diag] sat-dist hist bins=60 sat<0.05=0.0% mean=0.921 p10=0.918 p90=0.924
  [diag] z-gate sat-dist hist bins=60 mean=0.122 p10=0.122 p90=0.122
  [diag] r-gate sat-dist hist bins=60 mean=0.498 p10=0.497 p90=0.498
Iter 0018400: train nll 0.380, valid error 100.000%, best valid error 100.000%, avg grad norm   0.048, avg grad norm (post clip)   0.037, rho_Whh  0.17, Omega  0.00, alpha  0.000, steps in the past 0.000, valid nll 0.322
  [diag] log10|dL/dh_t| hist bins=60 range=(-12.50,-11.50) mean=-12.00 p50=-12.00 p05=-12.00 p95=-12.00
  [diag] sat-dist hist bins=60 sat<0.05=0.0% mean=0.921 p10=0.918 p90=0.925
  [diag] z-gate sat-dist hist bins=60 mean=0.122 p10=0.122 p90=0.122
  [diag] r-gate sat-dist hist bins=60 mean=0.498 p10=0.497 p90=0.498
Iter 0018420: train nll 0.394, valid error 100.000%, best valid error 100.000%, avg grad norm   0.046, avg grad norm (post clip)   0.037, rho_Whh  0.17, Omega  0.00, alpha  0.000, steps in the past 0.000, valid nll 0.322
  [diag] log10|dL/dh_t| hist bins=60 range=(-12.50,-11.50) mean=-12.00 p50=-12.00 p05=-12.00 p95=-12.00
  [diag] sat-dist hist bins=60 sat<0.05=0.0% mean=0.921 p10=0.919 p90=0.925
  [diag] z-gate sat-dist hist bins=60 mean=0.122 p10=0.122 p90=0.122
  [diag] r-gate sat-dist hist bins=60 mean=0.498 p10=0.497 p90=0.498
Iter 0018440: train nll 0.432, valid error 100.000%, best valid error 100.000%, avg grad norm   0.047, avg grad norm (post clip)   0.035, rho_Whh  0.17, Omega  0.00, alpha  0.000, steps in the past 0.000, valid nll 0.322
  [diag] log10|dL/dh_t| hist bins=60 range=(-12.50,-11.50) mean=-12.00 p50=-12.00 p05=-12.00 p95=-12.00
  [diag] sat-dist hist bins=60 sat<0.05=0.0% mean=0.921 p10=0.919 p90=0.925
  [diag] z-gate sat-dist hist bins=60 mean=0.122 p10=0.122 p90=0.122
  [diag] r-gate sat-dist hist bins=60 mean=0.498 p10=0.497 p90=0.498
Iter 0018460: train nll 0.377, valid error 100.000%, best valid error 100.000%, avg grad norm   0.041, avg grad norm (post clip)   0.037, rho_Whh  0.17, Omega  0.00, alpha  0.000, steps in the past 0.000, valid nll 0.322
  [diag] log10|dL/dh_t| hist bins=60 range=(-12.50,-11.50) mean=-12.00 p50=-12.00 p05=-12.00 p95=-12.00
  [diag] sat-dist hist bins=60 sat<0.05=0.0% mean=0.922 p10=0.919 p90=0.925
  [diag] z-gate sat-dist hist bins=60 mean=0.122 p10=0.122 p90=0.122
  [diag] r-gate sat-dist hist bins=60 mean=0.498 p10=0.497 p90=0.498
Iter 0018480: train nll 0.423, valid error 100.000%, best valid error 100.000%, avg grad norm   0.053, avg grad norm (post clip)   0.039, rho_Whh  0.17, Omega  0.00, alpha  0.000, steps in the past 0.000, valid nll 0.322
  [diag] log10|dL/dh_t| hist bins=60 range=(-12.50,-11.50) mean=-12.00 p50=-12.00 p05=-12.00 p95=-12.00
  [diag] sat-dist hist bins=60 sat<0.05=0.0% mean=0.922 p10=0.919 p90=0.925
  [diag] z-gate sat-dist hist bins=60 mean=0.122 p10=0.122 p90=0.122
  [diag] r-gate sat-dist hist bins=60 mean=0.498 p10=0.497 p90=0.498
Iter 0018500: train nll 0.403, valid error 100.000%, best valid error 100.000%, avg grad norm   0.043, avg grad norm (post clip)   0.035, rho_Whh  0.17, Omega  0.00, alpha  0.000, steps in the past 0.000, valid nll 0.322
  [diag] log10|dL/dh_t| hist bins=60 range=(-12.50,-11.50) mean=-12.00 p50=-12.00 p05=-12.00 p95=-12.00
  [diag] sat-dist hist bins=60 sat<0.05=0.0% mean=0.922 p10=0.919 p90=0.925
  [diag] z-gate sat-dist hist bins=60 mean=0.122 p10=0.122 p90=0.122
  [diag] r-gate sat-dist hist bins=60 mean=0.498 p10=0.497 p90=0.498
Iter 0018520: train nll 0.382, valid error 100.000%, best valid error 100.000%, avg grad norm   0.037, avg grad norm (post clip)   0.035, rho_Whh  0.17, Omega  0.00, alpha  0.000, steps in the past 0.000, valid nll 0.322
  [diag] log10|dL/dh_t| hist bins=60 range=(-12.50,-11.50) mean=-12.00 p50=-12.00 p05=-12.00 p95=-12.00
  [diag] sat-dist hist bins=60 sat<0.05=0.0% mean=0.922 p10=0.919 p90=0.925
  [diag] z-gate sat-dist hist bins=60 mean=0.122 p10=0.122 p90=0.122
  [diag] r-gate sat-dist hist bins=60 mean=0.498 p10=0.497 p90=0.498
Iter 0018540: train nll 0.360, valid error 100.000%, best valid error 100.000%, avg grad norm   0.036, avg grad norm (post clip)   0.034, rho_Whh  0.17, Omega  0.00, alpha  0.000, steps in the past 0.000, valid nll 0.322
  [diag] log10|dL/dh_t| hist bins=60 range=(-12.50,-11.50) mean=-12.00 p50=-12.00 p05=-12.00 p95=-12.00
  [diag] sat-dist hist bins=60 sat<0.05=0.0% mean=0.922 p10=0.919 p90=0.925
  [diag] z-gate sat-dist hist bins=60 mean=0.122 p10=0.122 p90=0.122
  [diag] r-gate sat-dist hist bins=60 mean=0.498 p10=0.497 p90=0.498
Iter 0018560: train nll 0.385, valid error 100.000%, best valid error 100.000%, avg grad norm   0.039, avg grad norm (post clip)   0.033, rho_Whh  0.17, Omega  0.00, alpha  0.000, steps in the past 0.000, valid nll 0.322
  [diag] log10|dL/dh_t| hist bins=60 range=(-12.50,-11.50) mean=-12.00 p50=-12.00 p05=-12.00 p95=-12.00
  [diag] sat-dist hist bins=60 sat<0.05=0.0% mean=0.922 p10=0.919 p90=0.925
  [diag] z-gate sat-dist hist bins=60 mean=0.122 p10=0.122 p90=0.122
  [diag] r-gate sat-dist hist bins=60 mean=0.498 p10=0.497 p90=0.498
Iter 0018580: train nll 0.370, valid error 100.000%, best valid error 100.000%, avg grad norm   0.039, avg grad norm (post clip)   0.037, rho_Whh  0.17, Omega  0.00, alpha  0.000, steps in the past 0.000, valid nll 0.322
  [diag] log10|dL/dh_t| hist bins=60 range=(-12.50,-11.50) mean=-12.00 p50=-12.00 p05=-12.00 p95=-12.00
  [diag] sat-dist hist bins=60 sat<0.05=0.0% mean=0.922 p10=0.919 p90=0.925
  [diag] z-gate sat-dist hist bins=60 mean=0.122 p10=0.122 p90=0.122
  [diag] r-gate sat-dist hist bins=60 mean=0.498 p10=0.497 p90=0.498
Iter 0018600: train nll 0.365, valid error 100.000%, best valid error 100.000%, avg grad norm   0.034, avg grad norm (post clip)   0.033, rho_Whh  0.17, Omega  0.00, alpha  0.000, steps in the past 0.000, valid nll 0.322
  [diag] log10|dL/dh_t| hist bins=60 range=(-12.50,-11.50) mean=-12.00 p50=-12.00 p05=-12.00 p95=-12.00
  [diag] sat-dist hist bins=60 sat<0.05=0.0% mean=0.922 p10=0.919 p90=0.926
  [diag] z-gate sat-dist hist bins=60 mean=0.122 p10=0.122 p90=0.122
  [diag] r-gate sat-dist hist bins=60 mean=0.498 p10=0.497 p90=0.498
Iter 0018620: train nll 0.389, valid error 100.000%, best valid error 100.000%, avg grad norm   0.037, avg grad norm (post clip)   0.031, rho_Whh  0.17, Omega  0.00, alpha  0.000, steps in the past 0.000, valid nll 0.322
  [diag] log10|dL/dh_t| hist bins=60 range=(-12.50,-11.50) mean=-12.00 p50=-12.00 p05=-12.00 p95=-12.00
  [diag] sat-dist hist bins=60 sat<0.05=0.0% mean=0.922 p10=0.919 p90=0.926
  [diag] z-gate sat-dist hist bins=60 mean=0.122 p10=0.122 p90=0.122
  [diag] r-gate sat-dist hist bins=60 mean=0.498 p10=0.497 p90=0.498
Iter 0018640: train nll 0.382, valid error 100.000%, best valid error 100.000%, avg grad norm   0.039, avg grad norm (post clip)   0.035, rho_Whh  0.17, Omega  0.00, alpha  0.000, steps in the past 0.000, valid nll 0.322
  [diag] log10|dL/dh_t| hist bins=60 range=(-12.50,-11.50) mean=-12.00 p50=-12.00 p05=-12.00 p95=-12.00
  [diag] sat-dist hist bins=60 sat<0.05=0.0% mean=0.922 p10=0.920 p90=0.926
  [diag] z-gate sat-dist hist bins=60 mean=0.122 p10=0.122 p90=0.122
  [diag] r-gate sat-dist hist bins=60 mean=0.498 p10=0.497 p90=0.498
Iter 0018660: train nll 0.399, valid error 100.000%, best valid error 100.000%, avg grad norm   0.038, avg grad norm (post clip)   0.032, rho_Whh  0.17, Omega  0.00, alpha  0.000, steps in the past 0.000, valid nll 0.322
  [diag] log10|dL/dh_t| hist bins=60 range=(-12.50,-11.50) mean=-12.00 p50=-12.00 p05=-12.00 p95=-12.00
  [diag] sat-dist hist bins=60 sat<0.05=0.0% mean=0.923 p10=0.920 p90=0.926
  [diag] z-gate sat-dist hist bins=60 mean=0.122 p10=0.122 p90=0.122
  [diag] r-gate sat-dist hist bins=60 mean=0.498 p10=0.497 p90=0.498
Iter 0018680: train nll 0.443, valid error 100.000%, best valid error 100.000%, avg grad norm   0.052, avg grad norm (post clip)   0.038, rho_Whh  0.17, Omega  0.00, alpha  0.000, steps in the past 0.000, valid nll 0.322
  [diag] log10|dL/dh_t| hist bins=60 range=(-12.50,-11.50) mean=-12.00 p50=-12.00 p05=-12.00 p95=-12.00
  [diag] sat-dist hist bins=60 sat<0.05=0.0% mean=0.923 p10=0.920 p90=0.926
  [diag] z-gate sat-dist hist bins=60 mean=0.122 p10=0.122 p90=0.122
  [diag] r-gate sat-dist hist bins=60 mean=0.498 p10=0.497 p90=0.498
Iter 0018700: train nll 0.369, valid error 100.000%, best valid error 100.000%, avg grad norm   0.043, avg grad norm (post clip)   0.037, rho_Whh  0.17, Omega  0.00, alpha  0.000, steps in the past 0.000, valid nll 0.322
  [diag] log10|dL/dh_t| hist bins=60 range=(-12.50,-11.50) mean=-12.00 p50=-12.00 p05=-12.00 p95=-12.00
  [diag] sat-dist hist bins=60 sat<0.05=0.0% mean=0.922 p10=0.920 p90=0.926
  [diag] z-gate sat-dist hist bins=60 mean=0.122 p10=0.122 p90=0.122
  [diag] r-gate sat-dist hist bins=60 mean=0.498 p10=0.497 p90=0.498
Iter 0018720: train nll 0.345, valid error 100.000%, best valid error 100.000%, avg grad norm   0.042, avg grad norm (post clip)   0.041, rho_Whh  0.17, Omega  0.00, alpha  0.000, steps in the past 0.000, valid nll 0.322
  [diag] log10|dL/dh_t| hist bins=60 range=(-12.50,-11.50) mean=-12.00 p50=-12.00 p05=-12.00 p95=-12.00
  [diag] sat-dist hist bins=60 sat<0.05=0.0% mean=0.923 p10=0.920 p90=0.926
  [diag] z-gate sat-dist hist bins=60 mean=0.122 p10=0.122 p90=0.122
  [diag] r-gate sat-dist hist bins=60 mean=0.498 p10=0.497 p90=0.498
Iter 0018740: train nll 0.416, valid error 100.000%, best valid error 100.000%, avg grad norm   0.037, avg grad norm (post clip)   0.033, rho_Whh  0.17, Omega  0.00, alpha  0.000, steps in the past 0.000, valid nll 0.322
  [diag] log10|dL/dh_t| hist bins=60 range=(-12.50,-11.50) mean=-12.00 p50=-12.00 p05=-12.00 p95=-12.00
  [diag] sat-dist hist bins=60 sat<0.05=0.0% mean=0.923 p10=0.920 p90=0.927
  [diag] z-gate sat-dist hist bins=60 mean=0.122 p10=0.122 p90=0.122
  [diag] r-gate sat-dist hist bins=60 mean=0.498 p10=0.497 p90=0.498
Iter 0018760: train nll 0.424, valid error 100.000%, best valid error 100.000%, avg grad norm   0.049, avg grad norm (post clip)   0.039, rho_Whh  0.17, Omega  0.00, alpha  0.000, steps in the past 0.000, valid nll 0.322
