Starting to train (PyTorch).
  [diag] log10|dL/dh_t| hist bins=60 range=(-12.50,-11.50) mean=-12.00 p50=-12.00 p05=-12.00 p95=-12.00
  [diag] sat-dist hist bins=60 sat<0.05=0.0% mean=0.995 p10=0.995 p90=0.996
  [diag] z-gate sat-dist hist bins=60 mean=0.119 p10=0.119 p90=0.119
  [diag] r-gate sat-dist hist bins=60 mean=0.499 p10=0.499 p90=0.499
Iter 0000020: train nll 0.093, valid error 035.230%, best valid error 100.000%, avg grad norm   0.432, avg grad norm (post clip)   0.000, rho_Whh  0.08, Omega  0.00, alpha  0.000, steps in the past 0.000, valid nll 0.074, valid mae 0.191, err@0.05 075.00%, err@0.10 049.86%, err@0.20 035.23%, maxae 0.902
  [diag] log10|dL/dh_t| hist bins=60 range=(-12.50,-11.50) mean=-12.00 p50=-12.00 p05=-12.00 p95=-12.00
  [diag] sat-dist hist bins=60 sat<0.05=0.0% mean=0.995 p10=0.995 p90=0.995
  [diag] z-gate sat-dist hist bins=60 mean=0.119 p10=0.119 p90=0.119
  [diag] r-gate sat-dist hist bins=60 mean=0.499 p10=0.499 p90=0.499
Iter 0000040: train nll 0.082, valid error 028.270%, best valid error 035.230%, avg grad norm   0.303, avg grad norm (post clip)   0.000, rho_Whh  0.08, Omega  0.00, alpha  0.000, steps in the past 0.000, valid nll 0.058, valid mae 0.175, err@0.05 080.95%, err@0.10 060.01%, err@0.20 028.27%, maxae 0.841
  [diag] log10|dL/dh_t| hist bins=60 range=(-12.50,-11.50) mean=-12.00 p50=-12.00 p05=-12.00 p95=-12.00
  [diag] sat-dist hist bins=60 sat<0.05=0.0% mean=0.995 p10=0.995 p90=0.995
  [diag] z-gate sat-dist hist bins=60 mean=0.119 p10=0.119 p90=0.119
  [diag] r-gate sat-dist hist bins=60 mean=0.499 p10=0.499 p90=0.499
Iter 0000060: train nll 0.056, valid error 024.250%, best valid error 028.270%, avg grad norm   0.184, avg grad norm (post clip)   0.000, rho_Whh  0.08, Omega  0.00, alpha  0.000, steps in the past 0.000, valid nll 0.052, valid mae 0.172, err@0.05 083.07%, err@0.10 065.53%, err@0.20 024.25%, maxae 0.804
  [diag] log10|dL/dh_t| hist bins=60 range=(-12.50,-11.50) mean=-12.00 p50=-12.00 p05=-12.00 p95=-12.00
  [diag] sat-dist hist bins=60 sat<0.05=0.0% mean=0.995 p10=0.995 p90=0.995
  [diag] z-gate sat-dist hist bins=60 mean=0.119 p10=0.119 p90=0.119
  [diag] r-gate sat-dist hist bins=60 mean=0.499 p10=0.499 p90=0.499
Iter 0000080: train nll 0.052, valid error 025.360%, best valid error 024.250%, avg grad norm   0.105, avg grad norm (post clip)   0.000, rho_Whh  0.08, Omega  0.00, alpha  0.000, steps in the past 0.000, valid nll 0.050, valid mae 0.173, err@0.05 083.97%, err@0.10 067.66%, err@0.20 025.36%, maxae 0.784
  [diag] log10|dL/dh_t| hist bins=60 range=(-12.50,-11.50) mean=-12.00 p50=-12.00 p05=-12.00 p95=-12.00
  [diag] sat-dist hist bins=60 sat<0.05=0.0% mean=0.995 p10=0.994 p90=0.995
  [diag] z-gate sat-dist hist bins=60 mean=0.119 p10=0.119 p90=0.119
  [diag] r-gate sat-dist hist bins=60 mean=0.499 p10=0.499 p90=0.499
Iter 0000100: train nll 0.049, valid error 029.620%, best valid error 024.250%, avg grad norm   0.075, avg grad norm (post clip)   0.000, rho_Whh  0.08, Omega  0.00, alpha  0.000, steps in the past 0.000, valid nll 0.049, valid mae 0.174, err@0.05 084.64%, err@0.10 068.67%, err@0.20 029.62%, maxae 0.772
  [diag] log10|dL/dh_t| hist bins=60 range=(-12.50,-11.50) mean=-12.00 p50=-12.00 p05=-12.00 p95=-12.00
  [diag] sat-dist hist bins=60 sat<0.05=0.0% mean=0.995 p10=0.994 p90=0.995
  [diag] z-gate sat-dist hist bins=60 mean=0.119 p10=0.119 p90=0.119
  [diag] r-gate sat-dist hist bins=60 mean=0.499 p10=0.499 p90=0.499
Iter 0000120: train nll 0.046, valid error 032.690%, best valid error 024.250%, avg grad norm   0.073, avg grad norm (post clip)   0.000, rho_Whh  0.08, Omega  0.00, alpha  0.000, steps in the past 0.000, valid nll 0.048, valid mae 0.175, err@0.05 085.02%, err@0.10 069.29%, err@0.20 032.69%, maxae 0.763
  [diag] log10|dL/dh_t| hist bins=60 range=(-12.50,-11.50) mean=-12.00 p50=-12.00 p05=-12.00 p95=-12.00
  [diag] sat-dist hist bins=60 sat<0.05=0.0% mean=0.995 p10=0.994 p90=0.995
  [diag] z-gate sat-dist hist bins=60 mean=0.119 p10=0.119 p90=0.119
  [diag] r-gate sat-dist hist bins=60 mean=0.499 p10=0.499 p90=0.499
Iter 0000140: train nll 0.045, valid error 034.500%, best valid error 024.250%, avg grad norm   0.068, avg grad norm (post clip)   0.000, rho_Whh  0.08, Omega  0.00, alpha  0.000, steps in the past 0.000, valid nll 0.048, valid mae 0.176, err@0.05 085.46%, err@0.10 070.09%, err@0.20 034.50%, maxae 0.756
  [diag] log10|dL/dh_t| hist bins=60 range=(-12.50,-11.50) mean=-12.00 p50=-12.00 p05=-12.00 p95=-12.00
  [diag] sat-dist hist bins=60 sat<0.05=0.0% mean=0.995 p10=0.994 p90=0.995
  [diag] z-gate sat-dist hist bins=60 mean=0.119 p10=0.119 p90=0.119
  [diag] r-gate sat-dist hist bins=60 mean=0.499 p10=0.499 p90=0.499
Iter 0000160: train nll 0.048, valid error 035.090%, best valid error 024.250%, avg grad norm   0.089, avg grad norm (post clip)   0.000, rho_Whh  0.08, Omega  0.00, alpha  0.000, steps in the past 0.000, valid nll 0.048, valid mae 0.176, err@0.05 085.44%, err@0.10 070.28%, err@0.20 035.09%, maxae 0.754
  [diag] log10|dL/dh_t| hist bins=60 range=(-12.50,-11.50) mean=-12.00 p50=-12.00 p05=-12.00 p95=-12.00
  [diag] sat-dist hist bins=60 sat<0.05=0.0% mean=0.995 p10=0.994 p90=0.995
  [diag] z-gate sat-dist hist bins=60 mean=0.119 p10=0.119 p90=0.119
  [diag] r-gate sat-dist hist bins=60 mean=0.499 p10=0.499 p90=0.499
Iter 0000180: train nll 0.047, valid error 036.310%, best valid error 024.250%, avg grad norm   0.089, avg grad norm (post clip)   0.000, rho_Whh  0.08, Omega  0.00, alpha  0.000, steps in the past 0.000, valid nll 0.048, valid mae 0.177, err@0.05 085.71%, err@0.10 070.80%, err@0.20 036.31%, maxae 0.749
  [diag] log10|dL/dh_t| hist bins=60 range=(-12.50,-11.50) mean=-12.00 p50=-12.00 p05=-12.00 p95=-12.00
  [diag] sat-dist hist bins=60 sat<0.05=0.0% mean=0.995 p10=0.994 p90=0.995
  [diag] z-gate sat-dist hist bins=60 mean=0.119 p10=0.119 p90=0.119
  [diag] r-gate sat-dist hist bins=60 mean=0.499 p10=0.499 p90=0.499
Iter 0000200: train nll 0.051, valid error 038.350%, best valid error 024.250%, avg grad norm   0.096, avg grad norm (post clip)   0.000, rho_Whh  0.08, Omega  0.00, alpha  0.000, steps in the past 0.000, valid nll 0.048, valid mae 0.179, err@0.05 085.88%, err@0.10 071.54%, err@0.20 038.35%, maxae 0.740
  [diag] log10|dL/dh_t| hist bins=60 range=(-12.50,-11.50) mean=-12.00 p50=-12.00 p05=-12.00 p95=-12.00
  [diag] sat-dist hist bins=60 sat<0.05=0.0% mean=0.995 p10=0.994 p90=0.995
  [diag] z-gate sat-dist hist bins=60 mean=0.119 p10=0.119 p90=0.119
  [diag] r-gate sat-dist hist bins=60 mean=0.499 p10=0.499 p90=0.499
Iter 0000220: train nll 0.052, valid error 038.760%, best valid error 024.250%, avg grad norm   0.101, avg grad norm (post clip)   0.000, rho_Whh  0.08, Omega  0.00, alpha  0.000, steps in the past 0.000, valid nll 0.048, valid mae 0.179, err@0.05 086.04%, err@0.10 071.56%, err@0.20 038.76%, maxae 0.738
  [diag] log10|dL/dh_t| hist bins=60 range=(-12.50,-11.50) mean=-12.00 p50=-12.00 p05=-12.00 p95=-12.00
  [diag] sat-dist hist bins=60 sat<0.05=0.0% mean=0.995 p10=0.994 p90=0.995
  [diag] z-gate sat-dist hist bins=60 mean=0.119 p10=0.119 p90=0.119
  [diag] r-gate sat-dist hist bins=60 mean=0.499 p10=0.499 p90=0.499
Iter 0000240: train nll 0.050, valid error 038.290%, best valid error 024.250%, avg grad norm   0.068, avg grad norm (post clip)   0.000, rho_Whh  0.08, Omega  0.00, alpha  0.000, steps in the past 0.000, valid nll 0.048, valid mae 0.179, err@0.05 085.91%, err@0.10 071.52%, err@0.20 038.29%, maxae 0.740
  [diag] log10|dL/dh_t| hist bins=60 range=(-12.50,-11.50) mean=-12.00 p50=-12.00 p05=-12.00 p95=-12.00
  [diag] sat-dist hist bins=60 sat<0.05=0.0% mean=0.995 p10=0.994 p90=0.995
  [diag] z-gate sat-dist hist bins=60 mean=0.119 p10=0.119 p90=0.119
  [diag] r-gate sat-dist hist bins=60 mean=0.499 p10=0.499 p90=0.499
Iter 0000260: train nll 0.060, valid error 039.370%, best valid error 024.250%, avg grad norm   0.101, avg grad norm (post clip)   0.000, rho_Whh  0.08, Omega  0.00, alpha  0.000, steps in the past 0.000, valid nll 0.048, valid mae 0.180, err@0.05 086.29%, err@0.10 071.87%, err@0.20 039.37%, maxae 0.735
  [diag] log10|dL/dh_t| hist bins=60 range=(-12.50,-11.50) mean=-12.00 p50=-12.00 p05=-12.00 p95=-12.00
  [diag] sat-dist hist bins=60 sat<0.05=0.0% mean=0.994 p10=0.994 p90=0.995
  [diag] z-gate sat-dist hist bins=60 mean=0.119 p10=0.119 p90=0.119
  [diag] r-gate sat-dist hist bins=60 mean=0.499 p10=0.499 p90=0.499
Iter 0000280: train nll 0.054, valid error 040.280%, best valid error 024.250%, avg grad norm   0.083, avg grad norm (post clip)   0.000, rho_Whh  0.08, Omega  0.00, alpha  0.000, steps in the past 0.000, valid nll 0.048, valid mae 0.180, err@0.05 086.31%, err@0.10 072.10%, err@0.20 040.28%, maxae 0.731
  [diag] log10|dL/dh_t| hist bins=60 range=(-12.50,-11.50) mean=-12.00 p50=-12.00 p05=-12.00 p95=-12.00
  [diag] sat-dist hist bins=60 sat<0.05=0.0% mean=0.994 p10=0.994 p90=0.995
  [diag] z-gate sat-dist hist bins=60 mean=0.119 p10=0.119 p90=0.119
  [diag] r-gate sat-dist hist bins=60 mean=0.499 p10=0.499 p90=0.499
Iter 0000300: train nll 0.050, valid error 039.440%, best valid error 024.250%, avg grad norm   0.062, avg grad norm (post clip)   0.000, rho_Whh  0.08, Omega  0.00, alpha  0.000, steps in the past 0.000, valid nll 0.048, valid mae 0.180, err@0.05 086.29%, err@0.10 071.90%, err@0.20 039.44%, maxae 0.735
  [diag] log10|dL/dh_t| hist bins=60 range=(-12.50,-11.50) mean=-12.00 p50=-12.00 p05=-12.00 p95=-12.00
  [diag] sat-dist hist bins=60 sat<0.05=0.0% mean=0.995 p10=0.994 p90=0.995
  [diag] z-gate sat-dist hist bins=60 mean=0.119 p10=0.119 p90=0.119
  [diag] r-gate sat-dist hist bins=60 mean=0.499 p10=0.499 p90=0.499
Iter 0000320: train nll 0.051, valid error 039.330%, best valid error 024.250%, avg grad norm   0.103, avg grad norm (post clip)   0.000, rho_Whh  0.08, Omega  0.00, alpha  0.000, steps in the past 0.000, valid nll 0.048, valid mae 0.180, err@0.05 086.26%, err@0.10 071.77%, err@0.20 039.33%, maxae 0.735
  [diag] log10|dL/dh_t| hist bins=60 range=(-12.50,-11.50) mean=-12.00 p50=-12.00 p05=-12.00 p95=-12.00
  [diag] sat-dist hist bins=60 sat<0.05=0.0% mean=0.995 p10=0.994 p90=0.995
  [diag] z-gate sat-dist hist bins=60 mean=0.119 p10=0.119 p90=0.119
  [diag] r-gate sat-dist hist bins=60 mean=0.499 p10=0.499 p90=0.499
Iter 0000340: train nll 0.041, valid error 038.540%, best valid error 024.250%, avg grad norm   0.080, avg grad norm (post clip)   0.000, rho_Whh  0.08, Omega  0.00, alpha  0.000, steps in the past 0.000, valid nll 0.048, valid mae 0.179, err@0.05 085.98%, err@0.10 071.59%, err@0.20 038.54%, maxae 0.739
  [diag] log10|dL/dh_t| hist bins=60 range=(-12.50,-11.50) mean=-12.00 p50=-12.00 p05=-12.00 p95=-12.00
  [diag] sat-dist hist bins=60 sat<0.05=0.0% mean=0.995 p10=0.994 p90=0.995
  [diag] z-gate sat-dist hist bins=60 mean=0.119 p10=0.119 p90=0.119
  [diag] r-gate sat-dist hist bins=60 mean=0.499 p10=0.499 p90=0.499
Iter 0000360: train nll 0.050, valid error 038.350%, best valid error 024.250%, avg grad norm   0.072, avg grad norm (post clip)   0.000, rho_Whh  0.08, Omega  0.00, alpha  0.000, steps in the past 0.000, valid nll 0.048, valid mae 0.179, err@0.05 085.92%, err@0.10 071.51%, err@0.20 038.35%, maxae 0.740
  [diag] log10|dL/dh_t| hist bins=60 range=(-12.50,-11.50) mean=-12.00 p50=-12.00 p05=-12.00 p95=-12.00
  [diag] sat-dist hist bins=60 sat<0.05=0.0% mean=0.995 p10=0.994 p90=0.995
  [diag] z-gate sat-dist hist bins=60 mean=0.119 p10=0.119 p90=0.119
  [diag] r-gate sat-dist hist bins=60 mean=0.499 p10=0.499 p90=0.499
Iter 0000380: train nll 0.048, valid error 036.920%, best valid error 024.250%, avg grad norm   0.095, avg grad norm (post clip)   0.000, rho_Whh  0.08, Omega  0.00, alpha  0.000, steps in the past 0.000, valid nll 0.048, valid mae 0.177, err@0.05 085.79%, err@0.10 070.99%, err@0.20 036.92%, maxae 0.746
  [diag] log10|dL/dh_t| hist bins=60 range=(-12.50,-11.50) mean=-12.00 p50=-12.00 p05=-12.00 p95=-12.00
  [diag] sat-dist hist bins=60 sat<0.05=0.0% mean=0.995 p10=0.994 p90=0.995
  [diag] z-gate sat-dist hist bins=60 mean=0.119 p10=0.119 p90=0.119
  [diag] r-gate sat-dist hist bins=60 mean=0.499 p10=0.499 p90=0.499
Iter 0000400: train nll 0.046, valid error 036.860%, best valid error 024.250%, avg grad norm   0.051, avg grad norm (post clip)   0.000, rho_Whh  0.08, Omega  0.00, alpha  0.000, steps in the past 0.000, valid nll 0.048, valid mae 0.177, err@0.05 085.75%, err@0.10 070.93%, err@0.20 036.86%, maxae 0.747
  [diag] log10|dL/dh_t| hist bins=60 range=(-12.50,-11.50) mean=-12.00 p50=-12.00 p05=-12.00 p95=-12.00
  [diag] sat-dist hist bins=60 sat<0.05=0.0% mean=0.995 p10=0.994 p90=0.995
  [diag] z-gate sat-dist hist bins=60 mean=0.119 p10=0.119 p90=0.119
  [diag] r-gate sat-dist hist bins=60 mean=0.499 p10=0.499 p90=0.499
Iter 0000420: train nll 0.045, valid error 036.770%, best valid error 024.250%, avg grad norm   0.089, avg grad norm (post clip)   0.000, rho_Whh  0.08, Omega  0.00, alpha  0.000, steps in the past 0.000, valid nll 0.048, valid mae 0.177, err@0.05 085.71%, err@0.10 070.92%, err@0.20 036.77%, maxae 0.747
  [diag] log10|dL/dh_t| hist bins=60 range=(-12.50,-11.50) mean=-12.00 p50=-12.00 p05=-12.00 p95=-12.00
  [diag] sat-dist hist bins=60 sat<0.05=0.0% mean=0.995 p10=0.994 p90=0.995
  [diag] z-gate sat-dist hist bins=60 mean=0.119 p10=0.119 p90=0.119
  [diag] r-gate sat-dist hist bins=60 mean=0.499 p10=0.499 p90=0.499
Iter 0000440: train nll 0.056, valid error 037.960%, best valid error 024.250%, avg grad norm   0.089, avg grad norm (post clip)   0.000, rho_Whh  0.08, Omega  0.00, alpha  0.000, steps in the past 0.000, valid nll 0.048, valid mae 0.178, err@0.05 085.88%, err@0.10 071.43%, err@0.20 037.96%, maxae 0.742
  [diag] log10|dL/dh_t| hist bins=60 range=(-12.50,-11.50) mean=-12.00 p50=-12.00 p05=-12.00 p95=-12.00
  [diag] sat-dist hist bins=60 sat<0.05=0.0% mean=0.995 p10=0.994 p90=0.995
  [diag] z-gate sat-dist hist bins=60 mean=0.119 p10=0.119 p90=0.119
  [diag] r-gate sat-dist hist bins=60 mean=0.499 p10=0.499 p90=0.499
Iter 0000460: train nll 0.042, valid error 037.470%, best valid error 024.250%, avg grad norm   0.075, avg grad norm (post clip)   0.000, rho_Whh  0.08, Omega  0.00, alpha  0.000, steps in the past 0.000, valid nll 0.048, valid mae 0.178, err@0.05 085.91%, err@0.10 071.19%, err@0.20 037.47%, maxae 0.744
  [diag] log10|dL/dh_t| hist bins=60 range=(-12.50,-11.50) mean=-12.00 p50=-12.00 p05=-12.00 p95=-12.00
  [diag] sat-dist hist bins=60 sat<0.05=0.0% mean=0.995 p10=0.994 p90=0.995
  [diag] z-gate sat-dist hist bins=60 mean=0.119 p10=0.119 p90=0.119
  [diag] r-gate sat-dist hist bins=60 mean=0.499 p10=0.499 p90=0.499
Iter 0000480: train nll 0.043, valid error 036.650%, best valid error 024.250%, avg grad norm   0.063, avg grad norm (post clip)   0.000, rho_Whh  0.08, Omega  0.00, alpha  0.000, steps in the past 0.000, valid nll 0.048, valid mae 0.177, err@0.05 085.71%, err@0.10 070.83%, err@0.20 036.65%, maxae 0.747
  [diag] log10|dL/dh_t| hist bins=60 range=(-12.50,-11.50) mean=-12.00 p50=-12.00 p05=-12.00 p95=-12.00
  [diag] sat-dist hist bins=60 sat<0.05=0.0% mean=0.995 p10=0.994 p90=0.995
  [diag] z-gate sat-dist hist bins=60 mean=0.119 p10=0.119 p90=0.119
  [diag] r-gate sat-dist hist bins=60 mean=0.499 p10=0.499 p90=0.499
Iter 0000500: train nll 0.048, valid error 037.690%, best valid error 024.250%, avg grad norm   0.087, avg grad norm (post clip)   0.000, rho_Whh  0.08, Omega  0.00, alpha  0.000, steps in the past 0.000, valid nll 0.048, valid mae 0.178, err@0.05 085.92%, err@0.10 071.23%, err@0.20 037.69%, maxae 0.743
  [diag] log10|dL/dh_t| hist bins=60 range=(-12.50,-11.50) mean=-12.00 p50=-12.00 p05=-12.00 p95=-12.00
  [diag] sat-dist hist bins=60 sat<0.05=0.0% mean=0.995 p10=0.994 p90=0.995
  [diag] z-gate sat-dist hist bins=60 mean=0.119 p10=0.119 p90=0.119
  [diag] r-gate sat-dist hist bins=60 mean=0.499 p10=0.499 p90=0.499
Iter 0000520: train nll 0.050, valid error 037.370%, best valid error 024.250%, avg grad norm   0.082, avg grad norm (post clip)   0.000, rho_Whh  0.08, Omega  0.00, alpha  0.000, steps in the past 0.000, valid nll 0.048, valid mae 0.178, err@0.05 085.86%, err@0.10 071.13%, err@0.20 037.37%, maxae 0.745
  [diag] log10|dL/dh_t| hist bins=60 range=(-12.50,-11.50) mean=-12.00 p50=-12.00 p05=-12.00 p95=-12.00
  [diag] sat-dist hist bins=60 sat<0.05=0.0% mean=0.995 p10=0.994 p90=0.995
  [diag] z-gate sat-dist hist bins=60 mean=0.119 p10=0.119 p90=0.119
  [diag] r-gate sat-dist hist bins=60 mean=0.499 p10=0.499 p90=0.499
Iter 0000540: train nll 0.048, valid error 037.210%, best valid error 024.250%, avg grad norm   0.073, avg grad norm (post clip)   0.000, rho_Whh  0.08, Omega  0.00, alpha  0.000, steps in the past 0.000, valid nll 0.048, valid mae 0.178, err@0.05 085.82%, err@0.10 071.07%, err@0.20 037.21%, maxae 0.745
  [diag] log10|dL/dh_t| hist bins=60 range=(-12.50,-11.50) mean=-12.00 p50=-12.00 p05=-12.00 p95=-12.00
  [diag] sat-dist hist bins=60 sat<0.05=0.0% mean=0.995 p10=0.994 p90=0.995
  [diag] z-gate sat-dist hist bins=60 mean=0.119 p10=0.119 p90=0.119
  [diag] r-gate sat-dist hist bins=60 mean=0.499 p10=0.499 p90=0.499
Iter 0000560: train nll 0.047, valid error 037.440%, best valid error 024.250%, avg grad norm   0.082, avg grad norm (post clip)   0.000, rho_Whh  0.08, Omega  0.00, alpha  0.000, steps in the past 0.000, valid nll 0.048, valid mae 0.178, err@0.05 085.91%, err@0.10 071.16%, err@0.20 037.44%, maxae 0.744
  [diag] log10|dL/dh_t| hist bins=60 range=(-12.50,-11.50) mean=-12.00 p50=-12.00 p05=-12.00 p95=-12.00
  [diag] sat-dist hist bins=60 sat<0.05=0.0% mean=0.995 p10=0.994 p90=0.995
  [diag] z-gate sat-dist hist bins=60 mean=0.119 p10=0.119 p90=0.119
  [diag] r-gate sat-dist hist bins=60 mean=0.499 p10=0.499 p90=0.499
Iter 0000580: train nll 0.051, valid error 037.180%, best valid error 024.250%, avg grad norm   0.055, avg grad norm (post clip)   0.000, rho_Whh  0.08, Omega  0.00, alpha  0.000, steps in the past 0.000, valid nll 0.048, valid mae 0.178, err@0.05 085.81%, err@0.10 071.03%, err@0.20 037.18%, maxae 0.745
  [diag] log10|dL/dh_t| hist bins=60 range=(-12.50,-11.50) mean=-12.00 p50=-12.00 p05=-12.00 p95=-12.00
  [diag] sat-dist hist bins=60 sat<0.05=0.0% mean=0.995 p10=0.994 p90=0.995
  [diag] z-gate sat-dist hist bins=60 mean=0.119 p10=0.119 p90=0.119
  [diag] r-gate sat-dist hist bins=60 mean=0.499 p10=0.499 p90=0.499
Iter 0000600: train nll 0.052, valid error 038.090%, best valid error 024.250%, avg grad norm   0.085, avg grad norm (post clip)   0.000, rho_Whh  0.08, Omega  0.00, alpha  0.000, steps in the past 0.000, valid nll 0.048, valid mae 0.178, err@0.05 085.91%, err@0.10 071.50%, err@0.20 038.09%, maxae 0.741
  [diag] log10|dL/dh_t| hist bins=60 range=(-12.50,-11.50) mean=-12.00 p50=-12.00 p05=-12.00 p95=-12.00
  [diag] sat-dist hist bins=60 sat<0.05=0.0% mean=0.995 p10=0.994 p90=0.995
  [diag] z-gate sat-dist hist bins=60 mean=0.119 p10=0.119 p90=0.119
  [diag] r-gate sat-dist hist bins=60 mean=0.499 p10=0.499 p90=0.499
Iter 0000620: train nll 0.054, valid error 038.810%, best valid error 024.250%, avg grad norm   0.104, avg grad norm (post clip)   0.000, rho_Whh  0.08, Omega  0.00, alpha  0.000, steps in the past 0.000, valid nll 0.048, valid mae 0.179, err@0.05 086.09%, err@0.10 071.62%, err@0.20 038.81%, maxae 0.738
  [diag] log10|dL/dh_t| hist bins=60 range=(-12.50,-11.50) mean=-12.00 p50=-12.00 p05=-12.00 p95=-12.00
  [diag] sat-dist hist bins=60 sat<0.05=0.0% mean=0.994 p10=0.994 p90=0.995
  [diag] z-gate sat-dist hist bins=60 mean=0.119 p10=0.119 p90=0.119
  [diag] r-gate sat-dist hist bins=60 mean=0.499 p10=0.499 p90=0.499
Iter 0000640: train nll 0.056, valid error 040.580%, best valid error 024.250%, avg grad norm   0.074, avg grad norm (post clip)   0.000, rho_Whh  0.08, Omega  0.00, alpha  0.000, steps in the past 0.000, valid nll 0.048, valid mae 0.181, err@0.05 086.50%, err@0.10 072.23%, err@0.20 040.58%, maxae 0.729
  [diag] log10|dL/dh_t| hist bins=60 range=(-12.50,-11.50) mean=-12.00 p50=-12.00 p05=-12.00 p95=-12.00
  [diag] sat-dist hist bins=60 sat<0.05=0.0% mean=0.994 p10=0.994 p90=0.995
  [diag] z-gate sat-dist hist bins=60 mean=0.119 p10=0.119 p90=0.119
  [diag] r-gate sat-dist hist bins=60 mean=0.499 p10=0.499 p90=0.499
Iter 0000660: train nll 0.053, valid error 039.720%, best valid error 024.250%, avg grad norm   0.077, avg grad norm (post clip)   0.000, rho_Whh  0.08, Omega  0.00, alpha  0.000, steps in the past 0.000, valid nll 0.048, valid mae 0.180, err@0.05 086.34%, err@0.10 072.00%, err@0.20 039.72%, maxae 0.733
  [diag] log10|dL/dh_t| hist bins=60 range=(-12.50,-11.50) mean=-12.00 p50=-12.00 p05=-12.00 p95=-12.00
  [diag] sat-dist hist bins=60 sat<0.05=0.0% mean=0.995 p10=0.994 p90=0.995
  [diag] z-gate sat-dist hist bins=60 mean=0.119 p10=0.119 p90=0.119
  [diag] r-gate sat-dist hist bins=60 mean=0.499 p10=0.499 p90=0.499
Iter 0000680: train nll 0.042, valid error 037.890%, best valid error 024.250%, avg grad norm   0.081, avg grad norm (post clip)   0.000, rho_Whh  0.08, Omega  0.00, alpha  0.000, steps in the past 0.000, valid nll 0.048, valid mae 0.178, err@0.05 085.91%, err@0.10 071.37%, err@0.20 037.89%, maxae 0.742
  [diag] log10|dL/dh_t| hist bins=60 range=(-12.50,-11.50) mean=-12.00 p50=-12.00 p05=-12.00 p95=-12.00
  [diag] sat-dist hist bins=60 sat<0.05=0.0% mean=0.995 p10=0.994 p90=0.995
  [diag] z-gate sat-dist hist bins=60 mean=0.119 p10=0.119 p90=0.119
  [diag] r-gate sat-dist hist bins=60 mean=0.499 p10=0.499 p90=0.499
Iter 0000700: train nll 0.041, valid error 036.000%, best valid error 024.250%, avg grad norm   0.068, avg grad norm (post clip)   0.000, rho_Whh  0.08, Omega  0.00, alpha  0.000, steps in the past 0.000, valid nll 0.048, valid mae 0.177, err@0.05 085.57%, err@0.10 070.67%, err@0.20 036.00%, maxae 0.750
  [diag] log10|dL/dh_t| hist bins=60 range=(-12.50,-11.50) mean=-12.00 p50=-12.00 p05=-12.00 p95=-12.00
  [diag] sat-dist hist bins=60 sat<0.05=0.0% mean=0.995 p10=0.994 p90=0.995
  [diag] z-gate sat-dist hist bins=60 mean=0.119 p10=0.119 p90=0.119
  [diag] r-gate sat-dist hist bins=60 mean=0.499 p10=0.499 p90=0.499
Iter 0000720: train nll 0.047, valid error 035.060%, best valid error 024.250%, avg grad norm   0.089, avg grad norm (post clip)   0.000, rho_Whh  0.08, Omega  0.00, alpha  0.000, steps in the past 0.000, valid nll 0.048, valid mae 0.176, err@0.05 085.44%, err@0.10 070.31%, err@0.20 035.06%, maxae 0.754
  [diag] log10|dL/dh_t| hist bins=60 range=(-12.50,-11.50) mean=-12.00 p50=-12.00 p05=-12.00 p95=-12.00
  [diag] sat-dist hist bins=60 sat<0.05=0.0% mean=0.995 p10=0.994 p90=0.995
  [diag] z-gate sat-dist hist bins=60 mean=0.119 p10=0.119 p90=0.119
  [diag] r-gate sat-dist hist bins=60 mean=0.499 p10=0.499 p90=0.499
Iter 0000740: train nll 0.054, valid error 035.630%, best valid error 024.250%, avg grad norm   0.096, avg grad norm (post clip)   0.000, rho_Whh  0.08, Omega  0.00, alpha  0.000, steps in the past 0.000, valid nll 0.048, valid mae 0.177, err@0.05 085.40%, err@0.10 070.51%, err@0.20 035.63%, maxae 0.752
  [diag] log10|dL/dh_t| hist bins=60 range=(-12.50,-11.50) mean=-12.00 p50=-12.00 p05=-12.00 p95=-12.00
  [diag] sat-dist hist bins=60 sat<0.05=0.0% mean=0.995 p10=0.994 p90=0.995
  [diag] z-gate sat-dist hist bins=60 mean=0.119 p10=0.119 p90=0.119
  [diag] r-gate sat-dist hist bins=60 mean=0.499 p10=0.499 p90=0.499
Iter 0000760: train nll 0.047, valid error 035.100%, best valid error 024.250%, avg grad norm   0.114, avg grad norm (post clip)   0.000, rho_Whh  0.08, Omega  0.00, alpha  0.000, steps in the past 0.000, valid nll 0.048, valid mae 0.176, err@0.05 085.43%, err@0.10 070.28%, err@0.20 035.10%, maxae 0.754
  [diag] log10|dL/dh_t| hist bins=60 range=(-12.50,-11.50) mean=-12.00 p50=-12.00 p05=-12.00 p95=-12.00
  [diag] sat-dist hist bins=60 sat<0.05=0.0% mean=0.995 p10=0.994 p90=0.995
  [diag] z-gate sat-dist hist bins=60 mean=0.119 p10=0.119 p90=0.119
  [diag] r-gate sat-dist hist bins=60 mean=0.499 p10=0.499 p90=0.499
Iter 0000780: train nll 0.050, valid error 037.310%, best valid error 024.250%, avg grad norm   0.074, avg grad norm (post clip)   0.000, rho_Whh  0.08, Omega  0.00, alpha  0.000, steps in the past 0.000, valid nll 0.048, valid mae 0.178, err@0.05 085.85%, err@0.10 071.11%, err@0.20 037.31%, maxae 0.745
  [diag] log10|dL/dh_t| hist bins=60 range=(-12.50,-11.50) mean=-12.00 p50=-12.00 p05=-12.00 p95=-12.00
  [diag] sat-dist hist bins=60 sat<0.05=0.0% mean=0.994 p10=0.994 p90=0.995
  [diag] z-gate sat-dist hist bins=60 mean=0.119 p10=0.119 p90=0.119
  [diag] r-gate sat-dist hist bins=60 mean=0.499 p10=0.499 p90=0.499
Iter 0000800: train nll 0.055, valid error 039.520%, best valid error 024.250%, avg grad norm   0.081, avg grad norm (post clip)   0.000, rho_Whh  0.08, Omega  0.00, alpha  0.000, steps in the past 0.000, valid nll 0.048, valid mae 0.180, err@0.05 086.34%, err@0.10 071.92%, err@0.20 039.52%, maxae 0.734
  [diag] log10|dL/dh_t| hist bins=60 range=(-12.50,-11.50) mean=-12.00 p50=-12.00 p05=-12.00 p95=-12.00
  [diag] sat-dist hist bins=60 sat<0.05=0.0% mean=0.995 p10=0.994 p90=0.995
  [diag] z-gate sat-dist hist bins=60 mean=0.119 p10=0.119 p90=0.119
  [diag] r-gate sat-dist hist bins=60 mean=0.499 p10=0.499 p90=0.499
Iter 0000820: train nll 0.050, valid error 038.810%, best valid error 024.250%, avg grad norm   0.081, avg grad norm (post clip)   0.000, rho_Whh  0.08, Omega  0.00, alpha  0.000, steps in the past 0.000, valid nll 0.048, valid mae 0.179, err@0.05 086.09%, err@0.10 071.61%, err@0.20 038.81%, maxae 0.738
  [diag] log10|dL/dh_t| hist bins=60 range=(-12.50,-11.50) mean=-12.00 p50=-12.00 p05=-12.00 p95=-12.00
  [diag] sat-dist hist bins=60 sat<0.05=0.0% mean=0.995 p10=0.994 p90=0.995
  [diag] z-gate sat-dist hist bins=60 mean=0.119 p10=0.119 p90=0.119
  [diag] r-gate sat-dist hist bins=60 mean=0.499 p10=0.499 p90=0.499
Iter 0000840: train nll 0.050, valid error 037.880%, best valid error 024.250%, avg grad norm   0.101, avg grad norm (post clip)   0.000, rho_Whh  0.08, Omega  0.00, alpha  0.000, steps in the past 0.000, valid nll 0.048, valid mae 0.178, err@0.05 085.92%, err@0.10 071.33%, err@0.20 037.88%, maxae 0.742
  [diag] log10|dL/dh_t| hist bins=60 range=(-12.50,-11.50) mean=-12.00 p50=-12.00 p05=-12.00 p95=-12.00
  [diag] sat-dist hist bins=60 sat<0.05=0.0% mean=0.995 p10=0.994 p90=0.995
  [diag] z-gate sat-dist hist bins=60 mean=0.119 p10=0.119 p90=0.119
  [diag] r-gate sat-dist hist bins=60 mean=0.499 p10=0.499 p90=0.499
Iter 0000860: train nll 0.045, valid error 036.750%, best valid error 024.250%, avg grad norm   0.078, avg grad norm (post clip)   0.000, rho_Whh  0.08, Omega  0.00, alpha  0.000, steps in the past 0.000, valid nll 0.048, valid mae 0.177, err@0.05 085.70%, err@0.10 070.91%, err@0.20 036.75%, maxae 0.747
  [diag] log10|dL/dh_t| hist bins=60 range=(-12.50,-11.50) mean=-12.00 p50=-12.00 p05=-12.00 p95=-12.00
  [diag] sat-dist hist bins=60 sat<0.05=0.0% mean=0.995 p10=0.994 p90=0.995
  [diag] z-gate sat-dist hist bins=60 mean=0.119 p10=0.119 p90=0.119
  [diag] r-gate sat-dist hist bins=60 mean=0.499 p10=0.499 p90=0.499
Iter 0000880: train nll 0.042, valid error 036.820%, best valid error 024.250%, avg grad norm   0.050, avg grad norm (post clip)   0.000, rho_Whh  0.08, Omega  0.00, alpha  0.000, steps in the past 0.000, valid nll 0.048, valid mae 0.177, err@0.05 085.75%, err@0.10 070.91%, err@0.20 036.82%, maxae 0.747
  [diag] log10|dL/dh_t| hist bins=60 range=(-12.50,-11.50) mean=-12.00 p50=-12.00 p05=-12.00 p95=-12.00
  [diag] sat-dist hist bins=60 sat<0.05=0.0% mean=0.995 p10=0.994 p90=0.995
  [diag] z-gate sat-dist hist bins=60 mean=0.119 p10=0.119 p90=0.119
  [diag] r-gate sat-dist hist bins=60 mean=0.499 p10=0.499 p90=0.499
Iter 0000900: train nll 0.054, valid error 037.870%, best valid error 024.250%, avg grad norm   0.086, avg grad norm (post clip)   0.000, rho_Whh  0.08, Omega  0.00, alpha  0.000, steps in the past 0.000, valid nll 0.048, valid mae 0.178, err@0.05 085.91%, err@0.10 071.36%, err@0.20 037.87%, maxae 0.742
  [diag] log10|dL/dh_t| hist bins=60 range=(-12.50,-11.50) mean=-12.00 p50=-12.00 p05=-12.00 p95=-12.00
  [diag] sat-dist hist bins=60 sat<0.05=0.0% mean=0.995 p10=0.994 p90=0.995
  [diag] z-gate sat-dist hist bins=60 mean=0.119 p10=0.119 p90=0.119
  [diag] r-gate sat-dist hist bins=60 mean=0.499 p10=0.499 p90=0.499
Iter 0000920: train nll 0.050, valid error 037.550%, best valid error 024.250%, avg grad norm   0.068, avg grad norm (post clip)   0.000, rho_Whh  0.08, Omega  0.00, alpha  0.000, steps in the past 0.000, valid nll 0.048, valid mae 0.178, err@0.05 085.88%, err@0.10 071.20%, err@0.20 037.55%, maxae 0.744
  [diag] log10|dL/dh_t| hist bins=60 range=(-12.50,-11.50) mean=-12.00 p50=-12.00 p05=-12.00 p95=-12.00
  [diag] sat-dist hist bins=60 sat<0.05=0.0% mean=0.995 p10=0.994 p90=0.995
  [diag] z-gate sat-dist hist bins=60 mean=0.119 p10=0.119 p90=0.119
  [diag] r-gate sat-dist hist bins=60 mean=0.499 p10=0.499 p90=0.499
Iter 0000940: train nll 0.048, valid error 038.080%, best valid error 024.250%, avg grad norm   0.094, avg grad norm (post clip)   0.000, rho_Whh  0.08, Omega  0.00, alpha  0.000, steps in the past 0.000, valid nll 0.048, valid mae 0.178, err@0.05 085.91%, err@0.10 071.50%, err@0.20 038.08%, maxae 0.741
  [diag] log10|dL/dh_t| hist bins=60 range=(-12.50,-11.50) mean=-12.00 p50=-12.00 p05=-12.00 p95=-12.00
  [diag] sat-dist hist bins=60 sat<0.05=0.0% mean=0.995 p10=0.994 p90=0.995
  [diag] z-gate sat-dist hist bins=60 mean=0.119 p10=0.119 p90=0.119
  [diag] r-gate sat-dist hist bins=60 mean=0.499 p10=0.499 p90=0.499
Iter 0000960: train nll 0.047, valid error 038.320%, best valid error 024.250%, avg grad norm   0.086, avg grad norm (post clip)   0.000, rho_Whh  0.08, Omega  0.00, alpha  0.000, steps in the past 0.000, valid nll 0.048, valid mae 0.179, err@0.05 085.92%, err@0.10 071.50%, err@0.20 038.32%, maxae 0.740
  [diag] log10|dL/dh_t| hist bins=60 range=(-12.50,-11.50) mean=-12.00 p50=-12.00 p05=-12.00 p95=-12.00
  [diag] sat-dist hist bins=60 sat<0.05=0.0% mean=0.995 p10=0.994 p90=0.995
  [diag] z-gate sat-dist hist bins=60 mean=0.119 p10=0.119 p90=0.119
  [diag] r-gate sat-dist hist bins=60 mean=0.499 p10=0.499 p90=0.499
Iter 0000980: train nll 0.053, valid error 039.050%, best valid error 024.250%, avg grad norm   0.088, avg grad norm (post clip)   0.000, rho_Whh  0.08, Omega  0.00, alpha  0.000, steps in the past 0.000, valid nll 0.048, valid mae 0.179, err@0.05 086.19%, err@0.10 071.66%, err@0.20 039.05%, maxae 0.737
  [diag] log10|dL/dh_t| hist bins=60 range=(-12.50,-11.50) mean=-12.00 p50=-12.00 p05=-12.00 p95=-12.00
  [diag] sat-dist hist bins=60 sat<0.05=0.0% mean=0.995 p10=0.994 p90=0.995
  [diag] z-gate sat-dist hist bins=60 mean=0.119 p10=0.119 p90=0.119
  [diag] r-gate sat-dist hist bins=60 mean=0.499 p10=0.499 p90=0.499
Iter 0001000: train nll 0.041, valid error 038.900%, best valid error 024.250%, avg grad norm   0.064, avg grad norm (post clip)   0.000, rho_Whh  0.08, Omega  0.00, alpha  0.000, steps in the past 0.000, valid nll 0.048, valid mae 0.179, err@0.05 086.11%, err@0.10 071.64%, err@0.20 038.90%, maxae 0.737
  [diag] log10|dL/dh_t| hist bins=60 range=(-12.50,-11.50) mean=-12.00 p50=-12.00 p05=-12.00 p95=-12.00
  [diag] sat-dist hist bins=60 sat<0.05=0.0% mean=0.995 p10=0.994 p90=0.995
  [diag] z-gate sat-dist hist bins=60 mean=0.119 p10=0.119 p90=0.119
  [diag] r-gate sat-dist hist bins=60 mean=0.499 p10=0.499 p90=0.499
Iter 0001020: train nll 0.051, valid error 039.110%, best valid error 024.250%, avg grad norm   0.060, avg grad norm (post clip)   0.000, rho_Whh  0.08, Omega  0.00, alpha  0.000, steps in the past 0.000, valid nll 0.048, valid mae 0.179, err@0.05 086.18%, err@0.10 071.67%, err@0.20 039.11%, maxae 0.736
  [diag] log10|dL/dh_t| hist bins=60 range=(-12.50,-11.50) mean=-12.00 p50=-12.00 p05=-12.00 p95=-12.00
  [diag] sat-dist hist bins=60 sat<0.05=0.0% mean=0.995 p10=0.994 p90=0.995
  [diag] z-gate sat-dist hist bins=60 mean=0.119 p10=0.119 p90=0.119
  [diag] r-gate sat-dist hist bins=60 mean=0.499 p10=0.499 p90=0.499
Iter 0001040: train nll 0.051, valid error 039.070%, best valid error 024.250%, avg grad norm   0.068, avg grad norm (post clip)   0.000, rho_Whh  0.08, Omega  0.00, alpha  0.000, steps in the past 0.000, valid nll 0.048, valid mae 0.179, err@0.05 086.20%, err@0.10 071.68%, err@0.20 039.07%, maxae 0.737
  [diag] log10|dL/dh_t| hist bins=60 range=(-12.50,-11.50) mean=-12.00 p50=-12.00 p05=-12.00 p95=-12.00
  [diag] sat-dist hist bins=60 sat<0.05=0.0% mean=0.994 p10=0.994 p90=0.995
  [diag] z-gate sat-dist hist bins=60 mean=0.119 p10=0.119 p90=0.119
  [diag] r-gate sat-dist hist bins=60 mean=0.499 p10=0.499 p90=0.499
Iter 0001060: train nll 0.053, valid error 039.820%, best valid error 024.250%, avg grad norm   0.072, avg grad norm (post clip)   0.000, rho_Whh  0.08, Omega  0.00, alpha  0.000, steps in the past 0.000, valid nll 0.048, valid mae 0.180, err@0.05 086.33%, err@0.10 072.07%, err@0.20 039.82%, maxae 0.733
  [diag] log10|dL/dh_t| hist bins=60 range=(-12.50,-11.50) mean=-12.00 p50=-12.00 p05=-12.00 p95=-12.00
  [diag] sat-dist hist bins=60 sat<0.05=0.0% mean=0.995 p10=0.994 p90=0.995
  [diag] z-gate sat-dist hist bins=60 mean=0.119 p10=0.119 p90=0.119
  [diag] r-gate sat-dist hist bins=60 mean=0.499 p10=0.499 p90=0.499
Iter 0001080: train nll 0.047, valid error 038.830%, best valid error 024.250%, avg grad norm   0.078, avg grad norm (post clip)   0.000, rho_Whh  0.08, Omega  0.00, alpha  0.000, steps in the past 0.000, valid nll 0.048, valid mae 0.179, err@0.05 086.09%, err@0.10 071.66%, err@0.20 038.83%, maxae 0.738
  [diag] log10|dL/dh_t| hist bins=60 range=(-12.50,-11.50) mean=-12.00 p50=-12.00 p05=-12.00 p95=-12.00
  [diag] sat-dist hist bins=60 sat<0.05=0.0% mean=0.994 p10=0.994 p90=0.995
  [diag] z-gate sat-dist hist bins=60 mean=0.119 p10=0.119 p90=0.119
  [diag] r-gate sat-dist hist bins=60 mean=0.499 p10=0.499 p90=0.499
Iter 0001100: train nll 0.052, valid error 039.370%, best valid error 024.250%, avg grad norm   0.076, avg grad norm (post clip)   0.000, rho_Whh  0.08, Omega  0.00, alpha  0.000, steps in the past 0.000, valid nll 0.048, valid mae 0.180, err@0.05 086.28%, err@0.10 071.87%, err@0.20 039.37%, maxae 0.735
  [diag] log10|dL/dh_t| hist bins=60 range=(-12.50,-11.50) mean=-12.00 p50=-12.00 p05=-12.00 p95=-12.00
  [diag] sat-dist hist bins=60 sat<0.05=0.0% mean=0.994 p10=0.994 p90=0.995
  [diag] z-gate sat-dist hist bins=60 mean=0.119 p10=0.119 p90=0.119
  [diag] r-gate sat-dist hist bins=60 mean=0.499 p10=0.499 p90=0.499
Iter 0001120: train nll 0.054, valid error 039.640%, best valid error 024.250%, avg grad norm   0.076, avg grad norm (post clip)   0.000, rho_Whh  0.08, Omega  0.00, alpha  0.000, steps in the past 0.000, valid nll 0.048, valid mae 0.180, err@0.05 086.36%, err@0.10 071.95%, err@0.20 039.64%, maxae 0.734
  [diag] log10|dL/dh_t| hist bins=60 range=(-12.50,-11.50) mean=-12.00 p50=-12.00 p05=-12.00 p95=-12.00
  [diag] sat-dist hist bins=60 sat<0.05=0.0% mean=0.994 p10=0.994 p90=0.995
  [diag] z-gate sat-dist hist bins=60 mean=0.119 p10=0.119 p90=0.119
  [diag] r-gate sat-dist hist bins=60 mean=0.499 p10=0.499 p90=0.499
Iter 0001140: train nll 0.051, valid error 041.240%, best valid error 024.250%, avg grad norm   0.082, avg grad norm (post clip)   0.000, rho_Whh  0.08, Omega  0.00, alpha  0.000, steps in the past 0.000, valid nll 0.048, valid mae 0.181, err@0.05 086.63%, err@0.10 072.40%, err@0.20 041.24%, maxae 0.727
  [diag] log10|dL/dh_t| hist bins=60 range=(-12.50,-11.50) mean=-12.00 p50=-12.00 p05=-12.00 p95=-12.00
  [diag] sat-dist hist bins=60 sat<0.05=0.0% mean=0.995 p10=0.994 p90=0.995
  [diag] z-gate sat-dist hist bins=60 mean=0.119 p10=0.119 p90=0.119
  [diag] r-gate sat-dist hist bins=60 mean=0.499 p10=0.499 p90=0.499
Iter 0001160: train nll 0.048, valid error 038.210%, best valid error 024.250%, avg grad norm   0.089, avg grad norm (post clip)   0.000, rho_Whh  0.08, Omega  0.00, alpha  0.000, steps in the past 0.000, valid nll 0.048, valid mae 0.179, err@0.05 085.92%, err@0.10 071.52%, err@0.20 038.21%, maxae 0.741
  [diag] log10|dL/dh_t| hist bins=60 range=(-12.50,-11.50) mean=-12.00 p50=-12.00 p05=-12.00 p95=-12.00
  [diag] sat-dist hist bins=60 sat<0.05=0.0% mean=0.995 p10=0.994 p90=0.995
  [diag] z-gate sat-dist hist bins=60 mean=0.119 p10=0.119 p90=0.119
  [diag] r-gate sat-dist hist bins=60 mean=0.499 p10=0.499 p90=0.499
Iter 0001180: train nll 0.049, valid error 038.000%, best valid error 024.250%, avg grad norm   0.085, avg grad norm (post clip)   0.000, rho_Whh  0.08, Omega  0.00, alpha  0.000, steps in the past 0.000, valid nll 0.048, valid mae 0.178, err@0.05 085.90%, err@0.10 071.47%, err@0.20 038.00%, maxae 0.741
  [diag] log10|dL/dh_t| hist bins=60 range=(-12.50,-11.50) mean=-12.00 p50=-12.00 p05=-12.00 p95=-12.00
  [diag] sat-dist hist bins=60 sat<0.05=0.0% mean=0.994 p10=0.994 p90=0.995
  [diag] z-gate sat-dist hist bins=60 mean=0.119 p10=0.119 p90=0.119
  [diag] r-gate sat-dist hist bins=60 mean=0.499 p10=0.499 p90=0.499
Iter 0001200: train nll 0.055, valid error 039.330%, best valid error 024.250%, avg grad norm   0.094, avg grad norm (post clip)   0.000, rho_Whh  0.08, Omega  0.00, alpha  0.000, steps in the past 0.000, valid nll 0.048, valid mae 0.180, err@0.05 086.28%, err@0.10 071.79%, err@0.20 039.33%, maxae 0.735
  [diag] log10|dL/dh_t| hist bins=60 range=(-12.50,-11.50) mean=-12.00 p50=-12.00 p05=-12.00 p95=-12.00
  [diag] sat-dist hist bins=60 sat<0.05=0.0% mean=0.995 p10=0.994 p90=0.995
  [diag] z-gate sat-dist hist bins=60 mean=0.119 p10=0.119 p90=0.119
  [diag] r-gate sat-dist hist bins=60 mean=0.499 p10=0.499 p90=0.499
Iter 0001220: train nll 0.049, valid error 038.910%, best valid error 024.250%, avg grad norm   0.104, avg grad norm (post clip)   0.000, rho_Whh  0.08, Omega  0.00, alpha  0.000, steps in the past 0.000, valid nll 0.048, valid mae 0.179, err@0.05 086.10%, err@0.10 071.62%, err@0.20 038.91%, maxae 0.737
  [diag] log10|dL/dh_t| hist bins=60 range=(-12.50,-11.50) mean=-12.00 p50=-12.00 p05=-12.00 p95=-12.00
  [diag] sat-dist hist bins=60 sat<0.05=0.0% mean=0.995 p10=0.994 p90=0.995
  [diag] z-gate sat-dist hist bins=60 mean=0.119 p10=0.119 p90=0.119
  [diag] r-gate sat-dist hist bins=60 mean=0.499 p10=0.499 p90=0.499
Iter 0001240: train nll 0.048, valid error 039.000%, best valid error 024.250%, avg grad norm   0.092, avg grad norm (post clip)   0.000, rho_Whh  0.08, Omega  0.00, alpha  0.000, steps in the past 0.000, valid nll 0.048, valid mae 0.179, err@0.05 086.17%, err@0.10 071.64%, err@0.20 039.00%, maxae 0.737
  [diag] log10|dL/dh_t| hist bins=60 range=(-12.50,-11.50) mean=-12.00 p50=-12.00 p05=-12.00 p95=-12.00
  [diag] sat-dist hist bins=60 sat<0.05=0.0% mean=0.995 p10=0.994 p90=0.995
  [diag] z-gate sat-dist hist bins=60 mean=0.119 p10=0.119 p90=0.119
  [diag] r-gate sat-dist hist bins=60 mean=0.499 p10=0.499 p90=0.499
Iter 0001260: train nll 0.043, valid error 038.210%, best valid error 024.250%, avg grad norm   0.063, avg grad norm (post clip)   0.000, rho_Whh  0.08, Omega  0.00, alpha  0.000, steps in the past 0.000, valid nll 0.048, valid mae 0.179, err@0.05 085.91%, err@0.10 071.51%, err@0.20 038.21%, maxae 0.741
  [diag] log10|dL/dh_t| hist bins=60 range=(-12.50,-11.50) mean=-12.00 p50=-12.00 p05=-12.00 p95=-12.00
  [diag] sat-dist hist bins=60 sat<0.05=0.0% mean=0.995 p10=0.994 p90=0.995
  [diag] z-gate sat-dist hist bins=60 mean=0.119 p10=0.119 p90=0.119
  [diag] r-gate sat-dist hist bins=60 mean=0.499 p10=0.499 p90=0.499
Iter 0001280: train nll 0.055, valid error 038.350%, best valid error 024.250%, avg grad norm   0.083, avg grad norm (post clip)   0.000, rho_Whh  0.08, Omega  0.00, alpha  0.000, steps in the past 0.000, valid nll 0.048, valid mae 0.179, err@0.05 085.91%, err@0.10 071.51%, err@0.20 038.35%, maxae 0.740
  [diag] log10|dL/dh_t| hist bins=60 range=(-12.50,-11.50) mean=-12.00 p50=-12.00 p05=-12.00 p95=-12.00
  [diag] sat-dist hist bins=60 sat<0.05=0.0% mean=0.995 p10=0.994 p90=0.995
  [diag] z-gate sat-dist hist bins=60 mean=0.119 p10=0.119 p90=0.119
  [diag] r-gate sat-dist hist bins=60 mean=0.499 p10=0.499 p90=0.499
Iter 0001300: train nll 0.048, valid error 038.680%, best valid error 024.250%, avg grad norm   0.070, avg grad norm (post clip)   0.000, rho_Whh  0.08, Omega  0.00, alpha  0.000, steps in the past 0.000, valid nll 0.048, valid mae 0.179, err@0.05 085.98%, err@0.10 071.59%, err@0.20 038.68%, maxae 0.738
  [diag] log10|dL/dh_t| hist bins=60 range=(-12.50,-11.50) mean=-12.00 p50=-12.00 p05=-12.00 p95=-12.00
  [diag] sat-dist hist bins=60 sat<0.05=0.0% mean=0.994 p10=0.994 p90=0.995
  [diag] z-gate sat-dist hist bins=60 mean=0.119 p10=0.119 p90=0.119
  [diag] r-gate sat-dist hist bins=60 mean=0.499 p10=0.499 p90=0.499
Iter 0001320: train nll 0.053, valid error 039.330%, best valid error 024.250%, avg grad norm   0.090, avg grad norm (post clip)   0.000, rho_Whh  0.08, Omega  0.00, alpha  0.000, steps in the past 0.000, valid nll 0.048, valid mae 0.180, err@0.05 086.25%, err@0.10 071.77%, err@0.20 039.33%, maxae 0.735
  [diag] log10|dL/dh_t| hist bins=60 range=(-12.50,-11.50) mean=-12.00 p50=-12.00 p05=-12.00 p95=-12.00
  [diag] sat-dist hist bins=60 sat<0.05=0.0% mean=0.994 p10=0.994 p90=0.995
  [diag] z-gate sat-dist hist bins=60 mean=0.119 p10=0.119 p90=0.119
  [diag] r-gate sat-dist hist bins=60 mean=0.499 p10=0.499 p90=0.499
Iter 0001340: train nll 0.051, valid error 039.320%, best valid error 024.250%, avg grad norm   0.083, avg grad norm (post clip)   0.000, rho_Whh  0.08, Omega  0.00, alpha  0.000, steps in the past 0.000, valid nll 0.048, valid mae 0.180, err@0.05 086.25%, err@0.10 071.77%, err@0.20 039.32%, maxae 0.735
  [diag] log10|dL/dh_t| hist bins=60 range=(-12.50,-11.50) mean=-12.00 p50=-12.00 p05=-12.00 p95=-12.00
  [diag] sat-dist hist bins=60 sat<0.05=0.0% mean=0.995 p10=0.994 p90=0.995
  [diag] z-gate sat-dist hist bins=60 mean=0.119 p10=0.119 p90=0.119
  [diag] r-gate sat-dist hist bins=60 mean=0.499 p10=0.499 p90=0.499
Iter 0001360: train nll 0.049, valid error 038.010%, best valid error 024.250%, avg grad norm   0.084, avg grad norm (post clip)   0.000, rho_Whh  0.08, Omega  0.00, alpha  0.000, steps in the past 0.000, valid nll 0.048, valid mae 0.178, err@0.05 085.90%, err@0.10 071.47%, err@0.20 038.01%, maxae 0.741
  [diag] log10|dL/dh_t| hist bins=60 range=(-12.50,-11.50) mean=-12.00 p50=-12.00 p05=-12.00 p95=-12.00
  [diag] sat-dist hist bins=60 sat<0.05=0.0% mean=0.995 p10=0.994 p90=0.995
  [diag] z-gate sat-dist hist bins=60 mean=0.119 p10=0.119 p90=0.119
  [diag] r-gate sat-dist hist bins=60 mean=0.499 p10=0.499 p90=0.499
Iter 0001380: train nll 0.049, valid error 037.870%, best valid error 024.250%, avg grad norm   0.070, avg grad norm (post clip)   0.000, rho_Whh  0.08, Omega  0.00, alpha  0.000, steps in the past 0.000, valid nll 0.048, valid mae 0.178, err@0.05 085.91%, err@0.10 071.34%, err@0.20 037.87%, maxae 0.742
  [diag] log10|dL/dh_t| hist bins=60 range=(-12.50,-11.50) mean=-12.00 p50=-12.00 p05=-12.00 p95=-12.00
  [diag] sat-dist hist bins=60 sat<0.05=0.0% mean=0.995 p10=0.994 p90=0.995
  [diag] z-gate sat-dist hist bins=60 mean=0.119 p10=0.119 p90=0.119
  [diag] r-gate sat-dist hist bins=60 mean=0.499 p10=0.499 p90=0.499
Iter 0001400: train nll 0.049, valid error 038.020%, best valid error 024.250%, avg grad norm   0.053, avg grad norm (post clip)   0.000, rho_Whh  0.08, Omega  0.00, alpha  0.000, steps in the past 0.000, valid nll 0.048, valid mae 0.178, err@0.05 085.90%, err@0.10 071.48%, err@0.20 038.02%, maxae 0.741
  [diag] log10|dL/dh_t| hist bins=60 range=(-12.50,-11.50) mean=-12.00 p50=-12.00 p05=-12.00 p95=-12.00
  [diag] sat-dist hist bins=60 sat<0.05=0.0% mean=0.995 p10=0.994 p90=0.995
  [diag] z-gate sat-dist hist bins=60 mean=0.119 p10=0.119 p90=0.119
  [diag] r-gate sat-dist hist bins=60 mean=0.499 p10=0.499 p90=0.499
Iter 0001420: train nll 0.051, valid error 037.910%, best valid error 024.250%, avg grad norm   0.086, avg grad norm (post clip)   0.000, rho_Whh  0.08, Omega  0.00, alpha  0.000, steps in the past 0.000, valid nll 0.048, valid mae 0.178, err@0.05 085.92%, err@0.10 071.38%, err@0.20 037.91%, maxae 0.742
  [diag] log10|dL/dh_t| hist bins=60 range=(-12.50,-11.50) mean=-12.00 p50=-12.00 p05=-12.00 p95=-12.00
  [diag] sat-dist hist bins=60 sat<0.05=0.0% mean=0.995 p10=0.994 p90=0.995
  [diag] z-gate sat-dist hist bins=60 mean=0.119 p10=0.119 p90=0.119
  [diag] r-gate sat-dist hist bins=60 mean=0.499 p10=0.499 p90=0.499
Iter 0001440: train nll 0.045, valid error 037.910%, best valid error 024.250%, avg grad norm   0.077, avg grad norm (post clip)   0.000, rho_Whh  0.08, Omega  0.00, alpha  0.000, steps in the past 0.000, valid nll 0.048, valid mae 0.178, err@0.05 085.91%, err@0.10 071.38%, err@0.20 037.91%, maxae 0.742
  [diag] log10|dL/dh_t| hist bins=60 range=(-12.50,-11.50) mean=-12.00 p50=-12.00 p05=-12.00 p95=-12.00
  [diag] sat-dist hist bins=60 sat<0.05=0.0% mean=0.995 p10=0.994 p90=0.995
  [diag] z-gate sat-dist hist bins=60 mean=0.119 p10=0.119 p90=0.119
  [diag] r-gate sat-dist hist bins=60 mean=0.499 p10=0.499 p90=0.499
Iter 0001460: train nll 0.045, valid error 037.180%, best valid error 024.250%, avg grad norm   0.096, avg grad norm (post clip)   0.000, rho_Whh  0.08, Omega  0.00, alpha  0.000, steps in the past 0.000, valid nll 0.048, valid mae 0.178, err@0.05 085.81%, err@0.10 071.02%, err@0.20 037.18%, maxae 0.745
  [diag] log10|dL/dh_t| hist bins=60 range=(-12.50,-11.50) mean=-12.00 p50=-12.00 p05=-12.00 p95=-12.00
  [diag] sat-dist hist bins=60 sat<0.05=0.0% mean=0.995 p10=0.994 p90=0.995
  [diag] z-gate sat-dist hist bins=60 mean=0.119 p10=0.119 p90=0.119
  [diag] r-gate sat-dist hist bins=60 mean=0.499 p10=0.499 p90=0.499
Iter 0001480: train nll 0.045, valid error 036.760%, best valid error 024.250%, avg grad norm   0.103, avg grad norm (post clip)   0.000, rho_Whh  0.08, Omega  0.00, alpha  0.000, steps in the past 0.000, valid nll 0.048, valid mae 0.177, err@0.05 085.70%, err@0.10 070.91%, err@0.20 036.76%, maxae 0.747
  [diag] log10|dL/dh_t| hist bins=60 range=(-12.50,-11.50) mean=-12.00 p50=-12.00 p05=-12.00 p95=-12.00
  [diag] sat-dist hist bins=60 sat<0.05=0.0% mean=0.995 p10=0.994 p90=0.995
  [diag] z-gate sat-dist hist bins=60 mean=0.119 p10=0.119 p90=0.119
  [diag] r-gate sat-dist hist bins=60 mean=0.499 p10=0.499 p90=0.499
Iter 0001500: train nll 0.049, valid error 036.860%, best valid error 024.250%, avg grad norm   0.085, avg grad norm (post clip)   0.000, rho_Whh  0.08, Omega  0.00, alpha  0.000, steps in the past 0.000, valid nll 0.048, valid mae 0.177, err@0.05 085.75%, err@0.10 070.93%, err@0.20 036.86%, maxae 0.747
  [diag] log10|dL/dh_t| hist bins=60 range=(-12.50,-11.50) mean=-12.00 p50=-12.00 p05=-12.00 p95=-12.00
  [diag] sat-dist hist bins=60 sat<0.05=0.0% mean=0.995 p10=0.994 p90=0.995
  [diag] z-gate sat-dist hist bins=60 mean=0.119 p10=0.119 p90=0.119
  [diag] r-gate sat-dist hist bins=60 mean=0.499 p10=0.499 p90=0.499
Iter 0001520: train nll 0.045, valid error 037.740%, best valid error 024.250%, avg grad norm   0.079, avg grad norm (post clip)   0.000, rho_Whh  0.08, Omega  0.00, alpha  0.000, steps in the past 0.000, valid nll 0.048, valid mae 0.178, err@0.05 085.89%, err@0.10 071.24%, err@0.20 037.74%, maxae 0.743
  [diag] log10|dL/dh_t| hist bins=60 range=(-12.50,-11.50) mean=-12.00 p50=-12.00 p05=-12.00 p95=-12.00
  [diag] sat-dist hist bins=60 sat<0.05=0.0% mean=0.995 p10=0.994 p90=0.995
  [diag] z-gate sat-dist hist bins=60 mean=0.119 p10=0.119 p90=0.119
  [diag] r-gate sat-dist hist bins=60 mean=0.499 p10=0.499 p90=0.499
Iter 0001540: train nll 0.052, valid error 038.640%, best valid error 024.250%, avg grad norm   0.100, avg grad norm (post clip)   0.000, rho_Whh  0.08, Omega  0.00, alpha  0.000, steps in the past 0.000, valid nll 0.048, valid mae 0.179, err@0.05 085.99%, err@0.10 071.60%, err@0.20 038.64%, maxae 0.738
  [diag] log10|dL/dh_t| hist bins=60 range=(-12.50,-11.50) mean=-12.00 p50=-12.00 p05=-12.00 p95=-12.00
  [diag] sat-dist hist bins=60 sat<0.05=0.0% mean=0.995 p10=0.994 p90=0.995
  [diag] z-gate sat-dist hist bins=60 mean=0.119 p10=0.119 p90=0.119
  [diag] r-gate sat-dist hist bins=60 mean=0.499 p10=0.499 p90=0.499
Iter 0001560: train nll 0.050, valid error 039.110%, best valid error 024.250%, avg grad norm   0.065, avg grad norm (post clip)   0.000, rho_Whh  0.08, Omega  0.00, alpha  0.000, steps in the past 0.000, valid nll 0.048, valid mae 0.179, err@0.05 086.18%, err@0.10 071.67%, err@0.20 039.11%, maxae 0.736
  [diag] log10|dL/dh_t| hist bins=60 range=(-12.50,-11.50) mean=-12.00 p50=-12.00 p05=-12.00 p95=-12.00
  [diag] sat-dist hist bins=60 sat<0.05=0.0% mean=0.995 p10=0.994 p90=0.995
  [diag] z-gate sat-dist hist bins=60 mean=0.119 p10=0.119 p90=0.119
  [diag] r-gate sat-dist hist bins=60 mean=0.499 p10=0.499 p90=0.499
Iter 0001580: train nll 0.047, valid error 038.730%, best valid error 024.250%, avg grad norm   0.052, avg grad norm (post clip)   0.000, rho_Whh  0.08, Omega  0.00, alpha  0.000, steps in the past 0.000, valid nll 0.048, valid mae 0.179, err@0.05 086.00%, err@0.10 071.55%, err@0.20 038.73%, maxae 0.738
  [diag] log10|dL/dh_t| hist bins=60 range=(-12.50,-11.50) mean=-12.00 p50=-12.00 p05=-12.00 p95=-12.00
  [diag] sat-dist hist bins=60 sat<0.05=0.0% mean=0.995 p10=0.994 p90=0.995
  [diag] z-gate sat-dist hist bins=60 mean=0.119 p10=0.119 p90=0.119
  [diag] r-gate sat-dist hist bins=60 mean=0.499 p10=0.499 p90=0.499
Iter 0001600: train nll 0.049, valid error 039.080%, best valid error 024.250%, avg grad norm   0.054, avg grad norm (post clip)   0.000, rho_Whh  0.08, Omega  0.00, alpha  0.000, steps in the past 0.000, valid nll 0.048, valid mae 0.179, err@0.05 086.21%, err@0.10 071.68%, err@0.20 039.08%, maxae 0.736
  [diag] log10|dL/dh_t| hist bins=60 range=(-12.50,-11.50) mean=-12.00 p50=-12.00 p05=-12.00 p95=-12.00
  [diag] sat-dist hist bins=60 sat<0.05=0.0% mean=0.995 p10=0.994 p90=0.995
  [diag] z-gate sat-dist hist bins=60 mean=0.119 p10=0.119 p90=0.119
  [diag] r-gate sat-dist hist bins=60 mean=0.499 p10=0.499 p90=0.499
Iter 0001620: train nll 0.047, valid error 037.660%, best valid error 024.250%, avg grad norm   0.091, avg grad norm (post clip)   0.000, rho_Whh  0.08, Omega  0.00, alpha  0.000, steps in the past 0.000, valid nll 0.048, valid mae 0.178, err@0.05 085.91%, err@0.10 071.17%, err@0.20 037.66%, maxae 0.743
  [diag] log10|dL/dh_t| hist bins=60 range=(-12.50,-11.50) mean=-12.00 p50=-12.00 p05=-12.00 p95=-12.00
  [diag] sat-dist hist bins=60 sat<0.05=0.0% mean=0.995 p10=0.994 p90=0.995
  [diag] z-gate sat-dist hist bins=60 mean=0.119 p10=0.119 p90=0.119
  [diag] r-gate sat-dist hist bins=60 mean=0.499 p10=0.499 p90=0.499
Iter 0001640: train nll 0.047, valid error 037.640%, best valid error 024.250%, avg grad norm   0.094, avg grad norm (post clip)   0.000, rho_Whh  0.08, Omega  0.00, alpha  0.000, steps in the past 0.000, valid nll 0.048, valid mae 0.178, err@0.05 085.96%, err@0.10 071.18%, err@0.20 037.64%, maxae 0.743
  [diag] log10|dL/dh_t| hist bins=60 range=(-12.50,-11.50) mean=-12.00 p50=-12.00 p05=-12.00 p95=-12.00
  [diag] sat-dist hist bins=60 sat<0.05=0.0% mean=0.995 p10=0.994 p90=0.995
  [diag] z-gate sat-dist hist bins=60 mean=0.119 p10=0.119 p90=0.119
  [diag] r-gate sat-dist hist bins=60 mean=0.499 p10=0.499 p90=0.499
Iter 0001660: train nll 0.055, valid error 038.810%, best valid error 024.250%, avg grad norm   0.087, avg grad norm (post clip)   0.000, rho_Whh  0.08, Omega  0.00, alpha  0.000, steps in the past 0.000, valid nll 0.048, valid mae 0.179, err@0.05 086.09%, err@0.10 071.61%, err@0.20 038.81%, maxae 0.738
  [diag] log10|dL/dh_t| hist bins=60 range=(-12.50,-11.50) mean=-12.00 p50=-12.00 p05=-12.00 p95=-12.00
  [diag] sat-dist hist bins=60 sat<0.05=0.0% mean=0.995 p10=0.994 p90=0.995
  [diag] z-gate sat-dist hist bins=60 mean=0.119 p10=0.119 p90=0.119
  [diag] r-gate sat-dist hist bins=60 mean=0.499 p10=0.499 p90=0.499
Iter 0001680: train nll 0.049, valid error 039.180%, best valid error 024.250%, avg grad norm   0.070, avg grad norm (post clip)   0.000, rho_Whh  0.08, Omega  0.00, alpha  0.000, steps in the past 0.000, valid nll 0.048, valid mae 0.179, err@0.05 086.29%, err@0.10 071.71%, err@0.20 039.18%, maxae 0.736
  [diag] log10|dL/dh_t| hist bins=60 range=(-12.50,-11.50) mean=-12.00 p50=-12.00 p05=-12.00 p95=-12.00
  [diag] sat-dist hist bins=60 sat<0.05=0.0% mean=0.994 p10=0.994 p90=0.995
  [diag] z-gate sat-dist hist bins=60 mean=0.119 p10=0.119 p90=0.119
  [diag] r-gate sat-dist hist bins=60 mean=0.499 p10=0.499 p90=0.499
Iter 0001700: train nll 0.053, valid error 040.580%, best valid error 024.250%, avg grad norm   0.108, avg grad norm (post clip)   0.000, rho_Whh  0.08, Omega  0.00, alpha  0.000, steps in the past 0.000, valid nll 0.048, valid mae 0.181, err@0.05 086.49%, err@0.10 072.23%, err@0.20 040.58%, maxae 0.729
  [diag] log10|dL/dh_t| hist bins=60 range=(-12.50,-11.50) mean=-12.00 p50=-12.00 p05=-12.00 p95=-12.00
  [diag] sat-dist hist bins=60 sat<0.05=0.0% mean=0.994 p10=0.994 p90=0.995
  [diag] z-gate sat-dist hist bins=60 mean=0.119 p10=0.119 p90=0.119
  [diag] r-gate sat-dist hist bins=60 mean=0.499 p10=0.499 p90=0.499
Iter 0001720: train nll 0.048, valid error 041.050%, best valid error 024.250%, avg grad norm   0.060, avg grad norm (post clip)   0.000, rho_Whh  0.08, Omega  0.00, alpha  0.000, steps in the past 0.000, valid nll 0.048, valid mae 0.181, err@0.05 086.64%, err@0.10 072.33%, err@0.20 041.05%, maxae 0.728
  [diag] log10|dL/dh_t| hist bins=60 range=(-12.50,-11.50) mean=-12.00 p50=-12.00 p05=-12.00 p95=-12.00
  [diag] sat-dist hist bins=60 sat<0.05=0.0% mean=0.994 p10=0.994 p90=0.995
  [diag] z-gate sat-dist hist bins=60 mean=0.119 p10=0.119 p90=0.119
  [diag] r-gate sat-dist hist bins=60 mean=0.499 p10=0.499 p90=0.499
Iter 0001740: train nll 0.045, valid error 039.810%, best valid error 024.250%, avg grad norm   0.072, avg grad norm (post clip)   0.000, rho_Whh  0.08, Omega  0.00, alpha  0.000, steps in the past 0.000, valid nll 0.048, valid mae 0.180, err@0.05 086.34%, err@0.10 072.08%, err@0.20 039.81%, maxae 0.733
  [diag] log10|dL/dh_t| hist bins=60 range=(-12.50,-11.50) mean=-12.00 p50=-12.00 p05=-12.00 p95=-12.00
  [diag] sat-dist hist bins=60 sat<0.05=0.0% mean=0.994 p10=0.994 p90=0.995
  [diag] z-gate sat-dist hist bins=60 mean=0.119 p10=0.119 p90=0.119
  [diag] r-gate sat-dist hist bins=60 mean=0.499 p10=0.499 p90=0.499
Iter 0001760: train nll 0.049, valid error 040.270%, best valid error 024.250%, avg grad norm   0.077, avg grad norm (post clip)   0.000, rho_Whh  0.08, Omega  0.00, alpha  0.000, steps in the past 0.000, valid nll 0.048, valid mae 0.180, err@0.05 086.32%, err@0.10 072.10%, err@0.20 040.27%, maxae 0.731
  [diag] log10|dL/dh_t| hist bins=60 range=(-12.50,-11.50) mean=-12.00 p50=-12.00 p05=-12.00 p95=-12.00
  [diag] sat-dist hist bins=60 sat<0.05=0.0% mean=0.995 p10=0.994 p90=0.995
  [diag] z-gate sat-dist hist bins=60 mean=0.119 p10=0.119 p90=0.119
  [diag] r-gate sat-dist hist bins=60 mean=0.499 p10=0.499 p90=0.499
Iter 0001780: train nll 0.045, valid error 038.400%, best valid error 024.250%, avg grad norm   0.080, avg grad norm (post clip)   0.000, rho_Whh  0.08, Omega  0.00, alpha  0.000, steps in the past 0.000, valid nll 0.048, valid mae 0.179, err@0.05 085.90%, err@0.10 071.56%, err@0.20 038.40%, maxae 0.740
  [diag] log10|dL/dh_t| hist bins=60 range=(-12.50,-11.50) mean=-12.00 p50=-12.00 p05=-12.00 p95=-12.00
  [diag] sat-dist hist bins=60 sat<0.05=0.0% mean=0.994 p10=0.994 p90=0.995
  [diag] z-gate sat-dist hist bins=60 mean=0.119 p10=0.119 p90=0.119
  [diag] r-gate sat-dist hist bins=60 mean=0.499 p10=0.499 p90=0.499
Iter 0001800: train nll 0.052, valid error 040.100%, best valid error 024.250%, avg grad norm   0.099, avg grad norm (post clip)   0.000, rho_Whh  0.08, Omega  0.00, alpha  0.000, steps in the past 0.000, valid nll 0.048, valid mae 0.180, err@0.05 086.29%, err@0.10 072.11%, err@0.20 040.10%, maxae 0.732
  [diag] log10|dL/dh_t| hist bins=60 range=(-12.50,-11.50) mean=-12.00 p50=-12.00 p05=-12.00 p95=-12.00
  [diag] sat-dist hist bins=60 sat<0.05=0.0% mean=0.994 p10=0.994 p90=0.995
  [diag] z-gate sat-dist hist bins=60 mean=0.119 p10=0.119 p90=0.119
  [diag] r-gate sat-dist hist bins=60 mean=0.499 p10=0.499 p90=0.499
Iter 0001820: train nll 0.048, valid error 039.990%, best valid error 024.250%, avg grad norm   0.056, avg grad norm (post clip)   0.000, rho_Whh  0.08, Omega  0.00, alpha  0.000, steps in the past 0.000, valid nll 0.048, valid mae 0.180, err@0.05 086.26%, err@0.10 072.12%, err@0.20 039.99%, maxae 0.732
  [diag] log10|dL/dh_t| hist bins=60 range=(-12.50,-11.50) mean=-12.00 p50=-12.00 p05=-12.00 p95=-12.00
  [diag] sat-dist hist bins=60 sat<0.05=0.0% mean=0.995 p10=0.994 p90=0.995
  [diag] z-gate sat-dist hist bins=60 mean=0.119 p10=0.119 p90=0.119
  [diag] r-gate sat-dist hist bins=60 mean=0.499 p10=0.499 p90=0.499
Iter 0001840: train nll 0.046, valid error 037.940%, best valid error 024.250%, avg grad norm   0.088, avg grad norm (post clip)   0.000, rho_Whh  0.08, Omega  0.00, alpha  0.000, steps in the past 0.000, valid nll 0.048, valid mae 0.178, err@0.05 085.89%, err@0.10 071.35%, err@0.20 037.94%, maxae 0.742
  [diag] log10|dL/dh_t| hist bins=60 range=(-12.50,-11.50) mean=-12.00 p50=-12.00 p05=-12.00 p95=-12.00
  [diag] sat-dist hist bins=60 sat<0.05=0.0% mean=0.995 p10=0.994 p90=0.995
  [diag] z-gate sat-dist hist bins=60 mean=0.119 p10=0.119 p90=0.119
  [diag] r-gate sat-dist hist bins=60 mean=0.499 p10=0.499 p90=0.499
Iter 0001860: train nll 0.045, valid error 037.410%, best valid error 024.250%, avg grad norm   0.068, avg grad norm (post clip)   0.000, rho_Whh  0.08, Omega  0.00, alpha  0.000, steps in the past 0.000, valid nll 0.048, valid mae 0.178, err@0.05 085.89%, err@0.10 071.15%, err@0.20 037.41%, maxae 0.744
  [diag] log10|dL/dh_t| hist bins=60 range=(-12.50,-11.50) mean=-12.00 p50=-12.00 p05=-12.00 p95=-12.00
  [diag] sat-dist hist bins=60 sat<0.05=0.0% mean=0.995 p10=0.994 p90=0.995
  [diag] z-gate sat-dist hist bins=60 mean=0.119 p10=0.119 p90=0.119
  [diag] r-gate sat-dist hist bins=60 mean=0.499 p10=0.499 p90=0.499
Iter 0001880: train nll 0.052, valid error 038.450%, best valid error 024.250%, avg grad norm   0.081, avg grad norm (post clip)   0.000, rho_Whh  0.08, Omega  0.00, alpha  0.000, steps in the past 0.000, valid nll 0.048, valid mae 0.179, err@0.05 085.95%, err@0.10 071.56%, err@0.20 038.45%, maxae 0.739
  [diag] log10|dL/dh_t| hist bins=60 range=(-12.50,-11.50) mean=-12.00 p50=-12.00 p05=-12.00 p95=-12.00
  [diag] sat-dist hist bins=60 sat<0.05=0.0% mean=0.994 p10=0.994 p90=0.995
  [diag] z-gate sat-dist hist bins=60 mean=0.119 p10=0.119 p90=0.119
  [diag] r-gate sat-dist hist bins=60 mean=0.499 p10=0.499 p90=0.499
Iter 0001900: train nll 0.052, valid error 039.170%, best valid error 024.250%, avg grad norm   0.079, avg grad norm (post clip)   0.000, rho_Whh  0.08, Omega  0.00, alpha  0.000, steps in the past 0.000, valid nll 0.048, valid mae 0.179, err@0.05 086.23%, err@0.10 071.71%, err@0.20 039.17%, maxae 0.736
  [diag] log10|dL/dh_t| hist bins=60 range=(-12.50,-11.50) mean=-12.00 p50=-12.00 p05=-12.00 p95=-12.00
  [diag] sat-dist hist bins=60 sat<0.05=0.0% mean=0.995 p10=0.994 p90=0.995
  [diag] z-gate sat-dist hist bins=60 mean=0.119 p10=0.119 p90=0.119
  [diag] r-gate sat-dist hist bins=60 mean=0.499 p10=0.499 p90=0.499
Iter 0001920: train nll 0.045, valid error 037.450%, best valid error 024.250%, avg grad norm   0.080, avg grad norm (post clip)   0.000, rho_Whh  0.08, Omega  0.00, alpha  0.000, steps in the past 0.000, valid nll 0.048, valid mae 0.178, err@0.05 085.92%, err@0.10 071.16%, err@0.20 037.45%, maxae 0.744
  [diag] log10|dL/dh_t| hist bins=60 range=(-12.50,-11.50) mean=-12.00 p50=-12.00 p05=-12.00 p95=-12.00
  [diag] sat-dist hist bins=60 sat<0.05=0.0% mean=0.995 p10=0.994 p90=0.995
  [diag] z-gate sat-dist hist bins=60 mean=0.119 p10=0.119 p90=0.119
  [diag] r-gate sat-dist hist bins=60 mean=0.499 p10=0.499 p90=0.499
Iter 0001940: train nll 0.052, valid error 038.460%, best valid error 024.250%, avg grad norm   0.091, avg grad norm (post clip)   0.000, rho_Whh  0.08, Omega  0.00, alpha  0.000, steps in the past 0.000, valid nll 0.048, valid mae 0.179, err@0.05 085.99%, err@0.10 071.57%, err@0.20 038.46%, maxae 0.739
  [diag] log10|dL/dh_t| hist bins=60 range=(-12.50,-11.50) mean=-12.00 p50=-12.00 p05=-12.00 p95=-12.00
  [diag] sat-dist hist bins=60 sat<0.05=0.0% mean=0.995 p10=0.994 p90=0.995
  [diag] z-gate sat-dist hist bins=60 mean=0.119 p10=0.119 p90=0.119
  [diag] r-gate sat-dist hist bins=60 mean=0.499 p10=0.499 p90=0.499
Iter 0001960: train nll 0.051, valid error 038.980%, best valid error 024.250%, avg grad norm   0.095, avg grad norm (post clip)   0.000, rho_Whh  0.08, Omega  0.00, alpha  0.000, steps in the past 0.000, valid nll 0.048, valid mae 0.179, err@0.05 086.15%, err@0.10 071.63%, err@0.20 038.98%, maxae 0.737
  [diag] log10|dL/dh_t| hist bins=60 range=(-12.50,-11.50) mean=-12.00 p50=-12.00 p05=-12.00 p95=-12.00
  [diag] sat-dist hist bins=60 sat<0.05=0.0% mean=0.994 p10=0.994 p90=0.995
  [diag] z-gate sat-dist hist bins=60 mean=0.119 p10=0.119 p90=0.119
  [diag] r-gate sat-dist hist bins=60 mean=0.499 p10=0.499 p90=0.499
Iter 0001980: train nll 0.055, valid error 040.260%, best valid error 024.250%, avg grad norm   0.068, avg grad norm (post clip)   0.000, rho_Whh  0.08, Omega  0.00, alpha  0.000, steps in the past 0.000, valid nll 0.048, valid mae 0.181, err@0.05 086.33%, err@0.10 072.10%, err@0.20 040.26%, maxae 0.731
  [diag] log10|dL/dh_t| hist bins=60 range=(-12.50,-11.50) mean=-12.00 p50=-12.00 p05=-12.00 p95=-12.00
  [diag] sat-dist hist bins=60 sat<0.05=0.0% mean=0.994 p10=0.994 p90=0.995
  [diag] z-gate sat-dist hist bins=60 mean=0.119 p10=0.119 p90=0.119
  [diag] r-gate sat-dist hist bins=60 mean=0.499 p10=0.499 p90=0.499
Iter 0002000: train nll 0.049, valid error 040.590%, best valid error 024.250%, avg grad norm   0.067, avg grad norm (post clip)   0.000, rho_Whh  0.08, Omega  0.00, alpha  0.000, steps in the past 0.000, valid nll 0.048, valid mae 0.181, err@0.05 086.48%, err@0.10 072.22%, err@0.20 040.59%, maxae 0.729
  [diag] log10|dL/dh_t| hist bins=60 range=(-12.50,-11.50) mean=-12.00 p50=-12.00 p05=-12.00 p95=-12.00
  [diag] sat-dist hist bins=60 sat<0.05=0.0% mean=0.994 p10=0.994 p90=0.995
  [diag] z-gate sat-dist hist bins=60 mean=0.119 p10=0.119 p90=0.119
  [diag] r-gate sat-dist hist bins=60 mean=0.499 p10=0.499 p90=0.499
Iter 0002020: train nll 0.051, valid error 040.700%, best valid error 024.250%, avg grad norm   0.083, avg grad norm (post clip)   0.000, rho_Whh  0.08, Omega  0.00, alpha  0.000, steps in the past 0.000, valid nll 0.048, valid mae 0.181, err@0.05 086.52%, err@0.10 072.27%, err@0.20 040.70%, maxae 0.729
  [diag] log10|dL/dh_t| hist bins=60 range=(-12.50,-11.50) mean=-12.00 p50=-12.00 p05=-12.00 p95=-12.00
  [diag] sat-dist hist bins=60 sat<0.05=0.0% mean=0.994 p10=0.994 p90=0.995
  [diag] z-gate sat-dist hist bins=60 mean=0.119 p10=0.119 p90=0.119
  [diag] r-gate sat-dist hist bins=60 mean=0.499 p10=0.499 p90=0.499
Iter 0002040: train nll 0.053, valid error 040.350%, best valid error 024.250%, avg grad norm   0.102, avg grad norm (post clip)   0.000, rho_Whh  0.08, Omega  0.00, alpha  0.000, steps in the past 0.000, valid nll 0.048, valid mae 0.181, err@0.05 086.41%, err@0.10 072.15%, err@0.20 040.35%, maxae 0.730
  [diag] log10|dL/dh_t| hist bins=60 range=(-12.50,-11.50) mean=-12.00 p50=-12.00 p05=-12.00 p95=-12.00
  [diag] sat-dist hist bins=60 sat<0.05=0.0% mean=0.994 p10=0.994 p90=0.995
  [diag] z-gate sat-dist hist bins=60 mean=0.119 p10=0.119 p90=0.119
  [diag] r-gate sat-dist hist bins=60 mean=0.499 p10=0.499 p90=0.499
Iter 0002060: train nll 0.045, valid error 039.440%, best valid error 024.250%, avg grad norm   0.084, avg grad norm (post clip)   0.000, rho_Whh  0.08, Omega  0.00, alpha  0.000, steps in the past 0.000, valid nll 0.048, valid mae 0.180, err@0.05 086.30%, err@0.10 071.93%, err@0.20 039.44%, maxae 0.735
  [diag] log10|dL/dh_t| hist bins=60 range=(-12.50,-11.50) mean=-12.00 p50=-12.00 p05=-12.00 p95=-12.00
  [diag] sat-dist hist bins=60 sat<0.05=0.0% mean=0.995 p10=0.994 p90=0.995
  [diag] z-gate sat-dist hist bins=60 mean=0.119 p10=0.119 p90=0.119
  [diag] r-gate sat-dist hist bins=60 mean=0.499 p10=0.499 p90=0.499
Iter 0002080: train nll 0.048, valid error 038.820%, best valid error 024.250%, avg grad norm   0.091, avg grad norm (post clip)   0.000, rho_Whh  0.08, Omega  0.00, alpha  0.000, steps in the past 0.000, valid nll 0.048, valid mae 0.179, err@0.05 086.09%, err@0.10 071.63%, err@0.20 038.82%, maxae 0.738
  [diag] log10|dL/dh_t| hist bins=60 range=(-12.50,-11.50) mean=-12.00 p50=-12.00 p05=-12.00 p95=-12.00
  [diag] sat-dist hist bins=60 sat<0.05=0.0% mean=0.994 p10=0.994 p90=0.995
  [diag] z-gate sat-dist hist bins=60 mean=0.119 p10=0.119 p90=0.119
  [diag] r-gate sat-dist hist bins=60 mean=0.499 p10=0.499 p90=0.499
Iter 0002100: train nll 0.049, valid error 039.170%, best valid error 024.250%, avg grad norm   0.078, avg grad norm (post clip)   0.000, rho_Whh  0.08, Omega  0.00, alpha  0.000, steps in the past 0.000, valid nll 0.048, valid mae 0.179, err@0.05 086.26%, err@0.10 071.70%, err@0.20 039.17%, maxae 0.736
  [diag] log10|dL/dh_t| hist bins=60 range=(-12.50,-11.50) mean=-12.00 p50=-12.00 p05=-12.00 p95=-12.00
  [diag] sat-dist hist bins=60 sat<0.05=0.0% mean=0.995 p10=0.994 p90=0.995
  [diag] z-gate sat-dist hist bins=60 mean=0.119 p10=0.119 p90=0.119
  [diag] r-gate sat-dist hist bins=60 mean=0.499 p10=0.499 p90=0.499
Iter 0002120: train nll 0.047, valid error 037.440%, best valid error 024.250%, avg grad norm   0.090, avg grad norm (post clip)   0.000, rho_Whh  0.08, Omega  0.00, alpha  0.000, steps in the past 0.000, valid nll 0.048, valid mae 0.178, err@0.05 085.91%, err@0.10 071.15%, err@0.20 037.44%, maxae 0.744
  [diag] log10|dL/dh_t| hist bins=60 range=(-12.50,-11.50) mean=-12.00 p50=-12.00 p05=-12.00 p95=-12.00
  [diag] sat-dist hist bins=60 sat<0.05=0.0% mean=0.995 p10=0.994 p90=0.995
  [diag] z-gate sat-dist hist bins=60 mean=0.119 p10=0.119 p90=0.119
  [diag] r-gate sat-dist hist bins=60 mean=0.499 p10=0.499 p90=0.499
Iter 0002140: train nll 0.048, valid error 036.650%, best valid error 024.250%, avg grad norm   0.070, avg grad norm (post clip)   0.000, rho_Whh  0.08, Omega  0.00, alpha  0.000, steps in the past 0.000, valid nll 0.048, valid mae 0.177, err@0.05 085.70%, err@0.10 070.83%, err@0.20 036.65%, maxae 0.747
  [diag] log10|dL/dh_t| hist bins=60 range=(-12.50,-11.50) mean=-12.00 p50=-12.00 p05=-12.00 p95=-12.00
  [diag] sat-dist hist bins=60 sat<0.05=0.0% mean=0.995 p10=0.994 p90=0.995
  [diag] z-gate sat-dist hist bins=60 mean=0.119 p10=0.119 p90=0.119
  [diag] r-gate sat-dist hist bins=60 mean=0.499 p10=0.499 p90=0.499
Iter 0002160: train nll 0.050, valid error 036.670%, best valid error 024.250%, avg grad norm   0.069, avg grad norm (post clip)   0.000, rho_Whh  0.08, Omega  0.00, alpha  0.000, steps in the past 0.000, valid nll 0.048, valid mae 0.177, err@0.05 085.70%, err@0.10 070.87%, err@0.20 036.67%, maxae 0.747
  [diag] log10|dL/dh_t| hist bins=60 range=(-12.50,-11.50) mean=-12.00 p50=-12.00 p05=-12.00 p95=-12.00
  [diag] sat-dist hist bins=60 sat<0.05=0.0% mean=0.995 p10=0.994 p90=0.995
  [diag] z-gate sat-dist hist bins=60 mean=0.119 p10=0.119 p90=0.119
  [diag] r-gate sat-dist hist bins=60 mean=0.499 p10=0.499 p90=0.499
Iter 0002180: train nll 0.049, valid error 037.900%, best valid error 024.250%, avg grad norm   0.059, avg grad norm (post clip)   0.000, rho_Whh  0.08, Omega  0.00, alpha  0.000, steps in the past 0.000, valid nll 0.048, valid mae 0.178, err@0.05 085.91%, err@0.10 071.38%, err@0.20 037.90%, maxae 0.742
  [diag] log10|dL/dh_t| hist bins=60 range=(-12.50,-11.50) mean=-12.00 p50=-12.00 p05=-12.00 p95=-12.00
  [diag] sat-dist hist bins=60 sat<0.05=0.0% mean=0.995 p10=0.994 p90=0.995
  [diag] z-gate sat-dist hist bins=60 mean=0.119 p10=0.119 p90=0.119
  [diag] r-gate sat-dist hist bins=60 mean=0.499 p10=0.499 p90=0.499
Iter 0002200: train nll 0.048, valid error 037.610%, best valid error 024.250%, avg grad norm   0.064, avg grad norm (post clip)   0.000, rho_Whh  0.08, Omega  0.00, alpha  0.000, steps in the past 0.000, valid nll 0.048, valid mae 0.178, err@0.05 085.92%, err@0.10 071.17%, err@0.20 037.61%, maxae 0.744
  [diag] log10|dL/dh_t| hist bins=60 range=(-12.50,-11.50) mean=-12.00 p50=-12.00 p05=-12.00 p95=-12.00
  [diag] sat-dist hist bins=60 sat<0.05=0.0% mean=0.995 p10=0.994 p90=0.995
  [diag] z-gate sat-dist hist bins=60 mean=0.119 p10=0.119 p90=0.119
  [diag] r-gate sat-dist hist bins=60 mean=0.499 p10=0.499 p90=0.499
Iter 0002220: train nll 0.042, valid error 037.130%, best valid error 024.250%, avg grad norm   0.068, avg grad norm (post clip)   0.000, rho_Whh  0.08, Omega  0.00, alpha  0.000, steps in the past 0.000, valid nll 0.048, valid mae 0.178, err@0.05 085.80%, err@0.10 071.01%, err@0.20 037.13%, maxae 0.746
  [diag] log10|dL/dh_t| hist bins=60 range=(-12.50,-11.50) mean=-12.00 p50=-12.00 p05=-12.00 p95=-12.00
  [diag] sat-dist hist bins=60 sat<0.05=0.0% mean=0.995 p10=0.994 p90=0.995
  [diag] z-gate sat-dist hist bins=60 mean=0.119 p10=0.119 p90=0.119
  [diag] r-gate sat-dist hist bins=60 mean=0.499 p10=0.499 p90=0.499
Iter 0002240: train nll 0.047, valid error 037.310%, best valid error 024.250%, avg grad norm   0.103, avg grad norm (post clip)   0.000, rho_Whh  0.08, Omega  0.00, alpha  0.000, steps in the past 0.000, valid nll 0.048, valid mae 0.178, err@0.05 085.86%, err@0.10 071.11%, err@0.20 037.31%, maxae 0.745
  [diag] log10|dL/dh_t| hist bins=60 range=(-12.50,-11.50) mean=-12.00 p50=-12.00 p05=-12.00 p95=-12.00
  [diag] sat-dist hist bins=60 sat<0.05=0.0% mean=0.995 p10=0.994 p90=0.995
  [diag] z-gate sat-dist hist bins=60 mean=0.119 p10=0.119 p90=0.119
  [diag] r-gate sat-dist hist bins=60 mean=0.499 p10=0.499 p90=0.499
Iter 0002260: train nll 0.051, valid error 037.740%, best valid error 024.250%, avg grad norm   0.061, avg grad norm (post clip)   0.000, rho_Whh  0.08, Omega  0.00, alpha  0.000, steps in the past 0.000, valid nll 0.048, valid mae 0.178, err@0.05 085.89%, err@0.10 071.25%, err@0.20 037.74%, maxae 0.743
  [diag] log10|dL/dh_t| hist bins=60 range=(-12.50,-11.50) mean=-12.00 p50=-12.00 p05=-12.00 p95=-12.00
  [diag] sat-dist hist bins=60 sat<0.05=0.0% mean=0.995 p10=0.994 p90=0.995
  [diag] z-gate sat-dist hist bins=60 mean=0.119 p10=0.119 p90=0.119
  [diag] r-gate sat-dist hist bins=60 mean=0.499 p10=0.499 p90=0.499
Iter 0002280: train nll 0.046, valid error 037.330%, best valid error 024.250%, avg grad norm   0.087, avg grad norm (post clip)   0.000, rho_Whh  0.08, Omega  0.00, alpha  0.000, steps in the past 0.000, valid nll 0.048, valid mae 0.178, err@0.05 085.86%, err@0.10 071.13%, err@0.20 037.33%, maxae 0.745
  [diag] log10|dL/dh_t| hist bins=60 range=(-12.50,-11.50) mean=-12.00 p50=-12.00 p05=-12.00 p95=-12.00
  [diag] sat-dist hist bins=60 sat<0.05=0.0% mean=0.995 p10=0.994 p90=0.995
  [diag] z-gate sat-dist hist bins=60 mean=0.119 p10=0.119 p90=0.119
  [diag] r-gate sat-dist hist bins=60 mean=0.499 p10=0.499 p90=0.499
Iter 0002300: train nll 0.052, valid error 038.760%, best valid error 024.250%, avg grad norm   0.071, avg grad norm (post clip)   0.000, rho_Whh  0.08, Omega  0.00, alpha  0.000, steps in the past 0.000, valid nll 0.048, valid mae 0.179, err@0.05 086.02%, err@0.10 071.54%, err@0.20 038.76%, maxae 0.738
  [diag] log10|dL/dh_t| hist bins=60 range=(-12.50,-11.50) mean=-12.00 p50=-12.00 p05=-12.00 p95=-12.00
  [diag] sat-dist hist bins=60 sat<0.05=0.0% mean=0.995 p10=0.994 p90=0.995
  [diag] z-gate sat-dist hist bins=60 mean=0.119 p10=0.119 p90=0.119
  [diag] r-gate sat-dist hist bins=60 mean=0.499 p10=0.499 p90=0.499
Iter 0002320: train nll 0.050, valid error 038.440%, best valid error 024.250%, avg grad norm   0.076, avg grad norm (post clip)   0.000, rho_Whh  0.08, Omega  0.00, alpha  0.000, steps in the past 0.000, valid nll 0.048, valid mae 0.179, err@0.05 085.99%, err@0.10 071.56%, err@0.20 038.44%, maxae 0.739
  [diag] log10|dL/dh_t| hist bins=60 range=(-12.50,-11.50) mean=-12.00 p50=-12.00 p05=-12.00 p95=-12.00
  [diag] sat-dist hist bins=60 sat<0.05=0.0% mean=0.995 p10=0.994 p90=0.995
  [diag] z-gate sat-dist hist bins=60 mean=0.119 p10=0.119 p90=0.119
  [diag] r-gate sat-dist hist bins=60 mean=0.499 p10=0.499 p90=0.499
Iter 0002340: train nll 0.052, valid error 038.470%, best valid error 024.250%, avg grad norm   0.061, avg grad norm (post clip)   0.000, rho_Whh  0.08, Omega  0.00, alpha  0.000, steps in the past 0.000, valid nll 0.048, valid mae 0.179, err@0.05 086.00%, err@0.10 071.61%, err@0.20 038.47%, maxae 0.739
  [diag] log10|dL/dh_t| hist bins=60 range=(-12.50,-11.50) mean=-12.00 p50=-12.00 p05=-12.00 p95=-12.00
  [diag] sat-dist hist bins=60 sat<0.05=0.0% mean=0.994 p10=0.994 p90=0.995
  [diag] z-gate sat-dist hist bins=60 mean=0.119 p10=0.119 p90=0.119
  [diag] r-gate sat-dist hist bins=60 mean=0.499 p10=0.499 p90=0.499
Iter 0002360: train nll 0.057, valid error 039.340%, best valid error 024.250%, avg grad norm   0.070, avg grad norm (post clip)   0.000, rho_Whh  0.08, Omega  0.00, alpha  0.000, steps in the past 0.000, valid nll 0.048, valid mae 0.180, err@0.05 086.28%, err@0.10 071.79%, err@0.20 039.34%, maxae 0.735
  [diag] log10|dL/dh_t| hist bins=60 range=(-12.50,-11.50) mean=-12.00 p50=-12.00 p05=-12.00 p95=-12.00
  [diag] sat-dist hist bins=60 sat<0.05=0.0% mean=0.994 p10=0.994 p90=0.995
  [diag] z-gate sat-dist hist bins=60 mean=0.119 p10=0.119 p90=0.119
  [diag] r-gate sat-dist hist bins=60 mean=0.499 p10=0.499 p90=0.499
Iter 0002380: train nll 0.051, valid error 040.300%, best valid error 024.250%, avg grad norm   0.075, avg grad norm (post clip)   0.000, rho_Whh  0.08, Omega  0.00, alpha  0.000, steps in the past 0.000, valid nll 0.048, valid mae 0.181, err@0.05 086.38%, err@0.10 072.11%, err@0.20 040.30%, maxae 0.731
  [diag] log10|dL/dh_t| hist bins=60 range=(-12.50,-11.50) mean=-12.00 p50=-12.00 p05=-12.00 p95=-12.00
  [diag] sat-dist hist bins=60 sat<0.05=0.0% mean=0.994 p10=0.994 p90=0.995
  [diag] z-gate sat-dist hist bins=60 mean=0.119 p10=0.119 p90=0.119
  [diag] r-gate sat-dist hist bins=60 mean=0.499 p10=0.499 p90=0.499
Iter 0002400: train nll 0.053, valid error 039.560%, best valid error 024.250%, avg grad norm   0.065, avg grad norm (post clip)   0.000, rho_Whh  0.08, Omega  0.00, alpha  0.000, steps in the past 0.000, valid nll 0.048, valid mae 0.180, err@0.05 086.33%, err@0.10 071.92%, err@0.20 039.56%, maxae 0.734
  [diag] log10|dL/dh_t| hist bins=60 range=(-12.50,-11.50) mean=-12.00 p50=-12.00 p05=-12.00 p95=-12.00
  [diag] sat-dist hist bins=60 sat<0.05=0.0% mean=0.994 p10=0.994 p90=0.995
  [diag] z-gate sat-dist hist bins=60 mean=0.119 p10=0.119 p90=0.119
  [diag] r-gate sat-dist hist bins=60 mean=0.499 p10=0.499 p90=0.499
Iter 0002420: train nll 0.055, valid error 040.440%, best valid error 024.250%, avg grad norm   0.094, avg grad norm (post clip)   0.000, rho_Whh  0.08, Omega  0.00, alpha  0.000, steps in the past 0.000, valid nll 0.048, valid mae 0.181, err@0.05 086.44%, err@0.10 072.13%, err@0.20 040.44%, maxae 0.730
  [diag] log10|dL/dh_t| hist bins=60 range=(-12.50,-11.50) mean=-12.00 p50=-12.00 p05=-12.00 p95=-12.00
  [diag] sat-dist hist bins=60 sat<0.05=0.0% mean=0.994 p10=0.994 p90=0.995
  [diag] z-gate sat-dist hist bins=60 mean=0.119 p10=0.119 p90=0.119
  [diag] r-gate sat-dist hist bins=60 mean=0.499 p10=0.499 p90=0.499
Iter 0002440: train nll 0.052, valid error 040.560%, best valid error 024.250%, avg grad norm   0.084, avg grad norm (post clip)   0.000, rho_Whh  0.08, Omega  0.00, alpha  0.000, steps in the past 0.000, valid nll 0.048, valid mae 0.181, err@0.05 086.46%, err@0.10 072.23%, err@0.20 040.56%, maxae 0.730
  [diag] log10|dL/dh_t| hist bins=60 range=(-12.50,-11.50) mean=-12.00 p50=-12.00 p05=-12.00 p95=-12.00
  [diag] sat-dist hist bins=60 sat<0.05=0.0% mean=0.994 p10=0.994 p90=0.995
  [diag] z-gate sat-dist hist bins=60 mean=0.119 p10=0.119 p90=0.119
  [diag] r-gate sat-dist hist bins=60 mean=0.499 p10=0.499 p90=0.499
Iter 0002460: train nll 0.057, valid error 040.580%, best valid error 024.250%, avg grad norm   0.103, avg grad norm (post clip)   0.000, rho_Whh  0.08, Omega  0.00, alpha  0.000, steps in the past 0.000, valid nll 0.048, valid mae 0.181, err@0.05 086.48%, err@0.10 072.26%, err@0.20 040.58%, maxae 0.729
  [diag] log10|dL/dh_t| hist bins=60 range=(-12.50,-11.50) mean=-12.00 p50=-12.00 p05=-12.00 p95=-12.00
  [diag] sat-dist hist bins=60 sat<0.05=0.0% mean=0.994 p10=0.994 p90=0.995
  [diag] z-gate sat-dist hist bins=60 mean=0.119 p10=0.119 p90=0.119
  [diag] r-gate sat-dist hist bins=60 mean=0.499 p10=0.499 p90=0.499
Iter 0002480: train nll 0.048, valid error 041.470%, best valid error 024.250%, avg grad norm   0.086, avg grad norm (post clip)   0.000, rho_Whh  0.08, Omega  0.00, alpha  0.000, steps in the past 0.000, valid nll 0.048, valid mae 0.182, err@0.05 086.65%, err@0.10 072.46%, err@0.20 041.47%, maxae 0.725
  [diag] log10|dL/dh_t| hist bins=60 range=(-12.50,-11.50) mean=-12.00 p50=-12.00 p05=-12.00 p95=-12.00
  [diag] sat-dist hist bins=60 sat<0.05=0.0% mean=0.994 p10=0.994 p90=0.995
  [diag] z-gate sat-dist hist bins=60 mean=0.119 p10=0.119 p90=0.119
  [diag] r-gate sat-dist hist bins=60 mean=0.499 p10=0.499 p90=0.499
Iter 0002500: train nll 0.046, valid error 039.300%, best valid error 024.250%, avg grad norm   0.094, avg grad norm (post clip)   0.000, rho_Whh  0.08, Omega  0.00, alpha  0.000, steps in the past 0.000, valid nll 0.048, valid mae 0.180, err@0.05 086.27%, err@0.10 071.74%, err@0.20 039.30%, maxae 0.736
  [diag] log10|dL/dh_t| hist bins=60 range=(-12.50,-11.50) mean=-12.00 p50=-12.00 p05=-12.00 p95=-12.00
  [diag] sat-dist hist bins=60 sat<0.05=0.0% mean=0.994 p10=0.994 p90=0.995
  [diag] z-gate sat-dist hist bins=60 mean=0.119 p10=0.119 p90=0.119
  [diag] r-gate sat-dist hist bins=60 mean=0.499 p10=0.499 p90=0.499
Iter 0002520: train nll 0.045, valid error 039.190%, best valid error 024.250%, avg grad norm   0.098, avg grad norm (post clip)   0.000, rho_Whh  0.08, Omega  0.00, alpha  0.000, steps in the past 0.000, valid nll 0.048, valid mae 0.179, err@0.05 086.29%, err@0.10 071.71%, err@0.20 039.19%, maxae 0.736
  [diag] log10|dL/dh_t| hist bins=60 range=(-12.50,-11.50) mean=-12.00 p50=-12.00 p05=-12.00 p95=-12.00
  [diag] sat-dist hist bins=60 sat<0.05=0.0% mean=0.994 p10=0.994 p90=0.995
  [diag] z-gate sat-dist hist bins=60 mean=0.119 p10=0.119 p90=0.119
  [diag] r-gate sat-dist hist bins=60 mean=0.499 p10=0.499 p90=0.499
Iter 0002540: train nll 0.054, valid error 040.110%, best valid error 024.250%, avg grad norm   0.063, avg grad norm (post clip)   0.000, rho_Whh  0.08, Omega  0.00, alpha  0.000, steps in the past 0.000, valid nll 0.048, valid mae 0.180, err@0.05 086.29%, err@0.10 072.11%, err@0.20 040.11%, maxae 0.732
  [diag] log10|dL/dh_t| hist bins=60 range=(-12.50,-11.50) mean=-12.00 p50=-12.00 p05=-12.00 p95=-12.00
  [diag] sat-dist hist bins=60 sat<0.05=0.0% mean=0.994 p10=0.994 p90=0.995
  [diag] z-gate sat-dist hist bins=60 mean=0.119 p10=0.119 p90=0.119
  [diag] r-gate sat-dist hist bins=60 mean=0.499 p10=0.499 p90=0.499
Iter 0002560: train nll 0.051, valid error 041.570%, best valid error 024.250%, avg grad norm   0.079, avg grad norm (post clip)   0.000, rho_Whh  0.08, Omega  0.00, alpha  0.000, steps in the past 0.000, valid nll 0.048, valid mae 0.182, err@0.05 086.66%, err@0.10 072.54%, err@0.20 041.57%, maxae 0.725
  [diag] log10|dL/dh_t| hist bins=60 range=(-12.50,-11.50) mean=-12.00 p50=-12.00 p05=-12.00 p95=-12.00
  [diag] sat-dist hist bins=60 sat<0.05=0.0% mean=0.994 p10=0.994 p90=0.995
  [diag] z-gate sat-dist hist bins=60 mean=0.119 p10=0.119 p90=0.119
  [diag] r-gate sat-dist hist bins=60 mean=0.499 p10=0.499 p90=0.499
Iter 0002580: train nll 0.049, valid error 040.310%, best valid error 024.250%, avg grad norm   0.082, avg grad norm (post clip)   0.000, rho_Whh  0.08, Omega  0.00, alpha  0.000, steps in the past 0.000, valid nll 0.048, valid mae 0.181, err@0.05 086.39%, err@0.10 072.14%, err@0.20 040.31%, maxae 0.731
  [diag] log10|dL/dh_t| hist bins=60 range=(-12.50,-11.50) mean=-12.00 p50=-12.00 p05=-12.00 p95=-12.00
  [diag] sat-dist hist bins=60 sat<0.05=0.0% mean=0.994 p10=0.994 p90=0.995
  [diag] z-gate sat-dist hist bins=60 mean=0.119 p10=0.119 p90=0.119
  [diag] r-gate sat-dist hist bins=60 mean=0.499 p10=0.499 p90=0.499
Iter 0002600: train nll 0.049, valid error 039.410%, best valid error 024.250%, avg grad norm   0.110, avg grad norm (post clip)   0.000, rho_Whh  0.08, Omega  0.00, alpha  0.000, steps in the past 0.000, valid nll 0.048, valid mae 0.180, err@0.05 086.27%, err@0.10 071.89%, err@0.20 039.41%, maxae 0.735
  [diag] log10|dL/dh_t| hist bins=60 range=(-12.50,-11.50) mean=-12.00 p50=-12.00 p05=-12.00 p95=-12.00
  [diag] sat-dist hist bins=60 sat<0.05=0.0% mean=0.994 p10=0.994 p90=0.995
  [diag] z-gate sat-dist hist bins=60 mean=0.119 p10=0.119 p90=0.119
  [diag] r-gate sat-dist hist bins=60 mean=0.499 p10=0.499 p90=0.499
Iter 0002620: train nll 0.052, valid error 040.110%, best valid error 024.250%, avg grad norm   0.059, avg grad norm (post clip)   0.000, rho_Whh  0.08, Omega  0.00, alpha  0.000, steps in the past 0.000, valid nll 0.048, valid mae 0.180, err@0.05 086.29%, err@0.10 072.11%, err@0.20 040.11%, maxae 0.732
  [diag] log10|dL/dh_t| hist bins=60 range=(-12.50,-11.50) mean=-12.00 p50=-12.00 p05=-12.00 p95=-12.00
  [diag] sat-dist hist bins=60 sat<0.05=0.0% mean=0.994 p10=0.994 p90=0.995
  [diag] z-gate sat-dist hist bins=60 mean=0.119 p10=0.119 p90=0.119
  [diag] r-gate sat-dist hist bins=60 mean=0.499 p10=0.499 p90=0.499
Iter 0002640: train nll 0.050, valid error 040.260%, best valid error 024.250%, avg grad norm   0.064, avg grad norm (post clip)   0.000, rho_Whh  0.08, Omega  0.00, alpha  0.000, steps in the past 0.000, valid nll 0.048, valid mae 0.181, err@0.05 086.33%, err@0.10 072.10%, err@0.20 040.26%, maxae 0.731
  [diag] log10|dL/dh_t| hist bins=60 range=(-12.50,-11.50) mean=-12.00 p50=-12.00 p05=-12.00 p95=-12.00
  [diag] sat-dist hist bins=60 sat<0.05=0.0% mean=0.995 p10=0.994 p90=0.995
  [diag] z-gate sat-dist hist bins=60 mean=0.119 p10=0.119 p90=0.119
  [diag] r-gate sat-dist hist bins=60 mean=0.499 p10=0.499 p90=0.499
Iter 0002660: train nll 0.042, valid error 037.640%, best valid error 024.250%, avg grad norm   0.089, avg grad norm (post clip)   0.000, rho_Whh  0.08, Omega  0.00, alpha  0.000, steps in the past 0.000, valid nll 0.048, valid mae 0.178, err@0.05 085.92%, err@0.10 071.17%, err@0.20 037.64%, maxae 0.743
  [diag] log10|dL/dh_t| hist bins=60 range=(-12.50,-11.50) mean=-12.00 p50=-12.00 p05=-12.00 p95=-12.00
  [diag] sat-dist hist bins=60 sat<0.05=0.0% mean=0.995 p10=0.994 p90=0.995
  [diag] z-gate sat-dist hist bins=60 mean=0.119 p10=0.119 p90=0.119
  [diag] r-gate sat-dist hist bins=60 mean=0.499 p10=0.499 p90=0.499
Iter 0002680: train nll 0.051, valid error 037.770%, best valid error 024.250%, avg grad norm   0.074, avg grad norm (post clip)   0.000, rho_Whh  0.08, Omega  0.00, alpha  0.000, steps in the past 0.000, valid nll 0.048, valid mae 0.178, err@0.05 085.93%, err@0.10 071.28%, err@0.20 037.77%, maxae 0.743
  [diag] log10|dL/dh_t| hist bins=60 range=(-12.50,-11.50) mean=-12.00 p50=-12.00 p05=-12.00 p95=-12.00
  [diag] sat-dist hist bins=60 sat<0.05=0.0% mean=0.994 p10=0.994 p90=0.995
  [diag] z-gate sat-dist hist bins=60 mean=0.119 p10=0.119 p90=0.119
  [diag] r-gate sat-dist hist bins=60 mean=0.499 p10=0.499 p90=0.499
Iter 0002700: train nll 0.056, valid error 039.060%, best valid error 024.250%, avg grad norm   0.099, avg grad norm (post clip)   0.000, rho_Whh  0.08, Omega  0.00, alpha  0.000, steps in the past 0.000, valid nll 0.048, valid mae 0.179, err@0.05 086.20%, err@0.10 071.68%, err@0.20 039.06%, maxae 0.737
  [diag] log10|dL/dh_t| hist bins=60 range=(-12.50,-11.50) mean=-12.00 p50=-12.00 p05=-12.00 p95=-12.00
  [diag] sat-dist hist bins=60 sat<0.05=0.0% mean=0.995 p10=0.994 p90=0.995
  [diag] z-gate sat-dist hist bins=60 mean=0.119 p10=0.119 p90=0.119
  [diag] r-gate sat-dist hist bins=60 mean=0.499 p10=0.499 p90=0.499
Iter 0002720: train nll 0.047, valid error 036.160%, best valid error 024.250%, avg grad norm   0.079, avg grad norm (post clip)   0.000, rho_Whh  0.08, Omega  0.00, alpha  0.000, steps in the past 0.000, valid nll 0.048, valid mae 0.177, err@0.05 085.62%, err@0.10 070.70%, err@0.20 036.16%, maxae 0.750
  [diag] log10|dL/dh_t| hist bins=60 range=(-12.50,-11.50) mean=-12.00 p50=-12.00 p05=-12.00 p95=-12.00
  [diag] sat-dist hist bins=60 sat<0.05=0.0% mean=0.995 p10=0.994 p90=0.995
  [diag] z-gate sat-dist hist bins=60 mean=0.119 p10=0.119 p90=0.119
  [diag] r-gate sat-dist hist bins=60 mean=0.499 p10=0.499 p90=0.499
Iter 0002740: train nll 0.049, valid error 036.600%, best valid error 024.250%, avg grad norm   0.095, avg grad norm (post clip)   0.000, rho_Whh  0.08, Omega  0.00, alpha  0.000, steps in the past 0.000, valid nll 0.048, valid mae 0.177, err@0.05 085.71%, err@0.10 070.81%, err@0.20 036.60%, maxae 0.748
  [diag] log10|dL/dh_t| hist bins=60 range=(-12.50,-11.50) mean=-12.00 p50=-12.00 p05=-12.00 p95=-12.00
  [diag] sat-dist hist bins=60 sat<0.05=0.0% mean=0.994 p10=0.994 p90=0.995
  [diag] z-gate sat-dist hist bins=60 mean=0.119 p10=0.119 p90=0.119
  [diag] r-gate sat-dist hist bins=60 mean=0.499 p10=0.499 p90=0.499
Iter 0002760: train nll 0.057, valid error 039.560%, best valid error 024.250%, avg grad norm   0.099, avg grad norm (post clip)   0.000, rho_Whh  0.08, Omega  0.00, alpha  0.000, steps in the past 0.000, valid nll 0.048, valid mae 0.180, err@0.05 086.33%, err@0.10 071.93%, err@0.20 039.56%, maxae 0.734
  [diag] log10|dL/dh_t| hist bins=60 range=(-12.50,-11.50) mean=-12.00 p50=-12.00 p05=-12.00 p95=-12.00
  [diag] sat-dist hist bins=60 sat<0.05=0.0% mean=0.994 p10=0.994 p90=0.995
  [diag] z-gate sat-dist hist bins=60 mean=0.119 p10=0.119 p90=0.119
  [diag] r-gate sat-dist hist bins=60 mean=0.499 p10=0.499 p90=0.499
Iter 0002780: train nll 0.049, valid error 038.980%, best valid error 024.250%, avg grad norm   0.097, avg grad norm (post clip)   0.000, rho_Whh  0.08, Omega  0.00, alpha  0.000, steps in the past 0.000, valid nll 0.048, valid mae 0.179, err@0.05 086.16%, err@0.10 071.62%, err@0.20 038.98%, maxae 0.737
  [diag] log10|dL/dh_t| hist bins=60 range=(-12.50,-11.50) mean=-12.00 p50=-12.00 p05=-12.00 p95=-12.00
  [diag] sat-dist hist bins=60 sat<0.05=0.0% mean=0.994 p10=0.994 p90=0.995
  [diag] z-gate sat-dist hist bins=60 mean=0.119 p10=0.119 p90=0.119
  [diag] r-gate sat-dist hist bins=60 mean=0.499 p10=0.499 p90=0.499
Iter 0002800: train nll 0.050, valid error 039.370%, best valid error 024.250%, avg grad norm   0.076, avg grad norm (post clip)   0.000, rho_Whh  0.08, Omega  0.00, alpha  0.000, steps in the past 0.000, valid nll 0.048, valid mae 0.180, err@0.05 086.28%, err@0.10 071.87%, err@0.20 039.37%, maxae 0.735
  [diag] log10|dL/dh_t| hist bins=60 range=(-12.50,-11.50) mean=-12.00 p50=-12.00 p05=-12.00 p95=-12.00
  [diag] sat-dist hist bins=60 sat<0.05=0.0% mean=0.994 p10=0.994 p90=0.995
  [diag] z-gate sat-dist hist bins=60 mean=0.119 p10=0.119 p90=0.119
  [diag] r-gate sat-dist hist bins=60 mean=0.499 p10=0.499 p90=0.499
Iter 0002820: train nll 0.053, valid error 039.800%, best valid error 024.250%, avg grad norm   0.090, avg grad norm (post clip)   0.000, rho_Whh  0.08, Omega  0.00, alpha  0.000, steps in the past 0.000, valid nll 0.048, valid mae 0.180, err@0.05 086.32%, err@0.10 072.05%, err@0.20 039.80%, maxae 0.733
  [diag] log10|dL/dh_t| hist bins=60 range=(-12.50,-11.50) mean=-12.00 p50=-12.00 p05=-12.00 p95=-12.00
  [diag] sat-dist hist bins=60 sat<0.05=0.0% mean=0.995 p10=0.994 p90=0.995
  [diag] z-gate sat-dist hist bins=60 mean=0.119 p10=0.119 p90=0.119
  [diag] r-gate sat-dist hist bins=60 mean=0.499 p10=0.499 p90=0.499
Iter 0002840: train nll 0.047, valid error 038.380%, best valid error 024.250%, avg grad norm   0.075, avg grad norm (post clip)   0.000, rho_Whh  0.08, Omega  0.00, alpha  0.000, steps in the past 0.000, valid nll 0.048, valid mae 0.179, err@0.05 085.87%, err@0.10 071.55%, err@0.20 038.38%, maxae 0.740
  [diag] log10|dL/dh_t| hist bins=60 range=(-12.50,-11.50) mean=-12.00 p50=-12.00 p05=-12.00 p95=-12.00
  [diag] sat-dist hist bins=60 sat<0.05=0.0% mean=0.994 p10=0.994 p90=0.995
  [diag] z-gate sat-dist hist bins=60 mean=0.119 p10=0.119 p90=0.119
  [diag] r-gate sat-dist hist bins=60 mean=0.499 p10=0.499 p90=0.499
Iter 0002860: train nll 0.054, valid error 039.410%, best valid error 024.250%, avg grad norm   0.072, avg grad norm (post clip)   0.000, rho_Whh  0.08, Omega  0.00, alpha  0.000, steps in the past 0.000, valid nll 0.048, valid mae 0.180, err@0.05 086.27%, err@0.10 071.89%, err@0.20 039.41%, maxae 0.735
  [diag] log10|dL/dh_t| hist bins=60 range=(-12.50,-11.50) mean=-12.00 p50=-12.00 p05=-12.00 p95=-12.00
  [diag] sat-dist hist bins=60 sat<0.05=0.0% mean=0.995 p10=0.994 p90=0.995
  [diag] z-gate sat-dist hist bins=60 mean=0.119 p10=0.119 p90=0.119
  [diag] r-gate sat-dist hist bins=60 mean=0.499 p10=0.499 p90=0.499
Iter 0002880: train nll 0.042, valid error 038.610%, best valid error 024.250%, avg grad norm   0.058, avg grad norm (post clip)   0.000, rho_Whh  0.08, Omega  0.00, alpha  0.000, steps in the past 0.000, valid nll 0.048, valid mae 0.179, err@0.05 085.97%, err@0.10 071.61%, err@0.20 038.61%, maxae 0.739
  [diag] log10|dL/dh_t| hist bins=60 range=(-12.50,-11.50) mean=-12.00 p50=-12.00 p05=-12.00 p95=-12.00
  [diag] sat-dist hist bins=60 sat<0.05=0.0% mean=0.994 p10=0.994 p90=0.995
  [diag] z-gate sat-dist hist bins=60 mean=0.119 p10=0.119 p90=0.119
  [diag] r-gate sat-dist hist bins=60 mean=0.499 p10=0.499 p90=0.499
Iter 0002900: train nll 0.049, valid error 039.470%, best valid error 024.250%, avg grad norm   0.097, avg grad norm (post clip)   0.000, rho_Whh  0.08, Omega  0.00, alpha  0.000, steps in the past 0.000, valid nll 0.048, valid mae 0.180, err@0.05 086.29%, err@0.10 071.93%, err@0.20 039.47%, maxae 0.734
  [diag] log10|dL/dh_t| hist bins=60 range=(-12.50,-11.50) mean=-12.00 p50=-12.00 p05=-12.00 p95=-12.00
  [diag] sat-dist hist bins=60 sat<0.05=0.0% mean=0.994 p10=0.994 p90=0.995
  [diag] z-gate sat-dist hist bins=60 mean=0.119 p10=0.119 p90=0.119
  [diag] r-gate sat-dist hist bins=60 mean=0.499 p10=0.499 p90=0.499
Iter 0002920: train nll 0.053, valid error 039.510%, best valid error 024.250%, avg grad norm   0.074, avg grad norm (post clip)   0.000, rho_Whh  0.08, Omega  0.00, alpha  0.000, steps in the past 0.000, valid nll 0.048, valid mae 0.180, err@0.05 086.30%, err@0.10 071.94%, err@0.20 039.51%, maxae 0.734
  [diag] log10|dL/dh_t| hist bins=60 range=(-12.50,-11.50) mean=-12.00 p50=-12.00 p05=-12.00 p95=-12.00
  [diag] sat-dist hist bins=60 sat<0.05=0.0% mean=0.994 p10=0.994 p90=0.995
  [diag] z-gate sat-dist hist bins=60 mean=0.119 p10=0.119 p90=0.119
  [diag] r-gate sat-dist hist bins=60 mean=0.499 p10=0.499 p90=0.499
Iter 0002940: train nll 0.052, valid error 039.690%, best valid error 024.250%, avg grad norm   0.084, avg grad norm (post clip)   0.000, rho_Whh  0.08, Omega  0.00, alpha  0.000, steps in the past 0.000, valid nll 0.048, valid mae 0.180, err@0.05 086.35%, err@0.10 072.00%, err@0.20 039.69%, maxae 0.734
  [diag] log10|dL/dh_t| hist bins=60 range=(-12.50,-11.50) mean=-12.00 p50=-12.00 p05=-12.00 p95=-12.00
  [diag] sat-dist hist bins=60 sat<0.05=0.0% mean=0.994 p10=0.994 p90=0.995
  [diag] z-gate sat-dist hist bins=60 mean=0.119 p10=0.119 p90=0.119
  [diag] r-gate sat-dist hist bins=60 mean=0.499 p10=0.499 p90=0.499
Iter 0002960: train nll 0.043, valid error 039.380%, best valid error 024.250%, avg grad norm   0.094, avg grad norm (post clip)   0.000, rho_Whh  0.08, Omega  0.00, alpha  0.000, steps in the past 0.000, valid nll 0.048, valid mae 0.180, err@0.05 086.28%, err@0.10 071.81%, err@0.20 039.38%, maxae 0.735
  [diag] log10|dL/dh_t| hist bins=60 range=(-12.50,-11.50) mean=-12.00 p50=-12.00 p05=-12.00 p95=-12.00
  [diag] sat-dist hist bins=60 sat<0.05=0.0% mean=0.994 p10=0.994 p90=0.995
  [diag] z-gate sat-dist hist bins=60 mean=0.119 p10=0.119 p90=0.119
  [diag] r-gate sat-dist hist bins=60 mean=0.499 p10=0.499 p90=0.499
Iter 0002980: train nll 0.050, valid error 038.860%, best valid error 024.250%, avg grad norm   0.086, avg grad norm (post clip)   0.000, rho_Whh  0.08, Omega  0.00, alpha  0.000, steps in the past 0.000, valid nll 0.048, valid mae 0.179, err@0.05 086.10%, err@0.10 071.65%, err@0.20 038.86%, maxae 0.738
  [diag] log10|dL/dh_t| hist bins=60 range=(-12.50,-11.50) mean=-12.00 p50=-12.00 p05=-12.00 p95=-12.00
  [diag] sat-dist hist bins=60 sat<0.05=0.0% mean=0.995 p10=0.994 p90=0.995
  [diag] z-gate sat-dist hist bins=60 mean=0.119 p10=0.119 p90=0.119
  [diag] r-gate sat-dist hist bins=60 mean=0.499 p10=0.499 p90=0.499
Iter 0003000: train nll 0.047, valid error 037.310%, best valid error 024.250%, avg grad norm   0.075, avg grad norm (post clip)   0.000, rho_Whh  0.08, Omega  0.00, alpha  0.000, steps in the past 0.000, valid nll 0.048, valid mae 0.178, err@0.05 085.86%, err@0.10 071.12%, err@0.20 037.31%, maxae 0.745
  [diag] log10|dL/dh_t| hist bins=60 range=(-12.50,-11.50) mean=-12.00 p50=-12.00 p05=-12.00 p95=-12.00
  [diag] sat-dist hist bins=60 sat<0.05=0.0% mean=0.995 p10=0.994 p90=0.995
  [diag] z-gate sat-dist hist bins=60 mean=0.119 p10=0.119 p90=0.119
  [diag] r-gate sat-dist hist bins=60 mean=0.499 p10=0.499 p90=0.499
Iter 0003020: train nll 0.050, valid error 038.730%, best valid error 024.250%, avg grad norm   0.097, avg grad norm (post clip)   0.000, rho_Whh  0.08, Omega  0.00, alpha  0.000, steps in the past 0.000, valid nll 0.048, valid mae 0.179, err@0.05 086.00%, err@0.10 071.56%, err@0.20 038.73%, maxae 0.738
  [diag] log10|dL/dh_t| hist bins=60 range=(-12.50,-11.50) mean=-12.00 p50=-12.00 p05=-12.00 p95=-12.00
  [diag] sat-dist hist bins=60 sat<0.05=0.0% mean=0.995 p10=0.994 p90=0.995
  [diag] z-gate sat-dist hist bins=60 mean=0.119 p10=0.119 p90=0.119
  [diag] r-gate sat-dist hist bins=60 mean=0.499 p10=0.499 p90=0.499
Iter 0003040: train nll 0.046, valid error 038.260%, best valid error 024.250%, avg grad norm   0.074, avg grad norm (post clip)   0.000, rho_Whh  0.08, Omega  0.00, alpha  0.000, steps in the past 0.000, valid nll 0.048, valid mae 0.179, err@0.05 085.93%, err@0.10 071.53%, err@0.20 038.26%, maxae 0.741
  [diag] log10|dL/dh_t| hist bins=60 range=(-12.50,-11.50) mean=-12.00 p50=-12.00 p05=-12.00 p95=-12.00
  [diag] sat-dist hist bins=60 sat<0.05=0.0% mean=0.994 p10=0.994 p90=0.995
  [diag] z-gate sat-dist hist bins=60 mean=0.119 p10=0.119 p90=0.119
  [diag] r-gate sat-dist hist bins=60 mean=0.499 p10=0.499 p90=0.499
Iter 0003060: train nll 0.048, valid error 038.830%, best valid error 024.250%, avg grad norm   0.097, avg grad norm (post clip)   0.000, rho_Whh  0.08, Omega  0.00, alpha  0.000, steps in the past 0.000, valid nll 0.048, valid mae 0.179, err@0.05 086.09%, err@0.10 071.64%, err@0.20 038.83%, maxae 0.738
  [diag] log10|dL/dh_t| hist bins=60 range=(-12.50,-11.50) mean=-12.00 p50=-12.00 p05=-12.00 p95=-12.00
  [diag] sat-dist hist bins=60 sat<0.05=0.0% mean=0.995 p10=0.994 p90=0.995
  [diag] z-gate sat-dist hist bins=60 mean=0.119 p10=0.119 p90=0.119
  [diag] r-gate sat-dist hist bins=60 mean=0.499 p10=0.499 p90=0.499
Iter 0003080: train nll 0.041, valid error 038.420%, best valid error 024.250%, avg grad norm   0.082, avg grad norm (post clip)   0.000, rho_Whh  0.08, Omega  0.00, alpha  0.000, steps in the past 0.000, valid nll 0.048, valid mae 0.179, err@0.05 085.90%, err@0.10 071.56%, err@0.20 038.42%, maxae 0.740
  [diag] log10|dL/dh_t| hist bins=60 range=(-12.50,-11.50) mean=-12.00 p50=-12.00 p05=-12.00 p95=-12.00
  [diag] sat-dist hist bins=60 sat<0.05=0.0% mean=0.995 p10=0.994 p90=0.995
  [diag] z-gate sat-dist hist bins=60 mean=0.119 p10=0.119 p90=0.119
  [diag] r-gate sat-dist hist bins=60 mean=0.499 p10=0.499 p90=0.499
Iter 0003100: train nll 0.046, valid error 037.880%, best valid error 024.250%, avg grad norm   0.088, avg grad norm (post clip)   0.000, rho_Whh  0.08, Omega  0.00, alpha  0.000, steps in the past 0.000, valid nll 0.048, valid mae 0.178, err@0.05 085.91%, err@0.10 071.33%, err@0.20 037.88%, maxae 0.742
  [diag] log10|dL/dh_t| hist bins=60 range=(-12.50,-11.50) mean=-12.00 p50=-12.00 p05=-12.00 p95=-12.00
  [diag] sat-dist hist bins=60 sat<0.05=0.0% mean=0.994 p10=0.994 p90=0.995
  [diag] z-gate sat-dist hist bins=60 mean=0.119 p10=0.119 p90=0.119
  [diag] r-gate sat-dist hist bins=60 mean=0.499 p10=0.499 p90=0.499
Iter 0003120: train nll 0.054, valid error 039.110%, best valid error 024.250%, avg grad norm   0.073, avg grad norm (post clip)   0.000, rho_Whh  0.08, Omega  0.00, alpha  0.000, steps in the past 0.000, valid nll 0.048, valid mae 0.179, err@0.05 086.18%, err@0.10 071.67%, err@0.20 039.11%, maxae 0.736
  [diag] log10|dL/dh_t| hist bins=60 range=(-12.50,-11.50) mean=-12.00 p50=-12.00 p05=-12.00 p95=-12.00
  [diag] sat-dist hist bins=60 sat<0.05=0.0% mean=0.995 p10=0.994 p90=0.995
  [diag] z-gate sat-dist hist bins=60 mean=0.119 p10=0.119 p90=0.119
  [diag] r-gate sat-dist hist bins=60 mean=0.499 p10=0.499 p90=0.499
Iter 0003140: train nll 0.049, valid error 038.380%, best valid error 024.250%, avg grad norm   0.080, avg grad norm (post clip)   0.000, rho_Whh  0.08, Omega  0.00, alpha  0.000, steps in the past 0.000, valid nll 0.048, valid mae 0.179, err@0.05 085.87%, err@0.10 071.55%, err@0.20 038.38%, maxae 0.740
  [diag] log10|dL/dh_t| hist bins=60 range=(-12.50,-11.50) mean=-12.00 p50=-12.00 p05=-12.00 p95=-12.00
  [diag] sat-dist hist bins=60 sat<0.05=0.0% mean=0.995 p10=0.994 p90=0.995
  [diag] z-gate sat-dist hist bins=60 mean=0.119 p10=0.119 p90=0.119
  [diag] r-gate sat-dist hist bins=60 mean=0.499 p10=0.499 p90=0.499
Iter 0003160: train nll 0.048, valid error 038.430%, best valid error 024.250%, avg grad norm   0.092, avg grad norm (post clip)   0.000, rho_Whh  0.08, Omega  0.00, alpha  0.000, steps in the past 0.000, valid nll 0.048, valid mae 0.179, err@0.05 085.92%, err@0.10 071.57%, err@0.20 038.43%, maxae 0.739
  [diag] log10|dL/dh_t| hist bins=60 range=(-12.50,-11.50) mean=-12.00 p50=-12.00 p05=-12.00 p95=-12.00
  [diag] sat-dist hist bins=60 sat<0.05=0.0% mean=0.995 p10=0.994 p90=0.995
  [diag] z-gate sat-dist hist bins=60 mean=0.119 p10=0.119 p90=0.119
  [diag] r-gate sat-dist hist bins=60 mean=0.499 p10=0.499 p90=0.499
Iter 0003180: train nll 0.048, valid error 037.980%, best valid error 024.250%, avg grad norm   0.057, avg grad norm (post clip)   0.000, rho_Whh  0.08, Omega  0.00, alpha  0.000, steps in the past 0.000, valid nll 0.048, valid mae 0.178, err@0.05 085.88%, err@0.10 071.44%, err@0.20 037.98%, maxae 0.742
  [diag] log10|dL/dh_t| hist bins=60 range=(-12.50,-11.50) mean=-12.00 p50=-12.00 p05=-12.00 p95=-12.00
  [diag] sat-dist hist bins=60 sat<0.05=0.0% mean=0.995 p10=0.994 p90=0.995
  [diag] z-gate sat-dist hist bins=60 mean=0.119 p10=0.119 p90=0.119
  [diag] r-gate sat-dist hist bins=60 mean=0.499 p10=0.499 p90=0.499
Iter 0003200: train nll 0.045, valid error 037.720%, best valid error 024.250%, avg grad norm   0.077, avg grad norm (post clip)   0.000, rho_Whh  0.08, Omega  0.00, alpha  0.000, steps in the past 0.000, valid nll 0.048, valid mae 0.178, err@0.05 085.92%, err@0.10 071.21%, err@0.20 037.72%, maxae 0.743
  [diag] log10|dL/dh_t| hist bins=60 range=(-12.50,-11.50) mean=-12.00 p50=-12.00 p05=-12.00 p95=-12.00
  [diag] sat-dist hist bins=60 sat<0.05=0.0% mean=0.995 p10=0.994 p90=0.995
  [diag] z-gate sat-dist hist bins=60 mean=0.119 p10=0.119 p90=0.119
  [diag] r-gate sat-dist hist bins=60 mean=0.499 p10=0.499 p90=0.499
Iter 0003220: train nll 0.045, valid error 037.190%, best valid error 024.250%, avg grad norm   0.040, avg grad norm (post clip)   0.000, rho_Whh  0.08, Omega  0.00, alpha  0.000, steps in the past 0.000, valid nll 0.048, valid mae 0.178, err@0.05 085.81%, err@0.10 071.02%, err@0.20 037.19%, maxae 0.745
  [diag] log10|dL/dh_t| hist bins=60 range=(-12.50,-11.50) mean=-12.00 p50=-12.00 p05=-12.00 p95=-12.00
  [diag] sat-dist hist bins=60 sat<0.05=0.0% mean=0.995 p10=0.994 p90=0.995
  [diag] z-gate sat-dist hist bins=60 mean=0.119 p10=0.119 p90=0.119
  [diag] r-gate sat-dist hist bins=60 mean=0.499 p10=0.499 p90=0.499
Iter 0003240: train nll 0.048, valid error 037.120%, best valid error 024.250%, avg grad norm   0.065, avg grad norm (post clip)   0.000, rho_Whh  0.08, Omega  0.00, alpha  0.000, steps in the past 0.000, valid nll 0.048, valid mae 0.178, err@0.05 085.79%, err@0.10 071.03%, err@0.20 037.12%, maxae 0.746
  [diag] log10|dL/dh_t| hist bins=60 range=(-12.50,-11.50) mean=-12.00 p50=-12.00 p05=-12.00 p95=-12.00
  [diag] sat-dist hist bins=60 sat<0.05=0.0% mean=0.995 p10=0.994 p90=0.995
  [diag] z-gate sat-dist hist bins=60 mean=0.119 p10=0.119 p90=0.119
  [diag] r-gate sat-dist hist bins=60 mean=0.499 p10=0.499 p90=0.499
Iter 0003260: train nll 0.050, valid error 037.690%, best valid error 024.250%, avg grad norm   0.084, avg grad norm (post clip)   0.000, rho_Whh  0.08, Omega  0.00, alpha  0.000, steps in the past 0.000, valid nll 0.048, valid mae 0.178, err@0.05 085.93%, err@0.10 071.23%, err@0.20 037.69%, maxae 0.743
  [diag] log10|dL/dh_t| hist bins=60 range=(-12.50,-11.50) mean=-12.00 p50=-12.00 p05=-12.00 p95=-12.00
  [diag] sat-dist hist bins=60 sat<0.05=0.0% mean=0.995 p10=0.994 p90=0.995
  [diag] z-gate sat-dist hist bins=60 mean=0.119 p10=0.119 p90=0.119
  [diag] r-gate sat-dist hist bins=60 mean=0.499 p10=0.499 p90=0.499
Iter 0003280: train nll 0.046, valid error 037.900%, best valid error 024.250%, avg grad norm   0.069, avg grad norm (post clip)   0.000, rho_Whh  0.08, Omega  0.00, alpha  0.000, steps in the past 0.000, valid nll 0.048, valid mae 0.178, err@0.05 085.91%, err@0.10 071.38%, err@0.20 037.90%, maxae 0.742
  [diag] log10|dL/dh_t| hist bins=60 range=(-12.50,-11.50) mean=-12.00 p50=-12.00 p05=-12.00 p95=-12.00
  [diag] sat-dist hist bins=60 sat<0.05=0.0% mean=0.995 p10=0.994 p90=0.995
  [diag] z-gate sat-dist hist bins=60 mean=0.119 p10=0.119 p90=0.119
  [diag] r-gate sat-dist hist bins=60 mean=0.499 p10=0.499 p90=0.499
Iter 0003300: train nll 0.047, valid error 037.940%, best valid error 024.250%, avg grad norm   0.072, avg grad norm (post clip)   0.000, rho_Whh  0.08, Omega  0.00, alpha  0.000, steps in the past 0.000, valid nll 0.048, valid mae 0.178, err@0.05 085.88%, err@0.10 071.35%, err@0.20 037.94%, maxae 0.742
  [diag] log10|dL/dh_t| hist bins=60 range=(-12.50,-11.50) mean=-12.00 p50=-12.00 p05=-12.00 p95=-12.00
  [diag] sat-dist hist bins=60 sat<0.05=0.0% mean=0.995 p10=0.994 p90=0.995
  [diag] z-gate sat-dist hist bins=60 mean=0.119 p10=0.119 p90=0.119
  [diag] r-gate sat-dist hist bins=60 mean=0.499 p10=0.499 p90=0.499
Iter 0003320: train nll 0.045, valid error 037.480%, best valid error 024.250%, avg grad norm   0.079, avg grad norm (post clip)   0.000, rho_Whh  0.08, Omega  0.00, alpha  0.000, steps in the past 0.000, valid nll 0.048, valid mae 0.178, err@0.05 085.91%, err@0.10 071.19%, err@0.20 037.48%, maxae 0.744
  [diag] log10|dL/dh_t| hist bins=60 range=(-12.50,-11.50) mean=-12.00 p50=-12.00 p05=-12.00 p95=-12.00
  [diag] sat-dist hist bins=60 sat<0.05=0.0% mean=0.995 p10=0.994 p90=0.995
  [diag] z-gate sat-dist hist bins=60 mean=0.119 p10=0.119 p90=0.119
  [diag] r-gate sat-dist hist bins=60 mean=0.499 p10=0.499 p90=0.499
Iter 0003340: train nll 0.050, valid error 038.350%, best valid error 024.250%, avg grad norm   0.089, avg grad norm (post clip)   0.000, rho_Whh  0.08, Omega  0.00, alpha  0.000, steps in the past 0.000, valid nll 0.048, valid mae 0.179, err@0.05 085.92%, err@0.10 071.50%, err@0.20 038.35%, maxae 0.740
  [diag] log10|dL/dh_t| hist bins=60 range=(-12.50,-11.50) mean=-12.00 p50=-12.00 p05=-12.00 p95=-12.00
  [diag] sat-dist hist bins=60 sat<0.05=0.0% mean=0.995 p10=0.994 p90=0.995
  [diag] z-gate sat-dist hist bins=60 mean=0.119 p10=0.119 p90=0.119
  [diag] r-gate sat-dist hist bins=60 mean=0.499 p10=0.499 p90=0.499
Iter 0003360: train nll 0.047, valid error 037.310%, best valid error 024.250%, avg grad norm   0.098, avg grad norm (post clip)   0.000, rho_Whh  0.08, Omega  0.00, alpha  0.000, steps in the past 0.000, valid nll 0.048, valid mae 0.178, err@0.05 085.86%, err@0.10 071.11%, err@0.20 037.31%, maxae 0.745
  [diag] log10|dL/dh_t| hist bins=60 range=(-12.50,-11.50) mean=-12.00 p50=-12.00 p05=-12.00 p95=-12.00
  [diag] sat-dist hist bins=60 sat<0.05=0.0% mean=0.995 p10=0.994 p90=0.995
  [diag] z-gate sat-dist hist bins=60 mean=0.119 p10=0.119 p90=0.119
  [diag] r-gate sat-dist hist bins=60 mean=0.499 p10=0.499 p90=0.499
Iter 0003380: train nll 0.055, valid error 037.440%, best valid error 024.250%, avg grad norm   0.084, avg grad norm (post clip)   0.000, rho_Whh  0.08, Omega  0.00, alpha  0.000, steps in the past 0.000, valid nll 0.048, valid mae 0.178, err@0.05 085.91%, err@0.10 071.15%, err@0.20 037.44%, maxae 0.744
  [diag] log10|dL/dh_t| hist bins=60 range=(-12.50,-11.50) mean=-12.00 p50=-12.00 p05=-12.00 p95=-12.00
  [diag] sat-dist hist bins=60 sat<0.05=0.0% mean=0.995 p10=0.994 p90=0.995
  [diag] z-gate sat-dist hist bins=60 mean=0.119 p10=0.119 p90=0.119
  [diag] r-gate sat-dist hist bins=60 mean=0.499 p10=0.499 p90=0.499
Iter 0003400: train nll 0.045, valid error 036.240%, best valid error 024.250%, avg grad norm   0.097, avg grad norm (post clip)   0.000, rho_Whh  0.08, Omega  0.00, alpha  0.000, steps in the past 0.000, valid nll 0.048, valid mae 0.177, err@0.05 085.72%, err@0.10 070.77%, err@0.20 036.24%, maxae 0.749
  [diag] log10|dL/dh_t| hist bins=60 range=(-12.50,-11.50) mean=-12.00 p50=-12.00 p05=-12.00 p95=-12.00
  [diag] sat-dist hist bins=60 sat<0.05=0.0% mean=0.995 p10=0.994 p90=0.995
  [diag] z-gate sat-dist hist bins=60 mean=0.119 p10=0.119 p90=0.119
  [diag] r-gate sat-dist hist bins=60 mean=0.499 p10=0.499 p90=0.499
Iter 0003420: train nll 0.054, valid error 037.950%, best valid error 024.250%, avg grad norm   0.102, avg grad norm (post clip)   0.000, rho_Whh  0.08, Omega  0.00, alpha  0.000, steps in the past 0.000, valid nll 0.048, valid mae 0.178, err@0.05 085.90%, err@0.10 071.36%, err@0.20 037.95%, maxae 0.742
  [diag] log10|dL/dh_t| hist bins=60 range=(-12.50,-11.50) mean=-12.00 p50=-12.00 p05=-12.00 p95=-12.00
  [diag] sat-dist hist bins=60 sat<0.05=0.0% mean=0.995 p10=0.994 p90=0.995
  [diag] z-gate sat-dist hist bins=60 mean=0.119 p10=0.119 p90=0.119
  [diag] r-gate sat-dist hist bins=60 mean=0.499 p10=0.499 p90=0.499
Iter 0003440: train nll 0.050, valid error 037.970%, best valid error 024.250%, avg grad norm   0.086, avg grad norm (post clip)   0.000, rho_Whh  0.08, Omega  0.00, alpha  0.000, steps in the past 0.000, valid nll 0.048, valid mae 0.178, err@0.05 085.89%, err@0.10 071.39%, err@0.20 037.97%, maxae 0.742
  [diag] log10|dL/dh_t| hist bins=60 range=(-12.50,-11.50) mean=-12.00 p50=-12.00 p05=-12.00 p95=-12.00
  [diag] sat-dist hist bins=60 sat<0.05=0.0% mean=0.995 p10=0.994 p90=0.995
  [diag] z-gate sat-dist hist bins=60 mean=0.119 p10=0.119 p90=0.119
  [diag] r-gate sat-dist hist bins=60 mean=0.499 p10=0.499 p90=0.499
Iter 0003460: train nll 0.045, valid error 037.490%, best valid error 024.250%, avg grad norm   0.079, avg grad norm (post clip)   0.000, rho_Whh  0.08, Omega  0.00, alpha  0.000, steps in the past 0.000, valid nll 0.048, valid mae 0.178, err@0.05 085.91%, err@0.10 071.19%, err@0.20 037.49%, maxae 0.744
  [diag] log10|dL/dh_t| hist bins=60 range=(-12.50,-11.50) mean=-12.00 p50=-12.00 p05=-12.00 p95=-12.00
  [diag] sat-dist hist bins=60 sat<0.05=0.0% mean=0.995 p10=0.994 p90=0.995
  [diag] z-gate sat-dist hist bins=60 mean=0.119 p10=0.119 p90=0.119
  [diag] r-gate sat-dist hist bins=60 mean=0.499 p10=0.499 p90=0.499
Iter 0003480: train nll 0.046, valid error 038.390%, best valid error 024.250%, avg grad norm   0.075, avg grad norm (post clip)   0.000, rho_Whh  0.08, Omega  0.00, alpha  0.000, steps in the past 0.000, valid nll 0.048, valid mae 0.179, err@0.05 085.89%, err@0.10 071.53%, err@0.20 038.39%, maxae 0.740
  [diag] log10|dL/dh_t| hist bins=60 range=(-12.50,-11.50) mean=-12.00 p50=-12.00 p05=-12.00 p95=-12.00
  [diag] sat-dist hist bins=60 sat<0.05=0.0% mean=0.995 p10=0.994 p90=0.995
  [diag] z-gate sat-dist hist bins=60 mean=0.119 p10=0.119 p90=0.119
  [diag] r-gate sat-dist hist bins=60 mean=0.499 p10=0.499 p90=0.499
Iter 0003500: train nll 0.053, valid error 038.320%, best valid error 024.250%, avg grad norm   0.066, avg grad norm (post clip)   0.000, rho_Whh  0.08, Omega  0.00, alpha  0.000, steps in the past 0.000, valid nll 0.048, valid mae 0.179, err@0.05 085.92%, err@0.10 071.50%, err@0.20 038.32%, maxae 0.740
  [diag] log10|dL/dh_t| hist bins=60 range=(-12.50,-11.50) mean=-12.00 p50=-12.00 p05=-12.00 p95=-12.00
  [diag] sat-dist hist bins=60 sat<0.05=0.0% mean=0.995 p10=0.994 p90=0.995
  [diag] z-gate sat-dist hist bins=60 mean=0.119 p10=0.119 p90=0.119
  [diag] r-gate sat-dist hist bins=60 mean=0.499 p10=0.499 p90=0.499
Iter 0003520: train nll 0.049, valid error 037.030%, best valid error 024.250%, avg grad norm   0.075, avg grad norm (post clip)   0.000, rho_Whh  0.08, Omega  0.00, alpha  0.000, steps in the past 0.000, valid nll 0.048, valid mae 0.178, err@0.05 085.80%, err@0.10 070.99%, err@0.20 037.03%, maxae 0.746
  [diag] log10|dL/dh_t| hist bins=60 range=(-12.50,-11.50) mean=-12.00 p50=-12.00 p05=-12.00 p95=-12.00
  [diag] sat-dist hist bins=60 sat<0.05=0.0% mean=0.995 p10=0.994 p90=0.995
  [diag] z-gate sat-dist hist bins=60 mean=0.119 p10=0.119 p90=0.119
  [diag] r-gate sat-dist hist bins=60 mean=0.499 p10=0.499 p90=0.499
Iter 0003540: train nll 0.051, valid error 037.970%, best valid error 024.250%, avg grad norm   0.086, avg grad norm (post clip)   0.000, rho_Whh  0.08, Omega  0.00, alpha  0.000, steps in the past 0.000, valid nll 0.048, valid mae 0.178, err@0.05 085.89%, err@0.10 071.38%, err@0.20 037.97%, maxae 0.742
  [diag] log10|dL/dh_t| hist bins=60 range=(-12.50,-11.50) mean=-12.00 p50=-12.00 p05=-12.00 p95=-12.00
  [diag] sat-dist hist bins=60 sat<0.05=0.0% mean=0.995 p10=0.994 p90=0.995
  [diag] z-gate sat-dist hist bins=60 mean=0.119 p10=0.119 p90=0.119
  [diag] r-gate sat-dist hist bins=60 mean=0.499 p10=0.499 p90=0.499
Iter 0003560: train nll 0.049, valid error 037.690%, best valid error 024.250%, avg grad norm   0.088, avg grad norm (post clip)   0.000, rho_Whh  0.08, Omega  0.00, alpha  0.000, steps in the past 0.000, valid nll 0.048, valid mae 0.178, err@0.05 085.94%, err@0.10 071.23%, err@0.20 037.69%, maxae 0.743
  [diag] log10|dL/dh_t| hist bins=60 range=(-12.50,-11.50) mean=-12.00 p50=-12.00 p05=-12.00 p95=-12.00
  [diag] sat-dist hist bins=60 sat<0.05=0.0% mean=0.994 p10=0.994 p90=0.995
  [diag] z-gate sat-dist hist bins=60 mean=0.119 p10=0.119 p90=0.119
  [diag] r-gate sat-dist hist bins=60 mean=0.499 p10=0.499 p90=0.499
Iter 0003580: train nll 0.051, valid error 038.860%, best valid error 024.250%, avg grad norm   0.080, avg grad norm (post clip)   0.000, rho_Whh  0.08, Omega  0.00, alpha  0.000, steps in the past 0.000, valid nll 0.048, valid mae 0.179, err@0.05 086.10%, err@0.10 071.65%, err@0.20 038.86%, maxae 0.738
  [diag] log10|dL/dh_t| hist bins=60 range=(-12.50,-11.50) mean=-12.00 p50=-12.00 p05=-12.00 p95=-12.00
  [diag] sat-dist hist bins=60 sat<0.05=0.0% mean=0.995 p10=0.994 p90=0.995
  [diag] z-gate sat-dist hist bins=60 mean=0.119 p10=0.119 p90=0.119
  [diag] r-gate sat-dist hist bins=60 mean=0.499 p10=0.499 p90=0.499
Iter 0003600: train nll 0.047, valid error 037.690%, best valid error 024.250%, avg grad norm   0.060, avg grad norm (post clip)   0.000, rho_Whh  0.08, Omega  0.00, alpha  0.000, steps in the past 0.000, valid nll 0.048, valid mae 0.178, err@0.05 085.94%, err@0.10 071.23%, err@0.20 037.69%, maxae 0.743
  [diag] log10|dL/dh_t| hist bins=60 range=(-12.50,-11.50) mean=-12.00 p50=-12.00 p05=-12.00 p95=-12.00
  [diag] sat-dist hist bins=60 sat<0.05=0.0% mean=0.995 p10=0.994 p90=0.995
  [diag] z-gate sat-dist hist bins=60 mean=0.119 p10=0.119 p90=0.119
  [diag] r-gate sat-dist hist bins=60 mean=0.499 p10=0.499 p90=0.499
Iter 0003620: train nll 0.050, valid error 037.670%, best valid error 024.250%, avg grad norm   0.075, avg grad norm (post clip)   0.000, rho_Whh  0.08, Omega  0.00, alpha  0.000, steps in the past 0.000, valid nll 0.048, valid mae 0.178, err@0.05 085.91%, err@0.10 071.18%, err@0.20 037.67%, maxae 0.743
  [diag] log10|dL/dh_t| hist bins=60 range=(-12.50,-11.50) mean=-12.00 p50=-12.00 p05=-12.00 p95=-12.00
  [diag] sat-dist hist bins=60 sat<0.05=0.0% mean=0.995 p10=0.994 p90=0.995
  [diag] z-gate sat-dist hist bins=60 mean=0.119 p10=0.119 p90=0.119
  [diag] r-gate sat-dist hist bins=60 mean=0.499 p10=0.499 p90=0.499
Iter 0003640: train nll 0.053, valid error 038.500%, best valid error 024.250%, avg grad norm   0.064, avg grad norm (post clip)   0.000, rho_Whh  0.08, Omega  0.00, alpha  0.000, steps in the past 0.000, valid nll 0.048, valid mae 0.179, err@0.05 085.99%, err@0.10 071.60%, err@0.20 038.50%, maxae 0.739
  [diag] log10|dL/dh_t| hist bins=60 range=(-12.50,-11.50) mean=-12.00 p50=-12.00 p05=-12.00 p95=-12.00
  [diag] sat-dist hist bins=60 sat<0.05=0.0% mean=0.995 p10=0.994 p90=0.995
  [diag] z-gate sat-dist hist bins=60 mean=0.119 p10=0.119 p90=0.119
  [diag] r-gate sat-dist hist bins=60 mean=0.499 p10=0.499 p90=0.499
Iter 0003660: train nll 0.044, valid error 037.040%, best valid error 024.250%, avg grad norm   0.081, avg grad norm (post clip)   0.000, rho_Whh  0.08, Omega  0.00, alpha  0.000, steps in the past 0.000, valid nll 0.048, valid mae 0.178, err@0.05 085.79%, err@0.10 071.00%, err@0.20 037.04%, maxae 0.746
  [diag] log10|dL/dh_t| hist bins=60 range=(-12.50,-11.50) mean=-12.00 p50=-12.00 p05=-12.00 p95=-12.00
  [diag] sat-dist hist bins=60 sat<0.05=0.0% mean=0.995 p10=0.994 p90=0.995
  [diag] z-gate sat-dist hist bins=60 mean=0.119 p10=0.119 p90=0.119
  [diag] r-gate sat-dist hist bins=60 mean=0.499 p10=0.499 p90=0.499
Iter 0003680: train nll 0.049, valid error 037.550%, best valid error 024.250%, avg grad norm   0.082, avg grad norm (post clip)   0.000, rho_Whh  0.08, Omega  0.00, alpha  0.000, steps in the past 0.000, valid nll 0.048, valid mae 0.178, err@0.05 085.91%, err@0.10 071.19%, err@0.20 037.55%, maxae 0.744
  [diag] log10|dL/dh_t| hist bins=60 range=(-12.50,-11.50) mean=-12.00 p50=-12.00 p05=-12.00 p95=-12.00
  [diag] sat-dist hist bins=60 sat<0.05=0.0% mean=0.995 p10=0.994 p90=0.995
  [diag] z-gate sat-dist hist bins=60 mean=0.119 p10=0.119 p90=0.119
  [diag] r-gate sat-dist hist bins=60 mean=0.499 p10=0.499 p90=0.499
Iter 0003700: train nll 0.049, valid error 038.380%, best valid error 024.250%, avg grad norm   0.099, avg grad norm (post clip)   0.000, rho_Whh  0.08, Omega  0.00, alpha  0.000, steps in the past 0.000, valid nll 0.048, valid mae 0.179, err@0.05 085.88%, err@0.10 071.53%, err@0.20 038.38%, maxae 0.740
  [diag] log10|dL/dh_t| hist bins=60 range=(-12.50,-11.50) mean=-12.00 p50=-12.00 p05=-12.00 p95=-12.00
  [diag] sat-dist hist bins=60 sat<0.05=0.0% mean=0.994 p10=0.994 p90=0.995
  [diag] z-gate sat-dist hist bins=60 mean=0.119 p10=0.119 p90=0.119
  [diag] r-gate sat-dist hist bins=60 mean=0.499 p10=0.499 p90=0.499
Iter 0003720: train nll 0.049, valid error 039.130%, best valid error 024.250%, avg grad norm   0.087, avg grad norm (post clip)   0.000, rho_Whh  0.08, Omega  0.00, alpha  0.000, steps in the past 0.000, valid nll 0.048, valid mae 0.179, err@0.05 086.17%, err@0.10 071.67%, err@0.20 039.13%, maxae 0.736
  [diag] log10|dL/dh_t| hist bins=60 range=(-12.50,-11.50) mean=-12.00 p50=-12.00 p05=-12.00 p95=-12.00
  [diag] sat-dist hist bins=60 sat<0.05=0.0% mean=0.994 p10=0.994 p90=0.995
  [diag] z-gate sat-dist hist bins=60 mean=0.119 p10=0.119 p90=0.119
  [diag] r-gate sat-dist hist bins=60 mean=0.499 p10=0.499 p90=0.499
Iter 0003740: train nll 0.048, valid error 039.410%, best valid error 024.250%, avg grad norm   0.085, avg grad norm (post clip)   0.000, rho_Whh  0.08, Omega  0.00, alpha  0.000, steps in the past 0.000, valid nll 0.048, valid mae 0.180, err@0.05 086.27%, err@0.10 071.89%, err@0.20 039.41%, maxae 0.735
  [diag] log10|dL/dh_t| hist bins=60 range=(-12.50,-11.50) mean=-12.00 p50=-12.00 p05=-12.00 p95=-12.00
  [diag] sat-dist hist bins=60 sat<0.05=0.0% mean=0.995 p10=0.994 p90=0.995
  [diag] z-gate sat-dist hist bins=60 mean=0.119 p10=0.119 p90=0.119
  [diag] r-gate sat-dist hist bins=60 mean=0.499 p10=0.499 p90=0.499
Iter 0003760: train nll 0.048, valid error 038.180%, best valid error 024.250%, avg grad norm   0.082, avg grad norm (post clip)   0.000, rho_Whh  0.08, Omega  0.00, alpha  0.000, steps in the past 0.000, valid nll 0.048, valid mae 0.178, err@0.05 085.93%, err@0.10 071.52%, err@0.20 038.18%, maxae 0.741
  [diag] log10|dL/dh_t| hist bins=60 range=(-12.50,-11.50) mean=-12.00 p50=-12.00 p05=-12.00 p95=-12.00
  [diag] sat-dist hist bins=60 sat<0.05=0.0% mean=0.995 p10=0.994 p90=0.995
  [diag] z-gate sat-dist hist bins=60 mean=0.119 p10=0.119 p90=0.119
  [diag] r-gate sat-dist hist bins=60 mean=0.499 p10=0.499 p90=0.499
Iter 0003780: train nll 0.045, valid error 037.570%, best valid error 024.250%, avg grad norm   0.073, avg grad norm (post clip)   0.000, rho_Whh  0.08, Omega  0.00, alpha  0.000, steps in the past 0.000, valid nll 0.048, valid mae 0.178, err@0.05 085.91%, err@0.10 071.18%, err@0.20 037.57%, maxae 0.744
  [diag] log10|dL/dh_t| hist bins=60 range=(-12.50,-11.50) mean=-12.00 p50=-12.00 p05=-12.00 p95=-12.00
  [diag] sat-dist hist bins=60 sat<0.05=0.0% mean=0.995 p10=0.994 p90=0.995
  [diag] z-gate sat-dist hist bins=60 mean=0.119 p10=0.119 p90=0.119
  [diag] r-gate sat-dist hist bins=60 mean=0.499 p10=0.499 p90=0.499
Iter 0003800: train nll 0.050, valid error 037.860%, best valid error 024.250%, avg grad norm   0.073, avg grad norm (post clip)   0.000, rho_Whh  0.08, Omega  0.00, alpha  0.000, steps in the past 0.000, valid nll 0.048, valid mae 0.178, err@0.05 085.91%, err@0.10 071.32%, err@0.20 037.86%, maxae 0.742
  [diag] log10|dL/dh_t| hist bins=60 range=(-12.50,-11.50) mean=-12.00 p50=-12.00 p05=-12.00 p95=-12.00
  [diag] sat-dist hist bins=60 sat<0.05=0.0% mean=0.995 p10=0.994 p90=0.995
  [diag] z-gate sat-dist hist bins=60 mean=0.119 p10=0.119 p90=0.119
  [diag] r-gate sat-dist hist bins=60 mean=0.499 p10=0.499 p90=0.499
Iter 0003820: train nll 0.044, valid error 036.750%, best valid error 024.250%, avg grad norm   0.079, avg grad norm (post clip)   0.000, rho_Whh  0.08, Omega  0.00, alpha  0.000, steps in the past 0.000, valid nll 0.048, valid mae 0.177, err@0.05 085.70%, err@0.10 070.90%, err@0.20 036.75%, maxae 0.747
  [diag] log10|dL/dh_t| hist bins=60 range=(-12.50,-11.50) mean=-12.00 p50=-12.00 p05=-12.00 p95=-12.00
  [diag] sat-dist hist bins=60 sat<0.05=0.0% mean=0.995 p10=0.994 p90=0.995
  [diag] z-gate sat-dist hist bins=60 mean=0.119 p10=0.119 p90=0.119
  [diag] r-gate sat-dist hist bins=60 mean=0.499 p10=0.499 p90=0.499
Iter 0003840: train nll 0.044, valid error 035.730%, best valid error 024.250%, avg grad norm   0.094, avg grad norm (post clip)   0.000, rho_Whh  0.08, Omega  0.00, alpha  0.000, steps in the past 0.000, valid nll 0.048, valid mae 0.177, err@0.05 085.47%, err@0.10 070.61%, err@0.20 035.73%, maxae 0.751
  [diag] log10|dL/dh_t| hist bins=60 range=(-12.50,-11.50) mean=-12.00 p50=-12.00 p05=-12.00 p95=-12.00
  [diag] sat-dist hist bins=60 sat<0.05=0.0% mean=0.995 p10=0.994 p90=0.995
  [diag] z-gate sat-dist hist bins=60 mean=0.119 p10=0.119 p90=0.119
  [diag] r-gate sat-dist hist bins=60 mean=0.499 p10=0.499 p90=0.499
Iter 0003860: train nll 0.046, valid error 036.030%, best valid error 024.250%, avg grad norm   0.087, avg grad norm (post clip)   0.000, rho_Whh  0.08, Omega  0.00, alpha  0.000, steps in the past 0.000, valid nll 0.048, valid mae 0.177, err@0.05 085.58%, err@0.10 070.68%, err@0.20 036.03%, maxae 0.750
  [diag] log10|dL/dh_t| hist bins=60 range=(-12.50,-11.50) mean=-12.00 p50=-12.00 p05=-12.00 p95=-12.00
  [diag] sat-dist hist bins=60 sat<0.05=0.0% mean=0.995 p10=0.994 p90=0.995
  [diag] z-gate sat-dist hist bins=60 mean=0.119 p10=0.119 p90=0.119
  [diag] r-gate sat-dist hist bins=60 mean=0.499 p10=0.499 p90=0.499
Iter 0003880: train nll 0.051, valid error 037.630%, best valid error 024.250%, avg grad norm   0.092, avg grad norm (post clip)   0.000, rho_Whh  0.08, Omega  0.00, alpha  0.000, steps in the past 0.000, valid nll 0.048, valid mae 0.178, err@0.05 085.95%, err@0.10 071.18%, err@0.20 037.63%, maxae 0.743
  [diag] log10|dL/dh_t| hist bins=60 range=(-12.50,-11.50) mean=-12.00 p50=-12.00 p05=-12.00 p95=-12.00
  [diag] sat-dist hist bins=60 sat<0.05=0.0% mean=0.994 p10=0.994 p90=0.995
  [diag] z-gate sat-dist hist bins=60 mean=0.119 p10=0.119 p90=0.119
  [diag] r-gate sat-dist hist bins=60 mean=0.499 p10=0.499 p90=0.499
Iter 0003900: train nll 0.054, valid error 039.430%, best valid error 024.250%, avg grad norm   0.080, avg grad norm (post clip)   0.000, rho_Whh  0.08, Omega  0.00, alpha  0.000, steps in the past 0.000, valid nll 0.048, valid mae 0.180, err@0.05 086.29%, err@0.10 071.90%, err@0.20 039.43%, maxae 0.735
  [diag] log10|dL/dh_t| hist bins=60 range=(-12.50,-11.50) mean=-12.00 p50=-12.00 p05=-12.00 p95=-12.00
  [diag] sat-dist hist bins=60 sat<0.05=0.0% mean=0.995 p10=0.994 p90=0.995
  [diag] z-gate sat-dist hist bins=60 mean=0.119 p10=0.119 p90=0.119
  [diag] r-gate sat-dist hist bins=60 mean=0.499 p10=0.499 p90=0.499
Iter 0003920: train nll 0.046, valid error 038.460%, best valid error 024.250%, avg grad norm   0.083, avg grad norm (post clip)   0.000, rho_Whh  0.08, Omega  0.00, alpha  0.000, steps in the past 0.000, valid nll 0.048, valid mae 0.179, err@0.05 086.00%, err@0.10 071.61%, err@0.20 038.46%, maxae 0.739
  [diag] log10|dL/dh_t| hist bins=60 range=(-12.50,-11.50) mean=-12.00 p50=-12.00 p05=-12.00 p95=-12.00
  [diag] sat-dist hist bins=60 sat<0.05=0.0% mean=0.995 p10=0.994 p90=0.995
  [diag] z-gate sat-dist hist bins=60 mean=0.119 p10=0.119 p90=0.119
  [diag] r-gate sat-dist hist bins=60 mean=0.499 p10=0.499 p90=0.499
Iter 0003940: train nll 0.047, valid error 037.720%, best valid error 024.250%, avg grad norm   0.089, avg grad norm (post clip)   0.000, rho_Whh  0.08, Omega  0.00, alpha  0.000, steps in the past 0.000, valid nll 0.048, valid mae 0.178, err@0.05 085.92%, err@0.10 071.21%, err@0.20 037.72%, maxae 0.743
  [diag] log10|dL/dh_t| hist bins=60 range=(-12.50,-11.50) mean=-12.00 p50=-12.00 p05=-12.00 p95=-12.00
  [diag] sat-dist hist bins=60 sat<0.05=0.0% mean=0.995 p10=0.994 p90=0.995
  [diag] z-gate sat-dist hist bins=60 mean=0.119 p10=0.119 p90=0.119
  [diag] r-gate sat-dist hist bins=60 mean=0.499 p10=0.499 p90=0.499
Iter 0003960: train nll 0.048, valid error 036.680%, best valid error 024.250%, avg grad norm   0.081, avg grad norm (post clip)   0.000, rho_Whh  0.08, Omega  0.00, alpha  0.000, steps in the past 0.000, valid nll 0.048, valid mae 0.177, err@0.05 085.71%, err@0.10 070.87%, err@0.20 036.68%, maxae 0.747
  [diag] log10|dL/dh_t| hist bins=60 range=(-12.50,-11.50) mean=-12.00 p50=-12.00 p05=-12.00 p95=-12.00
  [diag] sat-dist hist bins=60 sat<0.05=0.0% mean=0.995 p10=0.994 p90=0.995
  [diag] z-gate sat-dist hist bins=60 mean=0.119 p10=0.119 p90=0.119
  [diag] r-gate sat-dist hist bins=60 mean=0.499 p10=0.499 p90=0.499
Iter 0003980: train nll 0.053, valid error 038.360%, best valid error 024.250%, avg grad norm   0.082, avg grad norm (post clip)   0.000, rho_Whh  0.08, Omega  0.00, alpha  0.000, steps in the past 0.000, valid nll 0.048, valid mae 0.179, err@0.05 085.88%, err@0.10 071.55%, err@0.20 038.36%, maxae 0.740
  [diag] log10|dL/dh_t| hist bins=60 range=(-12.50,-11.50) mean=-12.00 p50=-12.00 p05=-12.00 p95=-12.00
  [diag] sat-dist hist bins=60 sat<0.05=0.0% mean=0.995 p10=0.994 p90=0.995
  [diag] z-gate sat-dist hist bins=60 mean=0.119 p10=0.119 p90=0.119
  [diag] r-gate sat-dist hist bins=60 mean=0.499 p10=0.499 p90=0.499
Iter 0004000: train nll 0.045, valid error 037.460%, best valid error 024.250%, avg grad norm   0.088, avg grad norm (post clip)   0.000, rho_Whh  0.08, Omega  0.00, alpha  0.000, steps in the past 0.000, valid nll 0.048, valid mae 0.178, err@0.05 085.91%, err@0.10 071.18%, err@0.20 037.46%, maxae 0.744
  [diag] log10|dL/dh_t| hist bins=60 range=(-12.50,-11.50) mean=-12.00 p50=-12.00 p05=-12.00 p95=-12.00
  [diag] sat-dist hist bins=60 sat<0.05=0.0% mean=0.995 p10=0.994 p90=0.995
  [diag] z-gate sat-dist hist bins=60 mean=0.119 p10=0.119 p90=0.119
  [diag] r-gate sat-dist hist bins=60 mean=0.499 p10=0.499 p90=0.499
Iter 0004020: train nll 0.049, valid error 038.360%, best valid error 024.250%, avg grad norm   0.048, avg grad norm (post clip)   0.000, rho_Whh  0.08, Omega  0.00, alpha  0.000, steps in the past 0.000, valid nll 0.048, valid mae 0.179, err@0.05 085.88%, err@0.10 071.54%, err@0.20 038.36%, maxae 0.740
  [diag] log10|dL/dh_t| hist bins=60 range=(-12.50,-11.50) mean=-12.00 p50=-12.00 p05=-12.00 p95=-12.00
  [diag] sat-dist hist bins=60 sat<0.05=0.0% mean=0.995 p10=0.994 p90=0.995
  [diag] z-gate sat-dist hist bins=60 mean=0.119 p10=0.119 p90=0.119
  [diag] r-gate sat-dist hist bins=60 mean=0.499 p10=0.499 p90=0.499
Iter 0004040: train nll 0.051, valid error 038.450%, best valid error 024.250%, avg grad norm   0.081, avg grad norm (post clip)   0.000, rho_Whh  0.08, Omega  0.00, alpha  0.000, steps in the past 0.000, valid nll 0.048, valid mae 0.179, err@0.05 085.94%, err@0.10 071.56%, err@0.20 038.45%, maxae 0.739
  [diag] log10|dL/dh_t| hist bins=60 range=(-12.50,-11.50) mean=-12.00 p50=-12.00 p05=-12.00 p95=-12.00
  [diag] sat-dist hist bins=60 sat<0.05=0.0% mean=0.995 p10=0.994 p90=0.995
  [diag] z-gate sat-dist hist bins=60 mean=0.119 p10=0.119 p90=0.119
  [diag] r-gate sat-dist hist bins=60 mean=0.499 p10=0.499 p90=0.499
Iter 0004060: train nll 0.050, valid error 038.470%, best valid error 024.250%, avg grad norm   0.099, avg grad norm (post clip)   0.000, rho_Whh  0.08, Omega  0.00, alpha  0.000, steps in the past 0.000, valid nll 0.048, valid mae 0.179, err@0.05 086.00%, err@0.10 071.61%, err@0.20 038.47%, maxae 0.739
  [diag] log10|dL/dh_t| hist bins=60 range=(-12.50,-11.50) mean=-12.00 p50=-12.00 p05=-12.00 p95=-12.00
  [diag] sat-dist hist bins=60 sat<0.05=0.0% mean=0.995 p10=0.994 p90=0.995
  [diag] z-gate sat-dist hist bins=60 mean=0.119 p10=0.119 p90=0.119
  [diag] r-gate sat-dist hist bins=60 mean=0.499 p10=0.499 p90=0.499
Iter 0004080: train nll 0.052, valid error 038.630%, best valid error 024.250%, avg grad norm   0.101, avg grad norm (post clip)   0.000, rho_Whh  0.08, Omega  0.00, alpha  0.000, steps in the past 0.000, valid nll 0.048, valid mae 0.179, err@0.05 085.97%, err@0.10 071.60%, err@0.20 038.63%, maxae 0.739
  [diag] log10|dL/dh_t| hist bins=60 range=(-12.50,-11.50) mean=-12.00 p50=-12.00 p05=-12.00 p95=-12.00
  [diag] sat-dist hist bins=60 sat<0.05=0.0% mean=0.995 p10=0.994 p90=0.995
  [diag] z-gate sat-dist hist bins=60 mean=0.119 p10=0.119 p90=0.119
  [diag] r-gate sat-dist hist bins=60 mean=0.499 p10=0.499 p90=0.499
Iter 0004100: train nll 0.049, valid error 038.280%, best valid error 024.250%, avg grad norm   0.093, avg grad norm (post clip)   0.000, rho_Whh  0.08, Omega  0.00, alpha  0.000, steps in the past 0.000, valid nll 0.048, valid mae 0.179, err@0.05 085.91%, err@0.10 071.52%, err@0.20 038.28%, maxae 0.740
  [diag] log10|dL/dh_t| hist bins=60 range=(-12.50,-11.50) mean=-12.00 p50=-12.00 p05=-12.00 p95=-12.00
  [diag] sat-dist hist bins=60 sat<0.05=0.0% mean=0.995 p10=0.994 p90=0.995
  [diag] z-gate sat-dist hist bins=60 mean=0.119 p10=0.119 p90=0.119
  [diag] r-gate sat-dist hist bins=60 mean=0.499 p10=0.499 p90=0.499
Iter 0004120: train nll 0.051, valid error 038.180%, best valid error 024.250%, avg grad norm   0.100, avg grad norm (post clip)   0.000, rho_Whh  0.08, Omega  0.00, alpha  0.000, steps in the past 0.000, valid nll 0.048, valid mae 0.178, err@0.05 085.93%, err@0.10 071.52%, err@0.20 038.18%, maxae 0.741
  [diag] log10|dL/dh_t| hist bins=60 range=(-12.50,-11.50) mean=-12.00 p50=-12.00 p05=-12.00 p95=-12.00
  [diag] sat-dist hist bins=60 sat<0.05=0.0% mean=0.994 p10=0.994 p90=0.995
  [diag] z-gate sat-dist hist bins=60 mean=0.119 p10=0.119 p90=0.119
  [diag] r-gate sat-dist hist bins=60 mean=0.499 p10=0.499 p90=0.499
Iter 0004140: train nll 0.058, valid error 040.090%, best valid error 024.250%, avg grad norm   0.088, avg grad norm (post clip)   0.000, rho_Whh  0.08, Omega  0.00, alpha  0.000, steps in the past 0.000, valid nll 0.048, valid mae 0.180, err@0.05 086.29%, err@0.10 072.11%, err@0.20 040.09%, maxae 0.732
  [diag] log10|dL/dh_t| hist bins=60 range=(-12.50,-11.50) mean=-12.00 p50=-12.00 p05=-12.00 p95=-12.00
  [diag] sat-dist hist bins=60 sat<0.05=0.0% mean=0.994 p10=0.994 p90=0.995
  [diag] z-gate sat-dist hist bins=60 mean=0.119 p10=0.119 p90=0.119
  [diag] r-gate sat-dist hist bins=60 mean=0.499 p10=0.499 p90=0.499
Iter 0004160: train nll 0.055, valid error 040.100%, best valid error 024.250%, avg grad norm   0.074, avg grad norm (post clip)   0.000, rho_Whh  0.08, Omega  0.00, alpha  0.000, steps in the past 0.000, valid nll 0.048, valid mae 0.180, err@0.05 086.29%, err@0.10 072.11%, err@0.20 040.10%, maxae 0.732
  [diag] log10|dL/dh_t| hist bins=60 range=(-12.50,-11.50) mean=-12.00 p50=-12.00 p05=-12.00 p95=-12.00
  [diag] sat-dist hist bins=60 sat<0.05=0.0% mean=0.994 p10=0.994 p90=0.995
  [diag] z-gate sat-dist hist bins=60 mean=0.119 p10=0.119 p90=0.119
  [diag] r-gate sat-dist hist bins=60 mean=0.499 p10=0.499 p90=0.499
Iter 0004180: train nll 0.047, valid error 039.020%, best valid error 024.250%, avg grad norm   0.101, avg grad norm (post clip)   0.000, rho_Whh  0.08, Omega  0.00, alpha  0.000, steps in the past 0.000, valid nll 0.048, valid mae 0.179, err@0.05 086.18%, err@0.10 071.64%, err@0.20 039.02%, maxae 0.737
  [diag] log10|dL/dh_t| hist bins=60 range=(-12.50,-11.50) mean=-12.00 p50=-12.00 p05=-12.00 p95=-12.00
  [diag] sat-dist hist bins=60 sat<0.05=0.0% mean=0.995 p10=0.994 p90=0.995
  [diag] z-gate sat-dist hist bins=60 mean=0.119 p10=0.119 p90=0.119
  [diag] r-gate sat-dist hist bins=60 mean=0.499 p10=0.499 p90=0.499
Iter 0004200: train nll 0.052, valid error 038.760%, best valid error 024.250%, avg grad norm   0.078, avg grad norm (post clip)   0.000, rho_Whh  0.08, Omega  0.00, alpha  0.000, steps in the past 0.000, valid nll 0.048, valid mae 0.179, err@0.05 086.03%, err@0.10 071.56%, err@0.20 038.76%, maxae 0.738
  [diag] log10|dL/dh_t| hist bins=60 range=(-12.50,-11.50) mean=-12.00 p50=-12.00 p05=-12.00 p95=-12.00
  [diag] sat-dist hist bins=60 sat<0.05=0.0% mean=0.994 p10=0.994 p90=0.995
  [diag] z-gate sat-dist hist bins=60 mean=0.119 p10=0.119 p90=0.119
  [diag] r-gate sat-dist hist bins=60 mean=0.499 p10=0.499 p90=0.499
Iter 0004220: train nll 0.047, valid error 039.440%, best valid error 024.250%, avg grad norm   0.070, avg grad norm (post clip)   0.000, rho_Whh  0.08, Omega  0.00, alpha  0.000, steps in the past 0.000, valid nll 0.048, valid mae 0.180, err@0.05 086.30%, err@0.10 071.93%, err@0.20 039.44%, maxae 0.735
  [diag] log10|dL/dh_t| hist bins=60 range=(-12.50,-11.50) mean=-12.00 p50=-12.00 p05=-12.00 p95=-12.00
  [diag] sat-dist hist bins=60 sat<0.05=0.0% mean=0.995 p10=0.994 p90=0.995
  [diag] z-gate sat-dist hist bins=60 mean=0.119 p10=0.119 p90=0.119
  [diag] r-gate sat-dist hist bins=60 mean=0.499 p10=0.499 p90=0.499
Iter 0004240: train nll 0.049, valid error 038.730%, best valid error 024.250%, avg grad norm   0.083, avg grad norm (post clip)   0.000, rho_Whh  0.08, Omega  0.00, alpha  0.000, steps in the past 0.000, valid nll 0.048, valid mae 0.179, err@0.05 085.99%, err@0.10 071.55%, err@0.20 038.73%, maxae 0.738
  [diag] log10|dL/dh_t| hist bins=60 range=(-12.50,-11.50) mean=-12.00 p50=-12.00 p05=-12.00 p95=-12.00
  [diag] sat-dist hist bins=60 sat<0.05=0.0% mean=0.994 p10=0.994 p90=0.995
  [diag] z-gate sat-dist hist bins=60 mean=0.119 p10=0.119 p90=0.119
  [diag] r-gate sat-dist hist bins=60 mean=0.499 p10=0.499 p90=0.499
Iter 0004260: train nll 0.055, valid error 040.340%, best valid error 024.250%, avg grad norm   0.118, avg grad norm (post clip)   0.000, rho_Whh  0.08, Omega  0.00, alpha  0.000, steps in the past 0.000, valid nll 0.048, valid mae 0.181, err@0.05 086.40%, err@0.10 072.15%, err@0.20 040.34%, maxae 0.730
  [diag] log10|dL/dh_t| hist bins=60 range=(-12.50,-11.50) mean=-12.00 p50=-12.00 p05=-12.00 p95=-12.00
  [diag] sat-dist hist bins=60 sat<0.05=0.0% mean=0.994 p10=0.994 p90=0.995
  [diag] z-gate sat-dist hist bins=60 mean=0.119 p10=0.119 p90=0.119
  [diag] r-gate sat-dist hist bins=60 mean=0.499 p10=0.499 p90=0.499
Iter 0004280: train nll 0.052, valid error 041.770%, best valid error 024.250%, avg grad norm   0.096, avg grad norm (post clip)   0.000, rho_Whh  0.08, Omega  0.00, alpha  0.000, steps in the past 0.000, valid nll 0.048, valid mae 0.182, err@0.05 086.69%, err@0.10 072.60%, err@0.20 041.77%, maxae 0.724
  [diag] log10|dL/dh_t| hist bins=60 range=(-12.50,-11.50) mean=-12.00 p50=-12.00 p05=-12.00 p95=-12.00
  [diag] sat-dist hist bins=60 sat<0.05=0.0% mean=0.994 p10=0.994 p90=0.995
  [diag] z-gate sat-dist hist bins=60 mean=0.119 p10=0.119 p90=0.119
  [diag] r-gate sat-dist hist bins=60 mean=0.499 p10=0.499 p90=0.499
Iter 0004300: train nll 0.049, valid error 040.000%, best valid error 024.250%, avg grad norm   0.071, avg grad norm (post clip)   0.000, rho_Whh  0.08, Omega  0.00, alpha  0.000, steps in the past 0.000, valid nll 0.048, valid mae 0.180, err@0.05 086.26%, err@0.10 072.12%, err@0.20 040.00%, maxae 0.732
  [diag] log10|dL/dh_t| hist bins=60 range=(-12.50,-11.50) mean=-12.00 p50=-12.00 p05=-12.00 p95=-12.00
  [diag] sat-dist hist bins=60 sat<0.05=0.0% mean=0.994 p10=0.994 p90=0.995
  [diag] z-gate sat-dist hist bins=60 mean=0.119 p10=0.119 p90=0.119
  [diag] r-gate sat-dist hist bins=60 mean=0.499 p10=0.499 p90=0.499
Iter 0004320: train nll 0.045, valid error 039.360%, best valid error 024.250%, avg grad norm   0.062, avg grad norm (post clip)   0.000, rho_Whh  0.08, Omega  0.00, alpha  0.000, steps in the past 0.000, valid nll 0.048, valid mae 0.180, err@0.05 086.30%, err@0.10 071.80%, err@0.20 039.36%, maxae 0.735
  [diag] log10|dL/dh_t| hist bins=60 range=(-12.50,-11.50) mean=-12.00 p50=-12.00 p05=-12.00 p95=-12.00
  [diag] sat-dist hist bins=60 sat<0.05=0.0% mean=0.994 p10=0.994 p90=0.995
  [diag] z-gate sat-dist hist bins=60 mean=0.119 p10=0.119 p90=0.119
  [diag] r-gate sat-dist hist bins=60 mean=0.499 p10=0.499 p90=0.499
Iter 0004340: train nll 0.057, valid error 041.320%, best valid error 024.250%, avg grad norm   0.097, avg grad norm (post clip)   0.000, rho_Whh  0.08, Omega  0.00, alpha  0.000, steps in the past 0.000, valid nll 0.048, valid mae 0.182, err@0.05 086.61%, err@0.10 072.43%, err@0.20 041.32%, maxae 0.726
  [diag] log10|dL/dh_t| hist bins=60 range=(-12.50,-11.50) mean=-12.00 p50=-12.00 p05=-12.00 p95=-12.00
  [diag] sat-dist hist bins=60 sat<0.05=0.0% mean=0.994 p10=0.994 p90=0.995
  [diag] z-gate sat-dist hist bins=60 mean=0.119 p10=0.119 p90=0.119
  [diag] r-gate sat-dist hist bins=60 mean=0.499 p10=0.499 p90=0.499
Iter 0004360: train nll 0.056, valid error 041.420%, best valid error 024.250%, avg grad norm   0.086, avg grad norm (post clip)   0.000, rho_Whh  0.08, Omega  0.00, alpha  0.000, steps in the past 0.000, valid nll 0.048, valid mae 0.182, err@0.05 086.61%, err@0.10 072.42%, err@0.20 041.42%, maxae 0.726
  [diag] log10|dL/dh_t| hist bins=60 range=(-12.50,-11.50) mean=-12.00 p50=-12.00 p05=-12.00 p95=-12.00
  [diag] sat-dist hist bins=60 sat<0.05=0.0% mean=0.994 p10=0.994 p90=0.995
  [diag] z-gate sat-dist hist bins=60 mean=0.119 p10=0.119 p90=0.119
  [diag] r-gate sat-dist hist bins=60 mean=0.499 p10=0.499 p90=0.499
Iter 0004380: train nll 0.046, valid error 040.520%, best valid error 024.250%, avg grad norm   0.098, avg grad norm (post clip)   0.000, rho_Whh  0.08, Omega  0.00, alpha  0.000, steps in the past 0.000, valid nll 0.048, valid mae 0.181, err@0.05 086.47%, err@0.10 072.21%, err@0.20 040.52%, maxae 0.730
  [diag] log10|dL/dh_t| hist bins=60 range=(-12.50,-11.50) mean=-12.00 p50=-12.00 p05=-12.00 p95=-12.00
  [diag] sat-dist hist bins=60 sat<0.05=0.0% mean=0.994 p10=0.994 p90=0.995
  [diag] z-gate sat-dist hist bins=60 mean=0.119 p10=0.119 p90=0.119
  [diag] r-gate sat-dist hist bins=60 mean=0.499 p10=0.499 p90=0.499
Iter 0004400: train nll 0.047, valid error 039.640%, best valid error 024.250%, avg grad norm   0.074, avg grad norm (post clip)   0.000, rho_Whh  0.08, Omega  0.00, alpha  0.000, steps in the past 0.000, valid nll 0.048, valid mae 0.180, err@0.05 086.36%, err@0.10 071.96%, err@0.20 039.64%, maxae 0.734
  [diag] log10|dL/dh_t| hist bins=60 range=(-12.50,-11.50) mean=-12.00 p50=-12.00 p05=-12.00 p95=-12.00
  [diag] sat-dist hist bins=60 sat<0.05=0.0% mean=0.994 p10=0.994 p90=0.995
  [diag] z-gate sat-dist hist bins=60 mean=0.119 p10=0.119 p90=0.119
  [diag] r-gate sat-dist hist bins=60 mean=0.499 p10=0.499 p90=0.499
Iter 0004420: train nll 0.052, valid error 038.940%, best valid error 024.250%, avg grad norm   0.088, avg grad norm (post clip)   0.000, rho_Whh  0.08, Omega  0.00, alpha  0.000, steps in the past 0.000, valid nll 0.048, valid mae 0.179, err@0.05 086.12%, err@0.10 071.63%, err@0.20 038.94%, maxae 0.737
  [diag] log10|dL/dh_t| hist bins=60 range=(-12.50,-11.50) mean=-12.00 p50=-12.00 p05=-12.00 p95=-12.00
  [diag] sat-dist hist bins=60 sat<0.05=0.0% mean=0.995 p10=0.994 p90=0.995
  [diag] z-gate sat-dist hist bins=60 mean=0.119 p10=0.119 p90=0.119
  [diag] r-gate sat-dist hist bins=60 mean=0.499 p10=0.499 p90=0.499
Iter 0004440: train nll 0.042, valid error 037.500%, best valid error 024.250%, avg grad norm   0.063, avg grad norm (post clip)   0.000, rho_Whh  0.08, Omega  0.00, alpha  0.000, steps in the past 0.000, valid nll 0.048, valid mae 0.178, err@0.05 085.89%, err@0.10 071.19%, err@0.20 037.50%, maxae 0.744
  [diag] log10|dL/dh_t| hist bins=60 range=(-12.50,-11.50) mean=-12.00 p50=-12.00 p05=-12.00 p95=-12.00
  [diag] sat-dist hist bins=60 sat<0.05=0.0% mean=0.995 p10=0.994 p90=0.995
  [diag] z-gate sat-dist hist bins=60 mean=0.119 p10=0.119 p90=0.119
  [diag] r-gate sat-dist hist bins=60 mean=0.499 p10=0.499 p90=0.499
Iter 0004460: train nll 0.037, valid error 035.500%, best valid error 024.250%, avg grad norm   0.090, avg grad norm (post clip)   0.000, rho_Whh  0.08, Omega  0.00, alpha  0.000, steps in the past 0.000, valid nll 0.048, valid mae 0.176, err@0.05 085.45%, err@0.10 070.46%, err@0.20 035.50%, maxae 0.753
  [diag] log10|dL/dh_t| hist bins=60 range=(-12.50,-11.50) mean=-12.00 p50=-12.00 p05=-12.00 p95=-12.00
  [diag] sat-dist hist bins=60 sat<0.05=0.0% mean=0.995 p10=0.994 p90=0.995
  [diag] z-gate sat-dist hist bins=60 mean=0.119 p10=0.119 p90=0.119
  [diag] r-gate sat-dist hist bins=60 mean=0.499 p10=0.499 p90=0.499
Iter 0004480: train nll 0.046, valid error 034.770%, best valid error 024.250%, avg grad norm   0.101, avg grad norm (post clip)   0.000, rho_Whh  0.08, Omega  0.00, alpha  0.000, steps in the past 0.000, valid nll 0.048, valid mae 0.176, err@0.05 085.43%, err@0.10 070.19%, err@0.20 034.77%, maxae 0.755
  [diag] log10|dL/dh_t| hist bins=60 range=(-12.50,-11.50) mean=-12.00 p50=-12.00 p05=-12.00 p95=-12.00
  [diag] sat-dist hist bins=60 sat<0.05=0.0% mean=0.995 p10=0.994 p90=0.995
  [diag] z-gate sat-dist hist bins=60 mean=0.119 p10=0.119 p90=0.119
  [diag] r-gate sat-dist hist bins=60 mean=0.499 p10=0.499 p90=0.499
Iter 0004500: train nll 0.047, valid error 035.510%, best valid error 024.250%, avg grad norm   0.080, avg grad norm (post clip)   0.000, rho_Whh  0.08, Omega  0.00, alpha  0.000, steps in the past 0.000, valid nll 0.048, valid mae 0.176, err@0.05 085.42%, err@0.10 070.48%, err@0.20 035.51%, maxae 0.752
  [diag] log10|dL/dh_t| hist bins=60 range=(-12.50,-11.50) mean=-12.00 p50=-12.00 p05=-12.00 p95=-12.00
  [diag] sat-dist hist bins=60 sat<0.05=0.0% mean=0.995 p10=0.994 p90=0.995
  [diag] z-gate sat-dist hist bins=60 mean=0.119 p10=0.119 p90=0.119
  [diag] r-gate sat-dist hist bins=60 mean=0.499 p10=0.499 p90=0.499
Iter 0004520: train nll 0.050, valid error 036.230%, best valid error 024.250%, avg grad norm   0.066, avg grad norm (post clip)   0.000, rho_Whh  0.08, Omega  0.00, alpha  0.000, steps in the past 0.000, valid nll 0.048, valid mae 0.177, err@0.05 085.65%, err@0.10 070.74%, err@0.20 036.23%, maxae 0.749
  [diag] log10|dL/dh_t| hist bins=60 range=(-12.50,-11.50) mean=-12.00 p50=-12.00 p05=-12.00 p95=-12.00
  [diag] sat-dist hist bins=60 sat<0.05=0.0% mean=0.995 p10=0.994 p90=0.995
  [diag] z-gate sat-dist hist bins=60 mean=0.119 p10=0.119 p90=0.119
  [diag] r-gate sat-dist hist bins=60 mean=0.499 p10=0.499 p90=0.499
Iter 0004540: train nll 0.042, valid error 035.200%, best valid error 024.250%, avg grad norm   0.073, avg grad norm (post clip)   0.000, rho_Whh  0.08, Omega  0.00, alpha  0.000, steps in the past 0.000, valid nll 0.048, valid mae 0.176, err@0.05 085.45%, err@0.10 070.31%, err@0.20 035.20%, maxae 0.754
  [diag] log10|dL/dh_t| hist bins=60 range=(-12.50,-11.50) mean=-12.00 p50=-12.00 p05=-12.00 p95=-12.00
  [diag] sat-dist hist bins=60 sat<0.05=0.0% mean=0.995 p10=0.994 p90=0.995
  [diag] z-gate sat-dist hist bins=60 mean=0.119 p10=0.119 p90=0.119
  [diag] r-gate sat-dist hist bins=60 mean=0.499 p10=0.499 p90=0.499
Iter 0004560: train nll 0.046, valid error 036.410%, best valid error 024.250%, avg grad norm   0.085, avg grad norm (post clip)   0.000, rho_Whh  0.08, Omega  0.00, alpha  0.000, steps in the past 0.000, valid nll 0.048, valid mae 0.177, err@0.05 085.70%, err@0.10 070.76%, err@0.20 036.41%, maxae 0.748
  [diag] log10|dL/dh_t| hist bins=60 range=(-12.50,-11.50) mean=-12.00 p50=-12.00 p05=-12.00 p95=-12.00
  [diag] sat-dist hist bins=60 sat<0.05=0.0% mean=0.995 p10=0.994 p90=0.995
  [diag] z-gate sat-dist hist bins=60 mean=0.119 p10=0.119 p90=0.119
  [diag] r-gate sat-dist hist bins=60 mean=0.499 p10=0.499 p90=0.499
Iter 0004580: train nll 0.047, valid error 037.640%, best valid error 024.250%, avg grad norm   0.065, avg grad norm (post clip)   0.000, rho_Whh  0.08, Omega  0.00, alpha  0.000, steps in the past 0.000, valid nll 0.048, valid mae 0.178, err@0.05 085.92%, err@0.10 071.16%, err@0.20 037.64%, maxae 0.743
  [diag] log10|dL/dh_t| hist bins=60 range=(-12.50,-11.50) mean=-12.00 p50=-12.00 p05=-12.00 p95=-12.00
  [diag] sat-dist hist bins=60 sat<0.05=0.0% mean=0.995 p10=0.994 p90=0.995
  [diag] z-gate sat-dist hist bins=60 mean=0.119 p10=0.119 p90=0.119
  [diag] r-gate sat-dist hist bins=60 mean=0.499 p10=0.499 p90=0.499
Iter 0004600: train nll 0.043, valid error 038.150%, best valid error 024.250%, avg grad norm   0.062, avg grad norm (post clip)   0.000, rho_Whh  0.08, Omega  0.00, alpha  0.000, steps in the past 0.000, valid nll 0.048, valid mae 0.178, err@0.05 085.92%, err@0.10 071.52%, err@0.20 038.15%, maxae 0.741
  [diag] log10|dL/dh_t| hist bins=60 range=(-12.50,-11.50) mean=-12.00 p50=-12.00 p05=-12.00 p95=-12.00
  [diag] sat-dist hist bins=60 sat<0.05=0.0% mean=0.995 p10=0.994 p90=0.995
  [diag] z-gate sat-dist hist bins=60 mean=0.119 p10=0.119 p90=0.119
  [diag] r-gate sat-dist hist bins=60 mean=0.499 p10=0.499 p90=0.499
Iter 0004620: train nll 0.051, valid error 037.630%, best valid error 024.250%, avg grad norm   0.071, avg grad norm (post clip)   0.000, rho_Whh  0.08, Omega  0.00, alpha  0.000, steps in the past 0.000, valid nll 0.048, valid mae 0.178, err@0.05 085.95%, err@0.10 071.18%, err@0.20 037.63%, maxae 0.743
  [diag] log10|dL/dh_t| hist bins=60 range=(-12.50,-11.50) mean=-12.00 p50=-12.00 p05=-12.00 p95=-12.00
  [diag] sat-dist hist bins=60 sat<0.05=0.0% mean=0.995 p10=0.994 p90=0.995
  [diag] z-gate sat-dist hist bins=60 mean=0.119 p10=0.119 p90=0.119
  [diag] r-gate sat-dist hist bins=60 mean=0.499 p10=0.499 p90=0.499
Iter 0004640: train nll 0.054, valid error 038.400%, best valid error 024.250%, avg grad norm   0.076, avg grad norm (post clip)   0.000, rho_Whh  0.08, Omega  0.00, alpha  0.000, steps in the past 0.000, valid nll 0.048, valid mae 0.179, err@0.05 085.89%, err@0.10 071.57%, err@0.20 038.40%, maxae 0.740
  [diag] log10|dL/dh_t| hist bins=60 range=(-12.50,-11.50) mean=-12.00 p50=-12.00 p05=-12.00 p95=-12.00
  [diag] sat-dist hist bins=60 sat<0.05=0.0% mean=0.995 p10=0.994 p90=0.995
  [diag] z-gate sat-dist hist bins=60 mean=0.119 p10=0.119 p90=0.119
  [diag] r-gate sat-dist hist bins=60 mean=0.499 p10=0.499 p90=0.499
Iter 0004660: train nll 0.047, valid error 037.550%, best valid error 024.250%, avg grad norm   0.094, avg grad norm (post clip)   0.000, rho_Whh  0.08, Omega  0.00, alpha  0.000, steps in the past 0.000, valid nll 0.048, valid mae 0.178, err@0.05 085.88%, err@0.10 071.19%, err@0.20 037.55%, maxae 0.744
  [diag] log10|dL/dh_t| hist bins=60 range=(-12.50,-11.50) mean=-12.00 p50=-12.00 p05=-12.00 p95=-12.00
  [diag] sat-dist hist bins=60 sat<0.05=0.0% mean=0.995 p10=0.994 p90=0.995
  [diag] z-gate sat-dist hist bins=60 mean=0.119 p10=0.119 p90=0.119
  [diag] r-gate sat-dist hist bins=60 mean=0.499 p10=0.499 p90=0.499
Iter 0004680: train nll 0.044, valid error 035.550%, best valid error 024.250%, avg grad norm   0.078, avg grad norm (post clip)   0.000, rho_Whh  0.08, Omega  0.00, alpha  0.000, steps in the past 0.000, valid nll 0.048, valid mae 0.176, err@0.05 085.37%, err@0.10 070.51%, err@0.20 035.55%, maxae 0.752
  [diag] log10|dL/dh_t| hist bins=60 range=(-12.50,-11.50) mean=-12.00 p50=-12.00 p05=-12.00 p95=-12.00
  [diag] sat-dist hist bins=60 sat<0.05=0.0% mean=0.995 p10=0.994 p90=0.995
  [diag] z-gate sat-dist hist bins=60 mean=0.119 p10=0.119 p90=0.119
  [diag] r-gate sat-dist hist bins=60 mean=0.499 p10=0.499 p90=0.499
Iter 0004700: train nll 0.052, valid error 037.310%, best valid error 024.250%, avg grad norm   0.071, avg grad norm (post clip)   0.000, rho_Whh  0.08, Omega  0.00, alpha  0.000, steps in the past 0.000, valid nll 0.048, valid mae 0.178, err@0.05 085.85%, err@0.10 071.11%, err@0.20 037.31%, maxae 0.745
  [diag] log10|dL/dh_t| hist bins=60 range=(-12.50,-11.50) mean=-12.00 p50=-12.00 p05=-12.00 p95=-12.00
  [diag] sat-dist hist bins=60 sat<0.05=0.0% mean=0.995 p10=0.994 p90=0.995
  [diag] z-gate sat-dist hist bins=60 mean=0.119 p10=0.119 p90=0.119
  [diag] r-gate sat-dist hist bins=60 mean=0.499 p10=0.499 p90=0.499
Iter 0004720: train nll 0.048, valid error 036.940%, best valid error 024.250%, avg grad norm   0.066, avg grad norm (post clip)   0.000, rho_Whh  0.08, Omega  0.00, alpha  0.000, steps in the past 0.000, valid nll 0.048, valid mae 0.177, err@0.05 085.80%, err@0.10 070.98%, err@0.20 036.94%, maxae 0.746
  [diag] log10|dL/dh_t| hist bins=60 range=(-12.50,-11.50) mean=-12.00 p50=-12.00 p05=-12.00 p95=-12.00
  [diag] sat-dist hist bins=60 sat<0.05=0.0% mean=0.995 p10=0.994 p90=0.995
  [diag] z-gate sat-dist hist bins=60 mean=0.119 p10=0.119 p90=0.119
  [diag] r-gate sat-dist hist bins=60 mean=0.499 p10=0.499 p90=0.499
Iter 0004740: train nll 0.047, valid error 036.920%, best valid error 024.250%, avg grad norm   0.068, avg grad norm (post clip)   0.000, rho_Whh  0.08, Omega  0.00, alpha  0.000, steps in the past 0.000, valid nll 0.048, valid mae 0.177, err@0.05 085.80%, err@0.10 070.99%, err@0.20 036.92%, maxae 0.746
  [diag] log10|dL/dh_t| hist bins=60 range=(-12.50,-11.50) mean=-12.00 p50=-12.00 p05=-12.00 p95=-12.00
  [diag] sat-dist hist bins=60 sat<0.05=0.0% mean=0.995 p10=0.994 p90=0.995
  [diag] z-gate sat-dist hist bins=60 mean=0.119 p10=0.119 p90=0.119
  [diag] r-gate sat-dist hist bins=60 mean=0.499 p10=0.499 p90=0.499
Iter 0004760: train nll 0.053, valid error 038.080%, best valid error 024.250%, avg grad norm   0.085, avg grad norm (post clip)   0.000, rho_Whh  0.08, Omega  0.00, alpha  0.000, steps in the past 0.000, valid nll 0.048, valid mae 0.178, err@0.05 085.91%, err@0.10 071.50%, err@0.20 038.08%, maxae 0.741
  [diag] log10|dL/dh_t| hist bins=60 range=(-12.50,-11.50) mean=-12.00 p50=-12.00 p05=-12.00 p95=-12.00
  [diag] sat-dist hist bins=60 sat<0.05=0.0% mean=0.994 p10=0.994 p90=0.995
  [diag] z-gate sat-dist hist bins=60 mean=0.119 p10=0.119 p90=0.119
  [diag] r-gate sat-dist hist bins=60 mean=0.499 p10=0.499 p90=0.499
Iter 0004780: train nll 0.052, valid error 039.440%, best valid error 024.250%, avg grad norm   0.098, avg grad norm (post clip)   0.000, rho_Whh  0.08, Omega  0.00, alpha  0.000, steps in the past 0.000, valid nll 0.048, valid mae 0.180, err@0.05 086.29%, err@0.10 071.89%, err@0.20 039.44%, maxae 0.735
  [diag] log10|dL/dh_t| hist bins=60 range=(-12.50,-11.50) mean=-12.00 p50=-12.00 p05=-12.00 p95=-12.00
  [diag] sat-dist hist bins=60 sat<0.05=0.0% mean=0.995 p10=0.994 p90=0.995
  [diag] z-gate sat-dist hist bins=60 mean=0.119 p10=0.119 p90=0.119
  [diag] r-gate sat-dist hist bins=60 mean=0.499 p10=0.499 p90=0.499
Iter 0004800: train nll 0.050, valid error 038.910%, best valid error 024.250%, avg grad norm   0.087, avg grad norm (post clip)   0.000, rho_Whh  0.08, Omega  0.00, alpha  0.000, steps in the past 0.000, valid nll 0.048, valid mae 0.179, err@0.05 086.12%, err@0.10 071.63%, err@0.20 038.91%, maxae 0.737
  [diag] log10|dL/dh_t| hist bins=60 range=(-12.50,-11.50) mean=-12.00 p50=-12.00 p05=-12.00 p95=-12.00
  [diag] sat-dist hist bins=60 sat<0.05=0.0% mean=0.995 p10=0.994 p90=0.995
  [diag] z-gate sat-dist hist bins=60 mean=0.119 p10=0.119 p90=0.119
  [diag] r-gate sat-dist hist bins=60 mean=0.499 p10=0.499 p90=0.499
Iter 0004820: train nll 0.045, valid error 038.270%, best valid error 024.250%, avg grad norm   0.110, avg grad norm (post clip)   0.000, rho_Whh  0.08, Omega  0.00, alpha  0.000, steps in the past 0.000, valid nll 0.048, valid mae 0.179, err@0.05 085.91%, err@0.10 071.51%, err@0.20 038.27%, maxae 0.740
  [diag] log10|dL/dh_t| hist bins=60 range=(-12.50,-11.50) mean=-12.00 p50=-12.00 p05=-12.00 p95=-12.00
  [diag] sat-dist hist bins=60 sat<0.05=0.0% mean=0.995 p10=0.994 p90=0.995
  [diag] z-gate sat-dist hist bins=60 mean=0.119 p10=0.119 p90=0.119
  [diag] r-gate sat-dist hist bins=60 mean=0.499 p10=0.499 p90=0.499
Iter 0004840: train nll 0.046, valid error 037.640%, best valid error 024.250%, avg grad norm   0.093, avg grad norm (post clip)   0.000, rho_Whh  0.08, Omega  0.00, alpha  0.000, steps in the past 0.000, valid nll 0.048, valid mae 0.178, err@0.05 085.92%, err@0.10 071.16%, err@0.20 037.64%, maxae 0.743
  [diag] log10|dL/dh_t| hist bins=60 range=(-12.50,-11.50) mean=-12.00 p50=-12.00 p05=-12.00 p95=-12.00
  [diag] sat-dist hist bins=60 sat<0.05=0.0% mean=0.995 p10=0.994 p90=0.995
  [diag] z-gate sat-dist hist bins=60 mean=0.119 p10=0.119 p90=0.119
  [diag] r-gate sat-dist hist bins=60 mean=0.499 p10=0.499 p90=0.499
Iter 0004860: train nll 0.055, valid error 038.360%, best valid error 024.250%, avg grad norm   0.077, avg grad norm (post clip)   0.000, rho_Whh  0.08, Omega  0.00, alpha  0.000, steps in the past 0.000, valid nll 0.048, valid mae 0.179, err@0.05 085.90%, err@0.10 071.50%, err@0.20 038.36%, maxae 0.740
  [diag] log10|dL/dh_t| hist bins=60 range=(-12.50,-11.50) mean=-12.00 p50=-12.00 p05=-12.00 p95=-12.00
  [diag] sat-dist hist bins=60 sat<0.05=0.0% mean=0.994 p10=0.994 p90=0.995
  [diag] z-gate sat-dist hist bins=60 mean=0.119 p10=0.119 p90=0.119
  [diag] r-gate sat-dist hist bins=60 mean=0.499 p10=0.499 p90=0.499
Iter 0004880: train nll 0.051, valid error 039.080%, best valid error 024.250%, avg grad norm   0.105, avg grad norm (post clip)   0.000, rho_Whh  0.08, Omega  0.00, alpha  0.000, steps in the past 0.000, valid nll 0.048, valid mae 0.179, err@0.05 086.21%, err@0.10 071.68%, err@0.20 039.08%, maxae 0.736
  [diag] log10|dL/dh_t| hist bins=60 range=(-12.50,-11.50) mean=-12.00 p50=-12.00 p05=-12.00 p95=-12.00
  [diag] sat-dist hist bins=60 sat<0.05=0.0% mean=0.995 p10=0.994 p90=0.995
  [diag] z-gate sat-dist hist bins=60 mean=0.119 p10=0.119 p90=0.119
  [diag] r-gate sat-dist hist bins=60 mean=0.499 p10=0.499 p90=0.499
Iter 0004900: train nll 0.048, valid error 037.710%, best valid error 024.250%, avg grad norm   0.093, avg grad norm (post clip)   0.000, rho_Whh  0.08, Omega  0.00, alpha  0.000, steps in the past 0.000, valid nll 0.048, valid mae 0.178, err@0.05 085.91%, err@0.10 071.22%, err@0.20 037.71%, maxae 0.743
  [diag] log10|dL/dh_t| hist bins=60 range=(-12.50,-11.50) mean=-12.00 p50=-12.00 p05=-12.00 p95=-12.00
  [diag] sat-dist hist bins=60 sat<0.05=0.0% mean=0.995 p10=0.994 p90=0.995
  [diag] z-gate sat-dist hist bins=60 mean=0.119 p10=0.119 p90=0.119
  [diag] r-gate sat-dist hist bins=60 mean=0.499 p10=0.499 p90=0.499
Iter 0004920: train nll 0.046, valid error 037.320%, best valid error 024.250%, avg grad norm   0.065, avg grad norm (post clip)   0.000, rho_Whh  0.08, Omega  0.00, alpha  0.000, steps in the past 0.000, valid nll 0.048, valid mae 0.178, err@0.05 085.86%, err@0.10 071.12%, err@0.20 037.32%, maxae 0.745
  [diag] log10|dL/dh_t| hist bins=60 range=(-12.50,-11.50) mean=-12.00 p50=-12.00 p05=-12.00 p95=-12.00
  [diag] sat-dist hist bins=60 sat<0.05=0.0% mean=0.995 p10=0.994 p90=0.995
  [diag] z-gate sat-dist hist bins=60 mean=0.119 p10=0.119 p90=0.119
  [diag] r-gate sat-dist hist bins=60 mean=0.499 p10=0.499 p90=0.499
Iter 0004940: train nll 0.045, valid error 037.040%, best valid error 024.250%, avg grad norm   0.062, avg grad norm (post clip)   0.000, rho_Whh  0.08, Omega  0.00, alpha  0.000, steps in the past 0.000, valid nll 0.048, valid mae 0.178, err@0.05 085.79%, err@0.10 071.00%, err@0.20 037.04%, maxae 0.746
  [diag] log10|dL/dh_t| hist bins=60 range=(-12.50,-11.50) mean=-12.00 p50=-12.00 p05=-12.00 p95=-12.00
  [diag] sat-dist hist bins=60 sat<0.05=0.0% mean=0.995 p10=0.994 p90=0.995
  [diag] z-gate sat-dist hist bins=60 mean=0.119 p10=0.119 p90=0.119
  [diag] r-gate sat-dist hist bins=60 mean=0.499 p10=0.499 p90=0.499
Iter 0004960: train nll 0.050, valid error 037.200%, best valid error 024.250%, avg grad norm   0.096, avg grad norm (post clip)   0.000, rho_Whh  0.08, Omega  0.00, alpha  0.000, steps in the past 0.000, valid nll 0.048, valid mae 0.178, err@0.05 085.82%, err@0.10 071.03%, err@0.20 037.20%, maxae 0.745
  [diag] log10|dL/dh_t| hist bins=60 range=(-12.50,-11.50) mean=-12.00 p50=-12.00 p05=-12.00 p95=-12.00
  [diag] sat-dist hist bins=60 sat<0.05=0.0% mean=0.995 p10=0.994 p90=0.995
  [diag] z-gate sat-dist hist bins=60 mean=0.119 p10=0.119 p90=0.119
  [diag] r-gate sat-dist hist bins=60 mean=0.499 p10=0.499 p90=0.499
Iter 0004980: train nll 0.050, valid error 037.920%, best valid error 024.250%, avg grad norm   0.108, avg grad norm (post clip)   0.000, rho_Whh  0.08, Omega  0.00, alpha  0.000, steps in the past 0.000, valid nll 0.048, valid mae 0.178, err@0.05 085.90%, err@0.10 071.37%, err@0.20 037.92%, maxae 0.742
  [diag] log10|dL/dh_t| hist bins=60 range=(-12.50,-11.50) mean=-12.00 p50=-12.00 p05=-12.00 p95=-12.00
  [diag] sat-dist hist bins=60 sat<0.05=0.0% mean=0.995 p10=0.994 p90=0.995
  [diag] z-gate sat-dist hist bins=60 mean=0.119 p10=0.119 p90=0.119
  [diag] r-gate sat-dist hist bins=60 mean=0.499 p10=0.499 p90=0.499
Iter 0005000: train nll 0.047, valid error 038.000%, best valid error 024.250%, avg grad norm   0.084, avg grad norm (post clip)   0.000, rho_Whh  0.08, Omega  0.00, alpha  0.000, steps in the past 0.000, valid nll 0.048, valid mae 0.178, err@0.05 085.90%, err@0.10 071.45%, err@0.20 038.00%, maxae 0.742
  [diag] log10|dL/dh_t| hist bins=60 range=(-12.50,-11.50) mean=-12.00 p50=-12.00 p05=-12.00 p95=-12.00
  [diag] sat-dist hist bins=60 sat<0.05=0.0% mean=0.995 p10=0.994 p90=0.995
  [diag] z-gate sat-dist hist bins=60 mean=0.119 p10=0.119 p90=0.119
  [diag] r-gate sat-dist hist bins=60 mean=0.499 p10=0.499 p90=0.499
Iter 0005020: train nll 0.047, valid error 038.020%, best valid error 024.250%, avg grad norm   0.062, avg grad norm (post clip)   0.000, rho_Whh  0.08, Omega  0.00, alpha  0.000, steps in the past 0.000, valid nll 0.048, valid mae 0.178, err@0.05 085.90%, err@0.10 071.48%, err@0.20 038.02%, maxae 0.741
  [diag] log10|dL/dh_t| hist bins=60 range=(-12.50,-11.50) mean=-12.00 p50=-12.00 p05=-12.00 p95=-12.00
  [diag] sat-dist hist bins=60 sat<0.05=0.0% mean=0.995 p10=0.994 p90=0.995
  [diag] z-gate sat-dist hist bins=60 mean=0.119 p10=0.119 p90=0.119
  [diag] r-gate sat-dist hist bins=60 mean=0.499 p10=0.499 p90=0.499
Iter 0005040: train nll 0.046, valid error 037.130%, best valid error 024.250%, avg grad norm   0.074, avg grad norm (post clip)   0.000, rho_Whh  0.08, Omega  0.00, alpha  0.000, steps in the past 0.000, valid nll 0.048, valid mae 0.178, err@0.05 085.79%, err@0.10 071.03%, err@0.20 037.13%, maxae 0.746
  [diag] log10|dL/dh_t| hist bins=60 range=(-12.50,-11.50) mean=-12.00 p50=-12.00 p05=-12.00 p95=-12.00
  [diag] sat-dist hist bins=60 sat<0.05=0.0% mean=0.995 p10=0.994 p90=0.995
  [diag] z-gate sat-dist hist bins=60 mean=0.119 p10=0.119 p90=0.119
  [diag] r-gate sat-dist hist bins=60 mean=0.499 p10=0.499 p90=0.499
Iter 0005060: train nll 0.048, valid error 038.380%, best valid error 024.250%, avg grad norm   0.061, avg grad norm (post clip)   0.000, rho_Whh  0.08, Omega  0.00, alpha  0.000, steps in the past 0.000, valid nll 0.048, valid mae 0.179, err@0.05 085.88%, err@0.10 071.53%, err@0.20 038.38%, maxae 0.740
  [diag] log10|dL/dh_t| hist bins=60 range=(-12.50,-11.50) mean=-12.00 p50=-12.00 p05=-12.00 p95=-12.00
  [diag] sat-dist hist bins=60 sat<0.05=0.0% mean=0.995 p10=0.994 p90=0.995
  [diag] z-gate sat-dist hist bins=60 mean=0.119 p10=0.119 p90=0.119
  [diag] r-gate sat-dist hist bins=60 mean=0.499 p10=0.499 p90=0.499
Iter 0005080: train nll 0.047, valid error 037.680%, best valid error 024.250%, avg grad norm   0.098, avg grad norm (post clip)   0.000, rho_Whh  0.08, Omega  0.00, alpha  0.000, steps in the past 0.000, valid nll 0.048, valid mae 0.178, err@0.05 085.93%, err@0.10 071.22%, err@0.20 037.68%, maxae 0.743
  [diag] log10|dL/dh_t| hist bins=60 range=(-12.50,-11.50) mean=-12.00 p50=-12.00 p05=-12.00 p95=-12.00
  [diag] sat-dist hist bins=60 sat<0.05=0.0% mean=0.995 p10=0.994 p90=0.995
  [diag] z-gate sat-dist hist bins=60 mean=0.119 p10=0.119 p90=0.119
  [diag] r-gate sat-dist hist bins=60 mean=0.499 p10=0.499 p90=0.499
Iter 0005100: train nll 0.045, valid error 038.050%, best valid error 024.250%, avg grad norm   0.061, avg grad norm (post clip)   0.000, rho_Whh  0.08, Omega  0.00, alpha  0.000, steps in the past 0.000, valid nll 0.048, valid mae 0.178, err@0.05 085.90%, err@0.10 071.49%, err@0.20 038.05%, maxae 0.741
  [diag] log10|dL/dh_t| hist bins=60 range=(-12.50,-11.50) mean=-12.00 p50=-12.00 p05=-12.00 p95=-12.00
  [diag] sat-dist hist bins=60 sat<0.05=0.0% mean=0.995 p10=0.994 p90=0.995
  [diag] z-gate sat-dist hist bins=60 mean=0.119 p10=0.119 p90=0.119
  [diag] r-gate sat-dist hist bins=60 mean=0.499 p10=0.499 p90=0.499
Iter 0005120: train nll 0.047, valid error 037.670%, best valid error 024.250%, avg grad norm   0.064, avg grad norm (post clip)   0.000, rho_Whh  0.08, Omega  0.00, alpha  0.000, steps in the past 0.000, valid nll 0.048, valid mae 0.178, err@0.05 085.91%, err@0.10 071.19%, err@0.20 037.67%, maxae 0.743
  [diag] log10|dL/dh_t| hist bins=60 range=(-12.50,-11.50) mean=-12.00 p50=-12.00 p05=-12.00 p95=-12.00
  [diag] sat-dist hist bins=60 sat<0.05=0.0% mean=0.995 p10=0.994 p90=0.995
  [diag] z-gate sat-dist hist bins=60 mean=0.119 p10=0.119 p90=0.119
  [diag] r-gate sat-dist hist bins=60 mean=0.499 p10=0.499 p90=0.499
Iter 0005140: train nll 0.053, valid error 038.570%, best valid error 024.250%, avg grad norm   0.105, avg grad norm (post clip)   0.000, rho_Whh  0.08, Omega  0.00, alpha  0.000, steps in the past 0.000, valid nll 0.048, valid mae 0.179, err@0.05 085.98%, err@0.10 071.61%, err@0.20 038.57%, maxae 0.739
  [diag] log10|dL/dh_t| hist bins=60 range=(-12.50,-11.50) mean=-12.00 p50=-12.00 p05=-12.00 p95=-12.00
  [diag] sat-dist hist bins=60 sat<0.05=0.0% mean=0.995 p10=0.994 p90=0.995
  [diag] z-gate sat-dist hist bins=60 mean=0.119 p10=0.119 p90=0.119
  [diag] r-gate sat-dist hist bins=60 mean=0.499 p10=0.499 p90=0.499
Iter 0005160: train nll 0.050, valid error 037.850%, best valid error 024.250%, avg grad norm   0.067, avg grad norm (post clip)   0.000, rho_Whh  0.08, Omega  0.00, alpha  0.000, steps in the past 0.000, valid nll 0.048, valid mae 0.178, err@0.05 085.90%, err@0.10 071.32%, err@0.20 037.85%, maxae 0.742
  [diag] log10|dL/dh_t| hist bins=60 range=(-12.50,-11.50) mean=-12.00 p50=-12.00 p05=-12.00 p95=-12.00
  [diag] sat-dist hist bins=60 sat<0.05=0.0% mean=0.995 p10=0.994 p90=0.995
  [diag] z-gate sat-dist hist bins=60 mean=0.119 p10=0.119 p90=0.119
  [diag] r-gate sat-dist hist bins=60 mean=0.499 p10=0.499 p90=0.499
Iter 0005180: train nll 0.043, valid error 037.940%, best valid error 024.250%, avg grad norm   0.066, avg grad norm (post clip)   0.000, rho_Whh  0.08, Omega  0.00, alpha  0.000, steps in the past 0.000, valid nll 0.048, valid mae 0.178, err@0.05 085.88%, err@0.10 071.35%, err@0.20 037.94%, maxae 0.742
  [diag] log10|dL/dh_t| hist bins=60 range=(-12.50,-11.50) mean=-12.00 p50=-12.00 p05=-12.00 p95=-12.00
  [diag] sat-dist hist bins=60 sat<0.05=0.0% mean=0.994 p10=0.994 p90=0.995
  [diag] z-gate sat-dist hist bins=60 mean=0.119 p10=0.119 p90=0.119
  [diag] r-gate sat-dist hist bins=60 mean=0.499 p10=0.499 p90=0.499
Iter 0005200: train nll 0.053, valid error 039.370%, best valid error 024.250%, avg grad norm   0.106, avg grad norm (post clip)   0.000, rho_Whh  0.08, Omega  0.00, alpha  0.000, steps in the past 0.000, valid nll 0.048, valid mae 0.180, err@0.05 086.28%, err@0.10 071.87%, err@0.20 039.37%, maxae 0.735
  [diag] log10|dL/dh_t| hist bins=60 range=(-12.50,-11.50) mean=-12.00 p50=-12.00 p05=-12.00 p95=-12.00
  [diag] sat-dist hist bins=60 sat<0.05=0.0% mean=0.994 p10=0.994 p90=0.995
  [diag] z-gate sat-dist hist bins=60 mean=0.119 p10=0.119 p90=0.119
  [diag] r-gate sat-dist hist bins=60 mean=0.499 p10=0.499 p90=0.499
Iter 0005220: train nll 0.050, valid error 039.150%, best valid error 024.250%, avg grad norm   0.074, avg grad norm (post clip)   0.000, rho_Whh  0.08, Omega  0.00, alpha  0.000, steps in the past 0.000, valid nll 0.048, valid mae 0.179, err@0.05 086.20%, err@0.10 071.69%, err@0.20 039.15%, maxae 0.736
  [diag] log10|dL/dh_t| hist bins=60 range=(-12.50,-11.50) mean=-12.00 p50=-12.00 p05=-12.00 p95=-12.00
  [diag] sat-dist hist bins=60 sat<0.05=0.0% mean=0.994 p10=0.994 p90=0.995
  [diag] z-gate sat-dist hist bins=60 mean=0.119 p10=0.119 p90=0.119
  [diag] r-gate sat-dist hist bins=60 mean=0.499 p10=0.499 p90=0.499
Iter 0005240: train nll 0.051, valid error 038.850%, best valid error 024.250%, avg grad norm   0.063, avg grad norm (post clip)   0.000, rho_Whh  0.08, Omega  0.00, alpha  0.000, steps in the past 0.000, valid nll 0.048, valid mae 0.179, err@0.05 086.09%, err@0.10 071.66%, err@0.20 038.85%, maxae 0.738
  [diag] log10|dL/dh_t| hist bins=60 range=(-12.50,-11.50) mean=-12.00 p50=-12.00 p05=-12.00 p95=-12.00
  [diag] sat-dist hist bins=60 sat<0.05=0.0% mean=0.994 p10=0.994 p90=0.995
  [diag] z-gate sat-dist hist bins=60 mean=0.119 p10=0.119 p90=0.119
  [diag] r-gate sat-dist hist bins=60 mean=0.499 p10=0.499 p90=0.499
Iter 0005260: train nll 0.049, valid error 038.720%, best valid error 024.250%, avg grad norm   0.080, avg grad norm (post clip)   0.000, rho_Whh  0.08, Omega  0.00, alpha  0.000, steps in the past 0.000, valid nll 0.048, valid mae 0.179, err@0.05 086.00%, err@0.10 071.60%, err@0.20 038.72%, maxae 0.738
  [diag] log10|dL/dh_t| hist bins=60 range=(-12.50,-11.50) mean=-12.00 p50=-12.00 p05=-12.00 p95=-12.00
  [diag] sat-dist hist bins=60 sat<0.05=0.0% mean=0.994 p10=0.994 p90=0.995
  [diag] z-gate sat-dist hist bins=60 mean=0.119 p10=0.119 p90=0.119
  [diag] r-gate sat-dist hist bins=60 mean=0.499 p10=0.499 p90=0.499
Iter 0005280: train nll 0.051, valid error 040.100%, best valid error 024.250%, avg grad norm   0.081, avg grad norm (post clip)   0.000, rho_Whh  0.08, Omega  0.00, alpha  0.000, steps in the past 0.000, valid nll 0.048, valid mae 0.180, err@0.05 086.29%, err@0.10 072.11%, err@0.20 040.10%, maxae 0.732
  [diag] log10|dL/dh_t| hist bins=60 range=(-12.50,-11.50) mean=-12.00 p50=-12.00 p05=-12.00 p95=-12.00
  [diag] sat-dist hist bins=60 sat<0.05=0.0% mean=0.994 p10=0.994 p90=0.995
  [diag] z-gate sat-dist hist bins=60 mean=0.119 p10=0.119 p90=0.119
  [diag] r-gate sat-dist hist bins=60 mean=0.499 p10=0.499 p90=0.499
Iter 0005300: train nll 0.049, valid error 040.320%, best valid error 024.250%, avg grad norm   0.099, avg grad norm (post clip)   0.000, rho_Whh  0.08, Omega  0.00, alpha  0.000, steps in the past 0.000, valid nll 0.048, valid mae 0.181, err@0.05 086.38%, err@0.10 072.12%, err@0.20 040.32%, maxae 0.731
  [diag] log10|dL/dh_t| hist bins=60 range=(-12.50,-11.50) mean=-12.00 p50=-12.00 p05=-12.00 p95=-12.00
  [diag] sat-dist hist bins=60 sat<0.05=0.0% mean=0.994 p10=0.994 p90=0.995
  [diag] z-gate sat-dist hist bins=60 mean=0.119 p10=0.119 p90=0.119
  [diag] r-gate sat-dist hist bins=60 mean=0.499 p10=0.499 p90=0.499
Iter 0005320: train nll 0.053, valid error 041.380%, best valid error 024.250%, avg grad norm   0.094, avg grad norm (post clip)   0.000, rho_Whh  0.08, Omega  0.00, alpha  0.000, steps in the past 0.000, valid nll 0.048, valid mae 0.182, err@0.05 086.60%, err@0.10 072.41%, err@0.20 041.38%, maxae 0.726
  [diag] log10|dL/dh_t| hist bins=60 range=(-12.50,-11.50) mean=-12.00 p50=-12.00 p05=-12.00 p95=-12.00
  [diag] sat-dist hist bins=60 sat<0.05=0.0% mean=0.994 p10=0.994 p90=0.995
  [diag] z-gate sat-dist hist bins=60 mean=0.119 p10=0.119 p90=0.119
  [diag] r-gate sat-dist hist bins=60 mean=0.499 p10=0.499 p90=0.499
Iter 0005340: train nll 0.050, valid error 041.850%, best valid error 024.250%, avg grad norm   0.074, avg grad norm (post clip)   0.000, rho_Whh  0.08, Omega  0.00, alpha  0.000, steps in the past 0.000, valid nll 0.048, valid mae 0.182, err@0.05 086.66%, err@0.10 072.62%, err@0.20 041.85%, maxae 0.724
  [diag] log10|dL/dh_t| hist bins=60 range=(-12.50,-11.50) mean=-12.00 p50=-12.00 p05=-12.00 p95=-12.00
  [diag] sat-dist hist bins=60 sat<0.05=0.0% mean=0.994 p10=0.994 p90=0.995
  [diag] z-gate sat-dist hist bins=60 mean=0.119 p10=0.119 p90=0.119
  [diag] r-gate sat-dist hist bins=60 mean=0.499 p10=0.499 p90=0.499
Iter 0005360: train nll 0.045, valid error 039.240%, best valid error 024.250%, avg grad norm   0.069, avg grad norm (post clip)   0.000, rho_Whh  0.08, Omega  0.00, alpha  0.000, steps in the past 0.000, valid nll 0.048, valid mae 0.180, err@0.05 086.29%, err@0.10 071.71%, err@0.20 039.24%, maxae 0.736
  [diag] log10|dL/dh_t| hist bins=60 range=(-12.50,-11.50) mean=-12.00 p50=-12.00 p05=-12.00 p95=-12.00
  [diag] sat-dist hist bins=60 sat<0.05=0.0% mean=0.994 p10=0.994 p90=0.995
  [diag] z-gate sat-dist hist bins=60 mean=0.119 p10=0.119 p90=0.119
  [diag] r-gate sat-dist hist bins=60 mean=0.499 p10=0.499 p90=0.499
Iter 0005380: train nll 0.050, valid error 039.520%, best valid error 024.250%, avg grad norm   0.053, avg grad norm (post clip)   0.000, rho_Whh  0.08, Omega  0.00, alpha  0.000, steps in the past 0.000, valid nll 0.048, valid mae 0.180, err@0.05 086.33%, err@0.10 071.93%, err@0.20 039.52%, maxae 0.734
  [diag] log10|dL/dh_t| hist bins=60 range=(-12.50,-11.50) mean=-12.00 p50=-12.00 p05=-12.00 p95=-12.00
  [diag] sat-dist hist bins=60 sat<0.05=0.0% mean=0.994 p10=0.994 p90=0.995
  [diag] z-gate sat-dist hist bins=60 mean=0.119 p10=0.119 p90=0.119
  [diag] r-gate sat-dist hist bins=60 mean=0.499 p10=0.499 p90=0.499
Iter 0005400: train nll 0.045, valid error 038.730%, best valid error 024.250%, avg grad norm   0.064, avg grad norm (post clip)   0.000, rho_Whh  0.08, Omega  0.00, alpha  0.000, steps in the past 0.000, valid nll 0.048, valid mae 0.179, err@0.05 085.99%, err@0.10 071.55%, err@0.20 038.73%, maxae 0.738
  [diag] log10|dL/dh_t| hist bins=60 range=(-12.50,-11.50) mean=-12.00 p50=-12.00 p05=-12.00 p95=-12.00
  [diag] sat-dist hist bins=60 sat<0.05=0.0% mean=0.995 p10=0.994 p90=0.995
  [diag] z-gate sat-dist hist bins=60 mean=0.119 p10=0.119 p90=0.119
  [diag] r-gate sat-dist hist bins=60 mean=0.499 p10=0.499 p90=0.499
Iter 0005420: train nll 0.046, valid error 038.430%, best valid error 024.250%, avg grad norm   0.091, avg grad norm (post clip)   0.000, rho_Whh  0.08, Omega  0.00, alpha  0.000, steps in the past 0.000, valid nll 0.048, valid mae 0.179, err@0.05 085.95%, err@0.10 071.55%, err@0.20 038.43%, maxae 0.739
  [diag] log10|dL/dh_t| hist bins=60 range=(-12.50,-11.50) mean=-12.00 p50=-12.00 p05=-12.00 p95=-12.00
  [diag] sat-dist hist bins=60 sat<0.05=0.0% mean=0.995 p10=0.994 p90=0.995
  [diag] z-gate sat-dist hist bins=60 mean=0.119 p10=0.119 p90=0.119
  [diag] r-gate sat-dist hist bins=60 mean=0.499 p10=0.499 p90=0.499
Iter 0005440: train nll 0.047, valid error 038.360%, best valid error 024.250%, avg grad norm   0.089, avg grad norm (post clip)   0.000, rho_Whh  0.08, Omega  0.00, alpha  0.000, steps in the past 0.000, valid nll 0.048, valid mae 0.179, err@0.05 085.88%, err@0.10 071.54%, err@0.20 038.36%, maxae 0.740
  [diag] log10|dL/dh_t| hist bins=60 range=(-12.50,-11.50) mean=-12.00 p50=-12.00 p05=-12.00 p95=-12.00
  [diag] sat-dist hist bins=60 sat<0.05=0.0% mean=0.995 p10=0.994 p90=0.995
  [diag] z-gate sat-dist hist bins=60 mean=0.119 p10=0.119 p90=0.119
  [diag] r-gate sat-dist hist bins=60 mean=0.499 p10=0.499 p90=0.499
Iter 0005460: train nll 0.045, valid error 038.650%, best valid error 024.250%, avg grad norm   0.070, avg grad norm (post clip)   0.000, rho_Whh  0.08, Omega  0.00, alpha  0.000, steps in the past 0.000, valid nll 0.048, valid mae 0.179, err@0.05 085.98%, err@0.10 071.60%, err@0.20 038.65%, maxae 0.738
  [diag] log10|dL/dh_t| hist bins=60 range=(-12.50,-11.50) mean=-12.00 p50=-12.00 p05=-12.00 p95=-12.00
  [diag] sat-dist hist bins=60 sat<0.05=0.0% mean=0.994 p10=0.994 p90=0.995
  [diag] z-gate sat-dist hist bins=60 mean=0.119 p10=0.119 p90=0.119
  [diag] r-gate sat-dist hist bins=60 mean=0.499 p10=0.499 p90=0.499
Iter 0005480: train nll 0.047, valid error 038.850%, best valid error 024.250%, avg grad norm   0.085, avg grad norm (post clip)   0.000, rho_Whh  0.08, Omega  0.00, alpha  0.000, steps in the past 0.000, valid nll 0.048, valid mae 0.179, err@0.05 086.09%, err@0.10 071.65%, err@0.20 038.85%, maxae 0.738
  [diag] log10|dL/dh_t| hist bins=60 range=(-12.50,-11.50) mean=-12.00 p50=-12.00 p05=-12.00 p95=-12.00
  [diag] sat-dist hist bins=60 sat<0.05=0.0% mean=0.994 p10=0.994 p90=0.995
  [diag] z-gate sat-dist hist bins=60 mean=0.119 p10=0.119 p90=0.119
  [diag] r-gate sat-dist hist bins=60 mean=0.499 p10=0.499 p90=0.499
Iter 0005500: train nll 0.054, valid error 038.710%, best valid error 024.250%, avg grad norm   0.101, avg grad norm (post clip)   0.000, rho_Whh  0.08, Omega  0.00, alpha  0.000, steps in the past 0.000, valid nll 0.048, valid mae 0.179, err@0.05 086.00%, err@0.10 071.61%, err@0.20 038.71%, maxae 0.738
  [diag] log10|dL/dh_t| hist bins=60 range=(-12.50,-11.50) mean=-12.00 p50=-12.00 p05=-12.00 p95=-12.00
  [diag] sat-dist hist bins=60 sat<0.05=0.0% mean=0.995 p10=0.994 p90=0.995
  [diag] z-gate sat-dist hist bins=60 mean=0.119 p10=0.119 p90=0.119
  [diag] r-gate sat-dist hist bins=60 mean=0.499 p10=0.499 p90=0.499
Iter 0005520: train nll 0.051, valid error 038.440%, best valid error 024.250%, avg grad norm   0.084, avg grad norm (post clip)   0.000, rho_Whh  0.08, Omega  0.00, alpha  0.000, steps in the past 0.000, valid nll 0.048, valid mae 0.179, err@0.05 086.00%, err@0.10 071.57%, err@0.20 038.44%, maxae 0.739
  [diag] log10|dL/dh_t| hist bins=60 range=(-12.50,-11.50) mean=-12.00 p50=-12.00 p05=-12.00 p95=-12.00
  [diag] sat-dist hist bins=60 sat<0.05=0.0% mean=0.995 p10=0.994 p90=0.995
  [diag] z-gate sat-dist hist bins=60 mean=0.119 p10=0.119 p90=0.119
  [diag] r-gate sat-dist hist bins=60 mean=0.499 p10=0.499 p90=0.499
Iter 0005540: train nll 0.042, valid error 036.880%, best valid error 024.250%, avg grad norm   0.071, avg grad norm (post clip)   0.000, rho_Whh  0.08, Omega  0.00, alpha  0.000, steps in the past 0.000, valid nll 0.048, valid mae 0.177, err@0.05 085.76%, err@0.10 070.96%, err@0.20 036.88%, maxae 0.746
  [diag] log10|dL/dh_t| hist bins=60 range=(-12.50,-11.50) mean=-12.00 p50=-12.00 p05=-12.00 p95=-12.00
  [diag] sat-dist hist bins=60 sat<0.05=0.0% mean=0.995 p10=0.994 p90=0.995
  [diag] z-gate sat-dist hist bins=60 mean=0.119 p10=0.119 p90=0.119
  [diag] r-gate sat-dist hist bins=60 mean=0.499 p10=0.499 p90=0.499
Iter 0005560: train nll 0.044, valid error 036.400%, best valid error 024.250%, avg grad norm   0.065, avg grad norm (post clip)   0.000, rho_Whh  0.08, Omega  0.00, alpha  0.000, steps in the past 0.000, valid nll 0.048, valid mae 0.177, err@0.05 085.71%, err@0.10 070.76%, err@0.20 036.40%, maxae 0.748
  [diag] log10|dL/dh_t| hist bins=60 range=(-12.50,-11.50) mean=-12.00 p50=-12.00 p05=-12.00 p95=-12.00
  [diag] sat-dist hist bins=60 sat<0.05=0.0% mean=0.995 p10=0.994 p90=0.995
  [diag] z-gate sat-dist hist bins=60 mean=0.119 p10=0.119 p90=0.119
  [diag] r-gate sat-dist hist bins=60 mean=0.499 p10=0.499 p90=0.499
Iter 0005580: train nll 0.048, valid error 036.600%, best valid error 024.250%, avg grad norm   0.088, avg grad norm (post clip)   0.000, rho_Whh  0.08, Omega  0.00, alpha  0.000, steps in the past 0.000, valid nll 0.048, valid mae 0.177, err@0.05 085.71%, err@0.10 070.81%, err@0.20 036.60%, maxae 0.747
  [diag] log10|dL/dh_t| hist bins=60 range=(-12.50,-11.50) mean=-12.00 p50=-12.00 p05=-12.00 p95=-12.00
  [diag] sat-dist hist bins=60 sat<0.05=0.0% mean=0.995 p10=0.994 p90=0.995
  [diag] z-gate sat-dist hist bins=60 mean=0.119 p10=0.119 p90=0.119
  [diag] r-gate sat-dist hist bins=60 mean=0.499 p10=0.499 p90=0.499
Iter 0005600: train nll 0.050, valid error 037.350%, best valid error 024.250%, avg grad norm   0.073, avg grad norm (post clip)   0.000, rho_Whh  0.08, Omega  0.00, alpha  0.000, steps in the past 0.000, valid nll 0.048, valid mae 0.178, err@0.05 085.85%, err@0.10 071.12%, err@0.20 037.35%, maxae 0.745
  [diag] log10|dL/dh_t| hist bins=60 range=(-12.50,-11.50) mean=-12.00 p50=-12.00 p05=-12.00 p95=-12.00
  [diag] sat-dist hist bins=60 sat<0.05=0.0% mean=0.995 p10=0.994 p90=0.995
  [diag] z-gate sat-dist hist bins=60 mean=0.119 p10=0.119 p90=0.119
  [diag] r-gate sat-dist hist bins=60 mean=0.499 p10=0.499 p90=0.499
Iter 0005620: train nll 0.049, valid error 036.860%, best valid error 024.250%, avg grad norm   0.072, avg grad norm (post clip)   0.000, rho_Whh  0.08, Omega  0.00, alpha  0.000, steps in the past 0.000, valid nll 0.048, valid mae 0.177, err@0.05 085.76%, err@0.10 070.96%, err@0.20 036.86%, maxae 0.747
  [diag] log10|dL/dh_t| hist bins=60 range=(-12.50,-11.50) mean=-12.00 p50=-12.00 p05=-12.00 p95=-12.00
  [diag] sat-dist hist bins=60 sat<0.05=0.0% mean=0.995 p10=0.994 p90=0.995
  [diag] z-gate sat-dist hist bins=60 mean=0.119 p10=0.119 p90=0.119
  [diag] r-gate sat-dist hist bins=60 mean=0.499 p10=0.499 p90=0.499
Iter 0005640: train nll 0.049, valid error 036.160%, best valid error 024.250%, avg grad norm   0.081, avg grad norm (post clip)   0.000, rho_Whh  0.08, Omega  0.00, alpha  0.000, steps in the past 0.000, valid nll 0.048, valid mae 0.177, err@0.05 085.65%, err@0.10 070.69%, err@0.20 036.16%, maxae 0.749
  [diag] log10|dL/dh_t| hist bins=60 range=(-12.50,-11.50) mean=-12.00 p50=-12.00 p05=-12.00 p95=-12.00
  [diag] sat-dist hist bins=60 sat<0.05=0.0% mean=0.995 p10=0.994 p90=0.995
  [diag] z-gate sat-dist hist bins=60 mean=0.119 p10=0.119 p90=0.119
  [diag] r-gate sat-dist hist bins=60 mean=0.499 p10=0.499 p90=0.499
Iter 0005660: train nll 0.052, valid error 037.670%, best valid error 024.250%, avg grad norm   0.084, avg grad norm (post clip)   0.000, rho_Whh  0.08, Omega  0.00, alpha  0.000, steps in the past 0.000, valid nll 0.048, valid mae 0.178, err@0.05 085.91%, err@0.10 071.18%, err@0.20 037.67%, maxae 0.743
  [diag] log10|dL/dh_t| hist bins=60 range=(-12.50,-11.50) mean=-12.00 p50=-12.00 p05=-12.00 p95=-12.00
  [diag] sat-dist hist bins=60 sat<0.05=0.0% mean=0.995 p10=0.994 p90=0.995
  [diag] z-gate sat-dist hist bins=60 mean=0.119 p10=0.119 p90=0.119
  [diag] r-gate sat-dist hist bins=60 mean=0.499 p10=0.499 p90=0.499
Iter 0005680: train nll 0.047, valid error 036.760%, best valid error 024.250%, avg grad norm   0.091, avg grad norm (post clip)   0.000, rho_Whh  0.08, Omega  0.00, alpha  0.000, steps in the past 0.000, valid nll 0.048, valid mae 0.177, err@0.05 085.70%, err@0.10 070.91%, err@0.20 036.76%, maxae 0.747
  [diag] log10|dL/dh_t| hist bins=60 range=(-12.50,-11.50) mean=-12.00 p50=-12.00 p05=-12.00 p95=-12.00
  [diag] sat-dist hist bins=60 sat<0.05=0.0% mean=0.995 p10=0.994 p90=0.995
  [diag] z-gate sat-dist hist bins=60 mean=0.119 p10=0.119 p90=0.119
  [diag] r-gate sat-dist hist bins=60 mean=0.499 p10=0.499 p90=0.499
Iter 0005700: train nll 0.050, valid error 037.550%, best valid error 024.250%, avg grad norm   0.054, avg grad norm (post clip)   0.000, rho_Whh  0.08, Omega  0.00, alpha  0.000, steps in the past 0.000, valid nll 0.048, valid mae 0.178, err@0.05 085.91%, err@0.10 071.19%, err@0.20 037.55%, maxae 0.744
  [diag] log10|dL/dh_t| hist bins=60 range=(-12.50,-11.50) mean=-12.00 p50=-12.00 p05=-12.00 p95=-12.00
  [diag] sat-dist hist bins=60 sat<0.05=0.0% mean=0.995 p10=0.994 p90=0.995
  [diag] z-gate sat-dist hist bins=60 mean=0.119 p10=0.119 p90=0.119
  [diag] r-gate sat-dist hist bins=60 mean=0.499 p10=0.499 p90=0.499
Iter 0005720: train nll 0.051, valid error 038.230%, best valid error 024.250%, avg grad norm   0.084, avg grad norm (post clip)   0.000, rho_Whh  0.08, Omega  0.00, alpha  0.000, steps in the past 0.000, valid nll 0.048, valid mae 0.179, err@0.05 085.93%, err@0.10 071.52%, err@0.20 038.23%, maxae 0.741
  [diag] log10|dL/dh_t| hist bins=60 range=(-12.50,-11.50) mean=-12.00 p50=-12.00 p05=-12.00 p95=-12.00
  [diag] sat-dist hist bins=60 sat<0.05=0.0% mean=0.995 p10=0.994 p90=0.995
  [diag] z-gate sat-dist hist bins=60 mean=0.119 p10=0.119 p90=0.119
  [diag] r-gate sat-dist hist bins=60 mean=0.499 p10=0.499 p90=0.499
Iter 0005740: train nll 0.054, valid error 038.300%, best valid error 024.250%, avg grad norm   0.108, avg grad norm (post clip)   0.000, rho_Whh  0.08, Omega  0.00, alpha  0.000, steps in the past 0.000, valid nll 0.048, valid mae 0.179, err@0.05 085.92%, err@0.10 071.51%, err@0.20 038.30%, maxae 0.740
  [diag] log10|dL/dh_t| hist bins=60 range=(-12.50,-11.50) mean=-12.00 p50=-12.00 p05=-12.00 p95=-12.00
  [diag] sat-dist hist bins=60 sat<0.05=0.0% mean=0.995 p10=0.994 p90=0.995
  [diag] z-gate sat-dist hist bins=60 mean=0.119 p10=0.119 p90=0.119
  [diag] r-gate sat-dist hist bins=60 mean=0.499 p10=0.499 p90=0.499
Iter 0005760: train nll 0.049, valid error 037.920%, best valid error 024.250%, avg grad norm   0.084, avg grad norm (post clip)   0.000, rho_Whh  0.08, Omega  0.00, alpha  0.000, steps in the past 0.000, valid nll 0.048, valid mae 0.178, err@0.05 085.90%, err@0.10 071.39%, err@0.20 037.92%, maxae 0.742
  [diag] log10|dL/dh_t| hist bins=60 range=(-12.50,-11.50) mean=-12.00 p50=-12.00 p05=-12.00 p95=-12.00
  [diag] sat-dist hist bins=60 sat<0.05=0.0% mean=0.995 p10=0.994 p90=0.995
  [diag] z-gate sat-dist hist bins=60 mean=0.119 p10=0.119 p90=0.119
  [diag] r-gate sat-dist hist bins=60 mean=0.499 p10=0.499 p90=0.499
Iter 0005780: train nll 0.046, valid error 038.250%, best valid error 024.250%, avg grad norm   0.086, avg grad norm (post clip)   0.000, rho_Whh  0.08, Omega  0.00, alpha  0.000, steps in the past 0.000, valid nll 0.048, valid mae 0.179, err@0.05 085.92%, err@0.10 071.55%, err@0.20 038.25%, maxae 0.741
  [diag] log10|dL/dh_t| hist bins=60 range=(-12.50,-11.50) mean=-12.00 p50=-12.00 p05=-12.00 p95=-12.00
  [diag] sat-dist hist bins=60 sat<0.05=0.0% mean=0.995 p10=0.994 p90=0.995
  [diag] z-gate sat-dist hist bins=60 mean=0.119 p10=0.119 p90=0.119
  [diag] r-gate sat-dist hist bins=60 mean=0.499 p10=0.499 p90=0.499
Iter 0005800: train nll 0.045, valid error 037.950%, best valid error 024.250%, avg grad norm   0.061, avg grad norm (post clip)   0.000, rho_Whh  0.08, Omega  0.00, alpha  0.000, steps in the past 0.000, valid nll 0.048, valid mae 0.178, err@0.05 085.90%, err@0.10 071.36%, err@0.20 037.95%, maxae 0.742
  [diag] log10|dL/dh_t| hist bins=60 range=(-12.50,-11.50) mean=-12.00 p50=-12.00 p05=-12.00 p95=-12.00
  [diag] sat-dist hist bins=60 sat<0.05=0.0% mean=0.994 p10=0.994 p90=0.995
  [diag] z-gate sat-dist hist bins=60 mean=0.119 p10=0.119 p90=0.119
  [diag] r-gate sat-dist hist bins=60 mean=0.499 p10=0.499 p90=0.499
Iter 0005820: train nll 0.046, valid error 039.130%, best valid error 024.250%, avg grad norm   0.101, avg grad norm (post clip)   0.000, rho_Whh  0.08, Omega  0.00, alpha  0.000, steps in the past 0.000, valid nll 0.048, valid mae 0.179, err@0.05 086.18%, err@0.10 071.67%, err@0.20 039.13%, maxae 0.736
  [diag] log10|dL/dh_t| hist bins=60 range=(-12.50,-11.50) mean=-12.00 p50=-12.00 p05=-12.00 p95=-12.00
  [diag] sat-dist hist bins=60 sat<0.05=0.0% mean=0.994 p10=0.994 p90=0.995
  [diag] z-gate sat-dist hist bins=60 mean=0.119 p10=0.119 p90=0.119
  [diag] r-gate sat-dist hist bins=60 mean=0.499 p10=0.499 p90=0.499
Iter 0005840: train nll 0.048, valid error 039.310%, best valid error 024.250%, avg grad norm   0.076, avg grad norm (post clip)   0.000, rho_Whh  0.08, Omega  0.00, alpha  0.000, steps in the past 0.000, valid nll 0.048, valid mae 0.180, err@0.05 086.27%, err@0.10 071.74%, err@0.20 039.31%, maxae 0.736
  [diag] log10|dL/dh_t| hist bins=60 range=(-12.50,-11.50) mean=-12.00 p50=-12.00 p05=-12.00 p95=-12.00
  [diag] sat-dist hist bins=60 sat<0.05=0.0% mean=0.995 p10=0.994 p90=0.995
  [diag] z-gate sat-dist hist bins=60 mean=0.119 p10=0.119 p90=0.119
  [diag] r-gate sat-dist hist bins=60 mean=0.499 p10=0.499 p90=0.499
Iter 0005860: train nll 0.043, valid error 037.690%, best valid error 024.250%, avg grad norm   0.090, avg grad norm (post clip)   0.000, rho_Whh  0.08, Omega  0.00, alpha  0.000, steps in the past 0.000, valid nll 0.048, valid mae 0.178, err@0.05 085.93%, err@0.10 071.23%, err@0.20 037.69%, maxae 0.743
  [diag] log10|dL/dh_t| hist bins=60 range=(-12.50,-11.50) mean=-12.00 p50=-12.00 p05=-12.00 p95=-12.00
  [diag] sat-dist hist bins=60 sat<0.05=0.0% mean=0.995 p10=0.994 p90=0.995
  [diag] z-gate sat-dist hist bins=60 mean=0.119 p10=0.119 p90=0.119
  [diag] r-gate sat-dist hist bins=60 mean=0.499 p10=0.499 p90=0.499
Iter 0005880: train nll 0.045, valid error 037.200%, best valid error 024.250%, avg grad norm   0.067, avg grad norm (post clip)   0.000, rho_Whh  0.08, Omega  0.00, alpha  0.000, steps in the past 0.000, valid nll 0.048, valid mae 0.178, err@0.05 085.81%, err@0.10 071.06%, err@0.20 037.20%, maxae 0.745
  [diag] log10|dL/dh_t| hist bins=60 range=(-12.50,-11.50) mean=-12.00 p50=-12.00 p05=-12.00 p95=-12.00
  [diag] sat-dist hist bins=60 sat<0.05=0.0% mean=0.995 p10=0.994 p90=0.995
  [diag] z-gate sat-dist hist bins=60 mean=0.119 p10=0.119 p90=0.119
  [diag] r-gate sat-dist hist bins=60 mean=0.499 p10=0.499 p90=0.499
Iter 0005900: train nll 0.048, valid error 036.400%, best valid error 024.250%, avg grad norm   0.075, avg grad norm (post clip)   0.000, rho_Whh  0.08, Omega  0.00, alpha  0.000, steps in the past 0.000, valid nll 0.048, valid mae 0.177, err@0.05 085.72%, err@0.10 070.76%, err@0.20 036.40%, maxae 0.748
  [diag] log10|dL/dh_t| hist bins=60 range=(-12.50,-11.50) mean=-12.00 p50=-12.00 p05=-12.00 p95=-12.00
  [diag] sat-dist hist bins=60 sat<0.05=0.0% mean=0.995 p10=0.994 p90=0.995
  [diag] z-gate sat-dist hist bins=60 mean=0.119 p10=0.119 p90=0.119
  [diag] r-gate sat-dist hist bins=60 mean=0.499 p10=0.499 p90=0.499
Iter 0005920: train nll 0.045, valid error 036.760%, best valid error 024.250%, avg grad norm   0.093, avg grad norm (post clip)   0.000, rho_Whh  0.08, Omega  0.00, alpha  0.000, steps in the past 0.000, valid nll 0.048, valid mae 0.177, err@0.05 085.70%, err@0.10 070.91%, err@0.20 036.76%, maxae 0.747
  [diag] log10|dL/dh_t| hist bins=60 range=(-12.50,-11.50) mean=-12.00 p50=-12.00 p05=-12.00 p95=-12.00
  [diag] sat-dist hist bins=60 sat<0.05=0.0% mean=0.995 p10=0.994 p90=0.995
  [diag] z-gate sat-dist hist bins=60 mean=0.119 p10=0.119 p90=0.119
  [diag] r-gate sat-dist hist bins=60 mean=0.499 p10=0.499 p90=0.499
Iter 0005940: train nll 0.054, valid error 038.370%, best valid error 024.250%, avg grad norm   0.091, avg grad norm (post clip)   0.000, rho_Whh  0.08, Omega  0.00, alpha  0.000, steps in the past 0.000, valid nll 0.048, valid mae 0.179, err@0.05 085.88%, err@0.10 071.54%, err@0.20 038.37%, maxae 0.740
  [diag] log10|dL/dh_t| hist bins=60 range=(-12.50,-11.50) mean=-12.00 p50=-12.00 p05=-12.00 p95=-12.00
  [diag] sat-dist hist bins=60 sat<0.05=0.0% mean=0.995 p10=0.994 p90=0.995
  [diag] z-gate sat-dist hist bins=60 mean=0.119 p10=0.119 p90=0.119
  [diag] r-gate sat-dist hist bins=60 mean=0.499 p10=0.499 p90=0.499
Iter 0005960: train nll 0.055, valid error 038.360%, best valid error 024.250%, avg grad norm   0.081, avg grad norm (post clip)   0.000, rho_Whh  0.08, Omega  0.00, alpha  0.000, steps in the past 0.000, valid nll 0.048, valid mae 0.179, err@0.05 085.90%, err@0.10 071.50%, err@0.20 038.36%, maxae 0.740
  [diag] log10|dL/dh_t| hist bins=60 range=(-12.50,-11.50) mean=-12.00 p50=-12.00 p05=-12.00 p95=-12.00
  [diag] sat-dist hist bins=60 sat<0.05=0.0% mean=0.995 p10=0.994 p90=0.995
  [diag] z-gate sat-dist hist bins=60 mean=0.119 p10=0.119 p90=0.119
  [diag] r-gate sat-dist hist bins=60 mean=0.499 p10=0.499 p90=0.499
Iter 0005980: train nll 0.052, valid error 038.070%, best valid error 024.250%, avg grad norm   0.080, avg grad norm (post clip)   0.000, rho_Whh  0.08, Omega  0.00, alpha  0.000, steps in the past 0.000, valid nll 0.048, valid mae 0.178, err@0.05 085.92%, err@0.10 071.51%, err@0.20 038.07%, maxae 0.741
  [diag] log10|dL/dh_t| hist bins=60 range=(-12.50,-11.50) mean=-12.00 p50=-12.00 p05=-12.00 p95=-12.00
  [diag] sat-dist hist bins=60 sat<0.05=0.0% mean=0.995 p10=0.994 p90=0.995
  [diag] z-gate sat-dist hist bins=60 mean=0.119 p10=0.119 p90=0.119
  [diag] r-gate sat-dist hist bins=60 mean=0.499 p10=0.499 p90=0.499
Iter 0006000: train nll 0.052, valid error 038.390%, best valid error 024.250%, avg grad norm   0.081, avg grad norm (post clip)   0.000, rho_Whh  0.08, Omega  0.00, alpha  0.000, steps in the past 0.000, valid nll 0.048, valid mae 0.179, err@0.05 085.88%, err@0.10 071.53%, err@0.20 038.39%, maxae 0.740
  [diag] log10|dL/dh_t| hist bins=60 range=(-12.50,-11.50) mean=-12.00 p50=-12.00 p05=-12.00 p95=-12.00
  [diag] sat-dist hist bins=60 sat<0.05=0.0% mean=0.995 p10=0.994 p90=0.995
  [diag] z-gate sat-dist hist bins=60 mean=0.119 p10=0.119 p90=0.119
  [diag] r-gate sat-dist hist bins=60 mean=0.499 p10=0.499 p90=0.499
Iter 0006020: train nll 0.046, valid error 038.880%, best valid error 024.250%, avg grad norm   0.074, avg grad norm (post clip)   0.000, rho_Whh  0.08, Omega  0.00, alpha  0.000, steps in the past 0.000, valid nll 0.048, valid mae 0.179, err@0.05 086.10%, err@0.10 071.65%, err@0.20 038.88%, maxae 0.737
  [diag] log10|dL/dh_t| hist bins=60 range=(-12.50,-11.50) mean=-12.00 p50=-12.00 p05=-12.00 p95=-12.00
  [diag] sat-dist hist bins=60 sat<0.05=0.0% mean=0.995 p10=0.994 p90=0.995
  [diag] z-gate sat-dist hist bins=60 mean=0.119 p10=0.119 p90=0.119
  [diag] r-gate sat-dist hist bins=60 mean=0.499 p10=0.499 p90=0.499
Iter 0006040: train nll 0.050, valid error 038.900%, best valid error 024.250%, avg grad norm   0.080, avg grad norm (post clip)   0.000, rho_Whh  0.08, Omega  0.00, alpha  0.000, steps in the past 0.000, valid nll 0.048, valid mae 0.179, err@0.05 086.11%, err@0.10 071.64%, err@0.20 038.90%, maxae 0.737
  [diag] log10|dL/dh_t| hist bins=60 range=(-12.50,-11.50) mean=-12.00 p50=-12.00 p05=-12.00 p95=-12.00
  [diag] sat-dist hist bins=60 sat<0.05=0.0% mean=0.995 p10=0.994 p90=0.995
  [diag] z-gate sat-dist hist bins=60 mean=0.119 p10=0.119 p90=0.119
  [diag] r-gate sat-dist hist bins=60 mean=0.499 p10=0.499 p90=0.499
Iter 0006060: train nll 0.047, valid error 038.230%, best valid error 024.250%, avg grad norm   0.073, avg grad norm (post clip)   0.000, rho_Whh  0.08, Omega  0.00, alpha  0.000, steps in the past 0.000, valid nll 0.048, valid mae 0.179, err@0.05 085.93%, err@0.10 071.52%, err@0.20 038.23%, maxae 0.741
  [diag] log10|dL/dh_t| hist bins=60 range=(-12.50,-11.50) mean=-12.00 p50=-12.00 p05=-12.00 p95=-12.00
  [diag] sat-dist hist bins=60 sat<0.05=0.0% mean=0.994 p10=0.994 p90=0.995
  [diag] z-gate sat-dist hist bins=60 mean=0.119 p10=0.119 p90=0.119
  [diag] r-gate sat-dist hist bins=60 mean=0.499 p10=0.499 p90=0.499
Iter 0006080: train nll 0.053, valid error 039.130%, best valid error 024.250%, avg grad norm   0.072, avg grad norm (post clip)   0.000, rho_Whh  0.08, Omega  0.00, alpha  0.000, steps in the past 0.000, valid nll 0.048, valid mae 0.179, err@0.05 086.19%, err@0.10 071.69%, err@0.20 039.13%, maxae 0.736
  [diag] log10|dL/dh_t| hist bins=60 range=(-12.50,-11.50) mean=-12.00 p50=-12.00 p05=-12.00 p95=-12.00
  [diag] sat-dist hist bins=60 sat<0.05=0.0% mean=0.995 p10=0.994 p90=0.995
  [diag] z-gate sat-dist hist bins=60 mean=0.119 p10=0.119 p90=0.119
  [diag] r-gate sat-dist hist bins=60 mean=0.499 p10=0.499 p90=0.499
Iter 0006100: train nll 0.048, valid error 038.070%, best valid error 024.250%, avg grad norm   0.064, avg grad norm (post clip)   0.000, rho_Whh  0.08, Omega  0.00, alpha  0.000, steps in the past 0.000, valid nll 0.048, valid mae 0.178, err@0.05 085.92%, err@0.10 071.50%, err@0.20 038.07%, maxae 0.741
  [diag] log10|dL/dh_t| hist bins=60 range=(-12.50,-11.50) mean=-12.00 p50=-12.00 p05=-12.00 p95=-12.00
  [diag] sat-dist hist bins=60 sat<0.05=0.0% mean=0.995 p10=0.994 p90=0.995
  [diag] z-gate sat-dist hist bins=60 mean=0.119 p10=0.119 p90=0.119
  [diag] r-gate sat-dist hist bins=60 mean=0.499 p10=0.499 p90=0.499
Iter 0006120: train nll 0.046, valid error 038.100%, best valid error 024.250%, avg grad norm   0.069, avg grad norm (post clip)   0.000, rho_Whh  0.08, Omega  0.00, alpha  0.000, steps in the past 0.000, valid nll 0.048, valid mae 0.178, err@0.05 085.92%, err@0.10 071.52%, err@0.20 038.10%, maxae 0.741
  [diag] log10|dL/dh_t| hist bins=60 range=(-12.50,-11.50) mean=-12.00 p50=-12.00 p05=-12.00 p95=-12.00
  [diag] sat-dist hist bins=60 sat<0.05=0.0% mean=0.995 p10=0.994 p90=0.995
  [diag] z-gate sat-dist hist bins=60 mean=0.119 p10=0.119 p90=0.119
  [diag] r-gate sat-dist hist bins=60 mean=0.499 p10=0.499 p90=0.499
Iter 0006140: train nll 0.048, valid error 036.770%, best valid error 024.250%, avg grad norm   0.081, avg grad norm (post clip)   0.000, rho_Whh  0.08, Omega  0.00, alpha  0.000, steps in the past 0.000, valid nll 0.048, valid mae 0.177, err@0.05 085.74%, err@0.10 070.92%, err@0.20 036.77%, maxae 0.747
  [diag] log10|dL/dh_t| hist bins=60 range=(-12.50,-11.50) mean=-12.00 p50=-12.00 p05=-12.00 p95=-12.00
  [diag] sat-dist hist bins=60 sat<0.05=0.0% mean=0.995 p10=0.994 p90=0.995
  [diag] z-gate sat-dist hist bins=60 mean=0.119 p10=0.119 p90=0.119
  [diag] r-gate sat-dist hist bins=60 mean=0.499 p10=0.499 p90=0.499
Iter 0006160: train nll 0.048, valid error 036.760%, best valid error 024.250%, avg grad norm   0.070, avg grad norm (post clip)   0.000, rho_Whh  0.08, Omega  0.00, alpha  0.000, steps in the past 0.000, valid nll 0.048, valid mae 0.177, err@0.05 085.70%, err@0.10 070.91%, err@0.20 036.76%, maxae 0.747
  [diag] log10|dL/dh_t| hist bins=60 range=(-12.50,-11.50) mean=-12.00 p50=-12.00 p05=-12.00 p95=-12.00
  [diag] sat-dist hist bins=60 sat<0.05=0.0% mean=0.994 p10=0.994 p90=0.995
  [diag] z-gate sat-dist hist bins=60 mean=0.119 p10=0.119 p90=0.119
  [diag] r-gate sat-dist hist bins=60 mean=0.499 p10=0.499 p90=0.499
Iter 0006180: train nll 0.056, valid error 039.630%, best valid error 024.250%, avg grad norm   0.109, avg grad norm (post clip)   0.000, rho_Whh  0.08, Omega  0.00, alpha  0.000, steps in the past 0.000, valid nll 0.048, valid mae 0.180, err@0.05 086.33%, err@0.10 071.94%, err@0.20 039.63%, maxae 0.734
  [diag] log10|dL/dh_t| hist bins=60 range=(-12.50,-11.50) mean=-12.00 p50=-12.00 p05=-12.00 p95=-12.00
  [diag] sat-dist hist bins=60 sat<0.05=0.0% mean=0.994 p10=0.994 p90=0.995
  [diag] z-gate sat-dist hist bins=60 mean=0.119 p10=0.119 p90=0.119
  [diag] r-gate sat-dist hist bins=60 mean=0.499 p10=0.499 p90=0.499
Iter 0006200: train nll 0.049, valid error 039.150%, best valid error 024.250%, avg grad norm   0.059, avg grad norm (post clip)   0.000, rho_Whh  0.08, Omega  0.00, alpha  0.000, steps in the past 0.000, valid nll 0.048, valid mae 0.179, err@0.05 086.17%, err@0.10 071.69%, err@0.20 039.15%, maxae 0.736
  [diag] log10|dL/dh_t| hist bins=60 range=(-12.50,-11.50) mean=-12.00 p50=-12.00 p05=-12.00 p95=-12.00
  [diag] sat-dist hist bins=60 sat<0.05=0.0% mean=0.994 p10=0.994 p90=0.995
  [diag] z-gate sat-dist hist bins=60 mean=0.119 p10=0.119 p90=0.119
  [diag] r-gate sat-dist hist bins=60 mean=0.499 p10=0.499 p90=0.499
Iter 0006220: train nll 0.056, valid error 040.640%, best valid error 024.250%, avg grad norm   0.087, avg grad norm (post clip)   0.000, rho_Whh  0.08, Omega  0.00, alpha  0.000, steps in the past 0.000, valid nll 0.048, valid mae 0.181, err@0.05 086.50%, err@0.10 072.24%, err@0.20 040.64%, maxae 0.729
  [diag] log10|dL/dh_t| hist bins=60 range=(-12.50,-11.50) mean=-12.00 p50=-12.00 p05=-12.00 p95=-12.00
  [diag] sat-dist hist bins=60 sat<0.05=0.0% mean=0.994 p10=0.994 p90=0.995
  [diag] z-gate sat-dist hist bins=60 mean=0.119 p10=0.119 p90=0.119
  [diag] r-gate sat-dist hist bins=60 mean=0.499 p10=0.499 p90=0.499
Iter 0006240: train nll 0.050, valid error 039.810%, best valid error 024.250%, avg grad norm   0.067, avg grad norm (post clip)   0.000, rho_Whh  0.08, Omega  0.00, alpha  0.000, steps in the past 0.000, valid nll 0.048, valid mae 0.180, err@0.05 086.35%, err@0.10 072.08%, err@0.20 039.81%, maxae 0.733
  [diag] log10|dL/dh_t| hist bins=60 range=(-12.50,-11.50) mean=-12.00 p50=-12.00 p05=-12.00 p95=-12.00
  [diag] sat-dist hist bins=60 sat<0.05=0.0% mean=0.995 p10=0.994 p90=0.995
  [diag] z-gate sat-dist hist bins=60 mean=0.119 p10=0.119 p90=0.119
  [diag] r-gate sat-dist hist bins=60 mean=0.499 p10=0.499 p90=0.499
Iter 0006260: train nll 0.048, valid error 038.470%, best valid error 024.250%, avg grad norm   0.077, avg grad norm (post clip)   0.000, rho_Whh  0.08, Omega  0.00, alpha  0.000, steps in the past 0.000, valid nll 0.048, valid mae 0.179, err@0.05 086.00%, err@0.10 071.61%, err@0.20 038.47%, maxae 0.739
  [diag] log10|dL/dh_t| hist bins=60 range=(-12.50,-11.50) mean=-12.00 p50=-12.00 p05=-12.00 p95=-12.00
  [diag] sat-dist hist bins=60 sat<0.05=0.0% mean=0.995 p10=0.994 p90=0.995
  [diag] z-gate sat-dist hist bins=60 mean=0.119 p10=0.119 p90=0.119
  [diag] r-gate sat-dist hist bins=60 mean=0.499 p10=0.499 p90=0.499
Iter 0006280: train nll 0.048, valid error 038.270%, best valid error 024.250%, avg grad norm   0.075, avg grad norm (post clip)   0.000, rho_Whh  0.08, Omega  0.00, alpha  0.000, steps in the past 0.000, valid nll 0.048, valid mae 0.179, err@0.05 085.91%, err@0.10 071.51%, err@0.20 038.27%, maxae 0.740
  [diag] log10|dL/dh_t| hist bins=60 range=(-12.50,-11.50) mean=-12.00 p50=-12.00 p05=-12.00 p95=-12.00
  [diag] sat-dist hist bins=60 sat<0.05=0.0% mean=0.995 p10=0.994 p90=0.995
  [diag] z-gate sat-dist hist bins=60 mean=0.119 p10=0.119 p90=0.119
  [diag] r-gate sat-dist hist bins=60 mean=0.499 p10=0.499 p90=0.499
Iter 0006300: train nll 0.044, valid error 037.310%, best valid error 024.250%, avg grad norm   0.070, avg grad norm (post clip)   0.000, rho_Whh  0.08, Omega  0.00, alpha  0.000, steps in the past 0.000, valid nll 0.048, valid mae 0.178, err@0.05 085.81%, err@0.10 071.08%, err@0.20 037.31%, maxae 0.745
  [diag] log10|dL/dh_t| hist bins=60 range=(-12.50,-11.50) mean=-12.00 p50=-12.00 p05=-12.00 p95=-12.00
  [diag] sat-dist hist bins=60 sat<0.05=0.0% mean=0.995 p10=0.994 p90=0.995
  [diag] z-gate sat-dist hist bins=60 mean=0.119 p10=0.119 p90=0.119
  [diag] r-gate sat-dist hist bins=60 mean=0.499 p10=0.499 p90=0.499
Iter 0006320: train nll 0.049, valid error 037.680%, best valid error 024.250%, avg grad norm   0.097, avg grad norm (post clip)   0.000, rho_Whh  0.08, Omega  0.00, alpha  0.000, steps in the past 0.000, valid nll 0.048, valid mae 0.178, err@0.05 085.92%, err@0.10 071.19%, err@0.20 037.68%, maxae 0.743
  [diag] log10|dL/dh_t| hist bins=60 range=(-12.50,-11.50) mean=-12.00 p50=-12.00 p05=-12.00 p95=-12.00
  [diag] sat-dist hist bins=60 sat<0.05=0.0% mean=0.995 p10=0.994 p90=0.995
  [diag] z-gate sat-dist hist bins=60 mean=0.119 p10=0.119 p90=0.119
  [diag] r-gate sat-dist hist bins=60 mean=0.499 p10=0.499 p90=0.499
Iter 0006340: train nll 0.048, valid error 037.920%, best valid error 024.250%, avg grad norm   0.078, avg grad norm (post clip)   0.000, rho_Whh  0.08, Omega  0.00, alpha  0.000, steps in the past 0.000, valid nll 0.048, valid mae 0.178, err@0.05 085.90%, err@0.10 071.39%, err@0.20 037.92%, maxae 0.742
  [diag] log10|dL/dh_t| hist bins=60 range=(-12.50,-11.50) mean=-12.00 p50=-12.00 p05=-12.00 p95=-12.00
  [diag] sat-dist hist bins=60 sat<0.05=0.0% mean=0.994 p10=0.994 p90=0.995
  [diag] z-gate sat-dist hist bins=60 mean=0.119 p10=0.119 p90=0.119
  [diag] r-gate sat-dist hist bins=60 mean=0.499 p10=0.499 p90=0.499
Iter 0006360: train nll 0.052, valid error 039.040%, best valid error 024.250%, avg grad norm   0.092, avg grad norm (post clip)   0.000, rho_Whh  0.08, Omega  0.00, alpha  0.000, steps in the past 0.000, valid nll 0.048, valid mae 0.179, err@0.05 086.19%, err@0.10 071.66%, err@0.20 039.04%, maxae 0.737
  [diag] log10|dL/dh_t| hist bins=60 range=(-12.50,-11.50) mean=-12.00 p50=-12.00 p05=-12.00 p95=-12.00
  [diag] sat-dist hist bins=60 sat<0.05=0.0% mean=0.995 p10=0.994 p90=0.995
  [diag] z-gate sat-dist hist bins=60 mean=0.119 p10=0.119 p90=0.119
  [diag] r-gate sat-dist hist bins=60 mean=0.499 p10=0.499 p90=0.499
Iter 0006380: train nll 0.046, valid error 038.990%, best valid error 024.250%, avg grad norm   0.067, avg grad norm (post clip)   0.000, rho_Whh  0.08, Omega  0.00, alpha  0.000, steps in the past 0.000, valid nll 0.048, valid mae 0.179, err@0.05 086.16%, err@0.10 071.63%, err@0.20 038.99%, maxae 0.737
  [diag] log10|dL/dh_t| hist bins=60 range=(-12.50,-11.50) mean=-12.00 p50=-12.00 p05=-12.00 p95=-12.00
  [diag] sat-dist hist bins=60 sat<0.05=0.0% mean=0.995 p10=0.994 p90=0.995
  [diag] z-gate sat-dist hist bins=60 mean=0.119 p10=0.119 p90=0.119
  [diag] r-gate sat-dist hist bins=60 mean=0.499 p10=0.499 p90=0.499
Iter 0006400: train nll 0.050, valid error 038.460%, best valid error 024.250%, avg grad norm   0.063, avg grad norm (post clip)   0.000, rho_Whh  0.08, Omega  0.00, alpha  0.000, steps in the past 0.000, valid nll 0.048, valid mae 0.179, err@0.05 085.99%, err@0.10 071.61%, err@0.20 038.46%, maxae 0.739
  [diag] log10|dL/dh_t| hist bins=60 range=(-12.50,-11.50) mean=-12.00 p50=-12.00 p05=-12.00 p95=-12.00
  [diag] sat-dist hist bins=60 sat<0.05=0.0% mean=0.995 p10=0.994 p90=0.995
  [diag] z-gate sat-dist hist bins=60 mean=0.119 p10=0.119 p90=0.119
  [diag] r-gate sat-dist hist bins=60 mean=0.499 p10=0.499 p90=0.499
Iter 0006420: train nll 0.042, valid error 037.560%, best valid error 024.250%, avg grad norm   0.080, avg grad norm (post clip)   0.000, rho_Whh  0.08, Omega  0.00, alpha  0.000, steps in the past 0.000, valid nll 0.048, valid mae 0.178, err@0.05 085.91%, err@0.10 071.19%, err@0.20 037.56%, maxae 0.744
  [diag] log10|dL/dh_t| hist bins=60 range=(-12.50,-11.50) mean=-12.00 p50=-12.00 p05=-12.00 p95=-12.00
  [diag] sat-dist hist bins=60 sat<0.05=0.0% mean=0.995 p10=0.994 p90=0.995
  [diag] z-gate sat-dist hist bins=60 mean=0.119 p10=0.119 p90=0.119
  [diag] r-gate sat-dist hist bins=60 mean=0.499 p10=0.499 p90=0.499
Iter 0006440: train nll 0.044, valid error 037.910%, best valid error 024.250%, avg grad norm   0.074, avg grad norm (post clip)   0.000, rho_Whh  0.08, Omega  0.00, alpha  0.000, steps in the past 0.000, valid nll 0.048, valid mae 0.178, err@0.05 085.91%, err@0.10 071.38%, err@0.20 037.91%, maxae 0.742
  [diag] log10|dL/dh_t| hist bins=60 range=(-12.50,-11.50) mean=-12.00 p50=-12.00 p05=-12.00 p95=-12.00
  [diag] sat-dist hist bins=60 sat<0.05=0.0% mean=0.995 p10=0.994 p90=0.995
  [diag] z-gate sat-dist hist bins=60 mean=0.119 p10=0.119 p90=0.119
  [diag] r-gate sat-dist hist bins=60 mean=0.499 p10=0.499 p90=0.499
Iter 0006460: train nll 0.048, valid error 037.680%, best valid error 024.250%, avg grad norm   0.084, avg grad norm (post clip)   0.000, rho_Whh  0.08, Omega  0.00, alpha  0.000, steps in the past 0.000, valid nll 0.048, valid mae 0.178, err@0.05 085.92%, err@0.10 071.19%, err@0.20 037.68%, maxae 0.743
  [diag] log10|dL/dh_t| hist bins=60 range=(-12.50,-11.50) mean=-12.00 p50=-12.00 p05=-12.00 p95=-12.00
  [diag] sat-dist hist bins=60 sat<0.05=0.0% mean=0.995 p10=0.994 p90=0.995
  [diag] z-gate sat-dist hist bins=60 mean=0.119 p10=0.119 p90=0.119
  [diag] r-gate sat-dist hist bins=60 mean=0.499 p10=0.499 p90=0.499
Iter 0006480: train nll 0.048, valid error 037.230%, best valid error 024.250%, avg grad norm   0.065, avg grad norm (post clip)   0.000, rho_Whh  0.08, Omega  0.00, alpha  0.000, steps in the past 0.000, valid nll 0.048, valid mae 0.178, err@0.05 085.82%, err@0.10 071.07%, err@0.20 037.23%, maxae 0.745
  [diag] log10|dL/dh_t| hist bins=60 range=(-12.50,-11.50) mean=-12.00 p50=-12.00 p05=-12.00 p95=-12.00
  [diag] sat-dist hist bins=60 sat<0.05=0.0% mean=0.995 p10=0.994 p90=0.995
  [diag] z-gate sat-dist hist bins=60 mean=0.119 p10=0.119 p90=0.119
  [diag] r-gate sat-dist hist bins=60 mean=0.499 p10=0.499 p90=0.499
Iter 0006500: train nll 0.048, valid error 037.630%, best valid error 024.250%, avg grad norm   0.077, avg grad norm (post clip)   0.000, rho_Whh  0.08, Omega  0.00, alpha  0.000, steps in the past 0.000, valid nll 0.048, valid mae 0.178, err@0.05 085.96%, err@0.10 071.18%, err@0.20 037.63%, maxae 0.743
  [diag] log10|dL/dh_t| hist bins=60 range=(-12.50,-11.50) mean=-12.00 p50=-12.00 p05=-12.00 p95=-12.00
  [diag] sat-dist hist bins=60 sat<0.05=0.0% mean=0.995 p10=0.994 p90=0.995
  [diag] z-gate sat-dist hist bins=60 mean=0.119 p10=0.119 p90=0.119
  [diag] r-gate sat-dist hist bins=60 mean=0.499 p10=0.499 p90=0.499
Iter 0006520: train nll 0.053, valid error 039.070%, best valid error 024.250%, avg grad norm   0.070, avg grad norm (post clip)   0.000, rho_Whh  0.08, Omega  0.00, alpha  0.000, steps in the past 0.000, valid nll 0.048, valid mae 0.179, err@0.05 086.19%, err@0.10 071.66%, err@0.20 039.07%, maxae 0.737
  [diag] log10|dL/dh_t| hist bins=60 range=(-12.50,-11.50) mean=-12.00 p50=-12.00 p05=-12.00 p95=-12.00
  [diag] sat-dist hist bins=60 sat<0.05=0.0% mean=0.995 p10=0.994 p90=0.995
  [diag] z-gate sat-dist hist bins=60 mean=0.119 p10=0.119 p90=0.119
  [diag] r-gate sat-dist hist bins=60 mean=0.499 p10=0.499 p90=0.499
Iter 0006540: train nll 0.051, valid error 038.260%, best valid error 024.250%, avg grad norm   0.111, avg grad norm (post clip)   0.000, rho_Whh  0.08, Omega  0.00, alpha  0.000, steps in the past 0.000, valid nll 0.048, valid mae 0.179, err@0.05 085.93%, err@0.10 071.53%, err@0.20 038.26%, maxae 0.741
  [diag] log10|dL/dh_t| hist bins=60 range=(-12.50,-11.50) mean=-12.00 p50=-12.00 p05=-12.00 p95=-12.00
  [diag] sat-dist hist bins=60 sat<0.05=0.0% mean=0.994 p10=0.994 p90=0.995
  [diag] z-gate sat-dist hist bins=60 mean=0.119 p10=0.119 p90=0.119
  [diag] r-gate sat-dist hist bins=60 mean=0.499 p10=0.499 p90=0.499
Iter 0006560: train nll 0.055, valid error 039.720%, best valid error 024.250%, avg grad norm   0.097, avg grad norm (post clip)   0.000, rho_Whh  0.08, Omega  0.00, alpha  0.000, steps in the past 0.000, valid nll 0.048, valid mae 0.180, err@0.05 086.34%, err@0.10 072.00%, err@0.20 039.72%, maxae 0.733
  [diag] log10|dL/dh_t| hist bins=60 range=(-12.50,-11.50) mean=-12.00 p50=-12.00 p05=-12.00 p95=-12.00
  [diag] sat-dist hist bins=60 sat<0.05=0.0% mean=0.994 p10=0.994 p90=0.995
  [diag] z-gate sat-dist hist bins=60 mean=0.119 p10=0.119 p90=0.119
  [diag] r-gate sat-dist hist bins=60 mean=0.499 p10=0.499 p90=0.499
Iter 0006580: train nll 0.051, valid error 039.440%, best valid error 024.250%, avg grad norm   0.054, avg grad norm (post clip)   0.000, rho_Whh  0.08, Omega  0.00, alpha  0.000, steps in the past 0.000, valid nll 0.048, valid mae 0.180, err@0.05 086.29%, err@0.10 071.90%, err@0.20 039.44%, maxae 0.735
  [diag] log10|dL/dh_t| hist bins=60 range=(-12.50,-11.50) mean=-12.00 p50=-12.00 p05=-12.00 p95=-12.00
  [diag] sat-dist hist bins=60 sat<0.05=0.0% mean=0.994 p10=0.994 p90=0.995
  [diag] z-gate sat-dist hist bins=60 mean=0.119 p10=0.119 p90=0.119
  [diag] r-gate sat-dist hist bins=60 mean=0.499 p10=0.499 p90=0.499
Iter 0006600: train nll 0.055, valid error 040.400%, best valid error 024.250%, avg grad norm   0.088, avg grad norm (post clip)   0.000, rho_Whh  0.08, Omega  0.00, alpha  0.000, steps in the past 0.000, valid nll 0.048, valid mae 0.181, err@0.05 086.41%, err@0.10 072.17%, err@0.20 040.40%, maxae 0.730
  [diag] log10|dL/dh_t| hist bins=60 range=(-12.50,-11.50) mean=-12.00 p50=-12.00 p05=-12.00 p95=-12.00
  [diag] sat-dist hist bins=60 sat<0.05=0.0% mean=0.994 p10=0.994 p90=0.995
  [diag] z-gate sat-dist hist bins=60 mean=0.119 p10=0.119 p90=0.119
  [diag] r-gate sat-dist hist bins=60 mean=0.499 p10=0.499 p90=0.499
Iter 0006620: train nll 0.046, valid error 039.370%, best valid error 024.250%, avg grad norm   0.088, avg grad norm (post clip)   0.000, rho_Whh  0.08, Omega  0.00, alpha  0.000, steps in the past 0.000, valid nll 0.048, valid mae 0.180, err@0.05 086.28%, err@0.10 071.87%, err@0.20 039.37%, maxae 0.735
  [diag] log10|dL/dh_t| hist bins=60 range=(-12.50,-11.50) mean=-12.00 p50=-12.00 p05=-12.00 p95=-12.00
  [diag] sat-dist hist bins=60 sat<0.05=0.0% mean=0.995 p10=0.994 p90=0.995
  [diag] z-gate sat-dist hist bins=60 mean=0.119 p10=0.119 p90=0.119
  [diag] r-gate sat-dist hist bins=60 mean=0.499 p10=0.499 p90=0.499
Iter 0006640: train nll 0.048, valid error 039.070%, best valid error 024.250%, avg grad norm   0.057, avg grad norm (post clip)   0.000, rho_Whh  0.08, Omega  0.00, alpha  0.000, steps in the past 0.000, valid nll 0.048, valid mae 0.179, err@0.05 086.19%, err@0.10 071.67%, err@0.20 039.07%, maxae 0.737
  [diag] log10|dL/dh_t| hist bins=60 range=(-12.50,-11.50) mean=-12.00 p50=-12.00 p05=-12.00 p95=-12.00
  [diag] sat-dist hist bins=60 sat<0.05=0.0% mean=0.994 p10=0.994 p90=0.995
  [diag] z-gate sat-dist hist bins=60 mean=0.119 p10=0.119 p90=0.119
  [diag] r-gate sat-dist hist bins=60 mean=0.499 p10=0.499 p90=0.499
Iter 0006660: train nll 0.051, valid error 039.650%, best valid error 024.250%, avg grad norm   0.085, avg grad norm (post clip)   0.000, rho_Whh  0.08, Omega  0.00, alpha  0.000, steps in the past 0.000, valid nll 0.048, valid mae 0.180, err@0.05 086.35%, err@0.10 071.96%, err@0.20 039.65%, maxae 0.734
  [diag] log10|dL/dh_t| hist bins=60 range=(-12.50,-11.50) mean=-12.00 p50=-12.00 p05=-12.00 p95=-12.00
  [diag] sat-dist hist bins=60 sat<0.05=0.0% mean=0.994 p10=0.994 p90=0.995
  [diag] z-gate sat-dist hist bins=60 mean=0.119 p10=0.119 p90=0.119
  [diag] r-gate sat-dist hist bins=60 mean=0.499 p10=0.499 p90=0.499
Iter 0006680: train nll 0.055, valid error 040.110%, best valid error 024.250%, avg grad norm   0.098, avg grad norm (post clip)   0.000, rho_Whh  0.08, Omega  0.00, alpha  0.000, steps in the past 0.000, valid nll 0.048, valid mae 0.180, err@0.05 086.29%, err@0.10 072.11%, err@0.20 040.11%, maxae 0.732
  [diag] log10|dL/dh_t| hist bins=60 range=(-12.50,-11.50) mean=-12.00 p50=-12.00 p05=-12.00 p95=-12.00
  [diag] sat-dist hist bins=60 sat<0.05=0.0% mean=0.995 p10=0.994 p90=0.995
  [diag] z-gate sat-dist hist bins=60 mean=0.119 p10=0.119 p90=0.119
  [diag] r-gate sat-dist hist bins=60 mean=0.499 p10=0.499 p90=0.499
Iter 0006700: train nll 0.042, valid error 038.350%, best valid error 024.250%, avg grad norm   0.100, avg grad norm (post clip)   0.000, rho_Whh  0.08, Omega  0.00, alpha  0.000, steps in the past 0.000, valid nll 0.048, valid mae 0.179, err@0.05 085.92%, err@0.10 071.51%, err@0.20 038.35%, maxae 0.740
  [diag] log10|dL/dh_t| hist bins=60 range=(-12.50,-11.50) mean=-12.00 p50=-12.00 p05=-12.00 p95=-12.00
  [diag] sat-dist hist bins=60 sat<0.05=0.0% mean=0.995 p10=0.994 p90=0.995
  [diag] z-gate sat-dist hist bins=60 mean=0.119 p10=0.119 p90=0.119
  [diag] r-gate sat-dist hist bins=60 mean=0.499 p10=0.499 p90=0.499
Iter 0006720: train nll 0.045, valid error 036.600%, best valid error 024.250%, avg grad norm   0.084, avg grad norm (post clip)   0.000, rho_Whh  0.08, Omega  0.00, alpha  0.000, steps in the past 0.000, valid nll 0.048, valid mae 0.177, err@0.05 085.71%, err@0.10 070.81%, err@0.20 036.60%, maxae 0.747
  [diag] log10|dL/dh_t| hist bins=60 range=(-12.50,-11.50) mean=-12.00 p50=-12.00 p05=-12.00 p95=-12.00
  [diag] sat-dist hist bins=60 sat<0.05=0.0% mean=0.995 p10=0.994 p90=0.995
  [diag] z-gate sat-dist hist bins=60 mean=0.119 p10=0.119 p90=0.119
  [diag] r-gate sat-dist hist bins=60 mean=0.499 p10=0.499 p90=0.499
Iter 0006740: train nll 0.049, valid error 035.700%, best valid error 024.250%, avg grad norm   0.070, avg grad norm (post clip)   0.000, rho_Whh  0.08, Omega  0.00, alpha  0.000, steps in the past 0.000, valid nll 0.048, valid mae 0.177, err@0.05 085.45%, err@0.10 070.57%, err@0.20 035.70%, maxae 0.751
  [diag] log10|dL/dh_t| hist bins=60 range=(-12.50,-11.50) mean=-12.00 p50=-12.00 p05=-12.00 p95=-12.00
  [diag] sat-dist hist bins=60 sat<0.05=0.0% mean=0.995 p10=0.994 p90=0.995
  [diag] z-gate sat-dist hist bins=60 mean=0.119 p10=0.119 p90=0.119
  [diag] r-gate sat-dist hist bins=60 mean=0.499 p10=0.499 p90=0.499
Iter 0006760: train nll 0.045, valid error 035.800%, best valid error 024.250%, avg grad norm   0.099, avg grad norm (post clip)   0.000, rho_Whh  0.08, Omega  0.00, alpha  0.000, steps in the past 0.000, valid nll 0.048, valid mae 0.177, err@0.05 085.49%, err@0.10 070.61%, err@0.20 035.80%, maxae 0.751
  [diag] log10|dL/dh_t| hist bins=60 range=(-12.50,-11.50) mean=-12.00 p50=-12.00 p05=-12.00 p95=-12.00
  [diag] sat-dist hist bins=60 sat<0.05=0.0% mean=0.995 p10=0.994 p90=0.995
  [diag] z-gate sat-dist hist bins=60 mean=0.119 p10=0.119 p90=0.119
  [diag] r-gate sat-dist hist bins=60 mean=0.499 p10=0.499 p90=0.499
Iter 0006780: train nll 0.045, valid error 036.090%, best valid error 024.250%, avg grad norm   0.106, avg grad norm (post clip)   0.000, rho_Whh  0.08, Omega  0.00, alpha  0.000, steps in the past 0.000, valid nll 0.048, valid mae 0.177, err@0.05 085.60%, err@0.10 070.71%, err@0.20 036.09%, maxae 0.750
  [diag] log10|dL/dh_t| hist bins=60 range=(-12.50,-11.50) mean=-12.00 p50=-12.00 p05=-12.00 p95=-12.00
  [diag] sat-dist hist bins=60 sat<0.05=0.0% mean=0.995 p10=0.994 p90=0.995
  [diag] z-gate sat-dist hist bins=60 mean=0.119 p10=0.119 p90=0.119
  [diag] r-gate sat-dist hist bins=60 mean=0.499 p10=0.499 p90=0.499
Iter 0006800: train nll 0.047, valid error 035.930%, best valid error 024.250%, avg grad norm   0.083, avg grad norm (post clip)   0.000, rho_Whh  0.08, Omega  0.00, alpha  0.000, steps in the past 0.000, valid nll 0.048, valid mae 0.177, err@0.05 085.54%, err@0.10 070.68%, err@0.20 035.93%, maxae 0.751
  [diag] log10|dL/dh_t| hist bins=60 range=(-12.50,-11.50) mean=-12.00 p50=-12.00 p05=-12.00 p95=-12.00
  [diag] sat-dist hist bins=60 sat<0.05=0.0% mean=0.995 p10=0.994 p90=0.995
  [diag] z-gate sat-dist hist bins=60 mean=0.119 p10=0.119 p90=0.119
  [diag] r-gate sat-dist hist bins=60 mean=0.499 p10=0.499 p90=0.499
Iter 0006820: train nll 0.043, valid error 035.220%, best valid error 024.250%, avg grad norm   0.053, avg grad norm (post clip)   0.000, rho_Whh  0.08, Omega  0.00, alpha  0.000, steps in the past 0.000, valid nll 0.048, valid mae 0.176, err@0.05 085.46%, err@0.10 070.32%, err@0.20 035.22%, maxae 0.754
  [diag] log10|dL/dh_t| hist bins=60 range=(-12.50,-11.50) mean=-12.00 p50=-12.00 p05=-12.00 p95=-12.00
  [diag] sat-dist hist bins=60 sat<0.05=0.0% mean=0.995 p10=0.994 p90=0.995
  [diag] z-gate sat-dist hist bins=60 mean=0.119 p10=0.119 p90=0.119
  [diag] r-gate sat-dist hist bins=60 mean=0.499 p10=0.499 p90=0.499
Iter 0006840: train nll 0.052, valid error 037.560%, best valid error 024.250%, avg grad norm   0.103, avg grad norm (post clip)   0.000, rho_Whh  0.08, Omega  0.00, alpha  0.000, steps in the past 0.000, valid nll 0.048, valid mae 0.178, err@0.05 085.91%, err@0.10 071.19%, err@0.20 037.56%, maxae 0.744
  [diag] log10|dL/dh_t| hist bins=60 range=(-12.50,-11.50) mean=-12.00 p50=-12.00 p05=-12.00 p95=-12.00
  [diag] sat-dist hist bins=60 sat<0.05=0.0% mean=0.995 p10=0.994 p90=0.995
  [diag] z-gate sat-dist hist bins=60 mean=0.119 p10=0.119 p90=0.119
  [diag] r-gate sat-dist hist bins=60 mean=0.499 p10=0.499 p90=0.499
Iter 0006860: train nll 0.046, valid error 037.890%, best valid error 024.250%, avg grad norm   0.090, avg grad norm (post clip)   0.000, rho_Whh  0.08, Omega  0.00, alpha  0.000, steps in the past 0.000, valid nll 0.048, valid mae 0.178, err@0.05 085.91%, err@0.10 071.38%, err@0.20 037.89%, maxae 0.742
  [diag] log10|dL/dh_t| hist bins=60 range=(-12.50,-11.50) mean=-12.00 p50=-12.00 p05=-12.00 p95=-12.00
  [diag] sat-dist hist bins=60 sat<0.05=0.0% mean=0.995 p10=0.994 p90=0.995
  [diag] z-gate sat-dist hist bins=60 mean=0.119 p10=0.119 p90=0.119
  [diag] r-gate sat-dist hist bins=60 mean=0.499 p10=0.499 p90=0.499
Iter 0006880: train nll 0.046, valid error 037.800%, best valid error 024.250%, avg grad norm   0.050, avg grad norm (post clip)   0.000, rho_Whh  0.08, Omega  0.00, alpha  0.000, steps in the past 0.000, valid nll 0.048, valid mae 0.178, err@0.05 085.93%, err@0.10 071.28%, err@0.20 037.80%, maxae 0.743
  [diag] log10|dL/dh_t| hist bins=60 range=(-12.50,-11.50) mean=-12.00 p50=-12.00 p05=-12.00 p95=-12.00
  [diag] sat-dist hist bins=60 sat<0.05=0.0% mean=0.995 p10=0.994 p90=0.995
  [diag] z-gate sat-dist hist bins=60 mean=0.119 p10=0.119 p90=0.119
  [diag] r-gate sat-dist hist bins=60 mean=0.499 p10=0.499 p90=0.499
Iter 0006900: train nll 0.045, valid error 037.740%, best valid error 024.250%, avg grad norm   0.054, avg grad norm (post clip)   0.000, rho_Whh  0.08, Omega  0.00, alpha  0.000, steps in the past 0.000, valid nll 0.048, valid mae 0.178, err@0.05 085.92%, err@0.10 071.24%, err@0.20 037.74%, maxae 0.743
  [diag] log10|dL/dh_t| hist bins=60 range=(-12.50,-11.50) mean=-12.00 p50=-12.00 p05=-12.00 p95=-12.00
  [diag] sat-dist hist bins=60 sat<0.05=0.0% mean=0.995 p10=0.994 p90=0.995
  [diag] z-gate sat-dist hist bins=60 mean=0.119 p10=0.119 p90=0.119
  [diag] r-gate sat-dist hist bins=60 mean=0.499 p10=0.499 p90=0.499
Iter 0006920: train nll 0.056, valid error 038.970%, best valid error 024.250%, avg grad norm   0.087, avg grad norm (post clip)   0.000, rho_Whh  0.08, Omega  0.00, alpha  0.000, steps in the past 0.000, valid nll 0.048, valid mae 0.179, err@0.05 086.12%, err@0.10 071.63%, err@0.20 038.97%, maxae 0.737
  [diag] log10|dL/dh_t| hist bins=60 range=(-12.50,-11.50) mean=-12.00 p50=-12.00 p05=-12.00 p95=-12.00
  [diag] sat-dist hist bins=60 sat<0.05=0.0% mean=0.995 p10=0.994 p90=0.995
  [diag] z-gate sat-dist hist bins=60 mean=0.119 p10=0.119 p90=0.119
  [diag] r-gate sat-dist hist bins=60 mean=0.499 p10=0.499 p90=0.499
Iter 0006940: train nll 0.044, valid error 037.290%, best valid error 024.250%, avg grad norm   0.072, avg grad norm (post clip)   0.000, rho_Whh  0.08, Omega  0.00, alpha  0.000, steps in the past 0.000, valid nll 0.048, valid mae 0.178, err@0.05 085.79%, err@0.10 071.08%, err@0.20 037.29%, maxae 0.745
  [diag] log10|dL/dh_t| hist bins=60 range=(-12.50,-11.50) mean=-12.00 p50=-12.00 p05=-12.00 p95=-12.00
  [diag] sat-dist hist bins=60 sat<0.05=0.0% mean=0.995 p10=0.994 p90=0.995
  [diag] z-gate sat-dist hist bins=60 mean=0.119 p10=0.119 p90=0.119
  [diag] r-gate sat-dist hist bins=60 mean=0.499 p10=0.499 p90=0.499
Iter 0006960: train nll 0.049, valid error 037.940%, best valid error 024.250%, avg grad norm   0.078, avg grad norm (post clip)   0.000, rho_Whh  0.08, Omega  0.00, alpha  0.000, steps in the past 0.000, valid nll 0.048, valid mae 0.178, err@0.05 085.87%, err@0.10 071.36%, err@0.20 037.94%, maxae 0.742
  [diag] log10|dL/dh_t| hist bins=60 range=(-12.50,-11.50) mean=-12.00 p50=-12.00 p05=-12.00 p95=-12.00
  [diag] sat-dist hist bins=60 sat<0.05=0.0% mean=0.995 p10=0.994 p90=0.995
  [diag] z-gate sat-dist hist bins=60 mean=0.119 p10=0.119 p90=0.119
  [diag] r-gate sat-dist hist bins=60 mean=0.499 p10=0.499 p90=0.499
Iter 0006980: train nll 0.050, valid error 038.220%, best valid error 024.250%, avg grad norm   0.064, avg grad norm (post clip)   0.000, rho_Whh  0.08, Omega  0.00, alpha  0.000, steps in the past 0.000, valid nll 0.048, valid mae 0.179, err@0.05 085.93%, err@0.10 071.52%, err@0.20 038.22%, maxae 0.741
  [diag] log10|dL/dh_t| hist bins=60 range=(-12.50,-11.50) mean=-12.00 p50=-12.00 p05=-12.00 p95=-12.00
  [diag] sat-dist hist bins=60 sat<0.05=0.0% mean=0.995 p10=0.994 p90=0.995
  [diag] z-gate sat-dist hist bins=60 mean=0.119 p10=0.119 p90=0.119
  [diag] r-gate sat-dist hist bins=60 mean=0.499 p10=0.499 p90=0.499
Iter 0007000: train nll 0.049, valid error 038.380%, best valid error 024.250%, avg grad norm   0.097, avg grad norm (post clip)   0.000, rho_Whh  0.08, Omega  0.00, alpha  0.000, steps in the past 0.000, valid nll 0.048, valid mae 0.179, err@0.05 085.88%, err@0.10 071.53%, err@0.20 038.38%, maxae 0.740
  [diag] log10|dL/dh_t| hist bins=60 range=(-12.50,-11.50) mean=-12.00 p50=-12.00 p05=-12.00 p95=-12.00
  [diag] sat-dist hist bins=60 sat<0.05=0.0% mean=0.995 p10=0.994 p90=0.995
  [diag] z-gate sat-dist hist bins=60 mean=0.119 p10=0.119 p90=0.119
  [diag] r-gate sat-dist hist bins=60 mean=0.499 p10=0.499 p90=0.499
Iter 0007020: train nll 0.052, valid error 038.900%, best valid error 024.250%, avg grad norm   0.074, avg grad norm (post clip)   0.000, rho_Whh  0.08, Omega  0.00, alpha  0.000, steps in the past 0.000, valid nll 0.048, valid mae 0.179, err@0.05 086.10%, err@0.10 071.63%, err@0.20 038.90%, maxae 0.737
  [diag] log10|dL/dh_t| hist bins=60 range=(-12.50,-11.50) mean=-12.00 p50=-12.00 p05=-12.00 p95=-12.00
  [diag] sat-dist hist bins=60 sat<0.05=0.0% mean=0.995 p10=0.994 p90=0.995
  [diag] z-gate sat-dist hist bins=60 mean=0.119 p10=0.119 p90=0.119
  [diag] r-gate sat-dist hist bins=60 mean=0.499 p10=0.499 p90=0.499
Iter 0007040: train nll 0.043, valid error 038.440%, best valid error 024.250%, avg grad norm   0.079, avg grad norm (post clip)   0.000, rho_Whh  0.08, Omega  0.00, alpha  0.000, steps in the past 0.000, valid nll 0.048, valid mae 0.179, err@0.05 086.00%, err@0.10 071.57%, err@0.20 038.44%, maxae 0.739
  [diag] log10|dL/dh_t| hist bins=60 range=(-12.50,-11.50) mean=-12.00 p50=-12.00 p05=-12.00 p95=-12.00
  [diag] sat-dist hist bins=60 sat<0.05=0.0% mean=0.994 p10=0.994 p90=0.995
  [diag] z-gate sat-dist hist bins=60 mean=0.119 p10=0.119 p90=0.119
  [diag] r-gate sat-dist hist bins=60 mean=0.499 p10=0.499 p90=0.499
Iter 0007060: train nll 0.051, valid error 039.810%, best valid error 024.250%, avg grad norm   0.086, avg grad norm (post clip)   0.000, rho_Whh  0.08, Omega  0.00, alpha  0.000, steps in the past 0.000, valid nll 0.048, valid mae 0.180, err@0.05 086.35%, err@0.10 072.08%, err@0.20 039.81%, maxae 0.733
  [diag] log10|dL/dh_t| hist bins=60 range=(-12.50,-11.50) mean=-12.00 p50=-12.00 p05=-12.00 p95=-12.00
  [diag] sat-dist hist bins=60 sat<0.05=0.0% mean=0.994 p10=0.994 p90=0.995
  [diag] z-gate sat-dist hist bins=60 mean=0.119 p10=0.119 p90=0.119
  [diag] r-gate sat-dist hist bins=60 mean=0.499 p10=0.499 p90=0.499
Iter 0007080: train nll 0.043, valid error 039.560%, best valid error 024.250%, avg grad norm   0.081, avg grad norm (post clip)   0.000, rho_Whh  0.08, Omega  0.00, alpha  0.000, steps in the past 0.000, valid nll 0.048, valid mae 0.180, err@0.05 086.33%, err@0.10 071.92%, err@0.20 039.56%, maxae 0.734
  [diag] log10|dL/dh_t| hist bins=60 range=(-12.50,-11.50) mean=-12.00 p50=-12.00 p05=-12.00 p95=-12.00
  [diag] sat-dist hist bins=60 sat<0.05=0.0% mean=0.995 p10=0.994 p90=0.995
  [diag] z-gate sat-dist hist bins=60 mean=0.119 p10=0.119 p90=0.119
  [diag] r-gate sat-dist hist bins=60 mean=0.499 p10=0.499 p90=0.499
Iter 0007100: train nll 0.043, valid error 038.100%, best valid error 024.250%, avg grad norm   0.071, avg grad norm (post clip)   0.000, rho_Whh  0.08, Omega  0.00, alpha  0.000, steps in the past 0.000, valid nll 0.048, valid mae 0.178, err@0.05 085.92%, err@0.10 071.52%, err@0.20 038.10%, maxae 0.741
  [diag] log10|dL/dh_t| hist bins=60 range=(-12.50,-11.50) mean=-12.00 p50=-12.00 p05=-12.00 p95=-12.00
  [diag] sat-dist hist bins=60 sat<0.05=0.0% mean=0.995 p10=0.994 p90=0.995
  [diag] z-gate sat-dist hist bins=60 mean=0.119 p10=0.119 p90=0.119
  [diag] r-gate sat-dist hist bins=60 mean=0.499 p10=0.499 p90=0.499
Iter 0007120: train nll 0.047, valid error 038.380%, best valid error 024.250%, avg grad norm   0.077, avg grad norm (post clip)   0.000, rho_Whh  0.08, Omega  0.00, alpha  0.000, steps in the past 0.000, valid nll 0.048, valid mae 0.179, err@0.05 085.88%, err@0.10 071.52%, err@0.20 038.38%, maxae 0.740
  [diag] log10|dL/dh_t| hist bins=60 range=(-12.50,-11.50) mean=-12.00 p50=-12.00 p05=-12.00 p95=-12.00
  [diag] sat-dist hist bins=60 sat<0.05=0.0% mean=0.995 p10=0.994 p90=0.995
  [diag] z-gate sat-dist hist bins=60 mean=0.119 p10=0.119 p90=0.119
  [diag] r-gate sat-dist hist bins=60 mean=0.499 p10=0.499 p90=0.499
Iter 0007140: train nll 0.046, valid error 038.100%, best valid error 024.250%, avg grad norm   0.055, avg grad norm (post clip)   0.000, rho_Whh  0.08, Omega  0.00, alpha  0.000, steps in the past 0.000, valid nll 0.048, valid mae 0.178, err@0.05 085.94%, err@0.10 071.52%, err@0.20 038.10%, maxae 0.741
  [diag] log10|dL/dh_t| hist bins=60 range=(-12.50,-11.50) mean=-12.00 p50=-12.00 p05=-12.00 p95=-12.00
  [diag] sat-dist hist bins=60 sat<0.05=0.0% mean=0.995 p10=0.994 p90=0.995
  [diag] z-gate sat-dist hist bins=60 mean=0.119 p10=0.119 p90=0.119
  [diag] r-gate sat-dist hist bins=60 mean=0.499 p10=0.499 p90=0.499
Iter 0007160: train nll 0.050, valid error 039.070%, best valid error 024.250%, avg grad norm   0.077, avg grad norm (post clip)   0.000, rho_Whh  0.08, Omega  0.00, alpha  0.000, steps in the past 0.000, valid nll 0.048, valid mae 0.179, err@0.05 086.19%, err@0.10 071.67%, err@0.20 039.07%, maxae 0.737
  [diag] log10|dL/dh_t| hist bins=60 range=(-12.50,-11.50) mean=-12.00 p50=-12.00 p05=-12.00 p95=-12.00
  [diag] sat-dist hist bins=60 sat<0.05=0.0% mean=0.995 p10=0.994 p90=0.995
  [diag] z-gate sat-dist hist bins=60 mean=0.119 p10=0.119 p90=0.119
  [diag] r-gate sat-dist hist bins=60 mean=0.499 p10=0.499 p90=0.499
Iter 0007180: train nll 0.049, valid error 037.950%, best valid error 024.250%, avg grad norm   0.072, avg grad norm (post clip)   0.000, rho_Whh  0.08, Omega  0.00, alpha  0.000, steps in the past 0.000, valid nll 0.048, valid mae 0.178, err@0.05 085.89%, err@0.10 071.38%, err@0.20 037.95%, maxae 0.742
  [diag] log10|dL/dh_t| hist bins=60 range=(-12.50,-11.50) mean=-12.00 p50=-12.00 p05=-12.00 p95=-12.00
  [diag] sat-dist hist bins=60 sat<0.05=0.0% mean=0.994 p10=0.994 p90=0.995
  [diag] z-gate sat-dist hist bins=60 mean=0.119 p10=0.119 p90=0.119
  [diag] r-gate sat-dist hist bins=60 mean=0.499 p10=0.499 p90=0.499
Iter 0007200: train nll 0.054, valid error 039.450%, best valid error 024.250%, avg grad norm   0.080, avg grad norm (post clip)   0.000, rho_Whh  0.08, Omega  0.00, alpha  0.000, steps in the past 0.000, valid nll 0.048, valid mae 0.180, err@0.05 086.29%, err@0.10 071.91%, err@0.20 039.45%, maxae 0.735
  [diag] log10|dL/dh_t| hist bins=60 range=(-12.50,-11.50) mean=-12.00 p50=-12.00 p05=-12.00 p95=-12.00
  [diag] sat-dist hist bins=60 sat<0.05=0.0% mean=0.995 p10=0.994 p90=0.995
  [diag] z-gate sat-dist hist bins=60 mean=0.119 p10=0.119 p90=0.119
  [diag] r-gate sat-dist hist bins=60 mean=0.499 p10=0.499 p90=0.499
Iter 0007220: train nll 0.043, valid error 038.070%, best valid error 024.250%, avg grad norm   0.086, avg grad norm (post clip)   0.000, rho_Whh  0.08, Omega  0.00, alpha  0.000, steps in the past 0.000, valid nll 0.048, valid mae 0.178, err@0.05 085.90%, err@0.10 071.51%, err@0.20 038.07%, maxae 0.741
  [diag] log10|dL/dh_t| hist bins=60 range=(-12.50,-11.50) mean=-12.00 p50=-12.00 p05=-12.00 p95=-12.00
  [diag] sat-dist hist bins=60 sat<0.05=0.0% mean=0.995 p10=0.994 p90=0.995
  [diag] z-gate sat-dist hist bins=60 mean=0.119 p10=0.119 p90=0.119
  [diag] r-gate sat-dist hist bins=60 mean=0.499 p10=0.499 p90=0.499
Iter 0007240: train nll 0.047, valid error 037.520%, best valid error 024.250%, avg grad norm   0.097, avg grad norm (post clip)   0.000, rho_Whh  0.08, Omega  0.00, alpha  0.000, steps in the past 0.000, valid nll 0.048, valid mae 0.178, err@0.05 085.88%, err@0.10 071.20%, err@0.20 037.52%, maxae 0.744
  [diag] log10|dL/dh_t| hist bins=60 range=(-12.50,-11.50) mean=-12.00 p50=-12.00 p05=-12.00 p95=-12.00
  [diag] sat-dist hist bins=60 sat<0.05=0.0% mean=0.994 p10=0.994 p90=0.995
  [diag] z-gate sat-dist hist bins=60 mean=0.119 p10=0.119 p90=0.119
  [diag] r-gate sat-dist hist bins=60 mean=0.499 p10=0.499 p90=0.499
Iter 0007260: train nll 0.052, valid error 039.170%, best valid error 024.250%, avg grad norm   0.086, avg grad norm (post clip)   0.000, rho_Whh  0.08, Omega  0.00, alpha  0.000, steps in the past 0.000, valid nll 0.048, valid mae 0.179, err@0.05 086.27%, err@0.10 071.70%, err@0.20 039.17%, maxae 0.736
  [diag] log10|dL/dh_t| hist bins=60 range=(-12.50,-11.50) mean=-12.00 p50=-12.00 p05=-12.00 p95=-12.00
  [diag] sat-dist hist bins=60 sat<0.05=0.0% mean=0.995 p10=0.994 p90=0.995
  [diag] z-gate sat-dist hist bins=60 mean=0.119 p10=0.119 p90=0.119
  [diag] r-gate sat-dist hist bins=60 mean=0.499 p10=0.499 p90=0.499
Iter 0007280: train nll 0.048, valid error 038.710%, best valid error 024.250%, avg grad norm   0.083, avg grad norm (post clip)   0.000, rho_Whh  0.08, Omega  0.00, alpha  0.000, steps in the past 0.000, valid nll 0.048, valid mae 0.179, err@0.05 086.00%, err@0.10 071.61%, err@0.20 038.71%, maxae 0.738
  [diag] log10|dL/dh_t| hist bins=60 range=(-12.50,-11.50) mean=-12.00 p50=-12.00 p05=-12.00 p95=-12.00
  [diag] sat-dist hist bins=60 sat<0.05=0.0% mean=0.995 p10=0.994 p90=0.995
  [diag] z-gate sat-dist hist bins=60 mean=0.119 p10=0.119 p90=0.119
  [diag] r-gate sat-dist hist bins=60 mean=0.499 p10=0.499 p90=0.499
Iter 0007300: train nll 0.050, valid error 038.470%, best valid error 024.250%, avg grad norm   0.066, avg grad norm (post clip)   0.000, rho_Whh  0.08, Omega  0.00, alpha  0.000, steps in the past 0.000, valid nll 0.048, valid mae 0.179, err@0.05 085.99%, err@0.10 071.61%, err@0.20 038.47%, maxae 0.739
  [diag] log10|dL/dh_t| hist bins=60 range=(-12.50,-11.50) mean=-12.00 p50=-12.00 p05=-12.00 p95=-12.00
  [diag] sat-dist hist bins=60 sat<0.05=0.0% mean=0.995 p10=0.994 p90=0.995
  [diag] z-gate sat-dist hist bins=60 mean=0.119 p10=0.119 p90=0.119
  [diag] r-gate sat-dist hist bins=60 mean=0.499 p10=0.499 p90=0.499
Iter 0007320: train nll 0.052, valid error 038.470%, best valid error 024.250%, avg grad norm   0.109, avg grad norm (post clip)   0.000, rho_Whh  0.08, Omega  0.00, alpha  0.000, steps in the past 0.000, valid nll 0.048, valid mae 0.179, err@0.05 086.00%, err@0.10 071.61%, err@0.20 038.47%, maxae 0.739
  [diag] log10|dL/dh_t| hist bins=60 range=(-12.50,-11.50) mean=-12.00 p50=-12.00 p05=-12.00 p95=-12.00
  [diag] sat-dist hist bins=60 sat<0.05=0.0% mean=0.995 p10=0.994 p90=0.995
  [diag] z-gate sat-dist hist bins=60 mean=0.119 p10=0.119 p90=0.119
  [diag] r-gate sat-dist hist bins=60 mean=0.499 p10=0.499 p90=0.499
Iter 0007340: train nll 0.048, valid error 038.810%, best valid error 024.250%, avg grad norm   0.082, avg grad norm (post clip)   0.000, rho_Whh  0.08, Omega  0.00, alpha  0.000, steps in the past 0.000, valid nll 0.048, valid mae 0.179, err@0.05 086.09%, err@0.10 071.61%, err@0.20 038.81%, maxae 0.738
  [diag] log10|dL/dh_t| hist bins=60 range=(-12.50,-11.50) mean=-12.00 p50=-12.00 p05=-12.00 p95=-12.00
  [diag] sat-dist hist bins=60 sat<0.05=0.0% mean=0.995 p10=0.994 p90=0.995
  [diag] z-gate sat-dist hist bins=60 mean=0.119 p10=0.119 p90=0.119
  [diag] r-gate sat-dist hist bins=60 mean=0.499 p10=0.499 p90=0.499
Iter 0007360: train nll 0.049, valid error 038.460%, best valid error 024.250%, avg grad norm   0.061, avg grad norm (post clip)   0.000, rho_Whh  0.08, Omega  0.00, alpha  0.000, steps in the past 0.000, valid nll 0.048, valid mae 0.179, err@0.05 085.99%, err@0.10 071.57%, err@0.20 038.46%, maxae 0.739
  [diag] log10|dL/dh_t| hist bins=60 range=(-12.50,-11.50) mean=-12.00 p50=-12.00 p05=-12.00 p95=-12.00
  [diag] sat-dist hist bins=60 sat<0.05=0.0% mean=0.995 p10=0.994 p90=0.995
  [diag] z-gate sat-dist hist bins=60 mean=0.119 p10=0.119 p90=0.119
  [diag] r-gate sat-dist hist bins=60 mean=0.499 p10=0.499 p90=0.499
Iter 0007380: train nll 0.051, valid error 038.380%, best valid error 024.250%, avg grad norm   0.076, avg grad norm (post clip)   0.000, rho_Whh  0.08, Omega  0.00, alpha  0.000, steps in the past 0.000, valid nll 0.048, valid mae 0.179, err@0.05 085.90%, err@0.10 071.51%, err@0.20 038.38%, maxae 0.740
  [diag] log10|dL/dh_t| hist bins=60 range=(-12.50,-11.50) mean=-12.00 p50=-12.00 p05=-12.00 p95=-12.00
  [diag] sat-dist hist bins=60 sat<0.05=0.0% mean=0.995 p10=0.994 p90=0.995
  [diag] z-gate sat-dist hist bins=60 mean=0.119 p10=0.119 p90=0.119
  [diag] r-gate sat-dist hist bins=60 mean=0.499 p10=0.499 p90=0.499
Iter 0007400: train nll 0.043, valid error 037.120%, best valid error 024.250%, avg grad norm   0.089, avg grad norm (post clip)   0.000, rho_Whh  0.08, Omega  0.00, alpha  0.000, steps in the past 0.000, valid nll 0.048, valid mae 0.178, err@0.05 085.82%, err@0.10 071.01%, err@0.20 037.12%, maxae 0.746
  [diag] log10|dL/dh_t| hist bins=60 range=(-12.50,-11.50) mean=-12.00 p50=-12.00 p05=-12.00 p95=-12.00
  [diag] sat-dist hist bins=60 sat<0.05=0.0% mean=0.995 p10=0.994 p90=0.995
  [diag] z-gate sat-dist hist bins=60 mean=0.119 p10=0.119 p90=0.119
  [diag] r-gate sat-dist hist bins=60 mean=0.499 p10=0.499 p90=0.499
Iter 0007420: train nll 0.048, valid error 037.880%, best valid error 024.250%, avg grad norm   0.079, avg grad norm (post clip)   0.000, rho_Whh  0.08, Omega  0.00, alpha  0.000, steps in the past 0.000, valid nll 0.048, valid mae 0.178, err@0.05 085.91%, err@0.10 071.33%, err@0.20 037.88%, maxae 0.742
  [diag] log10|dL/dh_t| hist bins=60 range=(-12.50,-11.50) mean=-12.00 p50=-12.00 p05=-12.00 p95=-12.00
  [diag] sat-dist hist bins=60 sat<0.05=0.0% mean=0.995 p10=0.994 p90=0.995
  [diag] z-gate sat-dist hist bins=60 mean=0.119 p10=0.119 p90=0.119
  [diag] r-gate sat-dist hist bins=60 mean=0.499 p10=0.499 p90=0.499
Iter 0007440: train nll 0.053, valid error 038.420%, best valid error 024.250%, avg grad norm   0.079, avg grad norm (post clip)   0.000, rho_Whh  0.08, Omega  0.00, alpha  0.000, steps in the past 0.000, valid nll 0.048, valid mae 0.179, err@0.05 085.90%, err@0.10 071.56%, err@0.20 038.42%, maxae 0.740
  [diag] log10|dL/dh_t| hist bins=60 range=(-12.50,-11.50) mean=-12.00 p50=-12.00 p05=-12.00 p95=-12.00
  [diag] sat-dist hist bins=60 sat<0.05=0.0% mean=0.995 p10=0.994 p90=0.995
  [diag] z-gate sat-dist hist bins=60 mean=0.119 p10=0.119 p90=0.119
  [diag] r-gate sat-dist hist bins=60 mean=0.499 p10=0.499 p90=0.499
Iter 0007460: train nll 0.046, valid error 037.850%, best valid error 024.250%, avg grad norm   0.078, avg grad norm (post clip)   0.000, rho_Whh  0.08, Omega  0.00, alpha  0.000, steps in the past 0.000, valid nll 0.048, valid mae 0.178, err@0.05 085.90%, err@0.10 071.32%, err@0.20 037.85%, maxae 0.742
  [diag] log10|dL/dh_t| hist bins=60 range=(-12.50,-11.50) mean=-12.00 p50=-12.00 p05=-12.00 p95=-12.00
  [diag] sat-dist hist bins=60 sat<0.05=0.0% mean=0.995 p10=0.994 p90=0.995
  [diag] z-gate sat-dist hist bins=60 mean=0.119 p10=0.119 p90=0.119
  [diag] r-gate sat-dist hist bins=60 mean=0.499 p10=0.499 p90=0.499
Iter 0007480: train nll 0.046, valid error 038.080%, best valid error 024.250%, avg grad norm   0.097, avg grad norm (post clip)   0.000, rho_Whh  0.08, Omega  0.00, alpha  0.000, steps in the past 0.000, valid nll 0.048, valid mae 0.178, err@0.05 085.92%, err@0.10 071.50%, err@0.20 038.08%, maxae 0.741
  [diag] log10|dL/dh_t| hist bins=60 range=(-12.50,-11.50) mean=-12.00 p50=-12.00 p05=-12.00 p95=-12.00
  [diag] sat-dist hist bins=60 sat<0.05=0.0% mean=0.994 p10=0.994 p90=0.995
  [diag] z-gate sat-dist hist bins=60 mean=0.119 p10=0.119 p90=0.119
  [diag] r-gate sat-dist hist bins=60 mean=0.499 p10=0.499 p90=0.499
Iter 0007500: train nll 0.055, valid error 039.810%, best valid error 024.250%, avg grad norm   0.088, avg grad norm (post clip)   0.000, rho_Whh  0.08, Omega  0.00, alpha  0.000, steps in the past 0.000, valid nll 0.048, valid mae 0.180, err@0.05 086.32%, err@0.10 072.04%, err@0.20 039.81%, maxae 0.733
  [diag] log10|dL/dh_t| hist bins=60 range=(-12.50,-11.50) mean=-12.00 p50=-12.00 p05=-12.00 p95=-12.00
  [diag] sat-dist hist bins=60 sat<0.05=0.0% mean=0.994 p10=0.994 p90=0.995
  [diag] z-gate sat-dist hist bins=60 mean=0.119 p10=0.119 p90=0.119
  [diag] r-gate sat-dist hist bins=60 mean=0.499 p10=0.499 p90=0.499
Iter 0007520: train nll 0.053, valid error 040.330%, best valid error 024.250%, avg grad norm   0.082, avg grad norm (post clip)   0.000, rho_Whh  0.08, Omega  0.00, alpha  0.000, steps in the past 0.000, valid nll 0.048, valid mae 0.181, err@0.05 086.40%, err@0.10 072.13%, err@0.20 040.33%, maxae 0.731
  [diag] log10|dL/dh_t| hist bins=60 range=(-12.50,-11.50) mean=-12.00 p50=-12.00 p05=-12.00 p95=-12.00
  [diag] sat-dist hist bins=60 sat<0.05=0.0% mean=0.994 p10=0.994 p90=0.995
  [diag] z-gate sat-dist hist bins=60 mean=0.119 p10=0.119 p90=0.119
  [diag] r-gate sat-dist hist bins=60 mean=0.499 p10=0.499 p90=0.499
Iter 0007540: train nll 0.057, valid error 040.330%, best valid error 024.250%, avg grad norm   0.075, avg grad norm (post clip)   0.000, rho_Whh  0.08, Omega  0.00, alpha  0.000, steps in the past 0.000, valid nll 0.048, valid mae 0.181, err@0.05 086.40%, err@0.10 072.14%, err@0.20 040.33%, maxae 0.731
  [diag] log10|dL/dh_t| hist bins=60 range=(-12.50,-11.50) mean=-12.00 p50=-12.00 p05=-12.00 p95=-12.00
  [diag] sat-dist hist bins=60 sat<0.05=0.0% mean=0.994 p10=0.994 p90=0.995
  [diag] z-gate sat-dist hist bins=60 mean=0.119 p10=0.119 p90=0.119
  [diag] r-gate sat-dist hist bins=60 mean=0.499 p10=0.499 p90=0.499
Iter 0007560: train nll 0.060, valid error 042.270%, best valid error 024.250%, avg grad norm   0.086, avg grad norm (post clip)   0.000, rho_Whh  0.08, Omega  0.00, alpha  0.000, steps in the past 0.000, valid nll 0.048, valid mae 0.183, err@0.05 086.70%, err@0.10 072.86%, err@0.20 042.27%, maxae 0.722
  [diag] log10|dL/dh_t| hist bins=60 range=(-12.50,-11.50) mean=-12.00 p50=-12.00 p05=-12.00 p95=-12.00
  [diag] sat-dist hist bins=60 sat<0.05=0.0% mean=0.994 p10=0.994 p90=0.995
  [diag] z-gate sat-dist hist bins=60 mean=0.119 p10=0.119 p90=0.119
  [diag] r-gate sat-dist hist bins=60 mean=0.499 p10=0.499 p90=0.499
Iter 0007580: train nll 0.050, valid error 039.850%, best valid error 024.250%, avg grad norm   0.088, avg grad norm (post clip)   0.000, rho_Whh  0.08, Omega  0.00, alpha  0.000, steps in the past 0.000, valid nll 0.048, valid mae 0.180, err@0.05 086.33%, err@0.10 072.09%, err@0.20 039.85%, maxae 0.733
  [diag] log10|dL/dh_t| hist bins=60 range=(-12.50,-11.50) mean=-12.00 p50=-12.00 p05=-12.00 p95=-12.00
  [diag] sat-dist hist bins=60 sat<0.05=0.0% mean=0.994 p10=0.994 p90=0.995
  [diag] z-gate sat-dist hist bins=60 mean=0.119 p10=0.119 p90=0.119
  [diag] r-gate sat-dist hist bins=60 mean=0.499 p10=0.499 p90=0.499
Iter 0007600: train nll 0.048, valid error 039.870%, best valid error 024.250%, avg grad norm   0.080, avg grad norm (post clip)   0.000, rho_Whh  0.08, Omega  0.00, alpha  0.000, steps in the past 0.000, valid nll 0.048, valid mae 0.180, err@0.05 086.30%, err@0.10 072.09%, err@0.20 039.87%, maxae 0.733
  [diag] log10|dL/dh_t| hist bins=60 range=(-12.50,-11.50) mean=-12.00 p50=-12.00 p05=-12.00 p95=-12.00
  [diag] sat-dist hist bins=60 sat<0.05=0.0% mean=0.995 p10=0.994 p90=0.995
  [diag] z-gate sat-dist hist bins=60 mean=0.119 p10=0.119 p90=0.119
  [diag] r-gate sat-dist hist bins=60 mean=0.499 p10=0.499 p90=0.499
Iter 0007620: train nll 0.043, valid error 037.580%, best valid error 024.250%, avg grad norm   0.071, avg grad norm (post clip)   0.000, rho_Whh  0.08, Omega  0.00, alpha  0.000, steps in the past 0.000, valid nll 0.048, valid mae 0.178, err@0.05 085.87%, err@0.10 071.19%, err@0.20 037.58%, maxae 0.744
  [diag] log10|dL/dh_t| hist bins=60 range=(-12.50,-11.50) mean=-12.00 p50=-12.00 p05=-12.00 p95=-12.00
  [diag] sat-dist hist bins=60 sat<0.05=0.0% mean=0.995 p10=0.994 p90=0.995
  [diag] z-gate sat-dist hist bins=60 mean=0.119 p10=0.119 p90=0.119
  [diag] r-gate sat-dist hist bins=60 mean=0.499 p10=0.499 p90=0.499
Iter 0007640: train nll 0.050, valid error 037.780%, best valid error 024.250%, avg grad norm   0.060, avg grad norm (post clip)   0.000, rho_Whh  0.08, Omega  0.00, alpha  0.000, steps in the past 0.000, valid nll 0.048, valid mae 0.178, err@0.05 085.93%, err@0.10 071.27%, err@0.20 037.78%, maxae 0.743
  [diag] log10|dL/dh_t| hist bins=60 range=(-12.50,-11.50) mean=-12.00 p50=-12.00 p05=-12.00 p95=-12.00
  [diag] sat-dist hist bins=60 sat<0.05=0.0% mean=0.995 p10=0.994 p90=0.995
  [diag] z-gate sat-dist hist bins=60 mean=0.119 p10=0.119 p90=0.119
  [diag] r-gate sat-dist hist bins=60 mean=0.499 p10=0.499 p90=0.499
Iter 0007660: train nll 0.053, valid error 038.570%, best valid error 024.250%, avg grad norm   0.072, avg grad norm (post clip)   0.000, rho_Whh  0.08, Omega  0.00, alpha  0.000, steps in the past 0.000, valid nll 0.048, valid mae 0.179, err@0.05 085.98%, err@0.10 071.61%, err@0.20 038.57%, maxae 0.739
  [diag] log10|dL/dh_t| hist bins=60 range=(-12.50,-11.50) mean=-12.00 p50=-12.00 p05=-12.00 p95=-12.00
  [diag] sat-dist hist bins=60 sat<0.05=0.0% mean=0.995 p10=0.994 p90=0.995
  [diag] z-gate sat-dist hist bins=60 mean=0.119 p10=0.119 p90=0.119
  [diag] r-gate sat-dist hist bins=60 mean=0.499 p10=0.499 p90=0.499
Iter 0007680: train nll 0.049, valid error 038.330%, best valid error 024.250%, avg grad norm   0.075, avg grad norm (post clip)   0.000, rho_Whh  0.08, Omega  0.00, alpha  0.000, steps in the past 0.000, valid nll 0.048, valid mae 0.179, err@0.05 085.92%, err@0.10 071.50%, err@0.20 038.33%, maxae 0.740
  [diag] log10|dL/dh_t| hist bins=60 range=(-12.50,-11.50) mean=-12.00 p50=-12.00 p05=-12.00 p95=-12.00
  [diag] sat-dist hist bins=60 sat<0.05=0.0% mean=0.995 p10=0.994 p90=0.995
  [diag] z-gate sat-dist hist bins=60 mean=0.119 p10=0.119 p90=0.119
  [diag] r-gate sat-dist hist bins=60 mean=0.499 p10=0.499 p90=0.499
Iter 0007700: train nll 0.046, valid error 037.630%, best valid error 024.250%, avg grad norm   0.077, avg grad norm (post clip)   0.000, rho_Whh  0.08, Omega  0.00, alpha  0.000, steps in the past 0.000, valid nll 0.048, valid mae 0.178, err@0.05 085.93%, err@0.10 071.16%, err@0.20 037.63%, maxae 0.743
  [diag] log10|dL/dh_t| hist bins=60 range=(-12.50,-11.50) mean=-12.00 p50=-12.00 p05=-12.00 p95=-12.00
  [diag] sat-dist hist bins=60 sat<0.05=0.0% mean=0.994 p10=0.994 p90=0.995
  [diag] z-gate sat-dist hist bins=60 mean=0.119 p10=0.119 p90=0.119
  [diag] r-gate sat-dist hist bins=60 mean=0.499 p10=0.499 p90=0.499
Iter 0007720: train nll 0.057, valid error 039.740%, best valid error 024.250%, avg grad norm   0.094, avg grad norm (post clip)   0.000, rho_Whh  0.08, Omega  0.00, alpha  0.000, steps in the past 0.000, valid nll 0.048, valid mae 0.180, err@0.05 086.32%, err@0.10 072.00%, err@0.20 039.74%, maxae 0.733
  [diag] log10|dL/dh_t| hist bins=60 range=(-12.50,-11.50) mean=-12.00 p50=-12.00 p05=-12.00 p95=-12.00
  [diag] sat-dist hist bins=60 sat<0.05=0.0% mean=0.995 p10=0.994 p90=0.995
  [diag] z-gate sat-dist hist bins=60 mean=0.119 p10=0.119 p90=0.119
  [diag] r-gate sat-dist hist bins=60 mean=0.499 p10=0.499 p90=0.499
Iter 0007740: train nll 0.047, valid error 039.310%, best valid error 024.250%, avg grad norm   0.109, avg grad norm (post clip)   0.000, rho_Whh  0.08, Omega  0.00, alpha  0.000, steps in the past 0.000, valid nll 0.048, valid mae 0.180, err@0.05 086.27%, err@0.10 071.74%, err@0.20 039.31%, maxae 0.736
  [diag] log10|dL/dh_t| hist bins=60 range=(-12.50,-11.50) mean=-12.00 p50=-12.00 p05=-12.00 p95=-12.00
  [diag] sat-dist hist bins=60 sat<0.05=0.0% mean=0.995 p10=0.994 p90=0.995
  [diag] z-gate sat-dist hist bins=60 mean=0.119 p10=0.119 p90=0.119
  [diag] r-gate sat-dist hist bins=60 mean=0.499 p10=0.499 p90=0.499
Iter 0007760: train nll 0.047, valid error 038.860%, best valid error 024.250%, avg grad norm   0.084, avg grad norm (post clip)   0.000, rho_Whh  0.08, Omega  0.00, alpha  0.000, steps in the past 0.000, valid nll 0.048, valid mae 0.179, err@0.05 086.10%, err@0.10 071.66%, err@0.20 038.86%, maxae 0.738
  [diag] log10|dL/dh_t| hist bins=60 range=(-12.50,-11.50) mean=-12.00 p50=-12.00 p05=-12.00 p95=-12.00
  [diag] sat-dist hist bins=60 sat<0.05=0.0% mean=0.995 p10=0.994 p90=0.995
  [diag] z-gate sat-dist hist bins=60 mean=0.119 p10=0.119 p90=0.119
  [diag] r-gate sat-dist hist bins=60 mean=0.499 p10=0.499 p90=0.499
Iter 0007780: train nll 0.051, valid error 038.300%, best valid error 024.250%, avg grad norm   0.086, avg grad norm (post clip)   0.000, rho_Whh  0.08, Omega  0.00, alpha  0.000, steps in the past 0.000, valid nll 0.048, valid mae 0.179, err@0.05 085.92%, err@0.10 071.50%, err@0.20 038.30%, maxae 0.740
  [diag] log10|dL/dh_t| hist bins=60 range=(-12.50,-11.50) mean=-12.00 p50=-12.00 p05=-12.00 p95=-12.00
  [diag] sat-dist hist bins=60 sat<0.05=0.0% mean=0.995 p10=0.994 p90=0.995
  [diag] z-gate sat-dist hist bins=60 mean=0.119 p10=0.119 p90=0.119
  [diag] r-gate sat-dist hist bins=60 mean=0.499 p10=0.499 p90=0.499
Iter 0007800: train nll 0.049, valid error 037.440%, best valid error 024.250%, avg grad norm   0.068, avg grad norm (post clip)   0.000, rho_Whh  0.08, Omega  0.00, alpha  0.000, steps in the past 0.000, valid nll 0.048, valid mae 0.178, err@0.05 085.91%, err@0.10 071.15%, err@0.20 037.44%, maxae 0.744
  [diag] log10|dL/dh_t| hist bins=60 range=(-12.50,-11.50) mean=-12.00 p50=-12.00 p05=-12.00 p95=-12.00
  [diag] sat-dist hist bins=60 sat<0.05=0.0% mean=0.995 p10=0.994 p90=0.995
  [diag] z-gate sat-dist hist bins=60 mean=0.119 p10=0.119 p90=0.119
  [diag] r-gate sat-dist hist bins=60 mean=0.499 p10=0.499 p90=0.499
Iter 0007820: train nll 0.056, valid error 038.430%, best valid error 024.250%, avg grad norm   0.085, avg grad norm (post clip)   0.000, rho_Whh  0.08, Omega  0.00, alpha  0.000, steps in the past 0.000, valid nll 0.048, valid mae 0.179, err@0.05 085.90%, err@0.10 071.57%, err@0.20 038.43%, maxae 0.739
  [diag] log10|dL/dh_t| hist bins=60 range=(-12.50,-11.50) mean=-12.00 p50=-12.00 p05=-12.00 p95=-12.00
  [diag] sat-dist hist bins=60 sat<0.05=0.0% mean=0.995 p10=0.994 p90=0.995
  [diag] z-gate sat-dist hist bins=60 mean=0.119 p10=0.119 p90=0.119
  [diag] r-gate sat-dist hist bins=60 mean=0.499 p10=0.499 p90=0.499
Iter 0007840: train nll 0.050, valid error 039.060%, best valid error 024.250%, avg grad norm   0.066, avg grad norm (post clip)   0.000, rho_Whh  0.08, Omega  0.00, alpha  0.000, steps in the past 0.000, valid nll 0.048, valid mae 0.179, err@0.05 086.19%, err@0.10 071.67%, err@0.20 039.06%, maxae 0.737
  [diag] log10|dL/dh_t| hist bins=60 range=(-12.50,-11.50) mean=-12.00 p50=-12.00 p05=-12.00 p95=-12.00
  [diag] sat-dist hist bins=60 sat<0.05=0.0% mean=0.995 p10=0.994 p90=0.995
  [diag] z-gate sat-dist hist bins=60 mean=0.119 p10=0.119 p90=0.119
  [diag] r-gate sat-dist hist bins=60 mean=0.499 p10=0.499 p90=0.499
Iter 0007860: train nll 0.049, valid error 038.460%, best valid error 024.250%, avg grad norm   0.110, avg grad norm (post clip)   0.000, rho_Whh  0.08, Omega  0.00, alpha  0.000, steps in the past 0.000, valid nll 0.048, valid mae 0.179, err@0.05 085.99%, err@0.10 071.57%, err@0.20 038.46%, maxae 0.739
  [diag] log10|dL/dh_t| hist bins=60 range=(-12.50,-11.50) mean=-12.00 p50=-12.00 p05=-12.00 p95=-12.00
  [diag] sat-dist hist bins=60 sat<0.05=0.0% mean=0.995 p10=0.994 p90=0.995
  [diag] z-gate sat-dist hist bins=60 mean=0.119 p10=0.119 p90=0.119
  [diag] r-gate sat-dist hist bins=60 mean=0.499 p10=0.499 p90=0.499
Iter 0007880: train nll 0.048, valid error 037.580%, best valid error 024.250%, avg grad norm   0.078, avg grad norm (post clip)   0.000, rho_Whh  0.08, Omega  0.00, alpha  0.000, steps in the past 0.000, valid nll 0.048, valid mae 0.178, err@0.05 085.87%, err@0.10 071.19%, err@0.20 037.58%, maxae 0.744
  [diag] log10|dL/dh_t| hist bins=60 range=(-12.50,-11.50) mean=-12.00 p50=-12.00 p05=-12.00 p95=-12.00
  [diag] sat-dist hist bins=60 sat<0.05=0.0% mean=0.995 p10=0.994 p90=0.995
  [diag] z-gate sat-dist hist bins=60 mean=0.119 p10=0.119 p90=0.119
  [diag] r-gate sat-dist hist bins=60 mean=0.499 p10=0.499 p90=0.499
Iter 0007900: train nll 0.053, valid error 036.950%, best valid error 024.250%, avg grad norm   0.079, avg grad norm (post clip)   0.000, rho_Whh  0.08, Omega  0.00, alpha  0.000, steps in the past 0.000, valid nll 0.048, valid mae 0.177, err@0.05 085.79%, err@0.10 070.98%, err@0.20 036.95%, maxae 0.746
  [diag] log10|dL/dh_t| hist bins=60 range=(-12.50,-11.50) mean=-12.00 p50=-12.00 p05=-12.00 p95=-12.00
  [diag] sat-dist hist bins=60 sat<0.05=0.0% mean=0.995 p10=0.994 p90=0.995
  [diag] z-gate sat-dist hist bins=60 mean=0.119 p10=0.119 p90=0.119
  [diag] r-gate sat-dist hist bins=60 mean=0.499 p10=0.499 p90=0.499
Iter 0007920: train nll 0.049, valid error 037.560%, best valid error 024.250%, avg grad norm   0.077, avg grad norm (post clip)   0.000, rho_Whh  0.08, Omega  0.00, alpha  0.000, steps in the past 0.000, valid nll 0.048, valid mae 0.178, err@0.05 085.91%, err@0.10 071.17%, err@0.20 037.56%, maxae 0.744
  [diag] log10|dL/dh_t| hist bins=60 range=(-12.50,-11.50) mean=-12.00 p50=-12.00 p05=-12.00 p95=-12.00
  [diag] sat-dist hist bins=60 sat<0.05=0.0% mean=0.995 p10=0.994 p90=0.995
  [diag] z-gate sat-dist hist bins=60 mean=0.119 p10=0.119 p90=0.119
  [diag] r-gate sat-dist hist bins=60 mean=0.499 p10=0.499 p90=0.499
Iter 0007940: train nll 0.051, valid error 038.350%, best valid error 024.250%, avg grad norm   0.056, avg grad norm (post clip)   0.000, rho_Whh  0.08, Omega  0.00, alpha  0.000, steps in the past 0.000, valid nll 0.048, valid mae 0.179, err@0.05 085.92%, err@0.10 071.50%, err@0.20 038.35%, maxae 0.740
  [diag] log10|dL/dh_t| hist bins=60 range=(-12.50,-11.50) mean=-12.00 p50=-12.00 p05=-12.00 p95=-12.00
  [diag] sat-dist hist bins=60 sat<0.05=0.0% mean=0.994 p10=0.994 p90=0.995
  [diag] z-gate sat-dist hist bins=60 mean=0.119 p10=0.119 p90=0.119
  [diag] r-gate sat-dist hist bins=60 mean=0.499 p10=0.499 p90=0.499
Iter 0007960: train nll 0.050, valid error 039.520%, best valid error 024.250%, avg grad norm   0.087, avg grad norm (post clip)   0.000, rho_Whh  0.08, Omega  0.00, alpha  0.000, steps in the past 0.000, valid nll 0.048, valid mae 0.180, err@0.05 086.34%, err@0.10 071.93%, err@0.20 039.52%, maxae 0.734
  [diag] log10|dL/dh_t| hist bins=60 range=(-12.50,-11.50) mean=-12.00 p50=-12.00 p05=-12.00 p95=-12.00
  [diag] sat-dist hist bins=60 sat<0.05=0.0% mean=0.994 p10=0.994 p90=0.995
  [diag] z-gate sat-dist hist bins=60 mean=0.119 p10=0.119 p90=0.119
  [diag] r-gate sat-dist hist bins=60 mean=0.499 p10=0.499 p90=0.499
Iter 0007980: train nll 0.048, valid error 039.360%, best valid error 024.250%, avg grad norm   0.108, avg grad norm (post clip)   0.000, rho_Whh  0.08, Omega  0.00, alpha  0.000, steps in the past 0.000, valid nll 0.048, valid mae 0.180, err@0.05 086.30%, err@0.10 071.80%, err@0.20 039.36%, maxae 0.735
  [diag] log10|dL/dh_t| hist bins=60 range=(-12.50,-11.50) mean=-12.00 p50=-12.00 p05=-12.00 p95=-12.00
  [diag] sat-dist hist bins=60 sat<0.05=0.0% mean=0.994 p10=0.994 p90=0.995
  [diag] z-gate sat-dist hist bins=60 mean=0.119 p10=0.119 p90=0.119
  [diag] r-gate sat-dist hist bins=60 mean=0.499 p10=0.499 p90=0.499
Iter 0008000: train nll 0.052, valid error 040.710%, best valid error 024.250%, avg grad norm   0.093, avg grad norm (post clip)   0.000, rho_Whh  0.08, Omega  0.00, alpha  0.000, steps in the past 0.000, valid nll 0.048, valid mae 0.181, err@0.05 086.55%, err@0.10 072.28%, err@0.20 040.71%, maxae 0.729
  [diag] log10|dL/dh_t| hist bins=60 range=(-12.50,-11.50) mean=-12.00 p50=-12.00 p05=-12.00 p95=-12.00
  [diag] sat-dist hist bins=60 sat<0.05=0.0% mean=0.995 p10=0.994 p90=0.995
  [diag] z-gate sat-dist hist bins=60 mean=0.119 p10=0.119 p90=0.119
  [diag] r-gate sat-dist hist bins=60 mean=0.499 p10=0.499 p90=0.499
Iter 0008020: train nll 0.044, valid error 039.250%, best valid error 024.250%, avg grad norm   0.065, avg grad norm (post clip)   0.000, rho_Whh  0.08, Omega  0.00, alpha  0.000, steps in the past 0.000, valid nll 0.048, valid mae 0.180, err@0.05 086.28%, err@0.10 071.72%, err@0.20 039.25%, maxae 0.736
  [diag] log10|dL/dh_t| hist bins=60 range=(-12.50,-11.50) mean=-12.00 p50=-12.00 p05=-12.00 p95=-12.00
  [diag] sat-dist hist bins=60 sat<0.05=0.0% mean=0.995 p10=0.994 p90=0.995
  [diag] z-gate sat-dist hist bins=60 mean=0.119 p10=0.119 p90=0.119
  [diag] r-gate sat-dist hist bins=60 mean=0.499 p10=0.499 p90=0.499
Iter 0008040: train nll 0.046, valid error 039.070%, best valid error 024.250%, avg grad norm   0.075, avg grad norm (post clip)   0.000, rho_Whh  0.08, Omega  0.00, alpha  0.000, steps in the past 0.000, valid nll 0.048, valid mae 0.179, err@0.05 086.19%, err@0.10 071.68%, err@0.20 039.07%, maxae 0.737
  [diag] log10|dL/dh_t| hist bins=60 range=(-12.50,-11.50) mean=-12.00 p50=-12.00 p05=-12.00 p95=-12.00
  [diag] sat-dist hist bins=60 sat<0.05=0.0% mean=0.994 p10=0.994 p90=0.995
  [diag] z-gate sat-dist hist bins=60 mean=0.119 p10=0.119 p90=0.119
  [diag] r-gate sat-dist hist bins=60 mean=0.499 p10=0.499 p90=0.499
Iter 0008060: train nll 0.050, valid error 039.440%, best valid error 024.250%, avg grad norm   0.087, avg grad norm (post clip)   0.000, rho_Whh  0.08, Omega  0.00, alpha  0.000, steps in the past 0.000, valid nll 0.048, valid mae 0.180, err@0.05 086.29%, err@0.10 071.91%, err@0.20 039.44%, maxae 0.735
  [diag] log10|dL/dh_t| hist bins=60 range=(-12.50,-11.50) mean=-12.00 p50=-12.00 p05=-12.00 p95=-12.00
  [diag] sat-dist hist bins=60 sat<0.05=0.0% mean=0.995 p10=0.994 p90=0.995
  [diag] z-gate sat-dist hist bins=60 mean=0.119 p10=0.119 p90=0.119
  [diag] r-gate sat-dist hist bins=60 mean=0.499 p10=0.499 p90=0.499
Iter 0008080: train nll 0.047, valid error 038.390%, best valid error 024.250%, avg grad norm   0.078, avg grad norm (post clip)   0.000, rho_Whh  0.08, Omega  0.00, alpha  0.000, steps in the past 0.000, valid nll 0.048, valid mae 0.179, err@0.05 085.88%, err@0.10 071.52%, err@0.20 038.39%, maxae 0.740
  [diag] log10|dL/dh_t| hist bins=60 range=(-12.50,-11.50) mean=-12.00 p50=-12.00 p05=-12.00 p95=-12.00
  [diag] sat-dist hist bins=60 sat<0.05=0.0% mean=0.995 p10=0.994 p90=0.995
  [diag] z-gate sat-dist hist bins=60 mean=0.119 p10=0.119 p90=0.119
  [diag] r-gate sat-dist hist bins=60 mean=0.499 p10=0.499 p90=0.499
Iter 0008100: train nll 0.043, valid error 037.650%, best valid error 024.250%, avg grad norm   0.080, avg grad norm (post clip)   0.000, rho_Whh  0.08, Omega  0.00, alpha  0.000, steps in the past 0.000, valid nll 0.048, valid mae 0.178, err@0.05 085.91%, err@0.10 071.17%, err@0.20 037.65%, maxae 0.743
  [diag] log10|dL/dh_t| hist bins=60 range=(-12.50,-11.50) mean=-12.00 p50=-12.00 p05=-12.00 p95=-12.00
  [diag] sat-dist hist bins=60 sat<0.05=0.0% mean=0.995 p10=0.994 p90=0.995
  [diag] z-gate sat-dist hist bins=60 mean=0.119 p10=0.119 p90=0.119
  [diag] r-gate sat-dist hist bins=60 mean=0.499 p10=0.499 p90=0.499
Iter 0008120: train nll 0.047, valid error 037.270%, best valid error 024.250%, avg grad norm   0.074, avg grad norm (post clip)   0.000, rho_Whh  0.08, Omega  0.00, alpha  0.000, steps in the past 0.000, valid nll 0.048, valid mae 0.178, err@0.05 085.81%, err@0.10 071.07%, err@0.20 037.27%, maxae 0.745
  [diag] log10|dL/dh_t| hist bins=60 range=(-12.50,-11.50) mean=-12.00 p50=-12.00 p05=-12.00 p95=-12.00
  [diag] sat-dist hist bins=60 sat<0.05=0.0% mean=0.995 p10=0.994 p90=0.995
  [diag] z-gate sat-dist hist bins=60 mean=0.119 p10=0.119 p90=0.119
  [diag] r-gate sat-dist hist bins=60 mean=0.499 p10=0.499 p90=0.499
Iter 0008140: train nll 0.053, valid error 038.070%, best valid error 024.250%, avg grad norm   0.057, avg grad norm (post clip)   0.000, rho_Whh  0.08, Omega  0.00, alpha  0.000, steps in the past 0.000, valid nll 0.048, valid mae 0.178, err@0.05 085.90%, err@0.10 071.51%, err@0.20 038.07%, maxae 0.741
  [diag] log10|dL/dh_t| hist bins=60 range=(-12.50,-11.50) mean=-12.00 p50=-12.00 p05=-12.00 p95=-12.00
  [diag] sat-dist hist bins=60 sat<0.05=0.0% mean=0.995 p10=0.994 p90=0.995
  [diag] z-gate sat-dist hist bins=60 mean=0.119 p10=0.119 p90=0.119
  [diag] r-gate sat-dist hist bins=60 mean=0.499 p10=0.499 p90=0.499
Iter 0008160: train nll 0.052, valid error 038.390%, best valid error 024.250%, avg grad norm   0.068, avg grad norm (post clip)   0.000, rho_Whh  0.08, Omega  0.00, alpha  0.000, steps in the past 0.000, valid nll 0.048, valid mae 0.179, err@0.05 085.89%, err@0.10 071.52%, err@0.20 038.39%, maxae 0.740
  [diag] log10|dL/dh_t| hist bins=60 range=(-12.50,-11.50) mean=-12.00 p50=-12.00 p05=-12.00 p95=-12.00
  [diag] sat-dist hist bins=60 sat<0.05=0.0% mean=0.995 p10=0.994 p90=0.995
  [diag] z-gate sat-dist hist bins=60 mean=0.119 p10=0.119 p90=0.119
  [diag] r-gate sat-dist hist bins=60 mean=0.499 p10=0.499 p90=0.499
Iter 0008180: train nll 0.049, valid error 037.410%, best valid error 024.250%, avg grad norm   0.101, avg grad norm (post clip)   0.000, rho_Whh  0.08, Omega  0.00, alpha  0.000, steps in the past 0.000, valid nll 0.048, valid mae 0.178, err@0.05 085.89%, err@0.10 071.15%, err@0.20 037.41%, maxae 0.744
  [diag] log10|dL/dh_t| hist bins=60 range=(-12.50,-11.50) mean=-12.00 p50=-12.00 p05=-12.00 p95=-12.00
  [diag] sat-dist hist bins=60 sat<0.05=0.0% mean=0.995 p10=0.994 p90=0.995
  [diag] z-gate sat-dist hist bins=60 mean=0.119 p10=0.119 p90=0.119
  [diag] r-gate sat-dist hist bins=60 mean=0.499 p10=0.499 p90=0.499
Iter 0008200: train nll 0.056, valid error 038.380%, best valid error 024.250%, avg grad norm   0.093, avg grad norm (post clip)   0.000, rho_Whh  0.08, Omega  0.00, alpha  0.000, steps in the past 0.000, valid nll 0.048, valid mae 0.179, err@0.05 085.89%, err@0.10 071.52%, err@0.20 038.38%, maxae 0.740
  [diag] log10|dL/dh_t| hist bins=60 range=(-12.50,-11.50) mean=-12.00 p50=-12.00 p05=-12.00 p95=-12.00
  [diag] sat-dist hist bins=60 sat<0.05=0.0% mean=0.994 p10=0.994 p90=0.995
  [diag] z-gate sat-dist hist bins=60 mean=0.119 p10=0.119 p90=0.119
  [diag] r-gate sat-dist hist bins=60 mean=0.499 p10=0.499 p90=0.499
Iter 0008220: train nll 0.056, valid error 039.850%, best valid error 024.250%, avg grad norm   0.095, avg grad norm (post clip)   0.000, rho_Whh  0.08, Omega  0.00, alpha  0.000, steps in the past 0.000, valid nll 0.048, valid mae 0.180, err@0.05 086.33%, err@0.10 072.09%, err@0.20 039.85%, maxae 0.733
  [diag] log10|dL/dh_t| hist bins=60 range=(-12.50,-11.50) mean=-12.00 p50=-12.00 p05=-12.00 p95=-12.00
  [diag] sat-dist hist bins=60 sat<0.05=0.0% mean=0.994 p10=0.994 p90=0.995
  [diag] z-gate sat-dist hist bins=60 mean=0.119 p10=0.119 p90=0.119
  [diag] r-gate sat-dist hist bins=60 mean=0.499 p10=0.499 p90=0.499
Iter 0008240: train nll 0.048, valid error 039.920%, best valid error 024.250%, avg grad norm   0.099, avg grad norm (post clip)   0.000, rho_Whh  0.08, Omega  0.00, alpha  0.000, steps in the past 0.000, valid nll 0.048, valid mae 0.180, err@0.05 086.28%, err@0.10 072.10%, err@0.20 039.92%, maxae 0.732
  [diag] log10|dL/dh_t| hist bins=60 range=(-12.50,-11.50) mean=-12.00 p50=-12.00 p05=-12.00 p95=-12.00
  [diag] sat-dist hist bins=60 sat<0.05=0.0% mean=0.994 p10=0.994 p90=0.995
  [diag] z-gate sat-dist hist bins=60 mean=0.119 p10=0.119 p90=0.119
  [diag] r-gate sat-dist hist bins=60 mean=0.499 p10=0.499 p90=0.499
Iter 0008260: train nll 0.047, valid error 039.370%, best valid error 024.250%, avg grad norm   0.089, avg grad norm (post clip)   0.000, rho_Whh  0.08, Omega  0.00, alpha  0.000, steps in the past 0.000, valid nll 0.048, valid mae 0.180, err@0.05 086.28%, err@0.10 071.87%, err@0.20 039.37%, maxae 0.735
  [diag] log10|dL/dh_t| hist bins=60 range=(-12.50,-11.50) mean=-12.00 p50=-12.00 p05=-12.00 p95=-12.00
  [diag] sat-dist hist bins=60 sat<0.05=0.0% mean=0.994 p10=0.994 p90=0.995
  [diag] z-gate sat-dist hist bins=60 mean=0.119 p10=0.119 p90=0.119
  [diag] r-gate sat-dist hist bins=60 mean=0.499 p10=0.499 p90=0.499
Iter 0008280: train nll 0.048, valid error 039.820%, best valid error 024.250%, avg grad norm   0.077, avg grad norm (post clip)   0.000, rho_Whh  0.08, Omega  0.00, alpha  0.000, steps in the past 0.000, valid nll 0.048, valid mae 0.180, err@0.05 086.33%, err@0.10 072.09%, err@0.20 039.82%, maxae 0.733
  [diag] log10|dL/dh_t| hist bins=60 range=(-12.50,-11.50) mean=-12.00 p50=-12.00 p05=-12.00 p95=-12.00
  [diag] sat-dist hist bins=60 sat<0.05=0.0% mean=0.995 p10=0.994 p90=0.995
  [diag] z-gate sat-dist hist bins=60 mean=0.119 p10=0.119 p90=0.119
  [diag] r-gate sat-dist hist bins=60 mean=0.499 p10=0.499 p90=0.499
Iter 0008300: train nll 0.046, valid error 039.130%, best valid error 024.250%, avg grad norm   0.086, avg grad norm (post clip)   0.000, rho_Whh  0.08, Omega  0.00, alpha  0.000, steps in the past 0.000, valid nll 0.048, valid mae 0.179, err@0.05 086.17%, err@0.10 071.67%, err@0.20 039.13%, maxae 0.736
  [diag] log10|dL/dh_t| hist bins=60 range=(-12.50,-11.50) mean=-12.00 p50=-12.00 p05=-12.00 p95=-12.00
  [diag] sat-dist hist bins=60 sat<0.05=0.0% mean=0.995 p10=0.994 p90=0.995
  [diag] z-gate sat-dist hist bins=60 mean=0.119 p10=0.119 p90=0.119
  [diag] r-gate sat-dist hist bins=60 mean=0.499 p10=0.499 p90=0.499
Iter 0008320: train nll 0.047, valid error 038.100%, best valid error 024.250%, avg grad norm   0.073, avg grad norm (post clip)   0.000, rho_Whh  0.08, Omega  0.00, alpha  0.000, steps in the past 0.000, valid nll 0.048, valid mae 0.178, err@0.05 085.92%, err@0.10 071.52%, err@0.20 038.10%, maxae 0.741
  [diag] log10|dL/dh_t| hist bins=60 range=(-12.50,-11.50) mean=-12.00 p50=-12.00 p05=-12.00 p95=-12.00
  [diag] sat-dist hist bins=60 sat<0.05=0.0% mean=0.995 p10=0.994 p90=0.995
  [diag] z-gate sat-dist hist bins=60 mean=0.119 p10=0.119 p90=0.119
  [diag] r-gate sat-dist hist bins=60 mean=0.499 p10=0.499 p90=0.499
Iter 0008340: train nll 0.052, valid error 037.710%, best valid error 024.250%, avg grad norm   0.078, avg grad norm (post clip)   0.000, rho_Whh  0.08, Omega  0.00, alpha  0.000, steps in the past 0.000, valid nll 0.048, valid mae 0.178, err@0.05 085.92%, err@0.10 071.22%, err@0.20 037.71%, maxae 0.743
  [diag] log10|dL/dh_t| hist bins=60 range=(-12.50,-11.50) mean=-12.00 p50=-12.00 p05=-12.00 p95=-12.00
  [diag] sat-dist hist bins=60 sat<0.05=0.0% mean=0.995 p10=0.994 p90=0.995
  [diag] z-gate sat-dist hist bins=60 mean=0.119 p10=0.119 p90=0.119
  [diag] r-gate sat-dist hist bins=60 mean=0.499 p10=0.499 p90=0.499
Iter 0008360: train nll 0.043, valid error 037.320%, best valid error 024.250%, avg grad norm   0.073, avg grad norm (post clip)   0.000, rho_Whh  0.08, Omega  0.00, alpha  0.000, steps in the past 0.000, valid nll 0.048, valid mae 0.178, err@0.05 085.86%, err@0.10 071.11%, err@0.20 037.32%, maxae 0.745
  [diag] log10|dL/dh_t| hist bins=60 range=(-12.50,-11.50) mean=-12.00 p50=-12.00 p05=-12.00 p95=-12.00
  [diag] sat-dist hist bins=60 sat<0.05=0.0% mean=0.995 p10=0.994 p90=0.995
  [diag] z-gate sat-dist hist bins=60 mean=0.119 p10=0.119 p90=0.119
  [diag] r-gate sat-dist hist bins=60 mean=0.499 p10=0.499 p90=0.499
Iter 0008380: train nll 0.050, valid error 037.600%, best valid error 024.250%, avg grad norm   0.079, avg grad norm (post clip)   0.000, rho_Whh  0.08, Omega  0.00, alpha  0.000, steps in the past 0.000, valid nll 0.048, valid mae 0.178, err@0.05 085.93%, err@0.10 071.19%, err@0.20 037.60%, maxae 0.744
  [diag] log10|dL/dh_t| hist bins=60 range=(-12.50,-11.50) mean=-12.00 p50=-12.00 p05=-12.00 p95=-12.00
  [diag] sat-dist hist bins=60 sat<0.05=0.0% mean=0.995 p10=0.994 p90=0.995
  [diag] z-gate sat-dist hist bins=60 mean=0.119 p10=0.119 p90=0.119
  [diag] r-gate sat-dist hist bins=60 mean=0.499 p10=0.499 p90=0.499
Iter 0008400: train nll 0.053, valid error 038.070%, best valid error 024.250%, avg grad norm   0.082, avg grad norm (post clip)   0.000, rho_Whh  0.08, Omega  0.00, alpha  0.000, steps in the past 0.000, valid nll 0.048, valid mae 0.178, err@0.05 085.90%, err@0.10 071.49%, err@0.20 038.07%, maxae 0.741
  [diag] log10|dL/dh_t| hist bins=60 range=(-12.50,-11.50) mean=-12.00 p50=-12.00 p05=-12.00 p95=-12.00
  [diag] sat-dist hist bins=60 sat<0.05=0.0% mean=0.995 p10=0.994 p90=0.995
  [diag] z-gate sat-dist hist bins=60 mean=0.119 p10=0.119 p90=0.119
  [diag] r-gate sat-dist hist bins=60 mean=0.499 p10=0.499 p90=0.499
Iter 0008420: train nll 0.046, valid error 038.280%, best valid error 024.250%, avg grad norm   0.095, avg grad norm (post clip)   0.000, rho_Whh  0.08, Omega  0.00, alpha  0.000, steps in the past 0.000, valid nll 0.048, valid mae 0.179, err@0.05 085.91%, err@0.10 071.52%, err@0.20 038.28%, maxae 0.740
  [diag] log10|dL/dh_t| hist bins=60 range=(-12.50,-11.50) mean=-12.00 p50=-12.00 p05=-12.00 p95=-12.00
  [diag] sat-dist hist bins=60 sat<0.05=0.0% mean=0.995 p10=0.994 p90=0.995
  [diag] z-gate sat-dist hist bins=60 mean=0.119 p10=0.119 p90=0.119
  [diag] r-gate sat-dist hist bins=60 mean=0.499 p10=0.499 p90=0.499
Iter 0008440: train nll 0.048, valid error 037.630%, best valid error 024.250%, avg grad norm   0.080, avg grad norm (post clip)   0.000, rho_Whh  0.08, Omega  0.00, alpha  0.000, steps in the past 0.000, valid nll 0.048, valid mae 0.178, err@0.05 085.95%, err@0.10 071.18%, err@0.20 037.63%, maxae 0.743
  [diag] log10|dL/dh_t| hist bins=60 range=(-12.50,-11.50) mean=-12.00 p50=-12.00 p05=-12.00 p95=-12.00
  [diag] sat-dist hist bins=60 sat<0.05=0.0% mean=0.995 p10=0.994 p90=0.995
  [diag] z-gate sat-dist hist bins=60 mean=0.119 p10=0.119 p90=0.119
  [diag] r-gate sat-dist hist bins=60 mean=0.499 p10=0.499 p90=0.499
Iter 0008460: train nll 0.046, valid error 036.770%, best valid error 024.250%, avg grad norm   0.090, avg grad norm (post clip)   0.000, rho_Whh  0.08, Omega  0.00, alpha  0.000, steps in the past 0.000, valid nll 0.048, valid mae 0.177, err@0.05 085.73%, err@0.10 070.92%, err@0.20 036.77%, maxae 0.747
  [diag] log10|dL/dh_t| hist bins=60 range=(-12.50,-11.50) mean=-12.00 p50=-12.00 p05=-12.00 p95=-12.00
  [diag] sat-dist hist bins=60 sat<0.05=0.0% mean=0.995 p10=0.994 p90=0.995
  [diag] z-gate sat-dist hist bins=60 mean=0.119 p10=0.119 p90=0.119
  [diag] r-gate sat-dist hist bins=60 mean=0.499 p10=0.499 p90=0.499
Iter 0008480: train nll 0.048, valid error 036.690%, best valid error 024.250%, avg grad norm   0.071, avg grad norm (post clip)   0.000, rho_Whh  0.08, Omega  0.00, alpha  0.000, steps in the past 0.000, valid nll 0.048, valid mae 0.177, err@0.05 085.71%, err@0.10 070.87%, err@0.20 036.69%, maxae 0.747
  [diag] log10|dL/dh_t| hist bins=60 range=(-12.50,-11.50) mean=-12.00 p50=-12.00 p05=-12.00 p95=-12.00
  [diag] sat-dist hist bins=60 sat<0.05=0.0% mean=0.995 p10=0.994 p90=0.995
  [diag] z-gate sat-dist hist bins=60 mean=0.119 p10=0.119 p90=0.119
  [diag] r-gate sat-dist hist bins=60 mean=0.499 p10=0.499 p90=0.499
Iter 0008500: train nll 0.050, valid error 036.930%, best valid error 024.250%, avg grad norm   0.102, avg grad norm (post clip)   0.000, rho_Whh  0.08, Omega  0.00, alpha  0.000, steps in the past 0.000, valid nll 0.048, valid mae 0.177, err@0.05 085.80%, err@0.10 070.98%, err@0.20 036.93%, maxae 0.746
  [diag] log10|dL/dh_t| hist bins=60 range=(-12.50,-11.50) mean=-12.00 p50=-12.00 p05=-12.00 p95=-12.00
  [diag] sat-dist hist bins=60 sat<0.05=0.0% mean=0.995 p10=0.994 p90=0.995
  [diag] z-gate sat-dist hist bins=60 mean=0.119 p10=0.119 p90=0.119
  [diag] r-gate sat-dist hist bins=60 mean=0.499 p10=0.499 p90=0.499
Iter 0008520: train nll 0.049, valid error 037.160%, best valid error 024.250%, avg grad norm   0.073, avg grad norm (post clip)   0.000, rho_Whh  0.08, Omega  0.00, alpha  0.000, steps in the past 0.000, valid nll 0.048, valid mae 0.178, err@0.05 085.83%, err@0.10 071.01%, err@0.20 037.16%, maxae 0.746
  [diag] log10|dL/dh_t| hist bins=60 range=(-12.50,-11.50) mean=-12.00 p50=-12.00 p05=-12.00 p95=-12.00
  [diag] sat-dist hist bins=60 sat<0.05=0.0% mean=0.995 p10=0.994 p90=0.995
  [diag] z-gate sat-dist hist bins=60 mean=0.119 p10=0.119 p90=0.119
  [diag] r-gate sat-dist hist bins=60 mean=0.499 p10=0.499 p90=0.499
Iter 0008540: train nll 0.050, valid error 038.110%, best valid error 024.250%, avg grad norm   0.073, avg grad norm (post clip)   0.000, rho_Whh  0.08, Omega  0.00, alpha  0.000, steps in the past 0.000, valid nll 0.048, valid mae 0.178, err@0.05 085.92%, err@0.10 071.51%, err@0.20 038.11%, maxae 0.741
  [diag] log10|dL/dh_t| hist bins=60 range=(-12.50,-11.50) mean=-12.00 p50=-12.00 p05=-12.00 p95=-12.00
  [diag] sat-dist hist bins=60 sat<0.05=0.0% mean=0.995 p10=0.994 p90=0.995
  [diag] z-gate sat-dist hist bins=60 mean=0.119 p10=0.119 p90=0.119
  [diag] r-gate sat-dist hist bins=60 mean=0.499 p10=0.499 p90=0.499
Iter 0008560: train nll 0.050, valid error 039.060%, best valid error 024.250%, avg grad norm   0.071, avg grad norm (post clip)   0.000, rho_Whh  0.08, Omega  0.00, alpha  0.000, steps in the past 0.000, valid nll 0.048, valid mae 0.179, err@0.05 086.20%, err@0.10 071.67%, err@0.20 039.06%, maxae 0.737
  [diag] log10|dL/dh_t| hist bins=60 range=(-12.50,-11.50) mean=-12.00 p50=-12.00 p05=-12.00 p95=-12.00
  [diag] sat-dist hist bins=60 sat<0.05=0.0% mean=0.994 p10=0.994 p90=0.995
  [diag] z-gate sat-dist hist bins=60 mean=0.119 p10=0.119 p90=0.119
  [diag] r-gate sat-dist hist bins=60 mean=0.499 p10=0.499 p90=0.499
Iter 0008580: train nll 0.050, valid error 039.410%, best valid error 024.250%, avg grad norm   0.065, avg grad norm (post clip)   0.000, rho_Whh  0.08, Omega  0.00, alpha  0.000, steps in the past 0.000, valid nll 0.048, valid mae 0.180, err@0.05 086.27%, err@0.10 071.85%, err@0.20 039.41%, maxae 0.735
  [diag] log10|dL/dh_t| hist bins=60 range=(-12.50,-11.50) mean=-12.00 p50=-12.00 p05=-12.00 p95=-12.00
  [diag] sat-dist hist bins=60 sat<0.05=0.0% mean=0.994 p10=0.994 p90=0.995
  [diag] z-gate sat-dist hist bins=60 mean=0.119 p10=0.119 p90=0.119
  [diag] r-gate sat-dist hist bins=60 mean=0.499 p10=0.499 p90=0.499
Iter 0008600: train nll 0.044, valid error 039.330%, best valid error 024.250%, avg grad norm   0.082, avg grad norm (post clip)   0.000, rho_Whh  0.08, Omega  0.00, alpha  0.000, steps in the past 0.000, valid nll 0.048, valid mae 0.180, err@0.05 086.29%, err@0.10 071.77%, err@0.20 039.33%, maxae 0.735
  [diag] log10|dL/dh_t| hist bins=60 range=(-12.50,-11.50) mean=-12.00 p50=-12.00 p05=-12.00 p95=-12.00
  [diag] sat-dist hist bins=60 sat<0.05=0.0% mean=0.994 p10=0.994 p90=0.995
  [diag] z-gate sat-dist hist bins=60 mean=0.119 p10=0.119 p90=0.119
  [diag] r-gate sat-dist hist bins=60 mean=0.499 p10=0.499 p90=0.499
Iter 0008620: train nll 0.048, valid error 039.750%, best valid error 024.250%, avg grad norm   0.066, avg grad norm (post clip)   0.000, rho_Whh  0.08, Omega  0.00, alpha  0.000, steps in the past 0.000, valid nll 0.048, valid mae 0.180, err@0.05 086.33%, err@0.10 072.04%, err@0.20 039.75%, maxae 0.733
  [diag] log10|dL/dh_t| hist bins=60 range=(-12.50,-11.50) mean=-12.00 p50=-12.00 p05=-12.00 p95=-12.00
  [diag] sat-dist hist bins=60 sat<0.05=0.0% mean=0.994 p10=0.994 p90=0.995
  [diag] z-gate sat-dist hist bins=60 mean=0.119 p10=0.119 p90=0.119
  [diag] r-gate sat-dist hist bins=60 mean=0.499 p10=0.499 p90=0.499
Iter 0008640: train nll 0.057, valid error 039.410%, best valid error 024.250%, avg grad norm   0.090, avg grad norm (post clip)   0.000, rho_Whh  0.08, Omega  0.00, alpha  0.000, steps in the past 0.000, valid nll 0.048, valid mae 0.180, err@0.05 086.27%, err@0.10 071.85%, err@0.20 039.41%, maxae 0.735
  [diag] log10|dL/dh_t| hist bins=60 range=(-12.50,-11.50) mean=-12.00 p50=-12.00 p05=-12.00 p95=-12.00
  [diag] sat-dist hist bins=60 sat<0.05=0.0% mean=0.994 p10=0.994 p90=0.995
  [diag] z-gate sat-dist hist bins=60 mean=0.119 p10=0.119 p90=0.119
  [diag] r-gate sat-dist hist bins=60 mean=0.499 p10=0.499 p90=0.499
Iter 0008660: train nll 0.054, valid error 040.650%, best valid error 024.250%, avg grad norm   0.107, avg grad norm (post clip)   0.000, rho_Whh  0.08, Omega  0.00, alpha  0.000, steps in the past 0.000, valid nll 0.048, valid mae 0.181, err@0.05 086.51%, err@0.10 072.26%, err@0.20 040.65%, maxae 0.729
  [diag] log10|dL/dh_t| hist bins=60 range=(-12.50,-11.50) mean=-12.00 p50=-12.00 p05=-12.00 p95=-12.00
  [diag] sat-dist hist bins=60 sat<0.05=0.0% mean=0.995 p10=0.994 p90=0.995
  [diag] z-gate sat-dist hist bins=60 mean=0.119 p10=0.119 p90=0.119
  [diag] r-gate sat-dist hist bins=60 mean=0.499 p10=0.499 p90=0.499
Iter 0008680: train nll 0.045, valid error 038.980%, best valid error 024.250%, avg grad norm   0.077, avg grad norm (post clip)   0.000, rho_Whh  0.08, Omega  0.00, alpha  0.000, steps in the past 0.000, valid nll 0.048, valid mae 0.179, err@0.05 086.12%, err@0.10 071.63%, err@0.20 038.98%, maxae 0.737
  [diag] log10|dL/dh_t| hist bins=60 range=(-12.50,-11.50) mean=-12.00 p50=-12.00 p05=-12.00 p95=-12.00
  [diag] sat-dist hist bins=60 sat<0.05=0.0% mean=0.994 p10=0.994 p90=0.995
  [diag] z-gate sat-dist hist bins=60 mean=0.119 p10=0.119 p90=0.119
  [diag] r-gate sat-dist hist bins=60 mean=0.499 p10=0.499 p90=0.499
Iter 0008700: train nll 0.053, valid error 039.660%, best valid error 024.250%, avg grad norm   0.083, avg grad norm (post clip)   0.000, rho_Whh  0.08, Omega  0.00, alpha  0.000, steps in the past 0.000, valid nll 0.048, valid mae 0.180, err@0.05 086.36%, err@0.10 071.96%, err@0.20 039.66%, maxae 0.734
  [diag] log10|dL/dh_t| hist bins=60 range=(-12.50,-11.50) mean=-12.00 p50=-12.00 p05=-12.00 p95=-12.00
  [diag] sat-dist hist bins=60 sat<0.05=0.0% mean=0.995 p10=0.994 p90=0.995
  [diag] z-gate sat-dist hist bins=60 mean=0.119 p10=0.119 p90=0.119
  [diag] r-gate sat-dist hist bins=60 mean=0.499 p10=0.499 p90=0.499
Iter 0008720: train nll 0.052, valid error 039.080%, best valid error 024.250%, avg grad norm   0.064, avg grad norm (post clip)   0.000, rho_Whh  0.08, Omega  0.00, alpha  0.000, steps in the past 0.000, valid nll 0.048, valid mae 0.179, err@0.05 086.21%, err@0.10 071.69%, err@0.20 039.08%, maxae 0.736
  [diag] log10|dL/dh_t| hist bins=60 range=(-12.50,-11.50) mean=-12.00 p50=-12.00 p05=-12.00 p95=-12.00
  [diag] sat-dist hist bins=60 sat<0.05=0.0% mean=0.995 p10=0.994 p90=0.995
  [diag] z-gate sat-dist hist bins=60 mean=0.119 p10=0.119 p90=0.119
  [diag] r-gate sat-dist hist bins=60 mean=0.499 p10=0.499 p90=0.499
Iter 0008740: train nll 0.048, valid error 038.750%, best valid error 024.250%, avg grad norm   0.076, avg grad norm (post clip)   0.000, rho_Whh  0.08, Omega  0.00, alpha  0.000, steps in the past 0.000, valid nll 0.048, valid mae 0.179, err@0.05 086.02%, err@0.10 071.55%, err@0.20 038.75%, maxae 0.738
  [diag] log10|dL/dh_t| hist bins=60 range=(-12.50,-11.50) mean=-12.00 p50=-12.00 p05=-12.00 p95=-12.00
  [diag] sat-dist hist bins=60 sat<0.05=0.0% mean=0.995 p10=0.994 p90=0.995
  [diag] z-gate sat-dist hist bins=60 mean=0.119 p10=0.119 p90=0.119
  [diag] r-gate sat-dist hist bins=60 mean=0.499 p10=0.499 p90=0.499
Iter 0008760: train nll 0.046, valid error 038.710%, best valid error 024.250%, avg grad norm   0.072, avg grad norm (post clip)   0.000, rho_Whh  0.08, Omega  0.00, alpha  0.000, steps in the past 0.000, valid nll 0.048, valid mae 0.179, err@0.05 086.00%, err@0.10 071.61%, err@0.20 038.71%, maxae 0.738
  [diag] log10|dL/dh_t| hist bins=60 range=(-12.50,-11.50) mean=-12.00 p50=-12.00 p05=-12.00 p95=-12.00
  [diag] sat-dist hist bins=60 sat<0.05=0.0% mean=0.995 p10=0.994 p90=0.995
  [diag] z-gate sat-dist hist bins=60 mean=0.119 p10=0.119 p90=0.119
  [diag] r-gate sat-dist hist bins=60 mean=0.499 p10=0.499 p90=0.499
Iter 0008780: train nll 0.048, valid error 037.900%, best valid error 024.250%, avg grad norm   0.093, avg grad norm (post clip)   0.000, rho_Whh  0.08, Omega  0.00, alpha  0.000, steps in the past 0.000, valid nll 0.048, valid mae 0.178, err@0.05 085.90%, err@0.10 071.39%, err@0.20 037.90%, maxae 0.742
  [diag] log10|dL/dh_t| hist bins=60 range=(-12.50,-11.50) mean=-12.00 p50=-12.00 p05=-12.00 p95=-12.00
  [diag] sat-dist hist bins=60 sat<0.05=0.0% mean=0.995 p10=0.994 p90=0.995
  [diag] z-gate sat-dist hist bins=60 mean=0.119 p10=0.119 p90=0.119
  [diag] r-gate sat-dist hist bins=60 mean=0.499 p10=0.499 p90=0.499
Iter 0008800: train nll 0.050, valid error 038.390%, best valid error 024.250%, avg grad norm   0.049, avg grad norm (post clip)   0.000, rho_Whh  0.08, Omega  0.00, alpha  0.000, steps in the past 0.000, valid nll 0.048, valid mae 0.179, err@0.05 085.88%, err@0.10 071.52%, err@0.20 038.39%, maxae 0.740
  [diag] log10|dL/dh_t| hist bins=60 range=(-12.50,-11.50) mean=-12.00 p50=-12.00 p05=-12.00 p95=-12.00
  [diag] sat-dist hist bins=60 sat<0.05=0.0% mean=0.995 p10=0.994 p90=0.995
  [diag] z-gate sat-dist hist bins=60 mean=0.119 p10=0.119 p90=0.119
  [diag] r-gate sat-dist hist bins=60 mean=0.499 p10=0.499 p90=0.499
Iter 0008820: train nll 0.048, valid error 038.060%, best valid error 024.250%, avg grad norm   0.076, avg grad norm (post clip)   0.000, rho_Whh  0.08, Omega  0.00, alpha  0.000, steps in the past 0.000, valid nll 0.048, valid mae 0.178, err@0.05 085.90%, err@0.10 071.51%, err@0.20 038.06%, maxae 0.741
  [diag] log10|dL/dh_t| hist bins=60 range=(-12.50,-11.50) mean=-12.00 p50=-12.00 p05=-12.00 p95=-12.00
  [diag] sat-dist hist bins=60 sat<0.05=0.0% mean=0.995 p10=0.994 p90=0.995
  [diag] z-gate sat-dist hist bins=60 mean=0.119 p10=0.119 p90=0.119
  [diag] r-gate sat-dist hist bins=60 mean=0.499 p10=0.499 p90=0.499
Iter 0008840: train nll 0.043, valid error 037.050%, best valid error 024.250%, avg grad norm   0.061, avg grad norm (post clip)   0.000, rho_Whh  0.08, Omega  0.00, alpha  0.000, steps in the past 0.000, valid nll 0.048, valid mae 0.178, err@0.05 085.79%, err@0.10 071.00%, err@0.20 037.05%, maxae 0.746
  [diag] log10|dL/dh_t| hist bins=60 range=(-12.50,-11.50) mean=-12.00 p50=-12.00 p05=-12.00 p95=-12.00
  [diag] sat-dist hist bins=60 sat<0.05=0.0% mean=0.995 p10=0.994 p90=0.995
  [diag] z-gate sat-dist hist bins=60 mean=0.119 p10=0.119 p90=0.119
  [diag] r-gate sat-dist hist bins=60 mean=0.499 p10=0.499 p90=0.499
Iter 0008860: train nll 0.052, valid error 038.430%, best valid error 024.250%, avg grad norm   0.087, avg grad norm (post clip)   0.000, rho_Whh  0.08, Omega  0.00, alpha  0.000, steps in the past 0.000, valid nll 0.048, valid mae 0.179, err@0.05 085.98%, err@0.10 071.57%, err@0.20 038.43%, maxae 0.739
  [diag] log10|dL/dh_t| hist bins=60 range=(-12.50,-11.50) mean=-12.00 p50=-12.00 p05=-12.00 p95=-12.00
  [diag] sat-dist hist bins=60 sat<0.05=0.0% mean=0.995 p10=0.994 p90=0.995
  [diag] z-gate sat-dist hist bins=60 mean=0.119 p10=0.119 p90=0.119
  [diag] r-gate sat-dist hist bins=60 mean=0.499 p10=0.499 p90=0.499
Iter 0008880: train nll 0.048, valid error 038.030%, best valid error 024.250%, avg grad norm   0.070, avg grad norm (post clip)   0.000, rho_Whh  0.08, Omega  0.00, alpha  0.000, steps in the past 0.000, valid nll 0.048, valid mae 0.178, err@0.05 085.89%, err@0.10 071.49%, err@0.20 038.03%, maxae 0.741
  [diag] log10|dL/dh_t| hist bins=60 range=(-12.50,-11.50) mean=-12.00 p50=-12.00 p05=-12.00 p95=-12.00
  [diag] sat-dist hist bins=60 sat<0.05=0.0% mean=0.995 p10=0.994 p90=0.995
  [diag] z-gate sat-dist hist bins=60 mean=0.119 p10=0.119 p90=0.119
  [diag] r-gate sat-dist hist bins=60 mean=0.499 p10=0.499 p90=0.499
Iter 0008900: train nll 0.048, valid error 037.720%, best valid error 024.250%, avg grad norm   0.077, avg grad norm (post clip)   0.000, rho_Whh  0.08, Omega  0.00, alpha  0.000, steps in the past 0.000, valid nll 0.048, valid mae 0.178, err@0.05 085.92%, err@0.10 071.21%, err@0.20 037.72%, maxae 0.743
  [diag] log10|dL/dh_t| hist bins=60 range=(-12.50,-11.50) mean=-12.00 p50=-12.00 p05=-12.00 p95=-12.00
  [diag] sat-dist hist bins=60 sat<0.05=0.0% mean=0.995 p10=0.994 p90=0.995
  [diag] z-gate sat-dist hist bins=60 mean=0.119 p10=0.119 p90=0.119
  [diag] r-gate sat-dist hist bins=60 mean=0.499 p10=0.499 p90=0.499
Iter 0008920: train nll 0.056, valid error 038.420%, best valid error 024.250%, avg grad norm   0.080, avg grad norm (post clip)   0.000, rho_Whh  0.08, Omega  0.00, alpha  0.000, steps in the past 0.000, valid nll 0.048, valid mae 0.179, err@0.05 085.96%, err@0.10 071.56%, err@0.20 038.42%, maxae 0.739
  [diag] log10|dL/dh_t| hist bins=60 range=(-12.50,-11.50) mean=-12.00 p50=-12.00 p05=-12.00 p95=-12.00
  [diag] sat-dist hist bins=60 sat<0.05=0.0% mean=0.995 p10=0.994 p90=0.995
  [diag] z-gate sat-dist hist bins=60 mean=0.119 p10=0.119 p90=0.119
  [diag] r-gate sat-dist hist bins=60 mean=0.499 p10=0.499 p90=0.499
Iter 0008940: train nll 0.045, valid error 038.470%, best valid error 024.250%, avg grad norm   0.100, avg grad norm (post clip)   0.000, rho_Whh  0.08, Omega  0.00, alpha  0.000, steps in the past 0.000, valid nll 0.048, valid mae 0.179, err@0.05 085.99%, err@0.10 071.61%, err@0.20 038.47%, maxae 0.739
  [diag] log10|dL/dh_t| hist bins=60 range=(-12.50,-11.50) mean=-12.00 p50=-12.00 p05=-12.00 p95=-12.00
  [diag] sat-dist hist bins=60 sat<0.05=0.0% mean=0.995 p10=0.994 p90=0.995
  [diag] z-gate sat-dist hist bins=60 mean=0.119 p10=0.119 p90=0.119
  [diag] r-gate sat-dist hist bins=60 mean=0.499 p10=0.499 p90=0.499
Iter 0008960: train nll 0.047, valid error 038.990%, best valid error 024.250%, avg grad norm   0.077, avg grad norm (post clip)   0.000, rho_Whh  0.08, Omega  0.00, alpha  0.000, steps in the past 0.000, valid nll 0.048, valid mae 0.179, err@0.05 086.16%, err@0.10 071.64%, err@0.20 038.99%, maxae 0.737
  [diag] log10|dL/dh_t| hist bins=60 range=(-12.50,-11.50) mean=-12.00 p50=-12.00 p05=-12.00 p95=-12.00
  [diag] sat-dist hist bins=60 sat<0.05=0.0% mean=0.994 p10=0.994 p90=0.995
  [diag] z-gate sat-dist hist bins=60 mean=0.119 p10=0.119 p90=0.119
  [diag] r-gate sat-dist hist bins=60 mean=0.499 p10=0.499 p90=0.499
Iter 0008980: train nll 0.054, valid error 039.740%, best valid error 024.250%, avg grad norm   0.099, avg grad norm (post clip)   0.000, rho_Whh  0.08, Omega  0.00, alpha  0.000, steps in the past 0.000, valid nll 0.048, valid mae 0.180, err@0.05 086.31%, err@0.10 072.03%, err@0.20 039.74%, maxae 0.733
  [diag] log10|dL/dh_t| hist bins=60 range=(-12.50,-11.50) mean=-12.00 p50=-12.00 p05=-12.00 p95=-12.00
  [diag] sat-dist hist bins=60 sat<0.05=0.0% mean=0.995 p10=0.994 p90=0.995
  [diag] z-gate sat-dist hist bins=60 mean=0.119 p10=0.119 p90=0.119
  [diag] r-gate sat-dist hist bins=60 mean=0.499 p10=0.499 p90=0.499
Iter 0009000: train nll 0.046, valid error 039.040%, best valid error 024.250%, avg grad norm   0.077, avg grad norm (post clip)   0.000, rho_Whh  0.08, Omega  0.00, alpha  0.000, steps in the past 0.000, valid nll 0.048, valid mae 0.179, err@0.05 086.19%, err@0.10 071.66%, err@0.20 039.04%, maxae 0.737
  [diag] log10|dL/dh_t| hist bins=60 range=(-12.50,-11.50) mean=-12.00 p50=-12.00 p05=-12.00 p95=-12.00
  [diag] sat-dist hist bins=60 sat<0.05=0.0% mean=0.994 p10=0.994 p90=0.995
  [diag] z-gate sat-dist hist bins=60 mean=0.119 p10=0.119 p90=0.119
  [diag] r-gate sat-dist hist bins=60 mean=0.499 p10=0.499 p90=0.499
Iter 0009020: train nll 0.048, valid error 039.720%, best valid error 024.250%, avg grad norm   0.074, avg grad norm (post clip)   0.000, rho_Whh  0.08, Omega  0.00, alpha  0.000, steps in the past 0.000, valid nll 0.048, valid mae 0.180, err@0.05 086.32%, err@0.10 072.00%, err@0.20 039.72%, maxae 0.733
  [diag] log10|dL/dh_t| hist bins=60 range=(-12.50,-11.50) mean=-12.00 p50=-12.00 p05=-12.00 p95=-12.00
  [diag] sat-dist hist bins=60 sat<0.05=0.0% mean=0.994 p10=0.994 p90=0.995
  [diag] z-gate sat-dist hist bins=60 mean=0.119 p10=0.119 p90=0.119
  [diag] r-gate sat-dist hist bins=60 mean=0.499 p10=0.499 p90=0.499
Iter 0009040: train nll 0.049, valid error 040.370%, best valid error 024.250%, avg grad norm   0.063, avg grad norm (post clip)   0.000, rho_Whh  0.08, Omega  0.00, alpha  0.000, steps in the past 0.000, valid nll 0.048, valid mae 0.181, err@0.05 086.40%, err@0.10 072.16%, err@0.20 040.37%, maxae 0.730
  [diag] log10|dL/dh_t| hist bins=60 range=(-12.50,-11.50) mean=-12.00 p50=-12.00 p05=-12.00 p95=-12.00
  [diag] sat-dist hist bins=60 sat<0.05=0.0% mean=0.995 p10=0.994 p90=0.995
  [diag] z-gate sat-dist hist bins=60 mean=0.119 p10=0.119 p90=0.119
  [diag] r-gate sat-dist hist bins=60 mean=0.499 p10=0.499 p90=0.499
Iter 0009060: train nll 0.047, valid error 038.980%, best valid error 024.250%, avg grad norm   0.088, avg grad norm (post clip)   0.000, rho_Whh  0.08, Omega  0.00, alpha  0.000, steps in the past 0.000, valid nll 0.048, valid mae 0.179, err@0.05 086.16%, err@0.10 071.62%, err@0.20 038.98%, maxae 0.737
  [diag] log10|dL/dh_t| hist bins=60 range=(-12.50,-11.50) mean=-12.00 p50=-12.00 p05=-12.00 p95=-12.00
  [diag] sat-dist hist bins=60 sat<0.05=0.0% mean=0.994 p10=0.994 p90=0.995
  [diag] z-gate sat-dist hist bins=60 mean=0.119 p10=0.119 p90=0.119
  [diag] r-gate sat-dist hist bins=60 mean=0.499 p10=0.499 p90=0.499
Iter 0009080: train nll 0.052, valid error 039.660%, best valid error 024.250%, avg grad norm   0.064, avg grad norm (post clip)   0.000, rho_Whh  0.08, Omega  0.00, alpha  0.000, steps in the past 0.000, valid nll 0.048, valid mae 0.180, err@0.05 086.35%, err@0.10 071.96%, err@0.20 039.66%, maxae 0.734
  [diag] log10|dL/dh_t| hist bins=60 range=(-12.50,-11.50) mean=-12.00 p50=-12.00 p05=-12.00 p95=-12.00
  [diag] sat-dist hist bins=60 sat<0.05=0.0% mean=0.994 p10=0.994 p90=0.995
  [diag] z-gate sat-dist hist bins=60 mean=0.119 p10=0.119 p90=0.119
  [diag] r-gate sat-dist hist bins=60 mean=0.499 p10=0.499 p90=0.499
Iter 0009100: train nll 0.048, valid error 039.480%, best valid error 024.250%, avg grad norm   0.082, avg grad norm (post clip)   0.000, rho_Whh  0.08, Omega  0.00, alpha  0.000, steps in the past 0.000, valid nll 0.048, valid mae 0.180, err@0.05 086.33%, err@0.10 071.91%, err@0.20 039.48%, maxae 0.734
  [diag] log10|dL/dh_t| hist bins=60 range=(-12.50,-11.50) mean=-12.00 p50=-12.00 p05=-12.00 p95=-12.00
  [diag] sat-dist hist bins=60 sat<0.05=0.0% mean=0.994 p10=0.994 p90=0.995
  [diag] z-gate sat-dist hist bins=60 mean=0.119 p10=0.119 p90=0.119
  [diag] r-gate sat-dist hist bins=60 mean=0.499 p10=0.499 p90=0.499
Iter 0009120: train nll 0.048, valid error 039.370%, best valid error 024.250%, avg grad norm   0.063, avg grad norm (post clip)   0.000, rho_Whh  0.08, Omega  0.00, alpha  0.000, steps in the past 0.000, valid nll 0.048, valid mae 0.180, err@0.05 086.28%, err@0.10 071.87%, err@0.20 039.37%, maxae 0.735
  [diag] log10|dL/dh_t| hist bins=60 range=(-12.50,-11.50) mean=-12.00 p50=-12.00 p05=-12.00 p95=-12.00
  [diag] sat-dist hist bins=60 sat<0.05=0.0% mean=0.994 p10=0.994 p90=0.995
  [diag] z-gate sat-dist hist bins=60 mean=0.119 p10=0.119 p90=0.119
  [diag] r-gate sat-dist hist bins=60 mean=0.499 p10=0.499 p90=0.499
Iter 0009140: train nll 0.053, valid error 040.310%, best valid error 024.250%, avg grad norm   0.073, avg grad norm (post clip)   0.000, rho_Whh  0.08, Omega  0.00, alpha  0.000, steps in the past 0.000, valid nll 0.048, valid mae 0.181, err@0.05 086.38%, err@0.10 072.11%, err@0.20 040.31%, maxae 0.731
  [diag] log10|dL/dh_t| hist bins=60 range=(-12.50,-11.50) mean=-12.00 p50=-12.00 p05=-12.00 p95=-12.00
  [diag] sat-dist hist bins=60 sat<0.05=0.0% mean=0.994 p10=0.994 p90=0.995
  [diag] z-gate sat-dist hist bins=60 mean=0.119 p10=0.119 p90=0.119
  [diag] r-gate sat-dist hist bins=60 mean=0.499 p10=0.499 p90=0.499
Iter 0009160: train nll 0.048, valid error 039.370%, best valid error 024.250%, avg grad norm   0.077, avg grad norm (post clip)   0.000, rho_Whh  0.08, Omega  0.00, alpha  0.000, steps in the past 0.000, valid nll 0.048, valid mae 0.180, err@0.05 086.28%, err@0.10 071.87%, err@0.20 039.37%, maxae 0.735
  [diag] log10|dL/dh_t| hist bins=60 range=(-12.50,-11.50) mean=-12.00 p50=-12.00 p05=-12.00 p95=-12.00
  [diag] sat-dist hist bins=60 sat<0.05=0.0% mean=0.994 p10=0.994 p90=0.995
  [diag] z-gate sat-dist hist bins=60 mean=0.119 p10=0.119 p90=0.119
  [diag] r-gate sat-dist hist bins=60 mean=0.499 p10=0.499 p90=0.499
Iter 0009180: train nll 0.046, valid error 039.490%, best valid error 024.250%, avg grad norm   0.074, avg grad norm (post clip)   0.000, rho_Whh  0.08, Omega  0.00, alpha  0.000, steps in the past 0.000, valid nll 0.048, valid mae 0.180, err@0.05 086.30%, err@0.10 071.94%, err@0.20 039.49%, maxae 0.734
  [diag] log10|dL/dh_t| hist bins=60 range=(-12.50,-11.50) mean=-12.00 p50=-12.00 p05=-12.00 p95=-12.00
  [diag] sat-dist hist bins=60 sat<0.05=0.0% mean=0.994 p10=0.994 p90=0.995
  [diag] z-gate sat-dist hist bins=60 mean=0.119 p10=0.119 p90=0.119
  [diag] r-gate sat-dist hist bins=60 mean=0.499 p10=0.499 p90=0.499
Iter 0009200: train nll 0.057, valid error 040.220%, best valid error 024.250%, avg grad norm   0.081, avg grad norm (post clip)   0.000, rho_Whh  0.08, Omega  0.00, alpha  0.000, steps in the past 0.000, valid nll 0.048, valid mae 0.180, err@0.05 086.33%, err@0.10 072.10%, err@0.20 040.22%, maxae 0.731
  [diag] log10|dL/dh_t| hist bins=60 range=(-12.50,-11.50) mean=-12.00 p50=-12.00 p05=-12.00 p95=-12.00
  [diag] sat-dist hist bins=60 sat<0.05=0.0% mean=0.994 p10=0.994 p90=0.995
  [diag] z-gate sat-dist hist bins=60 mean=0.119 p10=0.119 p90=0.119
  [diag] r-gate sat-dist hist bins=60 mean=0.499 p10=0.499 p90=0.499
Iter 0009220: train nll 0.050, valid error 039.610%, best valid error 024.250%, avg grad norm   0.100, avg grad norm (post clip)   0.000, rho_Whh  0.08, Omega  0.00, alpha  0.000, steps in the past 0.000, valid nll 0.048, valid mae 0.180, err@0.05 086.33%, err@0.10 071.94%, err@0.20 039.61%, maxae 0.734
  [diag] log10|dL/dh_t| hist bins=60 range=(-12.50,-11.50) mean=-12.00 p50=-12.00 p05=-12.00 p95=-12.00
  [diag] sat-dist hist bins=60 sat<0.05=0.0% mean=0.994 p10=0.994 p90=0.995
  [diag] z-gate sat-dist hist bins=60 mean=0.119 p10=0.119 p90=0.119
  [diag] r-gate sat-dist hist bins=60 mean=0.499 p10=0.499 p90=0.499
Iter 0009240: train nll 0.050, valid error 039.840%, best valid error 024.250%, avg grad norm   0.074, avg grad norm (post clip)   0.000, rho_Whh  0.08, Omega  0.00, alpha  0.000, steps in the past 0.000, valid nll 0.048, valid mae 0.180, err@0.05 086.33%, err@0.10 072.09%, err@0.20 039.84%, maxae 0.733
  [diag] log10|dL/dh_t| hist bins=60 range=(-12.50,-11.50) mean=-12.00 p50=-12.00 p05=-12.00 p95=-12.00
  [diag] sat-dist hist bins=60 sat<0.05=0.0% mean=0.995 p10=0.994 p90=0.995
  [diag] z-gate sat-dist hist bins=60 mean=0.119 p10=0.119 p90=0.119
  [diag] r-gate sat-dist hist bins=60 mean=0.499 p10=0.499 p90=0.499
Iter 0009260: train nll 0.047, valid error 037.310%, best valid error 024.250%, avg grad norm   0.082, avg grad norm (post clip)   0.000, rho_Whh  0.08, Omega  0.00, alpha  0.000, steps in the past 0.000, valid nll 0.048, valid mae 0.178, err@0.05 085.81%, err@0.10 071.08%, err@0.20 037.31%, maxae 0.745
  [diag] log10|dL/dh_t| hist bins=60 range=(-12.50,-11.50) mean=-12.00 p50=-12.00 p05=-12.00 p95=-12.00
  [diag] sat-dist hist bins=60 sat<0.05=0.0% mean=0.995 p10=0.994 p90=0.995
  [diag] z-gate sat-dist hist bins=60 mean=0.119 p10=0.119 p90=0.119
  [diag] r-gate sat-dist hist bins=60 mean=0.499 p10=0.499 p90=0.499
Iter 0009280: train nll 0.053, valid error 037.600%, best valid error 024.250%, avg grad norm   0.094, avg grad norm (post clip)   0.000, rho_Whh  0.08, Omega  0.00, alpha  0.000, steps in the past 0.000, valid nll 0.048, valid mae 0.178, err@0.05 085.93%, err@0.10 071.18%, err@0.20 037.60%, maxae 0.744
  [diag] log10|dL/dh_t| hist bins=60 range=(-12.50,-11.50) mean=-12.00 p50=-12.00 p05=-12.00 p95=-12.00
  [diag] sat-dist hist bins=60 sat<0.05=0.0% mean=0.995 p10=0.994 p90=0.995
  [diag] z-gate sat-dist hist bins=60 mean=0.119 p10=0.119 p90=0.119
  [diag] r-gate sat-dist hist bins=60 mean=0.499 p10=0.499 p90=0.499
Iter 0009300: train nll 0.047, valid error 037.560%, best valid error 024.250%, avg grad norm   0.076, avg grad norm (post clip)   0.000, rho_Whh  0.08, Omega  0.00, alpha  0.000, steps in the past 0.000, valid nll 0.048, valid mae 0.178, err@0.05 085.91%, err@0.10 071.18%, err@0.20 037.56%, maxae 0.744
  [diag] log10|dL/dh_t| hist bins=60 range=(-12.50,-11.50) mean=-12.00 p50=-12.00 p05=-12.00 p95=-12.00
  [diag] sat-dist hist bins=60 sat<0.05=0.0% mean=0.995 p10=0.994 p90=0.995
  [diag] z-gate sat-dist hist bins=60 mean=0.119 p10=0.119 p90=0.119
  [diag] r-gate sat-dist hist bins=60 mean=0.499 p10=0.499 p90=0.499
Iter 0009320: train nll 0.048, valid error 037.630%, best valid error 024.250%, avg grad norm   0.082, avg grad norm (post clip)   0.000, rho_Whh  0.08, Omega  0.00, alpha  0.000, steps in the past 0.000, valid nll 0.048, valid mae 0.178, err@0.05 085.95%, err@0.10 071.16%, err@0.20 037.63%, maxae 0.743
  [diag] log10|dL/dh_t| hist bins=60 range=(-12.50,-11.50) mean=-12.00 p50=-12.00 p05=-12.00 p95=-12.00
  [diag] sat-dist hist bins=60 sat<0.05=0.0% mean=0.995 p10=0.994 p90=0.995
  [diag] z-gate sat-dist hist bins=60 mean=0.119 p10=0.119 p90=0.119
  [diag] r-gate sat-dist hist bins=60 mean=0.499 p10=0.499 p90=0.499
Iter 0009340: train nll 0.044, valid error 037.390%, best valid error 024.250%, avg grad norm   0.071, avg grad norm (post clip)   0.000, rho_Whh  0.08, Omega  0.00, alpha  0.000, steps in the past 0.000, valid nll 0.048, valid mae 0.178, err@0.05 085.88%, err@0.10 071.14%, err@0.20 037.39%, maxae 0.744
  [diag] log10|dL/dh_t| hist bins=60 range=(-12.50,-11.50) mean=-12.00 p50=-12.00 p05=-12.00 p95=-12.00
  [diag] sat-dist hist bins=60 sat<0.05=0.0% mean=0.995 p10=0.994 p90=0.995
  [diag] z-gate sat-dist hist bins=60 mean=0.119 p10=0.119 p90=0.119
  [diag] r-gate sat-dist hist bins=60 mean=0.499 p10=0.499 p90=0.499
Iter 0009360: train nll 0.054, valid error 038.450%, best valid error 024.250%, avg grad norm   0.053, avg grad norm (post clip)   0.000, rho_Whh  0.08, Omega  0.00, alpha  0.000, steps in the past 0.000, valid nll 0.048, valid mae 0.179, err@0.05 085.99%, err@0.10 071.58%, err@0.20 038.45%, maxae 0.739
  [diag] log10|dL/dh_t| hist bins=60 range=(-12.50,-11.50) mean=-12.00 p50=-12.00 p05=-12.00 p95=-12.00
  [diag] sat-dist hist bins=60 sat<0.05=0.0% mean=0.995 p10=0.994 p90=0.995
  [diag] z-gate sat-dist hist bins=60 mean=0.119 p10=0.119 p90=0.119
  [diag] r-gate sat-dist hist bins=60 mean=0.499 p10=0.499 p90=0.499
Iter 0009380: train nll 0.046, valid error 038.880%, best valid error 024.250%, avg grad norm   0.072, avg grad norm (post clip)   0.000, rho_Whh  0.08, Omega  0.00, alpha  0.000, steps in the past 0.000, valid nll 0.048, valid mae 0.179, err@0.05 086.10%, err@0.10 071.65%, err@0.20 038.88%, maxae 0.737
  [diag] log10|dL/dh_t| hist bins=60 range=(-12.50,-11.50) mean=-12.00 p50=-12.00 p05=-12.00 p95=-12.00
  [diag] sat-dist hist bins=60 sat<0.05=0.0% mean=0.995 p10=0.994 p90=0.995
  [diag] z-gate sat-dist hist bins=60 mean=0.119 p10=0.119 p90=0.119
  [diag] r-gate sat-dist hist bins=60 mean=0.499 p10=0.499 p90=0.499
Iter 0009400: train nll 0.041, valid error 037.390%, best valid error 024.250%, avg grad norm   0.067, avg grad norm (post clip)   0.000, rho_Whh  0.08, Omega  0.00, alpha  0.000, steps in the past 0.000, valid nll 0.048, valid mae 0.178, err@0.05 085.88%, err@0.10 071.15%, err@0.20 037.39%, maxae 0.744
  [diag] log10|dL/dh_t| hist bins=60 range=(-12.50,-11.50) mean=-12.00 p50=-12.00 p05=-12.00 p95=-12.00
  [diag] sat-dist hist bins=60 sat<0.05=0.0% mean=0.995 p10=0.994 p90=0.995
  [diag] z-gate sat-dist hist bins=60 mean=0.119 p10=0.119 p90=0.119
  [diag] r-gate sat-dist hist bins=60 mean=0.499 p10=0.499 p90=0.499
Iter 0009420: train nll 0.047, valid error 037.080%, best valid error 024.250%, avg grad norm   0.071, avg grad norm (post clip)   0.000, rho_Whh  0.08, Omega  0.00, alpha  0.000, steps in the past 0.000, valid nll 0.048, valid mae 0.178, err@0.05 085.80%, err@0.10 071.02%, err@0.20 037.08%, maxae 0.746
  [diag] log10|dL/dh_t| hist bins=60 range=(-12.50,-11.50) mean=-12.00 p50=-12.00 p05=-12.00 p95=-12.00
  [diag] sat-dist hist bins=60 sat<0.05=0.0% mean=0.995 p10=0.994 p90=0.995
  [diag] z-gate sat-dist hist bins=60 mean=0.119 p10=0.119 p90=0.119
  [diag] r-gate sat-dist hist bins=60 mean=0.499 p10=0.499 p90=0.499
Iter 0009440: train nll 0.052, valid error 038.070%, best valid error 024.250%, avg grad norm   0.091, avg grad norm (post clip)   0.000, rho_Whh  0.08, Omega  0.00, alpha  0.000, steps in the past 0.000, valid nll 0.048, valid mae 0.178, err@0.05 085.90%, err@0.10 071.50%, err@0.20 038.07%, maxae 0.741
  [diag] log10|dL/dh_t| hist bins=60 range=(-12.50,-11.50) mean=-12.00 p50=-12.00 p05=-12.00 p95=-12.00
  [diag] sat-dist hist bins=60 sat<0.05=0.0% mean=0.995 p10=0.994 p90=0.995
  [diag] z-gate sat-dist hist bins=60 mean=0.119 p10=0.119 p90=0.119
  [diag] r-gate sat-dist hist bins=60 mean=0.499 p10=0.499 p90=0.499
Iter 0009460: train nll 0.047, valid error 037.900%, best valid error 024.250%, avg grad norm   0.069, avg grad norm (post clip)   0.000, rho_Whh  0.08, Omega  0.00, alpha  0.000, steps in the past 0.000, valid nll 0.048, valid mae 0.178, err@0.05 085.91%, err@0.10 071.38%, err@0.20 037.90%, maxae 0.742
  [diag] log10|dL/dh_t| hist bins=60 range=(-12.50,-11.50) mean=-12.00 p50=-12.00 p05=-12.00 p95=-12.00
  [diag] sat-dist hist bins=60 sat<0.05=0.0% mean=0.995 p10=0.994 p90=0.995
  [diag] z-gate sat-dist hist bins=60 mean=0.119 p10=0.119 p90=0.119
  [diag] r-gate sat-dist hist bins=60 mean=0.499 p10=0.499 p90=0.499
Iter 0009480: train nll 0.045, valid error 036.920%, best valid error 024.250%, avg grad norm   0.080, avg grad norm (post clip)   0.000, rho_Whh  0.08, Omega  0.00, alpha  0.000, steps in the past 0.000, valid nll 0.048, valid mae 0.177, err@0.05 085.79%, err@0.10 070.99%, err@0.20 036.92%, maxae 0.746
  [diag] log10|dL/dh_t| hist bins=60 range=(-12.50,-11.50) mean=-12.00 p50=-12.00 p05=-12.00 p95=-12.00
  [diag] sat-dist hist bins=60 sat<0.05=0.0% mean=0.995 p10=0.994 p90=0.995
  [diag] z-gate sat-dist hist bins=60 mean=0.119 p10=0.119 p90=0.119
  [diag] r-gate sat-dist hist bins=60 mean=0.499 p10=0.499 p90=0.499
Iter 0009500: train nll 0.049, valid error 037.280%, best valid error 024.250%, avg grad norm   0.081, avg grad norm (post clip)   0.000, rho_Whh  0.08, Omega  0.00, alpha  0.000, steps in the past 0.000, valid nll 0.048, valid mae 0.178, err@0.05 085.82%, err@0.10 071.07%, err@0.20 037.28%, maxae 0.745
  [diag] log10|dL/dh_t| hist bins=60 range=(-12.50,-11.50) mean=-12.00 p50=-12.00 p05=-12.00 p95=-12.00
  [diag] sat-dist hist bins=60 sat<0.05=0.0% mean=0.995 p10=0.994 p90=0.995
  [diag] z-gate sat-dist hist bins=60 mean=0.119 p10=0.119 p90=0.119
  [diag] r-gate sat-dist hist bins=60 mean=0.499 p10=0.499 p90=0.499
Iter 0009520: train nll 0.047, valid error 036.980%, best valid error 024.250%, avg grad norm   0.062, avg grad norm (post clip)   0.000, rho_Whh  0.08, Omega  0.00, alpha  0.000, steps in the past 0.000, valid nll 0.048, valid mae 0.178, err@0.05 085.81%, err@0.10 071.01%, err@0.20 036.98%, maxae 0.746
  [diag] log10|dL/dh_t| hist bins=60 range=(-12.50,-11.50) mean=-12.00 p50=-12.00 p05=-12.00 p95=-12.00
  [diag] sat-dist hist bins=60 sat<0.05=0.0% mean=0.995 p10=0.994 p90=0.995
  [diag] z-gate sat-dist hist bins=60 mean=0.119 p10=0.119 p90=0.119
  [diag] r-gate sat-dist hist bins=60 mean=0.499 p10=0.499 p90=0.499
Iter 0009540: train nll 0.046, valid error 037.300%, best valid error 024.250%, avg grad norm   0.090, avg grad norm (post clip)   0.000, rho_Whh  0.08, Omega  0.00, alpha  0.000, steps in the past 0.000, valid nll 0.048, valid mae 0.178, err@0.05 085.78%, err@0.10 071.07%, err@0.20 037.30%, maxae 0.745
  [diag] log10|dL/dh_t| hist bins=60 range=(-12.50,-11.50) mean=-12.00 p50=-12.00 p05=-12.00 p95=-12.00
  [diag] sat-dist hist bins=60 sat<0.05=0.0% mean=0.995 p10=0.994 p90=0.995
  [diag] z-gate sat-dist hist bins=60 mean=0.119 p10=0.119 p90=0.119
  [diag] r-gate sat-dist hist bins=60 mean=0.499 p10=0.499 p90=0.499
Iter 0009560: train nll 0.048, valid error 037.180%, best valid error 024.250%, avg grad norm   0.069, avg grad norm (post clip)   0.000, rho_Whh  0.08, Omega  0.00, alpha  0.000, steps in the past 0.000, valid nll 0.048, valid mae 0.178, err@0.05 085.81%, err@0.10 071.02%, err@0.20 037.18%, maxae 0.745
  [diag] log10|dL/dh_t| hist bins=60 range=(-12.50,-11.50) mean=-12.00 p50=-12.00 p05=-12.00 p95=-12.00
  [diag] sat-dist hist bins=60 sat<0.05=0.0% mean=0.995 p10=0.994 p90=0.995
  [diag] z-gate sat-dist hist bins=60 mean=0.119 p10=0.119 p90=0.119
  [diag] r-gate sat-dist hist bins=60 mean=0.499 p10=0.499 p90=0.499
Iter 0009580: train nll 0.056, valid error 038.930%, best valid error 024.250%, avg grad norm   0.093, avg grad norm (post clip)   0.000, rho_Whh  0.08, Omega  0.00, alpha  0.000, steps in the past 0.000, valid nll 0.048, valid mae 0.179, err@0.05 086.12%, err@0.10 071.64%, err@0.20 038.93%, maxae 0.737
  [diag] log10|dL/dh_t| hist bins=60 range=(-12.50,-11.50) mean=-12.00 p50=-12.00 p05=-12.00 p95=-12.00
  [diag] sat-dist hist bins=60 sat<0.05=0.0% mean=0.995 p10=0.994 p90=0.995
  [diag] z-gate sat-dist hist bins=60 mean=0.119 p10=0.119 p90=0.119
  [diag] r-gate sat-dist hist bins=60 mean=0.499 p10=0.499 p90=0.499
Iter 0009600: train nll 0.042, valid error 037.900%, best valid error 024.250%, avg grad norm   0.080, avg grad norm (post clip)   0.000, rho_Whh  0.08, Omega  0.00, alpha  0.000, steps in the past 0.000, valid nll 0.048, valid mae 0.178, err@0.05 085.91%, err@0.10 071.38%, err@0.20 037.90%, maxae 0.742
  [diag] log10|dL/dh_t| hist bins=60 range=(-12.50,-11.50) mean=-12.00 p50=-12.00 p05=-12.00 p95=-12.00
  [diag] sat-dist hist bins=60 sat<0.05=0.0% mean=0.995 p10=0.994 p90=0.995
  [diag] z-gate sat-dist hist bins=60 mean=0.119 p10=0.119 p90=0.119
  [diag] r-gate sat-dist hist bins=60 mean=0.499 p10=0.499 p90=0.499
Iter 0009620: train nll 0.048, valid error 037.620%, best valid error 024.250%, avg grad norm   0.079, avg grad norm (post clip)   0.000, rho_Whh  0.08, Omega  0.00, alpha  0.000, steps in the past 0.000, valid nll 0.048, valid mae 0.178, err@0.05 085.91%, err@0.10 071.17%, err@0.20 037.62%, maxae 0.744
  [diag] log10|dL/dh_t| hist bins=60 range=(-12.50,-11.50) mean=-12.00 p50=-12.00 p05=-12.00 p95=-12.00
  [diag] sat-dist hist bins=60 sat<0.05=0.0% mean=0.995 p10=0.994 p90=0.995
  [diag] z-gate sat-dist hist bins=60 mean=0.119 p10=0.119 p90=0.119
  [diag] r-gate sat-dist hist bins=60 mean=0.499 p10=0.499 p90=0.499
Iter 0009640: train nll 0.040, valid error 036.900%, best valid error 024.250%, avg grad norm   0.085, avg grad norm (post clip)   0.000, rho_Whh  0.08, Omega  0.00, alpha  0.000, steps in the past 0.000, valid nll 0.048, valid mae 0.177, err@0.05 085.78%, err@0.10 070.97%, err@0.20 036.90%, maxae 0.746
  [diag] log10|dL/dh_t| hist bins=60 range=(-12.50,-11.50) mean=-12.00 p50=-12.00 p05=-12.00 p95=-12.00
  [diag] sat-dist hist bins=60 sat<0.05=0.0% mean=0.995 p10=0.994 p90=0.995
  [diag] z-gate sat-dist hist bins=60 mean=0.119 p10=0.119 p90=0.119
  [diag] r-gate sat-dist hist bins=60 mean=0.499 p10=0.499 p90=0.499
Iter 0009660: train nll 0.047, valid error 037.290%, best valid error 024.250%, avg grad norm   0.073, avg grad norm (post clip)   0.000, rho_Whh  0.08, Omega  0.00, alpha  0.000, steps in the past 0.000, valid nll 0.048, valid mae 0.178, err@0.05 085.79%, err@0.10 071.08%, err@0.20 037.29%, maxae 0.745
  [diag] log10|dL/dh_t| hist bins=60 range=(-12.50,-11.50) mean=-12.00 p50=-12.00 p05=-12.00 p95=-12.00
  [diag] sat-dist hist bins=60 sat<0.05=0.0% mean=0.995 p10=0.994 p90=0.995
  [diag] z-gate sat-dist hist bins=60 mean=0.119 p10=0.119 p90=0.119
  [diag] r-gate sat-dist hist bins=60 mean=0.499 p10=0.499 p90=0.499
Iter 0009680: train nll 0.050, valid error 035.820%, best valid error 024.250%, avg grad norm   0.088, avg grad norm (post clip)   0.000, rho_Whh  0.08, Omega  0.00, alpha  0.000, steps in the past 0.000, valid nll 0.048, valid mae 0.177, err@0.05 085.49%, err@0.10 070.61%, err@0.20 035.82%, maxae 0.751
  [diag] log10|dL/dh_t| hist bins=60 range=(-12.50,-11.50) mean=-12.00 p50=-12.00 p05=-12.00 p95=-12.00
  [diag] sat-dist hist bins=60 sat<0.05=0.0% mean=0.995 p10=0.994 p90=0.995
  [diag] z-gate sat-dist hist bins=60 mean=0.119 p10=0.119 p90=0.119
  [diag] r-gate sat-dist hist bins=60 mean=0.499 p10=0.499 p90=0.499
Iter 0009700: train nll 0.044, valid error 036.400%, best valid error 024.250%, avg grad norm   0.068, avg grad norm (post clip)   0.000, rho_Whh  0.08, Omega  0.00, alpha  0.000, steps in the past 0.000, valid nll 0.048, valid mae 0.177, err@0.05 085.72%, err@0.10 070.76%, err@0.20 036.40%, maxae 0.748
  [diag] log10|dL/dh_t| hist bins=60 range=(-12.50,-11.50) mean=-12.00 p50=-12.00 p05=-12.00 p95=-12.00
  [diag] sat-dist hist bins=60 sat<0.05=0.0% mean=0.995 p10=0.994 p90=0.995
  [diag] z-gate sat-dist hist bins=60 mean=0.119 p10=0.119 p90=0.119
  [diag] r-gate sat-dist hist bins=60 mean=0.499 p10=0.499 p90=0.499
Iter 0009720: train nll 0.049, valid error 036.400%, best valid error 024.250%, avg grad norm   0.085, avg grad norm (post clip)   0.000, rho_Whh  0.08, Omega  0.00, alpha  0.000, steps in the past 0.000, valid nll 0.048, valid mae 0.177, err@0.05 085.72%, err@0.10 070.76%, err@0.20 036.40%, maxae 0.748
  [diag] log10|dL/dh_t| hist bins=60 range=(-12.50,-11.50) mean=-12.00 p50=-12.00 p05=-12.00 p95=-12.00
  [diag] sat-dist hist bins=60 sat<0.05=0.0% mean=0.995 p10=0.994 p90=0.995
  [diag] z-gate sat-dist hist bins=60 mean=0.119 p10=0.119 p90=0.119
  [diag] r-gate sat-dist hist bins=60 mean=0.499 p10=0.499 p90=0.499
Iter 0009740: train nll 0.045, valid error 036.760%, best valid error 024.250%, avg grad norm   0.059, avg grad norm (post clip)   0.000, rho_Whh  0.08, Omega  0.00, alpha  0.000, steps in the past 0.000, valid nll 0.048, valid mae 0.177, err@0.05 085.70%, err@0.10 070.93%, err@0.20 036.76%, maxae 0.747
  [diag] log10|dL/dh_t| hist bins=60 range=(-12.50,-11.50) mean=-12.00 p50=-12.00 p05=-12.00 p95=-12.00
  [diag] sat-dist hist bins=60 sat<0.05=0.0% mean=0.995 p10=0.994 p90=0.995
  [diag] z-gate sat-dist hist bins=60 mean=0.119 p10=0.119 p90=0.119
  [diag] r-gate sat-dist hist bins=60 mean=0.499 p10=0.499 p90=0.499
Iter 0009760: train nll 0.049, valid error 037.310%, best valid error 024.250%, avg grad norm   0.053, avg grad norm (post clip)   0.000, rho_Whh  0.08, Omega  0.00, alpha  0.000, steps in the past 0.000, valid nll 0.048, valid mae 0.178, err@0.05 085.82%, err@0.10 071.10%, err@0.20 037.31%, maxae 0.745
  [diag] log10|dL/dh_t| hist bins=60 range=(-12.50,-11.50) mean=-12.00 p50=-12.00 p05=-12.00 p95=-12.00
  [diag] sat-dist hist bins=60 sat<0.05=0.0% mean=0.995 p10=0.994 p90=0.995
  [diag] z-gate sat-dist hist bins=60 mean=0.119 p10=0.119 p90=0.119
  [diag] r-gate sat-dist hist bins=60 mean=0.499 p10=0.499 p90=0.499
Iter 0009780: train nll 0.045, valid error 037.580%, best valid error 024.250%, avg grad norm   0.078, avg grad norm (post clip)   0.000, rho_Whh  0.08, Omega  0.00, alpha  0.000, steps in the past 0.000, valid nll 0.048, valid mae 0.178, err@0.05 085.87%, err@0.10 071.19%, err@0.20 037.58%, maxae 0.744
  [diag] log10|dL/dh_t| hist bins=60 range=(-12.50,-11.50) mean=-12.00 p50=-12.00 p05=-12.00 p95=-12.00
  [diag] sat-dist hist bins=60 sat<0.05=0.0% mean=0.995 p10=0.994 p90=0.995
  [diag] z-gate sat-dist hist bins=60 mean=0.119 p10=0.119 p90=0.119
  [diag] r-gate sat-dist hist bins=60 mean=0.499 p10=0.499 p90=0.499
Iter 0009800: train nll 0.041, valid error 035.210%, best valid error 024.250%, avg grad norm   0.094, avg grad norm (post clip)   0.000, rho_Whh  0.08, Omega  0.00, alpha  0.000, steps in the past 0.000, valid nll 0.048, valid mae 0.176, err@0.05 085.47%, err@0.10 070.31%, err@0.20 035.21%, maxae 0.754
  [diag] log10|dL/dh_t| hist bins=60 range=(-12.50,-11.50) mean=-12.00 p50=-12.00 p05=-12.00 p95=-12.00
  [diag] sat-dist hist bins=60 sat<0.05=0.0% mean=0.995 p10=0.994 p90=0.995
  [diag] z-gate sat-dist hist bins=60 mean=0.119 p10=0.119 p90=0.119
  [diag] r-gate sat-dist hist bins=60 mean=0.499 p10=0.499 p90=0.499
Iter 0009820: train nll 0.050, valid error 036.580%, best valid error 024.250%, avg grad norm   0.092, avg grad norm (post clip)   0.000, rho_Whh  0.08, Omega  0.00, alpha  0.000, steps in the past 0.000, valid nll 0.048, valid mae 0.177, err@0.05 085.68%, err@0.10 070.77%, err@0.20 036.58%, maxae 0.748
  [diag] log10|dL/dh_t| hist bins=60 range=(-12.50,-11.50) mean=-12.00 p50=-12.00 p05=-12.00 p95=-12.00
  [diag] sat-dist hist bins=60 sat<0.05=0.0% mean=0.995 p10=0.994 p90=0.995
  [diag] z-gate sat-dist hist bins=60 mean=0.119 p10=0.119 p90=0.119
  [diag] r-gate sat-dist hist bins=60 mean=0.499 p10=0.499 p90=0.499
Iter 0009840: train nll 0.055, valid error 037.910%, best valid error 024.250%, avg grad norm   0.098, avg grad norm (post clip)   0.000, rho_Whh  0.08, Omega  0.00, alpha  0.000, steps in the past 0.000, valid nll 0.048, valid mae 0.178, err@0.05 085.93%, err@0.10 071.38%, err@0.20 037.91%, maxae 0.742
  [diag] log10|dL/dh_t| hist bins=60 range=(-12.50,-11.50) mean=-12.00 p50=-12.00 p05=-12.00 p95=-12.00
  [diag] sat-dist hist bins=60 sat<0.05=0.0% mean=0.995 p10=0.994 p90=0.995
  [diag] z-gate sat-dist hist bins=60 mean=0.119 p10=0.119 p90=0.119
  [diag] r-gate sat-dist hist bins=60 mean=0.499 p10=0.499 p90=0.499
Iter 0009860: train nll 0.045, valid error 037.900%, best valid error 024.250%, avg grad norm   0.088, avg grad norm (post clip)   0.000, rho_Whh  0.08, Omega  0.00, alpha  0.000, steps in the past 0.000, valid nll 0.048, valid mae 0.178, err@0.05 085.91%, err@0.10 071.38%, err@0.20 037.90%, maxae 0.742
  [diag] log10|dL/dh_t| hist bins=60 range=(-12.50,-11.50) mean=-12.00 p50=-12.00 p05=-12.00 p95=-12.00
  [diag] sat-dist hist bins=60 sat<0.05=0.0% mean=0.995 p10=0.994 p90=0.995
  [diag] z-gate sat-dist hist bins=60 mean=0.119 p10=0.119 p90=0.119
  [diag] r-gate sat-dist hist bins=60 mean=0.499 p10=0.499 p90=0.499
Iter 0009880: train nll 0.048, valid error 037.690%, best valid error 024.250%, avg grad norm   0.058, avg grad norm (post clip)   0.000, rho_Whh  0.08, Omega  0.00, alpha  0.000, steps in the past 0.000, valid nll 0.048, valid mae 0.178, err@0.05 085.92%, err@0.10 071.22%, err@0.20 037.69%, maxae 0.743
  [diag] log10|dL/dh_t| hist bins=60 range=(-12.50,-11.50) mean=-12.00 p50=-12.00 p05=-12.00 p95=-12.00
  [diag] sat-dist hist bins=60 sat<0.05=0.0% mean=0.995 p10=0.994 p90=0.995
  [diag] z-gate sat-dist hist bins=60 mean=0.119 p10=0.119 p90=0.119
  [diag] r-gate sat-dist hist bins=60 mean=0.499 p10=0.499 p90=0.499
Iter 0009900: train nll 0.050, valid error 038.060%, best valid error 024.250%, avg grad norm   0.065, avg grad norm (post clip)   0.000, rho_Whh  0.08, Omega  0.00, alpha  0.000, steps in the past 0.000, valid nll 0.048, valid mae 0.178, err@0.05 085.92%, err@0.10 071.51%, err@0.20 038.06%, maxae 0.741
  [diag] log10|dL/dh_t| hist bins=60 range=(-12.50,-11.50) mean=-12.00 p50=-12.00 p05=-12.00 p95=-12.00
  [diag] sat-dist hist bins=60 sat<0.05=0.0% mean=0.995 p10=0.994 p90=0.995
  [diag] z-gate sat-dist hist bins=60 mean=0.119 p10=0.119 p90=0.119
  [diag] r-gate sat-dist hist bins=60 mean=0.499 p10=0.499 p90=0.499
Iter 0009920: train nll 0.053, valid error 039.380%, best valid error 024.250%, avg grad norm   0.103, avg grad norm (post clip)   0.000, rho_Whh  0.08, Omega  0.00, alpha  0.000, steps in the past 0.000, valid nll 0.048, valid mae 0.180, err@0.05 086.28%, err@0.10 071.80%, err@0.20 039.38%, maxae 0.735
  [diag] log10|dL/dh_t| hist bins=60 range=(-12.50,-11.50) mean=-12.00 p50=-12.00 p05=-12.00 p95=-12.00
  [diag] sat-dist hist bins=60 sat<0.05=0.0% mean=0.994 p10=0.994 p90=0.995
  [diag] z-gate sat-dist hist bins=60 mean=0.119 p10=0.119 p90=0.119
  [diag] r-gate sat-dist hist bins=60 mean=0.499 p10=0.499 p90=0.499
Iter 0009940: train nll 0.052, valid error 039.520%, best valid error 024.250%, avg grad norm   0.069, avg grad norm (post clip)   0.000, rho_Whh  0.08, Omega  0.00, alpha  0.000, steps in the past 0.000, valid nll 0.048, valid mae 0.180, err@0.05 086.31%, err@0.10 071.93%, err@0.20 039.52%, maxae 0.734
  [diag] log10|dL/dh_t| hist bins=60 range=(-12.50,-11.50) mean=-12.00 p50=-12.00 p05=-12.00 p95=-12.00
  [diag] sat-dist hist bins=60 sat<0.05=0.0% mean=0.995 p10=0.994 p90=0.995
  [diag] z-gate sat-dist hist bins=60 mean=0.119 p10=0.119 p90=0.119
  [diag] r-gate sat-dist hist bins=60 mean=0.499 p10=0.499 p90=0.499
Iter 0009960: train nll 0.052, valid error 039.110%, best valid error 024.250%, avg grad norm   0.066, avg grad norm (post clip)   0.000, rho_Whh  0.08, Omega  0.00, alpha  0.000, steps in the past 0.000, valid nll 0.048, valid mae 0.179, err@0.05 086.18%, err@0.10 071.67%, err@0.20 039.11%, maxae 0.736
  [diag] log10|dL/dh_t| hist bins=60 range=(-12.50,-11.50) mean=-12.00 p50=-12.00 p05=-12.00 p95=-12.00
  [diag] sat-dist hist bins=60 sat<0.05=0.0% mean=0.995 p10=0.994 p90=0.995
  [diag] z-gate sat-dist hist bins=60 mean=0.119 p10=0.119 p90=0.119
  [diag] r-gate sat-dist hist bins=60 mean=0.499 p10=0.499 p90=0.499
Iter 0009980: train nll 0.047, valid error 038.830%, best valid error 024.250%, avg grad norm   0.079, avg grad norm (post clip)   0.000, rho_Whh  0.08, Omega  0.00, alpha  0.000, steps in the past 0.000, valid nll 0.048, valid mae 0.179, err@0.05 086.09%, err@0.10 071.66%, err@0.20 038.83%, maxae 0.738
  [diag] log10|dL/dh_t| hist bins=60 range=(-12.50,-11.50) mean=-12.00 p50=-12.00 p05=-12.00 p95=-12.00
  [diag] sat-dist hist bins=60 sat<0.05=0.0% mean=0.994 p10=0.994 p90=0.995
  [diag] z-gate sat-dist hist bins=60 mean=0.119 p10=0.119 p90=0.119
  [diag] r-gate sat-dist hist bins=60 mean=0.499 p10=0.499 p90=0.499
Iter 0010000: train nll 0.055, valid error 039.800%, best valid error 024.250%, avg grad norm   0.094, avg grad norm (post clip)   0.000, rho_Whh  0.08, Omega  0.00, alpha  0.000, steps in the past 0.000, valid nll 0.048, valid mae 0.180, err@0.05 086.32%, err@0.10 072.05%, err@0.20 039.80%, maxae 0.733
  [diag] log10|dL/dh_t| hist bins=60 range=(-12.50,-11.50) mean=-12.00 p50=-12.00 p05=-12.00 p95=-12.00
  [diag] sat-dist hist bins=60 sat<0.05=0.0% mean=0.994 p10=0.994 p90=0.995
  [diag] z-gate sat-dist hist bins=60 mean=0.119 p10=0.119 p90=0.119
  [diag] r-gate sat-dist hist bins=60 mean=0.499 p10=0.499 p90=0.499
Iter 0010020: train nll 0.048, valid error 039.740%, best valid error 024.250%, avg grad norm   0.076, avg grad norm (post clip)   0.000, rho_Whh  0.08, Omega  0.00, alpha  0.000, steps in the past 0.000, valid nll 0.048, valid mae 0.180, err@0.05 086.32%, err@0.10 072.03%, err@0.20 039.74%, maxae 0.733
  [diag] log10|dL/dh_t| hist bins=60 range=(-12.50,-11.50) mean=-12.00 p50=-12.00 p05=-12.00 p95=-12.00
  [diag] sat-dist hist bins=60 sat<0.05=0.0% mean=0.995 p10=0.994 p90=0.995
  [diag] z-gate sat-dist hist bins=60 mean=0.119 p10=0.119 p90=0.119
  [diag] r-gate sat-dist hist bins=60 mean=0.499 p10=0.499 p90=0.499
Iter 0010040: train nll 0.045, valid error 037.970%, best valid error 024.250%, avg grad norm   0.070, avg grad norm (post clip)   0.000, rho_Whh  0.08, Omega  0.00, alpha  0.000, steps in the past 0.000, valid nll 0.048, valid mae 0.178, err@0.05 085.89%, err@0.10 071.38%, err@0.20 037.97%, maxae 0.742
  [diag] log10|dL/dh_t| hist bins=60 range=(-12.50,-11.50) mean=-12.00 p50=-12.00 p05=-12.00 p95=-12.00
  [diag] sat-dist hist bins=60 sat<0.05=0.0% mean=0.995 p10=0.994 p90=0.995
  [diag] z-gate sat-dist hist bins=60 mean=0.119 p10=0.119 p90=0.119
  [diag] r-gate sat-dist hist bins=60 mean=0.499 p10=0.499 p90=0.499
Iter 0010060: train nll 0.051, valid error 038.120%, best valid error 024.250%, avg grad norm   0.070, avg grad norm (post clip)   0.000, rho_Whh  0.08, Omega  0.00, alpha  0.000, steps in the past 0.000, valid nll 0.048, valid mae 0.178, err@0.05 085.92%, err@0.10 071.51%, err@0.20 038.12%, maxae 0.741
  [diag] log10|dL/dh_t| hist bins=60 range=(-12.50,-11.50) mean=-12.00 p50=-12.00 p05=-12.00 p95=-12.00
  [diag] sat-dist hist bins=60 sat<0.05=0.0% mean=0.995 p10=0.994 p90=0.995
  [diag] z-gate sat-dist hist bins=60 mean=0.119 p10=0.119 p90=0.119
  [diag] r-gate sat-dist hist bins=60 mean=0.499 p10=0.499 p90=0.499
Iter 0010080: train nll 0.047, valid error 038.010%, best valid error 024.250%, avg grad norm   0.079, avg grad norm (post clip)   0.000, rho_Whh  0.08, Omega  0.00, alpha  0.000, steps in the past 0.000, valid nll 0.048, valid mae 0.178, err@0.05 085.90%, err@0.10 071.48%, err@0.20 038.01%, maxae 0.741
  [diag] log10|dL/dh_t| hist bins=60 range=(-12.50,-11.50) mean=-12.00 p50=-12.00 p05=-12.00 p95=-12.00
  [diag] sat-dist hist bins=60 sat<0.05=0.0% mean=0.995 p10=0.994 p90=0.995
  [diag] z-gate sat-dist hist bins=60 mean=0.119 p10=0.119 p90=0.119
  [diag] r-gate sat-dist hist bins=60 mean=0.499 p10=0.499 p90=0.499
Iter 0010100: train nll 0.050, valid error 038.860%, best valid error 024.250%, avg grad norm   0.084, avg grad norm (post clip)   0.000, rho_Whh  0.08, Omega  0.00, alpha  0.000, steps in the past 0.000, valid nll 0.048, valid mae 0.179, err@0.05 086.10%, err@0.10 071.66%, err@0.20 038.86%, maxae 0.738
  [diag] log10|dL/dh_t| hist bins=60 range=(-12.50,-11.50) mean=-12.00 p50=-12.00 p05=-12.00 p95=-12.00
  [diag] sat-dist hist bins=60 sat<0.05=0.0% mean=0.994 p10=0.994 p90=0.995
  [diag] z-gate sat-dist hist bins=60 mean=0.119 p10=0.119 p90=0.119
  [diag] r-gate sat-dist hist bins=60 mean=0.499 p10=0.499 p90=0.499
Iter 0010120: train nll 0.054, valid error 039.660%, best valid error 024.250%, avg grad norm   0.103, avg grad norm (post clip)   0.000, rho_Whh  0.08, Omega  0.00, alpha  0.000, steps in the past 0.000, valid nll 0.048, valid mae 0.180, err@0.05 086.36%, err@0.10 071.96%, err@0.20 039.66%, maxae 0.734
  [diag] log10|dL/dh_t| hist bins=60 range=(-12.50,-11.50) mean=-12.00 p50=-12.00 p05=-12.00 p95=-12.00
  [diag] sat-dist hist bins=60 sat<0.05=0.0% mean=0.994 p10=0.994 p90=0.995
  [diag] z-gate sat-dist hist bins=60 mean=0.119 p10=0.119 p90=0.119
  [diag] r-gate sat-dist hist bins=60 mean=0.499 p10=0.499 p90=0.499
Iter 0010140: train nll 0.047, valid error 039.920%, best valid error 024.250%, avg grad norm   0.058, avg grad norm (post clip)   0.000, rho_Whh  0.08, Omega  0.00, alpha  0.000, steps in the past 0.000, valid nll 0.048, valid mae 0.180, err@0.05 086.31%, err@0.10 072.11%, err@0.20 039.92%, maxae 0.732
  [diag] log10|dL/dh_t| hist bins=60 range=(-12.50,-11.50) mean=-12.00 p50=-12.00 p05=-12.00 p95=-12.00
  [diag] sat-dist hist bins=60 sat<0.05=0.0% mean=0.995 p10=0.994 p90=0.995
  [diag] z-gate sat-dist hist bins=60 mean=0.119 p10=0.119 p90=0.119
  [diag] r-gate sat-dist hist bins=60 mean=0.499 p10=0.499 p90=0.499
Iter 0010160: train nll 0.056, valid error 039.170%, best valid error 024.250%, avg grad norm   0.076, avg grad norm (post clip)   0.000, rho_Whh  0.08, Omega  0.00, alpha  0.000, steps in the past 0.000, valid nll 0.048, valid mae 0.179, err@0.05 086.26%, err@0.10 071.70%, err@0.20 039.17%, maxae 0.736
  [diag] log10|dL/dh_t| hist bins=60 range=(-12.50,-11.50) mean=-12.00 p50=-12.00 p05=-12.00 p95=-12.00
  [diag] sat-dist hist bins=60 sat<0.05=0.0% mean=0.995 p10=0.994 p90=0.995
  [diag] z-gate sat-dist hist bins=60 mean=0.119 p10=0.119 p90=0.119
  [diag] r-gate sat-dist hist bins=60 mean=0.499 p10=0.499 p90=0.499
Iter 0010180: train nll 0.047, valid error 037.970%, best valid error 024.250%, avg grad norm   0.080, avg grad norm (post clip)   0.000, rho_Whh  0.08, Omega  0.00, alpha  0.000, steps in the past 0.000, valid nll 0.048, valid mae 0.178, err@0.05 085.89%, err@0.10 071.40%, err@0.20 037.97%, maxae 0.742
  [diag] log10|dL/dh_t| hist bins=60 range=(-12.50,-11.50) mean=-12.00 p50=-12.00 p05=-12.00 p95=-12.00
  [diag] sat-dist hist bins=60 sat<0.05=0.0% mean=0.994 p10=0.994 p90=0.995
  [diag] z-gate sat-dist hist bins=60 mean=0.119 p10=0.119 p90=0.119
  [diag] r-gate sat-dist hist bins=60 mean=0.499 p10=0.499 p90=0.499
Iter 0010200: train nll 0.058, valid error 040.130%, best valid error 024.250%, avg grad norm   0.108, avg grad norm (post clip)   0.000, rho_Whh  0.08, Omega  0.00, alpha  0.000, steps in the past 0.000, valid nll 0.048, valid mae 0.180, err@0.05 086.30%, err@0.10 072.11%, err@0.20 040.13%, maxae 0.732
  [diag] log10|dL/dh_t| hist bins=60 range=(-12.50,-11.50) mean=-12.00 p50=-12.00 p05=-12.00 p95=-12.00
  [diag] sat-dist hist bins=60 sat<0.05=0.0% mean=0.995 p10=0.994 p90=0.995
  [diag] z-gate sat-dist hist bins=60 mean=0.119 p10=0.119 p90=0.119
  [diag] r-gate sat-dist hist bins=60 mean=0.499 p10=0.499 p90=0.499
Iter 0010220: train nll 0.051, valid error 038.860%, best valid error 024.250%, avg grad norm   0.081, avg grad norm (post clip)   0.000, rho_Whh  0.08, Omega  0.00, alpha  0.000, steps in the past 0.000, valid nll 0.048, valid mae 0.179, err@0.05 086.09%, err@0.10 071.65%, err@0.20 038.86%, maxae 0.738
  [diag] log10|dL/dh_t| hist bins=60 range=(-12.50,-11.50) mean=-12.00 p50=-12.00 p05=-12.00 p95=-12.00
  [diag] sat-dist hist bins=60 sat<0.05=0.0% mean=0.994 p10=0.994 p90=0.995
  [diag] z-gate sat-dist hist bins=60 mean=0.119 p10=0.119 p90=0.119
  [diag] r-gate sat-dist hist bins=60 mean=0.499 p10=0.499 p90=0.499
Iter 0010240: train nll 0.050, valid error 039.780%, best valid error 024.250%, avg grad norm   0.086, avg grad norm (post clip)   0.000, rho_Whh  0.08, Omega  0.00, alpha  0.000, steps in the past 0.000, valid nll 0.048, valid mae 0.180, err@0.05 086.33%, err@0.10 072.05%, err@0.20 039.78%, maxae 0.733
  [diag] log10|dL/dh_t| hist bins=60 range=(-12.50,-11.50) mean=-12.00 p50=-12.00 p05=-12.00 p95=-12.00
  [diag] sat-dist hist bins=60 sat<0.05=0.0% mean=0.995 p10=0.994 p90=0.995
  [diag] z-gate sat-dist hist bins=60 mean=0.119 p10=0.119 p90=0.119
  [diag] r-gate sat-dist hist bins=60 mean=0.499 p10=0.499 p90=0.499
Iter 0010260: train nll 0.050, valid error 038.830%, best valid error 024.250%, avg grad norm   0.080, avg grad norm (post clip)   0.000, rho_Whh  0.08, Omega  0.00, alpha  0.000, steps in the past 0.000, valid nll 0.048, valid mae 0.179, err@0.05 086.09%, err@0.10 071.63%, err@0.20 038.83%, maxae 0.738
  [diag] log10|dL/dh_t| hist bins=60 range=(-12.50,-11.50) mean=-12.00 p50=-12.00 p05=-12.00 p95=-12.00
  [diag] sat-dist hist bins=60 sat<0.05=0.0% mean=0.995 p10=0.994 p90=0.995
  [diag] z-gate sat-dist hist bins=60 mean=0.119 p10=0.119 p90=0.119
  [diag] r-gate sat-dist hist bins=60 mean=0.499 p10=0.499 p90=0.499
Iter 0010280: train nll 0.052, valid error 038.780%, best valid error 024.250%, avg grad norm   0.089, avg grad norm (post clip)   0.000, rho_Whh  0.08, Omega  0.00, alpha  0.000, steps in the past 0.000, valid nll 0.048, valid mae 0.179, err@0.05 086.05%, err@0.10 071.59%, err@0.20 038.78%, maxae 0.738
  [diag] log10|dL/dh_t| hist bins=60 range=(-12.50,-11.50) mean=-12.00 p50=-12.00 p05=-12.00 p95=-12.00
  [diag] sat-dist hist bins=60 sat<0.05=0.0% mean=0.995 p10=0.994 p90=0.995
  [diag] z-gate sat-dist hist bins=60 mean=0.119 p10=0.119 p90=0.119
  [diag] r-gate sat-dist hist bins=60 mean=0.499 p10=0.499 p90=0.499
Iter 0010300: train nll 0.048, valid error 038.760%, best valid error 024.250%, avg grad norm   0.096, avg grad norm (post clip)   0.000, rho_Whh  0.08, Omega  0.00, alpha  0.000, steps in the past 0.000, valid nll 0.048, valid mae 0.179, err@0.05 086.04%, err@0.10 071.56%, err@0.20 038.76%, maxae 0.738
  [diag] log10|dL/dh_t| hist bins=60 range=(-12.50,-11.50) mean=-12.00 p50=-12.00 p05=-12.00 p95=-12.00
  [diag] sat-dist hist bins=60 sat<0.05=0.0% mean=0.994 p10=0.994 p90=0.995
  [diag] z-gate sat-dist hist bins=60 mean=0.119 p10=0.119 p90=0.119
  [diag] r-gate sat-dist hist bins=60 mean=0.499 p10=0.499 p90=0.499
Iter 0010320: train nll 0.051, valid error 039.850%, best valid error 024.250%, avg grad norm   0.082, avg grad norm (post clip)   0.000, rho_Whh  0.08, Omega  0.00, alpha  0.000, steps in the past 0.000, valid nll 0.048, valid mae 0.180, err@0.05 086.33%, err@0.10 072.09%, err@0.20 039.85%, maxae 0.733
  [diag] log10|dL/dh_t| hist bins=60 range=(-12.50,-11.50) mean=-12.00 p50=-12.00 p05=-12.00 p95=-12.00
  [diag] sat-dist hist bins=60 sat<0.05=0.0% mean=0.994 p10=0.994 p90=0.995
  [diag] z-gate sat-dist hist bins=60 mean=0.119 p10=0.119 p90=0.119
  [diag] r-gate sat-dist hist bins=60 mean=0.499 p10=0.499 p90=0.499
Iter 0010340: train nll 0.043, valid error 039.920%, best valid error 024.250%, avg grad norm   0.083, avg grad norm (post clip)   0.000, rho_Whh  0.08, Omega  0.00, alpha  0.000, steps in the past 0.000, valid nll 0.048, valid mae 0.180, err@0.05 086.31%, err@0.10 072.11%, err@0.20 039.92%, maxae 0.732
  [diag] log10|dL/dh_t| hist bins=60 range=(-12.50,-11.50) mean=-12.00 p50=-12.00 p05=-12.00 p95=-12.00
  [diag] sat-dist hist bins=60 sat<0.05=0.0% mean=0.994 p10=0.994 p90=0.995
  [diag] z-gate sat-dist hist bins=60 mean=0.119 p10=0.119 p90=0.119
  [diag] r-gate sat-dist hist bins=60 mean=0.499 p10=0.499 p90=0.499
Iter 0010360: train nll 0.049, valid error 039.940%, best valid error 024.250%, avg grad norm   0.062, avg grad norm (post clip)   0.000, rho_Whh  0.08, Omega  0.00, alpha  0.000, steps in the past 0.000, valid nll 0.048, valid mae 0.180, err@0.05 086.26%, err@0.10 072.12%, err@0.20 039.94%, maxae 0.732
  [diag] log10|dL/dh_t| hist bins=60 range=(-12.50,-11.50) mean=-12.00 p50=-12.00 p05=-12.00 p95=-12.00
  [diag] sat-dist hist bins=60 sat<0.05=0.0% mean=0.994 p10=0.994 p90=0.995
  [diag] z-gate sat-dist hist bins=60 mean=0.119 p10=0.119 p90=0.119
  [diag] r-gate sat-dist hist bins=60 mean=0.499 p10=0.499 p90=0.499
Iter 0010380: train nll 0.056, valid error 040.400%, best valid error 024.250%, avg grad norm   0.086, avg grad norm (post clip)   0.000, rho_Whh  0.08, Omega  0.00, alpha  0.000, steps in the past 0.000, valid nll 0.048, valid mae 0.181, err@0.05 086.41%, err@0.10 072.17%, err@0.20 040.40%, maxae 0.730
  [diag] log10|dL/dh_t| hist bins=60 range=(-12.50,-11.50) mean=-12.00 p50=-12.00 p05=-12.00 p95=-12.00
  [diag] sat-dist hist bins=60 sat<0.05=0.0% mean=0.994 p10=0.994 p90=0.995
  [diag] z-gate sat-dist hist bins=60 mean=0.119 p10=0.119 p90=0.119
  [diag] r-gate sat-dist hist bins=60 mean=0.499 p10=0.499 p90=0.499
Iter 0010400: train nll 0.045, valid error 039.340%, best valid error 024.250%, avg grad norm   0.070, avg grad norm (post clip)   0.000, rho_Whh  0.08, Omega  0.00, alpha  0.000, steps in the past 0.000, valid nll 0.048, valid mae 0.180, err@0.05 086.28%, err@0.10 071.77%, err@0.20 039.34%, maxae 0.735
  [diag] log10|dL/dh_t| hist bins=60 range=(-12.50,-11.50) mean=-12.00 p50=-12.00 p05=-12.00 p95=-12.00
  [diag] sat-dist hist bins=60 sat<0.05=0.0% mean=0.995 p10=0.994 p90=0.995
  [diag] z-gate sat-dist hist bins=60 mean=0.119 p10=0.119 p90=0.119
  [diag] r-gate sat-dist hist bins=60 mean=0.499 p10=0.499 p90=0.499
Iter 0010420: train nll 0.047, valid error 037.310%, best valid error 024.250%, avg grad norm   0.086, avg grad norm (post clip)   0.000, rho_Whh  0.08, Omega  0.00, alpha  0.000, steps in the past 0.000, valid nll 0.048, valid mae 0.178, err@0.05 085.82%, err@0.10 071.09%, err@0.20 037.31%, maxae 0.745
  [diag] log10|dL/dh_t| hist bins=60 range=(-12.50,-11.50) mean=-12.00 p50=-12.00 p05=-12.00 p95=-12.00
  [diag] sat-dist hist bins=60 sat<0.05=0.0% mean=0.995 p10=0.994 p90=0.995
  [diag] z-gate sat-dist hist bins=60 mean=0.119 p10=0.119 p90=0.119
  [diag] r-gate sat-dist hist bins=60 mean=0.499 p10=0.499 p90=0.499
Iter 0010440: train nll 0.051, valid error 038.310%, best valid error 024.250%, avg grad norm   0.081, avg grad norm (post clip)   0.000, rho_Whh  0.08, Omega  0.00, alpha  0.000, steps in the past 0.000, valid nll 0.048, valid mae 0.179, err@0.05 085.92%, err@0.10 071.50%, err@0.20 038.31%, maxae 0.740
  [diag] log10|dL/dh_t| hist bins=60 range=(-12.50,-11.50) mean=-12.00 p50=-12.00 p05=-12.00 p95=-12.00
  [diag] sat-dist hist bins=60 sat<0.05=0.0% mean=0.995 p10=0.994 p90=0.995
  [diag] z-gate sat-dist hist bins=60 mean=0.119 p10=0.119 p90=0.119
  [diag] r-gate sat-dist hist bins=60 mean=0.499 p10=0.499 p90=0.499
Iter 0010460: train nll 0.054, valid error 038.730%, best valid error 024.250%, avg grad norm   0.096, avg grad norm (post clip)   0.000, rho_Whh  0.08, Omega  0.00, alpha  0.000, steps in the past 0.000, valid nll 0.048, valid mae 0.179, err@0.05 086.00%, err@0.10 071.56%, err@0.20 038.73%, maxae 0.738
  [diag] log10|dL/dh_t| hist bins=60 range=(-12.50,-11.50) mean=-12.00 p50=-12.00 p05=-12.00 p95=-12.00
  [diag] sat-dist hist bins=60 sat<0.05=0.0% mean=0.995 p10=0.994 p90=0.995
  [diag] z-gate sat-dist hist bins=60 mean=0.119 p10=0.119 p90=0.119
  [diag] r-gate sat-dist hist bins=60 mean=0.499 p10=0.499 p90=0.499
Iter 0010480: train nll 0.050, valid error 037.280%, best valid error 024.250%, avg grad norm   0.080, avg grad norm (post clip)   0.000, rho_Whh  0.08, Omega  0.00, alpha  0.000, steps in the past 0.000, valid nll 0.048, valid mae 0.178, err@0.05 085.81%, err@0.10 071.07%, err@0.20 037.28%, maxae 0.745
  [diag] log10|dL/dh_t| hist bins=60 range=(-12.50,-11.50) mean=-12.00 p50=-12.00 p05=-12.00 p95=-12.00
  [diag] sat-dist hist bins=60 sat<0.05=0.0% mean=0.995 p10=0.994 p90=0.995
  [diag] z-gate sat-dist hist bins=60 mean=0.119 p10=0.119 p90=0.119
  [diag] r-gate sat-dist hist bins=60 mean=0.499 p10=0.499 p90=0.499
Iter 0010500: train nll 0.040, valid error 036.090%, best valid error 024.250%, avg grad norm   0.077, avg grad norm (post clip)   0.000, rho_Whh  0.08, Omega  0.00, alpha  0.000, steps in the past 0.000, valid nll 0.048, valid mae 0.177, err@0.05 085.60%, err@0.10 070.71%, err@0.20 036.09%, maxae 0.750
  [diag] log10|dL/dh_t| hist bins=60 range=(-12.50,-11.50) mean=-12.00 p50=-12.00 p05=-12.00 p95=-12.00
  [diag] sat-dist hist bins=60 sat<0.05=0.0% mean=0.995 p10=0.994 p90=0.995
  [diag] z-gate sat-dist hist bins=60 mean=0.119 p10=0.119 p90=0.119
  [diag] r-gate sat-dist hist bins=60 mean=0.499 p10=0.499 p90=0.499
Iter 0010520: train nll 0.042, valid error 035.760%, best valid error 024.250%, avg grad norm   0.088, avg grad norm (post clip)   0.000, rho_Whh  0.08, Omega  0.00, alpha  0.000, steps in the past 0.000, valid nll 0.048, valid mae 0.177, err@0.05 085.46%, err@0.10 070.61%, err@0.20 035.76%, maxae 0.751
  [diag] log10|dL/dh_t| hist bins=60 range=(-12.50,-11.50) mean=-12.00 p50=-12.00 p05=-12.00 p95=-12.00
  [diag] sat-dist hist bins=60 sat<0.05=0.0% mean=0.995 p10=0.994 p90=0.995
  [diag] z-gate sat-dist hist bins=60 mean=0.119 p10=0.119 p90=0.119
  [diag] r-gate sat-dist hist bins=60 mean=0.499 p10=0.499 p90=0.499
Iter 0010540: train nll 0.050, valid error 037.640%, best valid error 024.250%, avg grad norm   0.061, avg grad norm (post clip)   0.000, rho_Whh  0.08, Omega  0.00, alpha  0.000, steps in the past 0.000, valid nll 0.048, valid mae 0.178, err@0.05 085.92%, err@0.10 071.16%, err@0.20 037.64%, maxae 0.743
  [diag] log10|dL/dh_t| hist bins=60 range=(-12.50,-11.50) mean=-12.00 p50=-12.00 p05=-12.00 p95=-12.00
  [diag] sat-dist hist bins=60 sat<0.05=0.0% mean=0.995 p10=0.994 p90=0.995
  [diag] z-gate sat-dist hist bins=60 mean=0.119 p10=0.119 p90=0.119
  [diag] r-gate sat-dist hist bins=60 mean=0.499 p10=0.499 p90=0.499
Iter 0010560: train nll 0.050, valid error 037.080%, best valid error 024.250%, avg grad norm   0.060, avg grad norm (post clip)   0.000, rho_Whh  0.08, Omega  0.00, alpha  0.000, steps in the past 0.000, valid nll 0.048, valid mae 0.178, err@0.05 085.79%, err@0.10 071.00%, err@0.20 037.08%, maxae 0.746
  [diag] log10|dL/dh_t| hist bins=60 range=(-12.50,-11.50) mean=-12.00 p50=-12.00 p05=-12.00 p95=-12.00
  [diag] sat-dist hist bins=60 sat<0.05=0.0% mean=0.995 p10=0.994 p90=0.995
  [diag] z-gate sat-dist hist bins=60 mean=0.119 p10=0.119 p90=0.119
  [diag] r-gate sat-dist hist bins=60 mean=0.499 p10=0.499 p90=0.499
Iter 0010580: train nll 0.057, valid error 038.730%, best valid error 024.250%, avg grad norm   0.083, avg grad norm (post clip)   0.000, rho_Whh  0.08, Omega  0.00, alpha  0.000, steps in the past 0.000, valid nll 0.048, valid mae 0.179, err@0.05 086.00%, err@0.10 071.56%, err@0.20 038.73%, maxae 0.738
  [diag] log10|dL/dh_t| hist bins=60 range=(-12.50,-11.50) mean=-12.00 p50=-12.00 p05=-12.00 p95=-12.00
  [diag] sat-dist hist bins=60 sat<0.05=0.0% mean=0.995 p10=0.994 p90=0.995
  [diag] z-gate sat-dist hist bins=60 mean=0.119 p10=0.119 p90=0.119
  [diag] r-gate sat-dist hist bins=60 mean=0.499 p10=0.499 p90=0.499
Iter 0010600: train nll 0.045, valid error 037.200%, best valid error 024.250%, avg grad norm   0.081, avg grad norm (post clip)   0.000, rho_Whh  0.08, Omega  0.00, alpha  0.000, steps in the past 0.000, valid nll 0.048, valid mae 0.178, err@0.05 085.82%, err@0.10 071.03%, err@0.20 037.20%, maxae 0.745
  [diag] log10|dL/dh_t| hist bins=60 range=(-12.50,-11.50) mean=-12.00 p50=-12.00 p05=-12.00 p95=-12.00
  [diag] sat-dist hist bins=60 sat<0.05=0.0% mean=0.995 p10=0.994 p90=0.995
  [diag] z-gate sat-dist hist bins=60 mean=0.119 p10=0.119 p90=0.119
  [diag] r-gate sat-dist hist bins=60 mean=0.499 p10=0.499 p90=0.499
Iter 0010620: train nll 0.045, valid error 036.530%, best valid error 024.250%, avg grad norm   0.089, avg grad norm (post clip)   0.000, rho_Whh  0.08, Omega  0.00, alpha  0.000, steps in the past 0.000, valid nll 0.048, valid mae 0.177, err@0.05 085.72%, err@0.10 070.77%, err@0.20 036.53%, maxae 0.748
  [diag] log10|dL/dh_t| hist bins=60 range=(-12.50,-11.50) mean=-12.00 p50=-12.00 p05=-12.00 p95=-12.00
  [diag] sat-dist hist bins=60 sat<0.05=0.0% mean=0.995 p10=0.994 p90=0.995
  [diag] z-gate sat-dist hist bins=60 mean=0.119 p10=0.119 p90=0.119
  [diag] r-gate sat-dist hist bins=60 mean=0.499 p10=0.499 p90=0.499
Iter 0010640: train nll 0.050, valid error 036.570%, best valid error 024.250%, avg grad norm   0.079, avg grad norm (post clip)   0.000, rho_Whh  0.08, Omega  0.00, alpha  0.000, steps in the past 0.000, valid nll 0.048, valid mae 0.177, err@0.05 085.68%, err@0.10 070.74%, err@0.20 036.57%, maxae 0.748
  [diag] log10|dL/dh_t| hist bins=60 range=(-12.50,-11.50) mean=-12.00 p50=-12.00 p05=-12.00 p95=-12.00
  [diag] sat-dist hist bins=60 sat<0.05=0.0% mean=0.995 p10=0.994 p90=0.995
  [diag] z-gate sat-dist hist bins=60 mean=0.119 p10=0.119 p90=0.119
  [diag] r-gate sat-dist hist bins=60 mean=0.499 p10=0.499 p90=0.499
Iter 0010660: train nll 0.054, valid error 038.850%, best valid error 024.250%, avg grad norm   0.074, avg grad norm (post clip)   0.000, rho_Whh  0.08, Omega  0.00, alpha  0.000, steps in the past 0.000, valid nll 0.048, valid mae 0.179, err@0.05 086.08%, err@0.10 071.66%, err@0.20 038.85%, maxae 0.738
  [diag] log10|dL/dh_t| hist bins=60 range=(-12.50,-11.50) mean=-12.00 p50=-12.00 p05=-12.00 p95=-12.00
  [diag] sat-dist hist bins=60 sat<0.05=0.0% mean=0.995 p10=0.994 p90=0.995
  [diag] z-gate sat-dist hist bins=60 mean=0.119 p10=0.119 p90=0.119
  [diag] r-gate sat-dist hist bins=60 mean=0.499 p10=0.499 p90=0.499
Iter 0010680: train nll 0.051, valid error 038.220%, best valid error 024.250%, avg grad norm   0.078, avg grad norm (post clip)   0.000, rho_Whh  0.08, Omega  0.00, alpha  0.000, steps in the past 0.000, valid nll 0.048, valid mae 0.179, err@0.05 085.93%, err@0.10 071.52%, err@0.20 038.22%, maxae 0.741
  [diag] log10|dL/dh_t| hist bins=60 range=(-12.50,-11.50) mean=-12.00 p50=-12.00 p05=-12.00 p95=-12.00
  [diag] sat-dist hist bins=60 sat<0.05=0.0% mean=0.995 p10=0.994 p90=0.995
  [diag] z-gate sat-dist hist bins=60 mean=0.119 p10=0.119 p90=0.119
  [diag] r-gate sat-dist hist bins=60 mean=0.499 p10=0.499 p90=0.499
Iter 0010700: train nll 0.048, valid error 038.680%, best valid error 024.250%, avg grad norm   0.066, avg grad norm (post clip)   0.000, rho_Whh  0.08, Omega  0.00, alpha  0.000, steps in the past 0.000, valid nll 0.048, valid mae 0.179, err@0.05 085.98%, err@0.10 071.59%, err@0.20 038.68%, maxae 0.738
  [diag] log10|dL/dh_t| hist bins=60 range=(-12.50,-11.50) mean=-12.00 p50=-12.00 p05=-12.00 p95=-12.00
  [diag] sat-dist hist bins=60 sat<0.05=0.0% mean=0.995 p10=0.994 p90=0.995
  [diag] z-gate sat-dist hist bins=60 mean=0.119 p10=0.119 p90=0.119
  [diag] r-gate sat-dist hist bins=60 mean=0.499 p10=0.499 p90=0.499
Iter 0010720: train nll 0.044, valid error 038.000%, best valid error 024.250%, avg grad norm   0.092, avg grad norm (post clip)   0.000, rho_Whh  0.08, Omega  0.00, alpha  0.000, steps in the past 0.000, valid nll 0.048, valid mae 0.178, err@0.05 085.88%, err@0.10 071.44%, err@0.20 038.00%, maxae 0.742
  [diag] log10|dL/dh_t| hist bins=60 range=(-12.50,-11.50) mean=-12.00 p50=-12.00 p05=-12.00 p95=-12.00
  [diag] sat-dist hist bins=60 sat<0.05=0.0% mean=0.995 p10=0.994 p90=0.995
  [diag] z-gate sat-dist hist bins=60 mean=0.119 p10=0.119 p90=0.119
  [diag] r-gate sat-dist hist bins=60 mean=0.499 p10=0.499 p90=0.499
Iter 0010740: train nll 0.047, valid error 038.720%, best valid error 024.250%, avg grad norm   0.072, avg grad norm (post clip)   0.000, rho_Whh  0.08, Omega  0.00, alpha  0.000, steps in the past 0.000, valid nll 0.048, valid mae 0.179, err@0.05 086.00%, err@0.10 071.58%, err@0.20 038.72%, maxae 0.738
  [diag] log10|dL/dh_t| hist bins=60 range=(-12.50,-11.50) mean=-12.00 p50=-12.00 p05=-12.00 p95=-12.00
  [diag] sat-dist hist bins=60 sat<0.05=0.0% mean=0.995 p10=0.994 p90=0.995
  [diag] z-gate sat-dist hist bins=60 mean=0.119 p10=0.119 p90=0.119
  [diag] r-gate sat-dist hist bins=60 mean=0.499 p10=0.499 p90=0.499
Iter 0010760: train nll 0.054, valid error 038.750%, best valid error 024.250%, avg grad norm   0.045, avg grad norm (post clip)   0.000, rho_Whh  0.08, Omega  0.00, alpha  0.000, steps in the past 0.000, valid nll 0.048, valid mae 0.179, err@0.05 086.01%, err@0.10 071.56%, err@0.20 038.75%, maxae 0.738
  [diag] log10|dL/dh_t| hist bins=60 range=(-12.50,-11.50) mean=-12.00 p50=-12.00 p05=-12.00 p95=-12.00
  [diag] sat-dist hist bins=60 sat<0.05=0.0% mean=0.995 p10=0.994 p90=0.995
  [diag] z-gate sat-dist hist bins=60 mean=0.119 p10=0.119 p90=0.119
  [diag] r-gate sat-dist hist bins=60 mean=0.499 p10=0.499 p90=0.499
Iter 0010780: train nll 0.057, valid error 038.430%, best valid error 024.250%, avg grad norm   0.069, avg grad norm (post clip)   0.000, rho_Whh  0.08, Omega  0.00, alpha  0.000, steps in the past 0.000, valid nll 0.048, valid mae 0.179, err@0.05 085.98%, err@0.10 071.57%, err@0.20 038.43%, maxae 0.739
  [diag] log10|dL/dh_t| hist bins=60 range=(-12.50,-11.50) mean=-12.00 p50=-12.00 p05=-12.00 p95=-12.00
  [diag] sat-dist hist bins=60 sat<0.05=0.0% mean=0.995 p10=0.994 p90=0.995
  [diag] z-gate sat-dist hist bins=60 mean=0.119 p10=0.119 p90=0.119
  [diag] r-gate sat-dist hist bins=60 mean=0.499 p10=0.499 p90=0.499
Iter 0010800: train nll 0.045, valid error 035.760%, best valid error 024.250%, avg grad norm   0.082, avg grad norm (post clip)   0.000, rho_Whh  0.08, Omega  0.00, alpha  0.000, steps in the past 0.000, valid nll 0.048, valid mae 0.177, err@0.05 085.46%, err@0.10 070.61%, err@0.20 035.76%, maxae 0.751
  [diag] log10|dL/dh_t| hist bins=60 range=(-12.50,-11.50) mean=-12.00 p50=-12.00 p05=-12.00 p95=-12.00
  [diag] sat-dist hist bins=60 sat<0.05=0.0% mean=0.995 p10=0.994 p90=0.995
  [diag] z-gate sat-dist hist bins=60 mean=0.119 p10=0.119 p90=0.119
  [diag] r-gate sat-dist hist bins=60 mean=0.499 p10=0.499 p90=0.499
Iter 0010820: train nll 0.044, valid error 036.570%, best valid error 024.250%, avg grad norm   0.073, avg grad norm (post clip)   0.000, rho_Whh  0.08, Omega  0.00, alpha  0.000, steps in the past 0.000, valid nll 0.048, valid mae 0.177, err@0.05 085.69%, err@0.10 070.76%, err@0.20 036.57%, maxae 0.748
  [diag] log10|dL/dh_t| hist bins=60 range=(-12.50,-11.50) mean=-12.00 p50=-12.00 p05=-12.00 p95=-12.00
  [diag] sat-dist hist bins=60 sat<0.05=0.0% mean=0.995 p10=0.994 p90=0.995
  [diag] z-gate sat-dist hist bins=60 mean=0.119 p10=0.119 p90=0.119
  [diag] r-gate sat-dist hist bins=60 mean=0.499 p10=0.499 p90=0.499
Iter 0010840: train nll 0.055, valid error 036.860%, best valid error 024.250%, avg grad norm   0.061, avg grad norm (post clip)   0.000, rho_Whh  0.08, Omega  0.00, alpha  0.000, steps in the past 0.000, valid nll 0.048, valid mae 0.177, err@0.05 085.75%, err@0.10 070.93%, err@0.20 036.86%, maxae 0.747
  [diag] log10|dL/dh_t| hist bins=60 range=(-12.50,-11.50) mean=-12.00 p50=-12.00 p05=-12.00 p95=-12.00
  [diag] sat-dist hist bins=60 sat<0.05=0.0% mean=0.995 p10=0.994 p90=0.995
  [diag] z-gate sat-dist hist bins=60 mean=0.119 p10=0.119 p90=0.119
  [diag] r-gate sat-dist hist bins=60 mean=0.499 p10=0.499 p90=0.499
Iter 0010860: train nll 0.055, valid error 036.720%, best valid error 024.250%, avg grad norm   0.065, avg grad norm (post clip)   0.000, rho_Whh  0.08, Omega  0.00, alpha  0.000, steps in the past 0.000, valid nll 0.048, valid mae 0.177, err@0.05 085.69%, err@0.10 070.89%, err@0.20 036.72%, maxae 0.747
  [diag] log10|dL/dh_t| hist bins=60 range=(-12.50,-11.50) mean=-12.00 p50=-12.00 p05=-12.00 p95=-12.00
  [diag] sat-dist hist bins=60 sat<0.05=0.0% mean=0.995 p10=0.994 p90=0.995
  [diag] z-gate sat-dist hist bins=60 mean=0.119 p10=0.119 p90=0.119
  [diag] r-gate sat-dist hist bins=60 mean=0.499 p10=0.499 p90=0.499
Iter 0010880: train nll 0.049, valid error 036.690%, best valid error 024.250%, avg grad norm   0.079, avg grad norm (post clip)   0.000, rho_Whh  0.08, Omega  0.00, alpha  0.000, steps in the past 0.000, valid nll 0.048, valid mae 0.177, err@0.05 085.71%, err@0.10 070.87%, err@0.20 036.69%, maxae 0.747
  [diag] log10|dL/dh_t| hist bins=60 range=(-12.50,-11.50) mean=-12.00 p50=-12.00 p05=-12.00 p95=-12.00
  [diag] sat-dist hist bins=60 sat<0.05=0.0% mean=0.995 p10=0.994 p90=0.995
  [diag] z-gate sat-dist hist bins=60 mean=0.119 p10=0.119 p90=0.119
  [diag] r-gate sat-dist hist bins=60 mean=0.499 p10=0.499 p90=0.499
Iter 0010900: train nll 0.047, valid error 037.580%, best valid error 024.250%, avg grad norm   0.058, avg grad norm (post clip)   0.000, rho_Whh  0.08, Omega  0.00, alpha  0.000, steps in the past 0.000, valid nll 0.048, valid mae 0.178, err@0.05 085.92%, err@0.10 071.18%, err@0.20 037.58%, maxae 0.744
  [diag] log10|dL/dh_t| hist bins=60 range=(-12.50,-11.50) mean=-12.00 p50=-12.00 p05=-12.00 p95=-12.00
  [diag] sat-dist hist bins=60 sat<0.05=0.0% mean=0.994 p10=0.994 p90=0.995
  [diag] z-gate sat-dist hist bins=60 mean=0.119 p10=0.119 p90=0.119
  [diag] r-gate sat-dist hist bins=60 mean=0.499 p10=0.499 p90=0.499
Iter 0010920: train nll 0.054, valid error 039.410%, best valid error 024.250%, avg grad norm   0.090, avg grad norm (post clip)   0.000, rho_Whh  0.08, Omega  0.00, alpha  0.000, steps in the past 0.000, valid nll 0.048, valid mae 0.180, err@0.05 086.27%, err@0.10 071.88%, err@0.20 039.41%, maxae 0.735
  [diag] log10|dL/dh_t| hist bins=60 range=(-12.50,-11.50) mean=-12.00 p50=-12.00 p05=-12.00 p95=-12.00
  [diag] sat-dist hist bins=60 sat<0.05=0.0% mean=0.995 p10=0.994 p90=0.995
  [diag] z-gate sat-dist hist bins=60 mean=0.119 p10=0.119 p90=0.119
  [diag] r-gate sat-dist hist bins=60 mean=0.499 p10=0.499 p90=0.499
Iter 0010940: train nll 0.057, valid error 038.460%, best valid error 024.250%, avg grad norm   0.069, avg grad norm (post clip)   0.000, rho_Whh  0.08, Omega  0.00, alpha  0.000, steps in the past 0.000, valid nll 0.048, valid mae 0.179, err@0.05 086.00%, err@0.10 071.61%, err@0.20 038.46%, maxae 0.739
  [diag] log10|dL/dh_t| hist bins=60 range=(-12.50,-11.50) mean=-12.00 p50=-12.00 p05=-12.00 p95=-12.00
  [diag] sat-dist hist bins=60 sat<0.05=0.0% mean=0.995 p10=0.994 p90=0.995
  [diag] z-gate sat-dist hist bins=60 mean=0.119 p10=0.119 p90=0.119
  [diag] r-gate sat-dist hist bins=60 mean=0.499 p10=0.499 p90=0.499
Iter 0010960: train nll 0.043, valid error 038.940%, best valid error 024.250%, avg grad norm   0.084, avg grad norm (post clip)   0.000, rho_Whh  0.08, Omega  0.00, alpha  0.000, steps in the past 0.000, valid nll 0.048, valid mae 0.179, err@0.05 086.12%, err@0.10 071.63%, err@0.20 038.94%, maxae 0.737
  [diag] log10|dL/dh_t| hist bins=60 range=(-12.50,-11.50) mean=-12.00 p50=-12.00 p05=-12.00 p95=-12.00
  [diag] sat-dist hist bins=60 sat<0.05=0.0% mean=0.994 p10=0.994 p90=0.995
  [diag] z-gate sat-dist hist bins=60 mean=0.119 p10=0.119 p90=0.119
  [diag] r-gate sat-dist hist bins=60 mean=0.499 p10=0.499 p90=0.499
Iter 0010980: train nll 0.049, valid error 039.560%, best valid error 024.250%, avg grad norm   0.092, avg grad norm (post clip)   0.000, rho_Whh  0.08, Omega  0.00, alpha  0.000, steps in the past 0.000, valid nll 0.048, valid mae 0.180, err@0.05 086.33%, err@0.10 071.92%, err@0.20 039.56%, maxae 0.734
  [diag] log10|dL/dh_t| hist bins=60 range=(-12.50,-11.50) mean=-12.00 p50=-12.00 p05=-12.00 p95=-12.00
  [diag] sat-dist hist bins=60 sat<0.05=0.0% mean=0.994 p10=0.994 p90=0.995
  [diag] z-gate sat-dist hist bins=60 mean=0.119 p10=0.119 p90=0.119
  [diag] r-gate sat-dist hist bins=60 mean=0.499 p10=0.499 p90=0.499
Iter 0011000: train nll 0.049, valid error 039.350%, best valid error 024.250%, avg grad norm   0.070, avg grad norm (post clip)   0.000, rho_Whh  0.08, Omega  0.00, alpha  0.000, steps in the past 0.000, valid nll 0.048, valid mae 0.180, err@0.05 086.29%, err@0.10 071.80%, err@0.20 039.35%, maxae 0.735
  [diag] log10|dL/dh_t| hist bins=60 range=(-12.50,-11.50) mean=-12.00 p50=-12.00 p05=-12.00 p95=-12.00
  [diag] sat-dist hist bins=60 sat<0.05=0.0% mean=0.995 p10=0.994 p90=0.995
  [diag] z-gate sat-dist hist bins=60 mean=0.119 p10=0.119 p90=0.119
  [diag] r-gate sat-dist hist bins=60 mean=0.499 p10=0.499 p90=0.499
Iter 0011020: train nll 0.045, valid error 039.020%, best valid error 024.250%, avg grad norm   0.087, avg grad norm (post clip)   0.000, rho_Whh  0.08, Omega  0.00, alpha  0.000, steps in the past 0.000, valid nll 0.048, valid mae 0.179, err@0.05 086.19%, err@0.10 071.64%, err@0.20 039.02%, maxae 0.737
  [diag] log10|dL/dh_t| hist bins=60 range=(-12.50,-11.50) mean=-12.00 p50=-12.00 p05=-12.00 p95=-12.00
  [diag] sat-dist hist bins=60 sat<0.05=0.0% mean=0.995 p10=0.994 p90=0.995
  [diag] z-gate sat-dist hist bins=60 mean=0.119 p10=0.119 p90=0.119
  [diag] r-gate sat-dist hist bins=60 mean=0.499 p10=0.499 p90=0.499
Iter 0011040: train nll 0.050, valid error 038.450%, best valid error 024.250%, avg grad norm   0.082, avg grad norm (post clip)   0.000, rho_Whh  0.08, Omega  0.00, alpha  0.000, steps in the past 0.000, valid nll 0.048, valid mae 0.179, err@0.05 085.99%, err@0.10 071.58%, err@0.20 038.45%, maxae 0.739
  [diag] log10|dL/dh_t| hist bins=60 range=(-12.50,-11.50) mean=-12.00 p50=-12.00 p05=-12.00 p95=-12.00
  [diag] sat-dist hist bins=60 sat<0.05=0.0% mean=0.995 p10=0.994 p90=0.995
  [diag] z-gate sat-dist hist bins=60 mean=0.119 p10=0.119 p90=0.119
  [diag] r-gate sat-dist hist bins=60 mean=0.499 p10=0.499 p90=0.499
Iter 0011060: train nll 0.050, valid error 038.620%, best valid error 024.250%, avg grad norm   0.050, avg grad norm (post clip)   0.000, rho_Whh  0.08, Omega  0.00, alpha  0.000, steps in the past 0.000, valid nll 0.048, valid mae 0.179, err@0.05 085.96%, err@0.10 071.60%, err@0.20 038.62%, maxae 0.739
  [diag] log10|dL/dh_t| hist bins=60 range=(-12.50,-11.50) mean=-12.00 p50=-12.00 p05=-12.00 p95=-12.00
  [diag] sat-dist hist bins=60 sat<0.05=0.0% mean=0.995 p10=0.994 p90=0.995
  [diag] z-gate sat-dist hist bins=60 mean=0.119 p10=0.119 p90=0.119
  [diag] r-gate sat-dist hist bins=60 mean=0.499 p10=0.499 p90=0.499
Iter 0011080: train nll 0.047, valid error 038.720%, best valid error 024.250%, avg grad norm   0.072, avg grad norm (post clip)   0.000, rho_Whh  0.08, Omega  0.00, alpha  0.000, steps in the past 0.000, valid nll 0.048, valid mae 0.179, err@0.05 086.00%, err@0.10 071.58%, err@0.20 038.72%, maxae 0.738
  [diag] log10|dL/dh_t| hist bins=60 range=(-12.50,-11.50) mean=-12.00 p50=-12.00 p05=-12.00 p95=-12.00
  [diag] sat-dist hist bins=60 sat<0.05=0.0% mean=0.994 p10=0.994 p90=0.995
  [diag] z-gate sat-dist hist bins=60 mean=0.119 p10=0.119 p90=0.119
  [diag] r-gate sat-dist hist bins=60 mean=0.499 p10=0.499 p90=0.499
Iter 0011100: train nll 0.055, valid error 039.170%, best valid error 024.250%, avg grad norm   0.106, avg grad norm (post clip)   0.000, rho_Whh  0.08, Omega  0.00, alpha  0.000, steps in the past 0.000, valid nll 0.048, valid mae 0.179, err@0.05 086.23%, err@0.10 071.69%, err@0.20 039.17%, maxae 0.736
  [diag] log10|dL/dh_t| hist bins=60 range=(-12.50,-11.50) mean=-12.00 p50=-12.00 p05=-12.00 p95=-12.00
  [diag] sat-dist hist bins=60 sat<0.05=0.0% mean=0.995 p10=0.994 p90=0.995
  [diag] z-gate sat-dist hist bins=60 mean=0.119 p10=0.119 p90=0.119
  [diag] r-gate sat-dist hist bins=60 mean=0.499 p10=0.499 p90=0.499
Iter 0011120: train nll 0.049, valid error 038.280%, best valid error 024.250%, avg grad norm   0.081, avg grad norm (post clip)   0.000, rho_Whh  0.08, Omega  0.00, alpha  0.000, steps in the past 0.000, valid nll 0.048, valid mae 0.179, err@0.05 085.91%, err@0.10 071.52%, err@0.20 038.28%, maxae 0.740
  [diag] log10|dL/dh_t| hist bins=60 range=(-12.50,-11.50) mean=-12.00 p50=-12.00 p05=-12.00 p95=-12.00
  [diag] sat-dist hist bins=60 sat<0.05=0.0% mean=0.995 p10=0.994 p90=0.995
  [diag] z-gate sat-dist hist bins=60 mean=0.119 p10=0.119 p90=0.119
  [diag] r-gate sat-dist hist bins=60 mean=0.499 p10=0.499 p90=0.499
Iter 0011140: train nll 0.042, valid error 037.310%, best valid error 024.250%, avg grad norm   0.076, avg grad norm (post clip)   0.000, rho_Whh  0.08, Omega  0.00, alpha  0.000, steps in the past 0.000, valid nll 0.048, valid mae 0.178, err@0.05 085.81%, err@0.10 071.09%, err@0.20 037.31%, maxae 0.745
  [diag] log10|dL/dh_t| hist bins=60 range=(-12.50,-11.50) mean=-12.00 p50=-12.00 p05=-12.00 p95=-12.00
  [diag] sat-dist hist bins=60 sat<0.05=0.0% mean=0.995 p10=0.994 p90=0.995
  [diag] z-gate sat-dist hist bins=60 mean=0.119 p10=0.119 p90=0.119
  [diag] r-gate sat-dist hist bins=60 mean=0.499 p10=0.499 p90=0.499
Iter 0011160: train nll 0.051, valid error 038.200%, best valid error 024.250%, avg grad norm   0.077, avg grad norm (post clip)   0.000, rho_Whh  0.08, Omega  0.00, alpha  0.000, steps in the past 0.000, valid nll 0.048, valid mae 0.178, err@0.05 085.91%, err@0.10 071.51%, err@0.20 038.20%, maxae 0.741
  [diag] log10|dL/dh_t| hist bins=60 range=(-12.50,-11.50) mean=-12.00 p50=-12.00 p05=-12.00 p95=-12.00
  [diag] sat-dist hist bins=60 sat<0.05=0.0% mean=0.995 p10=0.994 p90=0.995
  [diag] z-gate sat-dist hist bins=60 mean=0.119 p10=0.119 p90=0.119
  [diag] r-gate sat-dist hist bins=60 mean=0.499 p10=0.499 p90=0.499
Iter 0011180: train nll 0.043, valid error 037.520%, best valid error 024.250%, avg grad norm   0.072, avg grad norm (post clip)   0.000, rho_Whh  0.08, Omega  0.00, alpha  0.000, steps in the past 0.000, valid nll 0.048, valid mae 0.178, err@0.05 085.88%, err@0.10 071.20%, err@0.20 037.52%, maxae 0.744
  [diag] log10|dL/dh_t| hist bins=60 range=(-12.50,-11.50) mean=-12.00 p50=-12.00 p05=-12.00 p95=-12.00
  [diag] sat-dist hist bins=60 sat<0.05=0.0% mean=0.995 p10=0.994 p90=0.995
  [diag] z-gate sat-dist hist bins=60 mean=0.119 p10=0.119 p90=0.119
  [diag] r-gate sat-dist hist bins=60 mean=0.499 p10=0.499 p90=0.499
Iter 0011200: train nll 0.052, valid error 038.440%, best valid error 024.250%, avg grad norm   0.095, avg grad norm (post clip)   0.000, rho_Whh  0.08, Omega  0.00, alpha  0.000, steps in the past 0.000, valid nll 0.048, valid mae 0.179, err@0.05 085.94%, err@0.10 071.56%, err@0.20 038.44%, maxae 0.739
  [diag] log10|dL/dh_t| hist bins=60 range=(-12.50,-11.50) mean=-12.00 p50=-12.00 p05=-12.00 p95=-12.00
  [diag] sat-dist hist bins=60 sat<0.05=0.0% mean=0.995 p10=0.994 p90=0.995
  [diag] z-gate sat-dist hist bins=60 mean=0.119 p10=0.119 p90=0.119
  [diag] r-gate sat-dist hist bins=60 mean=0.499 p10=0.499 p90=0.499
Iter 0011220: train nll 0.052, valid error 038.300%, best valid error 024.250%, avg grad norm   0.088, avg grad norm (post clip)   0.000, rho_Whh  0.08, Omega  0.00, alpha  0.000, steps in the past 0.000, valid nll 0.048, valid mae 0.179, err@0.05 085.92%, err@0.10 071.50%, err@0.20 038.30%, maxae 0.740
  [diag] log10|dL/dh_t| hist bins=60 range=(-12.50,-11.50) mean=-12.00 p50=-12.00 p05=-12.00 p95=-12.00
  [diag] sat-dist hist bins=60 sat<0.05=0.0% mean=0.995 p10=0.994 p90=0.995
  [diag] z-gate sat-dist hist bins=60 mean=0.119 p10=0.119 p90=0.119
  [diag] r-gate sat-dist hist bins=60 mean=0.499 p10=0.499 p90=0.499
Iter 0011240: train nll 0.049, valid error 039.130%, best valid error 024.250%, avg grad norm   0.089, avg grad norm (post clip)   0.000, rho_Whh  0.08, Omega  0.00, alpha  0.000, steps in the past 0.000, valid nll 0.048, valid mae 0.179, err@0.05 086.19%, err@0.10 071.69%, err@0.20 039.13%, maxae 0.736
  [diag] log10|dL/dh_t| hist bins=60 range=(-12.50,-11.50) mean=-12.00 p50=-12.00 p05=-12.00 p95=-12.00
  [diag] sat-dist hist bins=60 sat<0.05=0.0% mean=0.995 p10=0.994 p90=0.995
  [diag] z-gate sat-dist hist bins=60 mean=0.119 p10=0.119 p90=0.119
  [diag] r-gate sat-dist hist bins=60 mean=0.499 p10=0.499 p90=0.499
Iter 0011260: train nll 0.049, valid error 038.460%, best valid error 024.250%, avg grad norm   0.056, avg grad norm (post clip)   0.000, rho_Whh  0.08, Omega  0.00, alpha  0.000, steps in the past 0.000, valid nll 0.048, valid mae 0.179, err@0.05 085.99%, err@0.10 071.57%, err@0.20 038.46%, maxae 0.739
  [diag] log10|dL/dh_t| hist bins=60 range=(-12.50,-11.50) mean=-12.00 p50=-12.00 p05=-12.00 p95=-12.00
  [diag] sat-dist hist bins=60 sat<0.05=0.0% mean=0.995 p10=0.994 p90=0.995
  [diag] z-gate sat-dist hist bins=60 mean=0.119 p10=0.119 p90=0.119
  [diag] r-gate sat-dist hist bins=60 mean=0.499 p10=0.499 p90=0.499
Iter 0011280: train nll 0.046, valid error 038.100%, best valid error 024.250%, avg grad norm   0.073, avg grad norm (post clip)   0.000, rho_Whh  0.08, Omega  0.00, alpha  0.000, steps in the past 0.000, valid nll 0.048, valid mae 0.178, err@0.05 085.92%, err@0.10 071.52%, err@0.20 038.10%, maxae 0.741
  [diag] log10|dL/dh_t| hist bins=60 range=(-12.50,-11.50) mean=-12.00 p50=-12.00 p05=-12.00 p95=-12.00
  [diag] sat-dist hist bins=60 sat<0.05=0.0% mean=0.995 p10=0.994 p90=0.995
  [diag] z-gate sat-dist hist bins=60 mean=0.119 p10=0.119 p90=0.119
  [diag] r-gate sat-dist hist bins=60 mean=0.499 p10=0.499 p90=0.499
Iter 0011300: train nll 0.048, valid error 037.460%, best valid error 024.250%, avg grad norm   0.080, avg grad norm (post clip)   0.000, rho_Whh  0.08, Omega  0.00, alpha  0.000, steps in the past 0.000, valid nll 0.048, valid mae 0.178, err@0.05 085.91%, err@0.10 071.18%, err@0.20 037.46%, maxae 0.744
  [diag] log10|dL/dh_t| hist bins=60 range=(-12.50,-11.50) mean=-12.00 p50=-12.00 p05=-12.00 p95=-12.00
  [diag] sat-dist hist bins=60 sat<0.05=0.0% mean=0.995 p10=0.994 p90=0.995
  [diag] z-gate sat-dist hist bins=60 mean=0.119 p10=0.119 p90=0.119
  [diag] r-gate sat-dist hist bins=60 mean=0.499 p10=0.499 p90=0.499
Iter 0011320: train nll 0.047, valid error 036.370%, best valid error 024.250%, avg grad norm   0.092, avg grad norm (post clip)   0.000, rho_Whh  0.08, Omega  0.00, alpha  0.000, steps in the past 0.000, valid nll 0.048, valid mae 0.177, err@0.05 085.74%, err@0.10 070.78%, err@0.20 036.37%, maxae 0.749
  [diag] log10|dL/dh_t| hist bins=60 range=(-12.50,-11.50) mean=-12.00 p50=-12.00 p05=-12.00 p95=-12.00
  [diag] sat-dist hist bins=60 sat<0.05=0.0% mean=0.995 p10=0.994 p90=0.995
  [diag] z-gate sat-dist hist bins=60 mean=0.119 p10=0.119 p90=0.119
  [diag] r-gate sat-dist hist bins=60 mean=0.499 p10=0.499 p90=0.499
Iter 0011340: train nll 0.044, valid error 036.900%, best valid error 024.250%, avg grad norm   0.070, avg grad norm (post clip)   0.000, rho_Whh  0.08, Omega  0.00, alpha  0.000, steps in the past 0.000, valid nll 0.048, valid mae 0.177, err@0.05 085.76%, err@0.10 070.96%, err@0.20 036.90%, maxae 0.746
  [diag] log10|dL/dh_t| hist bins=60 range=(-12.50,-11.50) mean=-12.00 p50=-12.00 p05=-12.00 p95=-12.00
  [diag] sat-dist hist bins=60 sat<0.05=0.0% mean=0.995 p10=0.994 p90=0.995
  [diag] z-gate sat-dist hist bins=60 mean=0.119 p10=0.119 p90=0.119
  [diag] r-gate sat-dist hist bins=60 mean=0.499 p10=0.499 p90=0.499
Iter 0011360: train nll 0.047, valid error 036.650%, best valid error 024.250%, avg grad norm   0.079, avg grad norm (post clip)   0.000, rho_Whh  0.08, Omega  0.00, alpha  0.000, steps in the past 0.000, valid nll 0.048, valid mae 0.177, err@0.05 085.71%, err@0.10 070.83%, err@0.20 036.65%, maxae 0.747
  [diag] log10|dL/dh_t| hist bins=60 range=(-12.50,-11.50) mean=-12.00 p50=-12.00 p05=-12.00 p95=-12.00
  [diag] sat-dist hist bins=60 sat<0.05=0.0% mean=0.995 p10=0.994 p90=0.995
  [diag] z-gate sat-dist hist bins=60 mean=0.119 p10=0.119 p90=0.119
  [diag] r-gate sat-dist hist bins=60 mean=0.499 p10=0.499 p90=0.499
Iter 0011380: train nll 0.047, valid error 037.310%, best valid error 024.250%, avg grad norm   0.095, avg grad norm (post clip)   0.000, rho_Whh  0.08, Omega  0.00, alpha  0.000, steps in the past 0.000, valid nll 0.048, valid mae 0.178, err@0.05 085.78%, err@0.10 071.08%, err@0.20 037.31%, maxae 0.745
  [diag] log10|dL/dh_t| hist bins=60 range=(-12.50,-11.50) mean=-12.00 p50=-12.00 p05=-12.00 p95=-12.00
  [diag] sat-dist hist bins=60 sat<0.05=0.0% mean=0.995 p10=0.994 p90=0.995
  [diag] z-gate sat-dist hist bins=60 mean=0.119 p10=0.119 p90=0.119
  [diag] r-gate sat-dist hist bins=60 mean=0.499 p10=0.499 p90=0.499
Iter 0011400: train nll 0.046, valid error 036.860%, best valid error 024.250%, avg grad norm   0.080, avg grad norm (post clip)   0.000, rho_Whh  0.08, Omega  0.00, alpha  0.000, steps in the past 0.000, valid nll 0.048, valid mae 0.177, err@0.05 085.76%, err@0.10 070.94%, err@0.20 036.86%, maxae 0.747
  [diag] log10|dL/dh_t| hist bins=60 range=(-12.50,-11.50) mean=-12.00 p50=-12.00 p05=-12.00 p95=-12.00
  [diag] sat-dist hist bins=60 sat<0.05=0.0% mean=0.995 p10=0.994 p90=0.995
  [diag] z-gate sat-dist hist bins=60 mean=0.119 p10=0.119 p90=0.119
  [diag] r-gate sat-dist hist bins=60 mean=0.499 p10=0.499 p90=0.499
Iter 0011420: train nll 0.048, valid error 036.560%, best valid error 024.250%, avg grad norm   0.085, avg grad norm (post clip)   0.000, rho_Whh  0.08, Omega  0.00, alpha  0.000, steps in the past 0.000, valid nll 0.048, valid mae 0.177, err@0.05 085.70%, err@0.10 070.77%, err@0.20 036.56%, maxae 0.748
  [diag] log10|dL/dh_t| hist bins=60 range=(-12.50,-11.50) mean=-12.00 p50=-12.00 p05=-12.00 p95=-12.00
  [diag] sat-dist hist bins=60 sat<0.05=0.0% mean=0.995 p10=0.994 p90=0.995
  [diag] z-gate sat-dist hist bins=60 mean=0.119 p10=0.119 p90=0.119
  [diag] r-gate sat-dist hist bins=60 mean=0.499 p10=0.499 p90=0.499
Iter 0011440: train nll 0.042, valid error 036.030%, best valid error 024.250%, avg grad norm   0.057, avg grad norm (post clip)   0.000, rho_Whh  0.08, Omega  0.00, alpha  0.000, steps in the past 0.000, valid nll 0.048, valid mae 0.177, err@0.05 085.58%, err@0.10 070.68%, err@0.20 036.03%, maxae 0.750
  [diag] log10|dL/dh_t| hist bins=60 range=(-12.50,-11.50) mean=-12.00 p50=-12.00 p05=-12.00 p95=-12.00
  [diag] sat-dist hist bins=60 sat<0.05=0.0% mean=0.995 p10=0.994 p90=0.995
  [diag] z-gate sat-dist hist bins=60 mean=0.119 p10=0.119 p90=0.119
  [diag] r-gate sat-dist hist bins=60 mean=0.499 p10=0.499 p90=0.499
Iter 0011460: train nll 0.053, valid error 038.310%, best valid error 024.250%, avg grad norm   0.100, avg grad norm (post clip)   0.000, rho_Whh  0.08, Omega  0.00, alpha  0.000, steps in the past 0.000, valid nll 0.048, valid mae 0.179, err@0.05 085.92%, err@0.10 071.50%, err@0.20 038.31%, maxae 0.740
  [diag] log10|dL/dh_t| hist bins=60 range=(-12.50,-11.50) mean=-12.00 p50=-12.00 p05=-12.00 p95=-12.00
  [diag] sat-dist hist bins=60 sat<0.05=0.0% mean=0.995 p10=0.994 p90=0.995
  [diag] z-gate sat-dist hist bins=60 mean=0.119 p10=0.119 p90=0.119
  [diag] r-gate sat-dist hist bins=60 mean=0.499 p10=0.499 p90=0.499
Iter 0011480: train nll 0.048, valid error 037.970%, best valid error 024.250%, avg grad norm   0.095, avg grad norm (post clip)   0.000, rho_Whh  0.08, Omega  0.00, alpha  0.000, steps in the past 0.000, valid nll 0.048, valid mae 0.178, err@0.05 085.89%, err@0.10 071.40%, err@0.20 037.97%, maxae 0.742
  [diag] log10|dL/dh_t| hist bins=60 range=(-12.50,-11.50) mean=-12.00 p50=-12.00 p05=-12.00 p95=-12.00
  [diag] sat-dist hist bins=60 sat<0.05=0.0% mean=0.995 p10=0.994 p90=0.995
  [diag] z-gate sat-dist hist bins=60 mean=0.119 p10=0.119 p90=0.119
  [diag] r-gate sat-dist hist bins=60 mean=0.499 p10=0.499 p90=0.499
Iter 0011500: train nll 0.048, valid error 037.640%, best valid error 024.250%, avg grad norm   0.063, avg grad norm (post clip)   0.000, rho_Whh  0.08, Omega  0.00, alpha  0.000, steps in the past 0.000, valid nll 0.048, valid mae 0.178, err@0.05 085.92%, err@0.10 071.17%, err@0.20 037.64%, maxae 0.743
  [diag] log10|dL/dh_t| hist bins=60 range=(-12.50,-11.50) mean=-12.00 p50=-12.00 p05=-12.00 p95=-12.00
  [diag] sat-dist hist bins=60 sat<0.05=0.0% mean=0.995 p10=0.994 p90=0.995
  [diag] z-gate sat-dist hist bins=60 mean=0.119 p10=0.119 p90=0.119
  [diag] r-gate sat-dist hist bins=60 mean=0.499 p10=0.499 p90=0.499
Iter 0011520: train nll 0.050, valid error 038.430%, best valid error 024.250%, avg grad norm   0.095, avg grad norm (post clip)   0.000, rho_Whh  0.08, Omega  0.00, alpha  0.000, steps in the past 0.000, valid nll 0.048, valid mae 0.179, err@0.05 085.92%, err@0.10 071.57%, err@0.20 038.43%, maxae 0.739
  [diag] log10|dL/dh_t| hist bins=60 range=(-12.50,-11.50) mean=-12.00 p50=-12.00 p05=-12.00 p95=-12.00
  [diag] sat-dist hist bins=60 sat<0.05=0.0% mean=0.994 p10=0.994 p90=0.995
  [diag] z-gate sat-dist hist bins=60 mean=0.119 p10=0.119 p90=0.119
  [diag] r-gate sat-dist hist bins=60 mean=0.499 p10=0.499 p90=0.499
Iter 0011540: train nll 0.051, valid error 039.370%, best valid error 024.250%, avg grad norm   0.076, avg grad norm (post clip)   0.000, rho_Whh  0.08, Omega  0.00, alpha  0.000, steps in the past 0.000, valid nll 0.048, valid mae 0.180, err@0.05 086.28%, err@0.10 071.87%, err@0.20 039.37%, maxae 0.735
  [diag] log10|dL/dh_t| hist bins=60 range=(-12.50,-11.50) mean=-12.00 p50=-12.00 p05=-12.00 p95=-12.00
  [diag] sat-dist hist bins=60 sat<0.05=0.0% mean=0.995 p10=0.994 p90=0.995
  [diag] z-gate sat-dist hist bins=60 mean=0.119 p10=0.119 p90=0.119
  [diag] r-gate sat-dist hist bins=60 mean=0.499 p10=0.499 p90=0.499
Iter 0011560: train nll 0.043, valid error 036.600%, best valid error 024.250%, avg grad norm   0.084, avg grad norm (post clip)   0.000, rho_Whh  0.08, Omega  0.00, alpha  0.000, steps in the past 0.000, valid nll 0.048, valid mae 0.177, err@0.05 085.71%, err@0.10 070.83%, err@0.20 036.60%, maxae 0.748
  [diag] log10|dL/dh_t| hist bins=60 range=(-12.50,-11.50) mean=-12.00 p50=-12.00 p05=-12.00 p95=-12.00
  [diag] sat-dist hist bins=60 sat<0.05=0.0% mean=0.995 p10=0.994 p90=0.995
  [diag] z-gate sat-dist hist bins=60 mean=0.119 p10=0.119 p90=0.119
  [diag] r-gate sat-dist hist bins=60 mean=0.499 p10=0.499 p90=0.499
Iter 0011580: train nll 0.044, valid error 036.660%, best valid error 024.250%, avg grad norm   0.093, avg grad norm (post clip)   0.000, rho_Whh  0.08, Omega  0.00, alpha  0.000, steps in the past 0.000, valid nll 0.048, valid mae 0.177, err@0.05 085.70%, err@0.10 070.82%, err@0.20 036.66%, maxae 0.747
  [diag] log10|dL/dh_t| hist bins=60 range=(-12.50,-11.50) mean=-12.00 p50=-12.00 p05=-12.00 p95=-12.00
  [diag] sat-dist hist bins=60 sat<0.05=0.0% mean=0.995 p10=0.994 p90=0.995
  [diag] z-gate sat-dist hist bins=60 mean=0.119 p10=0.119 p90=0.119
  [diag] r-gate sat-dist hist bins=60 mean=0.499 p10=0.499 p90=0.499
Iter 0011600: train nll 0.045, valid error 037.180%, best valid error 024.250%, avg grad norm   0.056, avg grad norm (post clip)   0.000, rho_Whh  0.08, Omega  0.00, alpha  0.000, steps in the past 0.000, valid nll 0.048, valid mae 0.178, err@0.05 085.81%, err@0.10 071.02%, err@0.20 037.18%, maxae 0.745
  [diag] log10|dL/dh_t| hist bins=60 range=(-12.50,-11.50) mean=-12.00 p50=-12.00 p05=-12.00 p95=-12.00
  [diag] sat-dist hist bins=60 sat<0.05=0.0% mean=0.995 p10=0.994 p90=0.995
  [diag] z-gate sat-dist hist bins=60 mean=0.119 p10=0.119 p90=0.119
  [diag] r-gate sat-dist hist bins=60 mean=0.499 p10=0.499 p90=0.499
Iter 0011620: train nll 0.046, valid error 037.180%, best valid error 024.250%, avg grad norm   0.085, avg grad norm (post clip)   0.000, rho_Whh  0.08, Omega  0.00, alpha  0.000, steps in the past 0.000, valid nll 0.048, valid mae 0.178, err@0.05 085.81%, err@0.10 071.03%, err@0.20 037.18%, maxae 0.745
  [diag] log10|dL/dh_t| hist bins=60 range=(-12.50,-11.50) mean=-12.00 p50=-12.00 p05=-12.00 p95=-12.00
  [diag] sat-dist hist bins=60 sat<0.05=0.0% mean=0.995 p10=0.994 p90=0.995
  [diag] z-gate sat-dist hist bins=60 mean=0.119 p10=0.119 p90=0.119
  [diag] r-gate sat-dist hist bins=60 mean=0.499 p10=0.499 p90=0.499
Iter 0011640: train nll 0.045, valid error 036.780%, best valid error 024.250%, avg grad norm   0.086, avg grad norm (post clip)   0.000, rho_Whh  0.08, Omega  0.00, alpha  0.000, steps in the past 0.000, valid nll 0.048, valid mae 0.177, err@0.05 085.74%, err@0.10 070.92%, err@0.20 036.78%, maxae 0.747
  [diag] log10|dL/dh_t| hist bins=60 range=(-12.50,-11.50) mean=-12.00 p50=-12.00 p05=-12.00 p95=-12.00
  [diag] sat-dist hist bins=60 sat<0.05=0.0% mean=0.995 p10=0.994 p90=0.995
  [diag] z-gate sat-dist hist bins=60 mean=0.119 p10=0.119 p90=0.119
  [diag] r-gate sat-dist hist bins=60 mean=0.499 p10=0.499 p90=0.499
Iter 0011660: train nll 0.054, valid error 038.490%, best valid error 024.250%, avg grad norm   0.101, avg grad norm (post clip)   0.000, rho_Whh  0.08, Omega  0.00, alpha  0.000, steps in the past 0.000, valid nll 0.048, valid mae 0.179, err@0.05 086.00%, err@0.10 071.62%, err@0.20 038.49%, maxae 0.739
  [diag] log10|dL/dh_t| hist bins=60 range=(-12.50,-11.50) mean=-12.00 p50=-12.00 p05=-12.00 p95=-12.00
  [diag] sat-dist hist bins=60 sat<0.05=0.0% mean=0.995 p10=0.994 p90=0.995
  [diag] z-gate sat-dist hist bins=60 mean=0.119 p10=0.119 p90=0.119
  [diag] r-gate sat-dist hist bins=60 mean=0.499 p10=0.499 p90=0.499
Iter 0011680: train nll 0.046, valid error 038.020%, best valid error 024.250%, avg grad norm   0.068, avg grad norm (post clip)   0.000, rho_Whh  0.08, Omega  0.00, alpha  0.000, steps in the past 0.000, valid nll 0.048, valid mae 0.178, err@0.05 085.90%, err@0.10 071.48%, err@0.20 038.02%, maxae 0.741
  [diag] log10|dL/dh_t| hist bins=60 range=(-12.50,-11.50) mean=-12.00 p50=-12.00 p05=-12.00 p95=-12.00
  [diag] sat-dist hist bins=60 sat<0.05=0.0% mean=0.995 p10=0.994 p90=0.995
  [diag] z-gate sat-dist hist bins=60 mean=0.119 p10=0.119 p90=0.119
  [diag] r-gate sat-dist hist bins=60 mean=0.499 p10=0.499 p90=0.499
Iter 0011700: train nll 0.045, valid error 036.600%, best valid error 024.250%, avg grad norm   0.088, avg grad norm (post clip)   0.000, rho_Whh  0.08, Omega  0.00, alpha  0.000, steps in the past 0.000, valid nll 0.048, valid mae 0.177, err@0.05 085.71%, err@0.10 070.81%, err@0.20 036.60%, maxae 0.747
  [diag] log10|dL/dh_t| hist bins=60 range=(-12.50,-11.50) mean=-12.00 p50=-12.00 p05=-12.00 p95=-12.00
  [diag] sat-dist hist bins=60 sat<0.05=0.0% mean=0.995 p10=0.994 p90=0.995
  [diag] z-gate sat-dist hist bins=60 mean=0.119 p10=0.119 p90=0.119
  [diag] r-gate sat-dist hist bins=60 mean=0.499 p10=0.499 p90=0.499
Iter 0011720: train nll 0.052, valid error 038.280%, best valid error 024.250%, avg grad norm   0.077, avg grad norm (post clip)   0.000, rho_Whh  0.08, Omega  0.00, alpha  0.000, steps in the past 0.000, valid nll 0.048, valid mae 0.179, err@0.05 085.91%, err@0.10 071.52%, err@0.20 038.28%, maxae 0.741
  [diag] log10|dL/dh_t| hist bins=60 range=(-12.50,-11.50) mean=-12.00 p50=-12.00 p05=-12.00 p95=-12.00
  [diag] sat-dist hist bins=60 sat<0.05=0.0% mean=0.995 p10=0.994 p90=0.995
  [diag] z-gate sat-dist hist bins=60 mean=0.119 p10=0.119 p90=0.119
  [diag] r-gate sat-dist hist bins=60 mean=0.499 p10=0.499 p90=0.499
Iter 0011740: train nll 0.046, valid error 037.560%, best valid error 024.250%, avg grad norm   0.085, avg grad norm (post clip)   0.000, rho_Whh  0.08, Omega  0.00, alpha  0.000, steps in the past 0.000, valid nll 0.048, valid mae 0.178, err@0.05 085.91%, err@0.10 071.19%, err@0.20 037.56%, maxae 0.744
  [diag] log10|dL/dh_t| hist bins=60 range=(-12.50,-11.50) mean=-12.00 p50=-12.00 p05=-12.00 p95=-12.00
  [diag] sat-dist hist bins=60 sat<0.05=0.0% mean=0.995 p10=0.994 p90=0.995
  [diag] z-gate sat-dist hist bins=60 mean=0.119 p10=0.119 p90=0.119
  [diag] r-gate sat-dist hist bins=60 mean=0.499 p10=0.499 p90=0.499
Iter 0011760: train nll 0.049, valid error 038.220%, best valid error 024.250%, avg grad norm   0.077, avg grad norm (post clip)   0.000, rho_Whh  0.08, Omega  0.00, alpha  0.000, steps in the past 0.000, valid nll 0.048, valid mae 0.179, err@0.05 085.93%, err@0.10 071.52%, err@0.20 038.22%, maxae 0.741
  [diag] log10|dL/dh_t| hist bins=60 range=(-12.50,-11.50) mean=-12.00 p50=-12.00 p05=-12.00 p95=-12.00
  [diag] sat-dist hist bins=60 sat<0.05=0.0% mean=0.995 p10=0.994 p90=0.995
  [diag] z-gate sat-dist hist bins=60 mean=0.119 p10=0.119 p90=0.119
  [diag] r-gate sat-dist hist bins=60 mean=0.499 p10=0.499 p90=0.499
Iter 0011780: train nll 0.046, valid error 038.030%, best valid error 024.250%, avg grad norm   0.096, avg grad norm (post clip)   0.000, rho_Whh  0.08, Omega  0.00, alpha  0.000, steps in the past 0.000, valid nll 0.048, valid mae 0.178, err@0.05 085.89%, err@0.10 071.49%, err@0.20 038.03%, maxae 0.741
  [diag] log10|dL/dh_t| hist bins=60 range=(-12.50,-11.50) mean=-12.00 p50=-12.00 p05=-12.00 p95=-12.00
  [diag] sat-dist hist bins=60 sat<0.05=0.0% mean=0.994 p10=0.994 p90=0.995
  [diag] z-gate sat-dist hist bins=60 mean=0.119 p10=0.119 p90=0.119
  [diag] r-gate sat-dist hist bins=60 mean=0.499 p10=0.499 p90=0.499
Iter 0011800: train nll 0.057, valid error 039.410%, best valid error 024.250%, avg grad norm   0.073, avg grad norm (post clip)   0.000, rho_Whh  0.08, Omega  0.00, alpha  0.000, steps in the past 0.000, valid nll 0.048, valid mae 0.180, err@0.05 086.27%, err@0.10 071.85%, err@0.20 039.41%, maxae 0.735
  [diag] log10|dL/dh_t| hist bins=60 range=(-12.50,-11.50) mean=-12.00 p50=-12.00 p05=-12.00 p95=-12.00
  [diag] sat-dist hist bins=60 sat<0.05=0.0% mean=0.995 p10=0.994 p90=0.995
  [diag] z-gate sat-dist hist bins=60 mean=0.119 p10=0.119 p90=0.119
  [diag] r-gate sat-dist hist bins=60 mean=0.499 p10=0.499 p90=0.499
Iter 0011820: train nll 0.048, valid error 038.490%, best valid error 024.250%, avg grad norm   0.065, avg grad norm (post clip)   0.000, rho_Whh  0.08, Omega  0.00, alpha  0.000, steps in the past 0.000, valid nll 0.048, valid mae 0.179, err@0.05 085.99%, err@0.10 071.62%, err@0.20 038.49%, maxae 0.739
  [diag] log10|dL/dh_t| hist bins=60 range=(-12.50,-11.50) mean=-12.00 p50=-12.00 p05=-12.00 p95=-12.00
  [diag] sat-dist hist bins=60 sat<0.05=0.0% mean=0.995 p10=0.994 p90=0.995
  [diag] z-gate sat-dist hist bins=60 mean=0.119 p10=0.119 p90=0.119
  [diag] r-gate sat-dist hist bins=60 mean=0.499 p10=0.499 p90=0.499
Iter 0011840: train nll 0.052, valid error 038.900%, best valid error 024.250%, avg grad norm   0.087, avg grad norm (post clip)   0.000, rho_Whh  0.08, Omega  0.00, alpha  0.000, steps in the past 0.000, valid nll 0.048, valid mae 0.179, err@0.05 086.11%, err@0.10 071.64%, err@0.20 038.90%, maxae 0.737
  [diag] log10|dL/dh_t| hist bins=60 range=(-12.50,-11.50) mean=-12.00 p50=-12.00 p05=-12.00 p95=-12.00
  [diag] sat-dist hist bins=60 sat<0.05=0.0% mean=0.994 p10=0.994 p90=0.995
  [diag] z-gate sat-dist hist bins=60 mean=0.119 p10=0.119 p90=0.119
  [diag] r-gate sat-dist hist bins=60 mean=0.499 p10=0.499 p90=0.499
Iter 0011860: train nll 0.053, valid error 039.720%, best valid error 024.250%, avg grad norm   0.066, avg grad norm (post clip)   0.000, rho_Whh  0.08, Omega  0.00, alpha  0.000, steps in the past 0.000, valid nll 0.048, valid mae 0.180, err@0.05 086.35%, err@0.10 072.00%, err@0.20 039.72%, maxae 0.733
  [diag] log10|dL/dh_t| hist bins=60 range=(-12.50,-11.50) mean=-12.00 p50=-12.00 p05=-12.00 p95=-12.00
  [diag] sat-dist hist bins=60 sat<0.05=0.0% mean=0.995 p10=0.994 p90=0.995
  [diag] z-gate sat-dist hist bins=60 mean=0.119 p10=0.119 p90=0.119
  [diag] r-gate sat-dist hist bins=60 mean=0.499 p10=0.499 p90=0.499
Iter 0011880: train nll 0.049, valid error 038.730%, best valid error 024.250%, avg grad norm   0.082, avg grad norm (post clip)   0.000, rho_Whh  0.08, Omega  0.00, alpha  0.000, steps in the past 0.000, valid nll 0.048, valid mae 0.179, err@0.05 086.00%, err@0.10 071.56%, err@0.20 038.73%, maxae 0.738
  [diag] log10|dL/dh_t| hist bins=60 range=(-12.50,-11.50) mean=-12.00 p50=-12.00 p05=-12.00 p95=-12.00
  [diag] sat-dist hist bins=60 sat<0.05=0.0% mean=0.995 p10=0.994 p90=0.995
  [diag] z-gate sat-dist hist bins=60 mean=0.119 p10=0.119 p90=0.119
  [diag] r-gate sat-dist hist bins=60 mean=0.499 p10=0.499 p90=0.499
Iter 0011900: train nll 0.046, valid error 038.280%, best valid error 024.250%, avg grad norm   0.104, avg grad norm (post clip)   0.000, rho_Whh  0.08, Omega  0.00, alpha  0.000, steps in the past 0.000, valid nll 0.048, valid mae 0.179, err@0.05 085.92%, err@0.10 071.52%, err@0.20 038.28%, maxae 0.740
  [diag] log10|dL/dh_t| hist bins=60 range=(-12.50,-11.50) mean=-12.00 p50=-12.00 p05=-12.00 p95=-12.00
  [diag] sat-dist hist bins=60 sat<0.05=0.0% mean=0.995 p10=0.994 p90=0.995
  [diag] z-gate sat-dist hist bins=60 mean=0.119 p10=0.119 p90=0.119
  [diag] r-gate sat-dist hist bins=60 mean=0.499 p10=0.499 p90=0.499
Iter 0011920: train nll 0.048, valid error 038.890%, best valid error 024.250%, avg grad norm   0.058, avg grad norm (post clip)   0.000, rho_Whh  0.08, Omega  0.00, alpha  0.000, steps in the past 0.000, valid nll 0.048, valid mae 0.179, err@0.05 086.11%, err@0.10 071.63%, err@0.20 038.89%, maxae 0.737
  [diag] log10|dL/dh_t| hist bins=60 range=(-12.50,-11.50) mean=-12.00 p50=-12.00 p05=-12.00 p95=-12.00
  [diag] sat-dist hist bins=60 sat<0.05=0.0% mean=0.995 p10=0.994 p90=0.995
  [diag] z-gate sat-dist hist bins=60 mean=0.119 p10=0.119 p90=0.119
  [diag] r-gate sat-dist hist bins=60 mean=0.499 p10=0.499 p90=0.499
Iter 0011940: train nll 0.049, valid error 038.360%, best valid error 024.250%, avg grad norm   0.082, avg grad norm (post clip)   0.000, rho_Whh  0.08, Omega  0.00, alpha  0.000, steps in the past 0.000, valid nll 0.048, valid mae 0.179, err@0.05 085.88%, err@0.10 071.55%, err@0.20 038.36%, maxae 0.740
  [diag] log10|dL/dh_t| hist bins=60 range=(-12.50,-11.50) mean=-12.00 p50=-12.00 p05=-12.00 p95=-12.00
  [diag] sat-dist hist bins=60 sat<0.05=0.0% mean=0.994 p10=0.994 p90=0.995
  [diag] z-gate sat-dist hist bins=60 mean=0.119 p10=0.119 p90=0.119
  [diag] r-gate sat-dist hist bins=60 mean=0.499 p10=0.499 p90=0.499
Iter 0011960: train nll 0.053, valid error 039.790%, best valid error 024.250%, avg grad norm   0.083, avg grad norm (post clip)   0.000, rho_Whh  0.08, Omega  0.00, alpha  0.000, steps in the past 0.000, valid nll 0.048, valid mae 0.180, err@0.05 086.34%, err@0.10 072.08%, err@0.20 039.79%, maxae 0.733
  [diag] log10|dL/dh_t| hist bins=60 range=(-12.50,-11.50) mean=-12.00 p50=-12.00 p05=-12.00 p95=-12.00
  [diag] sat-dist hist bins=60 sat<0.05=0.0% mean=0.994 p10=0.994 p90=0.995
  [diag] z-gate sat-dist hist bins=60 mean=0.119 p10=0.119 p90=0.119
  [diag] r-gate sat-dist hist bins=60 mean=0.499 p10=0.499 p90=0.499
Iter 0011980: train nll 0.051, valid error 040.270%, best valid error 024.250%, avg grad norm   0.078, avg grad norm (post clip)   0.000, rho_Whh  0.08, Omega  0.00, alpha  0.000, steps in the past 0.000, valid nll 0.048, valid mae 0.180, err@0.05 086.32%, err@0.10 072.10%, err@0.20 040.27%, maxae 0.731
  [diag] log10|dL/dh_t| hist bins=60 range=(-12.50,-11.50) mean=-12.00 p50=-12.00 p05=-12.00 p95=-12.00
  [diag] sat-dist hist bins=60 sat<0.05=0.0% mean=0.994 p10=0.994 p90=0.995
  [diag] z-gate sat-dist hist bins=60 mean=0.119 p10=0.119 p90=0.119
  [diag] r-gate sat-dist hist bins=60 mean=0.499 p10=0.499 p90=0.499
Iter 0012000: train nll 0.054, valid error 040.260%, best valid error 024.250%, avg grad norm   0.090, avg grad norm (post clip)   0.000, rho_Whh  0.08, Omega  0.00, alpha  0.000, steps in the past 0.000, valid nll 0.048, valid mae 0.180, err@0.05 086.33%, err@0.10 072.10%, err@0.20 040.26%, maxae 0.731
  [diag] log10|dL/dh_t| hist bins=60 range=(-12.50,-11.50) mean=-12.00 p50=-12.00 p05=-12.00 p95=-12.00
  [diag] sat-dist hist bins=60 sat<0.05=0.0% mean=0.994 p10=0.994 p90=0.995
  [diag] z-gate sat-dist hist bins=60 mean=0.119 p10=0.119 p90=0.119
  [diag] r-gate sat-dist hist bins=60 mean=0.499 p10=0.499 p90=0.499
Iter 0012020: train nll 0.051, valid error 041.540%, best valid error 024.250%, avg grad norm   0.098, avg grad norm (post clip)   0.000, rho_Whh  0.08, Omega  0.00, alpha  0.000, steps in the past 0.000, valid nll 0.048, valid mae 0.182, err@0.05 086.65%, err@0.10 072.54%, err@0.20 041.54%, maxae 0.725
  [diag] log10|dL/dh_t| hist bins=60 range=(-12.50,-11.50) mean=-12.00 p50=-12.00 p05=-12.00 p95=-12.00
  [diag] sat-dist hist bins=60 sat<0.05=0.0% mean=0.994 p10=0.994 p90=0.995
  [diag] z-gate sat-dist hist bins=60 mean=0.119 p10=0.119 p90=0.119
  [diag] r-gate sat-dist hist bins=60 mean=0.499 p10=0.499 p90=0.499
Iter 0012040: train nll 0.050, valid error 041.240%, best valid error 024.250%, avg grad norm   0.074, avg grad norm (post clip)   0.000, rho_Whh  0.08, Omega  0.00, alpha  0.000, steps in the past 0.000, valid nll 0.048, valid mae 0.181, err@0.05 086.66%, err@0.10 072.37%, err@0.20 041.24%, maxae 0.727
  [diag] log10|dL/dh_t| hist bins=60 range=(-12.50,-11.50) mean=-12.00 p50=-12.00 p05=-12.00 p95=-12.00
  [diag] sat-dist hist bins=60 sat<0.05=0.0% mean=0.994 p10=0.994 p90=0.995
  [diag] z-gate sat-dist hist bins=60 mean=0.119 p10=0.119 p90=0.119
  [diag] r-gate sat-dist hist bins=60 mean=0.499 p10=0.499 p90=0.499
Iter 0012060: train nll 0.046, valid error 039.770%, best valid error 024.250%, avg grad norm   0.068, avg grad norm (post clip)   0.000, rho_Whh  0.08, Omega  0.00, alpha  0.000, steps in the past 0.000, valid nll 0.048, valid mae 0.180, err@0.05 086.33%, err@0.10 072.04%, err@0.20 039.77%, maxae 0.733
  [diag] log10|dL/dh_t| hist bins=60 range=(-12.50,-11.50) mean=-12.00 p50=-12.00 p05=-12.00 p95=-12.00
  [diag] sat-dist hist bins=60 sat<0.05=0.0% mean=0.995 p10=0.994 p90=0.995
  [diag] z-gate sat-dist hist bins=60 mean=0.119 p10=0.119 p90=0.119
  [diag] r-gate sat-dist hist bins=60 mean=0.499 p10=0.499 p90=0.499
Iter 0012080: train nll 0.046, valid error 038.060%, best valid error 024.250%, avg grad norm   0.075, avg grad norm (post clip)   0.000, rho_Whh  0.08, Omega  0.00, alpha  0.000, steps in the past 0.000, valid nll 0.048, valid mae 0.178, err@0.05 085.92%, err@0.10 071.51%, err@0.20 038.06%, maxae 0.741
  [diag] log10|dL/dh_t| hist bins=60 range=(-12.50,-11.50) mean=-12.00 p50=-12.00 p05=-12.00 p95=-12.00
  [diag] sat-dist hist bins=60 sat<0.05=0.0% mean=0.995 p10=0.994 p90=0.995
  [diag] z-gate sat-dist hist bins=60 mean=0.119 p10=0.119 p90=0.119
  [diag] r-gate sat-dist hist bins=60 mean=0.499 p10=0.499 p90=0.499
Iter 0012100: train nll 0.051, valid error 038.880%, best valid error 024.250%, avg grad norm   0.061, avg grad norm (post clip)   0.000, rho_Whh  0.08, Omega  0.00, alpha  0.000, steps in the past 0.000, valid nll 0.048, valid mae 0.179, err@0.05 086.11%, err@0.10 071.65%, err@0.20 038.88%, maxae 0.737
  [diag] log10|dL/dh_t| hist bins=60 range=(-12.50,-11.50) mean=-12.00 p50=-12.00 p05=-12.00 p95=-12.00
  [diag] sat-dist hist bins=60 sat<0.05=0.0% mean=0.995 p10=0.994 p90=0.995
  [diag] z-gate sat-dist hist bins=60 mean=0.119 p10=0.119 p90=0.119
  [diag] r-gate sat-dist hist bins=60 mean=0.499 p10=0.499 p90=0.499
Iter 0012120: train nll 0.051, valid error 038.850%, best valid error 024.250%, avg grad norm   0.059, avg grad norm (post clip)   0.000, rho_Whh  0.08, Omega  0.00, alpha  0.000, steps in the past 0.000, valid nll 0.048, valid mae 0.179, err@0.05 086.09%, err@0.10 071.66%, err@0.20 038.85%, maxae 0.738
  [diag] log10|dL/dh_t| hist bins=60 range=(-12.50,-11.50) mean=-12.00 p50=-12.00 p05=-12.00 p95=-12.00
  [diag] sat-dist hist bins=60 sat<0.05=0.0% mean=0.995 p10=0.994 p90=0.995
  [diag] z-gate sat-dist hist bins=60 mean=0.119 p10=0.119 p90=0.119
  [diag] r-gate sat-dist hist bins=60 mean=0.499 p10=0.499 p90=0.499
Iter 0012140: train nll 0.045, valid error 038.010%, best valid error 024.250%, avg grad norm   0.085, avg grad norm (post clip)   0.000, rho_Whh  0.08, Omega  0.00, alpha  0.000, steps in the past 0.000, valid nll 0.048, valid mae 0.178, err@0.05 085.90%, err@0.10 071.47%, err@0.20 038.01%, maxae 0.741
  [diag] log10|dL/dh_t| hist bins=60 range=(-12.50,-11.50) mean=-12.00 p50=-12.00 p05=-12.00 p95=-12.00
  [diag] sat-dist hist bins=60 sat<0.05=0.0% mean=0.995 p10=0.994 p90=0.995
  [diag] z-gate sat-dist hist bins=60 mean=0.119 p10=0.119 p90=0.119
  [diag] r-gate sat-dist hist bins=60 mean=0.499 p10=0.499 p90=0.499
Iter 0012160: train nll 0.048, valid error 038.430%, best valid error 024.250%, avg grad norm   0.070, avg grad norm (post clip)   0.000, rho_Whh  0.08, Omega  0.00, alpha  0.000, steps in the past 0.000, valid nll 0.048, valid mae 0.179, err@0.05 085.98%, err@0.10 071.57%, err@0.20 038.43%, maxae 0.739
  [diag] log10|dL/dh_t| hist bins=60 range=(-12.50,-11.50) mean=-12.00 p50=-12.00 p05=-12.00 p95=-12.00
  [diag] sat-dist hist bins=60 sat<0.05=0.0% mean=0.995 p10=0.994 p90=0.995
  [diag] z-gate sat-dist hist bins=60 mean=0.119 p10=0.119 p90=0.119
  [diag] r-gate sat-dist hist bins=60 mean=0.499 p10=0.499 p90=0.499
Iter 0012180: train nll 0.047, valid error 038.380%, best valid error 024.250%, avg grad norm   0.090, avg grad norm (post clip)   0.000, rho_Whh  0.08, Omega  0.00, alpha  0.000, steps in the past 0.000, valid nll 0.048, valid mae 0.179, err@0.05 085.88%, err@0.10 071.52%, err@0.20 038.38%, maxae 0.740
  [diag] log10|dL/dh_t| hist bins=60 range=(-12.50,-11.50) mean=-12.00 p50=-12.00 p05=-12.00 p95=-12.00
  [diag] sat-dist hist bins=60 sat<0.05=0.0% mean=0.995 p10=0.994 p90=0.995
  [diag] z-gate sat-dist hist bins=60 mean=0.119 p10=0.119 p90=0.119
  [diag] r-gate sat-dist hist bins=60 mean=0.499 p10=0.499 p90=0.499
Iter 0012200: train nll 0.051, valid error 038.430%, best valid error 024.250%, avg grad norm   0.075, avg grad norm (post clip)   0.000, rho_Whh  0.08, Omega  0.00, alpha  0.000, steps in the past 0.000, valid nll 0.048, valid mae 0.179, err@0.05 085.90%, err@0.10 071.56%, err@0.20 038.43%, maxae 0.739
  [diag] log10|dL/dh_t| hist bins=60 range=(-12.50,-11.50) mean=-12.00 p50=-12.00 p05=-12.00 p95=-12.00
  [diag] sat-dist hist bins=60 sat<0.05=0.0% mean=0.995 p10=0.994 p90=0.995
  [diag] z-gate sat-dist hist bins=60 mean=0.119 p10=0.119 p90=0.119
  [diag] r-gate sat-dist hist bins=60 mean=0.499 p10=0.499 p90=0.499
Iter 0012220: train nll 0.045, valid error 037.630%, best valid error 024.250%, avg grad norm   0.068, avg grad norm (post clip)   0.000, rho_Whh  0.08, Omega  0.00, alpha  0.000, steps in the past 0.000, valid nll 0.048, valid mae 0.178, err@0.05 085.92%, err@0.10 071.18%, err@0.20 037.63%, maxae 0.743
  [diag] log10|dL/dh_t| hist bins=60 range=(-12.50,-11.50) mean=-12.00 p50=-12.00 p05=-12.00 p95=-12.00
  [diag] sat-dist hist bins=60 sat<0.05=0.0% mean=0.995 p10=0.994 p90=0.995
  [diag] z-gate sat-dist hist bins=60 mean=0.119 p10=0.119 p90=0.119
  [diag] r-gate sat-dist hist bins=60 mean=0.499 p10=0.499 p90=0.499
Iter 0012240: train nll 0.045, valid error 037.550%, best valid error 024.250%, avg grad norm   0.077, avg grad norm (post clip)   0.000, rho_Whh  0.08, Omega  0.00, alpha  0.000, steps in the past 0.000, valid nll 0.048, valid mae 0.178, err@0.05 085.91%, err@0.10 071.19%, err@0.20 037.55%, maxae 0.744
  [diag] log10|dL/dh_t| hist bins=60 range=(-12.50,-11.50) mean=-12.00 p50=-12.00 p05=-12.00 p95=-12.00
  [diag] sat-dist hist bins=60 sat<0.05=0.0% mean=0.995 p10=0.994 p90=0.995
  [diag] z-gate sat-dist hist bins=60 mean=0.119 p10=0.119 p90=0.119
  [diag] r-gate sat-dist hist bins=60 mean=0.499 p10=0.499 p90=0.499
Iter 0012260: train nll 0.050, valid error 037.300%, best valid error 024.250%, avg grad norm   0.066, avg grad norm (post clip)   0.000, rho_Whh  0.08, Omega  0.00, alpha  0.000, steps in the past 0.000, valid nll 0.048, valid mae 0.178, err@0.05 085.81%, err@0.10 071.08%, err@0.20 037.30%, maxae 0.745
  [diag] log10|dL/dh_t| hist bins=60 range=(-12.50,-11.50) mean=-12.00 p50=-12.00 p05=-12.00 p95=-12.00
  [diag] sat-dist hist bins=60 sat<0.05=0.0% mean=0.995 p10=0.994 p90=0.995
  [diag] z-gate sat-dist hist bins=60 mean=0.119 p10=0.119 p90=0.119
  [diag] r-gate sat-dist hist bins=60 mean=0.499 p10=0.499 p90=0.499
Iter 0012280: train nll 0.046, valid error 037.560%, best valid error 024.250%, avg grad norm   0.057, avg grad norm (post clip)   0.000, rho_Whh  0.08, Omega  0.00, alpha  0.000, steps in the past 0.000, valid nll 0.048, valid mae 0.178, err@0.05 085.91%, err@0.10 071.19%, err@0.20 037.56%, maxae 0.744
  [diag] log10|dL/dh_t| hist bins=60 range=(-12.50,-11.50) mean=-12.00 p50=-12.00 p05=-12.00 p95=-12.00
  [diag] sat-dist hist bins=60 sat<0.05=0.0% mean=0.995 p10=0.994 p90=0.995
  [diag] z-gate sat-dist hist bins=60 mean=0.119 p10=0.119 p90=0.119
  [diag] r-gate sat-dist hist bins=60 mean=0.499 p10=0.499 p90=0.499
Iter 0012300: train nll 0.050, valid error 038.250%, best valid error 024.250%, avg grad norm   0.081, avg grad norm (post clip)   0.000, rho_Whh  0.08, Omega  0.00, alpha  0.000, steps in the past 0.000, valid nll 0.048, valid mae 0.179, err@0.05 085.94%, err@0.10 071.53%, err@0.20 038.25%, maxae 0.741
  [diag] log10|dL/dh_t| hist bins=60 range=(-12.50,-11.50) mean=-12.00 p50=-12.00 p05=-12.00 p95=-12.00
  [diag] sat-dist hist bins=60 sat<0.05=0.0% mean=0.995 p10=0.994 p90=0.995
  [diag] z-gate sat-dist hist bins=60 mean=0.119 p10=0.119 p90=0.119
  [diag] r-gate sat-dist hist bins=60 mean=0.499 p10=0.499 p90=0.499
Iter 0012320: train nll 0.049, valid error 037.970%, best valid error 024.250%, avg grad norm   0.074, avg grad norm (post clip)   0.000, rho_Whh  0.08, Omega  0.00, alpha  0.000, steps in the past 0.000, valid nll 0.048, valid mae 0.178, err@0.05 085.88%, err@0.10 071.43%, err@0.20 037.97%, maxae 0.742
  [diag] log10|dL/dh_t| hist bins=60 range=(-12.50,-11.50) mean=-12.00 p50=-12.00 p05=-12.00 p95=-12.00
  [diag] sat-dist hist bins=60 sat<0.05=0.0% mean=0.995 p10=0.994 p90=0.995
  [diag] z-gate sat-dist hist bins=60 mean=0.119 p10=0.119 p90=0.119
  [diag] r-gate sat-dist hist bins=60 mean=0.499 p10=0.499 p90=0.499
Iter 0012340: train nll 0.044, valid error 037.950%, best valid error 024.250%, avg grad norm   0.039, avg grad norm (post clip)   0.000, rho_Whh  0.08, Omega  0.00, alpha  0.000, steps in the past 0.000, valid nll 0.048, valid mae 0.178, err@0.05 085.89%, err@0.10 071.36%, err@0.20 037.95%, maxae 0.742
  [diag] log10|dL/dh_t| hist bins=60 range=(-12.50,-11.50) mean=-12.00 p50=-12.00 p05=-12.00 p95=-12.00
  [diag] sat-dist hist bins=60 sat<0.05=0.0% mean=0.995 p10=0.994 p90=0.995
  [diag] z-gate sat-dist hist bins=60 mean=0.119 p10=0.119 p90=0.119
  [diag] r-gate sat-dist hist bins=60 mean=0.499 p10=0.499 p90=0.499
Iter 0012360: train nll 0.054, valid error 038.440%, best valid error 024.250%, avg grad norm   0.082, avg grad norm (post clip)   0.000, rho_Whh  0.08, Omega  0.00, alpha  0.000, steps in the past 0.000, valid nll 0.048, valid mae 0.179, err@0.05 085.94%, err@0.10 071.56%, err@0.20 038.44%, maxae 0.739
  [diag] log10|dL/dh_t| hist bins=60 range=(-12.50,-11.50) mean=-12.00 p50=-12.00 p05=-12.00 p95=-12.00
  [diag] sat-dist hist bins=60 sat<0.05=0.0% mean=0.995 p10=0.994 p90=0.995
  [diag] z-gate sat-dist hist bins=60 mean=0.119 p10=0.119 p90=0.119
  [diag] r-gate sat-dist hist bins=60 mean=0.499 p10=0.499 p90=0.499
Iter 0012380: train nll 0.050, valid error 039.080%, best valid error 024.250%, avg grad norm   0.087, avg grad norm (post clip)   0.000, rho_Whh  0.08, Omega  0.00, alpha  0.000, steps in the past 0.000, valid nll 0.048, valid mae 0.179, err@0.05 086.19%, err@0.10 071.67%, err@0.20 039.08%, maxae 0.737
  [diag] log10|dL/dh_t| hist bins=60 range=(-12.50,-11.50) mean=-12.00 p50=-12.00 p05=-12.00 p95=-12.00
  [diag] sat-dist hist bins=60 sat<0.05=0.0% mean=0.994 p10=0.994 p90=0.995
  [diag] z-gate sat-dist hist bins=60 mean=0.119 p10=0.119 p90=0.119
  [diag] r-gate sat-dist hist bins=60 mean=0.499 p10=0.499 p90=0.499
Iter 0012400: train nll 0.056, valid error 039.640%, best valid error 024.250%, avg grad norm   0.094, avg grad norm (post clip)   0.000, rho_Whh  0.08, Omega  0.00, alpha  0.000, steps in the past 0.000, valid nll 0.048, valid mae 0.180, err@0.05 086.36%, err@0.10 071.96%, err@0.20 039.64%, maxae 0.734
  [diag] log10|dL/dh_t| hist bins=60 range=(-12.50,-11.50) mean=-12.00 p50=-12.00 p05=-12.00 p95=-12.00
  [diag] sat-dist hist bins=60 sat<0.05=0.0% mean=0.995 p10=0.994 p90=0.995
  [diag] z-gate sat-dist hist bins=60 mean=0.119 p10=0.119 p90=0.119
  [diag] r-gate sat-dist hist bins=60 mean=0.499 p10=0.499 p90=0.499
Iter 0012420: train nll 0.050, valid error 039.180%, best valid error 024.250%, avg grad norm   0.058, avg grad norm (post clip)   0.000, rho_Whh  0.08, Omega  0.00, alpha  0.000, steps in the past 0.000, valid nll 0.048, valid mae 0.179, err@0.05 086.29%, err@0.10 071.71%, err@0.20 039.18%, maxae 0.736
  [diag] log10|dL/dh_t| hist bins=60 range=(-12.50,-11.50) mean=-12.00 p50=-12.00 p05=-12.00 p95=-12.00
  [diag] sat-dist hist bins=60 sat<0.05=0.0% mean=0.995 p10=0.994 p90=0.995
  [diag] z-gate sat-dist hist bins=60 mean=0.119 p10=0.119 p90=0.119
  [diag] r-gate sat-dist hist bins=60 mean=0.499 p10=0.499 p90=0.499
Iter 0012440: train nll 0.047, valid error 038.350%, best valid error 024.250%, avg grad norm   0.073, avg grad norm (post clip)   0.000, rho_Whh  0.08, Omega  0.00, alpha  0.000, steps in the past 0.000, valid nll 0.048, valid mae 0.179, err@0.05 085.88%, err@0.10 071.53%, err@0.20 038.35%, maxae 0.740
  [diag] log10|dL/dh_t| hist bins=60 range=(-12.50,-11.50) mean=-12.00 p50=-12.00 p05=-12.00 p95=-12.00
  [diag] sat-dist hist bins=60 sat<0.05=0.0% mean=0.995 p10=0.994 p90=0.995
  [diag] z-gate sat-dist hist bins=60 mean=0.119 p10=0.119 p90=0.119
  [diag] r-gate sat-dist hist bins=60 mean=0.499 p10=0.499 p90=0.499
Iter 0012460: train nll 0.052, valid error 038.680%, best valid error 024.250%, avg grad norm   0.077, avg grad norm (post clip)   0.000, rho_Whh  0.08, Omega  0.00, alpha  0.000, steps in the past 0.000, valid nll 0.048, valid mae 0.179, err@0.05 085.98%, err@0.10 071.60%, err@0.20 038.68%, maxae 0.738
  [diag] log10|dL/dh_t| hist bins=60 range=(-12.50,-11.50) mean=-12.00 p50=-12.00 p05=-12.00 p95=-12.00
  [diag] sat-dist hist bins=60 sat<0.05=0.0% mean=0.994 p10=0.994 p90=0.995
  [diag] z-gate sat-dist hist bins=60 mean=0.119 p10=0.119 p90=0.119
  [diag] r-gate sat-dist hist bins=60 mean=0.499 p10=0.499 p90=0.499
Iter 0012480: train nll 0.050, valid error 039.990%, best valid error 024.250%, avg grad norm   0.091, avg grad norm (post clip)   0.000, rho_Whh  0.08, Omega  0.00, alpha  0.000, steps in the past 0.000, valid nll 0.048, valid mae 0.180, err@0.05 086.26%, err@0.10 072.12%, err@0.20 039.99%, maxae 0.732
  [diag] log10|dL/dh_t| hist bins=60 range=(-12.50,-11.50) mean=-12.00 p50=-12.00 p05=-12.00 p95=-12.00
  [diag] sat-dist hist bins=60 sat<0.05=0.0% mean=0.994 p10=0.994 p90=0.995
  [diag] z-gate sat-dist hist bins=60 mean=0.119 p10=0.119 p90=0.119
  [diag] r-gate sat-dist hist bins=60 mean=0.499 p10=0.499 p90=0.499
Iter 0012500: train nll 0.052, valid error 039.940%, best valid error 024.250%, avg grad norm   0.076, avg grad norm (post clip)   0.000, rho_Whh  0.08, Omega  0.00, alpha  0.000, steps in the past 0.000, valid nll 0.048, valid mae 0.180, err@0.05 086.27%, err@0.10 072.12%, err@0.20 039.94%, maxae 0.732
  [diag] log10|dL/dh_t| hist bins=60 range=(-12.50,-11.50) mean=-12.00 p50=-12.00 p05=-12.00 p95=-12.00
  [diag] sat-dist hist bins=60 sat<0.05=0.0% mean=0.995 p10=0.994 p90=0.995
  [diag] z-gate sat-dist hist bins=60 mean=0.119 p10=0.119 p90=0.119
  [diag] r-gate sat-dist hist bins=60 mean=0.499 p10=0.499 p90=0.499
Iter 0012520: train nll 0.049, valid error 039.080%, best valid error 024.250%, avg grad norm   0.085, avg grad norm (post clip)   0.000, rho_Whh  0.08, Omega  0.00, alpha  0.000, steps in the past 0.000, valid nll 0.048, valid mae 0.179, err@0.05 086.20%, err@0.10 071.68%, err@0.20 039.08%, maxae 0.737
  [diag] log10|dL/dh_t| hist bins=60 range=(-12.50,-11.50) mean=-12.00 p50=-12.00 p05=-12.00 p95=-12.00
  [diag] sat-dist hist bins=60 sat<0.05=0.0% mean=0.995 p10=0.994 p90=0.995
  [diag] z-gate sat-dist hist bins=60 mean=0.119 p10=0.119 p90=0.119
  [diag] r-gate sat-dist hist bins=60 mean=0.499 p10=0.499 p90=0.499
Iter 0012540: train nll 0.046, valid error 037.600%, best valid error 024.250%, avg grad norm   0.068, avg grad norm (post clip)   0.000, rho_Whh  0.08, Omega  0.00, alpha  0.000, steps in the past 0.000, valid nll 0.048, valid mae 0.178, err@0.05 085.93%, err@0.10 071.18%, err@0.20 037.60%, maxae 0.744
  [diag] log10|dL/dh_t| hist bins=60 range=(-12.50,-11.50) mean=-12.00 p50=-12.00 p05=-12.00 p95=-12.00
  [diag] sat-dist hist bins=60 sat<0.05=0.0% mean=0.995 p10=0.994 p90=0.995
  [diag] z-gate sat-dist hist bins=60 mean=0.119 p10=0.119 p90=0.119
  [diag] r-gate sat-dist hist bins=60 mean=0.499 p10=0.499 p90=0.499
Iter 0012560: train nll 0.054, valid error 038.860%, best valid error 024.250%, avg grad norm   0.079, avg grad norm (post clip)   0.000, rho_Whh  0.08, Omega  0.00, alpha  0.000, steps in the past 0.000, valid nll 0.048, valid mae 0.179, err@0.05 086.09%, err@0.10 071.64%, err@0.20 038.86%, maxae 0.738
  [diag] log10|dL/dh_t| hist bins=60 range=(-12.50,-11.50) mean=-12.00 p50=-12.00 p05=-12.00 p95=-12.00
  [diag] sat-dist hist bins=60 sat<0.05=0.0% mean=0.994 p10=0.994 p90=0.995
  [diag] z-gate sat-dist hist bins=60 mean=0.119 p10=0.119 p90=0.119
  [diag] r-gate sat-dist hist bins=60 mean=0.499 p10=0.499 p90=0.499
Iter 0012580: train nll 0.055, valid error 039.560%, best valid error 024.250%, avg grad norm   0.067, avg grad norm (post clip)   0.000, rho_Whh  0.08, Omega  0.00, alpha  0.000, steps in the past 0.000, valid nll 0.048, valid mae 0.180, err@0.05 086.33%, err@0.10 071.92%, err@0.20 039.56%, maxae 0.734
  [diag] log10|dL/dh_t| hist bins=60 range=(-12.50,-11.50) mean=-12.00 p50=-12.00 p05=-12.00 p95=-12.00
  [diag] sat-dist hist bins=60 sat<0.05=0.0% mean=0.994 p10=0.994 p90=0.995
  [diag] z-gate sat-dist hist bins=60 mean=0.119 p10=0.119 p90=0.119
  [diag] r-gate sat-dist hist bins=60 mean=0.499 p10=0.499 p90=0.499
Iter 0012600: train nll 0.050, valid error 039.790%, best valid error 024.250%, avg grad norm   0.088, avg grad norm (post clip)   0.000, rho_Whh  0.08, Omega  0.00, alpha  0.000, steps in the past 0.000, valid nll 0.048, valid mae 0.180, err@0.05 086.33%, err@0.10 072.05%, err@0.20 039.79%, maxae 0.733
  [diag] log10|dL/dh_t| hist bins=60 range=(-12.50,-11.50) mean=-12.00 p50=-12.00 p05=-12.00 p95=-12.00
  [diag] sat-dist hist bins=60 sat<0.05=0.0% mean=0.995 p10=0.994 p90=0.995
  [diag] z-gate sat-dist hist bins=60 mean=0.119 p10=0.119 p90=0.119
  [diag] r-gate sat-dist hist bins=60 mean=0.499 p10=0.499 p90=0.499
Iter 0012620: train nll 0.052, valid error 039.480%, best valid error 024.250%, avg grad norm   0.067, avg grad norm (post clip)   0.000, rho_Whh  0.08, Omega  0.00, alpha  0.000, steps in the past 0.000, valid nll 0.048, valid mae 0.180, err@0.05 086.32%, err@0.10 071.92%, err@0.20 039.48%, maxae 0.734
  [diag] log10|dL/dh_t| hist bins=60 range=(-12.50,-11.50) mean=-12.00 p50=-12.00 p05=-12.00 p95=-12.00
  [diag] sat-dist hist bins=60 sat<0.05=0.0% mean=0.995 p10=0.994 p90=0.995
  [diag] z-gate sat-dist hist bins=60 mean=0.119 p10=0.119 p90=0.119
  [diag] r-gate sat-dist hist bins=60 mean=0.499 p10=0.499 p90=0.499
Iter 0012640: train nll 0.047, valid error 039.320%, best valid error 024.250%, avg grad norm   0.056, avg grad norm (post clip)   0.000, rho_Whh  0.08, Omega  0.00, alpha  0.000, steps in the past 0.000, valid nll 0.048, valid mae 0.180, err@0.05 086.25%, err@0.10 071.77%, err@0.20 039.32%, maxae 0.735
  [diag] log10|dL/dh_t| hist bins=60 range=(-12.50,-11.50) mean=-12.00 p50=-12.00 p05=-12.00 p95=-12.00
  [diag] sat-dist hist bins=60 sat<0.05=0.0% mean=0.995 p10=0.994 p90=0.995
  [diag] z-gate sat-dist hist bins=60 mean=0.119 p10=0.119 p90=0.119
  [diag] r-gate sat-dist hist bins=60 mean=0.499 p10=0.499 p90=0.499
Iter 0012660: train nll 0.047, valid error 039.410%, best valid error 024.250%, avg grad norm   0.067, avg grad norm (post clip)   0.000, rho_Whh  0.08, Omega  0.00, alpha  0.000, steps in the past 0.000, valid nll 0.048, valid mae 0.180, err@0.05 086.26%, err@0.10 071.86%, err@0.20 039.41%, maxae 0.735
  [diag] log10|dL/dh_t| hist bins=60 range=(-12.50,-11.50) mean=-12.00 p50=-12.00 p05=-12.00 p95=-12.00
  [diag] sat-dist hist bins=60 sat<0.05=0.0% mean=0.995 p10=0.994 p90=0.995
  [diag] z-gate sat-dist hist bins=60 mean=0.119 p10=0.119 p90=0.119
  [diag] r-gate sat-dist hist bins=60 mean=0.499 p10=0.499 p90=0.499
Iter 0012680: train nll 0.049, valid error 039.130%, best valid error 024.250%, avg grad norm   0.085, avg grad norm (post clip)   0.000, rho_Whh  0.08, Omega  0.00, alpha  0.000, steps in the past 0.000, valid nll 0.048, valid mae 0.179, err@0.05 086.19%, err@0.10 071.69%, err@0.20 039.13%, maxae 0.736
  [diag] log10|dL/dh_t| hist bins=60 range=(-12.50,-11.50) mean=-12.00 p50=-12.00 p05=-12.00 p95=-12.00
  [diag] sat-dist hist bins=60 sat<0.05=0.0% mean=0.995 p10=0.994 p90=0.995
  [diag] z-gate sat-dist hist bins=60 mean=0.119 p10=0.119 p90=0.119
  [diag] r-gate sat-dist hist bins=60 mean=0.499 p10=0.499 p90=0.499
Iter 0012700: train nll 0.045, valid error 038.390%, best valid error 024.250%, avg grad norm   0.070, avg grad norm (post clip)   0.000, rho_Whh  0.08, Omega  0.00, alpha  0.000, steps in the past 0.000, valid nll 0.048, valid mae 0.179, err@0.05 085.88%, err@0.10 071.52%, err@0.20 038.39%, maxae 0.740
  [diag] log10|dL/dh_t| hist bins=60 range=(-12.50,-11.50) mean=-12.00 p50=-12.00 p05=-12.00 p95=-12.00
  [diag] sat-dist hist bins=60 sat<0.05=0.0% mean=0.995 p10=0.994 p90=0.995
  [diag] z-gate sat-dist hist bins=60 mean=0.119 p10=0.119 p90=0.119
  [diag] r-gate sat-dist hist bins=60 mean=0.499 p10=0.499 p90=0.499
Iter 0012720: train nll 0.050, valid error 039.220%, best valid error 024.250%, avg grad norm   0.089, avg grad norm (post clip)   0.000, rho_Whh  0.08, Omega  0.00, alpha  0.000, steps in the past 0.000, valid nll 0.048, valid mae 0.180, err@0.05 086.29%, err@0.10 071.71%, err@0.20 039.22%, maxae 0.736
  [diag] log10|dL/dh_t| hist bins=60 range=(-12.50,-11.50) mean=-12.00 p50=-12.00 p05=-12.00 p95=-12.00
  [diag] sat-dist hist bins=60 sat<0.05=0.0% mean=0.994 p10=0.994 p90=0.995
  [diag] z-gate sat-dist hist bins=60 mean=0.119 p10=0.119 p90=0.119
  [diag] r-gate sat-dist hist bins=60 mean=0.499 p10=0.499 p90=0.499
Iter 0012740: train nll 0.054, valid error 040.430%, best valid error 024.250%, avg grad norm   0.109, avg grad norm (post clip)   0.000, rho_Whh  0.08, Omega  0.00, alpha  0.000, steps in the past 0.000, valid nll 0.048, valid mae 0.181, err@0.05 086.43%, err@0.10 072.19%, err@0.20 040.43%, maxae 0.730
  [diag] log10|dL/dh_t| hist bins=60 range=(-12.50,-11.50) mean=-12.00 p50=-12.00 p05=-12.00 p95=-12.00
  [diag] sat-dist hist bins=60 sat<0.05=0.0% mean=0.995 p10=0.994 p90=0.995
  [diag] z-gate sat-dist hist bins=60 mean=0.119 p10=0.119 p90=0.119
  [diag] r-gate sat-dist hist bins=60 mean=0.499 p10=0.499 p90=0.499
Iter 0012760: train nll 0.048, valid error 038.450%, best valid error 024.250%, avg grad norm   0.085, avg grad norm (post clip)   0.000, rho_Whh  0.08, Omega  0.00, alpha  0.000, steps in the past 0.000, valid nll 0.048, valid mae 0.179, err@0.05 085.99%, err@0.10 071.60%, err@0.20 038.45%, maxae 0.739
  [diag] log10|dL/dh_t| hist bins=60 range=(-12.50,-11.50) mean=-12.00 p50=-12.00 p05=-12.00 p95=-12.00
  [diag] sat-dist hist bins=60 sat<0.05=0.0% mean=0.994 p10=0.994 p90=0.995
  [diag] z-gate sat-dist hist bins=60 mean=0.119 p10=0.119 p90=0.119
  [diag] r-gate sat-dist hist bins=60 mean=0.499 p10=0.499 p90=0.499
Iter 0012780: train nll 0.052, valid error 039.600%, best valid error 024.250%, avg grad norm   0.070, avg grad norm (post clip)   0.000, rho_Whh  0.08, Omega  0.00, alpha  0.000, steps in the past 0.000, valid nll 0.048, valid mae 0.180, err@0.05 086.32%, err@0.10 071.95%, err@0.20 039.60%, maxae 0.734
  [diag] log10|dL/dh_t| hist bins=60 range=(-12.50,-11.50) mean=-12.00 p50=-12.00 p05=-12.00 p95=-12.00
  [diag] sat-dist hist bins=60 sat<0.05=0.0% mean=0.994 p10=0.994 p90=0.995
  [diag] z-gate sat-dist hist bins=60 mean=0.119 p10=0.119 p90=0.119
  [diag] r-gate sat-dist hist bins=60 mean=0.499 p10=0.499 p90=0.499
Iter 0012800: train nll 0.053, valid error 039.880%, best valid error 024.250%, avg grad norm   0.096, avg grad norm (post clip)   0.000, rho_Whh  0.08, Omega  0.00, alpha  0.000, steps in the past 0.000, valid nll 0.048, valid mae 0.180, err@0.05 086.30%, err@0.10 072.09%, err@0.20 039.88%, maxae 0.733
  [diag] log10|dL/dh_t| hist bins=60 range=(-12.50,-11.50) mean=-12.00 p50=-12.00 p05=-12.00 p95=-12.00
  [diag] sat-dist hist bins=60 sat<0.05=0.0% mean=0.995 p10=0.994 p90=0.995
  [diag] z-gate sat-dist hist bins=60 mean=0.119 p10=0.119 p90=0.119
  [diag] r-gate sat-dist hist bins=60 mean=0.499 p10=0.499 p90=0.499
Iter 0012820: train nll 0.046, valid error 039.610%, best valid error 024.250%, avg grad norm   0.078, avg grad norm (post clip)   0.000, rho_Whh  0.08, Omega  0.00, alpha  0.000, steps in the past 0.000, valid nll 0.048, valid mae 0.180, err@0.05 086.32%, err@0.10 071.94%, err@0.20 039.61%, maxae 0.734
  [diag] log10|dL/dh_t| hist bins=60 range=(-12.50,-11.50) mean=-12.00 p50=-12.00 p05=-12.00 p95=-12.00
  [diag] sat-dist hist bins=60 sat<0.05=0.0% mean=0.995 p10=0.994 p90=0.995
  [diag] z-gate sat-dist hist bins=60 mean=0.119 p10=0.119 p90=0.119
  [diag] r-gate sat-dist hist bins=60 mean=0.499 p10=0.499 p90=0.499
Iter 0012840: train nll 0.048, valid error 039.520%, best valid error 024.250%, avg grad norm   0.090, avg grad norm (post clip)   0.000, rho_Whh  0.08, Omega  0.00, alpha  0.000, steps in the past 0.000, valid nll 0.048, valid mae 0.180, err@0.05 086.34%, err@0.10 071.92%, err@0.20 039.52%, maxae 0.734
  [diag] log10|dL/dh_t| hist bins=60 range=(-12.50,-11.50) mean=-12.00 p50=-12.00 p05=-12.00 p95=-12.00
  [diag] sat-dist hist bins=60 sat<0.05=0.0% mean=0.994 p10=0.994 p90=0.995
  [diag] z-gate sat-dist hist bins=60 mean=0.119 p10=0.119 p90=0.119
  [diag] r-gate sat-dist hist bins=60 mean=0.499 p10=0.499 p90=0.499
Iter 0012860: train nll 0.049, valid error 039.750%, best valid error 024.250%, avg grad norm   0.085, avg grad norm (post clip)   0.000, rho_Whh  0.08, Omega  0.00, alpha  0.000, steps in the past 0.000, valid nll 0.048, valid mae 0.180, err@0.05 086.32%, err@0.10 072.03%, err@0.20 039.75%, maxae 0.733
  [diag] log10|dL/dh_t| hist bins=60 range=(-12.50,-11.50) mean=-12.00 p50=-12.00 p05=-12.00 p95=-12.00
  [diag] sat-dist hist bins=60 sat<0.05=0.0% mean=0.995 p10=0.994 p90=0.995
  [diag] z-gate sat-dist hist bins=60 mean=0.119 p10=0.119 p90=0.119
  [diag] r-gate sat-dist hist bins=60 mean=0.499 p10=0.499 p90=0.499
Iter 0012880: train nll 0.048, valid error 039.480%, best valid error 024.250%, avg grad norm   0.072, avg grad norm (post clip)   0.000, rho_Whh  0.08, Omega  0.00, alpha  0.000, steps in the past 0.000, valid nll 0.048, valid mae 0.180, err@0.05 086.30%, err@0.10 071.94%, err@0.20 039.48%, maxae 0.734
  [diag] log10|dL/dh_t| hist bins=60 range=(-12.50,-11.50) mean=-12.00 p50=-12.00 p05=-12.00 p95=-12.00
  [diag] sat-dist hist bins=60 sat<0.05=0.0% mean=0.995 p10=0.994 p90=0.995
  [diag] z-gate sat-dist hist bins=60 mean=0.119 p10=0.119 p90=0.119
  [diag] r-gate sat-dist hist bins=60 mean=0.499 p10=0.499 p90=0.499
Iter 0012900: train nll 0.048, valid error 039.020%, best valid error 024.250%, avg grad norm   0.072, avg grad norm (post clip)   0.000, rho_Whh  0.08, Omega  0.00, alpha  0.000, steps in the past 0.000, valid nll 0.048, valid mae 0.179, err@0.05 086.19%, err@0.10 071.64%, err@0.20 039.02%, maxae 0.737
  [diag] log10|dL/dh_t| hist bins=60 range=(-12.50,-11.50) mean=-12.00 p50=-12.00 p05=-12.00 p95=-12.00
  [diag] sat-dist hist bins=60 sat<0.05=0.0% mean=0.995 p10=0.994 p90=0.995
  [diag] z-gate sat-dist hist bins=60 mean=0.119 p10=0.119 p90=0.119
  [diag] r-gate sat-dist hist bins=60 mean=0.499 p10=0.499 p90=0.499
Iter 0012920: train nll 0.045, valid error 037.640%, best valid error 024.250%, avg grad norm   0.081, avg grad norm (post clip)   0.000, rho_Whh  0.08, Omega  0.00, alpha  0.000, steps in the past 0.000, valid nll 0.048, valid mae 0.178, err@0.05 085.95%, err@0.10 071.18%, err@0.20 037.64%, maxae 0.743
  [diag] log10|dL/dh_t| hist bins=60 range=(-12.50,-11.50) mean=-12.00 p50=-12.00 p05=-12.00 p95=-12.00
  [diag] sat-dist hist bins=60 sat<0.05=0.0% mean=0.995 p10=0.994 p90=0.995
  [diag] z-gate sat-dist hist bins=60 mean=0.119 p10=0.119 p90=0.119
  [diag] r-gate sat-dist hist bins=60 mean=0.499 p10=0.499 p90=0.499
Iter 0012940: train nll 0.047, valid error 036.590%, best valid error 024.250%, avg grad norm   0.059, avg grad norm (post clip)   0.000, rho_Whh  0.08, Omega  0.00, alpha  0.000, steps in the past 0.000, valid nll 0.048, valid mae 0.177, err@0.05 085.70%, err@0.10 070.79%, err@0.20 036.59%, maxae 0.748
  [diag] log10|dL/dh_t| hist bins=60 range=(-12.50,-11.50) mean=-12.00 p50=-12.00 p05=-12.00 p95=-12.00
  [diag] sat-dist hist bins=60 sat<0.05=0.0% mean=0.995 p10=0.994 p90=0.995
  [diag] z-gate sat-dist hist bins=60 mean=0.119 p10=0.119 p90=0.119
  [diag] r-gate sat-dist hist bins=60 mean=0.499 p10=0.499 p90=0.499
Iter 0012960: train nll 0.044, valid error 036.460%, best valid error 024.250%, avg grad norm   0.079, avg grad norm (post clip)   0.000, rho_Whh  0.08, Omega  0.00, alpha  0.000, steps in the past 0.000, valid nll 0.048, valid mae 0.177, err@0.05 085.71%, err@0.10 070.77%, err@0.20 036.46%, maxae 0.748
  [diag] log10|dL/dh_t| hist bins=60 range=(-12.50,-11.50) mean=-12.00 p50=-12.00 p05=-12.00 p95=-12.00
  [diag] sat-dist hist bins=60 sat<0.05=0.0% mean=0.995 p10=0.994 p90=0.995
  [diag] z-gate sat-dist hist bins=60 mean=0.119 p10=0.119 p90=0.119
  [diag] r-gate sat-dist hist bins=60 mean=0.499 p10=0.499 p90=0.499
Iter 0012980: train nll 0.048, valid error 036.770%, best valid error 024.250%, avg grad norm   0.058, avg grad norm (post clip)   0.000, rho_Whh  0.08, Omega  0.00, alpha  0.000, steps in the past 0.000, valid nll 0.048, valid mae 0.177, err@0.05 085.74%, err@0.10 070.92%, err@0.20 036.77%, maxae 0.747
  [diag] log10|dL/dh_t| hist bins=60 range=(-12.50,-11.50) mean=-12.00 p50=-12.00 p05=-12.00 p95=-12.00
  [diag] sat-dist hist bins=60 sat<0.05=0.0% mean=0.995 p10=0.994 p90=0.995
  [diag] z-gate sat-dist hist bins=60 mean=0.119 p10=0.119 p90=0.119
  [diag] r-gate sat-dist hist bins=60 mean=0.499 p10=0.499 p90=0.499
Iter 0013000: train nll 0.054, valid error 038.460%, best valid error 024.250%, avg grad norm   0.085, avg grad norm (post clip)   0.000, rho_Whh  0.08, Omega  0.00, alpha  0.000, steps in the past 0.000, valid nll 0.048, valid mae 0.179, err@0.05 085.99%, err@0.10 071.61%, err@0.20 038.46%, maxae 0.739
  [diag] log10|dL/dh_t| hist bins=60 range=(-12.50,-11.50) mean=-12.00 p50=-12.00 p05=-12.00 p95=-12.00
  [diag] sat-dist hist bins=60 sat<0.05=0.0% mean=0.995 p10=0.994 p90=0.995
  [diag] z-gate sat-dist hist bins=60 mean=0.119 p10=0.119 p90=0.119
  [diag] r-gate sat-dist hist bins=60 mean=0.499 p10=0.499 p90=0.499
Iter 0013020: train nll 0.054, valid error 039.310%, best valid error 024.250%, avg grad norm   0.080, avg grad norm (post clip)   0.000, rho_Whh  0.08, Omega  0.00, alpha  0.000, steps in the past 0.000, valid nll 0.048, valid mae 0.180, err@0.05 086.25%, err@0.10 071.76%, err@0.20 039.31%, maxae 0.736
  [diag] log10|dL/dh_t| hist bins=60 range=(-12.50,-11.50) mean=-12.00 p50=-12.00 p05=-12.00 p95=-12.00
  [diag] sat-dist hist bins=60 sat<0.05=0.0% mean=0.995 p10=0.994 p90=0.995
  [diag] z-gate sat-dist hist bins=60 mean=0.119 p10=0.119 p90=0.119
  [diag] r-gate sat-dist hist bins=60 mean=0.499 p10=0.499 p90=0.499
Iter 0013040: train nll 0.049, valid error 039.610%, best valid error 024.250%, avg grad norm   0.071, avg grad norm (post clip)   0.000, rho_Whh  0.08, Omega  0.00, alpha  0.000, steps in the past 0.000, valid nll 0.048, valid mae 0.180, err@0.05 086.33%, err@0.10 071.94%, err@0.20 039.61%, maxae 0.734
  [diag] log10|dL/dh_t| hist bins=60 range=(-12.50,-11.50) mean=-12.00 p50=-12.00 p05=-12.00 p95=-12.00
  [diag] sat-dist hist bins=60 sat<0.05=0.0% mean=0.995 p10=0.994 p90=0.995
  [diag] z-gate sat-dist hist bins=60 mean=0.119 p10=0.119 p90=0.119
  [diag] r-gate sat-dist hist bins=60 mean=0.499 p10=0.499 p90=0.499
Iter 0013060: train nll 0.052, valid error 039.170%, best valid error 024.250%, avg grad norm   0.054, avg grad norm (post clip)   0.000, rho_Whh  0.08, Omega  0.00, alpha  0.000, steps in the past 0.000, valid nll 0.048, valid mae 0.179, err@0.05 086.22%, err@0.10 071.69%, err@0.20 039.17%, maxae 0.736
  [diag] log10|dL/dh_t| hist bins=60 range=(-12.50,-11.50) mean=-12.00 p50=-12.00 p05=-12.00 p95=-12.00
  [diag] sat-dist hist bins=60 sat<0.05=0.0% mean=0.995 p10=0.994 p90=0.995
  [diag] z-gate sat-dist hist bins=60 mean=0.119 p10=0.119 p90=0.119
  [diag] r-gate sat-dist hist bins=60 mean=0.499 p10=0.499 p90=0.499
Iter 0013080: train nll 0.045, valid error 038.210%, best valid error 024.250%, avg grad norm   0.088, avg grad norm (post clip)   0.000, rho_Whh  0.08, Omega  0.00, alpha  0.000, steps in the past 0.000, valid nll 0.048, valid mae 0.179, err@0.05 085.91%, err@0.10 071.51%, err@0.20 038.21%, maxae 0.741
  [diag] log10|dL/dh_t| hist bins=60 range=(-12.50,-11.50) mean=-12.00 p50=-12.00 p05=-12.00 p95=-12.00
  [diag] sat-dist hist bins=60 sat<0.05=0.0% mean=0.995 p10=0.994 p90=0.995
  [diag] z-gate sat-dist hist bins=60 mean=0.119 p10=0.119 p90=0.119
  [diag] r-gate sat-dist hist bins=60 mean=0.499 p10=0.499 p90=0.499
Iter 0013100: train nll 0.049, valid error 038.070%, best valid error 024.250%, avg grad norm   0.078, avg grad norm (post clip)   0.000, rho_Whh  0.08, Omega  0.00, alpha  0.000, steps in the past 0.000, valid nll 0.048, valid mae 0.178, err@0.05 085.90%, err@0.10 071.51%, err@0.20 038.07%, maxae 0.741
  [diag] log10|dL/dh_t| hist bins=60 range=(-12.50,-11.50) mean=-12.00 p50=-12.00 p05=-12.00 p95=-12.00
  [diag] sat-dist hist bins=60 sat<0.05=0.0% mean=0.995 p10=0.994 p90=0.995
  [diag] z-gate sat-dist hist bins=60 mean=0.119 p10=0.119 p90=0.119
  [diag] r-gate sat-dist hist bins=60 mean=0.499 p10=0.499 p90=0.499
Iter 0013120: train nll 0.050, valid error 038.070%, best valid error 024.250%, avg grad norm   0.080, avg grad norm (post clip)   0.000, rho_Whh  0.08, Omega  0.00, alpha  0.000, steps in the past 0.000, valid nll 0.048, valid mae 0.178, err@0.05 085.92%, err@0.10 071.51%, err@0.20 038.07%, maxae 0.741
  [diag] log10|dL/dh_t| hist bins=60 range=(-12.50,-11.50) mean=-12.00 p50=-12.00 p05=-12.00 p95=-12.00
  [diag] sat-dist hist bins=60 sat<0.05=0.0% mean=0.995 p10=0.994 p90=0.995
  [diag] z-gate sat-dist hist bins=60 mean=0.119 p10=0.119 p90=0.119
  [diag] r-gate sat-dist hist bins=60 mean=0.499 p10=0.499 p90=0.499
Iter 0013140: train nll 0.047, valid error 039.150%, best valid error 024.250%, avg grad norm   0.084, avg grad norm (post clip)   0.000, rho_Whh  0.08, Omega  0.00, alpha  0.000, steps in the past 0.000, valid nll 0.048, valid mae 0.179, err@0.05 086.20%, err@0.10 071.69%, err@0.20 039.15%, maxae 0.736
  [diag] log10|dL/dh_t| hist bins=60 range=(-12.50,-11.50) mean=-12.00 p50=-12.00 p05=-12.00 p95=-12.00
  [diag] sat-dist hist bins=60 sat<0.05=0.0% mean=0.995 p10=0.994 p90=0.995
  [diag] z-gate sat-dist hist bins=60 mean=0.119 p10=0.119 p90=0.119
  [diag] r-gate sat-dist hist bins=60 mean=0.499 p10=0.499 p90=0.499
Iter 0013160: train nll 0.045, valid error 038.370%, best valid error 024.250%, avg grad norm   0.081, avg grad norm (post clip)   0.000, rho_Whh  0.08, Omega  0.00, alpha  0.000, steps in the past 0.000, valid nll 0.048, valid mae 0.179, err@0.05 085.88%, err@0.10 071.54%, err@0.20 038.37%, maxae 0.740
  [diag] log10|dL/dh_t| hist bins=60 range=(-12.50,-11.50) mean=-12.00 p50=-12.00 p05=-12.00 p95=-12.00
  [diag] sat-dist hist bins=60 sat<0.05=0.0% mean=0.995 p10=0.994 p90=0.995
  [diag] z-gate sat-dist hist bins=60 mean=0.119 p10=0.119 p90=0.119
  [diag] r-gate sat-dist hist bins=60 mean=0.499 p10=0.499 p90=0.499
Iter 0013180: train nll 0.047, valid error 038.300%, best valid error 024.250%, avg grad norm   0.099, avg grad norm (post clip)   0.000, rho_Whh  0.08, Omega  0.00, alpha  0.000, steps in the past 0.000, valid nll 0.048, valid mae 0.179, err@0.05 085.92%, err@0.10 071.50%, err@0.20 038.30%, maxae 0.740
  [diag] log10|dL/dh_t| hist bins=60 range=(-12.50,-11.50) mean=-12.00 p50=-12.00 p05=-12.00 p95=-12.00
  [diag] sat-dist hist bins=60 sat<0.05=0.0% mean=0.995 p10=0.994 p90=0.995
  [diag] z-gate sat-dist hist bins=60 mean=0.119 p10=0.119 p90=0.119
  [diag] r-gate sat-dist hist bins=60 mean=0.499 p10=0.499 p90=0.499
Iter 0013200: train nll 0.046, valid error 038.220%, best valid error 024.250%, avg grad norm   0.065, avg grad norm (post clip)   0.000, rho_Whh  0.08, Omega  0.00, alpha  0.000, steps in the past 0.000, valid nll 0.048, valid mae 0.179, err@0.05 085.93%, err@0.10 071.52%, err@0.20 038.22%, maxae 0.741
  [diag] log10|dL/dh_t| hist bins=60 range=(-12.50,-11.50) mean=-12.00 p50=-12.00 p05=-12.00 p95=-12.00
  [diag] sat-dist hist bins=60 sat<0.05=0.0% mean=0.995 p10=0.994 p90=0.995
  [diag] z-gate sat-dist hist bins=60 mean=0.119 p10=0.119 p90=0.119
  [diag] r-gate sat-dist hist bins=60 mean=0.499 p10=0.499 p90=0.499
Iter 0013220: train nll 0.050, valid error 038.380%, best valid error 024.250%, avg grad norm   0.063, avg grad norm (post clip)   0.000, rho_Whh  0.08, Omega  0.00, alpha  0.000, steps in the past 0.000, valid nll 0.048, valid mae 0.179, err@0.05 085.88%, err@0.10 071.53%, err@0.20 038.38%, maxae 0.740
  [diag] log10|dL/dh_t| hist bins=60 range=(-12.50,-11.50) mean=-12.00 p50=-12.00 p05=-12.00 p95=-12.00
  [diag] sat-dist hist bins=60 sat<0.05=0.0% mean=0.995 p10=0.994 p90=0.995
  [diag] z-gate sat-dist hist bins=60 mean=0.119 p10=0.119 p90=0.119
  [diag] r-gate sat-dist hist bins=60 mean=0.499 p10=0.499 p90=0.499
Iter 0013240: train nll 0.049, valid error 038.260%, best valid error 024.250%, avg grad norm   0.077, avg grad norm (post clip)   0.000, rho_Whh  0.08, Omega  0.00, alpha  0.000, steps in the past 0.000, valid nll 0.048, valid mae 0.179, err@0.05 085.93%, err@0.10 071.53%, err@0.20 038.26%, maxae 0.741
  [diag] log10|dL/dh_t| hist bins=60 range=(-12.50,-11.50) mean=-12.00 p50=-12.00 p05=-12.00 p95=-12.00
  [diag] sat-dist hist bins=60 sat<0.05=0.0% mean=0.995 p10=0.994 p90=0.995
  [diag] z-gate sat-dist hist bins=60 mean=0.119 p10=0.119 p90=0.119
  [diag] r-gate sat-dist hist bins=60 mean=0.499 p10=0.499 p90=0.499
Iter 0013260: train nll 0.050, valid error 038.980%, best valid error 024.250%, avg grad norm   0.084, avg grad norm (post clip)   0.000, rho_Whh  0.08, Omega  0.00, alpha  0.000, steps in the past 0.000, valid nll 0.048, valid mae 0.179, err@0.05 086.16%, err@0.10 071.62%, err@0.20 038.98%, maxae 0.737
  [diag] log10|dL/dh_t| hist bins=60 range=(-12.50,-11.50) mean=-12.00 p50=-12.00 p05=-12.00 p95=-12.00
  [diag] sat-dist hist bins=60 sat<0.05=0.0% mean=0.995 p10=0.994 p90=0.995
  [diag] z-gate sat-dist hist bins=60 mean=0.119 p10=0.119 p90=0.119
  [diag] r-gate sat-dist hist bins=60 mean=0.499 p10=0.499 p90=0.499
Iter 0013280: train nll 0.054, valid error 039.430%, best valid error 024.250%, avg grad norm   0.072, avg grad norm (post clip)   0.000, rho_Whh  0.08, Omega  0.00, alpha  0.000, steps in the past 0.000, valid nll 0.048, valid mae 0.180, err@0.05 086.29%, err@0.10 071.89%, err@0.20 039.43%, maxae 0.735
  [diag] log10|dL/dh_t| hist bins=60 range=(-12.50,-11.50) mean=-12.00 p50=-12.00 p05=-12.00 p95=-12.00
  [diag] sat-dist hist bins=60 sat<0.05=0.0% mean=0.995 p10=0.994 p90=0.995
  [diag] z-gate sat-dist hist bins=60 mean=0.119 p10=0.119 p90=0.119
  [diag] r-gate sat-dist hist bins=60 mean=0.499 p10=0.499 p90=0.499
Iter 0013300: train nll 0.047, valid error 038.730%, best valid error 024.250%, avg grad norm   0.081, avg grad norm (post clip)   0.000, rho_Whh  0.08, Omega  0.00, alpha  0.000, steps in the past 0.000, valid nll 0.048, valid mae 0.179, err@0.05 086.00%, err@0.10 071.56%, err@0.20 038.73%, maxae 0.738
  [diag] log10|dL/dh_t| hist bins=60 range=(-12.50,-11.50) mean=-12.00 p50=-12.00 p05=-12.00 p95=-12.00
  [diag] sat-dist hist bins=60 sat<0.05=0.0% mean=0.995 p10=0.994 p90=0.995
  [diag] z-gate sat-dist hist bins=60 mean=0.119 p10=0.119 p90=0.119
  [diag] r-gate sat-dist hist bins=60 mean=0.499 p10=0.499 p90=0.499
Iter 0013320: train nll 0.051, valid error 038.900%, best valid error 024.250%, avg grad norm   0.091, avg grad norm (post clip)   0.000, rho_Whh  0.08, Omega  0.00, alpha  0.000, steps in the past 0.000, valid nll 0.048, valid mae 0.179, err@0.05 086.10%, err@0.10 071.63%, err@0.20 038.90%, maxae 0.737
  [diag] log10|dL/dh_t| hist bins=60 range=(-12.50,-11.50) mean=-12.00 p50=-12.00 p05=-12.00 p95=-12.00
  [diag] sat-dist hist bins=60 sat<0.05=0.0% mean=0.995 p10=0.994 p90=0.995
  [diag] z-gate sat-dist hist bins=60 mean=0.119 p10=0.119 p90=0.119
  [diag] r-gate sat-dist hist bins=60 mean=0.499 p10=0.499 p90=0.499
Iter 0013340: train nll 0.054, valid error 038.380%, best valid error 024.250%, avg grad norm   0.084, avg grad norm (post clip)   0.000, rho_Whh  0.08, Omega  0.00, alpha  0.000, steps in the past 0.000, valid nll 0.048, valid mae 0.179, err@0.05 085.87%, err@0.10 071.55%, err@0.20 038.38%, maxae 0.740
  [diag] log10|dL/dh_t| hist bins=60 range=(-12.50,-11.50) mean=-12.00 p50=-12.00 p05=-12.00 p95=-12.00
  [diag] sat-dist hist bins=60 sat<0.05=0.0% mean=0.995 p10=0.994 p90=0.995
  [diag] z-gate sat-dist hist bins=60 mean=0.119 p10=0.119 p90=0.119
  [diag] r-gate sat-dist hist bins=60 mean=0.499 p10=0.499 p90=0.499
Iter 0013360: train nll 0.043, valid error 037.670%, best valid error 024.250%, avg grad norm   0.093, avg grad norm (post clip)   0.000, rho_Whh  0.08, Omega  0.00, alpha  0.000, steps in the past 0.000, valid nll 0.048, valid mae 0.178, err@0.05 085.91%, err@0.10 071.18%, err@0.20 037.67%, maxae 0.743
  [diag] log10|dL/dh_t| hist bins=60 range=(-12.50,-11.50) mean=-12.00 p50=-12.00 p05=-12.00 p95=-12.00
  [diag] sat-dist hist bins=60 sat<0.05=0.0% mean=0.995 p10=0.994 p90=0.995
  [diag] z-gate sat-dist hist bins=60 mean=0.119 p10=0.119 p90=0.119
  [diag] r-gate sat-dist hist bins=60 mean=0.499 p10=0.499 p90=0.499
Iter 0013380: train nll 0.046, valid error 037.710%, best valid error 024.250%, avg grad norm   0.072, avg grad norm (post clip)   0.000, rho_Whh  0.08, Omega  0.00, alpha  0.000, steps in the past 0.000, valid nll 0.048, valid mae 0.178, err@0.05 085.92%, err@0.10 071.22%, err@0.20 037.71%, maxae 0.743
  [diag] log10|dL/dh_t| hist bins=60 range=(-12.50,-11.50) mean=-12.00 p50=-12.00 p05=-12.00 p95=-12.00
  [diag] sat-dist hist bins=60 sat<0.05=0.0% mean=0.995 p10=0.994 p90=0.995
  [diag] z-gate sat-dist hist bins=60 mean=0.119 p10=0.119 p90=0.119
  [diag] r-gate sat-dist hist bins=60 mean=0.499 p10=0.499 p90=0.499
Iter 0013400: train nll 0.048, valid error 038.460%, best valid error 024.250%, avg grad norm   0.070, avg grad norm (post clip)   0.000, rho_Whh  0.08, Omega  0.00, alpha  0.000, steps in the past 0.000, valid nll 0.048, valid mae 0.179, err@0.05 085.99%, err@0.10 071.60%, err@0.20 038.46%, maxae 0.739
  [diag] log10|dL/dh_t| hist bins=60 range=(-12.50,-11.50) mean=-12.00 p50=-12.00 p05=-12.00 p95=-12.00
  [diag] sat-dist hist bins=60 sat<0.05=0.0% mean=0.995 p10=0.994 p90=0.995
  [diag] z-gate sat-dist hist bins=60 mean=0.119 p10=0.119 p90=0.119
  [diag] r-gate sat-dist hist bins=60 mean=0.499 p10=0.499 p90=0.499
Iter 0013420: train nll 0.048, valid error 038.800%, best valid error 024.250%, avg grad norm   0.072, avg grad norm (post clip)   0.000, rho_Whh  0.08, Omega  0.00, alpha  0.000, steps in the past 0.000, valid nll 0.048, valid mae 0.179, err@0.05 086.08%, err@0.10 071.61%, err@0.20 038.80%, maxae 0.738
  [diag] log10|dL/dh_t| hist bins=60 range=(-12.50,-11.50) mean=-12.00 p50=-12.00 p05=-12.00 p95=-12.00
  [diag] sat-dist hist bins=60 sat<0.05=0.0% mean=0.995 p10=0.994 p90=0.995
  [diag] z-gate sat-dist hist bins=60 mean=0.119 p10=0.119 p90=0.119
  [diag] r-gate sat-dist hist bins=60 mean=0.499 p10=0.499 p90=0.499
Iter 0013440: train nll 0.051, valid error 039.310%, best valid error 024.250%, avg grad norm   0.082, avg grad norm (post clip)   0.000, rho_Whh  0.08, Omega  0.00, alpha  0.000, steps in the past 0.000, valid nll 0.048, valid mae 0.180, err@0.05 086.27%, err@0.10 071.74%, err@0.20 039.31%, maxae 0.736
  [diag] log10|dL/dh_t| hist bins=60 range=(-12.50,-11.50) mean=-12.00 p50=-12.00 p05=-12.00 p95=-12.00
  [diag] sat-dist hist bins=60 sat<0.05=0.0% mean=0.995 p10=0.994 p90=0.995
  [diag] z-gate sat-dist hist bins=60 mean=0.119 p10=0.119 p90=0.119
  [diag] r-gate sat-dist hist bins=60 mean=0.499 p10=0.499 p90=0.499
Iter 0013460: train nll 0.047, valid error 039.260%, best valid error 024.250%, avg grad norm   0.089, avg grad norm (post clip)   0.000, rho_Whh  0.08, Omega  0.00, alpha  0.000, steps in the past 0.000, valid nll 0.048, valid mae 0.180, err@0.05 086.28%, err@0.10 071.73%, err@0.20 039.26%, maxae 0.736
  [diag] log10|dL/dh_t| hist bins=60 range=(-12.50,-11.50) mean=-12.00 p50=-12.00 p05=-12.00 p95=-12.00
  [diag] sat-dist hist bins=60 sat<0.05=0.0% mean=0.994 p10=0.994 p90=0.995
  [diag] z-gate sat-dist hist bins=60 mean=0.119 p10=0.119 p90=0.119
  [diag] r-gate sat-dist hist bins=60 mean=0.499 p10=0.499 p90=0.499
Iter 0013480: train nll 0.051, valid error 040.560%, best valid error 024.250%, avg grad norm   0.071, avg grad norm (post clip)   0.000, rho_Whh  0.08, Omega  0.00, alpha  0.000, steps in the past 0.000, valid nll 0.048, valid mae 0.181, err@0.05 086.46%, err@0.10 072.23%, err@0.20 040.56%, maxae 0.730
  [diag] log10|dL/dh_t| hist bins=60 range=(-12.50,-11.50) mean=-12.00 p50=-12.00 p05=-12.00 p95=-12.00
  [diag] sat-dist hist bins=60 sat<0.05=0.0% mean=0.994 p10=0.994 p90=0.995
  [diag] z-gate sat-dist hist bins=60 mean=0.119 p10=0.119 p90=0.119
  [diag] r-gate sat-dist hist bins=60 mean=0.499 p10=0.499 p90=0.499
Iter 0013500: train nll 0.055, valid error 040.350%, best valid error 024.250%, avg grad norm   0.088, avg grad norm (post clip)   0.000, rho_Whh  0.08, Omega  0.00, alpha  0.000, steps in the past 0.000, valid nll 0.048, valid mae 0.181, err@0.05 086.41%, err@0.10 072.15%, err@0.20 040.35%, maxae 0.730
  [diag] log10|dL/dh_t| hist bins=60 range=(-12.50,-11.50) mean=-12.00 p50=-12.00 p05=-12.00 p95=-12.00
  [diag] sat-dist hist bins=60 sat<0.05=0.0% mean=0.995 p10=0.994 p90=0.995
  [diag] z-gate sat-dist hist bins=60 mean=0.119 p10=0.119 p90=0.119
  [diag] r-gate sat-dist hist bins=60 mean=0.499 p10=0.499 p90=0.499
Iter 0013520: train nll 0.046, valid error 039.450%, best valid error 024.250%, avg grad norm   0.092, avg grad norm (post clip)   0.000, rho_Whh  0.08, Omega  0.00, alpha  0.000, steps in the past 0.000, valid nll 0.048, valid mae 0.180, err@0.05 086.29%, err@0.10 071.91%, err@0.20 039.45%, maxae 0.735
  [diag] log10|dL/dh_t| hist bins=60 range=(-12.50,-11.50) mean=-12.00 p50=-12.00 p05=-12.00 p95=-12.00
  [diag] sat-dist hist bins=60 sat<0.05=0.0% mean=0.994 p10=0.994 p90=0.995
  [diag] z-gate sat-dist hist bins=60 mean=0.119 p10=0.119 p90=0.119
  [diag] r-gate sat-dist hist bins=60 mean=0.499 p10=0.499 p90=0.499
Iter 0013540: train nll 0.053, valid error 040.700%, best valid error 024.250%, avg grad norm   0.082, avg grad norm (post clip)   0.000, rho_Whh  0.08, Omega  0.00, alpha  0.000, steps in the past 0.000, valid nll 0.048, valid mae 0.181, err@0.05 086.52%, err@0.10 072.27%, err@0.20 040.70%, maxae 0.729
  [diag] log10|dL/dh_t| hist bins=60 range=(-12.50,-11.50) mean=-12.00 p50=-12.00 p05=-12.00 p95=-12.00
  [diag] sat-dist hist bins=60 sat<0.05=0.0% mean=0.994 p10=0.994 p90=0.995
  [diag] z-gate sat-dist hist bins=60 mean=0.119 p10=0.119 p90=0.119
  [diag] r-gate sat-dist hist bins=60 mean=0.499 p10=0.499 p90=0.499
Iter 0013560: train nll 0.050, valid error 040.220%, best valid error 024.250%, avg grad norm   0.048, avg grad norm (post clip)   0.000, rho_Whh  0.08, Omega  0.00, alpha  0.000, steps in the past 0.000, valid nll 0.048, valid mae 0.180, err@0.05 086.33%, err@0.10 072.10%, err@0.20 040.22%, maxae 0.731
  [diag] log10|dL/dh_t| hist bins=60 range=(-12.50,-11.50) mean=-12.00 p50=-12.00 p05=-12.00 p95=-12.00
  [diag] sat-dist hist bins=60 sat<0.05=0.0% mean=0.994 p10=0.994 p90=0.995
  [diag] z-gate sat-dist hist bins=60 mean=0.119 p10=0.119 p90=0.119
  [diag] r-gate sat-dist hist bins=60 mean=0.499 p10=0.499 p90=0.499
Iter 0013580: train nll 0.055, valid error 039.930%, best valid error 024.250%, avg grad norm   0.081, avg grad norm (post clip)   0.000, rho_Whh  0.08, Omega  0.00, alpha  0.000, steps in the past 0.000, valid nll 0.048, valid mae 0.180, err@0.05 086.27%, err@0.10 072.12%, err@0.20 039.93%, maxae 0.732
  [diag] log10|dL/dh_t| hist bins=60 range=(-12.50,-11.50) mean=-12.00 p50=-12.00 p05=-12.00 p95=-12.00
  [diag] sat-dist hist bins=60 sat<0.05=0.0% mean=0.995 p10=0.994 p90=0.995
  [diag] z-gate sat-dist hist bins=60 mean=0.119 p10=0.119 p90=0.119
  [diag] r-gate sat-dist hist bins=60 mean=0.499 p10=0.499 p90=0.499
Iter 0013600: train nll 0.048, valid error 039.370%, best valid error 024.250%, avg grad norm   0.091, avg grad norm (post clip)   0.000, rho_Whh  0.08, Omega  0.00, alpha  0.000, steps in the past 0.000, valid nll 0.048, valid mae 0.180, err@0.05 086.28%, err@0.10 071.87%, err@0.20 039.37%, maxae 0.735
  [diag] log10|dL/dh_t| hist bins=60 range=(-12.50,-11.50) mean=-12.00 p50=-12.00 p05=-12.00 p95=-12.00
  [diag] sat-dist hist bins=60 sat<0.05=0.0% mean=0.994 p10=0.994 p90=0.995
  [diag] z-gate sat-dist hist bins=60 mean=0.119 p10=0.119 p90=0.119
  [diag] r-gate sat-dist hist bins=60 mean=0.499 p10=0.499 p90=0.499
Iter 0013620: train nll 0.053, valid error 040.270%, best valid error 024.250%, avg grad norm   0.082, avg grad norm (post clip)   0.000, rho_Whh  0.08, Omega  0.00, alpha  0.000, steps in the past 0.000, valid nll 0.048, valid mae 0.180, err@0.05 086.31%, err@0.10 072.10%, err@0.20 040.27%, maxae 0.731
  [diag] log10|dL/dh_t| hist bins=60 range=(-12.50,-11.50) mean=-12.00 p50=-12.00 p05=-12.00 p95=-12.00
  [diag] sat-dist hist bins=60 sat<0.05=0.0% mean=0.995 p10=0.994 p90=0.995
  [diag] z-gate sat-dist hist bins=60 mean=0.119 p10=0.119 p90=0.119
  [diag] r-gate sat-dist hist bins=60 mean=0.499 p10=0.499 p90=0.499
Iter 0013640: train nll 0.049, valid error 039.680%, best valid error 024.250%, avg grad norm   0.067, avg grad norm (post clip)   0.000, rho_Whh  0.08, Omega  0.00, alpha  0.000, steps in the past 0.000, valid nll 0.048, valid mae 0.180, err@0.05 086.35%, err@0.10 071.98%, err@0.20 039.68%, maxae 0.734
  [diag] log10|dL/dh_t| hist bins=60 range=(-12.50,-11.50) mean=-12.00 p50=-12.00 p05=-12.00 p95=-12.00
  [diag] sat-dist hist bins=60 sat<0.05=0.0% mean=0.995 p10=0.994 p90=0.995
  [diag] z-gate sat-dist hist bins=60 mean=0.119 p10=0.119 p90=0.119
  [diag] r-gate sat-dist hist bins=60 mean=0.499 p10=0.499 p90=0.499
Iter 0013660: train nll 0.046, valid error 037.930%, best valid error 024.250%, avg grad norm   0.089, avg grad norm (post clip)   0.000, rho_Whh  0.08, Omega  0.00, alpha  0.000, steps in the past 0.000, valid nll 0.048, valid mae 0.178, err@0.05 085.87%, err@0.10 071.36%, err@0.20 037.93%, maxae 0.742
  [diag] log10|dL/dh_t| hist bins=60 range=(-12.50,-11.50) mean=-12.00 p50=-12.00 p05=-12.00 p95=-12.00
  [diag] sat-dist hist bins=60 sat<0.05=0.0% mean=0.995 p10=0.994 p90=0.995
  [diag] z-gate sat-dist hist bins=60 mean=0.119 p10=0.119 p90=0.119
  [diag] r-gate sat-dist hist bins=60 mean=0.499 p10=0.499 p90=0.499
Iter 0013680: train nll 0.049, valid error 037.730%, best valid error 024.250%, avg grad norm   0.093, avg grad norm (post clip)   0.000, rho_Whh  0.08, Omega  0.00, alpha  0.000, steps in the past 0.000, valid nll 0.048, valid mae 0.178, err@0.05 085.92%, err@0.10 071.22%, err@0.20 037.73%, maxae 0.743
  [diag] log10|dL/dh_t| hist bins=60 range=(-12.50,-11.50) mean=-12.00 p50=-12.00 p05=-12.00 p95=-12.00
  [diag] sat-dist hist bins=60 sat<0.05=0.0% mean=0.995 p10=0.994 p90=0.995
  [diag] z-gate sat-dist hist bins=60 mean=0.119 p10=0.119 p90=0.119
  [diag] r-gate sat-dist hist bins=60 mean=0.499 p10=0.499 p90=0.499
Iter 0013700: train nll 0.047, valid error 037.120%, best valid error 024.250%, avg grad norm   0.082, avg grad norm (post clip)   0.000, rho_Whh  0.08, Omega  0.00, alpha  0.000, steps in the past 0.000, valid nll 0.048, valid mae 0.178, err@0.05 085.80%, err@0.10 071.00%, err@0.20 037.12%, maxae 0.746
  [diag] log10|dL/dh_t| hist bins=60 range=(-12.50,-11.50) mean=-12.00 p50=-12.00 p05=-12.00 p95=-12.00
  [diag] sat-dist hist bins=60 sat<0.05=0.0% mean=0.995 p10=0.994 p90=0.995
  [diag] z-gate sat-dist hist bins=60 mean=0.119 p10=0.119 p90=0.119
  [diag] r-gate sat-dist hist bins=60 mean=0.499 p10=0.499 p90=0.499
Iter 0013720: train nll 0.043, valid error 036.580%, best valid error 024.250%, avg grad norm   0.087, avg grad norm (post clip)   0.000, rho_Whh  0.08, Omega  0.00, alpha  0.000, steps in the past 0.000, valid nll 0.048, valid mae 0.177, err@0.05 085.69%, err@0.10 070.78%, err@0.20 036.58%, maxae 0.748
  [diag] log10|dL/dh_t| hist bins=60 range=(-12.50,-11.50) mean=-12.00 p50=-12.00 p05=-12.00 p95=-12.00
  [diag] sat-dist hist bins=60 sat<0.05=0.0% mean=0.995 p10=0.994 p90=0.995
  [diag] z-gate sat-dist hist bins=60 mean=0.119 p10=0.119 p90=0.119
  [diag] r-gate sat-dist hist bins=60 mean=0.499 p10=0.499 p90=0.499
Iter 0013740: train nll 0.048, valid error 036.550%, best valid error 024.250%, avg grad norm   0.096, avg grad norm (post clip)   0.000, rho_Whh  0.08, Omega  0.00, alpha  0.000, steps in the past 0.000, valid nll 0.048, valid mae 0.177, err@0.05 085.70%, err@0.10 070.76%, err@0.20 036.55%, maxae 0.748
  [diag] log10|dL/dh_t| hist bins=60 range=(-12.50,-11.50) mean=-12.00 p50=-12.00 p05=-12.00 p95=-12.00
  [diag] sat-dist hist bins=60 sat<0.05=0.0% mean=0.995 p10=0.994 p90=0.995
  [diag] z-gate sat-dist hist bins=60 mean=0.119 p10=0.119 p90=0.119
  [diag] r-gate sat-dist hist bins=60 mean=0.499 p10=0.499 p90=0.499
Iter 0013760: train nll 0.047, valid error 036.280%, best valid error 024.250%, avg grad norm   0.107, avg grad norm (post clip)   0.000, rho_Whh  0.08, Omega  0.00, alpha  0.000, steps in the past 0.000, valid nll 0.048, valid mae 0.177, err@0.05 085.70%, err@0.10 070.79%, err@0.20 036.28%, maxae 0.749
  [diag] log10|dL/dh_t| hist bins=60 range=(-12.50,-11.50) mean=-12.00 p50=-12.00 p05=-12.00 p95=-12.00
  [diag] sat-dist hist bins=60 sat<0.05=0.0% mean=0.995 p10=0.994 p90=0.995
  [diag] z-gate sat-dist hist bins=60 mean=0.119 p10=0.119 p90=0.119
  [diag] r-gate sat-dist hist bins=60 mean=0.499 p10=0.499 p90=0.499
Iter 0013780: train nll 0.054, valid error 037.680%, best valid error 024.250%, avg grad norm   0.061, avg grad norm (post clip)   0.000, rho_Whh  0.08, Omega  0.00, alpha  0.000, steps in the past 0.000, valid nll 0.048, valid mae 0.178, err@0.05 085.92%, err@0.10 071.23%, err@0.20 037.68%, maxae 0.743
  [diag] log10|dL/dh_t| hist bins=60 range=(-12.50,-11.50) mean=-12.00 p50=-12.00 p05=-12.00 p95=-12.00
  [diag] sat-dist hist bins=60 sat<0.05=0.0% mean=0.995 p10=0.994 p90=0.995
  [diag] z-gate sat-dist hist bins=60 mean=0.119 p10=0.119 p90=0.119
  [diag] r-gate sat-dist hist bins=60 mean=0.499 p10=0.499 p90=0.499
Iter 0013800: train nll 0.049, valid error 039.020%, best valid error 024.250%, avg grad norm   0.073, avg grad norm (post clip)   0.000, rho_Whh  0.08, Omega  0.00, alpha  0.000, steps in the past 0.000, valid nll 0.048, valid mae 0.179, err@0.05 086.18%, err@0.10 071.64%, err@0.20 039.02%, maxae 0.737
  [diag] log10|dL/dh_t| hist bins=60 range=(-12.50,-11.50) mean=-12.00 p50=-12.00 p05=-12.00 p95=-12.00
  [diag] sat-dist hist bins=60 sat<0.05=0.0% mean=0.995 p10=0.994 p90=0.995
  [diag] z-gate sat-dist hist bins=60 mean=0.119 p10=0.119 p90=0.119
  [diag] r-gate sat-dist hist bins=60 mean=0.499 p10=0.499 p90=0.499
Iter 0013820: train nll 0.048, valid error 038.430%, best valid error 024.250%, avg grad norm   0.068, avg grad norm (post clip)   0.000, rho_Whh  0.08, Omega  0.00, alpha  0.000, steps in the past 0.000, valid nll 0.048, valid mae 0.179, err@0.05 085.98%, err@0.10 071.57%, err@0.20 038.43%, maxae 0.739
  [diag] log10|dL/dh_t| hist bins=60 range=(-12.50,-11.50) mean=-12.00 p50=-12.00 p05=-12.00 p95=-12.00
  [diag] sat-dist hist bins=60 sat<0.05=0.0% mean=0.995 p10=0.994 p90=0.995
  [diag] z-gate sat-dist hist bins=60 mean=0.119 p10=0.119 p90=0.119
  [diag] r-gate sat-dist hist bins=60 mean=0.499 p10=0.499 p90=0.499
Iter 0013840: train nll 0.048, valid error 037.580%, best valid error 024.250%, avg grad norm   0.092, avg grad norm (post clip)   0.000, rho_Whh  0.08, Omega  0.00, alpha  0.000, steps in the past 0.000, valid nll 0.048, valid mae 0.178, err@0.05 085.89%, err@0.10 071.18%, err@0.20 037.58%, maxae 0.744
  [diag] log10|dL/dh_t| hist bins=60 range=(-12.50,-11.50) mean=-12.00 p50=-12.00 p05=-12.00 p95=-12.00
  [diag] sat-dist hist bins=60 sat<0.05=0.0% mean=0.995 p10=0.994 p90=0.995
  [diag] z-gate sat-dist hist bins=60 mean=0.119 p10=0.119 p90=0.119
  [diag] r-gate sat-dist hist bins=60 mean=0.499 p10=0.499 p90=0.499
Iter 0013860: train nll 0.052, valid error 038.680%, best valid error 024.250%, avg grad norm   0.063, avg grad norm (post clip)   0.000, rho_Whh  0.08, Omega  0.00, alpha  0.000, steps in the past 0.000, valid nll 0.048, valid mae 0.179, err@0.05 085.99%, err@0.10 071.60%, err@0.20 038.68%, maxae 0.738
  [diag] log10|dL/dh_t| hist bins=60 range=(-12.50,-11.50) mean=-12.00 p50=-12.00 p05=-12.00 p95=-12.00
  [diag] sat-dist hist bins=60 sat<0.05=0.0% mean=0.995 p10=0.994 p90=0.995
  [diag] z-gate sat-dist hist bins=60 mean=0.119 p10=0.119 p90=0.119
  [diag] r-gate sat-dist hist bins=60 mean=0.499 p10=0.499 p90=0.499
Iter 0013880: train nll 0.046, valid error 038.370%, best valid error 024.250%, avg grad norm   0.073, avg grad norm (post clip)   0.000, rho_Whh  0.08, Omega  0.00, alpha  0.000, steps in the past 0.000, valid nll 0.048, valid mae 0.179, err@0.05 085.87%, err@0.10 071.55%, err@0.20 038.37%, maxae 0.740
  [diag] log10|dL/dh_t| hist bins=60 range=(-12.50,-11.50) mean=-12.00 p50=-12.00 p05=-12.00 p95=-12.00
  [diag] sat-dist hist bins=60 sat<0.05=0.0% mean=0.995 p10=0.994 p90=0.995
  [diag] z-gate sat-dist hist bins=60 mean=0.119 p10=0.119 p90=0.119
  [diag] r-gate sat-dist hist bins=60 mean=0.499 p10=0.499 p90=0.499
Iter 0013900: train nll 0.050, valid error 038.440%, best valid error 024.250%, avg grad norm   0.105, avg grad norm (post clip)   0.000, rho_Whh  0.08, Omega  0.00, alpha  0.000, steps in the past 0.000, valid nll 0.048, valid mae 0.179, err@0.05 086.00%, err@0.10 071.57%, err@0.20 038.44%, maxae 0.739
  [diag] log10|dL/dh_t| hist bins=60 range=(-12.50,-11.50) mean=-12.00 p50=-12.00 p05=-12.00 p95=-12.00
  [diag] sat-dist hist bins=60 sat<0.05=0.0% mean=0.995 p10=0.994 p90=0.995
  [diag] z-gate sat-dist hist bins=60 mean=0.119 p10=0.119 p90=0.119
  [diag] r-gate sat-dist hist bins=60 mean=0.499 p10=0.499 p90=0.499
Iter 0013920: train nll 0.051, valid error 038.360%, best valid error 024.250%, avg grad norm   0.088, avg grad norm (post clip)   0.000, rho_Whh  0.08, Omega  0.00, alpha  0.000, steps in the past 0.000, valid nll 0.048, valid mae 0.179, err@0.05 085.88%, err@0.10 071.54%, err@0.20 038.36%, maxae 0.740
  [diag] log10|dL/dh_t| hist bins=60 range=(-12.50,-11.50) mean=-12.00 p50=-12.00 p05=-12.00 p95=-12.00
  [diag] sat-dist hist bins=60 sat<0.05=0.0% mean=0.995 p10=0.994 p90=0.995
  [diag] z-gate sat-dist hist bins=60 mean=0.119 p10=0.119 p90=0.119
  [diag] r-gate sat-dist hist bins=60 mean=0.499 p10=0.499 p90=0.499
Iter 0013940: train nll 0.055, valid error 039.540%, best valid error 024.250%, avg grad norm   0.063, avg grad norm (post clip)   0.000, rho_Whh  0.08, Omega  0.00, alpha  0.000, steps in the past 0.000, valid nll 0.048, valid mae 0.180, err@0.05 086.33%, err@0.10 071.92%, err@0.20 039.54%, maxae 0.734
  [diag] log10|dL/dh_t| hist bins=60 range=(-12.50,-11.50) mean=-12.00 p50=-12.00 p05=-12.00 p95=-12.00
  [diag] sat-dist hist bins=60 sat<0.05=0.0% mean=0.995 p10=0.994 p90=0.995
  [diag] z-gate sat-dist hist bins=60 mean=0.119 p10=0.119 p90=0.119
  [diag] r-gate sat-dist hist bins=60 mean=0.499 p10=0.499 p90=0.499
Iter 0013960: train nll 0.047, valid error 039.310%, best valid error 024.250%, avg grad norm   0.085, avg grad norm (post clip)   0.000, rho_Whh  0.08, Omega  0.00, alpha  0.000, steps in the past 0.000, valid nll 0.048, valid mae 0.180, err@0.05 086.27%, err@0.10 071.74%, err@0.20 039.31%, maxae 0.736
  [diag] log10|dL/dh_t| hist bins=60 range=(-12.50,-11.50) mean=-12.00 p50=-12.00 p05=-12.00 p95=-12.00
  [diag] sat-dist hist bins=60 sat<0.05=0.0% mean=0.995 p10=0.994 p90=0.995
  [diag] z-gate sat-dist hist bins=60 mean=0.119 p10=0.119 p90=0.119
  [diag] r-gate sat-dist hist bins=60 mean=0.499 p10=0.499 p90=0.499
Iter 0013980: train nll 0.049, valid error 038.860%, best valid error 024.250%, avg grad norm   0.061, avg grad norm (post clip)   0.000, rho_Whh  0.08, Omega  0.00, alpha  0.000, steps in the past 0.000, valid nll 0.048, valid mae 0.179, err@0.05 086.09%, err@0.10 071.65%, err@0.20 038.86%, maxae 0.738
  [diag] log10|dL/dh_t| hist bins=60 range=(-12.50,-11.50) mean=-12.00 p50=-12.00 p05=-12.00 p95=-12.00
  [diag] sat-dist hist bins=60 sat<0.05=0.0% mean=0.995 p10=0.994 p90=0.995
  [diag] z-gate sat-dist hist bins=60 mean=0.119 p10=0.119 p90=0.119
  [diag] r-gate sat-dist hist bins=60 mean=0.499 p10=0.499 p90=0.499
Iter 0014000: train nll 0.049, valid error 038.350%, best valid error 024.250%, avg grad norm   0.067, avg grad norm (post clip)   0.000, rho_Whh  0.08, Omega  0.00, alpha  0.000, steps in the past 0.000, valid nll 0.048, valid mae 0.179, err@0.05 085.92%, err@0.10 071.51%, err@0.20 038.35%, maxae 0.740
  [diag] log10|dL/dh_t| hist bins=60 range=(-12.50,-11.50) mean=-12.00 p50=-12.00 p05=-12.00 p95=-12.00
  [diag] sat-dist hist bins=60 sat<0.05=0.0% mean=0.995 p10=0.994 p90=0.995
  [diag] z-gate sat-dist hist bins=60 mean=0.119 p10=0.119 p90=0.119
  [diag] r-gate sat-dist hist bins=60 mean=0.499 p10=0.499 p90=0.499
Iter 0014020: train nll 0.049, valid error 037.690%, best valid error 024.250%, avg grad norm   0.086, avg grad norm (post clip)   0.000, rho_Whh  0.08, Omega  0.00, alpha  0.000, steps in the past 0.000, valid nll 0.048, valid mae 0.178, err@0.05 085.92%, err@0.10 071.20%, err@0.20 037.69%, maxae 0.743
  [diag] log10|dL/dh_t| hist bins=60 range=(-12.50,-11.50) mean=-12.00 p50=-12.00 p05=-12.00 p95=-12.00
  [diag] sat-dist hist bins=60 sat<0.05=0.0% mean=0.995 p10=0.994 p90=0.995
  [diag] z-gate sat-dist hist bins=60 mean=0.119 p10=0.119 p90=0.119
  [diag] r-gate sat-dist hist bins=60 mean=0.499 p10=0.499 p90=0.499
Iter 0014040: train nll 0.051, valid error 038.280%, best valid error 024.250%, avg grad norm   0.086, avg grad norm (post clip)   0.000, rho_Whh  0.08, Omega  0.00, alpha  0.000, steps in the past 0.000, valid nll 0.048, valid mae 0.179, err@0.05 085.92%, err@0.10 071.52%, err@0.20 038.28%, maxae 0.740
  [diag] log10|dL/dh_t| hist bins=60 range=(-12.50,-11.50) mean=-12.00 p50=-12.00 p05=-12.00 p95=-12.00
  [diag] sat-dist hist bins=60 sat<0.05=0.0% mean=0.995 p10=0.994 p90=0.995
  [diag] z-gate sat-dist hist bins=60 mean=0.119 p10=0.119 p90=0.119
  [diag] r-gate sat-dist hist bins=60 mean=0.499 p10=0.499 p90=0.499
Iter 0014060: train nll 0.048, valid error 039.050%, best valid error 024.250%, avg grad norm   0.075, avg grad norm (post clip)   0.000, rho_Whh  0.08, Omega  0.00, alpha  0.000, steps in the past 0.000, valid nll 0.048, valid mae 0.179, err@0.05 086.18%, err@0.10 071.67%, err@0.20 039.05%, maxae 0.737
  [diag] log10|dL/dh_t| hist bins=60 range=(-12.50,-11.50) mean=-12.00 p50=-12.00 p05=-12.00 p95=-12.00
  [diag] sat-dist hist bins=60 sat<0.05=0.0% mean=0.995 p10=0.994 p90=0.995
  [diag] z-gate sat-dist hist bins=60 mean=0.119 p10=0.119 p90=0.119
  [diag] r-gate sat-dist hist bins=60 mean=0.499 p10=0.499 p90=0.499
Iter 0014080: train nll 0.043, valid error 038.100%, best valid error 024.250%, avg grad norm   0.065, avg grad norm (post clip)   0.000, rho_Whh  0.08, Omega  0.00, alpha  0.000, steps in the past 0.000, valid nll 0.048, valid mae 0.178, err@0.05 085.92%, err@0.10 071.52%, err@0.20 038.10%, maxae 0.741
  [diag] log10|dL/dh_t| hist bins=60 range=(-12.50,-11.50) mean=-12.00 p50=-12.00 p05=-12.00 p95=-12.00
  [diag] sat-dist hist bins=60 sat<0.05=0.0% mean=0.994 p10=0.994 p90=0.995
  [diag] z-gate sat-dist hist bins=60 mean=0.119 p10=0.119 p90=0.119
  [diag] r-gate sat-dist hist bins=60 mean=0.499 p10=0.499 p90=0.499
Iter 0014100: train nll 0.052, valid error 040.090%, best valid error 024.250%, avg grad norm   0.098, avg grad norm (post clip)   0.000, rho_Whh  0.08, Omega  0.00, alpha  0.000, steps in the past 0.000, valid nll 0.048, valid mae 0.180, err@0.05 086.29%, err@0.10 072.11%, err@0.20 040.09%, maxae 0.732
  [diag] log10|dL/dh_t| hist bins=60 range=(-12.50,-11.50) mean=-12.00 p50=-12.00 p05=-12.00 p95=-12.00
  [diag] sat-dist hist bins=60 sat<0.05=0.0% mean=0.995 p10=0.994 p90=0.995
  [diag] z-gate sat-dist hist bins=60 mean=0.119 p10=0.119 p90=0.119
  [diag] r-gate sat-dist hist bins=60 mean=0.499 p10=0.499 p90=0.499
Iter 0014120: train nll 0.046, valid error 039.810%, best valid error 024.250%, avg grad norm   0.085, avg grad norm (post clip)   0.000, rho_Whh  0.08, Omega  0.00, alpha  0.000, steps in the past 0.000, valid nll 0.048, valid mae 0.180, err@0.05 086.33%, err@0.10 072.08%, err@0.20 039.81%, maxae 0.733
  [diag] log10|dL/dh_t| hist bins=60 range=(-12.50,-11.50) mean=-12.00 p50=-12.00 p05=-12.00 p95=-12.00
  [diag] sat-dist hist bins=60 sat<0.05=0.0% mean=0.995 p10=0.994 p90=0.995
  [diag] z-gate sat-dist hist bins=60 mean=0.119 p10=0.119 p90=0.119
  [diag] r-gate sat-dist hist bins=60 mean=0.499 p10=0.499 p90=0.499
Iter 0014140: train nll 0.044, valid error 039.130%, best valid error 024.250%, avg grad norm   0.078, avg grad norm (post clip)   0.000, rho_Whh  0.08, Omega  0.00, alpha  0.000, steps in the past 0.000, valid nll 0.048, valid mae 0.179, err@0.05 086.18%, err@0.10 071.66%, err@0.20 039.13%, maxae 0.736
  [diag] log10|dL/dh_t| hist bins=60 range=(-12.50,-11.50) mean=-12.00 p50=-12.00 p05=-12.00 p95=-12.00
  [diag] sat-dist hist bins=60 sat<0.05=0.0% mean=0.995 p10=0.994 p90=0.995
  [diag] z-gate sat-dist hist bins=60 mean=0.119 p10=0.119 p90=0.119
  [diag] r-gate sat-dist hist bins=60 mean=0.499 p10=0.499 p90=0.499
Iter 0014160: train nll 0.047, valid error 039.190%, best valid error 024.250%, avg grad norm   0.067, avg grad norm (post clip)   0.000, rho_Whh  0.08, Omega  0.00, alpha  0.000, steps in the past 0.000, valid nll 0.048, valid mae 0.179, err@0.05 086.29%, err@0.10 071.71%, err@0.20 039.19%, maxae 0.736
  [diag] log10|dL/dh_t| hist bins=60 range=(-12.50,-11.50) mean=-12.00 p50=-12.00 p05=-12.00 p95=-12.00
  [diag] sat-dist hist bins=60 sat<0.05=0.0% mean=0.995 p10=0.994 p90=0.995
  [diag] z-gate sat-dist hist bins=60 mean=0.119 p10=0.119 p90=0.119
  [diag] r-gate sat-dist hist bins=60 mean=0.499 p10=0.499 p90=0.499
Iter 0014180: train nll 0.048, valid error 037.470%, best valid error 024.250%, avg grad norm   0.082, avg grad norm (post clip)   0.000, rho_Whh  0.08, Omega  0.00, alpha  0.000, steps in the past 0.000, valid nll 0.048, valid mae 0.178, err@0.05 085.91%, err@0.10 071.19%, err@0.20 037.47%, maxae 0.744
  [diag] log10|dL/dh_t| hist bins=60 range=(-12.50,-11.50) mean=-12.00 p50=-12.00 p05=-12.00 p95=-12.00
  [diag] sat-dist hist bins=60 sat<0.05=0.0% mean=0.995 p10=0.994 p90=0.995
  [diag] z-gate sat-dist hist bins=60 mean=0.119 p10=0.119 p90=0.119
  [diag] r-gate sat-dist hist bins=60 mean=0.499 p10=0.499 p90=0.499
Iter 0014200: train nll 0.052, valid error 037.700%, best valid error 024.250%, avg grad norm   0.066, avg grad norm (post clip)   0.000, rho_Whh  0.08, Omega  0.00, alpha  0.000, steps in the past 0.000, valid nll 0.048, valid mae 0.178, err@0.05 085.93%, err@0.10 071.22%, err@0.20 037.70%, maxae 0.743
  [diag] log10|dL/dh_t| hist bins=60 range=(-12.50,-11.50) mean=-12.00 p50=-12.00 p05=-12.00 p95=-12.00
  [diag] sat-dist hist bins=60 sat<0.05=0.0% mean=0.995 p10=0.994 p90=0.995
  [diag] z-gate sat-dist hist bins=60 mean=0.119 p10=0.119 p90=0.119
  [diag] r-gate sat-dist hist bins=60 mean=0.499 p10=0.499 p90=0.499
Iter 0014220: train nll 0.051, valid error 037.410%, best valid error 024.250%, avg grad norm   0.092, avg grad norm (post clip)   0.000, rho_Whh  0.08, Omega  0.00, alpha  0.000, steps in the past 0.000, valid nll 0.048, valid mae 0.178, err@0.05 085.89%, err@0.10 071.15%, err@0.20 037.41%, maxae 0.744
  [diag] log10|dL/dh_t| hist bins=60 range=(-12.50,-11.50) mean=-12.00 p50=-12.00 p05=-12.00 p95=-12.00
  [diag] sat-dist hist bins=60 sat<0.05=0.0% mean=0.995 p10=0.994 p90=0.995
  [diag] z-gate sat-dist hist bins=60 mean=0.119 p10=0.119 p90=0.119
  [diag] r-gate sat-dist hist bins=60 mean=0.499 p10=0.499 p90=0.499
Iter 0014240: train nll 0.058, valid error 037.750%, best valid error 024.250%, avg grad norm   0.104, avg grad norm (post clip)   0.000, rho_Whh  0.08, Omega  0.00, alpha  0.000, steps in the past 0.000, valid nll 0.048, valid mae 0.178, err@0.05 085.92%, err@0.10 071.28%, err@0.20 037.75%, maxae 0.743
  [diag] log10|dL/dh_t| hist bins=60 range=(-12.50,-11.50) mean=-12.00 p50=-12.00 p05=-12.00 p95=-12.00
  [diag] sat-dist hist bins=60 sat<0.05=0.0% mean=0.995 p10=0.994 p90=0.995
  [diag] z-gate sat-dist hist bins=60 mean=0.119 p10=0.119 p90=0.119
  [diag] r-gate sat-dist hist bins=60 mean=0.499 p10=0.499 p90=0.499
Iter 0014260: train nll 0.050, valid error 039.080%, best valid error 024.250%, avg grad norm   0.095, avg grad norm (post clip)   0.000, rho_Whh  0.08, Omega  0.00, alpha  0.000, steps in the past 0.000, valid nll 0.048, valid mae 0.179, err@0.05 086.21%, err@0.10 071.68%, err@0.20 039.08%, maxae 0.736
  [diag] log10|dL/dh_t| hist bins=60 range=(-12.50,-11.50) mean=-12.00 p50=-12.00 p05=-12.00 p95=-12.00
  [diag] sat-dist hist bins=60 sat<0.05=0.0% mean=0.995 p10=0.994 p90=0.995
  [diag] z-gate sat-dist hist bins=60 mean=0.119 p10=0.119 p90=0.119
  [diag] r-gate sat-dist hist bins=60 mean=0.499 p10=0.499 p90=0.499
Iter 0014280: train nll 0.052, valid error 039.290%, best valid error 024.250%, avg grad norm   0.060, avg grad norm (post clip)   0.000, rho_Whh  0.08, Omega  0.00, alpha  0.000, steps in the past 0.000, valid nll 0.048, valid mae 0.180, err@0.05 086.27%, err@0.10 071.74%, err@0.20 039.29%, maxae 0.736
  [diag] log10|dL/dh_t| hist bins=60 range=(-12.50,-11.50) mean=-12.00 p50=-12.00 p05=-12.00 p95=-12.00
  [diag] sat-dist hist bins=60 sat<0.05=0.0% mean=0.995 p10=0.994 p90=0.995
  [diag] z-gate sat-dist hist bins=60 mean=0.119 p10=0.119 p90=0.119
  [diag] r-gate sat-dist hist bins=60 mean=0.499 p10=0.499 p90=0.499
Iter 0014300: train nll 0.054, valid error 039.780%, best valid error 024.250%, avg grad norm   0.099, avg grad norm (post clip)   0.000, rho_Whh  0.08, Omega  0.00, alpha  0.000, steps in the past 0.000, valid nll 0.048, valid mae 0.180, err@0.05 086.33%, err@0.10 072.05%, err@0.20 039.78%, maxae 0.733
  [diag] log10|dL/dh_t| hist bins=60 range=(-12.50,-11.50) mean=-12.00 p50=-12.00 p05=-12.00 p95=-12.00
  [diag] sat-dist hist bins=60 sat<0.05=0.0% mean=0.995 p10=0.994 p90=0.995
  [diag] z-gate sat-dist hist bins=60 mean=0.119 p10=0.119 p90=0.119
  [diag] r-gate sat-dist hist bins=60 mean=0.499 p10=0.499 p90=0.499
Iter 0014320: train nll 0.046, valid error 039.320%, best valid error 024.250%, avg grad norm   0.067, avg grad norm (post clip)   0.000, rho_Whh  0.08, Omega  0.00, alpha  0.000, steps in the past 0.000, valid nll 0.048, valid mae 0.180, err@0.05 086.26%, err@0.10 071.77%, err@0.20 039.32%, maxae 0.735
  [diag] log10|dL/dh_t| hist bins=60 range=(-12.50,-11.50) mean=-12.00 p50=-12.00 p05=-12.00 p95=-12.00
  [diag] sat-dist hist bins=60 sat<0.05=0.0% mean=0.995 p10=0.994 p90=0.995
  [diag] z-gate sat-dist hist bins=60 mean=0.119 p10=0.119 p90=0.119
  [diag] r-gate sat-dist hist bins=60 mean=0.499 p10=0.499 p90=0.499
Iter 0014340: train nll 0.055, valid error 038.460%, best valid error 024.250%, avg grad norm   0.102, avg grad norm (post clip)   0.000, rho_Whh  0.08, Omega  0.00, alpha  0.000, steps in the past 0.000, valid nll 0.048, valid mae 0.179, err@0.05 085.99%, err@0.10 071.60%, err@0.20 038.46%, maxae 0.739
  [diag] log10|dL/dh_t| hist bins=60 range=(-12.50,-11.50) mean=-12.00 p50=-12.00 p05=-12.00 p95=-12.00
  [diag] sat-dist hist bins=60 sat<0.05=0.0% mean=0.995 p10=0.994 p90=0.995
  [diag] z-gate sat-dist hist bins=60 mean=0.119 p10=0.119 p90=0.119
  [diag] r-gate sat-dist hist bins=60 mean=0.499 p10=0.499 p90=0.499
Iter 0014360: train nll 0.054, valid error 039.070%, best valid error 024.250%, avg grad norm   0.086, avg grad norm (post clip)   0.000, rho_Whh  0.08, Omega  0.00, alpha  0.000, steps in the past 0.000, valid nll 0.048, valid mae 0.179, err@0.05 086.19%, err@0.10 071.66%, err@0.20 039.07%, maxae 0.737
  [diag] log10|dL/dh_t| hist bins=60 range=(-12.50,-11.50) mean=-12.00 p50=-12.00 p05=-12.00 p95=-12.00
  [diag] sat-dist hist bins=60 sat<0.05=0.0% mean=0.995 p10=0.994 p90=0.995
  [diag] z-gate sat-dist hist bins=60 mean=0.119 p10=0.119 p90=0.119
  [diag] r-gate sat-dist hist bins=60 mean=0.499 p10=0.499 p90=0.499
Iter 0014380: train nll 0.051, valid error 039.730%, best valid error 024.250%, avg grad norm   0.062, avg grad norm (post clip)   0.000, rho_Whh  0.08, Omega  0.00, alpha  0.000, steps in the past 0.000, valid nll 0.048, valid mae 0.180, err@0.05 086.33%, err@0.10 072.00%, err@0.20 039.73%, maxae 0.733
  [diag] log10|dL/dh_t| hist bins=60 range=(-12.50,-11.50) mean=-12.00 p50=-12.00 p05=-12.00 p95=-12.00
  [diag] sat-dist hist bins=60 sat<0.05=0.0% mean=0.994 p10=0.994 p90=0.995
  [diag] z-gate sat-dist hist bins=60 mean=0.119 p10=0.119 p90=0.119
  [diag] r-gate sat-dist hist bins=60 mean=0.499 p10=0.499 p90=0.499
Iter 0014400: train nll 0.054, valid error 040.090%, best valid error 024.250%, avg grad norm   0.067, avg grad norm (post clip)   0.000, rho_Whh  0.08, Omega  0.00, alpha  0.000, steps in the past 0.000, valid nll 0.048, valid mae 0.180, err@0.05 086.29%, err@0.10 072.11%, err@0.20 040.09%, maxae 0.732
  [diag] log10|dL/dh_t| hist bins=60 range=(-12.50,-11.50) mean=-12.00 p50=-12.00 p05=-12.00 p95=-12.00
  [diag] sat-dist hist bins=60 sat<0.05=0.0% mean=0.995 p10=0.994 p90=0.995
  [diag] z-gate sat-dist hist bins=60 mean=0.119 p10=0.119 p90=0.119
  [diag] r-gate sat-dist hist bins=60 mean=0.499 p10=0.499 p90=0.499
Iter 0014420: train nll 0.045, valid error 038.610%, best valid error 024.250%, avg grad norm   0.080, avg grad norm (post clip)   0.000, rho_Whh  0.08, Omega  0.00, alpha  0.000, steps in the past 0.000, valid nll 0.048, valid mae 0.179, err@0.05 085.96%, err@0.10 071.61%, err@0.20 038.61%, maxae 0.739
  [diag] log10|dL/dh_t| hist bins=60 range=(-12.50,-11.50) mean=-12.00 p50=-12.00 p05=-12.00 p95=-12.00
  [diag] sat-dist hist bins=60 sat<0.05=0.0% mean=0.995 p10=0.994 p90=0.995
  [diag] z-gate sat-dist hist bins=60 mean=0.119 p10=0.119 p90=0.119
  [diag] r-gate sat-dist hist bins=60 mean=0.499 p10=0.499 p90=0.499
Iter 0014440: train nll 0.052, valid error 039.070%, best valid error 024.250%, avg grad norm   0.075, avg grad norm (post clip)   0.000, rho_Whh  0.08, Omega  0.00, alpha  0.000, steps in the past 0.000, valid nll 0.048, valid mae 0.179, err@0.05 086.19%, err@0.10 071.67%, err@0.20 039.07%, maxae 0.737
  [diag] log10|dL/dh_t| hist bins=60 range=(-12.50,-11.50) mean=-12.00 p50=-12.00 p05=-12.00 p95=-12.00
  [diag] sat-dist hist bins=60 sat<0.05=0.0% mean=0.995 p10=0.994 p90=0.995
  [diag] z-gate sat-dist hist bins=60 mean=0.119 p10=0.119 p90=0.119
  [diag] r-gate sat-dist hist bins=60 mean=0.499 p10=0.499 p90=0.499
Iter 0014460: train nll 0.047, valid error 038.310%, best valid error 024.250%, avg grad norm   0.099, avg grad norm (post clip)   0.000, rho_Whh  0.08, Omega  0.00, alpha  0.000, steps in the past 0.000, valid nll 0.048, valid mae 0.179, err@0.05 085.92%, err@0.10 071.50%, err@0.20 038.31%, maxae 0.740
  [diag] log10|dL/dh_t| hist bins=60 range=(-12.50,-11.50) mean=-12.00 p50=-12.00 p05=-12.00 p95=-12.00
  [diag] sat-dist hist bins=60 sat<0.05=0.0% mean=0.995 p10=0.994 p90=0.995
  [diag] z-gate sat-dist hist bins=60 mean=0.119 p10=0.119 p90=0.119
  [diag] r-gate sat-dist hist bins=60 mean=0.499 p10=0.499 p90=0.499
Iter 0014480: train nll 0.053, valid error 039.330%, best valid error 024.250%, avg grad norm   0.103, avg grad norm (post clip)   0.000, rho_Whh  0.08, Omega  0.00, alpha  0.000, steps in the past 0.000, valid nll 0.048, valid mae 0.180, err@0.05 086.27%, err@0.10 071.77%, err@0.20 039.33%, maxae 0.735
  [diag] log10|dL/dh_t| hist bins=60 range=(-12.50,-11.50) mean=-12.00 p50=-12.00 p05=-12.00 p95=-12.00
  [diag] sat-dist hist bins=60 sat<0.05=0.0% mean=0.995 p10=0.994 p90=0.995
  [diag] z-gate sat-dist hist bins=60 mean=0.119 p10=0.119 p90=0.119
  [diag] r-gate sat-dist hist bins=60 mean=0.499 p10=0.499 p90=0.499
Iter 0014500: train nll 0.045, valid error 037.970%, best valid error 024.250%, avg grad norm   0.091, avg grad norm (post clip)   0.000, rho_Whh  0.08, Omega  0.00, alpha  0.000, steps in the past 0.000, valid nll 0.048, valid mae 0.178, err@0.05 085.89%, err@0.10 071.38%, err@0.20 037.97%, maxae 0.742
  [diag] log10|dL/dh_t| hist bins=60 range=(-12.50,-11.50) mean=-12.00 p50=-12.00 p05=-12.00 p95=-12.00
  [diag] sat-dist hist bins=60 sat<0.05=0.0% mean=0.995 p10=0.994 p90=0.995
  [diag] z-gate sat-dist hist bins=60 mean=0.119 p10=0.119 p90=0.119
  [diag] r-gate sat-dist hist bins=60 mean=0.499 p10=0.499 p90=0.499
Iter 0014520: train nll 0.048, valid error 037.960%, best valid error 024.250%, avg grad norm   0.094, avg grad norm (post clip)   0.000, rho_Whh  0.08, Omega  0.00, alpha  0.000, steps in the past 0.000, valid nll 0.048, valid mae 0.178, err@0.05 085.88%, err@0.10 071.43%, err@0.20 037.96%, maxae 0.742
  [diag] log10|dL/dh_t| hist bins=60 range=(-12.50,-11.50) mean=-12.00 p50=-12.00 p05=-12.00 p95=-12.00
  [diag] sat-dist hist bins=60 sat<0.05=0.0% mean=0.995 p10=0.994 p90=0.995
  [diag] z-gate sat-dist hist bins=60 mean=0.119 p10=0.119 p90=0.119
  [diag] r-gate sat-dist hist bins=60 mean=0.499 p10=0.499 p90=0.499
Iter 0014540: train nll 0.048, valid error 037.610%, best valid error 024.250%, avg grad norm   0.085, avg grad norm (post clip)   0.000, rho_Whh  0.08, Omega  0.00, alpha  0.000, steps in the past 0.000, valid nll 0.048, valid mae 0.178, err@0.05 085.92%, err@0.10 071.17%, err@0.20 037.61%, maxae 0.744
  [diag] log10|dL/dh_t| hist bins=60 range=(-12.50,-11.50) mean=-12.00 p50=-12.00 p05=-12.00 p95=-12.00
  [diag] sat-dist hist bins=60 sat<0.05=0.0% mean=0.995 p10=0.994 p90=0.995
  [diag] z-gate sat-dist hist bins=60 mean=0.119 p10=0.119 p90=0.119
  [diag] r-gate sat-dist hist bins=60 mean=0.499 p10=0.499 p90=0.499
Iter 0014560: train nll 0.052, valid error 039.230%, best valid error 024.250%, avg grad norm   0.075, avg grad norm (post clip)   0.000, rho_Whh  0.08, Omega  0.00, alpha  0.000, steps in the past 0.000, valid nll 0.048, valid mae 0.180, err@0.05 086.29%, err@0.10 071.71%, err@0.20 039.23%, maxae 0.736
  [diag] log10|dL/dh_t| hist bins=60 range=(-12.50,-11.50) mean=-12.00 p50=-12.00 p05=-12.00 p95=-12.00
  [diag] sat-dist hist bins=60 sat<0.05=0.0% mean=0.995 p10=0.994 p90=0.995
  [diag] z-gate sat-dist hist bins=60 mean=0.119 p10=0.119 p90=0.119
  [diag] r-gate sat-dist hist bins=60 mean=0.499 p10=0.499 p90=0.499
Iter 0014580: train nll 0.043, valid error 038.220%, best valid error 024.250%, avg grad norm   0.077, avg grad norm (post clip)   0.000, rho_Whh  0.08, Omega  0.00, alpha  0.000, steps in the past 0.000, valid nll 0.048, valid mae 0.179, err@0.05 085.93%, err@0.10 071.52%, err@0.20 038.22%, maxae 0.741
  [diag] log10|dL/dh_t| hist bins=60 range=(-12.50,-11.50) mean=-12.00 p50=-12.00 p05=-12.00 p95=-12.00
  [diag] sat-dist hist bins=60 sat<0.05=0.0% mean=0.995 p10=0.994 p90=0.995
  [diag] z-gate sat-dist hist bins=60 mean=0.119 p10=0.119 p90=0.119
  [diag] r-gate sat-dist hist bins=60 mean=0.499 p10=0.499 p90=0.499
Iter 0014600: train nll 0.049, valid error 038.160%, best valid error 024.250%, avg grad norm   0.087, avg grad norm (post clip)   0.000, rho_Whh  0.08, Omega  0.00, alpha  0.000, steps in the past 0.000, valid nll 0.048, valid mae 0.178, err@0.05 085.92%, err@0.10 071.53%, err@0.20 038.16%, maxae 0.741
  [diag] log10|dL/dh_t| hist bins=60 range=(-12.50,-11.50) mean=-12.00 p50=-12.00 p05=-12.00 p95=-12.00
  [diag] sat-dist hist bins=60 sat<0.05=0.0% mean=0.995 p10=0.994 p90=0.995
  [diag] z-gate sat-dist hist bins=60 mean=0.119 p10=0.119 p90=0.119
  [diag] r-gate sat-dist hist bins=60 mean=0.499 p10=0.499 p90=0.499
Iter 0014620: train nll 0.052, valid error 039.330%, best valid error 024.250%, avg grad norm   0.078, avg grad norm (post clip)   0.000, rho_Whh  0.08, Omega  0.00, alpha  0.000, steps in the past 0.000, valid nll 0.048, valid mae 0.180, err@0.05 086.29%, err@0.10 071.77%, err@0.20 039.33%, maxae 0.735
  [diag] log10|dL/dh_t| hist bins=60 range=(-12.50,-11.50) mean=-12.00 p50=-12.00 p05=-12.00 p95=-12.00
  [diag] sat-dist hist bins=60 sat<0.05=0.0% mean=0.995 p10=0.994 p90=0.995
  [diag] z-gate sat-dist hist bins=60 mean=0.119 p10=0.119 p90=0.119
  [diag] r-gate sat-dist hist bins=60 mean=0.499 p10=0.499 p90=0.499
Iter 0014640: train nll 0.048, valid error 039.640%, best valid error 024.250%, avg grad norm   0.084, avg grad norm (post clip)   0.000, rho_Whh  0.08, Omega  0.00, alpha  0.000, steps in the past 0.000, valid nll 0.048, valid mae 0.180, err@0.05 086.34%, err@0.10 071.95%, err@0.20 039.64%, maxae 0.734
  [diag] log10|dL/dh_t| hist bins=60 range=(-12.50,-11.50) mean=-12.00 p50=-12.00 p05=-12.00 p95=-12.00
  [diag] sat-dist hist bins=60 sat<0.05=0.0% mean=0.994 p10=0.994 p90=0.995
  [diag] z-gate sat-dist hist bins=60 mean=0.119 p10=0.119 p90=0.119
  [diag] r-gate sat-dist hist bins=60 mean=0.499 p10=0.499 p90=0.499
Iter 0014660: train nll 0.051, valid error 040.060%, best valid error 024.250%, avg grad norm   0.076, avg grad norm (post clip)   0.000, rho_Whh  0.08, Omega  0.00, alpha  0.000, steps in the past 0.000, valid nll 0.048, valid mae 0.180, err@0.05 086.28%, err@0.10 072.13%, err@0.20 040.06%, maxae 0.732
  [diag] log10|dL/dh_t| hist bins=60 range=(-12.50,-11.50) mean=-12.00 p50=-12.00 p05=-12.00 p95=-12.00
  [diag] sat-dist hist bins=60 sat<0.05=0.0% mean=0.995 p10=0.994 p90=0.995
  [diag] z-gate sat-dist hist bins=60 mean=0.119 p10=0.119 p90=0.119
  [diag] r-gate sat-dist hist bins=60 mean=0.499 p10=0.499 p90=0.499
Iter 0014680: train nll 0.047, valid error 039.530%, best valid error 024.250%, avg grad norm   0.061, avg grad norm (post clip)   0.000, rho_Whh  0.08, Omega  0.00, alpha  0.000, steps in the past 0.000, valid nll 0.048, valid mae 0.180, err@0.05 086.31%, err@0.10 071.94%, err@0.20 039.53%, maxae 0.734
  [diag] log10|dL/dh_t| hist bins=60 range=(-12.50,-11.50) mean=-12.00 p50=-12.00 p05=-12.00 p95=-12.00
  [diag] sat-dist hist bins=60 sat<0.05=0.0% mean=0.995 p10=0.994 p90=0.995
  [diag] z-gate sat-dist hist bins=60 mean=0.119 p10=0.119 p90=0.119
  [diag] r-gate sat-dist hist bins=60 mean=0.499 p10=0.499 p90=0.499
Iter 0014700: train nll 0.051, valid error 039.880%, best valid error 024.250%, avg grad norm   0.058, avg grad norm (post clip)   0.000, rho_Whh  0.08, Omega  0.00, alpha  0.000, steps in the past 0.000, valid nll 0.048, valid mae 0.180, err@0.05 086.31%, err@0.10 072.09%, err@0.20 039.88%, maxae 0.733
  [diag] log10|dL/dh_t| hist bins=60 range=(-12.50,-11.50) mean=-12.00 p50=-12.00 p05=-12.00 p95=-12.00
  [diag] sat-dist hist bins=60 sat<0.05=0.0% mean=0.995 p10=0.994 p90=0.995
  [diag] z-gate sat-dist hist bins=60 mean=0.119 p10=0.119 p90=0.119
  [diag] r-gate sat-dist hist bins=60 mean=0.499 p10=0.499 p90=0.499
Iter 0014720: train nll 0.049, valid error 039.150%, best valid error 024.250%, avg grad norm   0.078, avg grad norm (post clip)   0.000, rho_Whh  0.08, Omega  0.00, alpha  0.000, steps in the past 0.000, valid nll 0.048, valid mae 0.179, err@0.05 086.21%, err@0.10 071.69%, err@0.20 039.15%, maxae 0.736
  [diag] log10|dL/dh_t| hist bins=60 range=(-12.50,-11.50) mean=-12.00 p50=-12.00 p05=-12.00 p95=-12.00
  [diag] sat-dist hist bins=60 sat<0.05=0.0% mean=0.995 p10=0.994 p90=0.995
  [diag] z-gate sat-dist hist bins=60 mean=0.119 p10=0.119 p90=0.119
  [diag] r-gate sat-dist hist bins=60 mean=0.499 p10=0.499 p90=0.499
Iter 0014740: train nll 0.049, valid error 039.230%, best valid error 024.250%, avg grad norm   0.080, avg grad norm (post clip)   0.000, rho_Whh  0.08, Omega  0.00, alpha  0.000, steps in the past 0.000, valid nll 0.048, valid mae 0.180, err@0.05 086.29%, err@0.10 071.71%, err@0.20 039.23%, maxae 0.736
  [diag] log10|dL/dh_t| hist bins=60 range=(-12.50,-11.50) mean=-12.00 p50=-12.00 p05=-12.00 p95=-12.00
  [diag] sat-dist hist bins=60 sat<0.05=0.0% mean=0.995 p10=0.994 p90=0.995
  [diag] z-gate sat-dist hist bins=60 mean=0.119 p10=0.119 p90=0.119
  [diag] r-gate sat-dist hist bins=60 mean=0.499 p10=0.499 p90=0.499
Iter 0014760: train nll 0.048, valid error 039.080%, best valid error 024.250%, avg grad norm   0.064, avg grad norm (post clip)   0.000, rho_Whh  0.08, Omega  0.00, alpha  0.000, steps in the past 0.000, valid nll 0.048, valid mae 0.179, err@0.05 086.19%, err@0.10 071.68%, err@0.20 039.08%, maxae 0.736
  [diag] log10|dL/dh_t| hist bins=60 range=(-12.50,-11.50) mean=-12.00 p50=-12.00 p05=-12.00 p95=-12.00
  [diag] sat-dist hist bins=60 sat<0.05=0.0% mean=0.995 p10=0.994 p90=0.995
  [diag] z-gate sat-dist hist bins=60 mean=0.119 p10=0.119 p90=0.119
  [diag] r-gate sat-dist hist bins=60 mean=0.499 p10=0.499 p90=0.499
Iter 0014780: train nll 0.045, valid error 038.450%, best valid error 024.250%, avg grad norm   0.103, avg grad norm (post clip)   0.000, rho_Whh  0.08, Omega  0.00, alpha  0.000, steps in the past 0.000, valid nll 0.048, valid mae 0.179, err@0.05 085.99%, err@0.10 071.58%, err@0.20 038.45%, maxae 0.739
  [diag] log10|dL/dh_t| hist bins=60 range=(-12.50,-11.50) mean=-12.00 p50=-12.00 p05=-12.00 p95=-12.00
  [diag] sat-dist hist bins=60 sat<0.05=0.0% mean=0.995 p10=0.994 p90=0.995
  [diag] z-gate sat-dist hist bins=60 mean=0.119 p10=0.119 p90=0.119
  [diag] r-gate sat-dist hist bins=60 mean=0.499 p10=0.499 p90=0.499
Iter 0014800: train nll 0.049, valid error 038.790%, best valid error 024.250%, avg grad norm   0.077, avg grad norm (post clip)   0.000, rho_Whh  0.08, Omega  0.00, alpha  0.000, steps in the past 0.000, valid nll 0.048, valid mae 0.179, err@0.05 086.05%, err@0.10 071.59%, err@0.20 038.79%, maxae 0.738
  [diag] log10|dL/dh_t| hist bins=60 range=(-12.50,-11.50) mean=-12.00 p50=-12.00 p05=-12.00 p95=-12.00
  [diag] sat-dist hist bins=60 sat<0.05=0.0% mean=0.995 p10=0.994 p90=0.995
  [diag] z-gate sat-dist hist bins=60 mean=0.119 p10=0.119 p90=0.119
  [diag] r-gate sat-dist hist bins=60 mean=0.499 p10=0.499 p90=0.499
Iter 0014820: train nll 0.045, valid error 036.720%, best valid error 024.250%, avg grad norm   0.087, avg grad norm (post clip)   0.000, rho_Whh  0.08, Omega  0.00, alpha  0.000, steps in the past 0.000, valid nll 0.048, valid mae 0.177, err@0.05 085.69%, err@0.10 070.88%, err@0.20 036.72%, maxae 0.747
  [diag] log10|dL/dh_t| hist bins=60 range=(-12.50,-11.50) mean=-12.00 p50=-12.00 p05=-12.00 p95=-12.00
  [diag] sat-dist hist bins=60 sat<0.05=0.0% mean=0.995 p10=0.994 p90=0.995
  [diag] z-gate sat-dist hist bins=60 mean=0.119 p10=0.119 p90=0.119
  [diag] r-gate sat-dist hist bins=60 mean=0.499 p10=0.499 p90=0.499
Iter 0014840: train nll 0.044, valid error 036.280%, best valid error 024.250%, avg grad norm   0.053, avg grad norm (post clip)   0.000, rho_Whh  0.08, Omega  0.00, alpha  0.000, steps in the past 0.000, valid nll 0.048, valid mae 0.177, err@0.05 085.71%, err@0.10 070.79%, err@0.20 036.28%, maxae 0.749
  [diag] log10|dL/dh_t| hist bins=60 range=(-12.50,-11.50) mean=-12.00 p50=-12.00 p05=-12.00 p95=-12.00
  [diag] sat-dist hist bins=60 sat<0.05=0.0% mean=0.995 p10=0.994 p90=0.995
  [diag] z-gate sat-dist hist bins=60 mean=0.119 p10=0.119 p90=0.119
  [diag] r-gate sat-dist hist bins=60 mean=0.499 p10=0.499 p90=0.499
Iter 0014860: train nll 0.045, valid error 036.900%, best valid error 024.250%, avg grad norm   0.090, avg grad norm (post clip)   0.000, rho_Whh  0.08, Omega  0.00, alpha  0.000, steps in the past 0.000, valid nll 0.048, valid mae 0.177, err@0.05 085.78%, err@0.10 070.98%, err@0.20 036.90%, maxae 0.746
  [diag] log10|dL/dh_t| hist bins=60 range=(-12.50,-11.50) mean=-12.00 p50=-12.00 p05=-12.00 p95=-12.00
  [diag] sat-dist hist bins=60 sat<0.05=0.0% mean=0.995 p10=0.994 p90=0.995
  [diag] z-gate sat-dist hist bins=60 mean=0.119 p10=0.119 p90=0.119
  [diag] r-gate sat-dist hist bins=60 mean=0.499 p10=0.499 p90=0.499
Iter 0014880: train nll 0.049, valid error 037.640%, best valid error 024.250%, avg grad norm   0.078, avg grad norm (post clip)   0.000, rho_Whh  0.08, Omega  0.00, alpha  0.000, steps in the past 0.000, valid nll 0.048, valid mae 0.178, err@0.05 085.93%, err@0.10 071.17%, err@0.20 037.64%, maxae 0.743
  [diag] log10|dL/dh_t| hist bins=60 range=(-12.50,-11.50) mean=-12.00 p50=-12.00 p05=-12.00 p95=-12.00
  [diag] sat-dist hist bins=60 sat<0.05=0.0% mean=0.995 p10=0.994 p90=0.995
  [diag] z-gate sat-dist hist bins=60 mean=0.119 p10=0.119 p90=0.119
  [diag] r-gate sat-dist hist bins=60 mean=0.499 p10=0.499 p90=0.499
Iter 0014900: train nll 0.045, valid error 037.130%, best valid error 024.250%, avg grad norm   0.062, avg grad norm (post clip)   0.000, rho_Whh  0.08, Omega  0.00, alpha  0.000, steps in the past 0.000, valid nll 0.048, valid mae 0.178, err@0.05 085.79%, err@0.10 071.03%, err@0.20 037.13%, maxae 0.746
  [diag] log10|dL/dh_t| hist bins=60 range=(-12.50,-11.50) mean=-12.00 p50=-12.00 p05=-12.00 p95=-12.00
  [diag] sat-dist hist bins=60 sat<0.05=0.0% mean=0.995 p10=0.994 p90=0.995
  [diag] z-gate sat-dist hist bins=60 mean=0.119 p10=0.119 p90=0.119
  [diag] r-gate sat-dist hist bins=60 mean=0.499 p10=0.499 p90=0.499
Iter 0014920: train nll 0.052, valid error 037.890%, best valid error 024.250%, avg grad norm   0.079, avg grad norm (post clip)   0.000, rho_Whh  0.08, Omega  0.00, alpha  0.000, steps in the past 0.000, valid nll 0.048, valid mae 0.178, err@0.05 085.91%, err@0.10 071.38%, err@0.20 037.89%, maxae 0.742
  [diag] log10|dL/dh_t| hist bins=60 range=(-12.50,-11.50) mean=-12.00 p50=-12.00 p05=-12.00 p95=-12.00
  [diag] sat-dist hist bins=60 sat<0.05=0.0% mean=0.995 p10=0.994 p90=0.995
  [diag] z-gate sat-dist hist bins=60 mean=0.119 p10=0.119 p90=0.119
  [diag] r-gate sat-dist hist bins=60 mean=0.499 p10=0.499 p90=0.499
Iter 0014940: train nll 0.051, valid error 037.940%, best valid error 024.250%, avg grad norm   0.088, avg grad norm (post clip)   0.000, rho_Whh  0.08, Omega  0.00, alpha  0.000, steps in the past 0.000, valid nll 0.048, valid mae 0.178, err@0.05 085.89%, err@0.10 071.35%, err@0.20 037.94%, maxae 0.742
  [diag] log10|dL/dh_t| hist bins=60 range=(-12.50,-11.50) mean=-12.00 p50=-12.00 p05=-12.00 p95=-12.00
  [diag] sat-dist hist bins=60 sat<0.05=0.0% mean=0.995 p10=0.994 p90=0.995
  [diag] z-gate sat-dist hist bins=60 mean=0.119 p10=0.119 p90=0.119
  [diag] r-gate sat-dist hist bins=60 mean=0.499 p10=0.499 p90=0.499
Iter 0014960: train nll 0.047, valid error 037.970%, best valid error 024.250%, avg grad norm   0.069, avg grad norm (post clip)   0.000, rho_Whh  0.08, Omega  0.00, alpha  0.000, steps in the past 0.000, valid nll 0.048, valid mae 0.178, err@0.05 085.89%, err@0.10 071.38%, err@0.20 037.97%, maxae 0.742
  [diag] log10|dL/dh_t| hist bins=60 range=(-12.50,-11.50) mean=-12.00 p50=-12.00 p05=-12.00 p95=-12.00
  [diag] sat-dist hist bins=60 sat<0.05=0.0% mean=0.995 p10=0.994 p90=0.995
  [diag] z-gate sat-dist hist bins=60 mean=0.119 p10=0.119 p90=0.119
  [diag] r-gate sat-dist hist bins=60 mean=0.499 p10=0.499 p90=0.499
Iter 0014980: train nll 0.047, valid error 037.640%, best valid error 024.250%, avg grad norm   0.068, avg grad norm (post clip)   0.000, rho_Whh  0.08, Omega  0.00, alpha  0.000, steps in the past 0.000, valid nll 0.048, valid mae 0.178, err@0.05 085.96%, err@0.10 071.17%, err@0.20 037.64%, maxae 0.743
  [diag] log10|dL/dh_t| hist bins=60 range=(-12.50,-11.50) mean=-12.00 p50=-12.00 p05=-12.00 p95=-12.00
  [diag] sat-dist hist bins=60 sat<0.05=0.0% mean=0.995 p10=0.994 p90=0.995
  [diag] z-gate sat-dist hist bins=60 mean=0.119 p10=0.119 p90=0.119
  [diag] r-gate sat-dist hist bins=60 mean=0.499 p10=0.499 p90=0.499
Iter 0015000: train nll 0.046, valid error 036.760%, best valid error 024.250%, avg grad norm   0.081, avg grad norm (post clip)   0.000, rho_Whh  0.08, Omega  0.00, alpha  0.000, steps in the past 0.000, valid nll 0.048, valid mae 0.177, err@0.05 085.71%, err@0.10 070.93%, err@0.20 036.76%, maxae 0.747
  [diag] log10|dL/dh_t| hist bins=60 range=(-12.50,-11.50) mean=-12.00 p50=-12.00 p05=-12.00 p95=-12.00
  [diag] sat-dist hist bins=60 sat<0.05=0.0% mean=0.995 p10=0.994 p90=0.995
  [diag] z-gate sat-dist hist bins=60 mean=0.119 p10=0.119 p90=0.119
  [diag] r-gate sat-dist hist bins=60 mean=0.499 p10=0.499 p90=0.499
Iter 0015020: train nll 0.042, valid error 037.200%, best valid error 024.250%, avg grad norm   0.081, avg grad norm (post clip)   0.000, rho_Whh  0.08, Omega  0.00, alpha  0.000, steps in the past 0.000, valid nll 0.048, valid mae 0.178, err@0.05 085.82%, err@0.10 071.03%, err@0.20 037.20%, maxae 0.745
  [diag] log10|dL/dh_t| hist bins=60 range=(-12.50,-11.50) mean=-12.00 p50=-12.00 p05=-12.00 p95=-12.00
  [diag] sat-dist hist bins=60 sat<0.05=0.0% mean=0.995 p10=0.994 p90=0.995
  [diag] z-gate sat-dist hist bins=60 mean=0.119 p10=0.119 p90=0.119
  [diag] r-gate sat-dist hist bins=60 mean=0.499 p10=0.499 p90=0.499
Iter 0015040: train nll 0.052, valid error 038.180%, best valid error 024.250%, avg grad norm   0.059, avg grad norm (post clip)   0.000, rho_Whh  0.08, Omega  0.00, alpha  0.000, steps in the past 0.000, valid nll 0.048, valid mae 0.178, err@0.05 085.92%, err@0.10 071.51%, err@0.20 038.18%, maxae 0.741
  [diag] log10|dL/dh_t| hist bins=60 range=(-12.50,-11.50) mean=-12.00 p50=-12.00 p05=-12.00 p95=-12.00
  [diag] sat-dist hist bins=60 sat<0.05=0.0% mean=0.995 p10=0.994 p90=0.995
  [diag] z-gate sat-dist hist bins=60 mean=0.119 p10=0.119 p90=0.119
  [diag] r-gate sat-dist hist bins=60 mean=0.499 p10=0.499 p90=0.499
Iter 0015060: train nll 0.052, valid error 038.060%, best valid error 024.250%, avg grad norm   0.069, avg grad norm (post clip)   0.000, rho_Whh  0.08, Omega  0.00, alpha  0.000, steps in the past 0.000, valid nll 0.048, valid mae 0.178, err@0.05 085.91%, err@0.10 071.51%, err@0.20 038.06%, maxae 0.741
  [diag] log10|dL/dh_t| hist bins=60 range=(-12.50,-11.50) mean=-12.00 p50=-12.00 p05=-12.00 p95=-12.00
  [diag] sat-dist hist bins=60 sat<0.05=0.0% mean=0.995 p10=0.994 p90=0.995
  [diag] z-gate sat-dist hist bins=60 mean=0.119 p10=0.119 p90=0.119
  [diag] r-gate sat-dist hist bins=60 mean=0.499 p10=0.499 p90=0.499
Iter 0015080: train nll 0.044, valid error 036.290%, best valid error 024.250%, avg grad norm   0.097, avg grad norm (post clip)   0.000, rho_Whh  0.08, Omega  0.00, alpha  0.000, steps in the past 0.000, valid nll 0.048, valid mae 0.177, err@0.05 085.70%, err@0.10 070.80%, err@0.20 036.29%, maxae 0.749
  [diag] log10|dL/dh_t| hist bins=60 range=(-12.50,-11.50) mean=-12.00 p50=-12.00 p05=-12.00 p95=-12.00
  [diag] sat-dist hist bins=60 sat<0.05=0.0% mean=0.995 p10=0.994 p90=0.995
  [diag] z-gate sat-dist hist bins=60 mean=0.119 p10=0.119 p90=0.119
  [diag] r-gate sat-dist hist bins=60 mean=0.499 p10=0.499 p90=0.499
Iter 0015100: train nll 0.050, valid error 036.850%, best valid error 024.250%, avg grad norm   0.084, avg grad norm (post clip)   0.000, rho_Whh  0.08, Omega  0.00, alpha  0.000, steps in the past 0.000, valid nll 0.048, valid mae 0.177, err@0.05 085.76%, err@0.10 070.95%, err@0.20 036.85%, maxae 0.747
  [diag] log10|dL/dh_t| hist bins=60 range=(-12.50,-11.50) mean=-12.00 p50=-12.00 p05=-12.00 p95=-12.00
  [diag] sat-dist hist bins=60 sat<0.05=0.0% mean=0.995 p10=0.994 p90=0.995
  [diag] z-gate sat-dist hist bins=60 mean=0.119 p10=0.119 p90=0.119
  [diag] r-gate sat-dist hist bins=60 mean=0.499 p10=0.499 p90=0.499
Iter 0015120: train nll 0.048, valid error 037.560%, best valid error 024.250%, avg grad norm   0.083, avg grad norm (post clip)   0.000, rho_Whh  0.08, Omega  0.00, alpha  0.000, steps in the past 0.000, valid nll 0.048, valid mae 0.178, err@0.05 085.91%, err@0.10 071.17%, err@0.20 037.56%, maxae 0.744
  [diag] log10|dL/dh_t| hist bins=60 range=(-12.50,-11.50) mean=-12.00 p50=-12.00 p05=-12.00 p95=-12.00
  [diag] sat-dist hist bins=60 sat<0.05=0.0% mean=0.995 p10=0.994 p90=0.995
  [diag] z-gate sat-dist hist bins=60 mean=0.119 p10=0.119 p90=0.119
  [diag] r-gate sat-dist hist bins=60 mean=0.499 p10=0.499 p90=0.499
Iter 0015140: train nll 0.049, valid error 038.070%, best valid error 024.250%, avg grad norm   0.077, avg grad norm (post clip)   0.000, rho_Whh  0.08, Omega  0.00, alpha  0.000, steps in the past 0.000, valid nll 0.048, valid mae 0.178, err@0.05 085.92%, err@0.10 071.50%, err@0.20 038.07%, maxae 0.741
  [diag] log10|dL/dh_t| hist bins=60 range=(-12.50,-11.50) mean=-12.00 p50=-12.00 p05=-12.00 p95=-12.00
  [diag] sat-dist hist bins=60 sat<0.05=0.0% mean=0.995 p10=0.994 p90=0.995
  [diag] z-gate sat-dist hist bins=60 mean=0.119 p10=0.119 p90=0.119
  [diag] r-gate sat-dist hist bins=60 mean=0.499 p10=0.499 p90=0.499
Iter 0015160: train nll 0.046, valid error 038.210%, best valid error 024.250%, avg grad norm   0.088, avg grad norm (post clip)   0.000, rho_Whh  0.08, Omega  0.00, alpha  0.000, steps in the past 0.000, valid nll 0.048, valid mae 0.179, err@0.05 085.92%, err@0.10 071.52%, err@0.20 038.21%, maxae 0.741
  [diag] log10|dL/dh_t| hist bins=60 range=(-12.50,-11.50) mean=-12.00 p50=-12.00 p05=-12.00 p95=-12.00
  [diag] sat-dist hist bins=60 sat<0.05=0.0% mean=0.995 p10=0.994 p90=0.995
  [diag] z-gate sat-dist hist bins=60 mean=0.119 p10=0.119 p90=0.119
  [diag] r-gate sat-dist hist bins=60 mean=0.499 p10=0.499 p90=0.499
Iter 0015180: train nll 0.049, valid error 037.740%, best valid error 024.250%, avg grad norm   0.094, avg grad norm (post clip)   0.000, rho_Whh  0.08, Omega  0.00, alpha  0.000, steps in the past 0.000, valid nll 0.048, valid mae 0.178, err@0.05 085.89%, err@0.10 071.24%, err@0.20 037.74%, maxae 0.743
  [diag] log10|dL/dh_t| hist bins=60 range=(-12.50,-11.50) mean=-12.00 p50=-12.00 p05=-12.00 p95=-12.00
  [diag] sat-dist hist bins=60 sat<0.05=0.0% mean=0.995 p10=0.994 p90=0.995
  [diag] z-gate sat-dist hist bins=60 mean=0.119 p10=0.119 p90=0.119
  [diag] r-gate sat-dist hist bins=60 mean=0.499 p10=0.499 p90=0.499
Iter 0015200: train nll 0.054, valid error 038.390%, best valid error 024.250%, avg grad norm   0.072, avg grad norm (post clip)   0.000, rho_Whh  0.08, Omega  0.00, alpha  0.000, steps in the past 0.000, valid nll 0.048, valid mae 0.179, err@0.05 085.89%, err@0.10 071.53%, err@0.20 038.39%, maxae 0.740
  [diag] log10|dL/dh_t| hist bins=60 range=(-12.50,-11.50) mean=-12.00 p50=-12.00 p05=-12.00 p95=-12.00
  [diag] sat-dist hist bins=60 sat<0.05=0.0% mean=0.995 p10=0.994 p90=0.995
  [diag] z-gate sat-dist hist bins=60 mean=0.119 p10=0.119 p90=0.119
  [diag] r-gate sat-dist hist bins=60 mean=0.499 p10=0.499 p90=0.499
Iter 0015220: train nll 0.050, valid error 038.860%, best valid error 024.250%, avg grad norm   0.068, avg grad norm (post clip)   0.000, rho_Whh  0.08, Omega  0.00, alpha  0.000, steps in the past 0.000, valid nll 0.048, valid mae 0.179, err@0.05 086.10%, err@0.10 071.65%, err@0.20 038.86%, maxae 0.738
  [diag] log10|dL/dh_t| hist bins=60 range=(-12.50,-11.50) mean=-12.00 p50=-12.00 p05=-12.00 p95=-12.00
  [diag] sat-dist hist bins=60 sat<0.05=0.0% mean=0.995 p10=0.994 p90=0.995
  [diag] z-gate sat-dist hist bins=60 mean=0.119 p10=0.119 p90=0.119
  [diag] r-gate sat-dist hist bins=60 mean=0.499 p10=0.499 p90=0.499
Iter 0015240: train nll 0.045, valid error 037.950%, best valid error 024.250%, avg grad norm   0.078, avg grad norm (post clip)   0.000, rho_Whh  0.08, Omega  0.00, alpha  0.000, steps in the past 0.000, valid nll 0.048, valid mae 0.178, err@0.05 085.90%, err@0.10 071.36%, err@0.20 037.95%, maxae 0.742
  [diag] log10|dL/dh_t| hist bins=60 range=(-12.50,-11.50) mean=-12.00 p50=-12.00 p05=-12.00 p95=-12.00
  [diag] sat-dist hist bins=60 sat<0.05=0.0% mean=0.995 p10=0.994 p90=0.995
  [diag] z-gate sat-dist hist bins=60 mean=0.119 p10=0.119 p90=0.119
  [diag] r-gate sat-dist hist bins=60 mean=0.499 p10=0.499 p90=0.499
Iter 0015260: train nll 0.046, valid error 037.500%, best valid error 024.250%, avg grad norm   0.067, avg grad norm (post clip)   0.000, rho_Whh  0.08, Omega  0.00, alpha  0.000, steps in the past 0.000, valid nll 0.048, valid mae 0.178, err@0.05 085.89%, err@0.10 071.21%, err@0.20 037.50%, maxae 0.744
  [diag] log10|dL/dh_t| hist bins=60 range=(-12.50,-11.50) mean=-12.00 p50=-12.00 p05=-12.00 p95=-12.00
  [diag] sat-dist hist bins=60 sat<0.05=0.0% mean=0.995 p10=0.994 p90=0.995
  [diag] z-gate sat-dist hist bins=60 mean=0.119 p10=0.119 p90=0.119
  [diag] r-gate sat-dist hist bins=60 mean=0.499 p10=0.499 p90=0.499
Iter 0015280: train nll 0.048, valid error 037.620%, best valid error 024.250%, avg grad norm   0.087, avg grad norm (post clip)   0.000, rho_Whh  0.08, Omega  0.00, alpha  0.000, steps in the past 0.000, valid nll 0.048, valid mae 0.178, err@0.05 085.92%, err@0.10 071.17%, err@0.20 037.62%, maxae 0.744
  [diag] log10|dL/dh_t| hist bins=60 range=(-12.50,-11.50) mean=-12.00 p50=-12.00 p05=-12.00 p95=-12.00
  [diag] sat-dist hist bins=60 sat<0.05=0.0% mean=0.995 p10=0.994 p90=0.995
  [diag] z-gate sat-dist hist bins=60 mean=0.119 p10=0.119 p90=0.119
  [diag] r-gate sat-dist hist bins=60 mean=0.499 p10=0.499 p90=0.499
Iter 0015300: train nll 0.046, valid error 037.750%, best valid error 024.250%, avg grad norm   0.085, avg grad norm (post clip)   0.000, rho_Whh  0.08, Omega  0.00, alpha  0.000, steps in the past 0.000, valid nll 0.048, valid mae 0.178, err@0.05 085.92%, err@0.10 071.28%, err@0.20 037.75%, maxae 0.743
  [diag] log10|dL/dh_t| hist bins=60 range=(-12.50,-11.50) mean=-12.00 p50=-12.00 p05=-12.00 p95=-12.00
  [diag] sat-dist hist bins=60 sat<0.05=0.0% mean=0.995 p10=0.994 p90=0.995
  [diag] z-gate sat-dist hist bins=60 mean=0.119 p10=0.119 p90=0.119
  [diag] r-gate sat-dist hist bins=60 mean=0.499 p10=0.499 p90=0.499
Iter 0015320: train nll 0.051, valid error 037.910%, best valid error 024.250%, avg grad norm   0.081, avg grad norm (post clip)   0.000, rho_Whh  0.08, Omega  0.00, alpha  0.000, steps in the past 0.000, valid nll 0.048, valid mae 0.178, err@0.05 085.92%, err@0.10 071.38%, err@0.20 037.91%, maxae 0.742
  [diag] log10|dL/dh_t| hist bins=60 range=(-12.50,-11.50) mean=-12.00 p50=-12.00 p05=-12.00 p95=-12.00
  [diag] sat-dist hist bins=60 sat<0.05=0.0% mean=0.995 p10=0.994 p90=0.995
  [diag] z-gate sat-dist hist bins=60 mean=0.119 p10=0.119 p90=0.119
  [diag] r-gate sat-dist hist bins=60 mean=0.499 p10=0.499 p90=0.499
Iter 0015340: train nll 0.046, valid error 037.600%, best valid error 024.250%, avg grad norm   0.076, avg grad norm (post clip)   0.000, rho_Whh  0.08, Omega  0.00, alpha  0.000, steps in the past 0.000, valid nll 0.048, valid mae 0.178, err@0.05 085.93%, err@0.10 071.18%, err@0.20 037.60%, maxae 0.744
  [diag] log10|dL/dh_t| hist bins=60 range=(-12.50,-11.50) mean=-12.00 p50=-12.00 p05=-12.00 p95=-12.00
  [diag] sat-dist hist bins=60 sat<0.05=0.0% mean=0.995 p10=0.994 p90=0.995
  [diag] z-gate sat-dist hist bins=60 mean=0.119 p10=0.119 p90=0.119
  [diag] r-gate sat-dist hist bins=60 mean=0.499 p10=0.499 p90=0.499
Iter 0015360: train nll 0.048, valid error 037.900%, best valid error 024.250%, avg grad norm   0.061, avg grad norm (post clip)   0.000, rho_Whh  0.08, Omega  0.00, alpha  0.000, steps in the past 0.000, valid nll 0.048, valid mae 0.178, err@0.05 085.91%, err@0.10 071.38%, err@0.20 037.90%, maxae 0.742
  [diag] log10|dL/dh_t| hist bins=60 range=(-12.50,-11.50) mean=-12.00 p50=-12.00 p05=-12.00 p95=-12.00
  [diag] sat-dist hist bins=60 sat<0.05=0.0% mean=0.995 p10=0.994 p90=0.995
  [diag] z-gate sat-dist hist bins=60 mean=0.119 p10=0.119 p90=0.119
  [diag] r-gate sat-dist hist bins=60 mean=0.499 p10=0.499 p90=0.499
Iter 0015380: train nll 0.046, valid error 038.380%, best valid error 024.250%, avg grad norm   0.075, avg grad norm (post clip)   0.000, rho_Whh  0.08, Omega  0.00, alpha  0.000, steps in the past 0.000, valid nll 0.048, valid mae 0.179, err@0.05 085.89%, err@0.10 071.52%, err@0.20 038.38%, maxae 0.740
  [diag] log10|dL/dh_t| hist bins=60 range=(-12.50,-11.50) mean=-12.00 p50=-12.00 p05=-12.00 p95=-12.00
  [diag] sat-dist hist bins=60 sat<0.05=0.0% mean=0.995 p10=0.994 p90=0.995
  [diag] z-gate sat-dist hist bins=60 mean=0.119 p10=0.119 p90=0.119
  [diag] r-gate sat-dist hist bins=60 mean=0.499 p10=0.499 p90=0.499
Iter 0015400: train nll 0.049, valid error 037.390%, best valid error 024.250%, avg grad norm   0.097, avg grad norm (post clip)   0.000, rho_Whh  0.08, Omega  0.00, alpha  0.000, steps in the past 0.000, valid nll 0.048, valid mae 0.178, err@0.05 085.88%, err@0.10 071.14%, err@0.20 037.39%, maxae 0.745
  [diag] log10|dL/dh_t| hist bins=60 range=(-12.50,-11.50) mean=-12.00 p50=-12.00 p05=-12.00 p95=-12.00
  [diag] sat-dist hist bins=60 sat<0.05=0.0% mean=0.995 p10=0.994 p90=0.995
  [diag] z-gate sat-dist hist bins=60 mean=0.119 p10=0.119 p90=0.119
  [diag] r-gate sat-dist hist bins=60 mean=0.499 p10=0.499 p90=0.499
Iter 0015420: train nll 0.053, valid error 038.730%, best valid error 024.250%, avg grad norm   0.103, avg grad norm (post clip)   0.000, rho_Whh  0.08, Omega  0.00, alpha  0.000, steps in the past 0.000, valid nll 0.048, valid mae 0.179, err@0.05 085.99%, err@0.10 071.55%, err@0.20 038.73%, maxae 0.738
  [diag] log10|dL/dh_t| hist bins=60 range=(-12.50,-11.50) mean=-12.00 p50=-12.00 p05=-12.00 p95=-12.00
  [diag] sat-dist hist bins=60 sat<0.05=0.0% mean=0.995 p10=0.994 p90=0.995
  [diag] z-gate sat-dist hist bins=60 mean=0.119 p10=0.119 p90=0.119
  [diag] r-gate sat-dist hist bins=60 mean=0.499 p10=0.499 p90=0.499
Iter 0015440: train nll 0.048, valid error 039.170%, best valid error 024.250%, avg grad norm   0.096, avg grad norm (post clip)   0.000, rho_Whh  0.08, Omega  0.00, alpha  0.000, steps in the past 0.000, valid nll 0.048, valid mae 0.179, err@0.05 086.27%, err@0.10 071.69%, err@0.20 039.17%, maxae 0.736
  [diag] log10|dL/dh_t| hist bins=60 range=(-12.50,-11.50) mean=-12.00 p50=-12.00 p05=-12.00 p95=-12.00
  [diag] sat-dist hist bins=60 sat<0.05=0.0% mean=0.994 p10=0.994 p90=0.995
  [diag] z-gate sat-dist hist bins=60 mean=0.119 p10=0.119 p90=0.119
  [diag] r-gate sat-dist hist bins=60 mean=0.499 p10=0.499 p90=0.499
Iter 0015460: train nll 0.052, valid error 040.230%, best valid error 024.250%, avg grad norm   0.082, avg grad norm (post clip)   0.000, rho_Whh  0.08, Omega  0.00, alpha  0.000, steps in the past 0.000, valid nll 0.048, valid mae 0.180, err@0.05 086.32%, err@0.10 072.10%, err@0.20 040.23%, maxae 0.731
  [diag] log10|dL/dh_t| hist bins=60 range=(-12.50,-11.50) mean=-12.00 p50=-12.00 p05=-12.00 p95=-12.00
  [diag] sat-dist hist bins=60 sat<0.05=0.0% mean=0.995 p10=0.994 p90=0.995
  [diag] z-gate sat-dist hist bins=60 mean=0.119 p10=0.119 p90=0.119
  [diag] r-gate sat-dist hist bins=60 mean=0.499 p10=0.499 p90=0.499
Iter 0015480: train nll 0.052, valid error 039.440%, best valid error 024.250%, avg grad norm   0.086, avg grad norm (post clip)   0.000, rho_Whh  0.08, Omega  0.00, alpha  0.000, steps in the past 0.000, valid nll 0.048, valid mae 0.180, err@0.05 086.29%, err@0.10 071.89%, err@0.20 039.44%, maxae 0.735
  [diag] log10|dL/dh_t| hist bins=60 range=(-12.50,-11.50) mean=-12.00 p50=-12.00 p05=-12.00 p95=-12.00
  [diag] sat-dist hist bins=60 sat<0.05=0.0% mean=0.995 p10=0.994 p90=0.995
  [diag] z-gate sat-dist hist bins=60 mean=0.119 p10=0.119 p90=0.119
  [diag] r-gate sat-dist hist bins=60 mean=0.499 p10=0.499 p90=0.499
Iter 0015500: train nll 0.045, valid error 038.990%, best valid error 024.250%, avg grad norm   0.059, avg grad norm (post clip)   0.000, rho_Whh  0.08, Omega  0.00, alpha  0.000, steps in the past 0.000, valid nll 0.048, valid mae 0.179, err@0.05 086.16%, err@0.10 071.64%, err@0.20 038.99%, maxae 0.737
  [diag] log10|dL/dh_t| hist bins=60 range=(-12.50,-11.50) mean=-12.00 p50=-12.00 p05=-12.00 p95=-12.00
  [diag] sat-dist hist bins=60 sat<0.05=0.0% mean=0.995 p10=0.994 p90=0.995
  [diag] z-gate sat-dist hist bins=60 mean=0.119 p10=0.119 p90=0.119
  [diag] r-gate sat-dist hist bins=60 mean=0.499 p10=0.499 p90=0.499
Iter 0015520: train nll 0.046, valid error 038.100%, best valid error 024.250%, avg grad norm   0.088, avg grad norm (post clip)   0.000, rho_Whh  0.08, Omega  0.00, alpha  0.000, steps in the past 0.000, valid nll 0.048, valid mae 0.178, err@0.05 085.94%, err@0.10 071.52%, err@0.20 038.10%, maxae 0.741
  [diag] log10|dL/dh_t| hist bins=60 range=(-12.50,-11.50) mean=-12.00 p50=-12.00 p05=-12.00 p95=-12.00
  [diag] sat-dist hist bins=60 sat<0.05=0.0% mean=0.995 p10=0.994 p90=0.995
  [diag] z-gate sat-dist hist bins=60 mean=0.119 p10=0.119 p90=0.119
  [diag] r-gate sat-dist hist bins=60 mean=0.499 p10=0.499 p90=0.499
Iter 0015540: train nll 0.057, valid error 039.760%, best valid error 024.250%, avg grad norm   0.087, avg grad norm (post clip)   0.000, rho_Whh  0.08, Omega  0.00, alpha  0.000, steps in the past 0.000, valid nll 0.048, valid mae 0.180, err@0.05 086.33%, err@0.10 072.04%, err@0.20 039.76%, maxae 0.733
  [diag] log10|dL/dh_t| hist bins=60 range=(-12.50,-11.50) mean=-12.00 p50=-12.00 p05=-12.00 p95=-12.00
  [diag] sat-dist hist bins=60 sat<0.05=0.0% mean=0.995 p10=0.994 p90=0.995
  [diag] z-gate sat-dist hist bins=60 mean=0.119 p10=0.119 p90=0.119
  [diag] r-gate sat-dist hist bins=60 mean=0.499 p10=0.499 p90=0.499
Iter 0015560: train nll 0.058, valid error 039.640%, best valid error 024.250%, avg grad norm   0.087, avg grad norm (post clip)   0.000, rho_Whh  0.08, Omega  0.00, alpha  0.000, steps in the past 0.000, valid nll 0.048, valid mae 0.180, err@0.05 086.36%, err@0.10 071.96%, err@0.20 039.64%, maxae 0.734
  [diag] log10|dL/dh_t| hist bins=60 range=(-12.50,-11.50) mean=-12.00 p50=-12.00 p05=-12.00 p95=-12.00
  [diag] sat-dist hist bins=60 sat<0.05=0.0% mean=0.995 p10=0.994 p90=0.995
  [diag] z-gate sat-dist hist bins=60 mean=0.119 p10=0.119 p90=0.119
  [diag] r-gate sat-dist hist bins=60 mean=0.499 p10=0.499 p90=0.499
Iter 0015580: train nll 0.047, valid error 038.790%, best valid error 024.250%, avg grad norm   0.096, avg grad norm (post clip)   0.000, rho_Whh  0.08, Omega  0.00, alpha  0.000, steps in the past 0.000, valid nll 0.048, valid mae 0.179, err@0.05 086.07%, err@0.10 071.60%, err@0.20 038.79%, maxae 0.738
  [diag] log10|dL/dh_t| hist bins=60 range=(-12.50,-11.50) mean=-12.00 p50=-12.00 p05=-12.00 p95=-12.00
  [diag] sat-dist hist bins=60 sat<0.05=0.0% mean=0.995 p10=0.994 p90=0.995
  [diag] z-gate sat-dist hist bins=60 mean=0.119 p10=0.119 p90=0.119
  [diag] r-gate sat-dist hist bins=60 mean=0.499 p10=0.499 p90=0.499
Iter 0015600: train nll 0.049, valid error 038.700%, best valid error 024.250%, avg grad norm   0.090, avg grad norm (post clip)   0.000, rho_Whh  0.08, Omega  0.00, alpha  0.000, steps in the past 0.000, valid nll 0.048, valid mae 0.179, err@0.05 086.00%, err@0.10 071.59%, err@0.20 038.70%, maxae 0.738
  [diag] log10|dL/dh_t| hist bins=60 range=(-12.50,-11.50) mean=-12.00 p50=-12.00 p05=-12.00 p95=-12.00
  [diag] sat-dist hist bins=60 sat<0.05=0.0% mean=0.995 p10=0.994 p90=0.995
  [diag] z-gate sat-dist hist bins=60 mean=0.119 p10=0.119 p90=0.119
  [diag] r-gate sat-dist hist bins=60 mean=0.499 p10=0.499 p90=0.499
Iter 0015620: train nll 0.054, valid error 038.740%, best valid error 024.250%, avg grad norm   0.080, avg grad norm (post clip)   0.000, rho_Whh  0.08, Omega  0.00, alpha  0.000, steps in the past 0.000, valid nll 0.048, valid mae 0.179, err@0.05 086.01%, err@0.10 071.56%, err@0.20 038.74%, maxae 0.738
  [diag] log10|dL/dh_t| hist bins=60 range=(-12.50,-11.50) mean=-12.00 p50=-12.00 p05=-12.00 p95=-12.00
  [diag] sat-dist hist bins=60 sat<0.05=0.0% mean=0.995 p10=0.994 p90=0.995
  [diag] z-gate sat-dist hist bins=60 mean=0.119 p10=0.119 p90=0.119
  [diag] r-gate sat-dist hist bins=60 mean=0.499 p10=0.499 p90=0.499
Iter 0015640: train nll 0.053, valid error 039.440%, best valid error 024.250%, avg grad norm   0.066, avg grad norm (post clip)   0.000, rho_Whh  0.08, Omega  0.00, alpha  0.000, steps in the past 0.000, valid nll 0.048, valid mae 0.180, err@0.05 086.27%, err@0.10 071.88%, err@0.20 039.44%, maxae 0.735
  [diag] log10|dL/dh_t| hist bins=60 range=(-12.50,-11.50) mean=-12.00 p50=-12.00 p05=-12.00 p95=-12.00
  [diag] sat-dist hist bins=60 sat<0.05=0.0% mean=0.995 p10=0.994 p90=0.995
  [diag] z-gate sat-dist hist bins=60 mean=0.119 p10=0.119 p90=0.119
  [diag] r-gate sat-dist hist bins=60 mean=0.499 p10=0.499 p90=0.499
Iter 0015660: train nll 0.048, valid error 039.560%, best valid error 024.250%, avg grad norm   0.083, avg grad norm (post clip)   0.000, rho_Whh  0.08, Omega  0.00, alpha  0.000, steps in the past 0.000, valid nll 0.048, valid mae 0.180, err@0.05 086.33%, err@0.10 071.92%, err@0.20 039.56%, maxae 0.734
  [diag] log10|dL/dh_t| hist bins=60 range=(-12.50,-11.50) mean=-12.00 p50=-12.00 p05=-12.00 p95=-12.00
  [diag] sat-dist hist bins=60 sat<0.05=0.0% mean=0.995 p10=0.994 p90=0.995
  [diag] z-gate sat-dist hist bins=60 mean=0.119 p10=0.119 p90=0.119
  [diag] r-gate sat-dist hist bins=60 mean=0.499 p10=0.499 p90=0.499
Iter 0015680: train nll 0.052, valid error 038.440%, best valid error 024.250%, avg grad norm   0.076, avg grad norm (post clip)   0.000, rho_Whh  0.08, Omega  0.00, alpha  0.000, steps in the past 0.000, valid nll 0.048, valid mae 0.179, err@0.05 086.00%, err@0.10 071.57%, err@0.20 038.44%, maxae 0.739
  [diag] log10|dL/dh_t| hist bins=60 range=(-12.50,-11.50) mean=-12.00 p50=-12.00 p05=-12.00 p95=-12.00
  [diag] sat-dist hist bins=60 sat<0.05=0.0% mean=0.995 p10=0.994 p90=0.995
  [diag] z-gate sat-dist hist bins=60 mean=0.119 p10=0.119 p90=0.119
  [diag] r-gate sat-dist hist bins=60 mean=0.499 p10=0.499 p90=0.499
Iter 0015700: train nll 0.046, valid error 036.860%, best valid error 024.250%, avg grad norm   0.074, avg grad norm (post clip)   0.000, rho_Whh  0.08, Omega  0.00, alpha  0.000, steps in the past 0.000, valid nll 0.048, valid mae 0.177, err@0.05 085.76%, err@0.10 070.95%, err@0.20 036.86%, maxae 0.747
  [diag] log10|dL/dh_t| hist bins=60 range=(-12.50,-11.50) mean=-12.00 p50=-12.00 p05=-12.00 p95=-12.00
  [diag] sat-dist hist bins=60 sat<0.05=0.0% mean=0.995 p10=0.994 p90=0.995
  [diag] z-gate sat-dist hist bins=60 mean=0.119 p10=0.119 p90=0.119
  [diag] r-gate sat-dist hist bins=60 mean=0.499 p10=0.499 p90=0.499
Iter 0015720: train nll 0.052, valid error 038.210%, best valid error 024.250%, avg grad norm   0.122, avg grad norm (post clip)   0.000, rho_Whh  0.08, Omega  0.00, alpha  0.000, steps in the past 0.000, valid nll 0.048, valid mae 0.179, err@0.05 085.92%, err@0.10 071.51%, err@0.20 038.21%, maxae 0.741
  [diag] log10|dL/dh_t| hist bins=60 range=(-12.50,-11.50) mean=-12.00 p50=-12.00 p05=-12.00 p95=-12.00
  [diag] sat-dist hist bins=60 sat<0.05=0.0% mean=0.995 p10=0.994 p90=0.995
  [diag] z-gate sat-dist hist bins=60 mean=0.119 p10=0.119 p90=0.119
  [diag] r-gate sat-dist hist bins=60 mean=0.499 p10=0.499 p90=0.499
Iter 0015740: train nll 0.050, valid error 037.930%, best valid error 024.250%, avg grad norm   0.079, avg grad norm (post clip)   0.000, rho_Whh  0.08, Omega  0.00, alpha  0.000, steps in the past 0.000, valid nll 0.048, valid mae 0.178, err@0.05 085.88%, err@0.10 071.36%, err@0.20 037.93%, maxae 0.742
  [diag] log10|dL/dh_t| hist bins=60 range=(-12.50,-11.50) mean=-12.00 p50=-12.00 p05=-12.00 p95=-12.00
  [diag] sat-dist hist bins=60 sat<0.05=0.0% mean=0.995 p10=0.994 p90=0.995
  [diag] z-gate sat-dist hist bins=60 mean=0.119 p10=0.119 p90=0.119
  [diag] r-gate sat-dist hist bins=60 mean=0.499 p10=0.499 p90=0.499
Iter 0015760: train nll 0.054, valid error 038.900%, best valid error 024.250%, avg grad norm   0.085, avg grad norm (post clip)   0.000, rho_Whh  0.08, Omega  0.00, alpha  0.000, steps in the past 0.000, valid nll 0.048, valid mae 0.179, err@0.05 086.11%, err@0.10 071.64%, err@0.20 038.90%, maxae 0.737
  [diag] log10|dL/dh_t| hist bins=60 range=(-12.50,-11.50) mean=-12.00 p50=-12.00 p05=-12.00 p95=-12.00
  [diag] sat-dist hist bins=60 sat<0.05=0.0% mean=0.995 p10=0.994 p90=0.995
  [diag] z-gate sat-dist hist bins=60 mean=0.119 p10=0.119 p90=0.119
  [diag] r-gate sat-dist hist bins=60 mean=0.499 p10=0.499 p90=0.499
Iter 0015780: train nll 0.046, valid error 038.680%, best valid error 024.250%, avg grad norm   0.085, avg grad norm (post clip)   0.000, rho_Whh  0.08, Omega  0.00, alpha  0.000, steps in the past 0.000, valid nll 0.048, valid mae 0.179, err@0.05 085.99%, err@0.10 071.60%, err@0.20 038.68%, maxae 0.738
  [diag] log10|dL/dh_t| hist bins=60 range=(-12.50,-11.50) mean=-12.00 p50=-12.00 p05=-12.00 p95=-12.00
  [diag] sat-dist hist bins=60 sat<0.05=0.0% mean=0.995 p10=0.994 p90=0.995
  [diag] z-gate sat-dist hist bins=60 mean=0.119 p10=0.119 p90=0.119
  [diag] r-gate sat-dist hist bins=60 mean=0.499 p10=0.499 p90=0.499
Iter 0015800: train nll 0.050, valid error 037.970%, best valid error 024.250%, avg grad norm   0.074, avg grad norm (post clip)   0.000, rho_Whh  0.08, Omega  0.00, alpha  0.000, steps in the past 0.000, valid nll 0.048, valid mae 0.178, err@0.05 085.89%, err@0.10 071.38%, err@0.20 037.97%, maxae 0.742
  [diag] log10|dL/dh_t| hist bins=60 range=(-12.50,-11.50) mean=-12.00 p50=-12.00 p05=-12.00 p95=-12.00
  [diag] sat-dist hist bins=60 sat<0.05=0.0% mean=0.995 p10=0.994 p90=0.995
  [diag] z-gate sat-dist hist bins=60 mean=0.119 p10=0.119 p90=0.119
  [diag] r-gate sat-dist hist bins=60 mean=0.499 p10=0.499 p90=0.499
Iter 0015820: train nll 0.047, valid error 037.640%, best valid error 024.250%, avg grad norm   0.087, avg grad norm (post clip)   0.000, rho_Whh  0.08, Omega  0.00, alpha  0.000, steps in the past 0.000, valid nll 0.048, valid mae 0.178, err@0.05 085.95%, err@0.10 071.18%, err@0.20 037.64%, maxae 0.743
  [diag] log10|dL/dh_t| hist bins=60 range=(-12.50,-11.50) mean=-12.00 p50=-12.00 p05=-12.00 p95=-12.00
  [diag] sat-dist hist bins=60 sat<0.05=0.0% mean=0.995 p10=0.994 p90=0.995
  [diag] z-gate sat-dist hist bins=60 mean=0.119 p10=0.119 p90=0.119
  [diag] r-gate sat-dist hist bins=60 mean=0.499 p10=0.499 p90=0.499
Iter 0015840: train nll 0.047, valid error 038.280%, best valid error 024.250%, avg grad norm   0.082, avg grad norm (post clip)   0.000, rho_Whh  0.08, Omega  0.00, alpha  0.000, steps in the past 0.000, valid nll 0.048, valid mae 0.179, err@0.05 085.91%, err@0.10 071.52%, err@0.20 038.28%, maxae 0.740
  [diag] log10|dL/dh_t| hist bins=60 range=(-12.50,-11.50) mean=-12.00 p50=-12.00 p05=-12.00 p95=-12.00
  [diag] sat-dist hist bins=60 sat<0.05=0.0% mean=0.995 p10=0.994 p90=0.995
  [diag] z-gate sat-dist hist bins=60 mean=0.119 p10=0.119 p90=0.119
  [diag] r-gate sat-dist hist bins=60 mean=0.499 p10=0.499 p90=0.499
Iter 0015860: train nll 0.050, valid error 039.610%, best valid error 024.250%, avg grad norm   0.072, avg grad norm (post clip)   0.000, rho_Whh  0.08, Omega  0.00, alpha  0.000, steps in the past 0.000, valid nll 0.048, valid mae 0.180, err@0.05 086.33%, err@0.10 071.94%, err@0.20 039.61%, maxae 0.734
  [diag] log10|dL/dh_t| hist bins=60 range=(-12.50,-11.50) mean=-12.00 p50=-12.00 p05=-12.00 p95=-12.00
  [diag] sat-dist hist bins=60 sat<0.05=0.0% mean=0.995 p10=0.994 p90=0.995
  [diag] z-gate sat-dist hist bins=60 mean=0.119 p10=0.119 p90=0.119
  [diag] r-gate sat-dist hist bins=60 mean=0.499 p10=0.499 p90=0.499
Iter 0015880: train nll 0.045, valid error 038.280%, best valid error 024.250%, avg grad norm   0.074, avg grad norm (post clip)   0.000, rho_Whh  0.08, Omega  0.00, alpha  0.000, steps in the past 0.000, valid nll 0.048, valid mae 0.179, err@0.05 085.92%, err@0.10 071.52%, err@0.20 038.28%, maxae 0.740
  [diag] log10|dL/dh_t| hist bins=60 range=(-12.50,-11.50) mean=-12.00 p50=-12.00 p05=-12.00 p95=-12.00
  [diag] sat-dist hist bins=60 sat<0.05=0.0% mean=0.995 p10=0.994 p90=0.995
  [diag] z-gate sat-dist hist bins=60 mean=0.119 p10=0.119 p90=0.119
  [diag] r-gate sat-dist hist bins=60 mean=0.499 p10=0.499 p90=0.499
Iter 0015900: train nll 0.047, valid error 038.180%, best valid error 024.250%, avg grad norm   0.088, avg grad norm (post clip)   0.000, rho_Whh  0.08, Omega  0.00, alpha  0.000, steps in the past 0.000, valid nll 0.048, valid mae 0.178, err@0.05 085.92%, err@0.10 071.51%, err@0.20 038.18%, maxae 0.741
  [diag] log10|dL/dh_t| hist bins=60 range=(-12.50,-11.50) mean=-12.00 p50=-12.00 p05=-12.00 p95=-12.00
  [diag] sat-dist hist bins=60 sat<0.05=0.0% mean=0.995 p10=0.994 p90=0.995
  [diag] z-gate sat-dist hist bins=60 mean=0.119 p10=0.119 p90=0.119
  [diag] r-gate sat-dist hist bins=60 mean=0.499 p10=0.499 p90=0.499
Iter 0015920: train nll 0.052, valid error 038.850%, best valid error 024.250%, avg grad norm   0.078, avg grad norm (post clip)   0.000, rho_Whh  0.08, Omega  0.00, alpha  0.000, steps in the past 0.000, valid nll 0.048, valid mae 0.179, err@0.05 086.09%, err@0.10 071.66%, err@0.20 038.85%, maxae 0.738
  [diag] log10|dL/dh_t| hist bins=60 range=(-12.50,-11.50) mean=-12.00 p50=-12.00 p05=-12.00 p95=-12.00
  [diag] sat-dist hist bins=60 sat<0.05=0.0% mean=0.995 p10=0.994 p90=0.995
  [diag] z-gate sat-dist hist bins=60 mean=0.119 p10=0.119 p90=0.119
  [diag] r-gate sat-dist hist bins=60 mean=0.499 p10=0.499 p90=0.499
Iter 0015940: train nll 0.046, valid error 038.490%, best valid error 024.250%, avg grad norm   0.089, avg grad norm (post clip)   0.000, rho_Whh  0.08, Omega  0.00, alpha  0.000, steps in the past 0.000, valid nll 0.048, valid mae 0.179, err@0.05 085.99%, err@0.10 071.62%, err@0.20 038.49%, maxae 0.739
  [diag] log10|dL/dh_t| hist bins=60 range=(-12.50,-11.50) mean=-12.00 p50=-12.00 p05=-12.00 p95=-12.00
  [diag] sat-dist hist bins=60 sat<0.05=0.0% mean=0.995 p10=0.994 p90=0.995
  [diag] z-gate sat-dist hist bins=60 mean=0.119 p10=0.119 p90=0.119
  [diag] r-gate sat-dist hist bins=60 mean=0.499 p10=0.499 p90=0.499
Iter 0015960: train nll 0.048, valid error 037.350%, best valid error 024.250%, avg grad norm   0.070, avg grad norm (post clip)   0.000, rho_Whh  0.08, Omega  0.00, alpha  0.000, steps in the past 0.000, valid nll 0.048, valid mae 0.178, err@0.05 085.86%, err@0.10 071.12%, err@0.20 037.35%, maxae 0.745
  [diag] log10|dL/dh_t| hist bins=60 range=(-12.50,-11.50) mean=-12.00 p50=-12.00 p05=-12.00 p95=-12.00
  [diag] sat-dist hist bins=60 sat<0.05=0.0% mean=0.995 p10=0.994 p90=0.995
  [diag] z-gate sat-dist hist bins=60 mean=0.119 p10=0.119 p90=0.119
  [diag] r-gate sat-dist hist bins=60 mean=0.499 p10=0.499 p90=0.499
Iter 0015980: train nll 0.055, valid error 039.050%, best valid error 024.250%, avg grad norm   0.084, avg grad norm (post clip)   0.000, rho_Whh  0.08, Omega  0.00, alpha  0.000, steps in the past 0.000, valid nll 0.048, valid mae 0.179, err@0.05 086.19%, err@0.10 071.66%, err@0.20 039.05%, maxae 0.737
  [diag] log10|dL/dh_t| hist bins=60 range=(-12.50,-11.50) mean=-12.00 p50=-12.00 p05=-12.00 p95=-12.00
  [diag] sat-dist hist bins=60 sat<0.05=0.0% mean=0.995 p10=0.994 p90=0.995
  [diag] z-gate sat-dist hist bins=60 mean=0.119 p10=0.119 p90=0.119
  [diag] r-gate sat-dist hist bins=60 mean=0.499 p10=0.499 p90=0.499
Iter 0016000: train nll 0.057, valid error 039.330%, best valid error 024.250%, avg grad norm   0.094, avg grad norm (post clip)   0.000, rho_Whh  0.08, Omega  0.00, alpha  0.000, steps in the past 0.000, valid nll 0.048, valid mae 0.180, err@0.05 086.28%, err@0.10 071.79%, err@0.20 039.33%, maxae 0.735
  [diag] log10|dL/dh_t| hist bins=60 range=(-12.50,-11.50) mean=-12.00 p50=-12.00 p05=-12.00 p95=-12.00
  [diag] sat-dist hist bins=60 sat<0.05=0.0% mean=0.995 p10=0.994 p90=0.995
  [diag] z-gate sat-dist hist bins=60 mean=0.119 p10=0.119 p90=0.119
  [diag] r-gate sat-dist hist bins=60 mean=0.499 p10=0.499 p90=0.499
Iter 0016020: train nll 0.051, valid error 039.870%, best valid error 024.250%, avg grad norm   0.073, avg grad norm (post clip)   0.000, rho_Whh  0.08, Omega  0.00, alpha  0.000, steps in the past 0.000, valid nll 0.048, valid mae 0.180, err@0.05 086.33%, err@0.10 072.07%, err@0.20 039.87%, maxae 0.733
  [diag] log10|dL/dh_t| hist bins=60 range=(-12.50,-11.50) mean=-12.00 p50=-12.00 p05=-12.00 p95=-12.00
  [diag] sat-dist hist bins=60 sat<0.05=0.0% mean=0.995 p10=0.994 p90=0.995
  [diag] z-gate sat-dist hist bins=60 mean=0.119 p10=0.119 p90=0.119
  [diag] r-gate sat-dist hist bins=60 mean=0.499 p10=0.499 p90=0.499
Iter 0016040: train nll 0.049, valid error 039.810%, best valid error 024.250%, avg grad norm   0.069, avg grad norm (post clip)   0.000, rho_Whh  0.08, Omega  0.00, alpha  0.000, steps in the past 0.000, valid nll 0.048, valid mae 0.180, err@0.05 086.33%, err@0.10 072.08%, err@0.20 039.81%, maxae 0.733
  [diag] log10|dL/dh_t| hist bins=60 range=(-12.50,-11.50) mean=-12.00 p50=-12.00 p05=-12.00 p95=-12.00
  [diag] sat-dist hist bins=60 sat<0.05=0.0% mean=0.995 p10=0.994 p90=0.995
  [diag] z-gate sat-dist hist bins=60 mean=0.119 p10=0.119 p90=0.119
  [diag] r-gate sat-dist hist bins=60 mean=0.499 p10=0.499 p90=0.499
Iter 0016060: train nll 0.045, valid error 037.930%, best valid error 024.250%, avg grad norm   0.079, avg grad norm (post clip)   0.000, rho_Whh  0.08, Omega  0.00, alpha  0.000, steps in the past 0.000, valid nll 0.048, valid mae 0.178, err@0.05 085.87%, err@0.10 071.36%, err@0.20 037.93%, maxae 0.742
  [diag] log10|dL/dh_t| hist bins=60 range=(-12.50,-11.50) mean=-12.00 p50=-12.00 p05=-12.00 p95=-12.00
  [diag] sat-dist hist bins=60 sat<0.05=0.0% mean=0.995 p10=0.994 p90=0.995
  [diag] z-gate sat-dist hist bins=60 mean=0.119 p10=0.119 p90=0.119
  [diag] r-gate sat-dist hist bins=60 mean=0.499 p10=0.499 p90=0.499
Iter 0016080: train nll 0.051, valid error 039.480%, best valid error 024.250%, avg grad norm   0.097, avg grad norm (post clip)   0.000, rho_Whh  0.08, Omega  0.00, alpha  0.000, steps in the past 0.000, valid nll 0.048, valid mae 0.180, err@0.05 086.30%, err@0.10 071.94%, err@0.20 039.48%, maxae 0.734
  [diag] log10|dL/dh_t| hist bins=60 range=(-12.50,-11.50) mean=-12.00 p50=-12.00 p05=-12.00 p95=-12.00
  [diag] sat-dist hist bins=60 sat<0.05=0.0% mean=0.995 p10=0.994 p90=0.995
  [diag] z-gate sat-dist hist bins=60 mean=0.119 p10=0.119 p90=0.119
  [diag] r-gate sat-dist hist bins=60 mean=0.499 p10=0.499 p90=0.499
Iter 0016100: train nll 0.050, valid error 039.790%, best valid error 024.250%, avg grad norm   0.067, avg grad norm (post clip)   0.000, rho_Whh  0.08, Omega  0.00, alpha  0.000, steps in the past 0.000, valid nll 0.048, valid mae 0.180, err@0.05 086.34%, err@0.10 072.05%, err@0.20 039.79%, maxae 0.733
  [diag] log10|dL/dh_t| hist bins=60 range=(-12.50,-11.50) mean=-12.00 p50=-12.00 p05=-12.00 p95=-12.00
  [diag] sat-dist hist bins=60 sat<0.05=0.0% mean=0.995 p10=0.994 p90=0.995
  [diag] z-gate sat-dist hist bins=60 mean=0.119 p10=0.119 p90=0.119
  [diag] r-gate sat-dist hist bins=60 mean=0.499 p10=0.499 p90=0.499
Iter 0016120: train nll 0.046, valid error 038.760%, best valid error 024.250%, avg grad norm   0.081, avg grad norm (post clip)   0.000, rho_Whh  0.08, Omega  0.00, alpha  0.000, steps in the past 0.000, valid nll 0.048, valid mae 0.179, err@0.05 086.03%, err@0.10 071.56%, err@0.20 038.76%, maxae 0.738
  [diag] log10|dL/dh_t| hist bins=60 range=(-12.50,-11.50) mean=-12.00 p50=-12.00 p05=-12.00 p95=-12.00
  [diag] sat-dist hist bins=60 sat<0.05=0.0% mean=0.995 p10=0.994 p90=0.995
  [diag] z-gate sat-dist hist bins=60 mean=0.119 p10=0.119 p90=0.119
  [diag] r-gate sat-dist hist bins=60 mean=0.499 p10=0.499 p90=0.499
Iter 0016140: train nll 0.052, valid error 039.310%, best valid error 024.250%, avg grad norm   0.085, avg grad norm (post clip)   0.000, rho_Whh  0.08, Omega  0.00, alpha  0.000, steps in the past 0.000, valid nll 0.048, valid mae 0.180, err@0.05 086.26%, err@0.10 071.76%, err@0.20 039.31%, maxae 0.736
  [diag] log10|dL/dh_t| hist bins=60 range=(-12.50,-11.50) mean=-12.00 p50=-12.00 p05=-12.00 p95=-12.00
  [diag] sat-dist hist bins=60 sat<0.05=0.0% mean=0.995 p10=0.994 p90=0.995
  [diag] z-gate sat-dist hist bins=60 mean=0.119 p10=0.119 p90=0.119
  [diag] r-gate sat-dist hist bins=60 mean=0.499 p10=0.499 p90=0.499
Iter 0016160: train nll 0.047, valid error 039.580%, best valid error 024.250%, avg grad norm   0.085, avg grad norm (post clip)   0.000, rho_Whh  0.08, Omega  0.00, alpha  0.000, steps in the past 0.000, valid nll 0.048, valid mae 0.180, err@0.05 086.33%, err@0.10 071.93%, err@0.20 039.58%, maxae 0.734
  [diag] log10|dL/dh_t| hist bins=60 range=(-12.50,-11.50) mean=-12.00 p50=-12.00 p05=-12.00 p95=-12.00
  [diag] sat-dist hist bins=60 sat<0.05=0.0% mean=0.995 p10=0.994 p90=0.995
  [diag] z-gate sat-dist hist bins=60 mean=0.119 p10=0.119 p90=0.119
  [diag] r-gate sat-dist hist bins=60 mean=0.499 p10=0.499 p90=0.499
Iter 0016180: train nll 0.055, valid error 039.990%, best valid error 024.250%, avg grad norm   0.097, avg grad norm (post clip)   0.000, rho_Whh  0.08, Omega  0.00, alpha  0.000, steps in the past 0.000, valid nll 0.048, valid mae 0.180, err@0.05 086.26%, err@0.10 072.12%, err@0.20 039.99%, maxae 0.732
  [diag] log10|dL/dh_t| hist bins=60 range=(-12.50,-11.50) mean=-12.00 p50=-12.00 p05=-12.00 p95=-12.00
  [diag] sat-dist hist bins=60 sat<0.05=0.0% mean=0.995 p10=0.994 p90=0.995
  [diag] z-gate sat-dist hist bins=60 mean=0.119 p10=0.119 p90=0.119
  [diag] r-gate sat-dist hist bins=60 mean=0.499 p10=0.499 p90=0.499
Iter 0016200: train nll 0.053, valid error 039.480%, best valid error 024.250%, avg grad norm   0.078, avg grad norm (post clip)   0.000, rho_Whh  0.08, Omega  0.00, alpha  0.000, steps in the past 0.000, valid nll 0.048, valid mae 0.180, err@0.05 086.33%, err@0.10 071.92%, err@0.20 039.48%, maxae 0.734
  [diag] log10|dL/dh_t| hist bins=60 range=(-12.50,-11.50) mean=-12.00 p50=-12.00 p05=-12.00 p95=-12.00
  [diag] sat-dist hist bins=60 sat<0.05=0.0% mean=0.995 p10=0.994 p90=0.995
  [diag] z-gate sat-dist hist bins=60 mean=0.119 p10=0.119 p90=0.119
  [diag] r-gate sat-dist hist bins=60 mean=0.499 p10=0.499 p90=0.499
Iter 0016220: train nll 0.050, valid error 039.130%, best valid error 024.250%, avg grad norm   0.090, avg grad norm (post clip)   0.000, rho_Whh  0.08, Omega  0.00, alpha  0.000, steps in the past 0.000, valid nll 0.048, valid mae 0.179, err@0.05 086.19%, err@0.10 071.69%, err@0.20 039.13%, maxae 0.736
  [diag] log10|dL/dh_t| hist bins=60 range=(-12.50,-11.50) mean=-12.00 p50=-12.00 p05=-12.00 p95=-12.00
  [diag] sat-dist hist bins=60 sat<0.05=0.0% mean=0.995 p10=0.994 p90=0.995
  [diag] z-gate sat-dist hist bins=60 mean=0.119 p10=0.119 p90=0.119
  [diag] r-gate sat-dist hist bins=60 mean=0.499 p10=0.499 p90=0.499
Iter 0016240: train nll 0.045, valid error 038.390%, best valid error 024.250%, avg grad norm   0.081, avg grad norm (post clip)   0.000, rho_Whh  0.08, Omega  0.00, alpha  0.000, steps in the past 0.000, valid nll 0.048, valid mae 0.179, err@0.05 085.87%, err@0.10 071.52%, err@0.20 038.39%, maxae 0.740
  [diag] log10|dL/dh_t| hist bins=60 range=(-12.50,-11.50) mean=-12.00 p50=-12.00 p05=-12.00 p95=-12.00
  [diag] sat-dist hist bins=60 sat<0.05=0.0% mean=0.995 p10=0.994 p90=0.995
  [diag] z-gate sat-dist hist bins=60 mean=0.119 p10=0.119 p90=0.119
  [diag] r-gate sat-dist hist bins=60 mean=0.499 p10=0.499 p90=0.499
Iter 0016260: train nll 0.056, valid error 039.920%, best valid error 024.250%, avg grad norm   0.096, avg grad norm (post clip)   0.000, rho_Whh  0.08, Omega  0.00, alpha  0.000, steps in the past 0.000, valid nll 0.048, valid mae 0.180, err@0.05 086.31%, err@0.10 072.11%, err@0.20 039.92%, maxae 0.732
  [diag] log10|dL/dh_t| hist bins=60 range=(-12.50,-11.50) mean=-12.00 p50=-12.00 p05=-12.00 p95=-12.00
  [diag] sat-dist hist bins=60 sat<0.05=0.0% mean=0.995 p10=0.994 p90=0.995
  [diag] z-gate sat-dist hist bins=60 mean=0.119 p10=0.119 p90=0.119
  [diag] r-gate sat-dist hist bins=60 mean=0.499 p10=0.499 p90=0.499
Iter 0016280: train nll 0.056, valid error 039.520%, best valid error 024.250%, avg grad norm   0.099, avg grad norm (post clip)   0.000, rho_Whh  0.08, Omega  0.00, alpha  0.000, steps in the past 0.000, valid nll 0.048, valid mae 0.180, err@0.05 086.34%, err@0.10 071.94%, err@0.20 039.52%, maxae 0.734
  [diag] log10|dL/dh_t| hist bins=60 range=(-12.50,-11.50) mean=-12.00 p50=-12.00 p05=-12.00 p95=-12.00
  [diag] sat-dist hist bins=60 sat<0.05=0.0% mean=0.995 p10=0.994 p90=0.995
  [diag] z-gate sat-dist hist bins=60 mean=0.119 p10=0.119 p90=0.119
  [diag] r-gate sat-dist hist bins=60 mean=0.499 p10=0.499 p90=0.499
Iter 0016300: train nll 0.050, valid error 038.460%, best valid error 024.250%, avg grad norm   0.086, avg grad norm (post clip)   0.000, rho_Whh  0.08, Omega  0.00, alpha  0.000, steps in the past 0.000, valid nll 0.048, valid mae 0.179, err@0.05 086.00%, err@0.10 071.61%, err@0.20 038.46%, maxae 0.739
  [diag] log10|dL/dh_t| hist bins=60 range=(-12.50,-11.50) mean=-12.00 p50=-12.00 p05=-12.00 p95=-12.00
  [diag] sat-dist hist bins=60 sat<0.05=0.0% mean=0.995 p10=0.994 p90=0.995
  [diag] z-gate sat-dist hist bins=60 mean=0.119 p10=0.119 p90=0.119
  [diag] r-gate sat-dist hist bins=60 mean=0.499 p10=0.499 p90=0.499
Iter 0016320: train nll 0.052, valid error 039.840%, best valid error 024.250%, avg grad norm   0.075, avg grad norm (post clip)   0.000, rho_Whh  0.08, Omega  0.00, alpha  0.000, steps in the past 0.000, valid nll 0.048, valid mae 0.180, err@0.05 086.33%, err@0.10 072.09%, err@0.20 039.84%, maxae 0.733
  [diag] log10|dL/dh_t| hist bins=60 range=(-12.50,-11.50) mean=-12.00 p50=-12.00 p05=-12.00 p95=-12.00
  [diag] sat-dist hist bins=60 sat<0.05=0.0% mean=0.995 p10=0.994 p90=0.995
  [diag] z-gate sat-dist hist bins=60 mean=0.119 p10=0.119 p90=0.119
  [diag] r-gate sat-dist hist bins=60 mean=0.499 p10=0.499 p90=0.499
Iter 0016340: train nll 0.052, valid error 038.410%, best valid error 024.250%, avg grad norm   0.111, avg grad norm (post clip)   0.000, rho_Whh  0.08, Omega  0.00, alpha  0.000, steps in the past 0.000, valid nll 0.048, valid mae 0.179, err@0.05 085.90%, err@0.10 071.56%, err@0.20 038.41%, maxae 0.740
  [diag] log10|dL/dh_t| hist bins=60 range=(-12.50,-11.50) mean=-12.00 p50=-12.00 p05=-12.00 p95=-12.00
  [diag] sat-dist hist bins=60 sat<0.05=0.0% mean=0.995 p10=0.994 p90=0.995
  [diag] z-gate sat-dist hist bins=60 mean=0.119 p10=0.119 p90=0.119
  [diag] r-gate sat-dist hist bins=60 mean=0.499 p10=0.499 p90=0.499
Iter 0016360: train nll 0.052, valid error 038.790%, best valid error 024.250%, avg grad norm   0.099, avg grad norm (post clip)   0.000, rho_Whh  0.08, Omega  0.00, alpha  0.000, steps in the past 0.000, valid nll 0.048, valid mae 0.179, err@0.05 086.07%, err@0.10 071.59%, err@0.20 038.79%, maxae 0.738
  [diag] log10|dL/dh_t| hist bins=60 range=(-12.50,-11.50) mean=-12.00 p50=-12.00 p05=-12.00 p95=-12.00
  [diag] sat-dist hist bins=60 sat<0.05=0.0% mean=0.995 p10=0.994 p90=0.995
  [diag] z-gate sat-dist hist bins=60 mean=0.119 p10=0.119 p90=0.119
  [diag] r-gate sat-dist hist bins=60 mean=0.499 p10=0.499 p90=0.499
Iter 0016380: train nll 0.046, valid error 038.350%, best valid error 024.250%, avg grad norm   0.086, avg grad norm (post clip)   0.000, rho_Whh  0.08, Omega  0.00, alpha  0.000, steps in the past 0.000, valid nll 0.048, valid mae 0.179, err@0.05 085.88%, err@0.10 071.54%, err@0.20 038.35%, maxae 0.740
  [diag] log10|dL/dh_t| hist bins=60 range=(-12.50,-11.50) mean=-12.00 p50=-12.00 p05=-12.00 p95=-12.00
  [diag] sat-dist hist bins=60 sat<0.05=0.0% mean=0.995 p10=0.994 p90=0.995
  [diag] z-gate sat-dist hist bins=60 mean=0.119 p10=0.119 p90=0.119
  [diag] r-gate sat-dist hist bins=60 mean=0.499 p10=0.499 p90=0.499
Iter 0016400: train nll 0.048, valid error 037.650%, best valid error 024.250%, avg grad norm   0.066, avg grad norm (post clip)   0.000, rho_Whh  0.08, Omega  0.00, alpha  0.000, steps in the past 0.000, valid nll 0.048, valid mae 0.178, err@0.05 085.91%, err@0.10 071.16%, err@0.20 037.65%, maxae 0.743
  [diag] log10|dL/dh_t| hist bins=60 range=(-12.50,-11.50) mean=-12.00 p50=-12.00 p05=-12.00 p95=-12.00
  [diag] sat-dist hist bins=60 sat<0.05=0.0% mean=0.995 p10=0.994 p90=0.995
  [diag] z-gate sat-dist hist bins=60 mean=0.119 p10=0.119 p90=0.119
  [diag] r-gate sat-dist hist bins=60 mean=0.499 p10=0.499 p90=0.499
Iter 0016420: train nll 0.042, valid error 036.250%, best valid error 024.250%, avg grad norm   0.080, avg grad norm (post clip)   0.000, rho_Whh  0.08, Omega  0.00, alpha  0.000, steps in the past 0.000, valid nll 0.048, valid mae 0.177, err@0.05 085.71%, err@0.10 070.75%, err@0.20 036.25%, maxae 0.749
  [diag] log10|dL/dh_t| hist bins=60 range=(-12.50,-11.50) mean=-12.00 p50=-12.00 p05=-12.00 p95=-12.00
  [diag] sat-dist hist bins=60 sat<0.05=0.0% mean=0.995 p10=0.994 p90=0.995
  [diag] z-gate sat-dist hist bins=60 mean=0.119 p10=0.119 p90=0.119
  [diag] r-gate sat-dist hist bins=60 mean=0.499 p10=0.499 p90=0.499
Iter 0016440: train nll 0.048, valid error 036.420%, best valid error 024.250%, avg grad norm   0.071, avg grad norm (post clip)   0.000, rho_Whh  0.08, Omega  0.00, alpha  0.000, steps in the past 0.000, valid nll 0.048, valid mae 0.177, err@0.05 085.70%, err@0.10 070.76%, err@0.20 036.42%, maxae 0.748
  [diag] log10|dL/dh_t| hist bins=60 range=(-12.50,-11.50) mean=-12.00 p50=-12.00 p05=-12.00 p95=-12.00
  [diag] sat-dist hist bins=60 sat<0.05=0.0% mean=0.995 p10=0.994 p90=0.995
  [diag] z-gate sat-dist hist bins=60 mean=0.119 p10=0.119 p90=0.119
  [diag] r-gate sat-dist hist bins=60 mean=0.499 p10=0.499 p90=0.499
Iter 0016460: train nll 0.049, valid error 036.530%, best valid error 024.250%, avg grad norm   0.076, avg grad norm (post clip)   0.000, rho_Whh  0.08, Omega  0.00, alpha  0.000, steps in the past 0.000, valid nll 0.048, valid mae 0.177, err@0.05 085.72%, err@0.10 070.77%, err@0.20 036.53%, maxae 0.748
  [diag] log10|dL/dh_t| hist bins=60 range=(-12.50,-11.50) mean=-12.00 p50=-12.00 p05=-12.00 p95=-12.00
  [diag] sat-dist hist bins=60 sat<0.05=0.0% mean=0.995 p10=0.994 p90=0.995
  [diag] z-gate sat-dist hist bins=60 mean=0.119 p10=0.119 p90=0.119
  [diag] r-gate sat-dist hist bins=60 mean=0.499 p10=0.499 p90=0.499
Iter 0016480: train nll 0.048, valid error 036.580%, best valid error 024.250%, avg grad norm   0.072, avg grad norm (post clip)   0.000, rho_Whh  0.08, Omega  0.00, alpha  0.000, steps in the past 0.000, valid nll 0.048, valid mae 0.177, err@0.05 085.68%, err@0.10 070.78%, err@0.20 036.58%, maxae 0.748
  [diag] log10|dL/dh_t| hist bins=60 range=(-12.50,-11.50) mean=-12.00 p50=-12.00 p05=-12.00 p95=-12.00
  [diag] sat-dist hist bins=60 sat<0.05=0.0% mean=0.995 p10=0.994 p90=0.995
  [diag] z-gate sat-dist hist bins=60 mean=0.119 p10=0.119 p90=0.119
  [diag] r-gate sat-dist hist bins=60 mean=0.499 p10=0.499 p90=0.499
Iter 0016500: train nll 0.046, valid error 036.960%, best valid error 024.250%, avg grad norm   0.074, avg grad norm (post clip)   0.000, rho_Whh  0.08, Omega  0.00, alpha  0.000, steps in the past 0.000, valid nll 0.048, valid mae 0.177, err@0.05 085.79%, err@0.10 071.01%, err@0.20 036.96%, maxae 0.746
  [diag] log10|dL/dh_t| hist bins=60 range=(-12.50,-11.50) mean=-12.00 p50=-12.00 p05=-12.00 p95=-12.00
  [diag] sat-dist hist bins=60 sat<0.05=0.0% mean=0.995 p10=0.994 p90=0.995
  [diag] z-gate sat-dist hist bins=60 mean=0.119 p10=0.119 p90=0.119
  [diag] r-gate sat-dist hist bins=60 mean=0.499 p10=0.499 p90=0.499
Iter 0016520: train nll 0.049, valid error 038.380%, best valid error 024.250%, avg grad norm   0.085, avg grad norm (post clip)   0.000, rho_Whh  0.08, Omega  0.00, alpha  0.000, steps in the past 0.000, valid nll 0.048, valid mae 0.179, err@0.05 085.87%, err@0.10 071.53%, err@0.20 038.38%, maxae 0.740
  [diag] log10|dL/dh_t| hist bins=60 range=(-12.50,-11.50) mean=-12.00 p50=-12.00 p05=-12.00 p95=-12.00
  [diag] sat-dist hist bins=60 sat<0.05=0.0% mean=0.995 p10=0.994 p90=0.995
  [diag] z-gate sat-dist hist bins=60 mean=0.119 p10=0.119 p90=0.119
  [diag] r-gate sat-dist hist bins=60 mean=0.499 p10=0.499 p90=0.499
Iter 0016540: train nll 0.044, valid error 037.310%, best valid error 024.250%, avg grad norm   0.070, avg grad norm (post clip)   0.000, rho_Whh  0.08, Omega  0.00, alpha  0.000, steps in the past 0.000, valid nll 0.048, valid mae 0.178, err@0.05 085.86%, err@0.10 071.11%, err@0.20 037.31%, maxae 0.745
  [diag] log10|dL/dh_t| hist bins=60 range=(-12.50,-11.50) mean=-12.00 p50=-12.00 p05=-12.00 p95=-12.00
  [diag] sat-dist hist bins=60 sat<0.05=0.0% mean=0.995 p10=0.994 p90=0.995
  [diag] z-gate sat-dist hist bins=60 mean=0.119 p10=0.119 p90=0.119
  [diag] r-gate sat-dist hist bins=60 mean=0.499 p10=0.499 p90=0.499
Iter 0016560: train nll 0.049, valid error 037.920%, best valid error 024.250%, avg grad norm   0.097, avg grad norm (post clip)   0.000, rho_Whh  0.08, Omega  0.00, alpha  0.000, steps in the past 0.000, valid nll 0.048, valid mae 0.178, err@0.05 085.90%, err@0.10 071.39%, err@0.20 037.92%, maxae 0.742
  [diag] log10|dL/dh_t| hist bins=60 range=(-12.50,-11.50) mean=-12.00 p50=-12.00 p05=-12.00 p95=-12.00
  [diag] sat-dist hist bins=60 sat<0.05=0.0% mean=0.995 p10=0.994 p90=0.995
  [diag] z-gate sat-dist hist bins=60 mean=0.119 p10=0.119 p90=0.119
  [diag] r-gate sat-dist hist bins=60 mean=0.499 p10=0.499 p90=0.499
Iter 0016580: train nll 0.046, valid error 037.400%, best valid error 024.250%, avg grad norm   0.087, avg grad norm (post clip)   0.000, rho_Whh  0.08, Omega  0.00, alpha  0.000, steps in the past 0.000, valid nll 0.048, valid mae 0.178, err@0.05 085.89%, err@0.10 071.15%, err@0.20 037.40%, maxae 0.744
  [diag] log10|dL/dh_t| hist bins=60 range=(-12.50,-11.50) mean=-12.00 p50=-12.00 p05=-12.00 p95=-12.00
  [diag] sat-dist hist bins=60 sat<0.05=0.0% mean=0.995 p10=0.994 p90=0.995
  [diag] z-gate sat-dist hist bins=60 mean=0.119 p10=0.119 p90=0.119
  [diag] r-gate sat-dist hist bins=60 mean=0.499 p10=0.499 p90=0.499
Iter 0016600: train nll 0.052, valid error 037.450%, best valid error 024.250%, avg grad norm   0.064, avg grad norm (post clip)   0.000, rho_Whh  0.08, Omega  0.00, alpha  0.000, steps in the past 0.000, valid nll 0.048, valid mae 0.178, err@0.05 085.92%, err@0.10 071.16%, err@0.20 037.45%, maxae 0.744
  [diag] log10|dL/dh_t| hist bins=60 range=(-12.50,-11.50) mean=-12.00 p50=-12.00 p05=-12.00 p95=-12.00
  [diag] sat-dist hist bins=60 sat<0.05=0.0% mean=0.995 p10=0.994 p90=0.995
  [diag] z-gate sat-dist hist bins=60 mean=0.119 p10=0.119 p90=0.119
  [diag] r-gate sat-dist hist bins=60 mean=0.499 p10=0.499 p90=0.499
Iter 0016620: train nll 0.050, valid error 037.910%, best valid error 024.250%, avg grad norm   0.094, avg grad norm (post clip)   0.000, rho_Whh  0.08, Omega  0.00, alpha  0.000, steps in the past 0.000, valid nll 0.048, valid mae 0.178, err@0.05 085.91%, err@0.10 071.38%, err@0.20 037.91%, maxae 0.742
  [diag] log10|dL/dh_t| hist bins=60 range=(-12.50,-11.50) mean=-12.00 p50=-12.00 p05=-12.00 p95=-12.00
  [diag] sat-dist hist bins=60 sat<0.05=0.0% mean=0.995 p10=0.994 p90=0.995
  [diag] z-gate sat-dist hist bins=60 mean=0.119 p10=0.119 p90=0.119
  [diag] r-gate sat-dist hist bins=60 mean=0.499 p10=0.499 p90=0.499
Iter 0016640: train nll 0.049, valid error 038.390%, best valid error 024.250%, avg grad norm   0.082, avg grad norm (post clip)   0.000, rho_Whh  0.08, Omega  0.00, alpha  0.000, steps in the past 0.000, valid nll 0.048, valid mae 0.179, err@0.05 085.88%, err@0.10 071.54%, err@0.20 038.39%, maxae 0.740
  [diag] log10|dL/dh_t| hist bins=60 range=(-12.50,-11.50) mean=-12.00 p50=-12.00 p05=-12.00 p95=-12.00
  [diag] sat-dist hist bins=60 sat<0.05=0.0% mean=0.995 p10=0.994 p90=0.995
  [diag] z-gate sat-dist hist bins=60 mean=0.119 p10=0.119 p90=0.119
  [diag] r-gate sat-dist hist bins=60 mean=0.499 p10=0.499 p90=0.499
Iter 0016660: train nll 0.047, valid error 039.110%, best valid error 024.250%, avg grad norm   0.090, avg grad norm (post clip)   0.000, rho_Whh  0.08, Omega  0.00, alpha  0.000, steps in the past 0.000, valid nll 0.048, valid mae 0.179, err@0.05 086.18%, err@0.10 071.67%, err@0.20 039.11%, maxae 0.736
  [diag] log10|dL/dh_t| hist bins=60 range=(-12.50,-11.50) mean=-12.00 p50=-12.00 p05=-12.00 p95=-12.00
  [diag] sat-dist hist bins=60 sat<0.05=0.0% mean=0.995 p10=0.994 p90=0.995
  [diag] z-gate sat-dist hist bins=60 mean=0.119 p10=0.119 p90=0.119
  [diag] r-gate sat-dist hist bins=60 mean=0.499 p10=0.499 p90=0.499
Iter 0016680: train nll 0.042, valid error 037.840%, best valid error 024.250%, avg grad norm   0.070, avg grad norm (post clip)   0.000, rho_Whh  0.08, Omega  0.00, alpha  0.000, steps in the past 0.000, valid nll 0.048, valid mae 0.178, err@0.05 085.90%, err@0.10 071.31%, err@0.20 037.84%, maxae 0.742
  [diag] log10|dL/dh_t| hist bins=60 range=(-12.50,-11.50) mean=-12.00 p50=-12.00 p05=-12.00 p95=-12.00
  [diag] sat-dist hist bins=60 sat<0.05=0.0% mean=0.995 p10=0.994 p90=0.995
  [diag] z-gate sat-dist hist bins=60 mean=0.119 p10=0.119 p90=0.119
  [diag] r-gate sat-dist hist bins=60 mean=0.499 p10=0.499 p90=0.499
Iter 0016700: train nll 0.047, valid error 036.720%, best valid error 024.250%, avg grad norm   0.062, avg grad norm (post clip)   0.000, rho_Whh  0.08, Omega  0.00, alpha  0.000, steps in the past 0.000, valid nll 0.048, valid mae 0.177, err@0.05 085.69%, err@0.10 070.88%, err@0.20 036.72%, maxae 0.747
  [diag] log10|dL/dh_t| hist bins=60 range=(-12.50,-11.50) mean=-12.00 p50=-12.00 p05=-12.00 p95=-12.00
  [diag] sat-dist hist bins=60 sat<0.05=0.0% mean=0.995 p10=0.994 p90=0.995
  [diag] z-gate sat-dist hist bins=60 mean=0.119 p10=0.119 p90=0.119
  [diag] r-gate sat-dist hist bins=60 mean=0.499 p10=0.499 p90=0.499
Iter 0016720: train nll 0.045, valid error 038.070%, best valid error 024.250%, avg grad norm   0.084, avg grad norm (post clip)   0.000, rho_Whh  0.08, Omega  0.00, alpha  0.000, steps in the past 0.000, valid nll 0.048, valid mae 0.178, err@0.05 085.92%, err@0.10 071.50%, err@0.20 038.07%, maxae 0.741
  [diag] log10|dL/dh_t| hist bins=60 range=(-12.50,-11.50) mean=-12.00 p50=-12.00 p05=-12.00 p95=-12.00
  [diag] sat-dist hist bins=60 sat<0.05=0.0% mean=0.995 p10=0.994 p90=0.995
  [diag] z-gate sat-dist hist bins=60 mean=0.119 p10=0.119 p90=0.119
  [diag] r-gate sat-dist hist bins=60 mean=0.499 p10=0.499 p90=0.499
Iter 0016740: train nll 0.044, valid error 037.270%, best valid error 024.250%, avg grad norm   0.083, avg grad norm (post clip)   0.000, rho_Whh  0.08, Omega  0.00, alpha  0.000, steps in the past 0.000, valid nll 0.048, valid mae 0.178, err@0.05 085.81%, err@0.10 071.07%, err@0.20 037.27%, maxae 0.745
  [diag] log10|dL/dh_t| hist bins=60 range=(-12.50,-11.50) mean=-12.00 p50=-12.00 p05=-12.00 p95=-12.00
  [diag] sat-dist hist bins=60 sat<0.05=0.0% mean=0.995 p10=0.994 p90=0.995
  [diag] z-gate sat-dist hist bins=60 mean=0.119 p10=0.119 p90=0.119
  [diag] r-gate sat-dist hist bins=60 mean=0.499 p10=0.499 p90=0.499
Iter 0016760: train nll 0.051, valid error 038.760%, best valid error 024.250%, avg grad norm   0.099, avg grad norm (post clip)   0.000, rho_Whh  0.08, Omega  0.00, alpha  0.000, steps in the past 0.000, valid nll 0.048, valid mae 0.179, err@0.05 086.02%, err@0.10 071.54%, err@0.20 038.76%, maxae 0.738
  [diag] log10|dL/dh_t| hist bins=60 range=(-12.50,-11.50) mean=-12.00 p50=-12.00 p05=-12.00 p95=-12.00
  [diag] sat-dist hist bins=60 sat<0.05=0.0% mean=0.995 p10=0.994 p90=0.995
  [diag] z-gate sat-dist hist bins=60 mean=0.119 p10=0.119 p90=0.119
  [diag] r-gate sat-dist hist bins=60 mean=0.499 p10=0.499 p90=0.499
Iter 0016780: train nll 0.054, valid error 039.190%, best valid error 024.250%, avg grad norm   0.088, avg grad norm (post clip)   0.000, rho_Whh  0.08, Omega  0.00, alpha  0.000, steps in the past 0.000, valid nll 0.048, valid mae 0.179, err@0.05 086.29%, err@0.10 071.71%, err@0.20 039.19%, maxae 0.736
  [diag] log10|dL/dh_t| hist bins=60 range=(-12.50,-11.50) mean=-12.00 p50=-12.00 p05=-12.00 p95=-12.00
  [diag] sat-dist hist bins=60 sat<0.05=0.0% mean=0.995 p10=0.994 p90=0.995
  [diag] z-gate sat-dist hist bins=60 mean=0.119 p10=0.119 p90=0.119
  [diag] r-gate sat-dist hist bins=60 mean=0.499 p10=0.499 p90=0.499
Iter 0016800: train nll 0.050, valid error 038.980%, best valid error 024.250%, avg grad norm   0.090, avg grad norm (post clip)   0.000, rho_Whh  0.08, Omega  0.00, alpha  0.000, steps in the past 0.000, valid nll 0.048, valid mae 0.179, err@0.05 086.12%, err@0.10 071.63%, err@0.20 038.98%, maxae 0.737
  [diag] log10|dL/dh_t| hist bins=60 range=(-12.50,-11.50) mean=-12.00 p50=-12.00 p05=-12.00 p95=-12.00
  [diag] sat-dist hist bins=60 sat<0.05=0.0% mean=0.994 p10=0.994 p90=0.995
  [diag] z-gate sat-dist hist bins=60 mean=0.119 p10=0.119 p90=0.119
  [diag] r-gate sat-dist hist bins=60 mean=0.499 p10=0.499 p90=0.499
Iter 0016820: train nll 0.053, valid error 040.100%, best valid error 024.250%, avg grad norm   0.065, avg grad norm (post clip)   0.000, rho_Whh  0.08, Omega  0.00, alpha  0.000, steps in the past 0.000, valid nll 0.048, valid mae 0.180, err@0.05 086.29%, err@0.10 072.11%, err@0.20 040.10%, maxae 0.732
  [diag] log10|dL/dh_t| hist bins=60 range=(-12.50,-11.50) mean=-12.00 p50=-12.00 p05=-12.00 p95=-12.00
  [diag] sat-dist hist bins=60 sat<0.05=0.0% mean=0.994 p10=0.994 p90=0.995
  [diag] z-gate sat-dist hist bins=60 mean=0.119 p10=0.119 p90=0.119
  [diag] r-gate sat-dist hist bins=60 mean=0.499 p10=0.499 p90=0.499
Iter 0016840: train nll 0.049, valid error 039.930%, best valid error 024.250%, avg grad norm   0.063, avg grad norm (post clip)   0.000, rho_Whh  0.08, Omega  0.00, alpha  0.000, steps in the past 0.000, valid nll 0.048, valid mae 0.180, err@0.05 086.28%, err@0.10 072.12%, err@0.20 039.93%, maxae 0.732
  [diag] log10|dL/dh_t| hist bins=60 range=(-12.50,-11.50) mean=-12.00 p50=-12.00 p05=-12.00 p95=-12.00
  [diag] sat-dist hist bins=60 sat<0.05=0.0% mean=0.995 p10=0.994 p90=0.995
  [diag] z-gate sat-dist hist bins=60 mean=0.119 p10=0.119 p90=0.119
  [diag] r-gate sat-dist hist bins=60 mean=0.499 p10=0.499 p90=0.499
Iter 0016860: train nll 0.050, valid error 038.380%, best valid error 024.250%, avg grad norm   0.090, avg grad norm (post clip)   0.000, rho_Whh  0.08, Omega  0.00, alpha  0.000, steps in the past 0.000, valid nll 0.048, valid mae 0.179, err@0.05 085.87%, err@0.10 071.54%, err@0.20 038.38%, maxae 0.740
  [diag] log10|dL/dh_t| hist bins=60 range=(-12.50,-11.50) mean=-12.00 p50=-12.00 p05=-12.00 p95=-12.00
  [diag] sat-dist hist bins=60 sat<0.05=0.0% mean=0.995 p10=0.994 p90=0.995
  [diag] z-gate sat-dist hist bins=60 mean=0.119 p10=0.119 p90=0.119
  [diag] r-gate sat-dist hist bins=60 mean=0.499 p10=0.499 p90=0.499
Iter 0016880: train nll 0.054, valid error 039.320%, best valid error 024.250%, avg grad norm   0.107, avg grad norm (post clip)   0.000, rho_Whh  0.08, Omega  0.00, alpha  0.000, steps in the past 0.000, valid nll 0.048, valid mae 0.180, err@0.05 086.25%, err@0.10 071.77%, err@0.20 039.32%, maxae 0.736
  [diag] log10|dL/dh_t| hist bins=60 range=(-12.50,-11.50) mean=-12.00 p50=-12.00 p05=-12.00 p95=-12.00
  [diag] sat-dist hist bins=60 sat<0.05=0.0% mean=0.995 p10=0.994 p90=0.995
  [diag] z-gate sat-dist hist bins=60 mean=0.119 p10=0.119 p90=0.119
  [diag] r-gate sat-dist hist bins=60 mean=0.499 p10=0.499 p90=0.499
Iter 0016900: train nll 0.052, valid error 037.970%, best valid error 024.250%, avg grad norm   0.066, avg grad norm (post clip)   0.000, rho_Whh  0.08, Omega  0.00, alpha  0.000, steps in the past 0.000, valid nll 0.048, valid mae 0.178, err@0.05 085.89%, err@0.10 071.40%, err@0.20 037.97%, maxae 0.742
  [diag] log10|dL/dh_t| hist bins=60 range=(-12.50,-11.50) mean=-12.00 p50=-12.00 p05=-12.00 p95=-12.00
  [diag] sat-dist hist bins=60 sat<0.05=0.0% mean=0.995 p10=0.994 p90=0.995
  [diag] z-gate sat-dist hist bins=60 mean=0.119 p10=0.119 p90=0.119
  [diag] r-gate sat-dist hist bins=60 mean=0.499 p10=0.499 p90=0.499
Iter 0016920: train nll 0.057, valid error 038.730%, best valid error 024.250%, avg grad norm   0.111, avg grad norm (post clip)   0.000, rho_Whh  0.08, Omega  0.00, alpha  0.000, steps in the past 0.000, valid nll 0.048, valid mae 0.179, err@0.05 085.99%, err@0.10 071.56%, err@0.20 038.73%, maxae 0.738
  [diag] log10|dL/dh_t| hist bins=60 range=(-12.50,-11.50) mean=-12.00 p50=-12.00 p05=-12.00 p95=-12.00
  [diag] sat-dist hist bins=60 sat<0.05=0.0% mean=0.995 p10=0.994 p90=0.995
  [diag] z-gate sat-dist hist bins=60 mean=0.119 p10=0.119 p90=0.119
  [diag] r-gate sat-dist hist bins=60 mean=0.499 p10=0.499 p90=0.499
Iter 0016940: train nll 0.046, valid error 038.210%, best valid error 024.250%, avg grad norm   0.062, avg grad norm (post clip)   0.000, rho_Whh  0.08, Omega  0.00, alpha  0.000, steps in the past 0.000, valid nll 0.048, valid mae 0.179, err@0.05 085.91%, err@0.10 071.51%, err@0.20 038.21%, maxae 0.741
  [diag] log10|dL/dh_t| hist bins=60 range=(-12.50,-11.50) mean=-12.00 p50=-12.00 p05=-12.00 p95=-12.00
  [diag] sat-dist hist bins=60 sat<0.05=0.0% mean=0.995 p10=0.994 p90=0.995
  [diag] z-gate sat-dist hist bins=60 mean=0.119 p10=0.119 p90=0.119
  [diag] r-gate sat-dist hist bins=60 mean=0.499 p10=0.499 p90=0.499
Iter 0016960: train nll 0.051, valid error 038.800%, best valid error 024.250%, avg grad norm   0.074, avg grad norm (post clip)   0.000, rho_Whh  0.08, Omega  0.00, alpha  0.000, steps in the past 0.000, valid nll 0.048, valid mae 0.179, err@0.05 086.08%, err@0.10 071.61%, err@0.20 038.80%, maxae 0.738
  [diag] log10|dL/dh_t| hist bins=60 range=(-12.50,-11.50) mean=-12.00 p50=-12.00 p05=-12.00 p95=-12.00
  [diag] sat-dist hist bins=60 sat<0.05=0.0% mean=0.995 p10=0.994 p90=0.995
  [diag] z-gate sat-dist hist bins=60 mean=0.119 p10=0.119 p90=0.119
  [diag] r-gate sat-dist hist bins=60 mean=0.499 p10=0.499 p90=0.499
Iter 0016980: train nll 0.045, valid error 038.750%, best valid error 024.250%, avg grad norm   0.076, avg grad norm (post clip)   0.000, rho_Whh  0.08, Omega  0.00, alpha  0.000, steps in the past 0.000, valid nll 0.048, valid mae 0.179, err@0.05 086.01%, err@0.10 071.56%, err@0.20 038.75%, maxae 0.738
  [diag] log10|dL/dh_t| hist bins=60 range=(-12.50,-11.50) mean=-12.00 p50=-12.00 p05=-12.00 p95=-12.00
  [diag] sat-dist hist bins=60 sat<0.05=0.0% mean=0.995 p10=0.994 p90=0.995
  [diag] z-gate sat-dist hist bins=60 mean=0.119 p10=0.119 p90=0.119
  [diag] r-gate sat-dist hist bins=60 mean=0.499 p10=0.499 p90=0.499
Iter 0017000: train nll 0.048, valid error 038.440%, best valid error 024.250%, avg grad norm   0.078, avg grad norm (post clip)   0.000, rho_Whh  0.08, Omega  0.00, alpha  0.000, steps in the past 0.000, valid nll 0.048, valid mae 0.179, err@0.05 085.94%, err@0.10 071.56%, err@0.20 038.44%, maxae 0.739
  [diag] log10|dL/dh_t| hist bins=60 range=(-12.50,-11.50) mean=-12.00 p50=-12.00 p05=-12.00 p95=-12.00
  [diag] sat-dist hist bins=60 sat<0.05=0.0% mean=0.995 p10=0.994 p90=0.995
  [diag] z-gate sat-dist hist bins=60 mean=0.119 p10=0.119 p90=0.119
  [diag] r-gate sat-dist hist bins=60 mean=0.499 p10=0.499 p90=0.499
Iter 0017020: train nll 0.051, valid error 038.530%, best valid error 024.250%, avg grad norm   0.066, avg grad norm (post clip)   0.000, rho_Whh  0.08, Omega  0.00, alpha  0.000, steps in the past 0.000, valid nll 0.048, valid mae 0.179, err@0.05 085.98%, err@0.10 071.59%, err@0.20 038.53%, maxae 0.739
  [diag] log10|dL/dh_t| hist bins=60 range=(-12.50,-11.50) mean=-12.00 p50=-12.00 p05=-12.00 p95=-12.00
  [diag] sat-dist hist bins=60 sat<0.05=0.0% mean=0.995 p10=0.994 p90=0.995
  [diag] z-gate sat-dist hist bins=60 mean=0.119 p10=0.119 p90=0.119
  [diag] r-gate sat-dist hist bins=60 mean=0.499 p10=0.499 p90=0.499
Iter 0017040: train nll 0.043, valid error 037.310%, best valid error 024.250%, avg grad norm   0.058, avg grad norm (post clip)   0.000, rho_Whh  0.08, Omega  0.00, alpha  0.000, steps in the past 0.000, valid nll 0.048, valid mae 0.178, err@0.05 085.86%, err@0.10 071.12%, err@0.20 037.31%, maxae 0.745
  [diag] log10|dL/dh_t| hist bins=60 range=(-12.50,-11.50) mean=-12.00 p50=-12.00 p05=-12.00 p95=-12.00
  [diag] sat-dist hist bins=60 sat<0.05=0.0% mean=0.995 p10=0.994 p90=0.995
  [diag] z-gate sat-dist hist bins=60 mean=0.119 p10=0.119 p90=0.119
  [diag] r-gate sat-dist hist bins=60 mean=0.499 p10=0.499 p90=0.499
Iter 0017060: train nll 0.042, valid error 036.920%, best valid error 024.250%, avg grad norm   0.065, avg grad norm (post clip)   0.000, rho_Whh  0.08, Omega  0.00, alpha  0.000, steps in the past 0.000, valid nll 0.048, valid mae 0.177, err@0.05 085.79%, err@0.10 070.99%, err@0.20 036.92%, maxae 0.746
  [diag] log10|dL/dh_t| hist bins=60 range=(-12.50,-11.50) mean=-12.00 p50=-12.00 p05=-12.00 p95=-12.00
  [diag] sat-dist hist bins=60 sat<0.05=0.0% mean=0.995 p10=0.994 p90=0.995
  [diag] z-gate sat-dist hist bins=60 mean=0.119 p10=0.119 p90=0.119
  [diag] r-gate sat-dist hist bins=60 mean=0.499 p10=0.499 p90=0.499
Iter 0017080: train nll 0.045, valid error 035.730%, best valid error 024.250%, avg grad norm   0.080, avg grad norm (post clip)   0.000, rho_Whh  0.08, Omega  0.00, alpha  0.000, steps in the past 0.000, valid nll 0.048, valid mae 0.177, err@0.05 085.45%, err@0.10 070.59%, err@0.20 035.73%, maxae 0.751
  [diag] log10|dL/dh_t| hist bins=60 range=(-12.50,-11.50) mean=-12.00 p50=-12.00 p05=-12.00 p95=-12.00
  [diag] sat-dist hist bins=60 sat<0.05=0.0% mean=0.995 p10=0.994 p90=0.995
  [diag] z-gate sat-dist hist bins=60 mean=0.119 p10=0.119 p90=0.119
  [diag] r-gate sat-dist hist bins=60 mean=0.499 p10=0.499 p90=0.499
Iter 0017100: train nll 0.052, valid error 038.400%, best valid error 024.250%, avg grad norm   0.086, avg grad norm (post clip)   0.000, rho_Whh  0.08, Omega  0.00, alpha  0.000, steps in the past 0.000, valid nll 0.048, valid mae 0.179, err@0.05 085.89%, err@0.10 071.57%, err@0.20 038.40%, maxae 0.740
  [diag] log10|dL/dh_t| hist bins=60 range=(-12.50,-11.50) mean=-12.00 p50=-12.00 p05=-12.00 p95=-12.00
  [diag] sat-dist hist bins=60 sat<0.05=0.0% mean=0.995 p10=0.994 p90=0.995
  [diag] z-gate sat-dist hist bins=60 mean=0.119 p10=0.119 p90=0.119
  [diag] r-gate sat-dist hist bins=60 mean=0.499 p10=0.499 p90=0.499
Iter 0017120: train nll 0.041, valid error 036.760%, best valid error 024.250%, avg grad norm   0.079, avg grad norm (post clip)   0.000, rho_Whh  0.08, Omega  0.00, alpha  0.000, steps in the past 0.000, valid nll 0.048, valid mae 0.177, err@0.05 085.70%, err@0.10 070.91%, err@0.20 036.76%, maxae 0.747
  [diag] log10|dL/dh_t| hist bins=60 range=(-12.50,-11.50) mean=-12.00 p50=-12.00 p05=-12.00 p95=-12.00
  [diag] sat-dist hist bins=60 sat<0.05=0.0% mean=0.995 p10=0.994 p90=0.995
  [diag] z-gate sat-dist hist bins=60 mean=0.119 p10=0.119 p90=0.119
  [diag] r-gate sat-dist hist bins=60 mean=0.499 p10=0.499 p90=0.499
Iter 0017140: train nll 0.041, valid error 036.020%, best valid error 024.250%, avg grad norm   0.080, avg grad norm (post clip)   0.000, rho_Whh  0.08, Omega  0.00, alpha  0.000, steps in the past 0.000, valid nll 0.048, valid mae 0.177, err@0.05 085.57%, err@0.10 070.67%, err@0.20 036.02%, maxae 0.750
  [diag] log10|dL/dh_t| hist bins=60 range=(-12.50,-11.50) mean=-12.00 p50=-12.00 p05=-12.00 p95=-12.00
  [diag] sat-dist hist bins=60 sat<0.05=0.0% mean=0.995 p10=0.994 p90=0.995
  [diag] z-gate sat-dist hist bins=60 mean=0.119 p10=0.119 p90=0.119
  [diag] r-gate sat-dist hist bins=60 mean=0.499 p10=0.499 p90=0.499
Iter 0017160: train nll 0.052, valid error 037.910%, best valid error 024.250%, avg grad norm   0.065, avg grad norm (post clip)   0.000, rho_Whh  0.08, Omega  0.00, alpha  0.000, steps in the past 0.000, valid nll 0.048, valid mae 0.178, err@0.05 085.90%, err@0.10 071.39%, err@0.20 037.91%, maxae 0.742
  [diag] log10|dL/dh_t| hist bins=60 range=(-12.50,-11.50) mean=-12.00 p50=-12.00 p05=-12.00 p95=-12.00
  [diag] sat-dist hist bins=60 sat<0.05=0.0% mean=0.995 p10=0.994 p90=0.995
  [diag] z-gate sat-dist hist bins=60 mean=0.119 p10=0.119 p90=0.119
  [diag] r-gate sat-dist hist bins=60 mean=0.499 p10=0.499 p90=0.499
Iter 0017180: train nll 0.047, valid error 037.130%, best valid error 024.250%, avg grad norm   0.081, avg grad norm (post clip)   0.000, rho_Whh  0.08, Omega  0.00, alpha  0.000, steps in the past 0.000, valid nll 0.048, valid mae 0.178, err@0.05 085.79%, err@0.10 071.02%, err@0.20 037.13%, maxae 0.746
  [diag] log10|dL/dh_t| hist bins=60 range=(-12.50,-11.50) mean=-12.00 p50=-12.00 p05=-12.00 p95=-12.00
  [diag] sat-dist hist bins=60 sat<0.05=0.0% mean=0.995 p10=0.994 p90=0.995
  [diag] z-gate sat-dist hist bins=60 mean=0.119 p10=0.119 p90=0.119
  [diag] r-gate sat-dist hist bins=60 mean=0.499 p10=0.499 p90=0.499
Iter 0017200: train nll 0.048, valid error 038.000%, best valid error 024.250%, avg grad norm   0.065, avg grad norm (post clip)   0.000, rho_Whh  0.08, Omega  0.00, alpha  0.000, steps in the past 0.000, valid nll 0.048, valid mae 0.178, err@0.05 085.89%, err@0.10 071.45%, err@0.20 038.00%, maxae 0.742
  [diag] log10|dL/dh_t| hist bins=60 range=(-12.50,-11.50) mean=-12.00 p50=-12.00 p05=-12.00 p95=-12.00
  [diag] sat-dist hist bins=60 sat<0.05=0.0% mean=0.995 p10=0.994 p90=0.995
  [diag] z-gate sat-dist hist bins=60 mean=0.119 p10=0.119 p90=0.119
  [diag] r-gate sat-dist hist bins=60 mean=0.499 p10=0.499 p90=0.499
Iter 0017220: train nll 0.051, valid error 039.020%, best valid error 024.250%, avg grad norm   0.065, avg grad norm (post clip)   0.000, rho_Whh  0.08, Omega  0.00, alpha  0.000, steps in the past 0.000, valid nll 0.048, valid mae 0.179, err@0.05 086.19%, err@0.10 071.64%, err@0.20 039.02%, maxae 0.737
  [diag] log10|dL/dh_t| hist bins=60 range=(-12.50,-11.50) mean=-12.00 p50=-12.00 p05=-12.00 p95=-12.00
  [diag] sat-dist hist bins=60 sat<0.05=0.0% mean=0.995 p10=0.994 p90=0.995
  [diag] z-gate sat-dist hist bins=60 mean=0.119 p10=0.119 p90=0.119
  [diag] r-gate sat-dist hist bins=60 mean=0.499 p10=0.499 p90=0.499
Iter 0017240: train nll 0.044, valid error 038.230%, best valid error 024.250%, avg grad norm   0.079, avg grad norm (post clip)   0.000, rho_Whh  0.08, Omega  0.00, alpha  0.000, steps in the past 0.000, valid nll 0.048, valid mae 0.179, err@0.05 085.93%, err@0.10 071.54%, err@0.20 038.23%, maxae 0.741
  [diag] log10|dL/dh_t| hist bins=60 range=(-12.50,-11.50) mean=-12.00 p50=-12.00 p05=-12.00 p95=-12.00
  [diag] sat-dist hist bins=60 sat<0.05=0.0% mean=0.995 p10=0.994 p90=0.995
  [diag] z-gate sat-dist hist bins=60 mean=0.119 p10=0.119 p90=0.119
  [diag] r-gate sat-dist hist bins=60 mean=0.499 p10=0.499 p90=0.499
Iter 0017260: train nll 0.048, valid error 037.690%, best valid error 024.250%, avg grad norm   0.069, avg grad norm (post clip)   0.000, rho_Whh  0.08, Omega  0.00, alpha  0.000, steps in the past 0.000, valid nll 0.048, valid mae 0.178, err@0.05 085.94%, err@0.10 071.23%, err@0.20 037.69%, maxae 0.743
  [diag] log10|dL/dh_t| hist bins=60 range=(-12.50,-11.50) mean=-12.00 p50=-12.00 p05=-12.00 p95=-12.00
  [diag] sat-dist hist bins=60 sat<0.05=0.0% mean=0.995 p10=0.994 p90=0.995
  [diag] z-gate sat-dist hist bins=60 mean=0.119 p10=0.119 p90=0.119
  [diag] r-gate sat-dist hist bins=60 mean=0.499 p10=0.499 p90=0.499
Iter 0017280: train nll 0.053, valid error 039.050%, best valid error 024.250%, avg grad norm   0.090, avg grad norm (post clip)   0.000, rho_Whh  0.08, Omega  0.00, alpha  0.000, steps in the past 0.000, valid nll 0.048, valid mae 0.179, err@0.05 086.19%, err@0.10 071.66%, err@0.20 039.05%, maxae 0.737
  [diag] log10|dL/dh_t| hist bins=60 range=(-12.50,-11.50) mean=-12.00 p50=-12.00 p05=-12.00 p95=-12.00
  [diag] sat-dist hist bins=60 sat<0.05=0.0% mean=0.995 p10=0.994 p90=0.995
  [diag] z-gate sat-dist hist bins=60 mean=0.119 p10=0.119 p90=0.119
  [diag] r-gate sat-dist hist bins=60 mean=0.499 p10=0.499 p90=0.499
Iter 0017300: train nll 0.046, valid error 038.860%, best valid error 024.250%, avg grad norm   0.083, avg grad norm (post clip)   0.000, rho_Whh  0.08, Omega  0.00, alpha  0.000, steps in the past 0.000, valid nll 0.048, valid mae 0.179, err@0.05 086.09%, err@0.10 071.65%, err@0.20 038.86%, maxae 0.738
  [diag] log10|dL/dh_t| hist bins=60 range=(-12.50,-11.50) mean=-12.00 p50=-12.00 p05=-12.00 p95=-12.00
  [diag] sat-dist hist bins=60 sat<0.05=0.0% mean=0.995 p10=0.994 p90=0.995
  [diag] z-gate sat-dist hist bins=60 mean=0.119 p10=0.119 p90=0.119
  [diag] r-gate sat-dist hist bins=60 mean=0.499 p10=0.499 p90=0.499
Iter 0017320: train nll 0.049, valid error 038.860%, best valid error 024.250%, avg grad norm   0.089, avg grad norm (post clip)   0.000, rho_Whh  0.08, Omega  0.00, alpha  0.000, steps in the past 0.000, valid nll 0.048, valid mae 0.179, err@0.05 086.10%, err@0.10 071.66%, err@0.20 038.86%, maxae 0.738
  [diag] log10|dL/dh_t| hist bins=60 range=(-12.50,-11.50) mean=-12.00 p50=-12.00 p05=-12.00 p95=-12.00
  [diag] sat-dist hist bins=60 sat<0.05=0.0% mean=0.995 p10=0.994 p90=0.995
  [diag] z-gate sat-dist hist bins=60 mean=0.119 p10=0.119 p90=0.119
  [diag] r-gate sat-dist hist bins=60 mean=0.499 p10=0.499 p90=0.499
Iter 0017340: train nll 0.048, valid error 037.970%, best valid error 024.250%, avg grad norm   0.081, avg grad norm (post clip)   0.000, rho_Whh  0.08, Omega  0.00, alpha  0.000, steps in the past 0.000, valid nll 0.048, valid mae 0.178, err@0.05 085.89%, err@0.10 071.38%, err@0.20 037.97%, maxae 0.742
  [diag] log10|dL/dh_t| hist bins=60 range=(-12.50,-11.50) mean=-12.00 p50=-12.00 p05=-12.00 p95=-12.00
  [diag] sat-dist hist bins=60 sat<0.05=0.0% mean=0.995 p10=0.994 p90=0.995
  [diag] z-gate sat-dist hist bins=60 mean=0.119 p10=0.119 p90=0.119
  [diag] r-gate sat-dist hist bins=60 mean=0.499 p10=0.499 p90=0.499
Iter 0017360: train nll 0.045, valid error 037.320%, best valid error 024.250%, avg grad norm   0.070, avg grad norm (post clip)   0.000, rho_Whh  0.08, Omega  0.00, alpha  0.000, steps in the past 0.000, valid nll 0.048, valid mae 0.178, err@0.05 085.86%, err@0.10 071.11%, err@0.20 037.32%, maxae 0.745
  [diag] log10|dL/dh_t| hist bins=60 range=(-12.50,-11.50) mean=-12.00 p50=-12.00 p05=-12.00 p95=-12.00
  [diag] sat-dist hist bins=60 sat<0.05=0.0% mean=0.995 p10=0.994 p90=0.995
  [diag] z-gate sat-dist hist bins=60 mean=0.119 p10=0.119 p90=0.119
  [diag] r-gate sat-dist hist bins=60 mean=0.499 p10=0.499 p90=0.499
Iter 0017380: train nll 0.058, valid error 039.020%, best valid error 024.250%, avg grad norm   0.079, avg grad norm (post clip)   0.000, rho_Whh  0.08, Omega  0.00, alpha  0.000, steps in the past 0.000, valid nll 0.048, valid mae 0.179, err@0.05 086.19%, err@0.10 071.64%, err@0.20 039.02%, maxae 0.737
  [diag] log10|dL/dh_t| hist bins=60 range=(-12.50,-11.50) mean=-12.00 p50=-12.00 p05=-12.00 p95=-12.00
  [diag] sat-dist hist bins=60 sat<0.05=0.0% mean=0.995 p10=0.994 p90=0.995
  [diag] z-gate sat-dist hist bins=60 mean=0.119 p10=0.119 p90=0.119
  [diag] r-gate sat-dist hist bins=60 mean=0.499 p10=0.499 p90=0.499
Iter 0017400: train nll 0.042, valid error 038.290%, best valid error 024.250%, avg grad norm   0.082, avg grad norm (post clip)   0.000, rho_Whh  0.08, Omega  0.00, alpha  0.000, steps in the past 0.000, valid nll 0.048, valid mae 0.179, err@0.05 085.91%, err@0.10 071.52%, err@0.20 038.29%, maxae 0.740
  [diag] log10|dL/dh_t| hist bins=60 range=(-12.50,-11.50) mean=-12.00 p50=-12.00 p05=-12.00 p95=-12.00
  [diag] sat-dist hist bins=60 sat<0.05=0.0% mean=0.995 p10=0.994 p90=0.995
  [diag] z-gate sat-dist hist bins=60 mean=0.119 p10=0.119 p90=0.119
  [diag] r-gate sat-dist hist bins=60 mean=0.499 p10=0.499 p90=0.499
Iter 0017420: train nll 0.050, valid error 038.280%, best valid error 024.250%, avg grad norm   0.075, avg grad norm (post clip)   0.000, rho_Whh  0.08, Omega  0.00, alpha  0.000, steps in the past 0.000, valid nll 0.048, valid mae 0.179, err@0.05 085.92%, err@0.10 071.51%, err@0.20 038.28%, maxae 0.740
  [diag] log10|dL/dh_t| hist bins=60 range=(-12.50,-11.50) mean=-12.00 p50=-12.00 p05=-12.00 p95=-12.00
  [diag] sat-dist hist bins=60 sat<0.05=0.0% mean=0.995 p10=0.994 p90=0.995
  [diag] z-gate sat-dist hist bins=60 mean=0.119 p10=0.119 p90=0.119
  [diag] r-gate sat-dist hist bins=60 mean=0.499 p10=0.499 p90=0.499
Iter 0017440: train nll 0.044, valid error 037.640%, best valid error 024.250%, avg grad norm   0.056, avg grad norm (post clip)   0.000, rho_Whh  0.08, Omega  0.00, alpha  0.000, steps in the past 0.000, valid nll 0.048, valid mae 0.178, err@0.05 085.95%, err@0.10 071.18%, err@0.20 037.64%, maxae 0.743
  [diag] log10|dL/dh_t| hist bins=60 range=(-12.50,-11.50) mean=-12.00 p50=-12.00 p05=-12.00 p95=-12.00
  [diag] sat-dist hist bins=60 sat<0.05=0.0% mean=0.995 p10=0.994 p90=0.995
  [diag] z-gate sat-dist hist bins=60 mean=0.119 p10=0.119 p90=0.119
  [diag] r-gate sat-dist hist bins=60 mean=0.499 p10=0.499 p90=0.499
Iter 0017460: train nll 0.050, valid error 038.110%, best valid error 024.250%, avg grad norm   0.082, avg grad norm (post clip)   0.000, rho_Whh  0.08, Omega  0.00, alpha  0.000, steps in the past 0.000, valid nll 0.048, valid mae 0.178, err@0.05 085.92%, err@0.10 071.51%, err@0.20 038.11%, maxae 0.741
  [diag] log10|dL/dh_t| hist bins=60 range=(-12.50,-11.50) mean=-12.00 p50=-12.00 p05=-12.00 p95=-12.00
  [diag] sat-dist hist bins=60 sat<0.05=0.0% mean=0.995 p10=0.994 p90=0.995
  [diag] z-gate sat-dist hist bins=60 mean=0.119 p10=0.119 p90=0.119
  [diag] r-gate sat-dist hist bins=60 mean=0.499 p10=0.499 p90=0.499
Iter 0017480: train nll 0.052, valid error 038.790%, best valid error 024.250%, avg grad norm   0.098, avg grad norm (post clip)   0.000, rho_Whh  0.08, Omega  0.00, alpha  0.000, steps in the past 0.000, valid nll 0.048, valid mae 0.179, err@0.05 086.06%, err@0.10 071.58%, err@0.20 038.79%, maxae 0.738
  [diag] log10|dL/dh_t| hist bins=60 range=(-12.50,-11.50) mean=-12.00 p50=-12.00 p05=-12.00 p95=-12.00
  [diag] sat-dist hist bins=60 sat<0.05=0.0% mean=0.995 p10=0.994 p90=0.995
  [diag] z-gate sat-dist hist bins=60 mean=0.119 p10=0.119 p90=0.119
  [diag] r-gate sat-dist hist bins=60 mean=0.499 p10=0.499 p90=0.499
Iter 0017500: train nll 0.049, valid error 038.880%, best valid error 024.250%, avg grad norm   0.052, avg grad norm (post clip)   0.000, rho_Whh  0.08, Omega  0.00, alpha  0.000, steps in the past 0.000, valid nll 0.048, valid mae 0.179, err@0.05 086.10%, err@0.10 071.65%, err@0.20 038.88%, maxae 0.737
  [diag] log10|dL/dh_t| hist bins=60 range=(-12.50,-11.50) mean=-12.00 p50=-12.00 p05=-12.00 p95=-12.00
  [diag] sat-dist hist bins=60 sat<0.05=0.0% mean=0.995 p10=0.994 p90=0.995
  [diag] z-gate sat-dist hist bins=60 mean=0.119 p10=0.119 p90=0.119
  [diag] r-gate sat-dist hist bins=60 mean=0.499 p10=0.499 p90=0.499
Iter 0017520: train nll 0.048, valid error 039.920%, best valid error 024.250%, avg grad norm   0.064, avg grad norm (post clip)   0.000, rho_Whh  0.08, Omega  0.00, alpha  0.000, steps in the past 0.000, valid nll 0.048, valid mae 0.180, err@0.05 086.30%, err@0.10 072.11%, err@0.20 039.92%, maxae 0.732
  [diag] log10|dL/dh_t| hist bins=60 range=(-12.50,-11.50) mean=-12.00 p50=-12.00 p05=-12.00 p95=-12.00
  [diag] sat-dist hist bins=60 sat<0.05=0.0% mean=0.995 p10=0.994 p90=0.995
  [diag] z-gate sat-dist hist bins=60 mean=0.119 p10=0.119 p90=0.119
  [diag] r-gate sat-dist hist bins=60 mean=0.499 p10=0.499 p90=0.499
Iter 0017540: train nll 0.046, valid error 038.860%, best valid error 024.250%, avg grad norm   0.099, avg grad norm (post clip)   0.000, rho_Whh  0.08, Omega  0.00, alpha  0.000, steps in the past 0.000, valid nll 0.048, valid mae 0.179, err@0.05 086.10%, err@0.10 071.65%, err@0.20 038.86%, maxae 0.738
  [diag] log10|dL/dh_t| hist bins=60 range=(-12.50,-11.50) mean=-12.00 p50=-12.00 p05=-12.00 p95=-12.00
  [diag] sat-dist hist bins=60 sat<0.05=0.0% mean=0.994 p10=0.994 p90=0.995
  [diag] z-gate sat-dist hist bins=60 mean=0.119 p10=0.119 p90=0.119
  [diag] r-gate sat-dist hist bins=60 mean=0.499 p10=0.499 p90=0.499
Iter 0017560: train nll 0.055, valid error 040.230%, best valid error 024.250%, avg grad norm   0.092, avg grad norm (post clip)   0.000, rho_Whh  0.08, Omega  0.00, alpha  0.000, steps in the past 0.000, valid nll 0.048, valid mae 0.180, err@0.05 086.32%, err@0.10 072.11%, err@0.20 040.23%, maxae 0.731
  [diag] log10|dL/dh_t| hist bins=60 range=(-12.50,-11.50) mean=-12.00 p50=-12.00 p05=-12.00 p95=-12.00
  [diag] sat-dist hist bins=60 sat<0.05=0.0% mean=0.995 p10=0.994 p90=0.995
  [diag] z-gate sat-dist hist bins=60 mean=0.119 p10=0.119 p90=0.119
  [diag] r-gate sat-dist hist bins=60 mean=0.499 p10=0.499 p90=0.499
Iter 0017580: train nll 0.051, valid error 039.240%, best valid error 024.250%, avg grad norm   0.072, avg grad norm (post clip)   0.000, rho_Whh  0.08, Omega  0.00, alpha  0.000, steps in the past 0.000, valid nll 0.048, valid mae 0.180, err@0.05 086.29%, err@0.10 071.71%, err@0.20 039.24%, maxae 0.736
  [diag] log10|dL/dh_t| hist bins=60 range=(-12.50,-11.50) mean=-12.00 p50=-12.00 p05=-12.00 p95=-12.00
  [diag] sat-dist hist bins=60 sat<0.05=0.0% mean=0.995 p10=0.994 p90=0.995
  [diag] z-gate sat-dist hist bins=60 mean=0.119 p10=0.119 p90=0.119
  [diag] r-gate sat-dist hist bins=60 mean=0.499 p10=0.499 p90=0.499
Iter 0017600: train nll 0.051, valid error 039.170%, best valid error 024.250%, avg grad norm   0.086, avg grad norm (post clip)   0.000, rho_Whh  0.08, Omega  0.00, alpha  0.000, steps in the past 0.000, valid nll 0.048, valid mae 0.179, err@0.05 086.22%, err@0.10 071.69%, err@0.20 039.17%, maxae 0.736
  [diag] log10|dL/dh_t| hist bins=60 range=(-12.50,-11.50) mean=-12.00 p50=-12.00 p05=-12.00 p95=-12.00
  [diag] sat-dist hist bins=60 sat<0.05=0.0% mean=0.995 p10=0.994 p90=0.995
  [diag] z-gate sat-dist hist bins=60 mean=0.119 p10=0.119 p90=0.119
  [diag] r-gate sat-dist hist bins=60 mean=0.499 p10=0.499 p90=0.499
Iter 0017620: train nll 0.045, valid error 038.470%, best valid error 024.250%, avg grad norm   0.083, avg grad norm (post clip)   0.000, rho_Whh  0.08, Omega  0.00, alpha  0.000, steps in the past 0.000, valid nll 0.048, valid mae 0.179, err@0.05 086.00%, err@0.10 071.61%, err@0.20 038.47%, maxae 0.739
  [diag] log10|dL/dh_t| hist bins=60 range=(-12.50,-11.50) mean=-12.00 p50=-12.00 p05=-12.00 p95=-12.00
  [diag] sat-dist hist bins=60 sat<0.05=0.0% mean=0.995 p10=0.994 p90=0.995
  [diag] z-gate sat-dist hist bins=60 mean=0.119 p10=0.119 p90=0.119
  [diag] r-gate sat-dist hist bins=60 mean=0.499 p10=0.499 p90=0.499
Iter 0017640: train nll 0.047, valid error 038.470%, best valid error 024.250%, avg grad norm   0.076, avg grad norm (post clip)   0.000, rho_Whh  0.08, Omega  0.00, alpha  0.000, steps in the past 0.000, valid nll 0.048, valid mae 0.179, err@0.05 085.99%, err@0.10 071.61%, err@0.20 038.47%, maxae 0.739
  [diag] log10|dL/dh_t| hist bins=60 range=(-12.50,-11.50) mean=-12.00 p50=-12.00 p05=-12.00 p95=-12.00
  [diag] sat-dist hist bins=60 sat<0.05=0.0% mean=0.995 p10=0.994 p90=0.995
  [diag] z-gate sat-dist hist bins=60 mean=0.119 p10=0.119 p90=0.119
  [diag] r-gate sat-dist hist bins=60 mean=0.499 p10=0.499 p90=0.499
Iter 0017660: train nll 0.050, valid error 039.080%, best valid error 024.250%, avg grad norm   0.075, avg grad norm (post clip)   0.000, rho_Whh  0.08, Omega  0.00, alpha  0.000, steps in the past 0.000, valid nll 0.048, valid mae 0.179, err@0.05 086.21%, err@0.10 071.69%, err@0.20 039.08%, maxae 0.736
  [diag] log10|dL/dh_t| hist bins=60 range=(-12.50,-11.50) mean=-12.00 p50=-12.00 p05=-12.00 p95=-12.00
  [diag] sat-dist hist bins=60 sat<0.05=0.0% mean=0.995 p10=0.994 p90=0.995
  [diag] z-gate sat-dist hist bins=60 mean=0.119 p10=0.119 p90=0.119
  [diag] r-gate sat-dist hist bins=60 mean=0.499 p10=0.499 p90=0.499
Iter 0017680: train nll 0.048, valid error 039.140%, best valid error 024.250%, avg grad norm   0.079, avg grad norm (post clip)   0.000, rho_Whh  0.08, Omega  0.00, alpha  0.000, steps in the past 0.000, valid nll 0.048, valid mae 0.179, err@0.05 086.17%, err@0.10 071.67%, err@0.20 039.14%, maxae 0.736
  [diag] log10|dL/dh_t| hist bins=60 range=(-12.50,-11.50) mean=-12.00 p50=-12.00 p05=-12.00 p95=-12.00
  [diag] sat-dist hist bins=60 sat<0.05=0.0% mean=0.995 p10=0.994 p90=0.995
  [diag] z-gate sat-dist hist bins=60 mean=0.119 p10=0.119 p90=0.119
  [diag] r-gate sat-dist hist bins=60 mean=0.499 p10=0.499 p90=0.499
Iter 0017700: train nll 0.051, valid error 039.370%, best valid error 024.250%, avg grad norm   0.093, avg grad norm (post clip)   0.000, rho_Whh  0.08, Omega  0.00, alpha  0.000, steps in the past 0.000, valid nll 0.048, valid mae 0.180, err@0.05 086.28%, err@0.10 071.87%, err@0.20 039.37%, maxae 0.735
  [diag] log10|dL/dh_t| hist bins=60 range=(-12.50,-11.50) mean=-12.00 p50=-12.00 p05=-12.00 p95=-12.00
  [diag] sat-dist hist bins=60 sat<0.05=0.0% mean=0.995 p10=0.994 p90=0.995
  [diag] z-gate sat-dist hist bins=60 mean=0.119 p10=0.119 p90=0.119
  [diag] r-gate sat-dist hist bins=60 mean=0.499 p10=0.499 p90=0.499
Iter 0017720: train nll 0.044, valid error 039.080%, best valid error 024.250%, avg grad norm   0.060, avg grad norm (post clip)   0.000, rho_Whh  0.08, Omega  0.00, alpha  0.000, steps in the past 0.000, valid nll 0.048, valid mae 0.179, err@0.05 086.20%, err@0.10 071.67%, err@0.20 039.08%, maxae 0.737
  [diag] log10|dL/dh_t| hist bins=60 range=(-12.50,-11.50) mean=-12.00 p50=-12.00 p05=-12.00 p95=-12.00
  [diag] sat-dist hist bins=60 sat<0.05=0.0% mean=0.995 p10=0.994 p90=0.995
  [diag] z-gate sat-dist hist bins=60 mean=0.119 p10=0.119 p90=0.119
  [diag] r-gate sat-dist hist bins=60 mean=0.499 p10=0.499 p90=0.499
Iter 0017740: train nll 0.045, valid error 038.220%, best valid error 024.250%, avg grad norm   0.097, avg grad norm (post clip)   0.000, rho_Whh  0.08, Omega  0.00, alpha  0.000, steps in the past 0.000, valid nll 0.048, valid mae 0.179, err@0.05 085.93%, err@0.10 071.52%, err@0.20 038.22%, maxae 0.741
  [diag] log10|dL/dh_t| hist bins=60 range=(-12.50,-11.50) mean=-12.00 p50=-12.00 p05=-12.00 p95=-12.00
  [diag] sat-dist hist bins=60 sat<0.05=0.0% mean=0.995 p10=0.994 p90=0.995
  [diag] z-gate sat-dist hist bins=60 mean=0.119 p10=0.119 p90=0.119
  [diag] r-gate sat-dist hist bins=60 mean=0.499 p10=0.499 p90=0.499
Iter 0017760: train nll 0.046, valid error 037.800%, best valid error 024.250%, avg grad norm   0.084, avg grad norm (post clip)   0.000, rho_Whh  0.08, Omega  0.00, alpha  0.000, steps in the past 0.000, valid nll 0.048, valid mae 0.178, err@0.05 085.93%, err@0.10 071.28%, err@0.20 037.80%, maxae 0.743
  [diag] log10|dL/dh_t| hist bins=60 range=(-12.50,-11.50) mean=-12.00 p50=-12.00 p05=-12.00 p95=-12.00
  [diag] sat-dist hist bins=60 sat<0.05=0.0% mean=0.995 p10=0.994 p90=0.995
  [diag] z-gate sat-dist hist bins=60 mean=0.119 p10=0.119 p90=0.119
  [diag] r-gate sat-dist hist bins=60 mean=0.499 p10=0.499 p90=0.499
Iter 0017780: train nll 0.046, valid error 036.750%, best valid error 024.250%, avg grad norm   0.079, avg grad norm (post clip)   0.000, rho_Whh  0.08, Omega  0.00, alpha  0.000, steps in the past 0.000, valid nll 0.048, valid mae 0.177, err@0.05 085.70%, err@0.10 070.91%, err@0.20 036.75%, maxae 0.747
  [diag] log10|dL/dh_t| hist bins=60 range=(-12.50,-11.50) mean=-12.00 p50=-12.00 p05=-12.00 p95=-12.00
  [diag] sat-dist hist bins=60 sat<0.05=0.0% mean=0.995 p10=0.994 p90=0.995
  [diag] z-gate sat-dist hist bins=60 mean=0.119 p10=0.119 p90=0.119
  [diag] r-gate sat-dist hist bins=60 mean=0.499 p10=0.499 p90=0.499
Iter 0017800: train nll 0.051, valid error 037.640%, best valid error 024.250%, avg grad norm   0.076, avg grad norm (post clip)   0.000, rho_Whh  0.08, Omega  0.00, alpha  0.000, steps in the past 0.000, valid nll 0.048, valid mae 0.178, err@0.05 085.94%, err@0.10 071.18%, err@0.20 037.64%, maxae 0.743
  [diag] log10|dL/dh_t| hist bins=60 range=(-12.50,-11.50) mean=-12.00 p50=-12.00 p05=-12.00 p95=-12.00
  [diag] sat-dist hist bins=60 sat<0.05=0.0% mean=0.995 p10=0.994 p90=0.995
  [diag] z-gate sat-dist hist bins=60 mean=0.119 p10=0.119 p90=0.119
  [diag] r-gate sat-dist hist bins=60 mean=0.499 p10=0.499 p90=0.499
Iter 0017820: train nll 0.050, valid error 038.380%, best valid error 024.250%, avg grad norm   0.085, avg grad norm (post clip)   0.000, rho_Whh  0.08, Omega  0.00, alpha  0.000, steps in the past 0.000, valid nll 0.048, valid mae 0.179, err@0.05 085.87%, err@0.10 071.54%, err@0.20 038.38%, maxae 0.740
  [diag] log10|dL/dh_t| hist bins=60 range=(-12.50,-11.50) mean=-12.00 p50=-12.00 p05=-12.00 p95=-12.00
  [diag] sat-dist hist bins=60 sat<0.05=0.0% mean=0.995 p10=0.994 p90=0.995
  [diag] z-gate sat-dist hist bins=60 mean=0.119 p10=0.119 p90=0.119
  [diag] r-gate sat-dist hist bins=60 mean=0.499 p10=0.499 p90=0.499
Iter 0017840: train nll 0.046, valid error 038.350%, best valid error 024.250%, avg grad norm   0.083, avg grad norm (post clip)   0.000, rho_Whh  0.08, Omega  0.00, alpha  0.000, steps in the past 0.000, valid nll 0.048, valid mae 0.179, err@0.05 085.88%, err@0.10 071.54%, err@0.20 038.35%, maxae 0.740
  [diag] log10|dL/dh_t| hist bins=60 range=(-12.50,-11.50) mean=-12.00 p50=-12.00 p05=-12.00 p95=-12.00
  [diag] sat-dist hist bins=60 sat<0.05=0.0% mean=0.995 p10=0.994 p90=0.995
  [diag] z-gate sat-dist hist bins=60 mean=0.119 p10=0.119 p90=0.119
  [diag] r-gate sat-dist hist bins=60 mean=0.499 p10=0.499 p90=0.499
Iter 0017860: train nll 0.054, valid error 038.900%, best valid error 024.250%, avg grad norm   0.060, avg grad norm (post clip)   0.000, rho_Whh  0.08, Omega  0.00, alpha  0.000, steps in the past 0.000, valid nll 0.048, valid mae 0.179, err@0.05 086.11%, err@0.10 071.63%, err@0.20 038.90%, maxae 0.737
  [diag] log10|dL/dh_t| hist bins=60 range=(-12.50,-11.50) mean=-12.00 p50=-12.00 p05=-12.00 p95=-12.00
  [diag] sat-dist hist bins=60 sat<0.05=0.0% mean=0.995 p10=0.994 p90=0.995
  [diag] z-gate sat-dist hist bins=60 mean=0.119 p10=0.119 p90=0.119
  [diag] r-gate sat-dist hist bins=60 mean=0.499 p10=0.499 p90=0.499
Iter 0017880: train nll 0.047, valid error 038.460%, best valid error 024.250%, avg grad norm   0.057, avg grad norm (post clip)   0.000, rho_Whh  0.08, Omega  0.00, alpha  0.000, steps in the past 0.000, valid nll 0.048, valid mae 0.179, err@0.05 085.99%, err@0.10 071.57%, err@0.20 038.46%, maxae 0.739
  [diag] log10|dL/dh_t| hist bins=60 range=(-12.50,-11.50) mean=-12.00 p50=-12.00 p05=-12.00 p95=-12.00
  [diag] sat-dist hist bins=60 sat<0.05=0.0% mean=0.995 p10=0.994 p90=0.995
  [diag] z-gate sat-dist hist bins=60 mean=0.119 p10=0.119 p90=0.119
  [diag] r-gate sat-dist hist bins=60 mean=0.499 p10=0.499 p90=0.499
Iter 0017900: train nll 0.045, valid error 039.050%, best valid error 024.250%, avg grad norm   0.072, avg grad norm (post clip)   0.000, rho_Whh  0.08, Omega  0.00, alpha  0.000, steps in the past 0.000, valid nll 0.048, valid mae 0.179, err@0.05 086.18%, err@0.10 071.66%, err@0.20 039.05%, maxae 0.737
  [diag] log10|dL/dh_t| hist bins=60 range=(-12.50,-11.50) mean=-12.00 p50=-12.00 p05=-12.00 p95=-12.00
  [diag] sat-dist hist bins=60 sat<0.05=0.0% mean=0.995 p10=0.994 p90=0.995
  [diag] z-gate sat-dist hist bins=60 mean=0.119 p10=0.119 p90=0.119
  [diag] r-gate sat-dist hist bins=60 mean=0.499 p10=0.499 p90=0.499
Iter 0017920: train nll 0.042, valid error 038.370%, best valid error 024.250%, avg grad norm   0.070, avg grad norm (post clip)   0.000, rho_Whh  0.08, Omega  0.00, alpha  0.000, steps in the past 0.000, valid nll 0.048, valid mae 0.179, err@0.05 085.88%, err@0.10 071.53%, err@0.20 038.37%, maxae 0.740
  [diag] log10|dL/dh_t| hist bins=60 range=(-12.50,-11.50) mean=-12.00 p50=-12.00 p05=-12.00 p95=-12.00
  [diag] sat-dist hist bins=60 sat<0.05=0.0% mean=0.995 p10=0.994 p90=0.995
  [diag] z-gate sat-dist hist bins=60 mean=0.119 p10=0.119 p90=0.119
  [diag] r-gate sat-dist hist bins=60 mean=0.499 p10=0.499 p90=0.499
Iter 0017940: train nll 0.049, valid error 039.020%, best valid error 024.250%, avg grad norm   0.081, avg grad norm (post clip)   0.000, rho_Whh  0.08, Omega  0.00, alpha  0.000, steps in the past 0.000, valid nll 0.048, valid mae 0.179, err@0.05 086.19%, err@0.10 071.64%, err@0.20 039.02%, maxae 0.737
  [diag] log10|dL/dh_t| hist bins=60 range=(-12.50,-11.50) mean=-12.00 p50=-12.00 p05=-12.00 p95=-12.00
  [diag] sat-dist hist bins=60 sat<0.05=0.0% mean=0.995 p10=0.994 p90=0.995
  [diag] z-gate sat-dist hist bins=60 mean=0.119 p10=0.119 p90=0.119
  [diag] r-gate sat-dist hist bins=60 mean=0.499 p10=0.499 p90=0.499
Iter 0017960: train nll 0.045, valid error 037.920%, best valid error 024.250%, avg grad norm   0.061, avg grad norm (post clip)   0.000, rho_Whh  0.08, Omega  0.00, alpha  0.000, steps in the past 0.000, valid nll 0.048, valid mae 0.178, err@0.05 085.90%, err@0.10 071.39%, err@0.20 037.92%, maxae 0.742
  [diag] log10|dL/dh_t| hist bins=60 range=(-12.50,-11.50) mean=-12.00 p50=-12.00 p05=-12.00 p95=-12.00
  [diag] sat-dist hist bins=60 sat<0.05=0.0% mean=0.995 p10=0.994 p90=0.995
  [diag] z-gate sat-dist hist bins=60 mean=0.119 p10=0.119 p90=0.119
  [diag] r-gate sat-dist hist bins=60 mean=0.499 p10=0.499 p90=0.499
Iter 0017980: train nll 0.053, valid error 038.250%, best valid error 024.250%, avg grad norm   0.084, avg grad norm (post clip)   0.000, rho_Whh  0.08, Omega  0.00, alpha  0.000, steps in the past 0.000, valid nll 0.048, valid mae 0.179, err@0.05 085.94%, err@0.10 071.53%, err@0.20 038.25%, maxae 0.741
  [diag] log10|dL/dh_t| hist bins=60 range=(-12.50,-11.50) mean=-12.00 p50=-12.00 p05=-12.00 p95=-12.00
  [diag] sat-dist hist bins=60 sat<0.05=0.0% mean=0.995 p10=0.994 p90=0.995
  [diag] z-gate sat-dist hist bins=60 mean=0.119 p10=0.119 p90=0.119
  [diag] r-gate sat-dist hist bins=60 mean=0.499 p10=0.499 p90=0.499
Iter 0018000: train nll 0.052, valid error 038.450%, best valid error 024.250%, avg grad norm   0.068, avg grad norm (post clip)   0.000, rho_Whh  0.08, Omega  0.00, alpha  0.000, steps in the past 0.000, valid nll 0.048, valid mae 0.179, err@0.05 085.99%, err@0.10 071.59%, err@0.20 038.45%, maxae 0.739
  [diag] log10|dL/dh_t| hist bins=60 range=(-12.50,-11.50) mean=-12.00 p50=-12.00 p05=-12.00 p95=-12.00
  [diag] sat-dist hist bins=60 sat<0.05=0.0% mean=0.995 p10=0.994 p90=0.995
  [diag] z-gate sat-dist hist bins=60 mean=0.119 p10=0.119 p90=0.119
  [diag] r-gate sat-dist hist bins=60 mean=0.499 p10=0.499 p90=0.499
Iter 0018020: train nll 0.045, valid error 039.330%, best valid error 024.250%, avg grad norm   0.067, avg grad norm (post clip)   0.000, rho_Whh  0.08, Omega  0.00, alpha  0.000, steps in the past 0.000, valid nll 0.048, valid mae 0.180, err@0.05 086.27%, err@0.10 071.77%, err@0.20 039.33%, maxae 0.735
  [diag] log10|dL/dh_t| hist bins=60 range=(-12.50,-11.50) mean=-12.00 p50=-12.00 p05=-12.00 p95=-12.00
  [diag] sat-dist hist bins=60 sat<0.05=0.0% mean=0.995 p10=0.994 p90=0.995
  [diag] z-gate sat-dist hist bins=60 mean=0.119 p10=0.119 p90=0.119
  [diag] r-gate sat-dist hist bins=60 mean=0.499 p10=0.499 p90=0.499
Iter 0018040: train nll 0.048, valid error 038.550%, best valid error 024.250%, avg grad norm   0.086, avg grad norm (post clip)   0.000, rho_Whh  0.08, Omega  0.00, alpha  0.000, steps in the past 0.000, valid nll 0.048, valid mae 0.179, err@0.05 085.98%, err@0.10 071.61%, err@0.20 038.55%, maxae 0.739
  [diag] log10|dL/dh_t| hist bins=60 range=(-12.50,-11.50) mean=-12.00 p50=-12.00 p05=-12.00 p95=-12.00
  [diag] sat-dist hist bins=60 sat<0.05=0.0% mean=0.995 p10=0.994 p90=0.995
  [diag] z-gate sat-dist hist bins=60 mean=0.119 p10=0.119 p90=0.119
  [diag] r-gate sat-dist hist bins=60 mean=0.499 p10=0.499 p90=0.499
Iter 0018060: train nll 0.046, valid error 039.050%, best valid error 024.250%, avg grad norm   0.051, avg grad norm (post clip)   0.000, rho_Whh  0.08, Omega  0.00, alpha  0.000, steps in the past 0.000, valid nll 0.048, valid mae 0.179, err@0.05 086.19%, err@0.10 071.64%, err@0.20 039.05%, maxae 0.737
  [diag] log10|dL/dh_t| hist bins=60 range=(-12.50,-11.50) mean=-12.00 p50=-12.00 p05=-12.00 p95=-12.00
  [diag] sat-dist hist bins=60 sat<0.05=0.0% mean=0.995 p10=0.994 p90=0.995
  [diag] z-gate sat-dist hist bins=60 mean=0.119 p10=0.119 p90=0.119
  [diag] r-gate sat-dist hist bins=60 mean=0.499 p10=0.499 p90=0.499
Iter 0018080: train nll 0.049, valid error 038.460%, best valid error 024.250%, avg grad norm   0.090, avg grad norm (post clip)   0.000, rho_Whh  0.08, Omega  0.00, alpha  0.000, steps in the past 0.000, valid nll 0.048, valid mae 0.179, err@0.05 086.00%, err@0.10 071.61%, err@0.20 038.46%, maxae 0.739
  [diag] log10|dL/dh_t| hist bins=60 range=(-12.50,-11.50) mean=-12.00 p50=-12.00 p05=-12.00 p95=-12.00
  [diag] sat-dist hist bins=60 sat<0.05=0.0% mean=0.995 p10=0.994 p90=0.995
  [diag] z-gate sat-dist hist bins=60 mean=0.119 p10=0.119 p90=0.119
  [diag] r-gate sat-dist hist bins=60 mean=0.499 p10=0.499 p90=0.499
Iter 0018100: train nll 0.041, valid error 036.950%, best valid error 024.250%, avg grad norm   0.062, avg grad norm (post clip)   0.000, rho_Whh  0.08, Omega  0.00, alpha  0.000, steps in the past 0.000, valid nll 0.048, valid mae 0.177, err@0.05 085.79%, err@0.10 070.99%, err@0.20 036.95%, maxae 0.746
  [diag] log10|dL/dh_t| hist bins=60 range=(-12.50,-11.50) mean=-12.00 p50=-12.00 p05=-12.00 p95=-12.00
  [diag] sat-dist hist bins=60 sat<0.05=0.0% mean=0.995 p10=0.994 p90=0.995
  [diag] z-gate sat-dist hist bins=60 mean=0.119 p10=0.119 p90=0.119
  [diag] r-gate sat-dist hist bins=60 mean=0.499 p10=0.499 p90=0.499
Iter 0018120: train nll 0.045, valid error 037.080%, best valid error 024.250%, avg grad norm   0.071, avg grad norm (post clip)   0.000, rho_Whh  0.08, Omega  0.00, alpha  0.000, steps in the past 0.000, valid nll 0.048, valid mae 0.178, err@0.05 085.80%, err@0.10 071.00%, err@0.20 037.08%, maxae 0.746
  [diag] log10|dL/dh_t| hist bins=60 range=(-12.50,-11.50) mean=-12.00 p50=-12.00 p05=-12.00 p95=-12.00
  [diag] sat-dist hist bins=60 sat<0.05=0.0% mean=0.995 p10=0.994 p90=0.995
  [diag] z-gate sat-dist hist bins=60 mean=0.119 p10=0.119 p90=0.119
  [diag] r-gate sat-dist hist bins=60 mean=0.499 p10=0.499 p90=0.499
Iter 0018140: train nll 0.041, valid error 036.060%, best valid error 024.250%, avg grad norm   0.068, avg grad norm (post clip)   0.000, rho_Whh  0.08, Omega  0.00, alpha  0.000, steps in the past 0.000, valid nll 0.048, valid mae 0.177, err@0.05 085.58%, err@0.10 070.71%, err@0.20 036.06%, maxae 0.750
  [diag] log10|dL/dh_t| hist bins=60 range=(-12.50,-11.50) mean=-12.00 p50=-12.00 p05=-12.00 p95=-12.00
  [diag] sat-dist hist bins=60 sat<0.05=0.0% mean=0.995 p10=0.994 p90=0.995
  [diag] z-gate sat-dist hist bins=60 mean=0.119 p10=0.119 p90=0.119
  [diag] r-gate sat-dist hist bins=60 mean=0.499 p10=0.499 p90=0.499
Iter 0018160: train nll 0.045, valid error 037.780%, best valid error 024.250%, avg grad norm   0.101, avg grad norm (post clip)   0.000, rho_Whh  0.08, Omega  0.00, alpha  0.000, steps in the past 0.000, valid nll 0.048, valid mae 0.178, err@0.05 085.93%, err@0.10 071.28%, err@0.20 037.78%, maxae 0.743
  [diag] log10|dL/dh_t| hist bins=60 range=(-12.50,-11.50) mean=-12.00 p50=-12.00 p05=-12.00 p95=-12.00
  [diag] sat-dist hist bins=60 sat<0.05=0.0% mean=0.995 p10=0.994 p90=0.995
  [diag] z-gate sat-dist hist bins=60 mean=0.119 p10=0.119 p90=0.119
  [diag] r-gate sat-dist hist bins=60 mean=0.499 p10=0.499 p90=0.499
Iter 0018180: train nll 0.047, valid error 038.180%, best valid error 024.250%, avg grad norm   0.087, avg grad norm (post clip)   0.000, rho_Whh  0.08, Omega  0.00, alpha  0.000, steps in the past 0.000, valid nll 0.048, valid mae 0.178, err@0.05 085.91%, err@0.10 071.51%, err@0.20 038.18%, maxae 0.741
  [diag] log10|dL/dh_t| hist bins=60 range=(-12.50,-11.50) mean=-12.00 p50=-12.00 p05=-12.00 p95=-12.00
  [diag] sat-dist hist bins=60 sat<0.05=0.0% mean=0.995 p10=0.994 p90=0.995
  [diag] z-gate sat-dist hist bins=60 mean=0.119 p10=0.119 p90=0.119
  [diag] r-gate sat-dist hist bins=60 mean=0.499 p10=0.499 p90=0.499
Iter 0018200: train nll 0.047, valid error 037.620%, best valid error 024.250%, avg grad norm   0.071, avg grad norm (post clip)   0.000, rho_Whh  0.08, Omega  0.00, alpha  0.000, steps in the past 0.000, valid nll 0.048, valid mae 0.178, err@0.05 085.92%, err@0.10 071.17%, err@0.20 037.62%, maxae 0.744
  [diag] log10|dL/dh_t| hist bins=60 range=(-12.50,-11.50) mean=-12.00 p50=-12.00 p05=-12.00 p95=-12.00
  [diag] sat-dist hist bins=60 sat<0.05=0.0% mean=0.995 p10=0.994 p90=0.995
  [diag] z-gate sat-dist hist bins=60 mean=0.119 p10=0.119 p90=0.119
  [diag] r-gate sat-dist hist bins=60 mean=0.499 p10=0.499 p90=0.499
Iter 0018220: train nll 0.046, valid error 038.280%, best valid error 024.250%, avg grad norm   0.061, avg grad norm (post clip)   0.000, rho_Whh  0.08, Omega  0.00, alpha  0.000, steps in the past 0.000, valid nll 0.048, valid mae 0.179, err@0.05 085.92%, err@0.10 071.52%, err@0.20 038.28%, maxae 0.740
  [diag] log10|dL/dh_t| hist bins=60 range=(-12.50,-11.50) mean=-12.00 p50=-12.00 p05=-12.00 p95=-12.00
  [diag] sat-dist hist bins=60 sat<0.05=0.0% mean=0.995 p10=0.994 p90=0.995
  [diag] z-gate sat-dist hist bins=60 mean=0.119 p10=0.119 p90=0.119
  [diag] r-gate sat-dist hist bins=60 mean=0.499 p10=0.499 p90=0.499
Iter 0018240: train nll 0.054, valid error 038.230%, best valid error 024.250%, avg grad norm   0.099, avg grad norm (post clip)   0.000, rho_Whh  0.08, Omega  0.00, alpha  0.000, steps in the past 0.000, valid nll 0.048, valid mae 0.179, err@0.05 085.93%, err@0.10 071.52%, err@0.20 038.23%, maxae 0.741
  [diag] log10|dL/dh_t| hist bins=60 range=(-12.50,-11.50) mean=-12.00 p50=-12.00 p05=-12.00 p95=-12.00
  [diag] sat-dist hist bins=60 sat<0.05=0.0% mean=0.995 p10=0.994 p90=0.995
  [diag] z-gate sat-dist hist bins=60 mean=0.119 p10=0.119 p90=0.119
  [diag] r-gate sat-dist hist bins=60 mean=0.499 p10=0.499 p90=0.499
Iter 0018260: train nll 0.044, valid error 036.010%, best valid error 024.250%, avg grad norm   0.093, avg grad norm (post clip)   0.000, rho_Whh  0.08, Omega  0.00, alpha  0.000, steps in the past 0.000, valid nll 0.048, valid mae 0.177, err@0.05 085.57%, err@0.10 070.67%, err@0.20 036.01%, maxae 0.750
  [diag] log10|dL/dh_t| hist bins=60 range=(-12.50,-11.50) mean=-12.00 p50=-12.00 p05=-12.00 p95=-12.00
  [diag] sat-dist hist bins=60 sat<0.05=0.0% mean=0.995 p10=0.994 p90=0.995
  [diag] z-gate sat-dist hist bins=60 mean=0.119 p10=0.119 p90=0.119
  [diag] r-gate sat-dist hist bins=60 mean=0.499 p10=0.499 p90=0.499
Iter 0018280: train nll 0.051, valid error 036.780%, best valid error 024.250%, avg grad norm   0.079, avg grad norm (post clip)   0.000, rho_Whh  0.08, Omega  0.00, alpha  0.000, steps in the past 0.000, valid nll 0.048, valid mae 0.177, err@0.05 085.73%, err@0.10 070.92%, err@0.20 036.78%, maxae 0.747
  [diag] log10|dL/dh_t| hist bins=60 range=(-12.50,-11.50) mean=-12.00 p50=-12.00 p05=-12.00 p95=-12.00
  [diag] sat-dist hist bins=60 sat<0.05=0.0% mean=0.995 p10=0.994 p90=0.995
  [diag] z-gate sat-dist hist bins=60 mean=0.119 p10=0.119 p90=0.119
  [diag] r-gate sat-dist hist bins=60 mean=0.499 p10=0.499 p90=0.499
Iter 0018300: train nll 0.047, valid error 037.350%, best valid error 024.250%, avg grad norm   0.075, avg grad norm (post clip)   0.000, rho_Whh  0.08, Omega  0.00, alpha  0.000, steps in the past 0.000, valid nll 0.048, valid mae 0.178, err@0.05 085.86%, err@0.10 071.12%, err@0.20 037.35%, maxae 0.745
  [diag] log10|dL/dh_t| hist bins=60 range=(-12.50,-11.50) mean=-12.00 p50=-12.00 p05=-12.00 p95=-12.00
  [diag] sat-dist hist bins=60 sat<0.05=0.0% mean=0.995 p10=0.994 p90=0.995
  [diag] z-gate sat-dist hist bins=60 mean=0.119 p10=0.119 p90=0.119
  [diag] r-gate sat-dist hist bins=60 mean=0.499 p10=0.499 p90=0.499
Iter 0018320: train nll 0.049, valid error 037.580%, best valid error 024.250%, avg grad norm   0.080, avg grad norm (post clip)   0.000, rho_Whh  0.08, Omega  0.00, alpha  0.000, steps in the past 0.000, valid nll 0.048, valid mae 0.178, err@0.05 085.87%, err@0.10 071.19%, err@0.20 037.58%, maxae 0.744
  [diag] log10|dL/dh_t| hist bins=60 range=(-12.50,-11.50) mean=-12.00 p50=-12.00 p05=-12.00 p95=-12.00
  [diag] sat-dist hist bins=60 sat<0.05=0.0% mean=0.995 p10=0.994 p90=0.995
  [diag] z-gate sat-dist hist bins=60 mean=0.119 p10=0.119 p90=0.119
  [diag] r-gate sat-dist hist bins=60 mean=0.499 p10=0.499 p90=0.499
Iter 0018340: train nll 0.050, valid error 038.020%, best valid error 024.250%, avg grad norm   0.079, avg grad norm (post clip)   0.000, rho_Whh  0.08, Omega  0.00, alpha  0.000, steps in the past 0.000, valid nll 0.048, valid mae 0.178, err@0.05 085.89%, err@0.10 071.48%, err@0.20 038.02%, maxae 0.741
  [diag] log10|dL/dh_t| hist bins=60 range=(-12.50,-11.50) mean=-12.00 p50=-12.00 p05=-12.00 p95=-12.00
  [diag] sat-dist hist bins=60 sat<0.05=0.0% mean=0.995 p10=0.994 p90=0.995
  [diag] z-gate sat-dist hist bins=60 mean=0.119 p10=0.119 p90=0.119
  [diag] r-gate sat-dist hist bins=60 mean=0.499 p10=0.499 p90=0.499
Iter 0018360: train nll 0.052, valid error 037.650%, best valid error 024.250%, avg grad norm   0.082, avg grad norm (post clip)   0.000, rho_Whh  0.08, Omega  0.00, alpha  0.000, steps in the past 0.000, valid nll 0.048, valid mae 0.178, err@0.05 085.91%, err@0.10 071.17%, err@0.20 037.65%, maxae 0.743
  [diag] log10|dL/dh_t| hist bins=60 range=(-12.50,-11.50) mean=-12.00 p50=-12.00 p05=-12.00 p95=-12.00
  [diag] sat-dist hist bins=60 sat<0.05=0.0% mean=0.995 p10=0.994 p90=0.995
  [diag] z-gate sat-dist hist bins=60 mean=0.119 p10=0.119 p90=0.119
  [diag] r-gate sat-dist hist bins=60 mean=0.499 p10=0.499 p90=0.499
Iter 0018380: train nll 0.044, valid error 037.900%, best valid error 024.250%, avg grad norm   0.097, avg grad norm (post clip)   0.000, rho_Whh  0.08, Omega  0.00, alpha  0.000, steps in the past 0.000, valid nll 0.048, valid mae 0.178, err@0.05 085.91%, err@0.10 071.38%, err@0.20 037.90%, maxae 0.742
  [diag] log10|dL/dh_t| hist bins=60 range=(-12.50,-11.50) mean=-12.00 p50=-12.00 p05=-12.00 p95=-12.00
  [diag] sat-dist hist bins=60 sat<0.05=0.0% mean=0.995 p10=0.994 p90=0.995
  [diag] z-gate sat-dist hist bins=60 mean=0.119 p10=0.119 p90=0.119
  [diag] r-gate sat-dist hist bins=60 mean=0.499 p10=0.499 p90=0.499
Iter 0018400: train nll 0.049, valid error 037.040%, best valid error 024.250%, avg grad norm   0.070, avg grad norm (post clip)   0.000, rho_Whh  0.08, Omega  0.00, alpha  0.000, steps in the past 0.000, valid nll 0.048, valid mae 0.178, err@0.05 085.79%, err@0.10 071.00%, err@0.20 037.04%, maxae 0.746
  [diag] log10|dL/dh_t| hist bins=60 range=(-12.50,-11.50) mean=-12.00 p50=-12.00 p05=-12.00 p95=-12.00
  [diag] sat-dist hist bins=60 sat<0.05=0.0% mean=0.995 p10=0.994 p90=0.995
  [diag] z-gate sat-dist hist bins=60 mean=0.119 p10=0.119 p90=0.119
  [diag] r-gate sat-dist hist bins=60 mean=0.499 p10=0.499 p90=0.499
Iter 0018420: train nll 0.043, valid error 037.580%, best valid error 024.250%, avg grad norm   0.076, avg grad norm (post clip)   0.000, rho_Whh  0.08, Omega  0.00, alpha  0.000, steps in the past 0.000, valid nll 0.048, valid mae 0.178, err@0.05 085.87%, err@0.10 071.19%, err@0.20 037.58%, maxae 0.744
  [diag] log10|dL/dh_t| hist bins=60 range=(-12.50,-11.50) mean=-12.00 p50=-12.00 p05=-12.00 p95=-12.00
  [diag] sat-dist hist bins=60 sat<0.05=0.0% mean=0.995 p10=0.994 p90=0.995
  [diag] z-gate sat-dist hist bins=60 mean=0.119 p10=0.119 p90=0.119
  [diag] r-gate sat-dist hist bins=60 mean=0.499 p10=0.499 p90=0.499
Iter 0018440: train nll 0.049, valid error 038.450%, best valid error 024.250%, avg grad norm   0.053, avg grad norm (post clip)   0.000, rho_Whh  0.08, Omega  0.00, alpha  0.000, steps in the past 0.000, valid nll 0.048, valid mae 0.179, err@0.05 085.92%, err@0.10 071.56%, err@0.20 038.45%, maxae 0.739
  [diag] log10|dL/dh_t| hist bins=60 range=(-12.50,-11.50) mean=-12.00 p50=-12.00 p05=-12.00 p95=-12.00
  [diag] sat-dist hist bins=60 sat<0.05=0.0% mean=0.995 p10=0.994 p90=0.995
  [diag] z-gate sat-dist hist bins=60 mean=0.119 p10=0.119 p90=0.119
  [diag] r-gate sat-dist hist bins=60 mean=0.499 p10=0.499 p90=0.499
Iter 0018460: train nll 0.047, valid error 037.690%, best valid error 024.250%, avg grad norm   0.081, avg grad norm (post clip)   0.000, rho_Whh  0.08, Omega  0.00, alpha  0.000, steps in the past 0.000, valid nll 0.048, valid mae 0.178, err@0.05 085.93%, err@0.10 071.23%, err@0.20 037.69%, maxae 0.743
  [diag] log10|dL/dh_t| hist bins=60 range=(-12.50,-11.50) mean=-12.00 p50=-12.00 p05=-12.00 p95=-12.00
  [diag] sat-dist hist bins=60 sat<0.05=0.0% mean=0.995 p10=0.994 p90=0.995
  [diag] z-gate sat-dist hist bins=60 mean=0.119 p10=0.119 p90=0.119
  [diag] r-gate sat-dist hist bins=60 mean=0.499 p10=0.499 p90=0.499
Iter 0018480: train nll 0.045, valid error 038.720%, best valid error 024.250%, avg grad norm   0.071, avg grad norm (post clip)   0.000, rho_Whh  0.08, Omega  0.00, alpha  0.000, steps in the past 0.000, valid nll 0.048, valid mae 0.179, err@0.05 086.00%, err@0.10 071.55%, err@0.20 038.72%, maxae 0.738
  [diag] log10|dL/dh_t| hist bins=60 range=(-12.50,-11.50) mean=-12.00 p50=-12.00 p05=-12.00 p95=-12.00
  [diag] sat-dist hist bins=60 sat<0.05=0.0% mean=0.995 p10=0.994 p90=0.995
  [diag] z-gate sat-dist hist bins=60 mean=0.119 p10=0.119 p90=0.119
  [diag] r-gate sat-dist hist bins=60 mean=0.499 p10=0.499 p90=0.499
Iter 0018500: train nll 0.050, valid error 039.790%, best valid error 024.250%, avg grad norm   0.084, avg grad norm (post clip)   0.000, rho_Whh  0.08, Omega  0.00, alpha  0.000, steps in the past 0.000, valid nll 0.048, valid mae 0.180, err@0.05 086.33%, err@0.10 072.08%, err@0.20 039.79%, maxae 0.733
  [diag] log10|dL/dh_t| hist bins=60 range=(-12.50,-11.50) mean=-12.00 p50=-12.00 p05=-12.00 p95=-12.00
  [diag] sat-dist hist bins=60 sat<0.05=0.0% mean=0.995 p10=0.994 p90=0.995
  [diag] z-gate sat-dist hist bins=60 mean=0.119 p10=0.119 p90=0.119
  [diag] r-gate sat-dist hist bins=60 mean=0.499 p10=0.499 p90=0.499
Iter 0018520: train nll 0.050, valid error 039.360%, best valid error 024.250%, avg grad norm   0.101, avg grad norm (post clip)   0.000, rho_Whh  0.08, Omega  0.00, alpha  0.000, steps in the past 0.000, valid nll 0.048, valid mae 0.180, err@0.05 086.30%, err@0.10 071.80%, err@0.20 039.36%, maxae 0.735
  [diag] log10|dL/dh_t| hist bins=60 range=(-12.50,-11.50) mean=-12.00 p50=-12.00 p05=-12.00 p95=-12.00
  [diag] sat-dist hist bins=60 sat<0.05=0.0% mean=0.995 p10=0.994 p90=0.995
  [diag] z-gate sat-dist hist bins=60 mean=0.119 p10=0.119 p90=0.119
  [diag] r-gate sat-dist hist bins=60 mean=0.499 p10=0.499 p90=0.499
Iter 0018540: train nll 0.048, valid error 038.290%, best valid error 024.250%, avg grad norm   0.084, avg grad norm (post clip)   0.000, rho_Whh  0.08, Omega  0.00, alpha  0.000, steps in the past 0.000, valid nll 0.048, valid mae 0.179, err@0.05 085.91%, err@0.10 071.52%, err@0.20 038.29%, maxae 0.740
  [diag] log10|dL/dh_t| hist bins=60 range=(-12.50,-11.50) mean=-12.00 p50=-12.00 p05=-12.00 p95=-12.00
  [diag] sat-dist hist bins=60 sat<0.05=0.0% mean=0.995 p10=0.994 p90=0.995
  [diag] z-gate sat-dist hist bins=60 mean=0.119 p10=0.119 p90=0.119
  [diag] r-gate sat-dist hist bins=60 mean=0.499 p10=0.499 p90=0.499
Iter 0018560: train nll 0.051, valid error 038.000%, best valid error 024.250%, avg grad norm   0.071, avg grad norm (post clip)   0.000, rho_Whh  0.08, Omega  0.00, alpha  0.000, steps in the past 0.000, valid nll 0.048, valid mae 0.178, err@0.05 085.90%, err@0.10 071.46%, err@0.20 038.00%, maxae 0.741
  [diag] log10|dL/dh_t| hist bins=60 range=(-12.50,-11.50) mean=-12.00 p50=-12.00 p05=-12.00 p95=-12.00
  [diag] sat-dist hist bins=60 sat<0.05=0.0% mean=0.995 p10=0.994 p90=0.995
  [diag] z-gate sat-dist hist bins=60 mean=0.119 p10=0.119 p90=0.119
  [diag] r-gate sat-dist hist bins=60 mean=0.499 p10=0.499 p90=0.499
Iter 0018580: train nll 0.051, valid error 039.080%, best valid error 024.250%, avg grad norm   0.084, avg grad norm (post clip)   0.000, rho_Whh  0.08, Omega  0.00, alpha  0.000, steps in the past 0.000, valid nll 0.048, valid mae 0.179, err@0.05 086.19%, err@0.10 071.67%, err@0.20 039.08%, maxae 0.737
  [diag] log10|dL/dh_t| hist bins=60 range=(-12.50,-11.50) mean=-12.00 p50=-12.00 p05=-12.00 p95=-12.00
  [diag] sat-dist hist bins=60 sat<0.05=0.0% mean=0.995 p10=0.994 p90=0.995
  [diag] z-gate sat-dist hist bins=60 mean=0.119 p10=0.119 p90=0.119
  [diag] r-gate sat-dist hist bins=60 mean=0.499 p10=0.499 p90=0.499
Iter 0018600: train nll 0.049, valid error 039.550%, best valid error 024.250%, avg grad norm   0.076, avg grad norm (post clip)   0.000, rho_Whh  0.08, Omega  0.00, alpha  0.000, steps in the past 0.000, valid nll 0.048, valid mae 0.180, err@0.05 086.33%, err@0.10 071.92%, err@0.20 039.55%, maxae 0.734
  [diag] log10|dL/dh_t| hist bins=60 range=(-12.50,-11.50) mean=-12.00 p50=-12.00 p05=-12.00 p95=-12.00
  [diag] sat-dist hist bins=60 sat<0.05=0.0% mean=0.995 p10=0.994 p90=0.995
  [diag] z-gate sat-dist hist bins=60 mean=0.119 p10=0.119 p90=0.119
  [diag] r-gate sat-dist hist bins=60 mean=0.499 p10=0.499 p90=0.499
Iter 0018620: train nll 0.045, valid error 038.460%, best valid error 024.250%, avg grad norm   0.080, avg grad norm (post clip)   0.000, rho_Whh  0.08, Omega  0.00, alpha  0.000, steps in the past 0.000, valid nll 0.048, valid mae 0.179, err@0.05 085.99%, err@0.10 071.58%, err@0.20 038.46%, maxae 0.739
  [diag] log10|dL/dh_t| hist bins=60 range=(-12.50,-11.50) mean=-12.00 p50=-12.00 p05=-12.00 p95=-12.00
  [diag] sat-dist hist bins=60 sat<0.05=0.0% mean=0.995 p10=0.994 p90=0.995
  [diag] z-gate sat-dist hist bins=60 mean=0.119 p10=0.119 p90=0.119
  [diag] r-gate sat-dist hist bins=60 mean=0.499 p10=0.499 p90=0.499
Iter 0018640: train nll 0.054, valid error 039.440%, best valid error 024.250%, avg grad norm   0.090, avg grad norm (post clip)   0.000, rho_Whh  0.08, Omega  0.00, alpha  0.000, steps in the past 0.000, valid nll 0.048, valid mae 0.180, err@0.05 086.29%, err@0.10 071.89%, err@0.20 039.44%, maxae 0.735
  [diag] log10|dL/dh_t| hist bins=60 range=(-12.50,-11.50) mean=-12.00 p50=-12.00 p05=-12.00 p95=-12.00
  [diag] sat-dist hist bins=60 sat<0.05=0.0% mean=0.995 p10=0.994 p90=0.995
  [diag] z-gate sat-dist hist bins=60 mean=0.119 p10=0.119 p90=0.119
  [diag] r-gate sat-dist hist bins=60 mean=0.499 p10=0.499 p90=0.499
Iter 0018660: train nll 0.045, valid error 039.080%, best valid error 024.250%, avg grad norm   0.092, avg grad norm (post clip)   0.000, rho_Whh  0.08, Omega  0.00, alpha  0.000, steps in the past 0.000, valid nll 0.048, valid mae 0.179, err@0.05 086.21%, err@0.10 071.69%, err@0.20 039.08%, maxae 0.736
  [diag] log10|dL/dh_t| hist bins=60 range=(-12.50,-11.50) mean=-12.00 p50=-12.00 p05=-12.00 p95=-12.00
  [diag] sat-dist hist bins=60 sat<0.05=0.0% mean=0.995 p10=0.994 p90=0.995
  [diag] z-gate sat-dist hist bins=60 mean=0.119 p10=0.119 p90=0.119
  [diag] r-gate sat-dist hist bins=60 mean=0.499 p10=0.499 p90=0.499
Iter 0018680: train nll 0.046, valid error 039.000%, best valid error 024.250%, avg grad norm   0.080, avg grad norm (post clip)   0.000, rho_Whh  0.08, Omega  0.00, alpha  0.000, steps in the past 0.000, valid nll 0.048, valid mae 0.179, err@0.05 086.18%, err@0.10 071.64%, err@0.20 039.00%, maxae 0.737
  [diag] log10|dL/dh_t| hist bins=60 range=(-12.50,-11.50) mean=-12.00 p50=-12.00 p05=-12.00 p95=-12.00
  [diag] sat-dist hist bins=60 sat<0.05=0.0% mean=0.995 p10=0.994 p90=0.995
  [diag] z-gate sat-dist hist bins=60 mean=0.119 p10=0.119 p90=0.119
  [diag] r-gate sat-dist hist bins=60 mean=0.499 p10=0.499 p90=0.499
Iter 0018700: train nll 0.059, valid error 039.520%, best valid error 024.250%, avg grad norm   0.085, avg grad norm (post clip)   0.000, rho_Whh  0.08, Omega  0.00, alpha  0.000, steps in the past 0.000, valid nll 0.048, valid mae 0.180, err@0.05 086.34%, err@0.10 071.93%, err@0.20 039.52%, maxae 0.734
  [diag] log10|dL/dh_t| hist bins=60 range=(-12.50,-11.50) mean=-12.00 p50=-12.00 p05=-12.00 p95=-12.00
  [diag] sat-dist hist bins=60 sat<0.05=0.0% mean=0.995 p10=0.994 p90=0.995
  [diag] z-gate sat-dist hist bins=60 mean=0.119 p10=0.119 p90=0.119
  [diag] r-gate sat-dist hist bins=60 mean=0.499 p10=0.499 p90=0.499
Iter 0018720: train nll 0.046, valid error 039.640%, best valid error 024.250%, avg grad norm   0.090, avg grad norm (post clip)   0.000, rho_Whh  0.08, Omega  0.00, alpha  0.000, steps in the past 0.000, valid nll 0.048, valid mae 0.180, err@0.05 086.35%, err@0.10 071.96%, err@0.20 039.64%, maxae 0.734
  [diag] log10|dL/dh_t| hist bins=60 range=(-12.50,-11.50) mean=-12.00 p50=-12.00 p05=-12.00 p95=-12.00
  [diag] sat-dist hist bins=60 sat<0.05=0.0% mean=0.995 p10=0.994 p90=0.995
  [diag] z-gate sat-dist hist bins=60 mean=0.119 p10=0.119 p90=0.119
  [diag] r-gate sat-dist hist bins=60 mean=0.499 p10=0.499 p90=0.499
Iter 0018740: train nll 0.046, valid error 039.910%, best valid error 024.250%, avg grad norm   0.071, avg grad norm (post clip)   0.000, rho_Whh  0.08, Omega  0.00, alpha  0.000, steps in the past 0.000, valid nll 0.048, valid mae 0.180, err@0.05 086.31%, err@0.10 072.12%, err@0.20 039.91%, maxae 0.732
  [diag] log10|dL/dh_t| hist bins=60 range=(-12.50,-11.50) mean=-12.00 p50=-12.00 p05=-12.00 p95=-12.00
  [diag] sat-dist hist bins=60 sat<0.05=0.0% mean=0.995 p10=0.994 p90=0.995
  [diag] z-gate sat-dist hist bins=60 mean=0.119 p10=0.119 p90=0.119
  [diag] r-gate sat-dist hist bins=60 mean=0.499 p10=0.499 p90=0.499
Iter 0018760: train nll 0.045, valid error 037.950%, best valid error 024.250%, avg grad norm   0.112, avg grad norm (post clip)   0.000, rho_Whh  0.08, Omega  0.00, alpha  0.000, steps in the past 0.000, valid nll 0.048, valid mae 0.178, err@0.05 085.90%, err@0.10 071.36%, err@0.20 037.95%, maxae 0.742
  [diag] log10|dL/dh_t| hist bins=60 range=(-12.50,-11.50) mean=-12.00 p50=-12.00 p05=-12.00 p95=-12.00
  [diag] sat-dist hist bins=60 sat<0.05=0.0% mean=0.995 p10=0.994 p90=0.995
  [diag] z-gate sat-dist hist bins=60 mean=0.119 p10=0.119 p90=0.119
  [diag] r-gate sat-dist hist bins=60 mean=0.499 p10=0.499 p90=0.499
Iter 0018780: train nll 0.050, valid error 038.460%, best valid error 024.250%, avg grad norm   0.048, avg grad norm (post clip)   0.000, rho_Whh  0.08, Omega  0.00, alpha  0.000, steps in the past 0.000, valid nll 0.048, valid mae 0.179, err@0.05 086.00%, err@0.10 071.61%, err@0.20 038.46%, maxae 0.739
  [diag] log10|dL/dh_t| hist bins=60 range=(-12.50,-11.50) mean=-12.00 p50=-12.00 p05=-12.00 p95=-12.00
  [diag] sat-dist hist bins=60 sat<0.05=0.0% mean=0.995 p10=0.994 p90=0.995
  [diag] z-gate sat-dist hist bins=60 mean=0.119 p10=0.119 p90=0.119
  [diag] r-gate sat-dist hist bins=60 mean=0.499 p10=0.499 p90=0.499
Iter 0018800: train nll 0.048, valid error 038.850%, best valid error 024.250%, avg grad norm   0.086, avg grad norm (post clip)   0.000, rho_Whh  0.08, Omega  0.00, alpha  0.000, steps in the past 0.000, valid nll 0.048, valid mae 0.179, err@0.05 086.09%, err@0.10 071.66%, err@0.20 038.85%, maxae 0.738
  [diag] log10|dL/dh_t| hist bins=60 range=(-12.50,-11.50) mean=-12.00 p50=-12.00 p05=-12.00 p95=-12.00
  [diag] sat-dist hist bins=60 sat<0.05=0.0% mean=0.995 p10=0.994 p90=0.995
  [diag] z-gate sat-dist hist bins=60 mean=0.119 p10=0.119 p90=0.119
  [diag] r-gate sat-dist hist bins=60 mean=0.499 p10=0.499 p90=0.499
Iter 0018820: train nll 0.049, valid error 038.360%, best valid error 024.250%, avg grad norm   0.072, avg grad norm (post clip)   0.000, rho_Whh  0.08, Omega  0.00, alpha  0.000, steps in the past 0.000, valid nll 0.048, valid mae 0.179, err@0.05 085.88%, err@0.10 071.53%, err@0.20 038.36%, maxae 0.740
  [diag] log10|dL/dh_t| hist bins=60 range=(-12.50,-11.50) mean=-12.00 p50=-12.00 p05=-12.00 p95=-12.00
  [diag] sat-dist hist bins=60 sat<0.05=0.0% mean=0.995 p10=0.994 p90=0.995
  [diag] z-gate sat-dist hist bins=60 mean=0.119 p10=0.119 p90=0.119
  [diag] r-gate sat-dist hist bins=60 mean=0.499 p10=0.499 p90=0.499
Iter 0018840: train nll 0.049, valid error 038.390%, best valid error 024.250%, avg grad norm   0.081, avg grad norm (post clip)   0.000, rho_Whh  0.08, Omega  0.00, alpha  0.000, steps in the past 0.000, valid nll 0.048, valid mae 0.179, err@0.05 085.89%, err@0.10 071.52%, err@0.20 038.39%, maxae 0.740
  [diag] log10|dL/dh_t| hist bins=60 range=(-12.50,-11.50) mean=-12.00 p50=-12.00 p05=-12.00 p95=-12.00
  [diag] sat-dist hist bins=60 sat<0.05=0.0% mean=0.995 p10=0.994 p90=0.995
  [diag] z-gate sat-dist hist bins=60 mean=0.119 p10=0.119 p90=0.119
  [diag] r-gate sat-dist hist bins=60 mean=0.499 p10=0.499 p90=0.499
Iter 0018860: train nll 0.043, valid error 037.610%, best valid error 024.250%, avg grad norm   0.056, avg grad norm (post clip)   0.000, rho_Whh  0.08, Omega  0.00, alpha  0.000, steps in the past 0.000, valid nll 0.048, valid mae 0.178, err@0.05 085.92%, err@0.10 071.17%, err@0.20 037.61%, maxae 0.744
  [diag] log10|dL/dh_t| hist bins=60 range=(-12.50,-11.50) mean=-12.00 p50=-12.00 p05=-12.00 p95=-12.00
  [diag] sat-dist hist bins=60 sat<0.05=0.0% mean=0.995 p10=0.994 p90=0.995
  [diag] z-gate sat-dist hist bins=60 mean=0.119 p10=0.119 p90=0.119
  [diag] r-gate sat-dist hist bins=60 mean=0.499 p10=0.499 p90=0.499
Iter 0018880: train nll 0.049, valid error 037.650%, best valid error 024.250%, avg grad norm   0.056, avg grad norm (post clip)   0.000, rho_Whh  0.08, Omega  0.00, alpha  0.000, steps in the past 0.000, valid nll 0.048, valid mae 0.178, err@0.05 085.94%, err@0.10 071.18%, err@0.20 037.65%, maxae 0.743
  [diag] log10|dL/dh_t| hist bins=60 range=(-12.50,-11.50) mean=-12.00 p50=-12.00 p05=-12.00 p95=-12.00
  [diag] sat-dist hist bins=60 sat<0.05=0.0% mean=0.995 p10=0.994 p90=0.995
  [diag] z-gate sat-dist hist bins=60 mean=0.119 p10=0.119 p90=0.119
  [diag] r-gate sat-dist hist bins=60 mean=0.499 p10=0.499 p90=0.499
Iter 0018900: train nll 0.047, valid error 038.050%, best valid error 024.250%, avg grad norm   0.103, avg grad norm (post clip)   0.000, rho_Whh  0.08, Omega  0.00, alpha  0.000, steps in the past 0.000, valid nll 0.048, valid mae 0.178, err@0.05 085.90%, err@0.10 071.49%, err@0.20 038.05%, maxae 0.741
  [diag] log10|dL/dh_t| hist bins=60 range=(-12.50,-11.50) mean=-12.00 p50=-12.00 p05=-12.00 p95=-12.00
  [diag] sat-dist hist bins=60 sat<0.05=0.0% mean=0.995 p10=0.994 p90=0.995
  [diag] z-gate sat-dist hist bins=60 mean=0.119 p10=0.119 p90=0.119
  [diag] r-gate sat-dist hist bins=60 mean=0.499 p10=0.499 p90=0.499
Iter 0018920: train nll 0.057, valid error 039.790%, best valid error 024.250%, avg grad norm   0.085, avg grad norm (post clip)   0.000, rho_Whh  0.08, Omega  0.00, alpha  0.000, steps in the past 0.000, valid nll 0.048, valid mae 0.180, err@0.05 086.33%, err@0.10 072.08%, err@0.20 039.79%, maxae 0.733
  [diag] log10|dL/dh_t| hist bins=60 range=(-12.50,-11.50) mean=-12.00 p50=-12.00 p05=-12.00 p95=-12.00
  [diag] sat-dist hist bins=60 sat<0.05=0.0% mean=0.995 p10=0.994 p90=0.995
  [diag] z-gate sat-dist hist bins=60 mean=0.119 p10=0.119 p90=0.119
  [diag] r-gate sat-dist hist bins=60 mean=0.499 p10=0.499 p90=0.499
Iter 0018940: train nll 0.044, valid error 037.610%, best valid error 024.250%, avg grad norm   0.078, avg grad norm (post clip)   0.000, rho_Whh  0.08, Omega  0.00, alpha  0.000, steps in the past 0.000, valid nll 0.048, valid mae 0.178, err@0.05 085.92%, err@0.10 071.17%, err@0.20 037.61%, maxae 0.744
  [diag] log10|dL/dh_t| hist bins=60 range=(-12.50,-11.50) mean=-12.00 p50=-12.00 p05=-12.00 p95=-12.00
  [diag] sat-dist hist bins=60 sat<0.05=0.0% mean=0.995 p10=0.994 p90=0.995
  [diag] z-gate sat-dist hist bins=60 mean=0.119 p10=0.119 p90=0.119
  [diag] r-gate sat-dist hist bins=60 mean=0.499 p10=0.499 p90=0.499
Iter 0018960: train nll 0.047, valid error 038.380%, best valid error 024.250%, avg grad norm   0.062, avg grad norm (post clip)   0.000, rho_Whh  0.08, Omega  0.00, alpha  0.000, steps in the past 0.000, valid nll 0.048, valid mae 0.179, err@0.05 085.88%, err@0.10 071.53%, err@0.20 038.38%, maxae 0.740
  [diag] log10|dL/dh_t| hist bins=60 range=(-12.50,-11.50) mean=-12.00 p50=-12.00 p05=-12.00 p95=-12.00
  [diag] sat-dist hist bins=60 sat<0.05=0.0% mean=0.995 p10=0.994 p90=0.995
  [diag] z-gate sat-dist hist bins=60 mean=0.119 p10=0.119 p90=0.119
  [diag] r-gate sat-dist hist bins=60 mean=0.499 p10=0.499 p90=0.499
Iter 0018980: train nll 0.046, valid error 036.660%, best valid error 024.250%, avg grad norm   0.073, avg grad norm (post clip)   0.000, rho_Whh  0.08, Omega  0.00, alpha  0.000, steps in the past 0.000, valid nll 0.048, valid mae 0.177, err@0.05 085.70%, err@0.10 070.83%, err@0.20 036.66%, maxae 0.747
  [diag] log10|dL/dh_t| hist bins=60 range=(-12.50,-11.50) mean=-12.00 p50=-12.00 p05=-12.00 p95=-12.00
  [diag] sat-dist hist bins=60 sat<0.05=0.0% mean=0.995 p10=0.994 p90=0.995
  [diag] z-gate sat-dist hist bins=60 mean=0.119 p10=0.119 p90=0.119
  [diag] r-gate sat-dist hist bins=60 mean=0.499 p10=0.499 p90=0.499
Iter 0019000: train nll 0.050, valid error 039.060%, best valid error 024.250%, avg grad norm   0.089, avg grad norm (post clip)   0.000, rho_Whh  0.08, Omega  0.00, alpha  0.000, steps in the past 0.000, valid nll 0.048, valid mae 0.179, err@0.05 086.19%, err@0.10 071.67%, err@0.20 039.06%, maxae 0.737
  [diag] log10|dL/dh_t| hist bins=60 range=(-12.50,-11.50) mean=-12.00 p50=-12.00 p05=-12.00 p95=-12.00
  [diag] sat-dist hist bins=60 sat<0.05=0.0% mean=0.995 p10=0.994 p90=0.995
  [diag] z-gate sat-dist hist bins=60 mean=0.119 p10=0.119 p90=0.119
  [diag] r-gate sat-dist hist bins=60 mean=0.499 p10=0.499 p90=0.499
Iter 0019020: train nll 0.049, valid error 037.960%, best valid error 024.250%, avg grad norm   0.085, avg grad norm (post clip)   0.000, rho_Whh  0.08, Omega  0.00, alpha  0.000, steps in the past 0.000, valid nll 0.048, valid mae 0.178, err@0.05 085.88%, err@0.10 071.43%, err@0.20 037.96%, maxae 0.742
  [diag] log10|dL/dh_t| hist bins=60 range=(-12.50,-11.50) mean=-12.00 p50=-12.00 p05=-12.00 p95=-12.00
  [diag] sat-dist hist bins=60 sat<0.05=0.0% mean=0.995 p10=0.994 p90=0.995
  [diag] z-gate sat-dist hist bins=60 mean=0.119 p10=0.119 p90=0.119
  [diag] r-gate sat-dist hist bins=60 mean=0.499 p10=0.499 p90=0.499
Iter 0019040: train nll 0.046, valid error 037.280%, best valid error 024.250%, avg grad norm   0.081, avg grad norm (post clip)   0.000, rho_Whh  0.08, Omega  0.00, alpha  0.000, steps in the past 0.000, valid nll 0.048, valid mae 0.178, err@0.05 085.82%, err@0.10 071.07%, err@0.20 037.28%, maxae 0.745
  [diag] log10|dL/dh_t| hist bins=60 range=(-12.50,-11.50) mean=-12.00 p50=-12.00 p05=-12.00 p95=-12.00
  [diag] sat-dist hist bins=60 sat<0.05=0.0% mean=0.995 p10=0.994 p90=0.995
  [diag] z-gate sat-dist hist bins=60 mean=0.119 p10=0.119 p90=0.119
  [diag] r-gate sat-dist hist bins=60 mean=0.499 p10=0.499 p90=0.499
Iter 0019060: train nll 0.045, valid error 036.750%, best valid error 024.250%, avg grad norm   0.068, avg grad norm (post clip)   0.000, rho_Whh  0.08, Omega  0.00, alpha  0.000, steps in the past 0.000, valid nll 0.048, valid mae 0.177, err@0.05 085.70%, err@0.10 070.91%, err@0.20 036.75%, maxae 0.747
  [diag] log10|dL/dh_t| hist bins=60 range=(-12.50,-11.50) mean=-12.00 p50=-12.00 p05=-12.00 p95=-12.00
  [diag] sat-dist hist bins=60 sat<0.05=0.0% mean=0.995 p10=0.994 p90=0.995
  [diag] z-gate sat-dist hist bins=60 mean=0.119 p10=0.119 p90=0.119
  [diag] r-gate sat-dist hist bins=60 mean=0.499 p10=0.499 p90=0.499
Iter 0019080: train nll 0.045, valid error 036.370%, best valid error 024.250%, avg grad norm   0.077, avg grad norm (post clip)   0.000, rho_Whh  0.08, Omega  0.00, alpha  0.000, steps in the past 0.000, valid nll 0.048, valid mae 0.177, err@0.05 085.74%, err@0.10 070.76%, err@0.20 036.37%, maxae 0.748
  [diag] log10|dL/dh_t| hist bins=60 range=(-12.50,-11.50) mean=-12.00 p50=-12.00 p05=-12.00 p95=-12.00
  [diag] sat-dist hist bins=60 sat<0.05=0.0% mean=0.995 p10=0.994 p90=0.995
  [diag] z-gate sat-dist hist bins=60 mean=0.119 p10=0.119 p90=0.119
  [diag] r-gate sat-dist hist bins=60 mean=0.499 p10=0.499 p90=0.499
Iter 0019100: train nll 0.047, valid error 036.670%, best valid error 024.250%, avg grad norm   0.085, avg grad norm (post clip)   0.000, rho_Whh  0.08, Omega  0.00, alpha  0.000, steps in the past 0.000, valid nll 0.048, valid mae 0.177, err@0.05 085.70%, err@0.10 070.87%, err@0.20 036.67%, maxae 0.747
  [diag] log10|dL/dh_t| hist bins=60 range=(-12.50,-11.50) mean=-12.00 p50=-12.00 p05=-12.00 p95=-12.00
  [diag] sat-dist hist bins=60 sat<0.05=0.0% mean=0.995 p10=0.994 p90=0.995
  [diag] z-gate sat-dist hist bins=60 mean=0.119 p10=0.119 p90=0.119
  [diag] r-gate sat-dist hist bins=60 mean=0.499 p10=0.499 p90=0.499
Iter 0019120: train nll 0.048, valid error 036.970%, best valid error 024.250%, avg grad norm   0.093, avg grad norm (post clip)   0.000, rho_Whh  0.08, Omega  0.00, alpha  0.000, steps in the past 0.000, valid nll 0.048, valid mae 0.177, err@0.05 085.79%, err@0.10 071.01%, err@0.20 036.97%, maxae 0.746
  [diag] log10|dL/dh_t| hist bins=60 range=(-12.50,-11.50) mean=-12.00 p50=-12.00 p05=-12.00 p95=-12.00
  [diag] sat-dist hist bins=60 sat<0.05=0.0% mean=0.995 p10=0.994 p90=0.995
  [diag] z-gate sat-dist hist bins=60 mean=0.119 p10=0.119 p90=0.119
  [diag] r-gate sat-dist hist bins=60 mean=0.499 p10=0.499 p90=0.499
Iter 0019140: train nll 0.051, valid error 038.070%, best valid error 024.250%, avg grad norm   0.106, avg grad norm (post clip)   0.000, rho_Whh  0.08, Omega  0.00, alpha  0.000, steps in the past 0.000, valid nll 0.048, valid mae 0.178, err@0.05 085.90%, err@0.10 071.50%, err@0.20 038.07%, maxae 0.741
  [diag] log10|dL/dh_t| hist bins=60 range=(-12.50,-11.50) mean=-12.00 p50=-12.00 p05=-12.00 p95=-12.00
  [diag] sat-dist hist bins=60 sat<0.05=0.0% mean=0.995 p10=0.994 p90=0.995
  [diag] z-gate sat-dist hist bins=60 mean=0.119 p10=0.119 p90=0.119
  [diag] r-gate sat-dist hist bins=60 mean=0.499 p10=0.499 p90=0.499
Iter 0019160: train nll 0.051, valid error 038.830%, best valid error 024.250%, avg grad norm   0.073, avg grad norm (post clip)   0.000, rho_Whh  0.08, Omega  0.00, alpha  0.000, steps in the past 0.000, valid nll 0.048, valid mae 0.179, err@0.05 086.09%, err@0.10 071.66%, err@0.20 038.83%, maxae 0.738
  [diag] log10|dL/dh_t| hist bins=60 range=(-12.50,-11.50) mean=-12.00 p50=-12.00 p05=-12.00 p95=-12.00
  [diag] sat-dist hist bins=60 sat<0.05=0.0% mean=0.995 p10=0.994 p90=0.995
  [diag] z-gate sat-dist hist bins=60 mean=0.119 p10=0.119 p90=0.119
  [diag] r-gate sat-dist hist bins=60 mean=0.499 p10=0.499 p90=0.499
Iter 0019180: train nll 0.051, valid error 038.790%, best valid error 024.250%, avg grad norm   0.057, avg grad norm (post clip)   0.000, rho_Whh  0.08, Omega  0.00, alpha  0.000, steps in the past 0.000, valid nll 0.048, valid mae 0.179, err@0.05 086.07%, err@0.10 071.60%, err@0.20 038.79%, maxae 0.738
  [diag] log10|dL/dh_t| hist bins=60 range=(-12.50,-11.50) mean=-12.00 p50=-12.00 p05=-12.00 p95=-12.00
  [diag] sat-dist hist bins=60 sat<0.05=0.0% mean=0.995 p10=0.994 p90=0.995
  [diag] z-gate sat-dist hist bins=60 mean=0.119 p10=0.119 p90=0.119
  [diag] r-gate sat-dist hist bins=60 mean=0.499 p10=0.499 p90=0.499
Iter 0019200: train nll 0.042, valid error 036.570%, best valid error 024.250%, avg grad norm   0.074, avg grad norm (post clip)   0.000, rho_Whh  0.08, Omega  0.00, alpha  0.000, steps in the past 0.000, valid nll 0.048, valid mae 0.177, err@0.05 085.68%, err@0.10 070.74%, err@0.20 036.57%, maxae 0.748
  [diag] log10|dL/dh_t| hist bins=60 range=(-12.50,-11.50) mean=-12.00 p50=-12.00 p05=-12.00 p95=-12.00
  [diag] sat-dist hist bins=60 sat<0.05=0.0% mean=0.995 p10=0.994 p90=0.995
  [diag] z-gate sat-dist hist bins=60 mean=0.119 p10=0.119 p90=0.119
  [diag] r-gate sat-dist hist bins=60 mean=0.499 p10=0.499 p90=0.499
Iter 0019220: train nll 0.047, valid error 037.280%, best valid error 024.250%, avg grad norm   0.048, avg grad norm (post clip)   0.000, rho_Whh  0.08, Omega  0.00, alpha  0.000, steps in the past 0.000, valid nll 0.048, valid mae 0.178, err@0.05 085.82%, err@0.10 071.07%, err@0.20 037.28%, maxae 0.745
  [diag] log10|dL/dh_t| hist bins=60 range=(-12.50,-11.50) mean=-12.00 p50=-12.00 p05=-12.00 p95=-12.00
  [diag] sat-dist hist bins=60 sat<0.05=0.0% mean=0.995 p10=0.994 p90=0.995
  [diag] z-gate sat-dist hist bins=60 mean=0.119 p10=0.119 p90=0.119
  [diag] r-gate sat-dist hist bins=60 mean=0.499 p10=0.499 p90=0.499
Iter 0019240: train nll 0.045, valid error 036.200%, best valid error 024.250%, avg grad norm   0.078, avg grad norm (post clip)   0.000, rho_Whh  0.08, Omega  0.00, alpha  0.000, steps in the past 0.000, valid nll 0.048, valid mae 0.177, err@0.05 085.63%, err@0.10 070.71%, err@0.20 036.20%, maxae 0.749
  [diag] log10|dL/dh_t| hist bins=60 range=(-12.50,-11.50) mean=-12.00 p50=-12.00 p05=-12.00 p95=-12.00
  [diag] sat-dist hist bins=60 sat<0.05=0.0% mean=0.995 p10=0.994 p90=0.995
  [diag] z-gate sat-dist hist bins=60 mean=0.119 p10=0.119 p90=0.119
  [diag] r-gate sat-dist hist bins=60 mean=0.499 p10=0.499 p90=0.499
Iter 0019260: train nll 0.046, valid error 036.450%, best valid error 024.250%, avg grad norm   0.077, avg grad norm (post clip)   0.000, rho_Whh  0.08, Omega  0.00, alpha  0.000, steps in the past 0.000, valid nll 0.048, valid mae 0.177, err@0.05 085.71%, err@0.10 070.77%, err@0.20 036.45%, maxae 0.748
  [diag] log10|dL/dh_t| hist bins=60 range=(-12.50,-11.50) mean=-12.00 p50=-12.00 p05=-12.00 p95=-12.00
  [diag] sat-dist hist bins=60 sat<0.05=0.0% mean=0.995 p10=0.994 p90=0.995
  [diag] z-gate sat-dist hist bins=60 mean=0.119 p10=0.119 p90=0.119
  [diag] r-gate sat-dist hist bins=60 mean=0.499 p10=0.499 p90=0.499
Iter 0019280: train nll 0.044, valid error 035.500%, best valid error 024.250%, avg grad norm   0.063, avg grad norm (post clip)   0.000, rho_Whh  0.08, Omega  0.00, alpha  0.000, steps in the past 0.000, valid nll 0.048, valid mae 0.176, err@0.05 085.44%, err@0.10 070.47%, err@0.20 035.50%, maxae 0.753
  [diag] log10|dL/dh_t| hist bins=60 range=(-12.50,-11.50) mean=-12.00 p50=-12.00 p05=-12.00 p95=-12.00
  [diag] sat-dist hist bins=60 sat<0.05=0.0% mean=0.995 p10=0.994 p90=0.995
  [diag] z-gate sat-dist hist bins=60 mean=0.119 p10=0.119 p90=0.119
  [diag] r-gate sat-dist hist bins=60 mean=0.499 p10=0.499 p90=0.499
Iter 0019300: train nll 0.048, valid error 037.030%, best valid error 024.250%, avg grad norm   0.058, avg grad norm (post clip)   0.000, rho_Whh  0.08, Omega  0.00, alpha  0.000, steps in the past 0.000, valid nll 0.048, valid mae 0.178, err@0.05 085.80%, err@0.10 070.99%, err@0.20 037.03%, maxae 0.746
  [diag] log10|dL/dh_t| hist bins=60 range=(-12.50,-11.50) mean=-12.00 p50=-12.00 p05=-12.00 p95=-12.00
  [diag] sat-dist hist bins=60 sat<0.05=0.0% mean=0.995 p10=0.994 p90=0.995
  [diag] z-gate sat-dist hist bins=60 mean=0.119 p10=0.119 p90=0.119
  [diag] r-gate sat-dist hist bins=60 mean=0.499 p10=0.499 p90=0.499
Iter 0019320: train nll 0.051, valid error 038.030%, best valid error 024.250%, avg grad norm   0.086, avg grad norm (post clip)   0.000, rho_Whh  0.08, Omega  0.00, alpha  0.000, steps in the past 0.000, valid nll 0.048, valid mae 0.178, err@0.05 085.89%, err@0.10 071.49%, err@0.20 038.03%, maxae 0.741
  [diag] log10|dL/dh_t| hist bins=60 range=(-12.50,-11.50) mean=-12.00 p50=-12.00 p05=-12.00 p95=-12.00
  [diag] sat-dist hist bins=60 sat<0.05=0.0% mean=0.995 p10=0.994 p90=0.995
  [diag] z-gate sat-dist hist bins=60 mean=0.119 p10=0.119 p90=0.119
  [diag] r-gate sat-dist hist bins=60 mean=0.499 p10=0.499 p90=0.499
Iter 0019340: train nll 0.048, valid error 038.400%, best valid error 024.250%, avg grad norm   0.086, avg grad norm (post clip)   0.000, rho_Whh  0.08, Omega  0.00, alpha  0.000, steps in the past 0.000, valid nll 0.048, valid mae 0.179, err@0.05 085.89%, err@0.10 071.56%, err@0.20 038.40%, maxae 0.740
  [diag] log10|dL/dh_t| hist bins=60 range=(-12.50,-11.50) mean=-12.00 p50=-12.00 p05=-12.00 p95=-12.00
  [diag] sat-dist hist bins=60 sat<0.05=0.0% mean=0.995 p10=0.994 p90=0.995
  [diag] z-gate sat-dist hist bins=60 mean=0.119 p10=0.119 p90=0.119
  [diag] r-gate sat-dist hist bins=60 mean=0.499 p10=0.499 p90=0.499
Iter 0019360: train nll 0.048, valid error 038.410%, best valid error 024.250%, avg grad norm   0.091, avg grad norm (post clip)   0.000, rho_Whh  0.08, Omega  0.00, alpha  0.000, steps in the past 0.000, valid nll 0.048, valid mae 0.179, err@0.05 085.90%, err@0.10 071.56%, err@0.20 038.41%, maxae 0.740
  [diag] log10|dL/dh_t| hist bins=60 range=(-12.50,-11.50) mean=-12.00 p50=-12.00 p05=-12.00 p95=-12.00
  [diag] sat-dist hist bins=60 sat<0.05=0.0% mean=0.995 p10=0.994 p90=0.995
  [diag] z-gate sat-dist hist bins=60 mean=0.119 p10=0.119 p90=0.119
  [diag] r-gate sat-dist hist bins=60 mean=0.499 p10=0.499 p90=0.499
Iter 0019380: train nll 0.053, valid error 038.060%, best valid error 024.250%, avg grad norm   0.096, avg grad norm (post clip)   0.000, rho_Whh  0.08, Omega  0.00, alpha  0.000, steps in the past 0.000, valid nll 0.048, valid mae 0.178, err@0.05 085.90%, err@0.10 071.50%, err@0.20 038.06%, maxae 0.741
  [diag] log10|dL/dh_t| hist bins=60 range=(-12.50,-11.50) mean=-12.00 p50=-12.00 p05=-12.00 p95=-12.00
  [diag] sat-dist hist bins=60 sat<0.05=0.0% mean=0.995 p10=0.994 p90=0.995
  [diag] z-gate sat-dist hist bins=60 mean=0.119 p10=0.119 p90=0.119
  [diag] r-gate sat-dist hist bins=60 mean=0.499 p10=0.499 p90=0.499
Iter 0019400: train nll 0.052, valid error 038.390%, best valid error 024.250%, avg grad norm   0.061, avg grad norm (post clip)   0.000, rho_Whh  0.08, Omega  0.00, alpha  0.000, steps in the past 0.000, valid nll 0.048, valid mae 0.179, err@0.05 085.88%, err@0.10 071.53%, err@0.20 038.39%, maxae 0.740
  [diag] log10|dL/dh_t| hist bins=60 range=(-12.50,-11.50) mean=-12.00 p50=-12.00 p05=-12.00 p95=-12.00
  [diag] sat-dist hist bins=60 sat<0.05=0.0% mean=0.995 p10=0.994 p90=0.995
  [diag] z-gate sat-dist hist bins=60 mean=0.119 p10=0.119 p90=0.119
  [diag] r-gate sat-dist hist bins=60 mean=0.499 p10=0.499 p90=0.499
Iter 0019420: train nll 0.048, valid error 038.600%, best valid error 024.250%, avg grad norm   0.077, avg grad norm (post clip)   0.000, rho_Whh  0.08, Omega  0.00, alpha  0.000, steps in the past 0.000, valid nll 0.048, valid mae 0.179, err@0.05 085.96%, err@0.10 071.61%, err@0.20 038.60%, maxae 0.739
  [diag] log10|dL/dh_t| hist bins=60 range=(-12.50,-11.50) mean=-12.00 p50=-12.00 p05=-12.00 p95=-12.00
  [diag] sat-dist hist bins=60 sat<0.05=0.0% mean=0.995 p10=0.994 p90=0.995
  [diag] z-gate sat-dist hist bins=60 mean=0.119 p10=0.119 p90=0.119
  [diag] r-gate sat-dist hist bins=60 mean=0.499 p10=0.499 p90=0.499
Iter 0019440: train nll 0.050, valid error 038.360%, best valid error 024.250%, avg grad norm   0.076, avg grad norm (post clip)   0.000, rho_Whh  0.08, Omega  0.00, alpha  0.000, steps in the past 0.000, valid nll 0.048, valid mae 0.179, err@0.05 085.88%, err@0.10 071.53%, err@0.20 038.36%, maxae 0.740
  [diag] log10|dL/dh_t| hist bins=60 range=(-12.50,-11.50) mean=-12.00 p50=-12.00 p05=-12.00 p95=-12.00
  [diag] sat-dist hist bins=60 sat<0.05=0.0% mean=0.995 p10=0.994 p90=0.995
  [diag] z-gate sat-dist hist bins=60 mean=0.119 p10=0.119 p90=0.119
  [diag] r-gate sat-dist hist bins=60 mean=0.499 p10=0.499 p90=0.499
Iter 0019460: train nll 0.047, valid error 038.830%, best valid error 024.250%, avg grad norm   0.082, avg grad norm (post clip)   0.000, rho_Whh  0.08, Omega  0.00, alpha  0.000, steps in the past 0.000, valid nll 0.048, valid mae 0.179, err@0.05 086.09%, err@0.10 071.63%, err@0.20 038.83%, maxae 0.738
  [diag] log10|dL/dh_t| hist bins=60 range=(-12.50,-11.50) mean=-12.00 p50=-12.00 p05=-12.00 p95=-12.00
  [diag] sat-dist hist bins=60 sat<0.05=0.0% mean=0.995 p10=0.994 p90=0.995
  [diag] z-gate sat-dist hist bins=60 mean=0.119 p10=0.119 p90=0.119
  [diag] r-gate sat-dist hist bins=60 mean=0.499 p10=0.499 p90=0.499
Iter 0019480: train nll 0.052, valid error 038.460%, best valid error 024.250%, avg grad norm   0.082, avg grad norm (post clip)   0.000, rho_Whh  0.08, Omega  0.00, alpha  0.000, steps in the past 0.000, valid nll 0.048, valid mae 0.179, err@0.05 086.00%, err@0.10 071.61%, err@0.20 038.46%, maxae 0.739
  [diag] log10|dL/dh_t| hist bins=60 range=(-12.50,-11.50) mean=-12.00 p50=-12.00 p05=-12.00 p95=-12.00
  [diag] sat-dist hist bins=60 sat<0.05=0.0% mean=0.995 p10=0.994 p90=0.995
  [diag] z-gate sat-dist hist bins=60 mean=0.119 p10=0.119 p90=0.119
  [diag] r-gate sat-dist hist bins=60 mean=0.499 p10=0.499 p90=0.499
Iter 0019500: train nll 0.039, valid error 037.180%, best valid error 024.250%, avg grad norm   0.071, avg grad norm (post clip)   0.000, rho_Whh  0.08, Omega  0.00, alpha  0.000, steps in the past 0.000, valid nll 0.048, valid mae 0.178, err@0.05 085.81%, err@0.10 071.02%, err@0.20 037.18%, maxae 0.745
  [diag] log10|dL/dh_t| hist bins=60 range=(-12.50,-11.50) mean=-12.00 p50=-12.00 p05=-12.00 p95=-12.00
  [diag] sat-dist hist bins=60 sat<0.05=0.0% mean=0.995 p10=0.994 p90=0.995
  [diag] z-gate sat-dist hist bins=60 mean=0.119 p10=0.119 p90=0.119
  [diag] r-gate sat-dist hist bins=60 mean=0.499 p10=0.499 p90=0.499
Iter 0019520: train nll 0.053, valid error 038.250%, best valid error 024.250%, avg grad norm   0.086, avg grad norm (post clip)   0.000, rho_Whh  0.08, Omega  0.00, alpha  0.000, steps in the past 0.000, valid nll 0.048, valid mae 0.179, err@0.05 085.92%, err@0.10 071.55%, err@0.20 038.25%, maxae 0.741
  [diag] log10|dL/dh_t| hist bins=60 range=(-12.50,-11.50) mean=-12.00 p50=-12.00 p05=-12.00 p95=-12.00
  [diag] sat-dist hist bins=60 sat<0.05=0.0% mean=0.995 p10=0.994 p90=0.995
  [diag] z-gate sat-dist hist bins=60 mean=0.119 p10=0.119 p90=0.119
  [diag] r-gate sat-dist hist bins=60 mean=0.499 p10=0.499 p90=0.499
Iter 0019540: train nll 0.052, valid error 038.930%, best valid error 024.250%, avg grad norm   0.070, avg grad norm (post clip)   0.000, rho_Whh  0.08, Omega  0.00, alpha  0.000, steps in the past 0.000, valid nll 0.048, valid mae 0.179, err@0.05 086.12%, err@0.10 071.64%, err@0.20 038.93%, maxae 0.737
  [diag] log10|dL/dh_t| hist bins=60 range=(-12.50,-11.50) mean=-12.00 p50=-12.00 p05=-12.00 p95=-12.00
  [diag] sat-dist hist bins=60 sat<0.05=0.0% mean=0.995 p10=0.994 p90=0.995
  [diag] z-gate sat-dist hist bins=60 mean=0.119 p10=0.119 p90=0.119
  [diag] r-gate sat-dist hist bins=60 mean=0.499 p10=0.499 p90=0.499
Iter 0019560: train nll 0.046, valid error 038.390%, best valid error 024.250%, avg grad norm   0.100, avg grad norm (post clip)   0.000, rho_Whh  0.08, Omega  0.00, alpha  0.000, steps in the past 0.000, valid nll 0.048, valid mae 0.179, err@0.05 085.89%, err@0.10 071.52%, err@0.20 038.39%, maxae 0.740
  [diag] log10|dL/dh_t| hist bins=60 range=(-12.50,-11.50) mean=-12.00 p50=-12.00 p05=-12.00 p95=-12.00
  [diag] sat-dist hist bins=60 sat<0.05=0.0% mean=0.995 p10=0.994 p90=0.995
  [diag] z-gate sat-dist hist bins=60 mean=0.119 p10=0.119 p90=0.119
  [diag] r-gate sat-dist hist bins=60 mean=0.499 p10=0.499 p90=0.499
Iter 0019580: train nll 0.044, valid error 037.710%, best valid error 024.250%, avg grad norm   0.076, avg grad norm (post clip)   0.000, rho_Whh  0.08, Omega  0.00, alpha  0.000, steps in the past 0.000, valid nll 0.048, valid mae 0.178, err@0.05 085.91%, err@0.10 071.22%, err@0.20 037.71%, maxae 0.743
  [diag] log10|dL/dh_t| hist bins=60 range=(-12.50,-11.50) mean=-12.00 p50=-12.00 p05=-12.00 p95=-12.00
  [diag] sat-dist hist bins=60 sat<0.05=0.0% mean=0.995 p10=0.994 p90=0.995
  [diag] z-gate sat-dist hist bins=60 mean=0.119 p10=0.119 p90=0.119
  [diag] r-gate sat-dist hist bins=60 mean=0.499 p10=0.499 p90=0.499
Iter 0019600: train nll 0.043, valid error 036.910%, best valid error 024.250%, avg grad norm   0.070, avg grad norm (post clip)   0.000, rho_Whh  0.08, Omega  0.00, alpha  0.000, steps in the past 0.000, valid nll 0.048, valid mae 0.177, err@0.05 085.79%, err@0.10 070.99%, err@0.20 036.91%, maxae 0.746
  [diag] log10|dL/dh_t| hist bins=60 range=(-12.50,-11.50) mean=-12.00 p50=-12.00 p05=-12.00 p95=-12.00
  [diag] sat-dist hist bins=60 sat<0.05=0.0% mean=0.995 p10=0.994 p90=0.995
  [diag] z-gate sat-dist hist bins=60 mean=0.119 p10=0.119 p90=0.119
  [diag] r-gate sat-dist hist bins=60 mean=0.499 p10=0.499 p90=0.499
Iter 0019620: train nll 0.050, valid error 037.180%, best valid error 024.250%, avg grad norm   0.064, avg grad norm (post clip)   0.000, rho_Whh  0.08, Omega  0.00, alpha  0.000, steps in the past 0.000, valid nll 0.048, valid mae 0.178, err@0.05 085.83%, err@0.10 071.02%, err@0.20 037.18%, maxae 0.745
  [diag] log10|dL/dh_t| hist bins=60 range=(-12.50,-11.50) mean=-12.00 p50=-12.00 p05=-12.00 p95=-12.00
  [diag] sat-dist hist bins=60 sat<0.05=0.0% mean=0.995 p10=0.994 p90=0.995
  [diag] z-gate sat-dist hist bins=60 mean=0.119 p10=0.119 p90=0.119
  [diag] r-gate sat-dist hist bins=60 mean=0.499 p10=0.499 p90=0.499
Iter 0019640: train nll 0.057, valid error 037.640%, best valid error 024.250%, avg grad norm   0.077, avg grad norm (post clip)   0.000, rho_Whh  0.08, Omega  0.00, alpha  0.000, steps in the past 0.000, valid nll 0.048, valid mae 0.178, err@0.05 085.93%, err@0.10 071.17%, err@0.20 037.64%, maxae 0.743
  [diag] log10|dL/dh_t| hist bins=60 range=(-12.50,-11.50) mean=-12.00 p50=-12.00 p05=-12.00 p95=-12.00
  [diag] sat-dist hist bins=60 sat<0.05=0.0% mean=0.995 p10=0.994 p90=0.995
  [diag] z-gate sat-dist hist bins=60 mean=0.119 p10=0.119 p90=0.119
  [diag] r-gate sat-dist hist bins=60 mean=0.499 p10=0.499 p90=0.499
Iter 0019660: train nll 0.051, valid error 038.100%, best valid error 024.250%, avg grad norm   0.070, avg grad norm (post clip)   0.000, rho_Whh  0.08, Omega  0.00, alpha  0.000, steps in the past 0.000, valid nll 0.048, valid mae 0.178, err@0.05 085.92%, err@0.10 071.52%, err@0.20 038.10%, maxae 0.741
  [diag] log10|dL/dh_t| hist bins=60 range=(-12.50,-11.50) mean=-12.00 p50=-12.00 p05=-12.00 p95=-12.00
  [diag] sat-dist hist bins=60 sat<0.05=0.0% mean=0.995 p10=0.994 p90=0.995
  [diag] z-gate sat-dist hist bins=60 mean=0.119 p10=0.119 p90=0.119
  [diag] r-gate sat-dist hist bins=60 mean=0.499 p10=0.499 p90=0.499
Iter 0019680: train nll 0.053, valid error 038.450%, best valid error 024.250%, avg grad norm   0.084, avg grad norm (post clip)   0.000, rho_Whh  0.08, Omega  0.00, alpha  0.000, steps in the past 0.000, valid nll 0.048, valid mae 0.179, err@0.05 085.93%, err@0.10 071.56%, err@0.20 038.45%, maxae 0.739
  [diag] log10|dL/dh_t| hist bins=60 range=(-12.50,-11.50) mean=-12.00 p50=-12.00 p05=-12.00 p95=-12.00
  [diag] sat-dist hist bins=60 sat<0.05=0.0% mean=0.995 p10=0.994 p90=0.995
  [diag] z-gate sat-dist hist bins=60 mean=0.119 p10=0.119 p90=0.119
  [diag] r-gate sat-dist hist bins=60 mean=0.499 p10=0.499 p90=0.499
Iter 0019700: train nll 0.047, valid error 038.760%, best valid error 024.250%, avg grad norm   0.064, avg grad norm (post clip)   0.000, rho_Whh  0.08, Omega  0.00, alpha  0.000, steps in the past 0.000, valid nll 0.048, valid mae 0.179, err@0.05 086.05%, err@0.10 071.57%, err@0.20 038.76%, maxae 0.738
  [diag] log10|dL/dh_t| hist bins=60 range=(-12.50,-11.50) mean=-12.00 p50=-12.00 p05=-12.00 p95=-12.00
  [diag] sat-dist hist bins=60 sat<0.05=0.0% mean=0.995 p10=0.994 p90=0.995
  [diag] z-gate sat-dist hist bins=60 mean=0.119 p10=0.119 p90=0.119
  [diag] r-gate sat-dist hist bins=60 mean=0.499 p10=0.499 p90=0.499
Iter 0019720: train nll 0.050, valid error 039.320%, best valid error 024.250%, avg grad norm   0.109, avg grad norm (post clip)   0.000, rho_Whh  0.08, Omega  0.00, alpha  0.000, steps in the past 0.000, valid nll 0.048, valid mae 0.180, err@0.05 086.25%, err@0.10 071.77%, err@0.20 039.32%, maxae 0.735
  [diag] log10|dL/dh_t| hist bins=60 range=(-12.50,-11.50) mean=-12.00 p50=-12.00 p05=-12.00 p95=-12.00
  [diag] sat-dist hist bins=60 sat<0.05=0.0% mean=0.995 p10=0.994 p90=0.995
  [diag] z-gate sat-dist hist bins=60 mean=0.119 p10=0.119 p90=0.119
  [diag] r-gate sat-dist hist bins=60 mean=0.499 p10=0.499 p90=0.499
Iter 0019740: train nll 0.053, valid error 039.450%, best valid error 024.250%, avg grad norm   0.078, avg grad norm (post clip)   0.000, rho_Whh  0.08, Omega  0.00, alpha  0.000, steps in the past 0.000, valid nll 0.048, valid mae 0.180, err@0.05 086.29%, err@0.10 071.90%, err@0.20 039.45%, maxae 0.735
  [diag] log10|dL/dh_t| hist bins=60 range=(-12.50,-11.50) mean=-12.00 p50=-12.00 p05=-12.00 p95=-12.00
  [diag] sat-dist hist bins=60 sat<0.05=0.0% mean=0.995 p10=0.994 p90=0.995
  [diag] z-gate sat-dist hist bins=60 mean=0.119 p10=0.119 p90=0.119
  [diag] r-gate sat-dist hist bins=60 mean=0.499 p10=0.499 p90=0.499
Iter 0019760: train nll 0.047, valid error 039.320%, best valid error 024.250%, avg grad norm   0.100, avg grad norm (post clip)   0.000, rho_Whh  0.08, Omega  0.00, alpha  0.000, steps in the past 0.000, valid nll 0.048, valid mae 0.180, err@0.05 086.25%, err@0.10 071.77%, err@0.20 039.32%, maxae 0.735
  [diag] log10|dL/dh_t| hist bins=60 range=(-12.50,-11.50) mean=-12.00 p50=-12.00 p05=-12.00 p95=-12.00
  [diag] sat-dist hist bins=60 sat<0.05=0.0% mean=0.995 p10=0.994 p90=0.995
  [diag] z-gate sat-dist hist bins=60 mean=0.119 p10=0.119 p90=0.119
  [diag] r-gate sat-dist hist bins=60 mean=0.499 p10=0.499 p90=0.499
Iter 0019780: train nll 0.047, valid error 039.520%, best valid error 024.250%, avg grad norm   0.059, avg grad norm (post clip)   0.000, rho_Whh  0.08, Omega  0.00, alpha  0.000, steps in the past 0.000, valid nll 0.048, valid mae 0.180, err@0.05 086.33%, err@0.10 071.93%, err@0.20 039.52%, maxae 0.734
  [diag] log10|dL/dh_t| hist bins=60 range=(-12.50,-11.50) mean=-12.00 p50=-12.00 p05=-12.00 p95=-12.00
  [diag] sat-dist hist bins=60 sat<0.05=0.0% mean=0.994 p10=0.994 p90=0.995
  [diag] z-gate sat-dist hist bins=60 mean=0.119 p10=0.119 p90=0.119
  [diag] r-gate sat-dist hist bins=60 mean=0.499 p10=0.499 p90=0.499
Iter 0019800: train nll 0.054, valid error 040.810%, best valid error 024.250%, avg grad norm   0.090, avg grad norm (post clip)   0.000, rho_Whh  0.08, Omega  0.00, alpha  0.000, steps in the past 0.000, valid nll 0.048, valid mae 0.181, err@0.05 086.63%, err@0.10 072.32%, err@0.20 040.81%, maxae 0.728
  [diag] log10|dL/dh_t| hist bins=60 range=(-12.50,-11.50) mean=-12.00 p50=-12.00 p05=-12.00 p95=-12.00
  [diag] sat-dist hist bins=60 sat<0.05=0.0% mean=0.994 p10=0.994 p90=0.995
  [diag] z-gate sat-dist hist bins=60 mean=0.119 p10=0.119 p90=0.119
  [diag] r-gate sat-dist hist bins=60 mean=0.499 p10=0.499 p90=0.499
Iter 0019820: train nll 0.048, valid error 040.270%, best valid error 024.250%, avg grad norm   0.073, avg grad norm (post clip)   0.000, rho_Whh  0.08, Omega  0.00, alpha  0.000, steps in the past 0.000, valid nll 0.048, valid mae 0.180, err@0.05 086.31%, err@0.10 072.10%, err@0.20 040.27%, maxae 0.731
  [diag] log10|dL/dh_t| hist bins=60 range=(-12.50,-11.50) mean=-12.00 p50=-12.00 p05=-12.00 p95=-12.00
  [diag] sat-dist hist bins=60 sat<0.05=0.0% mean=0.995 p10=0.994 p90=0.995
  [diag] z-gate sat-dist hist bins=60 mean=0.119 p10=0.119 p90=0.119
  [diag] r-gate sat-dist hist bins=60 mean=0.499 p10=0.499 p90=0.499
Iter 0019840: train nll 0.045, valid error 039.350%, best valid error 024.250%, avg grad norm   0.047, avg grad norm (post clip)   0.000, rho_Whh  0.08, Omega  0.00, alpha  0.000, steps in the past 0.000, valid nll 0.048, valid mae 0.180, err@0.05 086.29%, err@0.10 071.81%, err@0.20 039.35%, maxae 0.735
  [diag] log10|dL/dh_t| hist bins=60 range=(-12.50,-11.50) mean=-12.00 p50=-12.00 p05=-12.00 p95=-12.00
  [diag] sat-dist hist bins=60 sat<0.05=0.0% mean=0.995 p10=0.994 p90=0.995
  [diag] z-gate sat-dist hist bins=60 mean=0.119 p10=0.119 p90=0.119
  [diag] r-gate sat-dist hist bins=60 mean=0.499 p10=0.499 p90=0.499
Iter 0019860: train nll 0.050, valid error 039.160%, best valid error 024.250%, avg grad norm   0.099, avg grad norm (post clip)   0.000, rho_Whh  0.08, Omega  0.00, alpha  0.000, steps in the past 0.000, valid nll 0.048, valid mae 0.179, err@0.05 086.23%, err@0.10 071.69%, err@0.20 039.16%, maxae 0.736
  [diag] log10|dL/dh_t| hist bins=60 range=(-12.50,-11.50) mean=-12.00 p50=-12.00 p05=-12.00 p95=-12.00
  [diag] sat-dist hist bins=60 sat<0.05=0.0% mean=0.995 p10=0.994 p90=0.995
  [diag] z-gate sat-dist hist bins=60 mean=0.119 p10=0.119 p90=0.119
  [diag] r-gate sat-dist hist bins=60 mean=0.499 p10=0.499 p90=0.499
Iter 0019880: train nll 0.046, valid error 037.900%, best valid error 024.250%, avg grad norm   0.084, avg grad norm (post clip)   0.000, rho_Whh  0.08, Omega  0.00, alpha  0.000, steps in the past 0.000, valid nll 0.048, valid mae 0.178, err@0.05 085.91%, err@0.10 071.38%, err@0.20 037.90%, maxae 0.742
  [diag] log10|dL/dh_t| hist bins=60 range=(-12.50,-11.50) mean=-12.00 p50=-12.00 p05=-12.00 p95=-12.00
  [diag] sat-dist hist bins=60 sat<0.05=0.0% mean=0.995 p10=0.994 p90=0.995
  [diag] z-gate sat-dist hist bins=60 mean=0.119 p10=0.119 p90=0.119
  [diag] r-gate sat-dist hist bins=60 mean=0.499 p10=0.499 p90=0.499
Iter 0019900: train nll 0.050, valid error 037.860%, best valid error 024.250%, avg grad norm   0.069, avg grad norm (post clip)   0.000, rho_Whh  0.08, Omega  0.00, alpha  0.000, steps in the past 0.000, valid nll 0.048, valid mae 0.178, err@0.05 085.91%, err@0.10 071.32%, err@0.20 037.86%, maxae 0.742
  [diag] log10|dL/dh_t| hist bins=60 range=(-12.50,-11.50) mean=-12.00 p50=-12.00 p05=-12.00 p95=-12.00
  [diag] sat-dist hist bins=60 sat<0.05=0.0% mean=0.995 p10=0.994 p90=0.995
  [diag] z-gate sat-dist hist bins=60 mean=0.119 p10=0.119 p90=0.119
  [diag] r-gate sat-dist hist bins=60 mean=0.499 p10=0.499 p90=0.499
Iter 0019920: train nll 0.044, valid error 037.340%, best valid error 024.250%, avg grad norm   0.059, avg grad norm (post clip)   0.000, rho_Whh  0.08, Omega  0.00, alpha  0.000, steps in the past 0.000, valid nll 0.048, valid mae 0.178, err@0.05 085.86%, err@0.10 071.14%, err@0.20 037.34%, maxae 0.745
  [diag] log10|dL/dh_t| hist bins=60 range=(-12.50,-11.50) mean=-12.00 p50=-12.00 p05=-12.00 p95=-12.00
  [diag] sat-dist hist bins=60 sat<0.05=0.0% mean=0.995 p10=0.994 p90=0.995
  [diag] z-gate sat-dist hist bins=60 mean=0.119 p10=0.119 p90=0.119
  [diag] r-gate sat-dist hist bins=60 mean=0.499 p10=0.499 p90=0.499
Iter 0019940: train nll 0.050, valid error 037.550%, best valid error 024.250%, avg grad norm   0.063, avg grad norm (post clip)   0.000, rho_Whh  0.08, Omega  0.00, alpha  0.000, steps in the past 0.000, valid nll 0.048, valid mae 0.178, err@0.05 085.88%, err@0.10 071.19%, err@0.20 037.55%, maxae 0.744
  [diag] log10|dL/dh_t| hist bins=60 range=(-12.50,-11.50) mean=-12.00 p50=-12.00 p05=-12.00 p95=-12.00
  [diag] sat-dist hist bins=60 sat<0.05=0.0% mean=0.995 p10=0.994 p90=0.995
  [diag] z-gate sat-dist hist bins=60 mean=0.119 p10=0.119 p90=0.119
  [diag] r-gate sat-dist hist bins=60 mean=0.499 p10=0.499 p90=0.499
Iter 0019960: train nll 0.051, valid error 038.070%, best valid error 024.250%, avg grad norm   0.093, avg grad norm (post clip)   0.000, rho_Whh  0.08, Omega  0.00, alpha  0.000, steps in the past 0.000, valid nll 0.048, valid mae 0.178, err@0.05 085.90%, err@0.10 071.50%, err@0.20 038.07%, maxae 0.741
  [diag] log10|dL/dh_t| hist bins=60 range=(-12.50,-11.50) mean=-12.00 p50=-12.00 p05=-12.00 p95=-12.00
  [diag] sat-dist hist bins=60 sat<0.05=0.0% mean=0.995 p10=0.994 p90=0.995
  [diag] z-gate sat-dist hist bins=60 mean=0.119 p10=0.119 p90=0.119
  [diag] r-gate sat-dist hist bins=60 mean=0.499 p10=0.499 p90=0.499
Iter 0019980: train nll 0.047, valid error 038.700%, best valid error 024.250%, avg grad norm   0.099, avg grad norm (post clip)   0.000, rho_Whh  0.08, Omega  0.00, alpha  0.000, steps in the past 0.000, valid nll 0.048, valid mae 0.179, err@0.05 086.00%, err@0.10 071.59%, err@0.20 038.70%, maxae 0.738
  [diag] log10|dL/dh_t| hist bins=60 range=(-12.50,-11.50) mean=-12.00 p50=-12.00 p05=-12.00 p95=-12.00
  [diag] sat-dist hist bins=60 sat<0.05=0.0% mean=0.995 p10=0.994 p90=0.995
  [diag] z-gate sat-dist hist bins=60 mean=0.119 p10=0.119 p90=0.119
  [diag] r-gate sat-dist hist bins=60 mean=0.499 p10=0.499 p90=0.499
Iter 0020000: train nll 0.052, valid error 038.450%, best valid error 024.250%, avg grad norm   0.075, avg grad norm (post clip)   0.000, rho_Whh  0.08, Omega  0.00, alpha  0.000, steps in the past 0.000, valid nll 0.048, valid mae 0.179, err@0.05 085.95%, err@0.10 071.56%, err@0.20 038.45%, maxae 0.739
  [diag] log10|dL/dh_t| hist bins=60 range=(-12.50,-11.50) mean=-12.00 p50=-12.00 p05=-12.00 p95=-12.00
  [diag] sat-dist hist bins=60 sat<0.05=0.0% mean=0.995 p10=0.994 p90=0.995
  [diag] z-gate sat-dist hist bins=60 mean=0.119 p10=0.119 p90=0.119
  [diag] r-gate sat-dist hist bins=60 mean=0.499 p10=0.499 p90=0.499
Iter 0020020: train nll 0.048, valid error 038.180%, best valid error 024.250%, avg grad norm   0.076, avg grad norm (post clip)   0.000, rho_Whh  0.08, Omega  0.00, alpha  0.000, steps in the past 0.000, valid nll 0.048, valid mae 0.178, err@0.05 085.91%, err@0.10 071.51%, err@0.20 038.18%, maxae 0.741
  [diag] log10|dL/dh_t| hist bins=60 range=(-12.50,-11.50) mean=-12.00 p50=-12.00 p05=-12.00 p95=-12.00
  [diag] sat-dist hist bins=60 sat<0.05=0.0% mean=0.995 p10=0.994 p90=0.995
  [diag] z-gate sat-dist hist bins=60 mean=0.119 p10=0.119 p90=0.119
  [diag] r-gate sat-dist hist bins=60 mean=0.499 p10=0.499 p90=0.499
Iter 0020040: train nll 0.044, valid error 035.490%, best valid error 024.250%, avg grad norm   0.074, avg grad norm (post clip)   0.000, rho_Whh  0.08, Omega  0.00, alpha  0.000, steps in the past 0.000, valid nll 0.048, valid mae 0.176, err@0.05 085.42%, err@0.10 070.47%, err@0.20 035.49%, maxae 0.753
  [diag] log10|dL/dh_t| hist bins=60 range=(-12.50,-11.50) mean=-12.00 p50=-12.00 p05=-12.00 p95=-12.00
  [diag] sat-dist hist bins=60 sat<0.05=0.0% mean=0.995 p10=0.994 p90=0.995
  [diag] z-gate sat-dist hist bins=60 mean=0.119 p10=0.119 p90=0.119
  [diag] r-gate sat-dist hist bins=60 mean=0.499 p10=0.499 p90=0.499
Iter 0020060: train nll 0.050, valid error 036.150%, best valid error 024.250%, avg grad norm   0.076, avg grad norm (post clip)   0.000, rho_Whh  0.08, Omega  0.00, alpha  0.000, steps in the past 0.000, valid nll 0.048, valid mae 0.177, err@0.05 085.57%, err@0.10 070.72%, err@0.20 036.15%, maxae 0.750
  [diag] log10|dL/dh_t| hist bins=60 range=(-12.50,-11.50) mean=-12.00 p50=-12.00 p05=-12.00 p95=-12.00
  [diag] sat-dist hist bins=60 sat<0.05=0.0% mean=0.995 p10=0.994 p90=0.995
  [diag] z-gate sat-dist hist bins=60 mean=0.119 p10=0.119 p90=0.119
  [diag] r-gate sat-dist hist bins=60 mean=0.499 p10=0.499 p90=0.499
Iter 0020080: train nll 0.046, valid error 035.810%, best valid error 024.250%, avg grad norm   0.100, avg grad norm (post clip)   0.000, rho_Whh  0.08, Omega  0.00, alpha  0.000, steps in the past 0.000, valid nll 0.048, valid mae 0.177, err@0.05 085.49%, err@0.10 070.60%, err@0.20 035.81%, maxae 0.751
  [diag] log10|dL/dh_t| hist bins=60 range=(-12.50,-11.50) mean=-12.00 p50=-12.00 p05=-12.00 p95=-12.00
  [diag] sat-dist hist bins=60 sat<0.05=0.0% mean=0.995 p10=0.994 p90=0.995
  [diag] z-gate sat-dist hist bins=60 mean=0.119 p10=0.119 p90=0.119
  [diag] r-gate sat-dist hist bins=60 mean=0.499 p10=0.499 p90=0.499
Iter 0020100: train nll 0.050, valid error 035.630%, best valid error 024.250%, avg grad norm   0.085, avg grad norm (post clip)   0.000, rho_Whh  0.08, Omega  0.00, alpha  0.000, steps in the past 0.000, valid nll 0.048, valid mae 0.177, err@0.05 085.40%, err@0.10 070.52%, err@0.20 035.63%, maxae 0.752
  [diag] log10|dL/dh_t| hist bins=60 range=(-12.50,-11.50) mean=-12.00 p50=-12.00 p05=-12.00 p95=-12.00
  [diag] sat-dist hist bins=60 sat<0.05=0.0% mean=0.995 p10=0.994 p90=0.995
  [diag] z-gate sat-dist hist bins=60 mean=0.119 p10=0.119 p90=0.119
  [diag] r-gate sat-dist hist bins=60 mean=0.499 p10=0.499 p90=0.499
Iter 0020120: train nll 0.045, valid error 035.290%, best valid error 024.250%, avg grad norm   0.079, avg grad norm (post clip)   0.000, rho_Whh  0.08, Omega  0.00, alpha  0.000, steps in the past 0.000, valid nll 0.048, valid mae 0.176, err@0.05 085.43%, err@0.10 070.39%, err@0.20 035.29%, maxae 0.753
  [diag] log10|dL/dh_t| hist bins=60 range=(-12.50,-11.50) mean=-12.00 p50=-12.00 p05=-12.00 p95=-12.00
  [diag] sat-dist hist bins=60 sat<0.05=0.0% mean=0.995 p10=0.994 p90=0.995
  [diag] z-gate sat-dist hist bins=60 mean=0.119 p10=0.119 p90=0.119
  [diag] r-gate sat-dist hist bins=60 mean=0.499 p10=0.499 p90=0.499
Iter 0020140: train nll 0.052, valid error 036.650%, best valid error 024.250%, avg grad norm   0.073, avg grad norm (post clip)   0.000, rho_Whh  0.08, Omega  0.00, alpha  0.000, steps in the past 0.000, valid nll 0.048, valid mae 0.177, err@0.05 085.70%, err@0.10 070.82%, err@0.20 036.65%, maxae 0.747
  [diag] log10|dL/dh_t| hist bins=60 range=(-12.50,-11.50) mean=-12.00 p50=-12.00 p05=-12.00 p95=-12.00
  [diag] sat-dist hist bins=60 sat<0.05=0.0% mean=0.995 p10=0.994 p90=0.995
  [diag] z-gate sat-dist hist bins=60 mean=0.119 p10=0.119 p90=0.119
  [diag] r-gate sat-dist hist bins=60 mean=0.499 p10=0.499 p90=0.499
Iter 0020160: train nll 0.055, valid error 038.390%, best valid error 024.250%, avg grad norm   0.095, avg grad norm (post clip)   0.000, rho_Whh  0.08, Omega  0.00, alpha  0.000, steps in the past 0.000, valid nll 0.048, valid mae 0.179, err@0.05 085.89%, err@0.10 071.53%, err@0.20 038.39%, maxae 0.740
  [diag] log10|dL/dh_t| hist bins=60 range=(-12.50,-11.50) mean=-12.00 p50=-12.00 p05=-12.00 p95=-12.00
  [diag] sat-dist hist bins=60 sat<0.05=0.0% mean=0.995 p10=0.994 p90=0.995
  [diag] z-gate sat-dist hist bins=60 mean=0.119 p10=0.119 p90=0.119
  [diag] r-gate sat-dist hist bins=60 mean=0.499 p10=0.499 p90=0.499
Iter 0020180: train nll 0.047, valid error 038.000%, best valid error 024.250%, avg grad norm   0.062, avg grad norm (post clip)   0.000, rho_Whh  0.08, Omega  0.00, alpha  0.000, steps in the past 0.000, valid nll 0.048, valid mae 0.178, err@0.05 085.90%, err@0.10 071.46%, err@0.20 038.00%, maxae 0.741
  [diag] log10|dL/dh_t| hist bins=60 range=(-12.50,-11.50) mean=-12.00 p50=-12.00 p05=-12.00 p95=-12.00
  [diag] sat-dist hist bins=60 sat<0.05=0.0% mean=0.995 p10=0.994 p90=0.995
  [diag] z-gate sat-dist hist bins=60 mean=0.119 p10=0.119 p90=0.119
  [diag] r-gate sat-dist hist bins=60 mean=0.499 p10=0.499 p90=0.499
Iter 0020200: train nll 0.050, valid error 038.060%, best valid error 024.250%, avg grad norm   0.056, avg grad norm (post clip)   0.000, rho_Whh  0.08, Omega  0.00, alpha  0.000, steps in the past 0.000, valid nll 0.048, valid mae 0.178, err@0.05 085.92%, err@0.10 071.51%, err@0.20 038.06%, maxae 0.741
  [diag] log10|dL/dh_t| hist bins=60 range=(-12.50,-11.50) mean=-12.00 p50=-12.00 p05=-12.00 p95=-12.00
  [diag] sat-dist hist bins=60 sat<0.05=0.0% mean=0.995 p10=0.994 p90=0.995
  [diag] z-gate sat-dist hist bins=60 mean=0.119 p10=0.119 p90=0.119
  [diag] r-gate sat-dist hist bins=60 mean=0.499 p10=0.499 p90=0.499
Iter 0020220: train nll 0.045, valid error 037.910%, best valid error 024.250%, avg grad norm   0.077, avg grad norm (post clip)   0.000, rho_Whh  0.08, Omega  0.00, alpha  0.000, steps in the past 0.000, valid nll 0.048, valid mae 0.178, err@0.05 085.92%, err@0.10 071.38%, err@0.20 037.91%, maxae 0.742
  [diag] log10|dL/dh_t| hist bins=60 range=(-12.50,-11.50) mean=-12.00 p50=-12.00 p05=-12.00 p95=-12.00
  [diag] sat-dist hist bins=60 sat<0.05=0.0% mean=0.995 p10=0.994 p90=0.995
  [diag] z-gate sat-dist hist bins=60 mean=0.119 p10=0.119 p90=0.119
  [diag] r-gate sat-dist hist bins=60 mean=0.499 p10=0.499 p90=0.499
Iter 0020240: train nll 0.055, valid error 039.080%, best valid error 024.250%, avg grad norm   0.080, avg grad norm (post clip)   0.000, rho_Whh  0.08, Omega  0.00, alpha  0.000, steps in the past 0.000, valid nll 0.048, valid mae 0.179, err@0.05 086.20%, err@0.10 071.68%, err@0.20 039.08%, maxae 0.737
  [diag] log10|dL/dh_t| hist bins=60 range=(-12.50,-11.50) mean=-12.00 p50=-12.00 p05=-12.00 p95=-12.00
  [diag] sat-dist hist bins=60 sat<0.05=0.0% mean=0.995 p10=0.994 p90=0.995
  [diag] z-gate sat-dist hist bins=60 mean=0.119 p10=0.119 p90=0.119
  [diag] r-gate sat-dist hist bins=60 mean=0.499 p10=0.499 p90=0.499
Iter 0020260: train nll 0.049, valid error 038.610%, best valid error 024.250%, avg grad norm   0.074, avg grad norm (post clip)   0.000, rho_Whh  0.08, Omega  0.00, alpha  0.000, steps in the past 0.000, valid nll 0.048, valid mae 0.179, err@0.05 085.95%, err@0.10 071.61%, err@0.20 038.61%, maxae 0.739
  [diag] log10|dL/dh_t| hist bins=60 range=(-12.50,-11.50) mean=-12.00 p50=-12.00 p05=-12.00 p95=-12.00
  [diag] sat-dist hist bins=60 sat<0.05=0.0% mean=0.995 p10=0.994 p90=0.995
  [diag] z-gate sat-dist hist bins=60 mean=0.119 p10=0.119 p90=0.119
  [diag] r-gate sat-dist hist bins=60 mean=0.499 p10=0.499 p90=0.499
Iter 0020280: train nll 0.047, valid error 037.600%, best valid error 024.250%, avg grad norm   0.064, avg grad norm (post clip)   0.000, rho_Whh  0.08, Omega  0.00, alpha  0.000, steps in the past 0.000, valid nll 0.048, valid mae 0.178, err@0.05 085.93%, err@0.10 071.18%, err@0.20 037.60%, maxae 0.744
  [diag] log10|dL/dh_t| hist bins=60 range=(-12.50,-11.50) mean=-12.00 p50=-12.00 p05=-12.00 p95=-12.00
  [diag] sat-dist hist bins=60 sat<0.05=0.0% mean=0.995 p10=0.994 p90=0.995
  [diag] z-gate sat-dist hist bins=60 mean=0.119 p10=0.119 p90=0.119
  [diag] r-gate sat-dist hist bins=60 mean=0.499 p10=0.499 p90=0.499
Iter 0020300: train nll 0.050, valid error 037.320%, best valid error 024.250%, avg grad norm   0.075, avg grad norm (post clip)   0.000, rho_Whh  0.08, Omega  0.00, alpha  0.000, steps in the past 0.000, valid nll 0.048, valid mae 0.178, err@0.05 085.86%, err@0.10 071.12%, err@0.20 037.32%, maxae 0.745
  [diag] log10|dL/dh_t| hist bins=60 range=(-12.50,-11.50) mean=-12.00 p50=-12.00 p05=-12.00 p95=-12.00
  [diag] sat-dist hist bins=60 sat<0.05=0.0% mean=0.995 p10=0.994 p90=0.995
  [diag] z-gate sat-dist hist bins=60 mean=0.119 p10=0.119 p90=0.119
  [diag] r-gate sat-dist hist bins=60 mean=0.499 p10=0.499 p90=0.499
Iter 0020320: train nll 0.056, valid error 038.270%, best valid error 024.250%, avg grad norm   0.099, avg grad norm (post clip)   0.000, rho_Whh  0.08, Omega  0.00, alpha  0.000, steps in the past 0.000, valid nll 0.048, valid mae 0.179, err@0.05 085.91%, err@0.10 071.51%, err@0.20 038.27%, maxae 0.740
  [diag] log10|dL/dh_t| hist bins=60 range=(-12.50,-11.50) mean=-12.00 p50=-12.00 p05=-12.00 p95=-12.00
  [diag] sat-dist hist bins=60 sat<0.05=0.0% mean=0.995 p10=0.994 p90=0.995
  [diag] z-gate sat-dist hist bins=60 mean=0.119 p10=0.119 p90=0.119
  [diag] r-gate sat-dist hist bins=60 mean=0.499 p10=0.499 p90=0.499
Iter 0020340: train nll 0.048, valid error 038.210%, best valid error 024.250%, avg grad norm   0.088, avg grad norm (post clip)   0.000, rho_Whh  0.08, Omega  0.00, alpha  0.000, steps in the past 0.000, valid nll 0.048, valid mae 0.179, err@0.05 085.92%, err@0.10 071.51%, err@0.20 038.21%, maxae 0.741
  [diag] log10|dL/dh_t| hist bins=60 range=(-12.50,-11.50) mean=-12.00 p50=-12.00 p05=-12.00 p95=-12.00
  [diag] sat-dist hist bins=60 sat<0.05=0.0% mean=0.995 p10=0.994 p90=0.995
  [diag] z-gate sat-dist hist bins=60 mean=0.119 p10=0.119 p90=0.119
  [diag] r-gate sat-dist hist bins=60 mean=0.499 p10=0.499 p90=0.499
Iter 0020360: train nll 0.050, valid error 038.990%, best valid error 024.250%, avg grad norm   0.083, avg grad norm (post clip)   0.000, rho_Whh  0.08, Omega  0.00, alpha  0.000, steps in the past 0.000, valid nll 0.048, valid mae 0.179, err@0.05 086.16%, err@0.10 071.64%, err@0.20 038.99%, maxae 0.737
  [diag] log10|dL/dh_t| hist bins=60 range=(-12.50,-11.50) mean=-12.00 p50=-12.00 p05=-12.00 p95=-12.00
  [diag] sat-dist hist bins=60 sat<0.05=0.0% mean=0.995 p10=0.994 p90=0.995
  [diag] z-gate sat-dist hist bins=60 mean=0.119 p10=0.119 p90=0.119
  [diag] r-gate sat-dist hist bins=60 mean=0.499 p10=0.499 p90=0.499
Iter 0020380: train nll 0.049, valid error 039.120%, best valid error 024.250%, avg grad norm   0.082, avg grad norm (post clip)   0.000, rho_Whh  0.08, Omega  0.00, alpha  0.000, steps in the past 0.000, valid nll 0.048, valid mae 0.179, err@0.05 086.18%, err@0.10 071.68%, err@0.20 039.12%, maxae 0.736
  [diag] log10|dL/dh_t| hist bins=60 range=(-12.50,-11.50) mean=-12.00 p50=-12.00 p05=-12.00 p95=-12.00
  [diag] sat-dist hist bins=60 sat<0.05=0.0% mean=0.995 p10=0.994 p90=0.995
  [diag] z-gate sat-dist hist bins=60 mean=0.119 p10=0.119 p90=0.119
  [diag] r-gate sat-dist hist bins=60 mean=0.499 p10=0.499 p90=0.499
Iter 0020400: train nll 0.058, valid error 039.480%, best valid error 024.250%, avg grad norm   0.110, avg grad norm (post clip)   0.000, rho_Whh  0.08, Omega  0.00, alpha  0.000, steps in the past 0.000, valid nll 0.048, valid mae 0.180, err@0.05 086.31%, err@0.10 071.93%, err@0.20 039.48%, maxae 0.734
  [diag] log10|dL/dh_t| hist bins=60 range=(-12.50,-11.50) mean=-12.00 p50=-12.00 p05=-12.00 p95=-12.00
  [diag] sat-dist hist bins=60 sat<0.05=0.0% mean=0.995 p10=0.994 p90=0.995
  [diag] z-gate sat-dist hist bins=60 mean=0.119 p10=0.119 p90=0.119
  [diag] r-gate sat-dist hist bins=60 mean=0.499 p10=0.499 p90=0.499
Iter 0020420: train nll 0.054, valid error 040.130%, best valid error 024.250%, avg grad norm   0.067, avg grad norm (post clip)   0.000, rho_Whh  0.08, Omega  0.00, alpha  0.000, steps in the past 0.000, valid nll 0.048, valid mae 0.180, err@0.05 086.30%, err@0.10 072.10%, err@0.20 040.13%, maxae 0.732
  [diag] log10|dL/dh_t| hist bins=60 range=(-12.50,-11.50) mean=-12.00 p50=-12.00 p05=-12.00 p95=-12.00
  [diag] sat-dist hist bins=60 sat<0.05=0.0% mean=0.995 p10=0.994 p90=0.995
  [diag] z-gate sat-dist hist bins=60 mean=0.119 p10=0.119 p90=0.119
  [diag] r-gate sat-dist hist bins=60 mean=0.499 p10=0.499 p90=0.499
Iter 0020440: train nll 0.044, valid error 038.890%, best valid error 024.250%, avg grad norm   0.086, avg grad norm (post clip)   0.000, rho_Whh  0.08, Omega  0.00, alpha  0.000, steps in the past 0.000, valid nll 0.048, valid mae 0.179, err@0.05 086.11%, err@0.10 071.63%, err@0.20 038.89%, maxae 0.737
  [diag] log10|dL/dh_t| hist bins=60 range=(-12.50,-11.50) mean=-12.00 p50=-12.00 p05=-12.00 p95=-12.00
  [diag] sat-dist hist bins=60 sat<0.05=0.0% mean=0.995 p10=0.994 p90=0.995
  [diag] z-gate sat-dist hist bins=60 mean=0.119 p10=0.119 p90=0.119
  [diag] r-gate sat-dist hist bins=60 mean=0.499 p10=0.499 p90=0.499
Iter 0020460: train nll 0.049, valid error 038.790%, best valid error 024.250%, avg grad norm   0.065, avg grad norm (post clip)   0.000, rho_Whh  0.08, Omega  0.00, alpha  0.000, steps in the past 0.000, valid nll 0.048, valid mae 0.179, err@0.05 086.07%, err@0.10 071.60%, err@0.20 038.79%, maxae 0.738
  [diag] log10|dL/dh_t| hist bins=60 range=(-12.50,-11.50) mean=-12.00 p50=-12.00 p05=-12.00 p95=-12.00
  [diag] sat-dist hist bins=60 sat<0.05=0.0% mean=0.995 p10=0.994 p90=0.995
  [diag] z-gate sat-dist hist bins=60 mean=0.119 p10=0.119 p90=0.119
  [diag] r-gate sat-dist hist bins=60 mean=0.499 p10=0.499 p90=0.499
Iter 0020480: train nll 0.046, valid error 037.820%, best valid error 024.250%, avg grad norm   0.095, avg grad norm (post clip)   0.000, rho_Whh  0.08, Omega  0.00, alpha  0.000, steps in the past 0.000, valid nll 0.048, valid mae 0.178, err@0.05 085.91%, err@0.10 071.28%, err@0.20 037.82%, maxae 0.742
  [diag] log10|dL/dh_t| hist bins=60 range=(-12.50,-11.50) mean=-12.00 p50=-12.00 p05=-12.00 p95=-12.00
  [diag] sat-dist hist bins=60 sat<0.05=0.0% mean=0.995 p10=0.994 p90=0.995
  [diag] z-gate sat-dist hist bins=60 mean=0.119 p10=0.119 p90=0.119
  [diag] r-gate sat-dist hist bins=60 mean=0.499 p10=0.499 p90=0.499
Iter 0020500: train nll 0.053, valid error 037.890%, best valid error 024.250%, avg grad norm   0.097, avg grad norm (post clip)   0.000, rho_Whh  0.08, Omega  0.00, alpha  0.000, steps in the past 0.000, valid nll 0.048, valid mae 0.178, err@0.05 085.91%, err@0.10 071.38%, err@0.20 037.89%, maxae 0.742
  [diag] log10|dL/dh_t| hist bins=60 range=(-12.50,-11.50) mean=-12.00 p50=-12.00 p05=-12.00 p95=-12.00
  [diag] sat-dist hist bins=60 sat<0.05=0.0% mean=0.995 p10=0.994 p90=0.995
  [diag] z-gate sat-dist hist bins=60 mean=0.119 p10=0.119 p90=0.119
  [diag] r-gate sat-dist hist bins=60 mean=0.499 p10=0.499 p90=0.499
Iter 0020520: train nll 0.050, valid error 038.460%, best valid error 024.250%, avg grad norm   0.092, avg grad norm (post clip)   0.000, rho_Whh  0.08, Omega  0.00, alpha  0.000, steps in the past 0.000, valid nll 0.048, valid mae 0.179, err@0.05 085.99%, err@0.10 071.57%, err@0.20 038.46%, maxae 0.739
  [diag] log10|dL/dh_t| hist bins=60 range=(-12.50,-11.50) mean=-12.00 p50=-12.00 p05=-12.00 p95=-12.00
  [diag] sat-dist hist bins=60 sat<0.05=0.0% mean=0.995 p10=0.994 p90=0.995
  [diag] z-gate sat-dist hist bins=60 mean=0.119 p10=0.119 p90=0.119
  [diag] r-gate sat-dist hist bins=60 mean=0.499 p10=0.499 p90=0.499
Iter 0020540: train nll 0.054, valid error 040.060%, best valid error 024.250%, avg grad norm   0.071, avg grad norm (post clip)   0.000, rho_Whh  0.08, Omega  0.00, alpha  0.000, steps in the past 0.000, valid nll 0.048, valid mae 0.180, err@0.05 086.26%, err@0.10 072.12%, err@0.20 040.06%, maxae 0.732
  [diag] log10|dL/dh_t| hist bins=60 range=(-12.50,-11.50) mean=-12.00 p50=-12.00 p05=-12.00 p95=-12.00
  [diag] sat-dist hist bins=60 sat<0.05=0.0% mean=0.995 p10=0.994 p90=0.995
  [diag] z-gate sat-dist hist bins=60 mean=0.119 p10=0.119 p90=0.119
  [diag] r-gate sat-dist hist bins=60 mean=0.499 p10=0.499 p90=0.499
Iter 0020560: train nll 0.048, valid error 039.990%, best valid error 024.250%, avg grad norm   0.071, avg grad norm (post clip)   0.000, rho_Whh  0.08, Omega  0.00, alpha  0.000, steps in the past 0.000, valid nll 0.048, valid mae 0.180, err@0.05 086.27%, err@0.10 072.12%, err@0.20 039.99%, maxae 0.732
  [diag] log10|dL/dh_t| hist bins=60 range=(-12.50,-11.50) mean=-12.00 p50=-12.00 p05=-12.00 p95=-12.00
  [diag] sat-dist hist bins=60 sat<0.05=0.0% mean=0.994 p10=0.994 p90=0.995
  [diag] z-gate sat-dist hist bins=60 mean=0.119 p10=0.119 p90=0.119
  [diag] r-gate sat-dist hist bins=60 mean=0.499 p10=0.499 p90=0.499
Iter 0020580: train nll 0.053, valid error 040.590%, best valid error 024.250%, avg grad norm   0.070, avg grad norm (post clip)   0.000, rho_Whh  0.08, Omega  0.00, alpha  0.000, steps in the past 0.000, valid nll 0.048, valid mae 0.181, err@0.05 086.48%, err@0.10 072.26%, err@0.20 040.59%, maxae 0.729
  [diag] log10|dL/dh_t| hist bins=60 range=(-12.50,-11.50) mean=-12.00 p50=-12.00 p05=-12.00 p95=-12.00
  [diag] sat-dist hist bins=60 sat<0.05=0.0% mean=0.995 p10=0.994 p90=0.995
  [diag] z-gate sat-dist hist bins=60 mean=0.119 p10=0.119 p90=0.119
  [diag] r-gate sat-dist hist bins=60 mean=0.499 p10=0.499 p90=0.499
Iter 0020600: train nll 0.050, valid error 039.610%, best valid error 024.250%, avg grad norm   0.069, avg grad norm (post clip)   0.000, rho_Whh  0.08, Omega  0.00, alpha  0.000, steps in the past 0.000, valid nll 0.048, valid mae 0.180, err@0.05 086.33%, err@0.10 071.94%, err@0.20 039.61%, maxae 0.734
  [diag] log10|dL/dh_t| hist bins=60 range=(-12.50,-11.50) mean=-12.00 p50=-12.00 p05=-12.00 p95=-12.00
  [diag] sat-dist hist bins=60 sat<0.05=0.0% mean=0.995 p10=0.994 p90=0.995
  [diag] z-gate sat-dist hist bins=60 mean=0.119 p10=0.119 p90=0.119
  [diag] r-gate sat-dist hist bins=60 mean=0.499 p10=0.499 p90=0.499
Iter 0020620: train nll 0.045, valid error 038.110%, best valid error 024.250%, avg grad norm   0.080, avg grad norm (post clip)   0.000, rho_Whh  0.08, Omega  0.00, alpha  0.000, steps in the past 0.000, valid nll 0.048, valid mae 0.178, err@0.05 085.92%, err@0.10 071.51%, err@0.20 038.11%, maxae 0.741
  [diag] log10|dL/dh_t| hist bins=60 range=(-12.50,-11.50) mean=-12.00 p50=-12.00 p05=-12.00 p95=-12.00
  [diag] sat-dist hist bins=60 sat<0.05=0.0% mean=0.995 p10=0.994 p90=0.995
  [diag] z-gate sat-dist hist bins=60 mean=0.119 p10=0.119 p90=0.119
  [diag] r-gate sat-dist hist bins=60 mean=0.499 p10=0.499 p90=0.499
Iter 0020640: train nll 0.043, valid error 037.420%, best valid error 024.250%, avg grad norm   0.075, avg grad norm (post clip)   0.000, rho_Whh  0.08, Omega  0.00, alpha  0.000, steps in the past 0.000, valid nll 0.048, valid mae 0.178, err@0.05 085.90%, err@0.10 071.15%, err@0.20 037.42%, maxae 0.744
  [diag] log10|dL/dh_t| hist bins=60 range=(-12.50,-11.50) mean=-12.00 p50=-12.00 p05=-12.00 p95=-12.00
  [diag] sat-dist hist bins=60 sat<0.05=0.0% mean=0.995 p10=0.994 p90=0.995
  [diag] z-gate sat-dist hist bins=60 mean=0.119 p10=0.119 p90=0.119
  [diag] r-gate sat-dist hist bins=60 mean=0.499 p10=0.499 p90=0.499
Iter 0020660: train nll 0.045, valid error 037.440%, best valid error 024.250%, avg grad norm   0.074, avg grad norm (post clip)   0.000, rho_Whh  0.08, Omega  0.00, alpha  0.000, steps in the past 0.000, valid nll 0.048, valid mae 0.178, err@0.05 085.91%, err@0.10 071.15%, err@0.20 037.44%, maxae 0.744
  [diag] log10|dL/dh_t| hist bins=60 range=(-12.50,-11.50) mean=-12.00 p50=-12.00 p05=-12.00 p95=-12.00
  [diag] sat-dist hist bins=60 sat<0.05=0.0% mean=0.995 p10=0.994 p90=0.995
  [diag] z-gate sat-dist hist bins=60 mean=0.119 p10=0.119 p90=0.119
  [diag] r-gate sat-dist hist bins=60 mean=0.499 p10=0.499 p90=0.499
Iter 0020680: train nll 0.048, valid error 037.560%, best valid error 024.250%, avg grad norm   0.092, avg grad norm (post clip)   0.000, rho_Whh  0.08, Omega  0.00, alpha  0.000, steps in the past 0.000, valid nll 0.048, valid mae 0.178, err@0.05 085.91%, err@0.10 071.17%, err@0.20 037.56%, maxae 0.744
  [diag] log10|dL/dh_t| hist bins=60 range=(-12.50,-11.50) mean=-12.00 p50=-12.00 p05=-12.00 p95=-12.00
  [diag] sat-dist hist bins=60 sat<0.05=0.0% mean=0.995 p10=0.994 p90=0.995
  [diag] z-gate sat-dist hist bins=60 mean=0.119 p10=0.119 p90=0.119
  [diag] r-gate sat-dist hist bins=60 mean=0.499 p10=0.499 p90=0.499
Iter 0020700: train nll 0.052, valid error 038.500%, best valid error 024.250%, avg grad norm   0.076, avg grad norm (post clip)   0.000, rho_Whh  0.08, Omega  0.00, alpha  0.000, steps in the past 0.000, valid nll 0.048, valid mae 0.179, err@0.05 085.99%, err@0.10 071.60%, err@0.20 038.50%, maxae 0.739
  [diag] log10|dL/dh_t| hist bins=60 range=(-12.50,-11.50) mean=-12.00 p50=-12.00 p05=-12.00 p95=-12.00
  [diag] sat-dist hist bins=60 sat<0.05=0.0% mean=0.995 p10=0.994 p90=0.995
  [diag] z-gate sat-dist hist bins=60 mean=0.119 p10=0.119 p90=0.119
  [diag] r-gate sat-dist hist bins=60 mean=0.499 p10=0.499 p90=0.499
Iter 0020720: train nll 0.050, valid error 039.080%, best valid error 024.250%, avg grad norm   0.097, avg grad norm (post clip)   0.000, rho_Whh  0.08, Omega  0.00, alpha  0.000, steps in the past 0.000, valid nll 0.048, valid mae 0.179, err@0.05 086.19%, err@0.10 071.68%, err@0.20 039.08%, maxae 0.737
  [diag] log10|dL/dh_t| hist bins=60 range=(-12.50,-11.50) mean=-12.00 p50=-12.00 p05=-12.00 p95=-12.00
  [diag] sat-dist hist bins=60 sat<0.05=0.0% mean=0.995 p10=0.994 p90=0.995
  [diag] z-gate sat-dist hist bins=60 mean=0.119 p10=0.119 p90=0.119
  [diag] r-gate sat-dist hist bins=60 mean=0.499 p10=0.499 p90=0.499
Iter 0020740: train nll 0.049, valid error 038.460%, best valid error 024.250%, avg grad norm   0.066, avg grad norm (post clip)   0.000, rho_Whh  0.08, Omega  0.00, alpha  0.000, steps in the past 0.000, valid nll 0.048, valid mae 0.179, err@0.05 085.99%, err@0.10 071.60%, err@0.20 038.46%, maxae 0.739
  [diag] log10|dL/dh_t| hist bins=60 range=(-12.50,-11.50) mean=-12.00 p50=-12.00 p05=-12.00 p95=-12.00
  [diag] sat-dist hist bins=60 sat<0.05=0.0% mean=0.995 p10=0.994 p90=0.995
  [diag] z-gate sat-dist hist bins=60 mean=0.119 p10=0.119 p90=0.119
  [diag] r-gate sat-dist hist bins=60 mean=0.499 p10=0.499 p90=0.499
Iter 0020760: train nll 0.041, valid error 036.710%, best valid error 024.250%, avg grad norm   0.080, avg grad norm (post clip)   0.000, rho_Whh  0.08, Omega  0.00, alpha  0.000, steps in the past 0.000, valid nll 0.048, valid mae 0.177, err@0.05 085.70%, err@0.10 070.87%, err@0.20 036.71%, maxae 0.747
  [diag] log10|dL/dh_t| hist bins=60 range=(-12.50,-11.50) mean=-12.00 p50=-12.00 p05=-12.00 p95=-12.00
  [diag] sat-dist hist bins=60 sat<0.05=0.0% mean=0.995 p10=0.994 p90=0.995
  [diag] z-gate sat-dist hist bins=60 mean=0.119 p10=0.119 p90=0.119
  [diag] r-gate sat-dist hist bins=60 mean=0.499 p10=0.499 p90=0.499
Iter 0020780: train nll 0.049, valid error 037.890%, best valid error 024.250%, avg grad norm   0.073, avg grad norm (post clip)   0.000, rho_Whh  0.08, Omega  0.00, alpha  0.000, steps in the past 0.000, valid nll 0.048, valid mae 0.178, err@0.05 085.91%, err@0.10 071.38%, err@0.20 037.89%, maxae 0.742
  [diag] log10|dL/dh_t| hist bins=60 range=(-12.50,-11.50) mean=-12.00 p50=-12.00 p05=-12.00 p95=-12.00
  [diag] sat-dist hist bins=60 sat<0.05=0.0% mean=0.995 p10=0.994 p90=0.995
  [diag] z-gate sat-dist hist bins=60 mean=0.119 p10=0.119 p90=0.119
  [diag] r-gate sat-dist hist bins=60 mean=0.499 p10=0.499 p90=0.499
Iter 0020800: train nll 0.055, valid error 039.430%, best valid error 024.250%, avg grad norm   0.086, avg grad norm (post clip)   0.000, rho_Whh  0.08, Omega  0.00, alpha  0.000, steps in the past 0.000, valid nll 0.048, valid mae 0.180, err@0.05 086.27%, err@0.10 071.88%, err@0.20 039.43%, maxae 0.735
  [diag] log10|dL/dh_t| hist bins=60 range=(-12.50,-11.50) mean=-12.00 p50=-12.00 p05=-12.00 p95=-12.00
  [diag] sat-dist hist bins=60 sat<0.05=0.0% mean=0.995 p10=0.994 p90=0.995
  [diag] z-gate sat-dist hist bins=60 mean=0.119 p10=0.119 p90=0.119
  [diag] r-gate sat-dist hist bins=60 mean=0.499 p10=0.499 p90=0.499
Iter 0020820: train nll 0.046, valid error 037.910%, best valid error 024.250%, avg grad norm   0.089, avg grad norm (post clip)   0.000, rho_Whh  0.08, Omega  0.00, alpha  0.000, steps in the past 0.000, valid nll 0.048, valid mae 0.178, err@0.05 085.90%, err@0.10 071.39%, err@0.20 037.91%, maxae 0.742
  [diag] log10|dL/dh_t| hist bins=60 range=(-12.50,-11.50) mean=-12.00 p50=-12.00 p05=-12.00 p95=-12.00
  [diag] sat-dist hist bins=60 sat<0.05=0.0% mean=0.995 p10=0.994 p90=0.995
  [diag] z-gate sat-dist hist bins=60 mean=0.119 p10=0.119 p90=0.119
  [diag] r-gate sat-dist hist bins=60 mean=0.499 p10=0.499 p90=0.499
Iter 0020840: train nll 0.050, valid error 037.470%, best valid error 024.250%, avg grad norm   0.099, avg grad norm (post clip)   0.000, rho_Whh  0.08, Omega  0.00, alpha  0.000, steps in the past 0.000, valid nll 0.048, valid mae 0.178, err@0.05 085.91%, err@0.10 071.18%, err@0.20 037.47%, maxae 0.744
  [diag] log10|dL/dh_t| hist bins=60 range=(-12.50,-11.50) mean=-12.00 p50=-12.00 p05=-12.00 p95=-12.00
  [diag] sat-dist hist bins=60 sat<0.05=0.0% mean=0.995 p10=0.994 p90=0.995
  [diag] z-gate sat-dist hist bins=60 mean=0.119 p10=0.119 p90=0.119
  [diag] r-gate sat-dist hist bins=60 mean=0.499 p10=0.499 p90=0.499
Iter 0020860: train nll 0.053, valid error 038.420%, best valid error 024.250%, avg grad norm   0.083, avg grad norm (post clip)   0.000, rho_Whh  0.08, Omega  0.00, alpha  0.000, steps in the past 0.000, valid nll 0.048, valid mae 0.179, err@0.05 085.90%, err@0.10 071.57%, err@0.20 038.42%, maxae 0.740
  [diag] log10|dL/dh_t| hist bins=60 range=(-12.50,-11.50) mean=-12.00 p50=-12.00 p05=-12.00 p95=-12.00
  [diag] sat-dist hist bins=60 sat<0.05=0.0% mean=0.995 p10=0.994 p90=0.995
  [diag] z-gate sat-dist hist bins=60 mean=0.119 p10=0.119 p90=0.119
  [diag] r-gate sat-dist hist bins=60 mean=0.499 p10=0.499 p90=0.499
Iter 0020880: train nll 0.050, valid error 038.580%, best valid error 024.250%, avg grad norm   0.094, avg grad norm (post clip)   0.000, rho_Whh  0.08, Omega  0.00, alpha  0.000, steps in the past 0.000, valid nll 0.048, valid mae 0.179, err@0.05 085.98%, err@0.10 071.60%, err@0.20 038.58%, maxae 0.739
  [diag] log10|dL/dh_t| hist bins=60 range=(-12.50,-11.50) mean=-12.00 p50=-12.00 p05=-12.00 p95=-12.00
  [diag] sat-dist hist bins=60 sat<0.05=0.0% mean=0.995 p10=0.994 p90=0.995
  [diag] z-gate sat-dist hist bins=60 mean=0.119 p10=0.119 p90=0.119
  [diag] r-gate sat-dist hist bins=60 mean=0.499 p10=0.499 p90=0.499
Iter 0020900: train nll 0.052, valid error 039.970%, best valid error 024.250%, avg grad norm   0.100, avg grad norm (post clip)   0.000, rho_Whh  0.08, Omega  0.00, alpha  0.000, steps in the past 0.000, valid nll 0.048, valid mae 0.180, err@0.05 086.26%, err@0.10 072.12%, err@0.20 039.97%, maxae 0.732
  [diag] log10|dL/dh_t| hist bins=60 range=(-12.50,-11.50) mean=-12.00 p50=-12.00 p05=-12.00 p95=-12.00
  [diag] sat-dist hist bins=60 sat<0.05=0.0% mean=0.995 p10=0.994 p90=0.995
  [diag] z-gate sat-dist hist bins=60 mean=0.119 p10=0.119 p90=0.119
  [diag] r-gate sat-dist hist bins=60 mean=0.499 p10=0.499 p90=0.499
Iter 0020920: train nll 0.049, valid error 039.450%, best valid error 024.250%, avg grad norm   0.074, avg grad norm (post clip)   0.000, rho_Whh  0.08, Omega  0.00, alpha  0.000, steps in the past 0.000, valid nll 0.048, valid mae 0.180, err@0.05 086.29%, err@0.10 071.90%, err@0.20 039.45%, maxae 0.735
  [diag] log10|dL/dh_t| hist bins=60 range=(-12.50,-11.50) mean=-12.00 p50=-12.00 p05=-12.00 p95=-12.00
  [diag] sat-dist hist bins=60 sat<0.05=0.0% mean=0.995 p10=0.994 p90=0.995
  [diag] z-gate sat-dist hist bins=60 mean=0.119 p10=0.119 p90=0.119
  [diag] r-gate sat-dist hist bins=60 mean=0.499 p10=0.499 p90=0.499
Iter 0020940: train nll 0.049, valid error 038.290%, best valid error 024.250%, avg grad norm   0.077, avg grad norm (post clip)   0.000, rho_Whh  0.08, Omega  0.00, alpha  0.000, steps in the past 0.000, valid nll 0.048, valid mae 0.179, err@0.05 085.91%, err@0.10 071.52%, err@0.20 038.29%, maxae 0.740
  [diag] log10|dL/dh_t| hist bins=60 range=(-12.50,-11.50) mean=-12.00 p50=-12.00 p05=-12.00 p95=-12.00
  [diag] sat-dist hist bins=60 sat<0.05=0.0% mean=0.995 p10=0.994 p90=0.995
  [diag] z-gate sat-dist hist bins=60 mean=0.119 p10=0.119 p90=0.119
  [diag] r-gate sat-dist hist bins=60 mean=0.499 p10=0.499 p90=0.499
Iter 0020960: train nll 0.051, valid error 037.910%, best valid error 024.250%, avg grad norm   0.080, avg grad norm (post clip)   0.000, rho_Whh  0.08, Omega  0.00, alpha  0.000, steps in the past 0.000, valid nll 0.048, valid mae 0.178, err@0.05 085.90%, err@0.10 071.39%, err@0.20 037.91%, maxae 0.742
  [diag] log10|dL/dh_t| hist bins=60 range=(-12.50,-11.50) mean=-12.00 p50=-12.00 p05=-12.00 p95=-12.00
  [diag] sat-dist hist bins=60 sat<0.05=0.0% mean=0.995 p10=0.994 p90=0.995
  [diag] z-gate sat-dist hist bins=60 mean=0.119 p10=0.119 p90=0.119
  [diag] r-gate sat-dist hist bins=60 mean=0.499 p10=0.499 p90=0.499
Iter 0020980: train nll 0.045, valid error 038.110%, best valid error 024.250%, avg grad norm   0.085, avg grad norm (post clip)   0.000, rho_Whh  0.08, Omega  0.00, alpha  0.000, steps in the past 0.000, valid nll 0.048, valid mae 0.178, err@0.05 085.92%, err@0.10 071.51%, err@0.20 038.11%, maxae 0.741
  [diag] log10|dL/dh_t| hist bins=60 range=(-12.50,-11.50) mean=-12.00 p50=-12.00 p05=-12.00 p95=-12.00
  [diag] sat-dist hist bins=60 sat<0.05=0.0% mean=0.995 p10=0.994 p90=0.995
  [diag] z-gate sat-dist hist bins=60 mean=0.119 p10=0.119 p90=0.119
  [diag] r-gate sat-dist hist bins=60 mean=0.499 p10=0.499 p90=0.499
Iter 0021000: train nll 0.050, valid error 037.290%, best valid error 024.250%, avg grad norm   0.069, avg grad norm (post clip)   0.000, rho_Whh  0.08, Omega  0.00, alpha  0.000, steps in the past 0.000, valid nll 0.048, valid mae 0.178, err@0.05 085.81%, err@0.10 071.07%, err@0.20 037.29%, maxae 0.745
  [diag] log10|dL/dh_t| hist bins=60 range=(-12.50,-11.50) mean=-12.00 p50=-12.00 p05=-12.00 p95=-12.00
  [diag] sat-dist hist bins=60 sat<0.05=0.0% mean=0.995 p10=0.994 p90=0.995
  [diag] z-gate sat-dist hist bins=60 mean=0.119 p10=0.119 p90=0.119
  [diag] r-gate sat-dist hist bins=60 mean=0.499 p10=0.499 p90=0.499
Iter 0021020: train nll 0.046, valid error 036.990%, best valid error 024.250%, avg grad norm   0.078, avg grad norm (post clip)   0.000, rho_Whh  0.08, Omega  0.00, alpha  0.000, steps in the past 0.000, valid nll 0.048, valid mae 0.178, err@0.05 085.81%, err@0.10 071.01%, err@0.20 036.99%, maxae 0.746
  [diag] log10|dL/dh_t| hist bins=60 range=(-12.50,-11.50) mean=-12.00 p50=-12.00 p05=-12.00 p95=-12.00
  [diag] sat-dist hist bins=60 sat<0.05=0.0% mean=0.995 p10=0.994 p90=0.995
  [diag] z-gate sat-dist hist bins=60 mean=0.119 p10=0.119 p90=0.119
  [diag] r-gate sat-dist hist bins=60 mean=0.499 p10=0.499 p90=0.499
Iter 0021040: train nll 0.050, valid error 038.110%, best valid error 024.250%, avg grad norm   0.090, avg grad norm (post clip)   0.000, rho_Whh  0.08, Omega  0.00, alpha  0.000, steps in the past 0.000, valid nll 0.048, valid mae 0.178, err@0.05 085.93%, err@0.10 071.52%, err@0.20 038.11%, maxae 0.741
  [diag] log10|dL/dh_t| hist bins=60 range=(-12.50,-11.50) mean=-12.00 p50=-12.00 p05=-12.00 p95=-12.00
  [diag] sat-dist hist bins=60 sat<0.05=0.0% mean=0.995 p10=0.994 p90=0.995
  [diag] z-gate sat-dist hist bins=60 mean=0.119 p10=0.119 p90=0.119
  [diag] r-gate sat-dist hist bins=60 mean=0.499 p10=0.499 p90=0.499
Iter 0021060: train nll 0.054, valid error 039.080%, best valid error 024.250%, avg grad norm   0.105, avg grad norm (post clip)   0.000, rho_Whh  0.08, Omega  0.00, alpha  0.000, steps in the past 0.000, valid nll 0.048, valid mae 0.179, err@0.05 086.20%, err@0.10 071.67%, err@0.20 039.08%, maxae 0.737
  [diag] log10|dL/dh_t| hist bins=60 range=(-12.50,-11.50) mean=-12.00 p50=-12.00 p05=-12.00 p95=-12.00
  [diag] sat-dist hist bins=60 sat<0.05=0.0% mean=0.995 p10=0.994 p90=0.995
  [diag] z-gate sat-dist hist bins=60 mean=0.119 p10=0.119 p90=0.119
  [diag] r-gate sat-dist hist bins=60 mean=0.499 p10=0.499 p90=0.499
Iter 0021080: train nll 0.048, valid error 039.190%, best valid error 024.250%, avg grad norm   0.094, avg grad norm (post clip)   0.000, rho_Whh  0.08, Omega  0.00, alpha  0.000, steps in the past 0.000, valid nll 0.048, valid mae 0.179, err@0.05 086.29%, err@0.10 071.71%, err@0.20 039.19%, maxae 0.736
  [diag] log10|dL/dh_t| hist bins=60 range=(-12.50,-11.50) mean=-12.00 p50=-12.00 p05=-12.00 p95=-12.00
  [diag] sat-dist hist bins=60 sat<0.05=0.0% mean=0.995 p10=0.994 p90=0.995
  [diag] z-gate sat-dist hist bins=60 mean=0.119 p10=0.119 p90=0.119
  [diag] r-gate sat-dist hist bins=60 mean=0.499 p10=0.499 p90=0.499
Iter 0021100: train nll 0.045, valid error 039.440%, best valid error 024.250%, avg grad norm   0.063, avg grad norm (post clip)   0.000, rho_Whh  0.08, Omega  0.00, alpha  0.000, steps in the past 0.000, valid nll 0.048, valid mae 0.180, err@0.05 086.28%, err@0.10 071.89%, err@0.20 039.44%, maxae 0.735
  [diag] log10|dL/dh_t| hist bins=60 range=(-12.50,-11.50) mean=-12.00 p50=-12.00 p05=-12.00 p95=-12.00
  [diag] sat-dist hist bins=60 sat<0.05=0.0% mean=0.995 p10=0.994 p90=0.995
  [diag] z-gate sat-dist hist bins=60 mean=0.119 p10=0.119 p90=0.119
  [diag] r-gate sat-dist hist bins=60 mean=0.499 p10=0.499 p90=0.499
Iter 0021120: train nll 0.048, valid error 039.170%, best valid error 024.250%, avg grad norm   0.101, avg grad norm (post clip)   0.000, rho_Whh  0.08, Omega  0.00, alpha  0.000, steps in the past 0.000, valid nll 0.048, valid mae 0.179, err@0.05 086.23%, err@0.10 071.69%, err@0.20 039.17%, maxae 0.736
  [diag] log10|dL/dh_t| hist bins=60 range=(-12.50,-11.50) mean=-12.00 p50=-12.00 p05=-12.00 p95=-12.00
  [diag] sat-dist hist bins=60 sat<0.05=0.0% mean=0.995 p10=0.994 p90=0.995
  [diag] z-gate sat-dist hist bins=60 mean=0.119 p10=0.119 p90=0.119
  [diag] r-gate sat-dist hist bins=60 mean=0.499 p10=0.499 p90=0.499
Iter 0021140: train nll 0.055, valid error 039.900%, best valid error 024.250%, avg grad norm   0.079, avg grad norm (post clip)   0.000, rho_Whh  0.08, Omega  0.00, alpha  0.000, steps in the past 0.000, valid nll 0.048, valid mae 0.180, err@0.05 086.31%, err@0.10 072.11%, err@0.20 039.90%, maxae 0.733
  [diag] log10|dL/dh_t| hist bins=60 range=(-12.50,-11.50) mean=-12.00 p50=-12.00 p05=-12.00 p95=-12.00
  [diag] sat-dist hist bins=60 sat<0.05=0.0% mean=0.994 p10=0.994 p90=0.995
  [diag] z-gate sat-dist hist bins=60 mean=0.119 p10=0.119 p90=0.119
  [diag] r-gate sat-dist hist bins=60 mean=0.499 p10=0.499 p90=0.499
Iter 0021160: train nll 0.054, valid error 041.100%, best valid error 024.250%, avg grad norm   0.067, avg grad norm (post clip)   0.000, rho_Whh  0.08, Omega  0.00, alpha  0.000, steps in the past 0.000, valid nll 0.048, valid mae 0.181, err@0.05 086.66%, err@0.10 072.34%, err@0.20 041.10%, maxae 0.728
  [diag] log10|dL/dh_t| hist bins=60 range=(-12.50,-11.50) mean=-12.00 p50=-12.00 p05=-12.00 p95=-12.00
  [diag] sat-dist hist bins=60 sat<0.05=0.0% mean=0.995 p10=0.994 p90=0.995
  [diag] z-gate sat-dist hist bins=60 mean=0.119 p10=0.119 p90=0.119
  [diag] r-gate sat-dist hist bins=60 mean=0.499 p10=0.499 p90=0.499
Iter 0021180: train nll 0.048, valid error 039.110%, best valid error 024.250%, avg grad norm   0.081, avg grad norm (post clip)   0.000, rho_Whh  0.08, Omega  0.00, alpha  0.000, steps in the past 0.000, valid nll 0.048, valid mae 0.179, err@0.05 086.18%, err@0.10 071.67%, err@0.20 039.11%, maxae 0.736
  [diag] log10|dL/dh_t| hist bins=60 range=(-12.50,-11.50) mean=-12.00 p50=-12.00 p05=-12.00 p95=-12.00
  [diag] sat-dist hist bins=60 sat<0.05=0.0% mean=0.995 p10=0.994 p90=0.995
  [diag] z-gate sat-dist hist bins=60 mean=0.119 p10=0.119 p90=0.119
  [diag] r-gate sat-dist hist bins=60 mean=0.499 p10=0.499 p90=0.499
Iter 0021200: train nll 0.049, valid error 040.180%, best valid error 024.250%, avg grad norm   0.055, avg grad norm (post clip)   0.000, rho_Whh  0.08, Omega  0.00, alpha  0.000, steps in the past 0.000, valid nll 0.048, valid mae 0.180, err@0.05 086.30%, err@0.10 072.11%, err@0.20 040.18%, maxae 0.731
  [diag] log10|dL/dh_t| hist bins=60 range=(-12.50,-11.50) mean=-12.00 p50=-12.00 p05=-12.00 p95=-12.00
  [diag] sat-dist hist bins=60 sat<0.05=0.0% mean=0.995 p10=0.994 p90=0.995
  [diag] z-gate sat-dist hist bins=60 mean=0.119 p10=0.119 p90=0.119
  [diag] r-gate sat-dist hist bins=60 mean=0.499 p10=0.499 p90=0.499
Iter 0021220: train nll 0.045, valid error 038.490%, best valid error 024.250%, avg grad norm   0.065, avg grad norm (post clip)   0.000, rho_Whh  0.08, Omega  0.00, alpha  0.000, steps in the past 0.000, valid nll 0.048, valid mae 0.179, err@0.05 085.99%, err@0.10 071.62%, err@0.20 038.49%, maxae 0.739
  [diag] log10|dL/dh_t| hist bins=60 range=(-12.50,-11.50) mean=-12.00 p50=-12.00 p05=-12.00 p95=-12.00
  [diag] sat-dist hist bins=60 sat<0.05=0.0% mean=0.995 p10=0.994 p90=0.995
  [diag] z-gate sat-dist hist bins=60 mean=0.119 p10=0.119 p90=0.119
  [diag] r-gate sat-dist hist bins=60 mean=0.499 p10=0.499 p90=0.499
Iter 0021240: train nll 0.045, valid error 038.430%, best valid error 024.250%, avg grad norm   0.064, avg grad norm (post clip)   0.000, rho_Whh  0.08, Omega  0.00, alpha  0.000, steps in the past 0.000, valid nll 0.048, valid mae 0.179, err@0.05 085.98%, err@0.10 071.58%, err@0.20 038.43%, maxae 0.739
  [diag] log10|dL/dh_t| hist bins=60 range=(-12.50,-11.50) mean=-12.00 p50=-12.00 p05=-12.00 p95=-12.00
  [diag] sat-dist hist bins=60 sat<0.05=0.0% mean=0.995 p10=0.994 p90=0.995
  [diag] z-gate sat-dist hist bins=60 mean=0.119 p10=0.119 p90=0.119
  [diag] r-gate sat-dist hist bins=60 mean=0.499 p10=0.499 p90=0.499
Iter 0021260: train nll 0.050, valid error 038.620%, best valid error 024.250%, avg grad norm   0.080, avg grad norm (post clip)   0.000, rho_Whh  0.08, Omega  0.00, alpha  0.000, steps in the past 0.000, valid nll 0.048, valid mae 0.179, err@0.05 085.97%, err@0.10 071.60%, err@0.20 038.62%, maxae 0.739
  [diag] log10|dL/dh_t| hist bins=60 range=(-12.50,-11.50) mean=-12.00 p50=-12.00 p05=-12.00 p95=-12.00
  [diag] sat-dist hist bins=60 sat<0.05=0.0% mean=0.995 p10=0.994 p90=0.995
  [diag] z-gate sat-dist hist bins=60 mean=0.119 p10=0.119 p90=0.119
  [diag] r-gate sat-dist hist bins=60 mean=0.499 p10=0.499 p90=0.499
Iter 0021280: train nll 0.046, valid error 038.800%, best valid error 024.250%, avg grad norm   0.076, avg grad norm (post clip)   0.000, rho_Whh  0.08, Omega  0.00, alpha  0.000, steps in the past 0.000, valid nll 0.048, valid mae 0.179, err@0.05 086.08%, err@0.10 071.61%, err@0.20 038.80%, maxae 0.738
  [diag] log10|dL/dh_t| hist bins=60 range=(-12.50,-11.50) mean=-12.00 p50=-12.00 p05=-12.00 p95=-12.00
  [diag] sat-dist hist bins=60 sat<0.05=0.0% mean=0.995 p10=0.994 p90=0.995
  [diag] z-gate sat-dist hist bins=60 mean=0.119 p10=0.119 p90=0.119
  [diag] r-gate sat-dist hist bins=60 mean=0.499 p10=0.499 p90=0.499
Iter 0021300: train nll 0.054, valid error 039.190%, best valid error 024.250%, avg grad norm   0.073, avg grad norm (post clip)   0.000, rho_Whh  0.08, Omega  0.00, alpha  0.000, steps in the past 0.000, valid nll 0.048, valid mae 0.179, err@0.05 086.29%, err@0.10 071.71%, err@0.20 039.19%, maxae 0.736
  [diag] log10|dL/dh_t| hist bins=60 range=(-12.50,-11.50) mean=-12.00 p50=-12.00 p05=-12.00 p95=-12.00
  [diag] sat-dist hist bins=60 sat<0.05=0.0% mean=0.995 p10=0.994 p90=0.995
  [diag] z-gate sat-dist hist bins=60 mean=0.119 p10=0.119 p90=0.119
  [diag] r-gate sat-dist hist bins=60 mean=0.499 p10=0.499 p90=0.499
Iter 0021320: train nll 0.052, valid error 039.050%, best valid error 024.250%, avg grad norm   0.081, avg grad norm (post clip)   0.000, rho_Whh  0.08, Omega  0.00, alpha  0.000, steps in the past 0.000, valid nll 0.048, valid mae 0.179, err@0.05 086.19%, err@0.10 071.66%, err@0.20 039.05%, maxae 0.737
  [diag] log10|dL/dh_t| hist bins=60 range=(-12.50,-11.50) mean=-12.00 p50=-12.00 p05=-12.00 p95=-12.00
  [diag] sat-dist hist bins=60 sat<0.05=0.0% mean=0.995 p10=0.994 p90=0.995
  [diag] z-gate sat-dist hist bins=60 mean=0.119 p10=0.119 p90=0.119
  [diag] r-gate sat-dist hist bins=60 mean=0.499 p10=0.499 p90=0.499
Iter 0021340: train nll 0.047, valid error 038.930%, best valid error 024.250%, avg grad norm   0.093, avg grad norm (post clip)   0.000, rho_Whh  0.08, Omega  0.00, alpha  0.000, steps in the past 0.000, valid nll 0.048, valid mae 0.179, err@0.05 086.12%, err@0.10 071.64%, err@0.20 038.93%, maxae 0.737
  [diag] log10|dL/dh_t| hist bins=60 range=(-12.50,-11.50) mean=-12.00 p50=-12.00 p05=-12.00 p95=-12.00
  [diag] sat-dist hist bins=60 sat<0.05=0.0% mean=0.995 p10=0.994 p90=0.995
  [diag] z-gate sat-dist hist bins=60 mean=0.119 p10=0.119 p90=0.119
  [diag] r-gate sat-dist hist bins=60 mean=0.499 p10=0.499 p90=0.499
Iter 0021360: train nll 0.053, valid error 038.980%, best valid error 024.250%, avg grad norm   0.091, avg grad norm (post clip)   0.000, rho_Whh  0.08, Omega  0.00, alpha  0.000, steps in the past 0.000, valid nll 0.048, valid mae 0.179, err@0.05 086.13%, err@0.10 071.63%, err@0.20 038.98%, maxae 0.737
  [diag] log10|dL/dh_t| hist bins=60 range=(-12.50,-11.50) mean=-12.00 p50=-12.00 p05=-12.00 p95=-12.00
  [diag] sat-dist hist bins=60 sat<0.05=0.0% mean=0.995 p10=0.994 p90=0.995
  [diag] z-gate sat-dist hist bins=60 mean=0.119 p10=0.119 p90=0.119
  [diag] r-gate sat-dist hist bins=60 mean=0.499 p10=0.499 p90=0.499
Iter 0021380: train nll 0.049, valid error 038.720%, best valid error 024.250%, avg grad norm   0.094, avg grad norm (post clip)   0.000, rho_Whh  0.08, Omega  0.00, alpha  0.000, steps in the past 0.000, valid nll 0.048, valid mae 0.179, err@0.05 086.00%, err@0.10 071.57%, err@0.20 038.72%, maxae 0.738
  [diag] log10|dL/dh_t| hist bins=60 range=(-12.50,-11.50) mean=-12.00 p50=-12.00 p05=-12.00 p95=-12.00
  [diag] sat-dist hist bins=60 sat<0.05=0.0% mean=0.995 p10=0.994 p90=0.995
  [diag] z-gate sat-dist hist bins=60 mean=0.119 p10=0.119 p90=0.119
  [diag] r-gate sat-dist hist bins=60 mean=0.499 p10=0.499 p90=0.499
Iter 0021400: train nll 0.042, valid error 039.310%, best valid error 024.250%, avg grad norm   0.053, avg grad norm (post clip)   0.000, rho_Whh  0.08, Omega  0.00, alpha  0.000, steps in the past 0.000, valid nll 0.048, valid mae 0.180, err@0.05 086.26%, err@0.10 071.75%, err@0.20 039.31%, maxae 0.736
  [diag] log10|dL/dh_t| hist bins=60 range=(-12.50,-11.50) mean=-12.00 p50=-12.00 p05=-12.00 p95=-12.00
  [diag] sat-dist hist bins=60 sat<0.05=0.0% mean=0.995 p10=0.994 p90=0.995
  [diag] z-gate sat-dist hist bins=60 mean=0.119 p10=0.119 p90=0.119
  [diag] r-gate sat-dist hist bins=60 mean=0.499 p10=0.499 p90=0.499
Iter 0021420: train nll 0.053, valid error 039.630%, best valid error 024.250%, avg grad norm   0.057, avg grad norm (post clip)   0.000, rho_Whh  0.08, Omega  0.00, alpha  0.000, steps in the past 0.000, valid nll 0.048, valid mae 0.180, err@0.05 086.34%, err@0.10 071.94%, err@0.20 039.63%, maxae 0.734
  [diag] log10|dL/dh_t| hist bins=60 range=(-12.50,-11.50) mean=-12.00 p50=-12.00 p05=-12.00 p95=-12.00
  [diag] sat-dist hist bins=60 sat<0.05=0.0% mean=0.995 p10=0.994 p90=0.995
  [diag] z-gate sat-dist hist bins=60 mean=0.119 p10=0.119 p90=0.119
  [diag] r-gate sat-dist hist bins=60 mean=0.499 p10=0.499 p90=0.499
Iter 0021440: train nll 0.049, valid error 039.170%, best valid error 024.250%, avg grad norm   0.091, avg grad norm (post clip)   0.000, rho_Whh  0.08, Omega  0.00, alpha  0.000, steps in the past 0.000, valid nll 0.048, valid mae 0.179, err@0.05 086.22%, err@0.10 071.69%, err@0.20 039.17%, maxae 0.736
  [diag] log10|dL/dh_t| hist bins=60 range=(-12.50,-11.50) mean=-12.00 p50=-12.00 p05=-12.00 p95=-12.00
  [diag] sat-dist hist bins=60 sat<0.05=0.0% mean=0.995 p10=0.994 p90=0.995
  [diag] z-gate sat-dist hist bins=60 mean=0.119 p10=0.119 p90=0.119
  [diag] r-gate sat-dist hist bins=60 mean=0.499 p10=0.499 p90=0.499
Iter 0021460: train nll 0.046, valid error 038.270%, best valid error 024.250%, avg grad norm   0.062, avg grad norm (post clip)   0.000, rho_Whh  0.08, Omega  0.00, alpha  0.000, steps in the past 0.000, valid nll 0.048, valid mae 0.179, err@0.05 085.92%, err@0.10 071.52%, err@0.20 038.27%, maxae 0.740
  [diag] log10|dL/dh_t| hist bins=60 range=(-12.50,-11.50) mean=-12.00 p50=-12.00 p05=-12.00 p95=-12.00
  [diag] sat-dist hist bins=60 sat<0.05=0.0% mean=0.995 p10=0.994 p90=0.995
  [diag] z-gate sat-dist hist bins=60 mean=0.119 p10=0.119 p90=0.119
  [diag] r-gate sat-dist hist bins=60 mean=0.499 p10=0.499 p90=0.499
Iter 0021480: train nll 0.047, valid error 037.520%, best valid error 024.250%, avg grad norm   0.070, avg grad norm (post clip)   0.000, rho_Whh  0.08, Omega  0.00, alpha  0.000, steps in the past 0.000, valid nll 0.048, valid mae 0.178, err@0.05 085.88%, err@0.10 071.20%, err@0.20 037.52%, maxae 0.744
  [diag] log10|dL/dh_t| hist bins=60 range=(-12.50,-11.50) mean=-12.00 p50=-12.00 p05=-12.00 p95=-12.00
  [diag] sat-dist hist bins=60 sat<0.05=0.0% mean=0.995 p10=0.994 p90=0.995
  [diag] z-gate sat-dist hist bins=60 mean=0.119 p10=0.119 p90=0.119
  [diag] r-gate sat-dist hist bins=60 mean=0.499 p10=0.499 p90=0.499
Iter 0021500: train nll 0.052, valid error 037.920%, best valid error 024.250%, avg grad norm   0.093, avg grad norm (post clip)   0.000, rho_Whh  0.08, Omega  0.00, alpha  0.000, steps in the past 0.000, valid nll 0.048, valid mae 0.178, err@0.05 085.90%, err@0.10 071.37%, err@0.20 037.92%, maxae 0.742
  [diag] log10|dL/dh_t| hist bins=60 range=(-12.50,-11.50) mean=-12.00 p50=-12.00 p05=-12.00 p95=-12.00
  [diag] sat-dist hist bins=60 sat<0.05=0.0% mean=0.995 p10=0.994 p90=0.995
  [diag] z-gate sat-dist hist bins=60 mean=0.119 p10=0.119 p90=0.119
  [diag] r-gate sat-dist hist bins=60 mean=0.499 p10=0.499 p90=0.499
Iter 0021520: train nll 0.047, valid error 037.820%, best valid error 024.250%, avg grad norm   0.097, avg grad norm (post clip)   0.000, rho_Whh  0.08, Omega  0.00, alpha  0.000, steps in the past 0.000, valid nll 0.048, valid mae 0.178, err@0.05 085.91%, err@0.10 071.28%, err@0.20 037.82%, maxae 0.742
  [diag] log10|dL/dh_t| hist bins=60 range=(-12.50,-11.50) mean=-12.00 p50=-12.00 p05=-12.00 p95=-12.00
  [diag] sat-dist hist bins=60 sat<0.05=0.0% mean=0.995 p10=0.994 p90=0.995
  [diag] z-gate sat-dist hist bins=60 mean=0.119 p10=0.119 p90=0.119
  [diag] r-gate sat-dist hist bins=60 mean=0.499 p10=0.499 p90=0.499
Iter 0021540: train nll 0.044, valid error 036.150%, best valid error 024.250%, avg grad norm   0.097, avg grad norm (post clip)   0.000, rho_Whh  0.08, Omega  0.00, alpha  0.000, steps in the past 0.000, valid nll 0.048, valid mae 0.177, err@0.05 085.61%, err@0.10 070.72%, err@0.20 036.15%, maxae 0.750
  [diag] log10|dL/dh_t| hist bins=60 range=(-12.50,-11.50) mean=-12.00 p50=-12.00 p05=-12.00 p95=-12.00
  [diag] sat-dist hist bins=60 sat<0.05=0.0% mean=0.995 p10=0.994 p90=0.995
  [diag] z-gate sat-dist hist bins=60 mean=0.119 p10=0.119 p90=0.119
  [diag] r-gate sat-dist hist bins=60 mean=0.499 p10=0.499 p90=0.499
Iter 0021560: train nll 0.045, valid error 036.720%, best valid error 024.250%, avg grad norm   0.065, avg grad norm (post clip)   0.000, rho_Whh  0.08, Omega  0.00, alpha  0.000, steps in the past 0.000, valid nll 0.048, valid mae 0.177, err@0.05 085.69%, err@0.10 070.88%, err@0.20 036.72%, maxae 0.747
  [diag] log10|dL/dh_t| hist bins=60 range=(-12.50,-11.50) mean=-12.00 p50=-12.00 p05=-12.00 p95=-12.00
  [diag] sat-dist hist bins=60 sat<0.05=0.0% mean=0.995 p10=0.994 p90=0.995
  [diag] z-gate sat-dist hist bins=60 mean=0.119 p10=0.119 p90=0.119
  [diag] r-gate sat-dist hist bins=60 mean=0.499 p10=0.499 p90=0.499
Iter 0021580: train nll 0.049, valid error 037.860%, best valid error 024.250%, avg grad norm   0.083, avg grad norm (post clip)   0.000, rho_Whh  0.08, Omega  0.00, alpha  0.000, steps in the past 0.000, valid nll 0.048, valid mae 0.178, err@0.05 085.91%, err@0.10 071.32%, err@0.20 037.86%, maxae 0.742
  [diag] log10|dL/dh_t| hist bins=60 range=(-12.50,-11.50) mean=-12.00 p50=-12.00 p05=-12.00 p95=-12.00
  [diag] sat-dist hist bins=60 sat<0.05=0.0% mean=0.995 p10=0.994 p90=0.995
  [diag] z-gate sat-dist hist bins=60 mean=0.119 p10=0.119 p90=0.119
  [diag] r-gate sat-dist hist bins=60 mean=0.499 p10=0.499 p90=0.499
Iter 0021600: train nll 0.055, valid error 039.770%, best valid error 024.250%, avg grad norm   0.103, avg grad norm (post clip)   0.000, rho_Whh  0.08, Omega  0.00, alpha  0.000, steps in the past 0.000, valid nll 0.048, valid mae 0.180, err@0.05 086.33%, err@0.10 072.04%, err@0.20 039.77%, maxae 0.733
  [diag] log10|dL/dh_t| hist bins=60 range=(-12.50,-11.50) mean=-12.00 p50=-12.00 p05=-12.00 p95=-12.00
  [diag] sat-dist hist bins=60 sat<0.05=0.0% mean=0.994 p10=0.994 p90=0.995
  [diag] z-gate sat-dist hist bins=60 mean=0.119 p10=0.119 p90=0.119
  [diag] r-gate sat-dist hist bins=60 mean=0.499 p10=0.499 p90=0.499
Iter 0021620: train nll 0.055, valid error 041.520%, best valid error 024.250%, avg grad norm   0.094, avg grad norm (post clip)   0.000, rho_Whh  0.08, Omega  0.00, alpha  0.000, steps in the past 0.000, valid nll 0.048, valid mae 0.182, err@0.05 086.65%, err@0.10 072.54%, err@0.20 041.52%, maxae 0.725
  [diag] log10|dL/dh_t| hist bins=60 range=(-12.50,-11.50) mean=-12.00 p50=-12.00 p05=-12.00 p95=-12.00
  [diag] sat-dist hist bins=60 sat<0.05=0.0% mean=0.994 p10=0.994 p90=0.995
  [diag] z-gate sat-dist hist bins=60 mean=0.119 p10=0.119 p90=0.119
  [diag] r-gate sat-dist hist bins=60 mean=0.499 p10=0.499 p90=0.499
Iter 0021640: train nll 0.047, valid error 041.110%, best valid error 024.250%, avg grad norm   0.087, avg grad norm (post clip)   0.000, rho_Whh  0.08, Omega  0.00, alpha  0.000, steps in the past 0.000, valid nll 0.048, valid mae 0.181, err@0.05 086.66%, err@0.10 072.32%, err@0.20 041.11%, maxae 0.728
  [diag] log10|dL/dh_t| hist bins=60 range=(-12.50,-11.50) mean=-12.00 p50=-12.00 p05=-12.00 p95=-12.00
  [diag] sat-dist hist bins=60 sat<0.05=0.0% mean=0.995 p10=0.994 p90=0.995
  [diag] z-gate sat-dist hist bins=60 mean=0.119 p10=0.119 p90=0.119
  [diag] r-gate sat-dist hist bins=60 mean=0.499 p10=0.499 p90=0.499
Iter 0021660: train nll 0.049, valid error 040.240%, best valid error 024.250%, avg grad norm   0.094, avg grad norm (post clip)   0.000, rho_Whh  0.08, Omega  0.00, alpha  0.000, steps in the past 0.000, valid nll 0.048, valid mae 0.180, err@0.05 086.33%, err@0.10 072.09%, err@0.20 040.24%, maxae 0.731
  [diag] log10|dL/dh_t| hist bins=60 range=(-12.50,-11.50) mean=-12.00 p50=-12.00 p05=-12.00 p95=-12.00
  [diag] sat-dist hist bins=60 sat<0.05=0.0% mean=0.995 p10=0.994 p90=0.995
  [diag] z-gate sat-dist hist bins=60 mean=0.119 p10=0.119 p90=0.119
  [diag] r-gate sat-dist hist bins=60 mean=0.499 p10=0.499 p90=0.499
Iter 0021680: train nll 0.046, valid error 038.730%, best valid error 024.250%, avg grad norm   0.073, avg grad norm (post clip)   0.000, rho_Whh  0.08, Omega  0.00, alpha  0.000, steps in the past 0.000, valid nll 0.048, valid mae 0.179, err@0.05 085.99%, err@0.10 071.55%, err@0.20 038.73%, maxae 0.738
  [diag] log10|dL/dh_t| hist bins=60 range=(-12.50,-11.50) mean=-12.00 p50=-12.00 p05=-12.00 p95=-12.00
  [diag] sat-dist hist bins=60 sat<0.05=0.0% mean=0.995 p10=0.994 p90=0.995
  [diag] z-gate sat-dist hist bins=60 mean=0.119 p10=0.119 p90=0.119
  [diag] r-gate sat-dist hist bins=60 mean=0.499 p10=0.499 p90=0.499
Iter 0021700: train nll 0.050, valid error 037.910%, best valid error 024.250%, avg grad norm   0.095, avg grad norm (post clip)   0.000, rho_Whh  0.08, Omega  0.00, alpha  0.000, steps in the past 0.000, valid nll 0.048, valid mae 0.178, err@0.05 085.92%, err@0.10 071.38%, err@0.20 037.91%, maxae 0.742
  [diag] log10|dL/dh_t| hist bins=60 range=(-12.50,-11.50) mean=-12.00 p50=-12.00 p05=-12.00 p95=-12.00
  [diag] sat-dist hist bins=60 sat<0.05=0.0% mean=0.995 p10=0.994 p90=0.995
  [diag] z-gate sat-dist hist bins=60 mean=0.119 p10=0.119 p90=0.119
  [diag] r-gate sat-dist hist bins=60 mean=0.499 p10=0.499 p90=0.499
Iter 0021720: train nll 0.042, valid error 037.460%, best valid error 024.250%, avg grad norm   0.080, avg grad norm (post clip)   0.000, rho_Whh  0.08, Omega  0.00, alpha  0.000, steps in the past 0.000, valid nll 0.048, valid mae 0.178, err@0.05 085.91%, err@0.10 071.18%, err@0.20 037.46%, maxae 0.744
  [diag] log10|dL/dh_t| hist bins=60 range=(-12.50,-11.50) mean=-12.00 p50=-12.00 p05=-12.00 p95=-12.00
  [diag] sat-dist hist bins=60 sat<0.05=0.0% mean=0.995 p10=0.994 p90=0.995
  [diag] z-gate sat-dist hist bins=60 mean=0.119 p10=0.119 p90=0.119
  [diag] r-gate sat-dist hist bins=60 mean=0.499 p10=0.499 p90=0.499
Iter 0021740: train nll 0.044, valid error 037.310%, best valid error 024.250%, avg grad norm   0.085, avg grad norm (post clip)   0.000, rho_Whh  0.08, Omega  0.00, alpha  0.000, steps in the past 0.000, valid nll 0.048, valid mae 0.178, err@0.05 085.78%, err@0.10 071.07%, err@0.20 037.31%, maxae 0.745
  [diag] log10|dL/dh_t| hist bins=60 range=(-12.50,-11.50) mean=-12.00 p50=-12.00 p05=-12.00 p95=-12.00
  [diag] sat-dist hist bins=60 sat<0.05=0.0% mean=0.995 p10=0.994 p90=0.995
  [diag] z-gate sat-dist hist bins=60 mean=0.119 p10=0.119 p90=0.119
  [diag] r-gate sat-dist hist bins=60 mean=0.499 p10=0.499 p90=0.499
Iter 0021760: train nll 0.052, valid error 037.940%, best valid error 024.250%, avg grad norm   0.093, avg grad norm (post clip)   0.000, rho_Whh  0.08, Omega  0.00, alpha  0.000, steps in the past 0.000, valid nll 0.048, valid mae 0.178, err@0.05 085.88%, err@0.10 071.35%, err@0.20 037.94%, maxae 0.742
  [diag] log10|dL/dh_t| hist bins=60 range=(-12.50,-11.50) mean=-12.00 p50=-12.00 p05=-12.00 p95=-12.00
  [diag] sat-dist hist bins=60 sat<0.05=0.0% mean=0.995 p10=0.994 p90=0.995
  [diag] z-gate sat-dist hist bins=60 mean=0.119 p10=0.119 p90=0.119
  [diag] r-gate sat-dist hist bins=60 mean=0.499 p10=0.499 p90=0.499
Iter 0021780: train nll 0.049, valid error 037.520%, best valid error 024.250%, avg grad norm   0.088, avg grad norm (post clip)   0.000, rho_Whh  0.08, Omega  0.00, alpha  0.000, steps in the past 0.000, valid nll 0.048, valid mae 0.178, err@0.05 085.88%, err@0.10 071.20%, err@0.20 037.52%, maxae 0.744
  [diag] log10|dL/dh_t| hist bins=60 range=(-12.50,-11.50) mean=-12.00 p50=-12.00 p05=-12.00 p95=-12.00
  [diag] sat-dist hist bins=60 sat<0.05=0.0% mean=0.995 p10=0.994 p90=0.995
  [diag] z-gate sat-dist hist bins=60 mean=0.119 p10=0.119 p90=0.119
  [diag] r-gate sat-dist hist bins=60 mean=0.499 p10=0.499 p90=0.499
Iter 0021800: train nll 0.043, valid error 037.080%, best valid error 024.250%, avg grad norm   0.092, avg grad norm (post clip)   0.000, rho_Whh  0.08, Omega  0.00, alpha  0.000, steps in the past 0.000, valid nll 0.048, valid mae 0.178, err@0.05 085.79%, err@0.10 071.00%, err@0.20 037.08%, maxae 0.746
  [diag] log10|dL/dh_t| hist bins=60 range=(-12.50,-11.50) mean=-12.00 p50=-12.00 p05=-12.00 p95=-12.00
  [diag] sat-dist hist bins=60 sat<0.05=0.0% mean=0.995 p10=0.994 p90=0.995
  [diag] z-gate sat-dist hist bins=60 mean=0.119 p10=0.119 p90=0.119
  [diag] r-gate sat-dist hist bins=60 mean=0.499 p10=0.499 p90=0.499
Iter 0021820: train nll 0.045, valid error 035.680%, best valid error 024.250%, avg grad norm   0.075, avg grad norm (post clip)   0.000, rho_Whh  0.08, Omega  0.00, alpha  0.000, steps in the past 0.000, valid nll 0.048, valid mae 0.177, err@0.05 085.44%, err@0.10 070.56%, err@0.20 035.68%, maxae 0.751
  [diag] log10|dL/dh_t| hist bins=60 range=(-12.50,-11.50) mean=-12.00 p50=-12.00 p05=-12.00 p95=-12.00
  [diag] sat-dist hist bins=60 sat<0.05=0.0% mean=0.995 p10=0.994 p90=0.995
  [diag] z-gate sat-dist hist bins=60 mean=0.119 p10=0.119 p90=0.119
  [diag] r-gate sat-dist hist bins=60 mean=0.499 p10=0.499 p90=0.499
Iter 0021840: train nll 0.052, valid error 036.720%, best valid error 024.250%, avg grad norm   0.075, avg grad norm (post clip)   0.000, rho_Whh  0.08, Omega  0.00, alpha  0.000, steps in the past 0.000, valid nll 0.048, valid mae 0.177, err@0.05 085.69%, err@0.10 070.89%, err@0.20 036.72%, maxae 0.747
  [diag] log10|dL/dh_t| hist bins=60 range=(-12.50,-11.50) mean=-12.00 p50=-12.00 p05=-12.00 p95=-12.00
  [diag] sat-dist hist bins=60 sat<0.05=0.0% mean=0.995 p10=0.994 p90=0.995
  [diag] z-gate sat-dist hist bins=60 mean=0.119 p10=0.119 p90=0.119
  [diag] r-gate sat-dist hist bins=60 mean=0.499 p10=0.499 p90=0.499
Iter 0021860: train nll 0.050, valid error 036.600%, best valid error 024.250%, avg grad norm   0.095, avg grad norm (post clip)   0.000, rho_Whh  0.08, Omega  0.00, alpha  0.000, steps in the past 0.000, valid nll 0.048, valid mae 0.177, err@0.05 085.70%, err@0.10 070.81%, err@0.20 036.60%, maxae 0.747
  [diag] log10|dL/dh_t| hist bins=60 range=(-12.50,-11.50) mean=-12.00 p50=-12.00 p05=-12.00 p95=-12.00
  [diag] sat-dist hist bins=60 sat<0.05=0.0% mean=0.995 p10=0.994 p90=0.995
  [diag] z-gate sat-dist hist bins=60 mean=0.119 p10=0.119 p90=0.119
  [diag] r-gate sat-dist hist bins=60 mean=0.499 p10=0.499 p90=0.499
Iter 0021880: train nll 0.054, valid error 037.730%, best valid error 024.250%, avg grad norm   0.080, avg grad norm (post clip)   0.000, rho_Whh  0.08, Omega  0.00, alpha  0.000, steps in the past 0.000, valid nll 0.048, valid mae 0.178, err@0.05 085.92%, err@0.10 071.24%, err@0.20 037.73%, maxae 0.743
  [diag] log10|dL/dh_t| hist bins=60 range=(-12.50,-11.50) mean=-12.00 p50=-12.00 p05=-12.00 p95=-12.00
  [diag] sat-dist hist bins=60 sat<0.05=0.0% mean=0.995 p10=0.994 p90=0.995
  [diag] z-gate sat-dist hist bins=60 mean=0.119 p10=0.119 p90=0.119
  [diag] r-gate sat-dist hist bins=60 mean=0.499 p10=0.499 p90=0.499
Iter 0021900: train nll 0.049, valid error 037.200%, best valid error 024.250%, avg grad norm   0.087, avg grad norm (post clip)   0.000, rho_Whh  0.08, Omega  0.00, alpha  0.000, steps in the past 0.000, valid nll 0.048, valid mae 0.178, err@0.05 085.81%, err@0.10 071.03%, err@0.20 037.20%, maxae 0.745
  [diag] log10|dL/dh_t| hist bins=60 range=(-12.50,-11.50) mean=-12.00 p50=-12.00 p05=-12.00 p95=-12.00
  [diag] sat-dist hist bins=60 sat<0.05=0.0% mean=0.995 p10=0.994 p90=0.995
  [diag] z-gate sat-dist hist bins=60 mean=0.119 p10=0.119 p90=0.119
  [diag] r-gate sat-dist hist bins=60 mean=0.499 p10=0.499 p90=0.499
Iter 0021920: train nll 0.052, valid error 037.580%, best valid error 024.250%, avg grad norm   0.068, avg grad norm (post clip)   0.000, rho_Whh  0.08, Omega  0.00, alpha  0.000, steps in the past 0.000, valid nll 0.048, valid mae 0.178, err@0.05 085.87%, err@0.10 071.19%, err@0.20 037.58%, maxae 0.744
  [diag] log10|dL/dh_t| hist bins=60 range=(-12.50,-11.50) mean=-12.00 p50=-12.00 p05=-12.00 p95=-12.00
  [diag] sat-dist hist bins=60 sat<0.05=0.0% mean=0.995 p10=0.994 p90=0.995
  [diag] z-gate sat-dist hist bins=60 mean=0.119 p10=0.119 p90=0.119
  [diag] r-gate sat-dist hist bins=60 mean=0.499 p10=0.499 p90=0.499
Iter 0021940: train nll 0.043, valid error 037.120%, best valid error 024.250%, avg grad norm   0.081, avg grad norm (post clip)   0.000, rho_Whh  0.08, Omega  0.00, alpha  0.000, steps in the past 0.000, valid nll 0.048, valid mae 0.178, err@0.05 085.79%, err@0.10 071.03%, err@0.20 037.12%, maxae 0.746
  [diag] log10|dL/dh_t| hist bins=60 range=(-12.50,-11.50) mean=-12.00 p50=-12.00 p05=-12.00 p95=-12.00
  [diag] sat-dist hist bins=60 sat<0.05=0.0% mean=0.995 p10=0.994 p90=0.995
  [diag] z-gate sat-dist hist bins=60 mean=0.119 p10=0.119 p90=0.119
  [diag] r-gate sat-dist hist bins=60 mean=0.499 p10=0.499 p90=0.499
Iter 0021960: train nll 0.050, valid error 037.550%, best valid error 024.250%, avg grad norm   0.101, avg grad norm (post clip)   0.000, rho_Whh  0.08, Omega  0.00, alpha  0.000, steps in the past 0.000, valid nll 0.048, valid mae 0.178, err@0.05 085.90%, err@0.10 071.20%, err@0.20 037.55%, maxae 0.744
  [diag] log10|dL/dh_t| hist bins=60 range=(-12.50,-11.50) mean=-12.00 p50=-12.00 p05=-12.00 p95=-12.00
  [diag] sat-dist hist bins=60 sat<0.05=0.0% mean=0.995 p10=0.994 p90=0.995
  [diag] z-gate sat-dist hist bins=60 mean=0.119 p10=0.119 p90=0.119
  [diag] r-gate sat-dist hist bins=60 mean=0.499 p10=0.499 p90=0.499
Iter 0021980: train nll 0.050, valid error 037.910%, best valid error 024.250%, avg grad norm   0.080, avg grad norm (post clip)   0.000, rho_Whh  0.08, Omega  0.00, alpha  0.000, steps in the past 0.000, valid nll 0.048, valid mae 0.178, err@0.05 085.91%, err@0.10 071.38%, err@0.20 037.91%, maxae 0.742
  [diag] log10|dL/dh_t| hist bins=60 range=(-12.50,-11.50) mean=-12.00 p50=-12.00 p05=-12.00 p95=-12.00
  [diag] sat-dist hist bins=60 sat<0.05=0.0% mean=0.995 p10=0.994 p90=0.995
  [diag] z-gate sat-dist hist bins=60 mean=0.119 p10=0.119 p90=0.119
  [diag] r-gate sat-dist hist bins=60 mean=0.499 p10=0.499 p90=0.499
Iter 0022000: train nll 0.056, valid error 039.080%, best valid error 024.250%, avg grad norm   0.098, avg grad norm (post clip)   0.000, rho_Whh  0.08, Omega  0.00, alpha  0.000, steps in the past 0.000, valid nll 0.048, valid mae 0.179, err@0.05 086.19%, err@0.10 071.67%, err@0.20 039.08%, maxae 0.737
  [diag] log10|dL/dh_t| hist bins=60 range=(-12.50,-11.50) mean=-12.00 p50=-12.00 p05=-12.00 p95=-12.00
  [diag] sat-dist hist bins=60 sat<0.05=0.0% mean=0.995 p10=0.994 p90=0.995
  [diag] z-gate sat-dist hist bins=60 mean=0.119 p10=0.119 p90=0.119
  [diag] r-gate sat-dist hist bins=60 mean=0.499 p10=0.499 p90=0.499
Iter 0022020: train nll 0.053, valid error 039.740%, best valid error 024.250%, avg grad norm   0.102, avg grad norm (post clip)   0.000, rho_Whh  0.08, Omega  0.00, alpha  0.000, steps in the past 0.000, valid nll 0.048, valid mae 0.180, err@0.05 086.32%, err@0.10 072.01%, err@0.20 039.74%, maxae 0.733
  [diag] log10|dL/dh_t| hist bins=60 range=(-12.50,-11.50) mean=-12.00 p50=-12.00 p05=-12.00 p95=-12.00
  [diag] sat-dist hist bins=60 sat<0.05=0.0% mean=0.995 p10=0.994 p90=0.995
  [diag] z-gate sat-dist hist bins=60 mean=0.119 p10=0.119 p90=0.119
  [diag] r-gate sat-dist hist bins=60 mean=0.499 p10=0.499 p90=0.499
Iter 0022040: train nll 0.048, valid error 039.250%, best valid error 024.250%, avg grad norm   0.069, avg grad norm (post clip)   0.000, rho_Whh  0.08, Omega  0.00, alpha  0.000, steps in the past 0.000, valid nll 0.048, valid mae 0.180, err@0.05 086.28%, err@0.10 071.72%, err@0.20 039.25%, maxae 0.736
  [diag] log10|dL/dh_t| hist bins=60 range=(-12.50,-11.50) mean=-12.00 p50=-12.00 p05=-12.00 p95=-12.00
  [diag] sat-dist hist bins=60 sat<0.05=0.0% mean=0.995 p10=0.994 p90=0.995
  [diag] z-gate sat-dist hist bins=60 mean=0.119 p10=0.119 p90=0.119
  [diag] r-gate sat-dist hist bins=60 mean=0.499 p10=0.499 p90=0.499
Iter 0022060: train nll 0.042, valid error 038.410%, best valid error 024.250%, avg grad norm   0.064, avg grad norm (post clip)   0.000, rho_Whh  0.08, Omega  0.00, alpha  0.000, steps in the past 0.000, valid nll 0.048, valid mae 0.179, err@0.05 085.90%, err@0.10 071.56%, err@0.20 038.41%, maxae 0.740
  [diag] log10|dL/dh_t| hist bins=60 range=(-12.50,-11.50) mean=-12.00 p50=-12.00 p05=-12.00 p95=-12.00
  [diag] sat-dist hist bins=60 sat<0.05=0.0% mean=0.995 p10=0.994 p90=0.995
  [diag] z-gate sat-dist hist bins=60 mean=0.119 p10=0.119 p90=0.119
  [diag] r-gate sat-dist hist bins=60 mean=0.499 p10=0.499 p90=0.499
Iter 0022080: train nll 0.052, valid error 039.970%, best valid error 024.250%, avg grad norm   0.082, avg grad norm (post clip)   0.000, rho_Whh  0.08, Omega  0.00, alpha  0.000, steps in the past 0.000, valid nll 0.048, valid mae 0.180, err@0.05 086.26%, err@0.10 072.12%, err@0.20 039.97%, maxae 0.732
  [diag] log10|dL/dh_t| hist bins=60 range=(-12.50,-11.50) mean=-12.00 p50=-12.00 p05=-12.00 p95=-12.00
  [diag] sat-dist hist bins=60 sat<0.05=0.0% mean=0.994 p10=0.994 p90=0.995
  [diag] z-gate sat-dist hist bins=60 mean=0.119 p10=0.119 p90=0.119
  [diag] r-gate sat-dist hist bins=60 mean=0.499 p10=0.499 p90=0.499
Iter 0022100: train nll 0.050, valid error 040.440%, best valid error 024.250%, avg grad norm   0.068, avg grad norm (post clip)   0.000, rho_Whh  0.08, Omega  0.00, alpha  0.000, steps in the past 0.000, valid nll 0.048, valid mae 0.181, err@0.05 086.44%, err@0.10 072.13%, err@0.20 040.44%, maxae 0.730
  [diag] log10|dL/dh_t| hist bins=60 range=(-12.50,-11.50) mean=-12.00 p50=-12.00 p05=-12.00 p95=-12.00
  [diag] sat-dist hist bins=60 sat<0.05=0.0% mean=0.995 p10=0.994 p90=0.995
  [diag] z-gate sat-dist hist bins=60 mean=0.119 p10=0.119 p90=0.119
  [diag] r-gate sat-dist hist bins=60 mean=0.499 p10=0.499 p90=0.499
Iter 0022120: train nll 0.053, valid error 039.580%, best valid error 024.250%, avg grad norm   0.076, avg grad norm (post clip)   0.000, rho_Whh  0.08, Omega  0.00, alpha  0.000, steps in the past 0.000, valid nll 0.048, valid mae 0.180, err@0.05 086.32%, err@0.10 071.93%, err@0.20 039.58%, maxae 0.734
  [diag] log10|dL/dh_t| hist bins=60 range=(-12.50,-11.50) mean=-12.00 p50=-12.00 p05=-12.00 p95=-12.00
  [diag] sat-dist hist bins=60 sat<0.05=0.0% mean=0.995 p10=0.994 p90=0.995
  [diag] z-gate sat-dist hist bins=60 mean=0.119 p10=0.119 p90=0.119
  [diag] r-gate sat-dist hist bins=60 mean=0.499 p10=0.499 p90=0.499
Iter 0022140: train nll 0.053, valid error 038.770%, best valid error 024.250%, avg grad norm   0.062, avg grad norm (post clip)   0.000, rho_Whh  0.08, Omega  0.00, alpha  0.000, steps in the past 0.000, valid nll 0.048, valid mae 0.179, err@0.05 086.05%, err@0.10 071.57%, err@0.20 038.77%, maxae 0.738
  [diag] log10|dL/dh_t| hist bins=60 range=(-12.50,-11.50) mean=-12.00 p50=-12.00 p05=-12.00 p95=-12.00
  [diag] sat-dist hist bins=60 sat<0.05=0.0% mean=0.995 p10=0.994 p90=0.995
  [diag] z-gate sat-dist hist bins=60 mean=0.119 p10=0.119 p90=0.119
  [diag] r-gate sat-dist hist bins=60 mean=0.499 p10=0.499 p90=0.499
Iter 0022160: train nll 0.051, valid error 038.180%, best valid error 024.250%, avg grad norm   0.080, avg grad norm (post clip)   0.000, rho_Whh  0.08, Omega  0.00, alpha  0.000, steps in the past 0.000, valid nll 0.048, valid mae 0.178, err@0.05 085.92%, err@0.10 071.51%, err@0.20 038.18%, maxae 0.741
  [diag] log10|dL/dh_t| hist bins=60 range=(-12.50,-11.50) mean=-12.00 p50=-12.00 p05=-12.00 p95=-12.00
  [diag] sat-dist hist bins=60 sat<0.05=0.0% mean=0.995 p10=0.994 p90=0.995
  [diag] z-gate sat-dist hist bins=60 mean=0.119 p10=0.119 p90=0.119
  [diag] r-gate sat-dist hist bins=60 mean=0.499 p10=0.499 p90=0.499
Iter 0022180: train nll 0.042, valid error 037.560%, best valid error 024.250%, avg grad norm   0.084, avg grad norm (post clip)   0.000, rho_Whh  0.08, Omega  0.00, alpha  0.000, steps in the past 0.000, valid nll 0.048, valid mae 0.178, err@0.05 085.91%, err@0.10 071.18%, err@0.20 037.56%, maxae 0.744
  [diag] log10|dL/dh_t| hist bins=60 range=(-12.50,-11.50) mean=-12.00 p50=-12.00 p05=-12.00 p95=-12.00
  [diag] sat-dist hist bins=60 sat<0.05=0.0% mean=0.995 p10=0.994 p90=0.995
  [diag] z-gate sat-dist hist bins=60 mean=0.119 p10=0.119 p90=0.119
  [diag] r-gate sat-dist hist bins=60 mean=0.499 p10=0.499 p90=0.499
Iter 0022200: train nll 0.049, valid error 038.630%, best valid error 024.250%, avg grad norm   0.098, avg grad norm (post clip)   0.000, rho_Whh  0.08, Omega  0.00, alpha  0.000, steps in the past 0.000, valid nll 0.048, valid mae 0.179, err@0.05 085.97%, err@0.10 071.60%, err@0.20 038.63%, maxae 0.739
  [diag] log10|dL/dh_t| hist bins=60 range=(-12.50,-11.50) mean=-12.00 p50=-12.00 p05=-12.00 p95=-12.00
  [diag] sat-dist hist bins=60 sat<0.05=0.0% mean=0.995 p10=0.994 p90=0.995
  [diag] z-gate sat-dist hist bins=60 mean=0.119 p10=0.119 p90=0.119
  [diag] r-gate sat-dist hist bins=60 mean=0.499 p10=0.499 p90=0.499
Iter 0022220: train nll 0.046, valid error 038.380%, best valid error 024.250%, avg grad norm   0.079, avg grad norm (post clip)   0.000, rho_Whh  0.08, Omega  0.00, alpha  0.000, steps in the past 0.000, valid nll 0.048, valid mae 0.179, err@0.05 085.89%, err@0.10 071.51%, err@0.20 038.38%, maxae 0.740
  [diag] log10|dL/dh_t| hist bins=60 range=(-12.50,-11.50) mean=-12.00 p50=-12.00 p05=-12.00 p95=-12.00
  [diag] sat-dist hist bins=60 sat<0.05=0.0% mean=0.995 p10=0.994 p90=0.995
  [diag] z-gate sat-dist hist bins=60 mean=0.119 p10=0.119 p90=0.119
  [diag] r-gate sat-dist hist bins=60 mean=0.499 p10=0.499 p90=0.499
Iter 0022240: train nll 0.055, valid error 038.240%, best valid error 024.250%, avg grad norm   0.085, avg grad norm (post clip)   0.000, rho_Whh  0.08, Omega  0.00, alpha  0.000, steps in the past 0.000, valid nll 0.048, valid mae 0.179, err@0.05 085.94%, err@0.10 071.53%, err@0.20 038.24%, maxae 0.741
  [diag] log10|dL/dh_t| hist bins=60 range=(-12.50,-11.50) mean=-12.00 p50=-12.00 p05=-12.00 p95=-12.00
  [diag] sat-dist hist bins=60 sat<0.05=0.0% mean=0.995 p10=0.994 p90=0.995
  [diag] z-gate sat-dist hist bins=60 mean=0.119 p10=0.119 p90=0.119
  [diag] r-gate sat-dist hist bins=60 mean=0.499 p10=0.499 p90=0.499
Iter 0022260: train nll 0.044, valid error 038.060%, best valid error 024.250%, avg grad norm   0.072, avg grad norm (post clip)   0.000, rho_Whh  0.08, Omega  0.00, alpha  0.000, steps in the past 0.000, valid nll 0.048, valid mae 0.178, err@0.05 085.91%, err@0.10 071.51%, err@0.20 038.06%, maxae 0.741
  [diag] log10|dL/dh_t| hist bins=60 range=(-12.50,-11.50) mean=-12.00 p50=-12.00 p05=-12.00 p95=-12.00
  [diag] sat-dist hist bins=60 sat<0.05=0.0% mean=0.995 p10=0.994 p90=0.995
  [diag] z-gate sat-dist hist bins=60 mean=0.119 p10=0.119 p90=0.119
  [diag] r-gate sat-dist hist bins=60 mean=0.499 p10=0.499 p90=0.499
Iter 0022280: train nll 0.047, valid error 038.440%, best valid error 024.250%, avg grad norm   0.089, avg grad norm (post clip)   0.000, rho_Whh  0.08, Omega  0.00, alpha  0.000, steps in the past 0.000, valid nll 0.048, valid mae 0.179, err@0.05 086.00%, err@0.10 071.57%, err@0.20 038.44%, maxae 0.739
  [diag] log10|dL/dh_t| hist bins=60 range=(-12.50,-11.50) mean=-12.00 p50=-12.00 p05=-12.00 p95=-12.00
  [diag] sat-dist hist bins=60 sat<0.05=0.0% mean=0.995 p10=0.994 p90=0.995
  [diag] z-gate sat-dist hist bins=60 mean=0.119 p10=0.119 p90=0.119
  [diag] r-gate sat-dist hist bins=60 mean=0.499 p10=0.499 p90=0.499
Iter 0022300: train nll 0.044, valid error 037.620%, best valid error 024.250%, avg grad norm   0.079, avg grad norm (post clip)   0.000, rho_Whh  0.08, Omega  0.00, alpha  0.000, steps in the past 0.000, valid nll 0.048, valid mae 0.178, err@0.05 085.91%, err@0.10 071.17%, err@0.20 037.62%, maxae 0.744
  [diag] log10|dL/dh_t| hist bins=60 range=(-12.50,-11.50) mean=-12.00 p50=-12.00 p05=-12.00 p95=-12.00
  [diag] sat-dist hist bins=60 sat<0.05=0.0% mean=0.995 p10=0.994 p90=0.995
  [diag] z-gate sat-dist hist bins=60 mean=0.119 p10=0.119 p90=0.119
  [diag] r-gate sat-dist hist bins=60 mean=0.499 p10=0.499 p90=0.499
Iter 0022320: train nll 0.049, valid error 037.500%, best valid error 024.250%, avg grad norm   0.071, avg grad norm (post clip)   0.000, rho_Whh  0.08, Omega  0.00, alpha  0.000, steps in the past 0.000, valid nll 0.048, valid mae 0.178, err@0.05 085.89%, err@0.10 071.19%, err@0.20 037.50%, maxae 0.744
  [diag] log10|dL/dh_t| hist bins=60 range=(-12.50,-11.50) mean=-12.00 p50=-12.00 p05=-12.00 p95=-12.00
  [diag] sat-dist hist bins=60 sat<0.05=0.0% mean=0.995 p10=0.994 p90=0.995
  [diag] z-gate sat-dist hist bins=60 mean=0.119 p10=0.119 p90=0.119
  [diag] r-gate sat-dist hist bins=60 mean=0.499 p10=0.499 p90=0.499
Iter 0022340: train nll 0.049, valid error 037.290%, best valid error 024.250%, avg grad norm   0.077, avg grad norm (post clip)   0.000, rho_Whh  0.08, Omega  0.00, alpha  0.000, steps in the past 0.000, valid nll 0.048, valid mae 0.178, err@0.05 085.80%, err@0.10 071.07%, err@0.20 037.29%, maxae 0.745
  [diag] log10|dL/dh_t| hist bins=60 range=(-12.50,-11.50) mean=-12.00 p50=-12.00 p05=-12.00 p95=-12.00
  [diag] sat-dist hist bins=60 sat<0.05=0.0% mean=0.995 p10=0.994 p90=0.995
  [diag] z-gate sat-dist hist bins=60 mean=0.119 p10=0.119 p90=0.119
  [diag] r-gate sat-dist hist bins=60 mean=0.499 p10=0.499 p90=0.499
Iter 0022360: train nll 0.046, valid error 037.840%, best valid error 024.250%, avg grad norm   0.070, avg grad norm (post clip)   0.000, rho_Whh  0.08, Omega  0.00, alpha  0.000, steps in the past 0.000, valid nll 0.048, valid mae 0.178, err@0.05 085.91%, err@0.10 071.31%, err@0.20 037.84%, maxae 0.742
  [diag] log10|dL/dh_t| hist bins=60 range=(-12.50,-11.50) mean=-12.00 p50=-12.00 p05=-12.00 p95=-12.00
  [diag] sat-dist hist bins=60 sat<0.05=0.0% mean=0.995 p10=0.994 p90=0.995
  [diag] z-gate sat-dist hist bins=60 mean=0.119 p10=0.119 p90=0.119
  [diag] r-gate sat-dist hist bins=60 mean=0.499 p10=0.499 p90=0.499
Iter 0022380: train nll 0.050, valid error 038.720%, best valid error 024.250%, avg grad norm   0.089, avg grad norm (post clip)   0.000, rho_Whh  0.08, Omega  0.00, alpha  0.000, steps in the past 0.000, valid nll 0.048, valid mae 0.179, err@0.05 086.00%, err@0.10 071.61%, err@0.20 038.72%, maxae 0.738
  [diag] log10|dL/dh_t| hist bins=60 range=(-12.50,-11.50) mean=-12.00 p50=-12.00 p05=-12.00 p95=-12.00
  [diag] sat-dist hist bins=60 sat<0.05=0.0% mean=0.995 p10=0.994 p90=0.995
  [diag] z-gate sat-dist hist bins=60 mean=0.119 p10=0.119 p90=0.119
  [diag] r-gate sat-dist hist bins=60 mean=0.499 p10=0.499 p90=0.499
Iter 0022400: train nll 0.050, valid error 039.550%, best valid error 024.250%, avg grad norm   0.079, avg grad norm (post clip)   0.000, rho_Whh  0.08, Omega  0.00, alpha  0.000, steps in the past 0.000, valid nll 0.048, valid mae 0.180, err@0.05 086.33%, err@0.10 071.92%, err@0.20 039.55%, maxae 0.734
  [diag] log10|dL/dh_t| hist bins=60 range=(-12.50,-11.50) mean=-12.00 p50=-12.00 p05=-12.00 p95=-12.00
  [diag] sat-dist hist bins=60 sat<0.05=0.0% mean=0.995 p10=0.994 p90=0.995
  [diag] z-gate sat-dist hist bins=60 mean=0.119 p10=0.119 p90=0.119
  [diag] r-gate sat-dist hist bins=60 mean=0.499 p10=0.499 p90=0.499
Iter 0022420: train nll 0.048, valid error 037.970%, best valid error 024.250%, avg grad norm   0.081, avg grad norm (post clip)   0.000, rho_Whh  0.08, Omega  0.00, alpha  0.000, steps in the past 0.000, valid nll 0.048, valid mae 0.178, err@0.05 085.89%, err@0.10 071.40%, err@0.20 037.97%, maxae 0.742
  [diag] log10|dL/dh_t| hist bins=60 range=(-12.50,-11.50) mean=-12.00 p50=-12.00 p05=-12.00 p95=-12.00
  [diag] sat-dist hist bins=60 sat<0.05=0.0% mean=0.995 p10=0.994 p90=0.995
  [diag] z-gate sat-dist hist bins=60 mean=0.119 p10=0.119 p90=0.119
  [diag] r-gate sat-dist hist bins=60 mean=0.499 p10=0.499 p90=0.499
Iter 0022440: train nll 0.053, valid error 038.670%, best valid error 024.250%, avg grad norm   0.080, avg grad norm (post clip)   0.000, rho_Whh  0.08, Omega  0.00, alpha  0.000, steps in the past 0.000, valid nll 0.048, valid mae 0.179, err@0.05 085.98%, err@0.10 071.60%, err@0.20 038.67%, maxae 0.738
  [diag] log10|dL/dh_t| hist bins=60 range=(-12.50,-11.50) mean=-12.00 p50=-12.00 p05=-12.00 p95=-12.00
  [diag] sat-dist hist bins=60 sat<0.05=0.0% mean=0.995 p10=0.994 p90=0.995
  [diag] z-gate sat-dist hist bins=60 mean=0.119 p10=0.119 p90=0.119
  [diag] r-gate sat-dist hist bins=60 mean=0.499 p10=0.499 p90=0.499
Iter 0022460: train nll 0.056, valid error 039.380%, best valid error 024.250%, avg grad norm   0.079, avg grad norm (post clip)   0.000, rho_Whh  0.08, Omega  0.00, alpha  0.000, steps in the past 0.000, valid nll 0.048, valid mae 0.180, err@0.05 086.29%, err@0.10 071.84%, err@0.20 039.38%, maxae 0.735
  [diag] log10|dL/dh_t| hist bins=60 range=(-12.50,-11.50) mean=-12.00 p50=-12.00 p05=-12.00 p95=-12.00
  [diag] sat-dist hist bins=60 sat<0.05=0.0% mean=0.995 p10=0.994 p90=0.995
  [diag] z-gate sat-dist hist bins=60 mean=0.119 p10=0.119 p90=0.119
  [diag] r-gate sat-dist hist bins=60 mean=0.499 p10=0.499 p90=0.499
Iter 0022480: train nll 0.054, valid error 038.540%, best valid error 024.250%, avg grad norm   0.059, avg grad norm (post clip)   0.000, rho_Whh  0.08, Omega  0.00, alpha  0.000, steps in the past 0.000, valid nll 0.048, valid mae 0.179, err@0.05 085.98%, err@0.10 071.60%, err@0.20 038.54%, maxae 0.739
  [diag] log10|dL/dh_t| hist bins=60 range=(-12.50,-11.50) mean=-12.00 p50=-12.00 p05=-12.00 p95=-12.00
  [diag] sat-dist hist bins=60 sat<0.05=0.0% mean=0.995 p10=0.994 p90=0.995
  [diag] z-gate sat-dist hist bins=60 mean=0.119 p10=0.119 p90=0.119
  [diag] r-gate sat-dist hist bins=60 mean=0.499 p10=0.499 p90=0.499
Iter 0022500: train nll 0.053, valid error 038.930%, best valid error 024.250%, avg grad norm   0.093, avg grad norm (post clip)   0.000, rho_Whh  0.08, Omega  0.00, alpha  0.000, steps in the past 0.000, valid nll 0.048, valid mae 0.179, err@0.05 086.12%, err@0.10 071.64%, err@0.20 038.93%, maxae 0.737
  [diag] log10|dL/dh_t| hist bins=60 range=(-12.50,-11.50) mean=-12.00 p50=-12.00 p05=-12.00 p95=-12.00
  [diag] sat-dist hist bins=60 sat<0.05=0.0% mean=0.995 p10=0.994 p90=0.995
  [diag] z-gate sat-dist hist bins=60 mean=0.119 p10=0.119 p90=0.119
  [diag] r-gate sat-dist hist bins=60 mean=0.499 p10=0.499 p90=0.499
Iter 0022520: train nll 0.046, valid error 039.610%, best valid error 024.250%, avg grad norm   0.062, avg grad norm (post clip)   0.000, rho_Whh  0.08, Omega  0.00, alpha  0.000, steps in the past 0.000, valid nll 0.048, valid mae 0.180, err@0.05 086.33%, err@0.10 071.94%, err@0.20 039.61%, maxae 0.734
  [diag] log10|dL/dh_t| hist bins=60 range=(-12.50,-11.50) mean=-12.00 p50=-12.00 p05=-12.00 p95=-12.00
  [diag] sat-dist hist bins=60 sat<0.05=0.0% mean=0.995 p10=0.994 p90=0.995
  [diag] z-gate sat-dist hist bins=60 mean=0.119 p10=0.119 p90=0.119
  [diag] r-gate sat-dist hist bins=60 mean=0.499 p10=0.499 p90=0.499
Iter 0022540: train nll 0.049, valid error 039.040%, best valid error 024.250%, avg grad norm   0.060, avg grad norm (post clip)   0.000, rho_Whh  0.08, Omega  0.00, alpha  0.000, steps in the past 0.000, valid nll 0.048, valid mae 0.179, err@0.05 086.19%, err@0.10 071.66%, err@0.20 039.04%, maxae 0.737
  [diag] log10|dL/dh_t| hist bins=60 range=(-12.50,-11.50) mean=-12.00 p50=-12.00 p05=-12.00 p95=-12.00
  [diag] sat-dist hist bins=60 sat<0.05=0.0% mean=0.995 p10=0.994 p90=0.995
  [diag] z-gate sat-dist hist bins=60 mean=0.119 p10=0.119 p90=0.119
  [diag] r-gate sat-dist hist bins=60 mean=0.499 p10=0.499 p90=0.499
Iter 0022560: train nll 0.048, valid error 038.810%, best valid error 024.250%, avg grad norm   0.082, avg grad norm (post clip)   0.000, rho_Whh  0.08, Omega  0.00, alpha  0.000, steps in the past 0.000, valid nll 0.048, valid mae 0.179, err@0.05 086.09%, err@0.10 071.61%, err@0.20 038.81%, maxae 0.738
  [diag] log10|dL/dh_t| hist bins=60 range=(-12.50,-11.50) mean=-12.00 p50=-12.00 p05=-12.00 p95=-12.00
  [diag] sat-dist hist bins=60 sat<0.05=0.0% mean=0.995 p10=0.994 p90=0.995
  [diag] z-gate sat-dist hist bins=60 mean=0.119 p10=0.119 p90=0.119
  [diag] r-gate sat-dist hist bins=60 mean=0.499 p10=0.499 p90=0.499
Iter 0022580: train nll 0.054, valid error 039.370%, best valid error 024.250%, avg grad norm   0.075, avg grad norm (post clip)   0.000, rho_Whh  0.08, Omega  0.00, alpha  0.000, steps in the past 0.000, valid nll 0.048, valid mae 0.180, err@0.05 086.28%, err@0.10 071.87%, err@0.20 039.37%, maxae 0.735
  [diag] log10|dL/dh_t| hist bins=60 range=(-12.50,-11.50) mean=-12.00 p50=-12.00 p05=-12.00 p95=-12.00
  [diag] sat-dist hist bins=60 sat<0.05=0.0% mean=0.995 p10=0.994 p90=0.995
  [diag] z-gate sat-dist hist bins=60 mean=0.119 p10=0.119 p90=0.119
  [diag] r-gate sat-dist hist bins=60 mean=0.499 p10=0.499 p90=0.499
Iter 0022600: train nll 0.047, valid error 038.730%, best valid error 024.250%, avg grad norm   0.091, avg grad norm (post clip)   0.000, rho_Whh  0.08, Omega  0.00, alpha  0.000, steps in the past 0.000, valid nll 0.048, valid mae 0.179, err@0.05 086.01%, err@0.10 071.55%, err@0.20 038.73%, maxae 0.738
  [diag] log10|dL/dh_t| hist bins=60 range=(-12.50,-11.50) mean=-12.00 p50=-12.00 p05=-12.00 p95=-12.00
  [diag] sat-dist hist bins=60 sat<0.05=0.0% mean=0.995 p10=0.994 p90=0.995
  [diag] z-gate sat-dist hist bins=60 mean=0.119 p10=0.119 p90=0.119
  [diag] r-gate sat-dist hist bins=60 mean=0.499 p10=0.499 p90=0.499
Iter 0022620: train nll 0.055, valid error 038.540%, best valid error 024.250%, avg grad norm   0.073, avg grad norm (post clip)   0.000, rho_Whh  0.08, Omega  0.00, alpha  0.000, steps in the past 0.000, valid nll 0.048, valid mae 0.179, err@0.05 085.98%, err@0.10 071.60%, err@0.20 038.54%, maxae 0.739
  [diag] log10|dL/dh_t| hist bins=60 range=(-12.50,-11.50) mean=-12.00 p50=-12.00 p05=-12.00 p95=-12.00
  [diag] sat-dist hist bins=60 sat<0.05=0.0% mean=0.995 p10=0.994 p90=0.995
  [diag] z-gate sat-dist hist bins=60 mean=0.119 p10=0.119 p90=0.119
  [diag] r-gate sat-dist hist bins=60 mean=0.499 p10=0.499 p90=0.499
Iter 0022640: train nll 0.044, valid error 038.860%, best valid error 024.250%, avg grad norm   0.053, avg grad norm (post clip)   0.000, rho_Whh  0.08, Omega  0.00, alpha  0.000, steps in the past 0.000, valid nll 0.048, valid mae 0.179, err@0.05 086.09%, err@0.10 071.64%, err@0.20 038.86%, maxae 0.738
  [diag] log10|dL/dh_t| hist bins=60 range=(-12.50,-11.50) mean=-12.00 p50=-12.00 p05=-12.00 p95=-12.00
  [diag] sat-dist hist bins=60 sat<0.05=0.0% mean=0.995 p10=0.994 p90=0.995
  [diag] z-gate sat-dist hist bins=60 mean=0.119 p10=0.119 p90=0.119
  [diag] r-gate sat-dist hist bins=60 mean=0.499 p10=0.499 p90=0.499
Iter 0022660: train nll 0.050, valid error 039.480%, best valid error 024.250%, avg grad norm   0.079, avg grad norm (post clip)   0.000, rho_Whh  0.08, Omega  0.00, alpha  0.000, steps in the past 0.000, valid nll 0.048, valid mae 0.180, err@0.05 086.30%, err@0.10 071.94%, err@0.20 039.48%, maxae 0.734
  [diag] log10|dL/dh_t| hist bins=60 range=(-12.50,-11.50) mean=-12.00 p50=-12.00 p05=-12.00 p95=-12.00
  [diag] sat-dist hist bins=60 sat<0.05=0.0% mean=0.995 p10=0.994 p90=0.995
  [diag] z-gate sat-dist hist bins=60 mean=0.119 p10=0.119 p90=0.119
  [diag] r-gate sat-dist hist bins=60 mean=0.499 p10=0.499 p90=0.499
Iter 0022680: train nll 0.051, valid error 039.520%, best valid error 024.250%, avg grad norm   0.105, avg grad norm (post clip)   0.000, rho_Whh  0.08, Omega  0.00, alpha  0.000, steps in the past 0.000, valid nll 0.048, valid mae 0.180, err@0.05 086.34%, err@0.10 071.93%, err@0.20 039.52%, maxae 0.734
  [diag] log10|dL/dh_t| hist bins=60 range=(-12.50,-11.50) mean=-12.00 p50=-12.00 p05=-12.00 p95=-12.00
  [diag] sat-dist hist bins=60 sat<0.05=0.0% mean=0.995 p10=0.994 p90=0.995
  [diag] z-gate sat-dist hist bins=60 mean=0.119 p10=0.119 p90=0.119
  [diag] r-gate sat-dist hist bins=60 mean=0.499 p10=0.499 p90=0.499
Iter 0022700: train nll 0.054, valid error 038.810%, best valid error 024.250%, avg grad norm   0.074, avg grad norm (post clip)   0.000, rho_Whh  0.08, Omega  0.00, alpha  0.000, steps in the past 0.000, valid nll 0.048, valid mae 0.179, err@0.05 086.09%, err@0.10 071.61%, err@0.20 038.81%, maxae 0.738
  [diag] log10|dL/dh_t| hist bins=60 range=(-12.50,-11.50) mean=-12.00 p50=-12.00 p05=-12.00 p95=-12.00
  [diag] sat-dist hist bins=60 sat<0.05=0.0% mean=0.995 p10=0.994 p90=0.995
  [diag] z-gate sat-dist hist bins=60 mean=0.119 p10=0.119 p90=0.119
  [diag] r-gate sat-dist hist bins=60 mean=0.499 p10=0.499 p90=0.499
Iter 0022720: train nll 0.050, valid error 038.430%, best valid error 024.250%, avg grad norm   0.088, avg grad norm (post clip)   0.000, rho_Whh  0.08, Omega  0.00, alpha  0.000, steps in the past 0.000, valid nll 0.048, valid mae 0.179, err@0.05 085.90%, err@0.10 071.56%, err@0.20 038.43%, maxae 0.739
  [diag] log10|dL/dh_t| hist bins=60 range=(-12.50,-11.50) mean=-12.00 p50=-12.00 p05=-12.00 p95=-12.00
  [diag] sat-dist hist bins=60 sat<0.05=0.0% mean=0.995 p10=0.994 p90=0.995
  [diag] z-gate sat-dist hist bins=60 mean=0.119 p10=0.119 p90=0.119
  [diag] r-gate sat-dist hist bins=60 mean=0.499 p10=0.499 p90=0.499
Iter 0022740: train nll 0.051, valid error 038.790%, best valid error 024.250%, avg grad norm   0.091, avg grad norm (post clip)   0.000, rho_Whh  0.08, Omega  0.00, alpha  0.000, steps in the past 0.000, valid nll 0.048, valid mae 0.179, err@0.05 086.05%, err@0.10 071.59%, err@0.20 038.79%, maxae 0.738
  [diag] log10|dL/dh_t| hist bins=60 range=(-12.50,-11.50) mean=-12.00 p50=-12.00 p05=-12.00 p95=-12.00
  [diag] sat-dist hist bins=60 sat<0.05=0.0% mean=0.995 p10=0.994 p90=0.995
  [diag] z-gate sat-dist hist bins=60 mean=0.119 p10=0.119 p90=0.119
  [diag] r-gate sat-dist hist bins=60 mean=0.499 p10=0.499 p90=0.499
Iter 0022760: train nll 0.044, valid error 038.910%, best valid error 024.250%, avg grad norm   0.079, avg grad norm (post clip)   0.000, rho_Whh  0.08, Omega  0.00, alpha  0.000, steps in the past 0.000, valid nll 0.048, valid mae 0.179, err@0.05 086.12%, err@0.10 071.63%, err@0.20 038.91%, maxae 0.737
  [diag] log10|dL/dh_t| hist bins=60 range=(-12.50,-11.50) mean=-12.00 p50=-12.00 p05=-12.00 p95=-12.00
  [diag] sat-dist hist bins=60 sat<0.05=0.0% mean=0.995 p10=0.994 p90=0.995
  [diag] z-gate sat-dist hist bins=60 mean=0.119 p10=0.119 p90=0.119
  [diag] r-gate sat-dist hist bins=60 mean=0.499 p10=0.499 p90=0.499
Iter 0022780: train nll 0.050, valid error 039.180%, best valid error 024.250%, avg grad norm   0.079, avg grad norm (post clip)   0.000, rho_Whh  0.08, Omega  0.00, alpha  0.000, steps in the past 0.000, valid nll 0.048, valid mae 0.179, err@0.05 086.28%, err@0.10 071.70%, err@0.20 039.18%, maxae 0.736
  [diag] log10|dL/dh_t| hist bins=60 range=(-12.50,-11.50) mean=-12.00 p50=-12.00 p05=-12.00 p95=-12.00
  [diag] sat-dist hist bins=60 sat<0.05=0.0% mean=0.995 p10=0.994 p90=0.995
  [diag] z-gate sat-dist hist bins=60 mean=0.119 p10=0.119 p90=0.119
  [diag] r-gate sat-dist hist bins=60 mean=0.499 p10=0.499 p90=0.499
Iter 0022800: train nll 0.048, valid error 038.300%, best valid error 024.250%, avg grad norm   0.081, avg grad norm (post clip)   0.000, rho_Whh  0.08, Omega  0.00, alpha  0.000, steps in the past 0.000, valid nll 0.048, valid mae 0.179, err@0.05 085.92%, err@0.10 071.50%, err@0.20 038.30%, maxae 0.740
  [diag] log10|dL/dh_t| hist bins=60 range=(-12.50,-11.50) mean=-12.00 p50=-12.00 p05=-12.00 p95=-12.00
  [diag] sat-dist hist bins=60 sat<0.05=0.0% mean=0.995 p10=0.994 p90=0.995
  [diag] z-gate sat-dist hist bins=60 mean=0.119 p10=0.119 p90=0.119
  [diag] r-gate sat-dist hist bins=60 mean=0.499 p10=0.499 p90=0.499
Iter 0022820: train nll 0.047, valid error 038.500%, best valid error 024.250%, avg grad norm   0.081, avg grad norm (post clip)   0.000, rho_Whh  0.08, Omega  0.00, alpha  0.000, steps in the past 0.000, valid nll 0.048, valid mae 0.179, err@0.05 085.99%, err@0.10 071.60%, err@0.20 038.50%, maxae 0.739
  [diag] log10|dL/dh_t| hist bins=60 range=(-12.50,-11.50) mean=-12.00 p50=-12.00 p05=-12.00 p95=-12.00
  [diag] sat-dist hist bins=60 sat<0.05=0.0% mean=0.995 p10=0.994 p90=0.995
  [diag] z-gate sat-dist hist bins=60 mean=0.119 p10=0.119 p90=0.119
  [diag] r-gate sat-dist hist bins=60 mean=0.499 p10=0.499 p90=0.499
Iter 0022840: train nll 0.046, valid error 038.580%, best valid error 024.250%, avg grad norm   0.068, avg grad norm (post clip)   0.000, rho_Whh  0.08, Omega  0.00, alpha  0.000, steps in the past 0.000, valid nll 0.048, valid mae 0.179, err@0.05 085.98%, err@0.10 071.60%, err@0.20 038.58%, maxae 0.739
  [diag] log10|dL/dh_t| hist bins=60 range=(-12.50,-11.50) mean=-12.00 p50=-12.00 p05=-12.00 p95=-12.00
  [diag] sat-dist hist bins=60 sat<0.05=0.0% mean=0.995 p10=0.994 p90=0.995
  [diag] z-gate sat-dist hist bins=60 mean=0.119 p10=0.119 p90=0.119
  [diag] r-gate sat-dist hist bins=60 mean=0.499 p10=0.499 p90=0.499
Iter 0022860: train nll 0.052, valid error 038.760%, best valid error 024.250%, avg grad norm   0.057, avg grad norm (post clip)   0.000, rho_Whh  0.08, Omega  0.00, alpha  0.000, steps in the past 0.000, valid nll 0.048, valid mae 0.179, err@0.05 086.02%, err@0.10 071.56%, err@0.20 038.76%, maxae 0.738
  [diag] log10|dL/dh_t| hist bins=60 range=(-12.50,-11.50) mean=-12.00 p50=-12.00 p05=-12.00 p95=-12.00
  [diag] sat-dist hist bins=60 sat<0.05=0.0% mean=0.995 p10=0.994 p90=0.995
  [diag] z-gate sat-dist hist bins=60 mean=0.119 p10=0.119 p90=0.119
  [diag] r-gate sat-dist hist bins=60 mean=0.499 p10=0.499 p90=0.499
Iter 0022880: train nll 0.053, valid error 039.790%, best valid error 024.250%, avg grad norm   0.074, avg grad norm (post clip)   0.000, rho_Whh  0.08, Omega  0.00, alpha  0.000, steps in the past 0.000, valid nll 0.048, valid mae 0.180, err@0.05 086.33%, err@0.10 072.05%, err@0.20 039.79%, maxae 0.733
  [diag] log10|dL/dh_t| hist bins=60 range=(-12.50,-11.50) mean=-12.00 p50=-12.00 p05=-12.00 p95=-12.00
  [diag] sat-dist hist bins=60 sat<0.05=0.0% mean=0.995 p10=0.994 p90=0.995
  [diag] z-gate sat-dist hist bins=60 mean=0.119 p10=0.119 p90=0.119
  [diag] r-gate sat-dist hist bins=60 mean=0.499 p10=0.499 p90=0.499
Iter 0022900: train nll 0.048, valid error 038.400%, best valid error 024.250%, avg grad norm   0.081, avg grad norm (post clip)   0.000, rho_Whh  0.08, Omega  0.00, alpha  0.000, steps in the past 0.000, valid nll 0.048, valid mae 0.179, err@0.05 085.89%, err@0.10 071.57%, err@0.20 038.40%, maxae 0.740
  [diag] log10|dL/dh_t| hist bins=60 range=(-12.50,-11.50) mean=-12.00 p50=-12.00 p05=-12.00 p95=-12.00
  [diag] sat-dist hist bins=60 sat<0.05=0.0% mean=0.995 p10=0.994 p90=0.995
  [diag] z-gate sat-dist hist bins=60 mean=0.119 p10=0.119 p90=0.119
  [diag] r-gate sat-dist hist bins=60 mean=0.499 p10=0.499 p90=0.499
Iter 0022920: train nll 0.048, valid error 039.120%, best valid error 024.250%, avg grad norm   0.089, avg grad norm (post clip)   0.000, rho_Whh  0.08, Omega  0.00, alpha  0.000, steps in the past 0.000, valid nll 0.048, valid mae 0.179, err@0.05 086.18%, err@0.10 071.69%, err@0.20 039.12%, maxae 0.736
  [diag] log10|dL/dh_t| hist bins=60 range=(-12.50,-11.50) mean=-12.00 p50=-12.00 p05=-12.00 p95=-12.00
  [diag] sat-dist hist bins=60 sat<0.05=0.0% mean=0.995 p10=0.994 p90=0.995
  [diag] z-gate sat-dist hist bins=60 mean=0.119 p10=0.119 p90=0.119
  [diag] r-gate sat-dist hist bins=60 mean=0.499 p10=0.499 p90=0.499
Iter 0022940: train nll 0.047, valid error 037.870%, best valid error 024.250%, avg grad norm   0.067, avg grad norm (post clip)   0.000, rho_Whh  0.08, Omega  0.00, alpha  0.000, steps in the past 0.000, valid nll 0.048, valid mae 0.178, err@0.05 085.91%, err@0.10 071.33%, err@0.20 037.87%, maxae 0.742
  [diag] log10|dL/dh_t| hist bins=60 range=(-12.50,-11.50) mean=-12.00 p50=-12.00 p05=-12.00 p95=-12.00
  [diag] sat-dist hist bins=60 sat<0.05=0.0% mean=0.995 p10=0.994 p90=0.995
  [diag] z-gate sat-dist hist bins=60 mean=0.119 p10=0.119 p90=0.119
  [diag] r-gate sat-dist hist bins=60 mean=0.499 p10=0.499 p90=0.499
Iter 0022960: train nll 0.057, valid error 039.130%, best valid error 024.250%, avg grad norm   0.097, avg grad norm (post clip)   0.000, rho_Whh  0.08, Omega  0.00, alpha  0.000, steps in the past 0.000, valid nll 0.048, valid mae 0.179, err@0.05 086.18%, err@0.10 071.68%, err@0.20 039.13%, maxae 0.736
  [diag] log10|dL/dh_t| hist bins=60 range=(-12.50,-11.50) mean=-12.00 p50=-12.00 p05=-12.00 p95=-12.00
  [diag] sat-dist hist bins=60 sat<0.05=0.0% mean=0.995 p10=0.994 p90=0.995
  [diag] z-gate sat-dist hist bins=60 mean=0.119 p10=0.119 p90=0.119
  [diag] r-gate sat-dist hist bins=60 mean=0.499 p10=0.499 p90=0.499
Iter 0022980: train nll 0.050, valid error 038.470%, best valid error 024.250%, avg grad norm   0.076, avg grad norm (post clip)   0.000, rho_Whh  0.08, Omega  0.00, alpha  0.000, steps in the past 0.000, valid nll 0.048, valid mae 0.179, err@0.05 086.00%, err@0.10 071.61%, err@0.20 038.47%, maxae 0.739
  [diag] log10|dL/dh_t| hist bins=60 range=(-12.50,-11.50) mean=-12.00 p50=-12.00 p05=-12.00 p95=-12.00
  [diag] sat-dist hist bins=60 sat<0.05=0.0% mean=0.995 p10=0.994 p90=0.995
  [diag] z-gate sat-dist hist bins=60 mean=0.119 p10=0.119 p90=0.119
  [diag] r-gate sat-dist hist bins=60 mean=0.499 p10=0.499 p90=0.499
Iter 0023000: train nll 0.045, valid error 037.840%, best valid error 024.250%, avg grad norm   0.111, avg grad norm (post clip)   0.000, rho_Whh  0.08, Omega  0.00, alpha  0.000, steps in the past 0.000, valid nll 0.048, valid mae 0.178, err@0.05 085.90%, err@0.10 071.31%, err@0.20 037.84%, maxae 0.742
  [diag] log10|dL/dh_t| hist bins=60 range=(-12.50,-11.50) mean=-12.00 p50=-12.00 p05=-12.00 p95=-12.00
  [diag] sat-dist hist bins=60 sat<0.05=0.0% mean=0.995 p10=0.994 p90=0.995
  [diag] z-gate sat-dist hist bins=60 mean=0.119 p10=0.119 p90=0.119
  [diag] r-gate sat-dist hist bins=60 mean=0.499 p10=0.499 p90=0.499
Iter 0023020: train nll 0.050, valid error 038.830%, best valid error 024.250%, avg grad norm   0.087, avg grad norm (post clip)   0.000, rho_Whh  0.08, Omega  0.00, alpha  0.000, steps in the past 0.000, valid nll 0.048, valid mae 0.179, err@0.05 086.09%, err@0.10 071.64%, err@0.20 038.83%, maxae 0.738
  [diag] log10|dL/dh_t| hist bins=60 range=(-12.50,-11.50) mean=-12.00 p50=-12.00 p05=-12.00 p95=-12.00
  [diag] sat-dist hist bins=60 sat<0.05=0.0% mean=0.995 p10=0.994 p90=0.995
  [diag] z-gate sat-dist hist bins=60 mean=0.119 p10=0.119 p90=0.119
  [diag] r-gate sat-dist hist bins=60 mean=0.499 p10=0.499 p90=0.499
Iter 0023040: train nll 0.052, valid error 039.130%, best valid error 024.250%, avg grad norm   0.097, avg grad norm (post clip)   0.000, rho_Whh  0.08, Omega  0.00, alpha  0.000, steps in the past 0.000, valid nll 0.048, valid mae 0.179, err@0.05 086.17%, err@0.10 071.67%, err@0.20 039.13%, maxae 0.736
  [diag] log10|dL/dh_t| hist bins=60 range=(-12.50,-11.50) mean=-12.00 p50=-12.00 p05=-12.00 p95=-12.00
  [diag] sat-dist hist bins=60 sat<0.05=0.0% mean=0.995 p10=0.994 p90=0.995
  [diag] z-gate sat-dist hist bins=60 mean=0.119 p10=0.119 p90=0.119
  [diag] r-gate sat-dist hist bins=60 mean=0.499 p10=0.499 p90=0.499
Iter 0023060: train nll 0.050, valid error 039.750%, best valid error 024.250%, avg grad norm   0.084, avg grad norm (post clip)   0.000, rho_Whh  0.08, Omega  0.00, alpha  0.000, steps in the past 0.000, valid nll 0.048, valid mae 0.180, err@0.05 086.33%, err@0.10 072.04%, err@0.20 039.75%, maxae 0.733
  [diag] log10|dL/dh_t| hist bins=60 range=(-12.50,-11.50) mean=-12.00 p50=-12.00 p05=-12.00 p95=-12.00
  [diag] sat-dist hist bins=60 sat<0.05=0.0% mean=0.995 p10=0.994 p90=0.995
  [diag] z-gate sat-dist hist bins=60 mean=0.119 p10=0.119 p90=0.119
  [diag] r-gate sat-dist hist bins=60 mean=0.499 p10=0.499 p90=0.499
Iter 0023080: train nll 0.048, valid error 039.880%, best valid error 024.250%, avg grad norm   0.071, avg grad norm (post clip)   0.000, rho_Whh  0.08, Omega  0.00, alpha  0.000, steps in the past 0.000, valid nll 0.048, valid mae 0.180, err@0.05 086.32%, err@0.10 072.08%, err@0.20 039.88%, maxae 0.733
  [diag] log10|dL/dh_t| hist bins=60 range=(-12.50,-11.50) mean=-12.00 p50=-12.00 p05=-12.00 p95=-12.00
  [diag] sat-dist hist bins=60 sat<0.05=0.0% mean=0.995 p10=0.994 p90=0.995
  [diag] z-gate sat-dist hist bins=60 mean=0.119 p10=0.119 p90=0.119
  [diag] r-gate sat-dist hist bins=60 mean=0.499 p10=0.499 p90=0.499
Iter 0023100: train nll 0.047, valid error 039.140%, best valid error 024.250%, avg grad norm   0.085, avg grad norm (post clip)   0.000, rho_Whh  0.08, Omega  0.00, alpha  0.000, steps in the past 0.000, valid nll 0.048, valid mae 0.179, err@0.05 086.17%, err@0.10 071.68%, err@0.20 039.14%, maxae 0.736
  [diag] log10|dL/dh_t| hist bins=60 range=(-12.50,-11.50) mean=-12.00 p50=-12.00 p05=-12.00 p95=-12.00
  [diag] sat-dist hist bins=60 sat<0.05=0.0% mean=0.995 p10=0.994 p90=0.995
  [diag] z-gate sat-dist hist bins=60 mean=0.119 p10=0.119 p90=0.119
  [diag] r-gate sat-dist hist bins=60 mean=0.499 p10=0.499 p90=0.499
Iter 0023120: train nll 0.046, valid error 038.380%, best valid error 024.250%, avg grad norm   0.081, avg grad norm (post clip)   0.000, rho_Whh  0.08, Omega  0.00, alpha  0.000, steps in the past 0.000, valid nll 0.048, valid mae 0.179, err@0.05 085.88%, err@0.10 071.52%, err@0.20 038.38%, maxae 0.740
  [diag] log10|dL/dh_t| hist bins=60 range=(-12.50,-11.50) mean=-12.00 p50=-12.00 p05=-12.00 p95=-12.00
  [diag] sat-dist hist bins=60 sat<0.05=0.0% mean=0.995 p10=0.994 p90=0.995
  [diag] z-gate sat-dist hist bins=60 mean=0.119 p10=0.119 p90=0.119
  [diag] r-gate sat-dist hist bins=60 mean=0.499 p10=0.499 p90=0.499
Iter 0023140: train nll 0.047, valid error 036.760%, best valid error 024.250%, avg grad norm   0.076, avg grad norm (post clip)   0.000, rho_Whh  0.08, Omega  0.00, alpha  0.000, steps in the past 0.000, valid nll 0.048, valid mae 0.177, err@0.05 085.69%, err@0.10 070.90%, err@0.20 036.76%, maxae 0.747
  [diag] log10|dL/dh_t| hist bins=60 range=(-12.50,-11.50) mean=-12.00 p50=-12.00 p05=-12.00 p95=-12.00
  [diag] sat-dist hist bins=60 sat<0.05=0.0% mean=0.995 p10=0.994 p90=0.995
  [diag] z-gate sat-dist hist bins=60 mean=0.119 p10=0.119 p90=0.119
  [diag] r-gate sat-dist hist bins=60 mean=0.499 p10=0.499 p90=0.499
Iter 0023160: train nll 0.049, valid error 037.750%, best valid error 024.250%, avg grad norm   0.070, avg grad norm (post clip)   0.000, rho_Whh  0.08, Omega  0.00, alpha  0.000, steps in the past 0.000, valid nll 0.048, valid mae 0.178, err@0.05 085.90%, err@0.10 071.28%, err@0.20 037.75%, maxae 0.743
  [diag] log10|dL/dh_t| hist bins=60 range=(-12.50,-11.50) mean=-12.00 p50=-12.00 p05=-12.00 p95=-12.00
  [diag] sat-dist hist bins=60 sat<0.05=0.0% mean=0.995 p10=0.994 p90=0.995
  [diag] z-gate sat-dist hist bins=60 mean=0.119 p10=0.119 p90=0.119
  [diag] r-gate sat-dist hist bins=60 mean=0.499 p10=0.499 p90=0.499
Iter 0023180: train nll 0.047, valid error 037.720%, best valid error 024.250%, avg grad norm   0.064, avg grad norm (post clip)   0.000, rho_Whh  0.08, Omega  0.00, alpha  0.000, steps in the past 0.000, valid nll 0.048, valid mae 0.178, err@0.05 085.92%, err@0.10 071.21%, err@0.20 037.72%, maxae 0.743
  [diag] log10|dL/dh_t| hist bins=60 range=(-12.50,-11.50) mean=-12.00 p50=-12.00 p05=-12.00 p95=-12.00
  [diag] sat-dist hist bins=60 sat<0.05=0.0% mean=0.995 p10=0.994 p90=0.995
  [diag] z-gate sat-dist hist bins=60 mean=0.119 p10=0.119 p90=0.119
  [diag] r-gate sat-dist hist bins=60 mean=0.499 p10=0.499 p90=0.499
Iter 0023200: train nll 0.046, valid error 037.630%, best valid error 024.250%, avg grad norm   0.080, avg grad norm (post clip)   0.000, rho_Whh  0.08, Omega  0.00, alpha  0.000, steps in the past 0.000, valid nll 0.048, valid mae 0.178, err@0.05 085.95%, err@0.10 071.18%, err@0.20 037.63%, maxae 0.743
  [diag] log10|dL/dh_t| hist bins=60 range=(-12.50,-11.50) mean=-12.00 p50=-12.00 p05=-12.00 p95=-12.00
  [diag] sat-dist hist bins=60 sat<0.05=0.0% mean=0.995 p10=0.994 p90=0.995
  [diag] z-gate sat-dist hist bins=60 mean=0.119 p10=0.119 p90=0.119
  [diag] r-gate sat-dist hist bins=60 mean=0.499 p10=0.499 p90=0.499
Iter 0023220: train nll 0.047, valid error 037.870%, best valid error 024.250%, avg grad norm   0.075, avg grad norm (post clip)   0.000, rho_Whh  0.08, Omega  0.00, alpha  0.000, steps in the past 0.000, valid nll 0.048, valid mae 0.178, err@0.05 085.91%, err@0.10 071.34%, err@0.20 037.87%, maxae 0.742
  [diag] log10|dL/dh_t| hist bins=60 range=(-12.50,-11.50) mean=-12.00 p50=-12.00 p05=-12.00 p95=-12.00
  [diag] sat-dist hist bins=60 sat<0.05=0.0% mean=0.995 p10=0.994 p90=0.995
  [diag] z-gate sat-dist hist bins=60 mean=0.119 p10=0.119 p90=0.119
  [diag] r-gate sat-dist hist bins=60 mean=0.499 p10=0.499 p90=0.499
Iter 0023240: train nll 0.047, valid error 039.310%, best valid error 024.250%, avg grad norm   0.100, avg grad norm (post clip)   0.000, rho_Whh  0.08, Omega  0.00, alpha  0.000, steps in the past 0.000, valid nll 0.048, valid mae 0.180, err@0.05 086.27%, err@0.10 071.74%, err@0.20 039.31%, maxae 0.736
  [diag] log10|dL/dh_t| hist bins=60 range=(-12.50,-11.50) mean=-12.00 p50=-12.00 p05=-12.00 p95=-12.00
  [diag] sat-dist hist bins=60 sat<0.05=0.0% mean=0.995 p10=0.994 p90=0.995
  [diag] z-gate sat-dist hist bins=60 mean=0.119 p10=0.119 p90=0.119
  [diag] r-gate sat-dist hist bins=60 mean=0.499 p10=0.499 p90=0.499
Iter 0023260: train nll 0.050, valid error 039.020%, best valid error 024.250%, avg grad norm   0.066, avg grad norm (post clip)   0.000, rho_Whh  0.08, Omega  0.00, alpha  0.000, steps in the past 0.000, valid nll 0.048, valid mae 0.179, err@0.05 086.19%, err@0.10 071.64%, err@0.20 039.02%, maxae 0.737
  [diag] log10|dL/dh_t| hist bins=60 range=(-12.50,-11.50) mean=-12.00 p50=-12.00 p05=-12.00 p95=-12.00
  [diag] sat-dist hist bins=60 sat<0.05=0.0% mean=0.995 p10=0.994 p90=0.995
  [diag] z-gate sat-dist hist bins=60 mean=0.119 p10=0.119 p90=0.119
  [diag] r-gate sat-dist hist bins=60 mean=0.499 p10=0.499 p90=0.499
Iter 0023280: train nll 0.050, valid error 038.720%, best valid error 024.250%, avg grad norm   0.066, avg grad norm (post clip)   0.000, rho_Whh  0.08, Omega  0.00, alpha  0.000, steps in the past 0.000, valid nll 0.048, valid mae 0.179, err@0.05 086.00%, err@0.10 071.58%, err@0.20 038.72%, maxae 0.738
  [diag] log10|dL/dh_t| hist bins=60 range=(-12.50,-11.50) mean=-12.00 p50=-12.00 p05=-12.00 p95=-12.00
  [diag] sat-dist hist bins=60 sat<0.05=0.0% mean=0.995 p10=0.994 p90=0.995
  [diag] z-gate sat-dist hist bins=60 mean=0.119 p10=0.119 p90=0.119
  [diag] r-gate sat-dist hist bins=60 mean=0.499 p10=0.499 p90=0.499
Iter 0023300: train nll 0.047, valid error 038.060%, best valid error 024.250%, avg grad norm   0.091, avg grad norm (post clip)   0.000, rho_Whh  0.08, Omega  0.00, alpha  0.000, steps in the past 0.000, valid nll 0.048, valid mae 0.178, err@0.05 085.90%, err@0.10 071.50%, err@0.20 038.06%, maxae 0.741
  [diag] log10|dL/dh_t| hist bins=60 range=(-12.50,-11.50) mean=-12.00 p50=-12.00 p05=-12.00 p95=-12.00
  [diag] sat-dist hist bins=60 sat<0.05=0.0% mean=0.995 p10=0.994 p90=0.995
  [diag] z-gate sat-dist hist bins=60 mean=0.119 p10=0.119 p90=0.119
  [diag] r-gate sat-dist hist bins=60 mean=0.499 p10=0.499 p90=0.499
Iter 0023320: train nll 0.044, valid error 036.900%, best valid error 024.250%, avg grad norm   0.081, avg grad norm (post clip)   0.000, rho_Whh  0.08, Omega  0.00, alpha  0.000, steps in the past 0.000, valid nll 0.048, valid mae 0.177, err@0.05 085.78%, err@0.10 070.97%, err@0.20 036.90%, maxae 0.746
  [diag] log10|dL/dh_t| hist bins=60 range=(-12.50,-11.50) mean=-12.00 p50=-12.00 p05=-12.00 p95=-12.00
  [diag] sat-dist hist bins=60 sat<0.05=0.0% mean=0.995 p10=0.994 p90=0.995
  [diag] z-gate sat-dist hist bins=60 mean=0.119 p10=0.119 p90=0.119
  [diag] r-gate sat-dist hist bins=60 mean=0.499 p10=0.499 p90=0.499
Iter 0023340: train nll 0.048, valid error 038.870%, best valid error 024.250%, avg grad norm   0.093, avg grad norm (post clip)   0.000, rho_Whh  0.08, Omega  0.00, alpha  0.000, steps in the past 0.000, valid nll 0.048, valid mae 0.179, err@0.05 086.11%, err@0.10 071.65%, err@0.20 038.87%, maxae 0.737
  [diag] log10|dL/dh_t| hist bins=60 range=(-12.50,-11.50) mean=-12.00 p50=-12.00 p05=-12.00 p95=-12.00
  [diag] sat-dist hist bins=60 sat<0.05=0.0% mean=0.995 p10=0.994 p90=0.995
  [diag] z-gate sat-dist hist bins=60 mean=0.119 p10=0.119 p90=0.119
  [diag] r-gate sat-dist hist bins=60 mean=0.499 p10=0.499 p90=0.499
Iter 0023360: train nll 0.050, valid error 038.470%, best valid error 024.250%, avg grad norm   0.064, avg grad norm (post clip)   0.000, rho_Whh  0.08, Omega  0.00, alpha  0.000, steps in the past 0.000, valid nll 0.048, valid mae 0.179, err@0.05 086.00%, err@0.10 071.61%, err@0.20 038.47%, maxae 0.739
  [diag] log10|dL/dh_t| hist bins=60 range=(-12.50,-11.50) mean=-12.00 p50=-12.00 p05=-12.00 p95=-12.00
  [diag] sat-dist hist bins=60 sat<0.05=0.0% mean=0.995 p10=0.994 p90=0.995
  [diag] z-gate sat-dist hist bins=60 mean=0.119 p10=0.119 p90=0.119
  [diag] r-gate sat-dist hist bins=60 mean=0.499 p10=0.499 p90=0.499
Iter 0023380: train nll 0.047, valid error 038.470%, best valid error 024.250%, avg grad norm   0.071, avg grad norm (post clip)   0.000, rho_Whh  0.08, Omega  0.00, alpha  0.000, steps in the past 0.000, valid nll 0.048, valid mae 0.179, err@0.05 086.00%, err@0.10 071.61%, err@0.20 038.47%, maxae 0.739
  [diag] log10|dL/dh_t| hist bins=60 range=(-12.50,-11.50) mean=-12.00 p50=-12.00 p05=-12.00 p95=-12.00
  [diag] sat-dist hist bins=60 sat<0.05=0.0% mean=0.995 p10=0.994 p90=0.995
  [diag] z-gate sat-dist hist bins=60 mean=0.119 p10=0.119 p90=0.119
  [diag] r-gate sat-dist hist bins=60 mean=0.499 p10=0.499 p90=0.499
Iter 0023400: train nll 0.050, valid error 039.240%, best valid error 024.250%, avg grad norm   0.066, avg grad norm (post clip)   0.000, rho_Whh  0.08, Omega  0.00, alpha  0.000, steps in the past 0.000, valid nll 0.048, valid mae 0.180, err@0.05 086.28%, err@0.10 071.71%, err@0.20 039.24%, maxae 0.736
  [diag] log10|dL/dh_t| hist bins=60 range=(-12.50,-11.50) mean=-12.00 p50=-12.00 p05=-12.00 p95=-12.00
  [diag] sat-dist hist bins=60 sat<0.05=0.0% mean=0.995 p10=0.994 p90=0.995
  [diag] z-gate sat-dist hist bins=60 mean=0.119 p10=0.119 p90=0.119
  [diag] r-gate sat-dist hist bins=60 mean=0.499 p10=0.499 p90=0.499
Iter 0023420: train nll 0.050, valid error 039.020%, best valid error 024.250%, avg grad norm   0.049, avg grad norm (post clip)   0.000, rho_Whh  0.08, Omega  0.00, alpha  0.000, steps in the past 0.000, valid nll 0.048, valid mae 0.179, err@0.05 086.19%, err@0.10 071.64%, err@0.20 039.02%, maxae 0.737
  [diag] log10|dL/dh_t| hist bins=60 range=(-12.50,-11.50) mean=-12.00 p50=-12.00 p05=-12.00 p95=-12.00
  [diag] sat-dist hist bins=60 sat<0.05=0.0% mean=0.995 p10=0.994 p90=0.995
  [diag] z-gate sat-dist hist bins=60 mean=0.119 p10=0.119 p90=0.119
  [diag] r-gate sat-dist hist bins=60 mean=0.499 p10=0.499 p90=0.499
Iter 0023440: train nll 0.048, valid error 039.180%, best valid error 024.250%, avg grad norm   0.068, avg grad norm (post clip)   0.000, rho_Whh  0.08, Omega  0.00, alpha  0.000, steps in the past 0.000, valid nll 0.048, valid mae 0.179, err@0.05 086.29%, err@0.10 071.71%, err@0.20 039.18%, maxae 0.736
  [diag] log10|dL/dh_t| hist bins=60 range=(-12.50,-11.50) mean=-12.00 p50=-12.00 p05=-12.00 p95=-12.00
  [diag] sat-dist hist bins=60 sat<0.05=0.0% mean=0.995 p10=0.994 p90=0.995
  [diag] z-gate sat-dist hist bins=60 mean=0.119 p10=0.119 p90=0.119
  [diag] r-gate sat-dist hist bins=60 mean=0.499 p10=0.499 p90=0.499
Iter 0023460: train nll 0.044, valid error 038.810%, best valid error 024.250%, avg grad norm   0.098, avg grad norm (post clip)   0.000, rho_Whh  0.08, Omega  0.00, alpha  0.000, steps in the past 0.000, valid nll 0.048, valid mae 0.179, err@0.05 086.09%, err@0.10 071.61%, err@0.20 038.81%, maxae 0.738
  [diag] log10|dL/dh_t| hist bins=60 range=(-12.50,-11.50) mean=-12.00 p50=-12.00 p05=-12.00 p95=-12.00
  [diag] sat-dist hist bins=60 sat<0.05=0.0% mean=0.995 p10=0.994 p90=0.995
  [diag] z-gate sat-dist hist bins=60 mean=0.119 p10=0.119 p90=0.119
  [diag] r-gate sat-dist hist bins=60 mean=0.499 p10=0.499 p90=0.499
Iter 0023480: train nll 0.046, valid error 038.380%, best valid error 024.250%, avg grad norm   0.073, avg grad norm (post clip)   0.000, rho_Whh  0.08, Omega  0.00, alpha  0.000, steps in the past 0.000, valid nll 0.048, valid mae 0.179, err@0.05 085.87%, err@0.10 071.55%, err@0.20 038.38%, maxae 0.740
