Starting to train (PyTorch).
  [diag] log10|dL/dh_t| hist bins=60 range=(-12.50,-11.50) mean=-12.00 p50=-12.00 p05=-12.00 p95=-12.00
  [diag] sat-dist hist bins=60 sat<0.05=0.0% mean=0.982 p10=0.982 p90=0.983
Iter 0000020: train nll 1.456, valid error 074.750%, best valid error 100.000%, avg grad norm   0.192, avg grad norm (post clip)   0.052, rho_Whh  0.95, Omega  0.00, alpha  4.000, steps in the past 0.000, valid nll 1.386
  [diag] log10|dL/dh_t| hist bins=60 range=(-12.50,-11.50) mean=-12.00 p50=-12.00 p05=-12.00 p95=-12.00
  [diag] sat-dist hist bins=60 sat<0.05=0.0% mean=0.982 p10=0.981 p90=0.983
Iter 0000040: train nll 1.386, valid error 074.920%, best valid error 074.750%, avg grad norm   0.171, avg grad norm (post clip)   0.052, rho_Whh  0.95, Omega  0.00, alpha  4.000, steps in the past 0.000, valid nll 1.386
  [diag] log10|dL/dh_t| hist bins=60 range=(-12.50,-11.50) mean=-12.00 p50=-12.00 p05=-12.00 p95=-12.00
  [diag] sat-dist hist bins=60 sat<0.05=0.0% mean=0.982 p10=0.981 p90=0.982
Iter 0000060: train nll 1.386, valid error 074.800%, best valid error 074.750%, avg grad norm   0.191, avg grad norm (post clip)   0.053, rho_Whh  0.95, Omega  0.00, alpha  4.000, steps in the past 0.000, valid nll 1.386
  [diag] log10|dL/dh_t| hist bins=60 range=(-12.50,-11.50) mean=-12.00 p50=-12.00 p05=-12.00 p95=-12.00
  [diag] sat-dist hist bins=60 sat<0.05=0.0% mean=0.982 p10=0.981 p90=0.982
Iter 0000080: train nll 1.386, valid error 074.860%, best valid error 074.750%, avg grad norm   0.177, avg grad norm (post clip)   0.053, rho_Whh  0.95, Omega  0.00, alpha  4.000, steps in the past 0.000, valid nll 1.386
  [diag] log10|dL/dh_t| hist bins=60 range=(-12.50,-11.50) mean=-12.00 p50=-12.00 p05=-12.00 p95=-12.00
  [diag] sat-dist hist bins=60 sat<0.05=0.0% mean=0.982 p10=0.982 p90=0.983
Iter 0000100: train nll 1.386, valid error 074.990%, best valid error 074.750%, avg grad norm   0.183, avg grad norm (post clip)   0.052, rho_Whh  0.95, Omega  0.00, alpha  4.000, steps in the past 0.000, valid nll 1.386
  [diag] log10|dL/dh_t| hist bins=60 range=(-12.50,-11.50) mean=-12.00 p50=-12.00 p05=-12.00 p95=-12.00
  [diag] sat-dist hist bins=60 sat<0.05=0.0% mean=0.982 p10=0.982 p90=0.983
Iter 0000120: train nll 1.386, valid error 075.400%, best valid error 074.750%, avg grad norm   0.184, avg grad norm (post clip)   0.053, rho_Whh  0.95, Omega  0.00, alpha  4.000, steps in the past 0.000, valid nll 1.386
  [diag] log10|dL/dh_t| hist bins=60 range=(-12.50,-11.50) mean=-12.00 p50=-12.00 p05=-12.00 p95=-12.00
  [diag] sat-dist hist bins=60 sat<0.05=0.0% mean=0.982 p10=0.981 p90=0.982
Iter 0000140: train nll 1.386, valid error 075.160%, best valid error 074.750%, avg grad norm   0.167, avg grad norm (post clip)   0.053, rho_Whh  0.95, Omega  0.00, alpha  4.000, steps in the past 0.000, valid nll 1.386
  [diag] log10|dL/dh_t| hist bins=60 range=(-12.50,-11.50) mean=-12.00 p50=-12.00 p05=-12.00 p95=-12.00
  [diag] sat-dist hist bins=60 sat<0.05=0.0% mean=0.982 p10=0.981 p90=0.982
Iter 0000160: train nll 1.386, valid error 075.200%, best valid error 074.750%, avg grad norm   0.171, avg grad norm (post clip)   0.053, rho_Whh  0.95, Omega  0.00, alpha  4.000, steps in the past 0.000, valid nll 1.386
  [diag] log10|dL/dh_t| hist bins=60 range=(-12.50,-11.50) mean=-12.00 p50=-12.00 p05=-12.00 p95=-12.00
  [diag] sat-dist hist bins=60 sat<0.05=0.0% mean=0.981 p10=0.981 p90=0.982
Iter 0000180: train nll 1.386, valid error 075.190%, best valid error 074.750%, avg grad norm   0.195, avg grad norm (post clip)   0.053, rho_Whh  0.95, Omega  0.00, alpha  4.000, steps in the past 0.000, valid nll 1.386
  [diag] log10|dL/dh_t| hist bins=60 range=(-12.50,-11.50) mean=-12.00 p50=-12.00 p05=-12.00 p95=-12.00
  [diag] sat-dist hist bins=60 sat<0.05=0.0% mean=0.981 p10=0.980 p90=0.982
Iter 0000200: train nll 1.386, valid error 075.220%, best valid error 074.750%, avg grad norm   0.190, avg grad norm (post clip)   0.053, rho_Whh  0.95, Omega  0.00, alpha  4.000, steps in the past 0.000, valid nll 1.386
  [diag] log10|dL/dh_t| hist bins=60 range=(-12.50,-11.50) mean=-12.00 p50=-12.00 p05=-12.00 p95=-12.00
  [diag] sat-dist hist bins=60 sat<0.05=0.0% mean=0.981 p10=0.980 p90=0.982
Iter 0000220: train nll 1.386, valid error 075.220%, best valid error 074.750%, avg grad norm   0.181, avg grad norm (post clip)   0.053, rho_Whh  0.95, Omega  0.00, alpha  4.000, steps in the past 0.000, valid nll 1.386
  [diag] log10|dL/dh_t| hist bins=60 range=(-12.50,-11.50) mean=-12.00 p50=-12.00 p05=-12.00 p95=-12.00
  [diag] sat-dist hist bins=60 sat<0.05=0.0% mean=0.981 p10=0.980 p90=0.982
Iter 0000240: train nll 1.386, valid error 075.220%, best valid error 074.750%, avg grad norm   0.191, avg grad norm (post clip)   0.053, rho_Whh  0.95, Omega  0.00, alpha  4.000, steps in the past 0.000, valid nll 1.386
  [diag] log10|dL/dh_t| hist bins=60 range=(-12.50,-11.50) mean=-12.00 p50=-12.00 p05=-12.00 p95=-12.00
  [diag] sat-dist hist bins=60 sat<0.05=0.0% mean=0.981 p10=0.980 p90=0.982
Iter 0000260: train nll 1.386, valid error 075.220%, best valid error 074.750%, avg grad norm   0.209, avg grad norm (post clip)   0.053, rho_Whh  0.95, Omega  0.00, alpha  4.000, steps in the past 0.000, valid nll 1.386
  [diag] log10|dL/dh_t| hist bins=60 range=(-12.50,-11.50) mean=-12.00 p50=-12.00 p05=-12.00 p95=-12.00
  [diag] sat-dist hist bins=60 sat<0.05=0.0% mean=0.981 p10=0.981 p90=0.982
Iter 0000280: train nll 1.386, valid error 075.220%, best valid error 074.750%, avg grad norm   0.187, avg grad norm (post clip)   0.053, rho_Whh  0.95, Omega  0.00, alpha  4.000, steps in the past 0.000, valid nll 1.386
  [diag] log10|dL/dh_t| hist bins=60 range=(-12.50,-11.50) mean=-12.00 p50=-12.00 p05=-12.00 p95=-12.00
  [diag] sat-dist hist bins=60 sat<0.05=0.0% mean=0.981 p10=0.980 p90=0.981
Iter 0000300: train nll 1.386, valid error 075.220%, best valid error 074.750%, avg grad norm   0.182, avg grad norm (post clip)   0.053, rho_Whh  0.95, Omega  0.00, alpha  4.000, steps in the past 0.000, valid nll 1.386
  [diag] log10|dL/dh_t| hist bins=60 range=(-12.50,-11.50) mean=-12.00 p50=-12.00 p05=-12.00 p95=-12.00
  [diag] sat-dist hist bins=60 sat<0.05=0.0% mean=0.981 p10=0.980 p90=0.982
Iter 0000320: train nll 1.387, valid error 075.220%, best valid error 074.750%, avg grad norm   0.181, avg grad norm (post clip)   0.052, rho_Whh  0.95, Omega  0.00, alpha  4.000, steps in the past 0.000, valid nll 1.386
  [diag] log10|dL/dh_t| hist bins=60 range=(-12.50,-11.50) mean=-12.00 p50=-12.00 p05=-12.00 p95=-12.00
  [diag] sat-dist hist bins=60 sat<0.05=0.0% mean=0.981 p10=0.980 p90=0.982
Iter 0000340: train nll 1.386, valid error 075.220%, best valid error 074.750%, avg grad norm   0.190, avg grad norm (post clip)   0.053, rho_Whh  0.95, Omega  0.00, alpha  4.000, steps in the past 0.000, valid nll 1.386
  [diag] log10|dL/dh_t| hist bins=60 range=(-12.50,-11.50) mean=-12.00 p50=-12.00 p05=-12.00 p95=-12.00
  [diag] sat-dist hist bins=60 sat<0.05=0.0% mean=0.981 p10=0.981 p90=0.982
Iter 0000360: train nll 1.386, valid error 075.220%, best valid error 074.750%, avg grad norm   0.183, avg grad norm (post clip)   0.053, rho_Whh  0.95, Omega  0.00, alpha  4.000, steps in the past 0.000, valid nll 1.386
  [diag] log10|dL/dh_t| hist bins=60 range=(-12.50,-11.50) mean=-12.00 p50=-12.00 p05=-12.00 p95=-12.00
  [diag] sat-dist hist bins=60 sat<0.05=0.0% mean=0.982 p10=0.981 p90=0.982
Iter 0000380: train nll 1.386, valid error 075.220%, best valid error 074.750%, avg grad norm   0.187, avg grad norm (post clip)   0.052, rho_Whh  0.95, Omega  0.00, alpha  4.000, steps in the past 0.000, valid nll 1.386
  [diag] log10|dL/dh_t| hist bins=60 range=(-12.50,-11.50) mean=-12.00 p50=-12.00 p05=-12.00 p95=-12.00
  [diag] sat-dist hist bins=60 sat<0.05=0.0% mean=0.982 p10=0.981 p90=0.982
Iter 0000400: train nll 1.386, valid error 075.220%, best valid error 074.750%, avg grad norm   0.189, avg grad norm (post clip)   0.053, rho_Whh  0.95, Omega  0.00, alpha  4.000, steps in the past 0.000, valid nll 1.386
  [diag] log10|dL/dh_t| hist bins=60 range=(-12.50,-11.50) mean=-12.00 p50=-12.00 p05=-12.00 p95=-12.00
  [diag] sat-dist hist bins=60 sat<0.05=0.0% mean=0.982 p10=0.981 p90=0.982
Iter 0000420: train nll 1.387, valid error 075.210%, best valid error 074.750%, avg grad norm   0.189, avg grad norm (post clip)   0.053, rho_Whh  0.95, Omega  0.00, alpha  4.000, steps in the past 0.000, valid nll 1.386
  [diag] log10|dL/dh_t| hist bins=60 range=(-12.50,-11.50) mean=-12.00 p50=-12.00 p05=-12.00 p95=-12.00
  [diag] sat-dist hist bins=60 sat<0.05=0.0% mean=0.982 p10=0.981 p90=0.982
Iter 0000440: train nll 1.387, valid error 075.210%, best valid error 074.750%, avg grad norm   0.224, avg grad norm (post clip)   0.053, rho_Whh  0.95, Omega  0.00, alpha  4.000, steps in the past 0.000, valid nll 1.386
  [diag] log10|dL/dh_t| hist bins=60 range=(-12.50,-11.50) mean=-12.00 p50=-12.00 p05=-12.00 p95=-12.00
  [diag] sat-dist hist bins=60 sat<0.05=0.0% mean=0.982 p10=0.981 p90=0.982
Iter 0000460: train nll 1.386, valid error 075.220%, best valid error 074.750%, avg grad norm   0.191, avg grad norm (post clip)   0.053, rho_Whh  0.95, Omega  0.00, alpha  4.000, steps in the past 0.000, valid nll 1.386
  [diag] log10|dL/dh_t| hist bins=60 range=(-12.50,-11.50) mean=-12.00 p50=-12.00 p05=-12.00 p95=-12.00
  [diag] sat-dist hist bins=60 sat<0.05=0.0% mean=0.982 p10=0.981 p90=0.982
Iter 0000480: train nll 1.386, valid error 075.220%, best valid error 074.750%, avg grad norm   0.196, avg grad norm (post clip)   0.053, rho_Whh  0.95, Omega  0.00, alpha  4.000, steps in the past 0.000, valid nll 1.386
  [diag] log10|dL/dh_t| hist bins=60 range=(-12.50,-11.50) mean=-12.00 p50=-12.00 p05=-12.00 p95=-12.00
  [diag] sat-dist hist bins=60 sat<0.05=0.0% mean=0.982 p10=0.982 p90=0.983
Iter 0000500: train nll 1.386, valid error 075.220%, best valid error 074.750%, avg grad norm   0.176, avg grad norm (post clip)   0.053, rho_Whh  0.95, Omega  0.00, alpha  4.000, steps in the past 0.000, valid nll 1.386
  [diag] log10|dL/dh_t| hist bins=60 range=(-12.50,-11.50) mean=-12.00 p50=-12.00 p05=-12.00 p95=-12.00
  [diag] sat-dist hist bins=60 sat<0.05=0.0% mean=0.983 p10=0.982 p90=0.983
Iter 0000520: train nll 1.386, valid error 075.240%, best valid error 074.750%, avg grad norm   0.200, avg grad norm (post clip)   0.053, rho_Whh  0.95, Omega  0.00, alpha  4.000, steps in the past 0.000, valid nll 1.386
  [diag] log10|dL/dh_t| hist bins=60 range=(-12.50,-11.50) mean=-12.00 p50=-12.00 p05=-12.00 p95=-12.00
  [diag] sat-dist hist bins=60 sat<0.05=0.0% mean=0.982 p10=0.982 p90=0.983
Iter 0000540: train nll 1.386, valid error 075.220%, best valid error 074.750%, avg grad norm   0.191, avg grad norm (post clip)   0.052, rho_Whh  0.95, Omega  0.00, alpha  4.000, steps in the past 0.000, valid nll 1.386
  [diag] log10|dL/dh_t| hist bins=60 range=(-12.50,-11.50) mean=-12.00 p50=-12.00 p05=-12.00 p95=-12.00
  [diag] sat-dist hist bins=60 sat<0.05=0.0% mean=0.982 p10=0.982 p90=0.983
Iter 0000560: train nll 1.386, valid error 075.210%, best valid error 074.750%, avg grad norm   0.207, avg grad norm (post clip)   0.053, rho_Whh  0.95, Omega  0.00, alpha  4.000, steps in the past 0.000, valid nll 1.386
  [diag] log10|dL/dh_t| hist bins=60 range=(-12.50,-11.50) mean=-12.00 p50=-12.00 p05=-12.00 p95=-12.00
  [diag] sat-dist hist bins=60 sat<0.05=0.0% mean=0.982 p10=0.981 p90=0.983
Iter 0000580: train nll 1.386, valid error 075.220%, best valid error 074.750%, avg grad norm   0.200, avg grad norm (post clip)   0.053, rho_Whh  0.95, Omega  0.00, alpha  4.000, steps in the past 0.000, valid nll 1.386
  [diag] log10|dL/dh_t| hist bins=60 range=(-12.50,-11.50) mean=-12.00 p50=-12.00 p05=-12.00 p95=-12.00
  [diag] sat-dist hist bins=60 sat<0.05=0.0% mean=0.982 p10=0.982 p90=0.983
Iter 0000600: train nll 1.387, valid error 075.240%, best valid error 074.750%, avg grad norm   0.163, avg grad norm (post clip)   0.053, rho_Whh  0.95, Omega  0.00, alpha  4.000, steps in the past 0.000, valid nll 1.386
  [diag] log10|dL/dh_t| hist bins=60 range=(-12.50,-11.50) mean=-12.00 p50=-12.00 p05=-12.00 p95=-12.00
  [diag] sat-dist hist bins=60 sat<0.05=0.0% mean=0.982 p10=0.982 p90=0.983
Iter 0000620: train nll 1.387, valid error 075.220%, best valid error 074.750%, avg grad norm   0.195, avg grad norm (post clip)   0.053, rho_Whh  0.95, Omega  0.00, alpha  4.000, steps in the past 0.000, valid nll 1.386
  [diag] log10|dL/dh_t| hist bins=60 range=(-12.50,-11.50) mean=-12.00 p50=-12.00 p05=-12.00 p95=-12.00
  [diag] sat-dist hist bins=60 sat<0.05=0.0% mean=0.982 p10=0.982 p90=0.983
Iter 0000640: train nll 1.386, valid error 075.230%, best valid error 074.750%, avg grad norm   0.180, avg grad norm (post clip)   0.053, rho_Whh  0.95, Omega  0.00, alpha  4.000, steps in the past 0.000, valid nll 1.386
  [diag] log10|dL/dh_t| hist bins=60 range=(-12.50,-11.50) mean=-12.00 p50=-12.00 p05=-12.00 p95=-12.00
  [diag] sat-dist hist bins=60 sat<0.05=0.0% mean=0.982 p10=0.981 p90=0.983
Iter 0000660: train nll 1.386, valid error 075.220%, best valid error 074.750%, avg grad norm   0.173, avg grad norm (post clip)   0.052, rho_Whh  0.95, Omega  0.00, alpha  4.000, steps in the past 0.000, valid nll 1.386
  [diag] log10|dL/dh_t| hist bins=60 range=(-12.50,-11.50) mean=-12.00 p50=-12.00 p05=-12.00 p95=-12.00
  [diag] sat-dist hist bins=60 sat<0.05=0.0% mean=0.982 p10=0.981 p90=0.982
Iter 0000680: train nll 1.386, valid error 075.220%, best valid error 074.750%, avg grad norm   0.161, avg grad norm (post clip)   0.051, rho_Whh  0.95, Omega  0.00, alpha  4.000, steps in the past 0.000, valid nll 1.386
  [diag] log10|dL/dh_t| hist bins=60 range=(-12.50,-11.50) mean=-12.00 p50=-12.00 p05=-12.00 p95=-12.00
  [diag] sat-dist hist bins=60 sat<0.05=0.0% mean=0.982 p10=0.981 p90=0.982
Iter 0000700: train nll 1.387, valid error 075.200%, best valid error 074.750%, avg grad norm   0.178, avg grad norm (post clip)   0.053, rho_Whh  0.95, Omega  0.00, alpha  4.000, steps in the past 0.000, valid nll 1.386
  [diag] log10|dL/dh_t| hist bins=60 range=(-12.50,-11.50) mean=-12.00 p50=-12.00 p05=-12.00 p95=-12.00
  [diag] sat-dist hist bins=60 sat<0.05=0.0% mean=0.982 p10=0.982 p90=0.983
Iter 0000720: train nll 1.386, valid error 075.210%, best valid error 074.750%, avg grad norm   0.237, avg grad norm (post clip)   0.053, rho_Whh  0.95, Omega  0.00, alpha  4.000, steps in the past 0.000, valid nll 1.386
  [diag] log10|dL/dh_t| hist bins=60 range=(-12.50,-11.50) mean=-12.00 p50=-12.00 p05=-12.00 p95=-12.00
  [diag] sat-dist hist bins=60 sat<0.05=0.0% mean=0.982 p10=0.982 p90=0.983
Iter 0000740: train nll 1.386, valid error 075.210%, best valid error 074.750%, avg grad norm   0.185, avg grad norm (post clip)   0.053, rho_Whh  0.95, Omega  0.00, alpha  4.000, steps in the past 0.000, valid nll 1.386
  [diag] log10|dL/dh_t| hist bins=60 range=(-12.50,-11.50) mean=-12.00 p50=-12.00 p05=-12.00 p95=-12.00
  [diag] sat-dist hist bins=60 sat<0.05=0.0% mean=0.983 p10=0.982 p90=0.983
Iter 0000760: train nll 1.386, valid error 075.200%, best valid error 074.750%, avg grad norm   0.169, avg grad norm (post clip)   0.053, rho_Whh  0.95, Omega  0.00, alpha  4.000, steps in the past 0.000, valid nll 1.386
  [diag] log10|dL/dh_t| hist bins=60 range=(-12.50,-11.50) mean=-12.00 p50=-12.00 p05=-12.00 p95=-12.00
  [diag] sat-dist hist bins=60 sat<0.05=0.0% mean=0.983 p10=0.982 p90=0.983
Iter 0000780: train nll 1.386, valid error 075.230%, best valid error 074.750%, avg grad norm   0.197, avg grad norm (post clip)   0.053, rho_Whh  0.95, Omega  0.00, alpha  4.000, steps in the past 0.000, valid nll 1.386
  [diag] log10|dL/dh_t| hist bins=60 range=(-12.50,-11.50) mean=-12.00 p50=-12.00 p05=-12.00 p95=-12.00
  [diag] sat-dist hist bins=60 sat<0.05=0.0% mean=0.983 p10=0.982 p90=0.983
Iter 0000800: train nll 1.386, valid error 075.190%, best valid error 074.750%, avg grad norm   0.198, avg grad norm (post clip)   0.053, rho_Whh  0.95, Omega  0.00, alpha  4.000, steps in the past 0.000, valid nll 1.386
  [diag] log10|dL/dh_t| hist bins=60 range=(-12.50,-11.50) mean=-12.00 p50=-12.00 p05=-12.00 p95=-12.00
  [diag] sat-dist hist bins=60 sat<0.05=0.0% mean=0.983 p10=0.982 p90=0.983
Iter 0000820: train nll 1.387, valid error 075.270%, best valid error 074.750%, avg grad norm   0.206, avg grad norm (post clip)   0.053, rho_Whh  0.95, Omega  0.00, alpha  4.000, steps in the past 0.000, valid nll 1.386
  [diag] log10|dL/dh_t| hist bins=60 range=(-12.50,-11.50) mean=-12.00 p50=-12.00 p05=-12.00 p95=-12.00
  [diag] sat-dist hist bins=60 sat<0.05=0.0% mean=0.983 p10=0.982 p90=0.983
Iter 0000840: train nll 1.386, valid error 074.980%, best valid error 074.750%, avg grad norm   0.142, avg grad norm (post clip)   0.053, rho_Whh  0.95, Omega  0.00, alpha  4.000, steps in the past 0.000, valid nll 1.386
  [diag] log10|dL/dh_t| hist bins=60 range=(-12.50,-11.50) mean=-12.00 p50=-12.00 p05=-12.00 p95=-12.00
  [diag] sat-dist hist bins=60 sat<0.05=0.0% mean=0.983 p10=0.983 p90=0.984
Iter 0000860: train nll 1.387, valid error 075.660%, best valid error 074.750%, avg grad norm   0.189, avg grad norm (post clip)   0.053, rho_Whh  0.95, Omega  0.00, alpha  4.000, steps in the past 0.000, valid nll 1.386
  [diag] log10|dL/dh_t| hist bins=60 range=(-12.50,-11.50) mean=-12.00 p50=-12.00 p05=-12.00 p95=-12.00
  [diag] sat-dist hist bins=60 sat<0.05=0.0% mean=0.983 p10=0.982 p90=0.984
Iter 0000880: train nll 1.386, valid error 075.230%, best valid error 074.750%, avg grad norm   0.156, avg grad norm (post clip)   0.052, rho_Whh  0.95, Omega  0.00, alpha  4.000, steps in the past 0.000, valid nll 1.386
  [diag] log10|dL/dh_t| hist bins=60 range=(-12.50,-11.50) mean=-12.00 p50=-12.00 p05=-12.00 p95=-12.00
  [diag] sat-dist hist bins=60 sat<0.05=0.0% mean=0.983 p10=0.983 p90=0.984
Iter 0000900: train nll 1.387, valid error 074.880%, best valid error 074.750%, avg grad norm   0.176, avg grad norm (post clip)   0.053, rho_Whh  0.95, Omega  0.00, alpha  4.000, steps in the past 0.000, valid nll 1.386
  [diag] log10|dL/dh_t| hist bins=60 range=(-12.50,-11.50) mean=-12.00 p50=-12.00 p05=-12.00 p95=-12.00
  [diag] sat-dist hist bins=60 sat<0.05=0.0% mean=0.983 p10=0.982 p90=0.983
Iter 0000920: train nll 1.387, valid error 075.270%, best valid error 074.750%, avg grad norm   0.169, avg grad norm (post clip)   0.053, rho_Whh  0.95, Omega  0.00, alpha  4.000, steps in the past 0.000, valid nll 1.386
  [diag] log10|dL/dh_t| hist bins=60 range=(-12.50,-11.50) mean=-12.00 p50=-12.00 p05=-12.00 p95=-12.00
  [diag] sat-dist hist bins=60 sat<0.05=0.0% mean=0.983 p10=0.982 p90=0.983
Iter 0000940: train nll 1.386, valid error 075.150%, best valid error 074.750%, avg grad norm   0.185, avg grad norm (post clip)   0.053, rho_Whh  0.95, Omega  0.00, alpha  4.000, steps in the past 0.000, valid nll 1.386
  [diag] log10|dL/dh_t| hist bins=60 range=(-12.50,-11.50) mean=-12.00 p50=-12.00 p05=-12.00 p95=-12.00
  [diag] sat-dist hist bins=60 sat<0.05=0.0% mean=0.983 p10=0.982 p90=0.983
Iter 0000960: train nll 1.386, valid error 075.170%, best valid error 074.750%, avg grad norm   0.175, avg grad norm (post clip)   0.053, rho_Whh  0.95, Omega  0.00, alpha  4.000, steps in the past 0.000, valid nll 1.386
  [diag] log10|dL/dh_t| hist bins=60 range=(-12.50,-11.50) mean=-12.00 p50=-12.00 p05=-12.00 p95=-12.00
  [diag] sat-dist hist bins=60 sat<0.05=0.0% mean=0.983 p10=0.982 p90=0.984
Iter 0000980: train nll 1.387, valid error 075.050%, best valid error 074.750%, avg grad norm   0.197, avg grad norm (post clip)   0.053, rho_Whh  0.95, Omega  0.00, alpha  4.000, steps in the past 0.000, valid nll 1.386
  [diag] log10|dL/dh_t| hist bins=60 range=(-12.50,-11.50) mean=-12.00 p50=-12.00 p05=-12.00 p95=-12.00
  [diag] sat-dist hist bins=60 sat<0.05=0.0% mean=0.983 p10=0.983 p90=0.984
Iter 0001000: train nll 1.386, valid error 074.560%, best valid error 074.750%, avg grad norm   0.170, avg grad norm (post clip)   0.053, rho_Whh  0.95, Omega  0.00, alpha  4.000, steps in the past 0.000, valid nll 1.386
  [diag] log10|dL/dh_t| hist bins=60 range=(-12.50,-11.50) mean=-12.00 p50=-12.00 p05=-12.00 p95=-12.00
  [diag] sat-dist hist bins=60 sat<0.05=0.0% mean=0.983 p10=0.982 p90=0.983
Iter 0001020: train nll 1.387, valid error 074.940%, best valid error 074.560%, avg grad norm   0.216, avg grad norm (post clip)   0.053, rho_Whh  0.95, Omega  0.00, alpha  4.000, steps in the past 0.000, valid nll 1.386
  [diag] log10|dL/dh_t| hist bins=60 range=(-12.50,-11.50) mean=-12.00 p50=-12.00 p05=-12.00 p95=-12.00
  [diag] sat-dist hist bins=60 sat<0.05=0.0% mean=0.983 p10=0.982 p90=0.983
Iter 0001040: train nll 1.386, valid error 074.880%, best valid error 074.560%, avg grad norm   0.177, avg grad norm (post clip)   0.053, rho_Whh  0.95, Omega  0.00, alpha  4.000, steps in the past 0.000, valid nll 1.386
  [diag] log10|dL/dh_t| hist bins=60 range=(-12.50,-11.50) mean=-12.00 p50=-12.00 p05=-12.00 p95=-12.00
  [diag] sat-dist hist bins=60 sat<0.05=0.0% mean=0.983 p10=0.983 p90=0.984
Iter 0001060: train nll 1.386, valid error 074.470%, best valid error 074.560%, avg grad norm   0.169, avg grad norm (post clip)   0.053, rho_Whh  0.95, Omega  0.00, alpha  4.000, steps in the past 0.000, valid nll 1.386
  [diag] log10|dL/dh_t| hist bins=60 range=(-12.50,-11.50) mean=-12.00 p50=-12.00 p05=-12.00 p95=-12.00
  [diag] sat-dist hist bins=60 sat<0.05=0.0% mean=0.984 p10=0.983 p90=0.984
Iter 0001080: train nll 1.386, valid error 074.510%, best valid error 074.470%, avg grad norm   0.197, avg grad norm (post clip)   0.053, rho_Whh  0.95, Omega  0.00, alpha  4.000, steps in the past 0.000, valid nll 1.386
  [diag] log10|dL/dh_t| hist bins=60 range=(-12.50,-11.50) mean=-12.00 p50=-12.00 p05=-12.00 p95=-12.00
  [diag] sat-dist hist bins=60 sat<0.05=0.0% mean=0.984 p10=0.983 p90=0.984
Iter 0001100: train nll 1.386, valid error 074.430%, best valid error 074.470%, avg grad norm   0.215, avg grad norm (post clip)   0.053, rho_Whh  0.95, Omega  0.00, alpha  4.000, steps in the past 0.000, valid nll 1.386
  [diag] log10|dL/dh_t| hist bins=60 range=(-12.50,-11.50) mean=-12.00 p50=-12.00 p05=-12.00 p95=-12.00
  [diag] sat-dist hist bins=60 sat<0.05=0.0% mean=0.984 p10=0.983 p90=0.984
Iter 0001120: train nll 1.386, valid error 075.210%, best valid error 074.430%, avg grad norm   0.182, avg grad norm (post clip)   0.053, rho_Whh  0.95, Omega  0.00, alpha  4.000, steps in the past 0.000, valid nll 1.386
  [diag] log10|dL/dh_t| hist bins=60 range=(-12.50,-11.50) mean=-12.00 p50=-12.00 p05=-12.00 p95=-12.00
  [diag] sat-dist hist bins=60 sat<0.05=0.0% mean=0.984 p10=0.983 p90=0.984
Iter 0001140: train nll 1.387, valid error 074.450%, best valid error 074.430%, avg grad norm   0.193, avg grad norm (post clip)   0.052, rho_Whh  0.95, Omega  0.00, alpha  4.000, steps in the past 0.000, valid nll 1.386
  [diag] log10|dL/dh_t| hist bins=60 range=(-12.50,-11.50) mean=-12.00 p50=-12.00 p05=-12.00 p95=-12.00
  [diag] sat-dist hist bins=60 sat<0.05=0.0% mean=0.984 p10=0.983 p90=0.984
Iter 0001160: train nll 1.386, valid error 074.620%, best valid error 074.430%, avg grad norm   0.192, avg grad norm (post clip)   0.053, rho_Whh  0.95, Omega  0.00, alpha  4.000, steps in the past 0.000, valid nll 1.386
  [diag] log10|dL/dh_t| hist bins=60 range=(-12.50,-11.50) mean=-12.00 p50=-12.00 p05=-12.00 p95=-12.00
  [diag] sat-dist hist bins=60 sat<0.05=0.0% mean=0.984 p10=0.983 p90=0.984
Iter 0001180: train nll 1.386, valid error 074.480%, best valid error 074.430%, avg grad norm   0.198, avg grad norm (post clip)   0.053, rho_Whh  0.95, Omega  0.00, alpha  4.000, steps in the past 0.000, valid nll 1.386
  [diag] log10|dL/dh_t| hist bins=60 range=(-12.50,-11.50) mean=-12.00 p50=-12.00 p05=-12.00 p95=-12.00
  [diag] sat-dist hist bins=60 sat<0.05=0.0% mean=0.984 p10=0.983 p90=0.984
Iter 0001200: train nll 1.386, valid error 074.330%, best valid error 074.430%, avg grad norm   0.160, avg grad norm (post clip)   0.053, rho_Whh  0.95, Omega  0.00, alpha  4.000, steps in the past 0.000, valid nll 1.386
  [diag] log10|dL/dh_t| hist bins=60 range=(-12.50,-11.50) mean=-12.00 p50=-12.00 p05=-12.00 p95=-12.00
  [diag] sat-dist hist bins=60 sat<0.05=0.0% mean=0.984 p10=0.983 p90=0.984
Iter 0001220: train nll 1.386, valid error 074.330%, best valid error 074.330%, avg grad norm   0.160, avg grad norm (post clip)   0.052, rho_Whh  0.95, Omega  0.00, alpha  4.000, steps in the past 0.000, valid nll 1.386
  [diag] log10|dL/dh_t| hist bins=60 range=(-12.50,-11.50) mean=-12.00 p50=-12.00 p05=-12.00 p95=-12.00
  [diag] sat-dist hist bins=60 sat<0.05=0.0% mean=0.984 p10=0.983 p90=0.984
Iter 0001240: train nll 1.387, valid error 074.330%, best valid error 074.330%, avg grad norm   0.206, avg grad norm (post clip)   0.053, rho_Whh  0.95, Omega  0.00, alpha  4.000, steps in the past 0.000, valid nll 1.386
  [diag] log10|dL/dh_t| hist bins=60 range=(-12.50,-11.50) mean=-12.00 p50=-12.00 p05=-12.00 p95=-12.00
  [diag] sat-dist hist bins=60 sat<0.05=0.0% mean=0.984 p10=0.983 p90=0.984
Iter 0001260: train nll 1.386, valid error 074.340%, best valid error 074.330%, avg grad norm   0.180, avg grad norm (post clip)   0.053, rho_Whh  0.95, Omega  0.00, alpha  4.000, steps in the past 0.000, valid nll 1.386
  [diag] log10|dL/dh_t| hist bins=60 range=(-12.50,-11.50) mean=-12.00 p50=-12.00 p05=-12.00 p95=-12.00
  [diag] sat-dist hist bins=60 sat<0.05=0.0% mean=0.983 p10=0.983 p90=0.984
Iter 0001280: train nll 1.386, valid error 074.340%, best valid error 074.330%, avg grad norm   0.197, avg grad norm (post clip)   0.053, rho_Whh  0.95, Omega  0.00, alpha  4.000, steps in the past 0.000, valid nll 1.386
  [diag] log10|dL/dh_t| hist bins=60 range=(-12.50,-11.50) mean=-12.00 p50=-12.00 p05=-12.00 p95=-12.00
  [diag] sat-dist hist bins=60 sat<0.05=0.0% mean=0.983 p10=0.983 p90=0.984
Iter 0001300: train nll 1.386, valid error 074.340%, best valid error 074.330%, avg grad norm   0.199, avg grad norm (post clip)   0.053, rho_Whh  0.95, Omega  0.00, alpha  4.000, steps in the past 0.000, valid nll 1.386
  [diag] log10|dL/dh_t| hist bins=60 range=(-12.50,-11.50) mean=-12.00 p50=-12.00 p05=-12.00 p95=-12.00
  [diag] sat-dist hist bins=60 sat<0.05=0.0% mean=0.984 p10=0.983 p90=0.984
Iter 0001320: train nll 1.386, valid error 074.330%, best valid error 074.330%, avg grad norm   0.180, avg grad norm (post clip)   0.052, rho_Whh  0.95, Omega  0.00, alpha  4.000, steps in the past 0.000, valid nll 1.386
  [diag] log10|dL/dh_t| hist bins=60 range=(-12.50,-11.50) mean=-12.00 p50=-12.00 p05=-12.00 p95=-12.00
  [diag] sat-dist hist bins=60 sat<0.05=0.0% mean=0.984 p10=0.983 p90=0.984
Iter 0001340: train nll 1.386, valid error 074.330%, best valid error 074.330%, avg grad norm   0.170, avg grad norm (post clip)   0.053, rho_Whh  0.95, Omega  0.00, alpha  4.000, steps in the past 0.000, valid nll 1.386
  [diag] log10|dL/dh_t| hist bins=60 range=(-12.50,-11.50) mean=-12.00 p50=-12.00 p05=-12.00 p95=-12.00
  [diag] sat-dist hist bins=60 sat<0.05=0.0% mean=0.984 p10=0.983 p90=0.985
Iter 0001360: train nll 1.386, valid error 074.330%, best valid error 074.330%, avg grad norm   0.181, avg grad norm (post clip)   0.053, rho_Whh  0.95, Omega  0.00, alpha  4.000, steps in the past 0.000, valid nll 1.386
  [diag] log10|dL/dh_t| hist bins=60 range=(-12.50,-11.50) mean=-12.00 p50=-12.00 p05=-12.00 p95=-12.00
  [diag] sat-dist hist bins=60 sat<0.05=0.0% mean=0.984 p10=0.983 p90=0.984
Iter 0001380: train nll 1.386, valid error 074.330%, best valid error 074.330%, avg grad norm   0.171, avg grad norm (post clip)   0.053, rho_Whh  0.95, Omega  0.00, alpha  4.000, steps in the past 0.000, valid nll 1.386
  [diag] log10|dL/dh_t| hist bins=60 range=(-12.50,-11.50) mean=-12.00 p50=-12.00 p05=-12.00 p95=-12.00
  [diag] sat-dist hist bins=60 sat<0.05=0.0% mean=0.984 p10=0.983 p90=0.984
Iter 0001400: train nll 1.386, valid error 074.330%, best valid error 074.330%, avg grad norm   0.180, avg grad norm (post clip)   0.053, rho_Whh  0.95, Omega  0.00, alpha  4.000, steps in the past 0.000, valid nll 1.386
  [diag] log10|dL/dh_t| hist bins=60 range=(-12.50,-11.50) mean=-12.00 p50=-12.00 p05=-12.00 p95=-12.00
  [diag] sat-dist hist bins=60 sat<0.05=0.0% mean=0.984 p10=0.983 p90=0.984
Iter 0001420: train nll 1.387, valid error 074.330%, best valid error 074.330%, avg grad norm   0.181, avg grad norm (post clip)   0.053, rho_Whh  0.95, Omega  0.00, alpha  4.000, steps in the past 0.000, valid nll 1.386
  [diag] log10|dL/dh_t| hist bins=60 range=(-12.50,-11.50) mean=-12.00 p50=-12.00 p05=-12.00 p95=-12.00
  [diag] sat-dist hist bins=60 sat<0.05=0.0% mean=0.984 p10=0.983 p90=0.984
Iter 0001440: train nll 1.386, valid error 074.330%, best valid error 074.330%, avg grad norm   0.172, avg grad norm (post clip)   0.053, rho_Whh  0.95, Omega  0.00, alpha  4.000, steps in the past 0.000, valid nll 1.386
  [diag] log10|dL/dh_t| hist bins=60 range=(-12.50,-11.50) mean=-12.00 p50=-12.00 p05=-12.00 p95=-12.00
  [diag] sat-dist hist bins=60 sat<0.05=0.0% mean=0.984 p10=0.983 p90=0.984
Iter 0001460: train nll 1.386, valid error 074.330%, best valid error 074.330%, avg grad norm   0.188, avg grad norm (post clip)   0.053, rho_Whh  0.95, Omega  0.00, alpha  4.000, steps in the past 0.000, valid nll 1.386
  [diag] log10|dL/dh_t| hist bins=60 range=(-12.50,-11.50) mean=-12.00 p50=-12.00 p05=-12.00 p95=-12.00
  [diag] sat-dist hist bins=60 sat<0.05=0.0% mean=0.984 p10=0.983 p90=0.984
Iter 0001480: train nll 1.387, valid error 074.330%, best valid error 074.330%, avg grad norm   0.221, avg grad norm (post clip)   0.053, rho_Whh  0.95, Omega  0.00, alpha  4.000, steps in the past 0.000, valid nll 1.386
  [diag] log10|dL/dh_t| hist bins=60 range=(-12.50,-11.50) mean=-12.00 p50=-12.00 p05=-12.00 p95=-12.00
  [diag] sat-dist hist bins=60 sat<0.05=0.0% mean=0.984 p10=0.983 p90=0.984
Iter 0001500: train nll 1.387, valid error 074.330%, best valid error 074.330%, avg grad norm   0.164, avg grad norm (post clip)   0.053, rho_Whh  0.95, Omega  0.00, alpha  4.000, steps in the past 0.000, valid nll 1.386
  [diag] log10|dL/dh_t| hist bins=60 range=(-12.50,-11.50) mean=-12.00 p50=-12.00 p05=-12.00 p95=-12.00
  [diag] sat-dist hist bins=60 sat<0.05=0.0% mean=0.984 p10=0.983 p90=0.984
Iter 0001520: train nll 1.386, valid error 074.330%, best valid error 074.330%, avg grad norm   0.177, avg grad norm (post clip)   0.052, rho_Whh  0.95, Omega  0.00, alpha  4.000, steps in the past 0.000, valid nll 1.386
  [diag] log10|dL/dh_t| hist bins=60 range=(-12.50,-11.50) mean=-12.00 p50=-12.00 p05=-12.00 p95=-12.00
  [diag] sat-dist hist bins=60 sat<0.05=0.0% mean=0.984 p10=0.983 p90=0.984
Iter 0001540: train nll 1.386, valid error 074.330%, best valid error 074.330%, avg grad norm   0.195, avg grad norm (post clip)   0.053, rho_Whh  0.95, Omega  0.00, alpha  4.000, steps in the past 0.000, valid nll 1.386
  [diag] log10|dL/dh_t| hist bins=60 range=(-12.50,-11.50) mean=-12.00 p50=-12.00 p05=-12.00 p95=-12.00
  [diag] sat-dist hist bins=60 sat<0.05=0.0% mean=0.984 p10=0.983 p90=0.984
Iter 0001560: train nll 1.387, valid error 074.330%, best valid error 074.330%, avg grad norm   0.225, avg grad norm (post clip)   0.053, rho_Whh  0.95, Omega  0.00, alpha  4.000, steps in the past 0.000, valid nll 1.386
  [diag] log10|dL/dh_t| hist bins=60 range=(-12.50,-11.50) mean=-12.00 p50=-12.00 p05=-12.00 p95=-12.00
  [diag] sat-dist hist bins=60 sat<0.05=0.0% mean=0.984 p10=0.983 p90=0.984
Iter 0001580: train nll 1.386, valid error 074.330%, best valid error 074.330%, avg grad norm   0.177, avg grad norm (post clip)   0.053, rho_Whh  0.95, Omega  0.00, alpha  4.000, steps in the past 0.000, valid nll 1.386
  [diag] log10|dL/dh_t| hist bins=60 range=(-12.50,-11.50) mean=-12.00 p50=-12.00 p05=-12.00 p95=-12.00
  [diag] sat-dist hist bins=60 sat<0.05=0.0% mean=0.984 p10=0.983 p90=0.984
Iter 0001600: train nll 1.387, valid error 074.330%, best valid error 074.330%, avg grad norm   0.202, avg grad norm (post clip)   0.053, rho_Whh  0.95, Omega  0.00, alpha  4.000, steps in the past 0.000, valid nll 1.386
  [diag] log10|dL/dh_t| hist bins=60 range=(-12.50,-11.50) mean=-12.00 p50=-12.00 p05=-12.00 p95=-12.00
  [diag] sat-dist hist bins=60 sat<0.05=0.0% mean=0.984 p10=0.984 p90=0.985
Iter 0001620: train nll 1.386, valid error 074.330%, best valid error 074.330%, avg grad norm   0.183, avg grad norm (post clip)   0.052, rho_Whh  0.95, Omega  0.00, alpha  4.000, steps in the past 0.000, valid nll 1.386
  [diag] log10|dL/dh_t| hist bins=60 range=(-12.50,-11.50) mean=-12.00 p50=-12.00 p05=-12.00 p95=-12.00
  [diag] sat-dist hist bins=60 sat<0.05=0.0% mean=0.985 p10=0.984 p90=0.985
Iter 0001640: train nll 1.386, valid error 074.330%, best valid error 074.330%, avg grad norm   0.181, avg grad norm (post clip)   0.053, rho_Whh  0.95, Omega  0.00, alpha  4.000, steps in the past 0.000, valid nll 1.386
  [diag] log10|dL/dh_t| hist bins=60 range=(-12.50,-11.50) mean=-12.00 p50=-12.00 p05=-12.00 p95=-12.00
  [diag] sat-dist hist bins=60 sat<0.05=0.0% mean=0.984 p10=0.984 p90=0.985
Iter 0001660: train nll 1.386, valid error 074.330%, best valid error 074.330%, avg grad norm   0.199, avg grad norm (post clip)   0.053, rho_Whh  0.95, Omega  0.00, alpha  4.000, steps in the past 0.000, valid nll 1.386
  [diag] log10|dL/dh_t| hist bins=60 range=(-12.50,-11.50) mean=-12.00 p50=-12.00 p05=-12.00 p95=-12.00
  [diag] sat-dist hist bins=60 sat<0.05=0.0% mean=0.984 p10=0.983 p90=0.985
Iter 0001680: train nll 1.386, valid error 074.330%, best valid error 074.330%, avg grad norm   0.173, avg grad norm (post clip)   0.053, rho_Whh  0.95, Omega  0.00, alpha  4.000, steps in the past 0.000, valid nll 1.386
  [diag] log10|dL/dh_t| hist bins=60 range=(-12.50,-11.50) mean=-12.00 p50=-12.00 p05=-12.00 p95=-12.00
  [diag] sat-dist hist bins=60 sat<0.05=0.0% mean=0.984 p10=0.983 p90=0.984
Iter 0001700: train nll 1.386, valid error 074.330%, best valid error 074.330%, avg grad norm   0.157, avg grad norm (post clip)   0.051, rho_Whh  0.95, Omega  0.00, alpha  4.000, steps in the past 0.000, valid nll 1.386
  [diag] log10|dL/dh_t| hist bins=60 range=(-12.50,-11.50) mean=-12.00 p50=-12.00 p05=-12.00 p95=-12.00
  [diag] sat-dist hist bins=60 sat<0.05=0.0% mean=0.984 p10=0.983 p90=0.984
Iter 0001720: train nll 1.386, valid error 074.330%, best valid error 074.330%, avg grad norm   0.199, avg grad norm (post clip)   0.053, rho_Whh  0.95, Omega  0.00, alpha  4.000, steps in the past 0.000, valid nll 1.386
  [diag] log10|dL/dh_t| hist bins=60 range=(-12.50,-11.50) mean=-12.00 p50=-12.00 p05=-12.00 p95=-12.00
  [diag] sat-dist hist bins=60 sat<0.05=0.0% mean=0.984 p10=0.983 p90=0.984
Iter 0001740: train nll 1.386, valid error 074.330%, best valid error 074.330%, avg grad norm   0.181, avg grad norm (post clip)   0.053, rho_Whh  0.95, Omega  0.00, alpha  4.000, steps in the past 0.000, valid nll 1.386
  [diag] log10|dL/dh_t| hist bins=60 range=(-12.50,-11.50) mean=-12.00 p50=-12.00 p05=-12.00 p95=-12.00
  [diag] sat-dist hist bins=60 sat<0.05=0.0% mean=0.984 p10=0.983 p90=0.984
Iter 0001760: train nll 1.386, valid error 074.340%, best valid error 074.330%, avg grad norm   0.186, avg grad norm (post clip)   0.053, rho_Whh  0.95, Omega  0.00, alpha  4.000, steps in the past 0.000, valid nll 1.386
  [diag] log10|dL/dh_t| hist bins=60 range=(-12.50,-11.50) mean=-12.00 p50=-12.00 p05=-12.00 p95=-12.00
  [diag] sat-dist hist bins=60 sat<0.05=0.0% mean=0.984 p10=0.983 p90=0.984
Iter 0001780: train nll 1.386, valid error 074.330%, best valid error 074.330%, avg grad norm   0.184, avg grad norm (post clip)   0.053, rho_Whh  0.95, Omega  0.00, alpha  4.000, steps in the past 0.000, valid nll 1.386
  [diag] log10|dL/dh_t| hist bins=60 range=(-12.50,-11.50) mean=-12.00 p50=-12.00 p05=-12.00 p95=-12.00
  [diag] sat-dist hist bins=60 sat<0.05=0.0% mean=0.984 p10=0.983 p90=0.984
Iter 0001800: train nll 1.386, valid error 074.330%, best valid error 074.330%, avg grad norm   0.151, avg grad norm (post clip)   0.051, rho_Whh  0.95, Omega  0.00, alpha  4.000, steps in the past 0.000, valid nll 1.386
  [diag] log10|dL/dh_t| hist bins=60 range=(-12.50,-11.50) mean=-12.00 p50=-12.00 p05=-12.00 p95=-12.00
  [diag] sat-dist hist bins=60 sat<0.05=0.0% mean=0.983 p10=0.983 p90=0.984
Iter 0001820: train nll 1.386, valid error 074.520%, best valid error 074.330%, avg grad norm   0.219, avg grad norm (post clip)   0.053, rho_Whh  0.95, Omega  0.00, alpha  4.000, steps in the past 0.000, valid nll 1.386
  [diag] log10|dL/dh_t| hist bins=60 range=(-12.50,-11.50) mean=-12.00 p50=-12.00 p05=-12.00 p95=-12.00
  [diag] sat-dist hist bins=60 sat<0.05=0.0% mean=0.983 p10=0.982 p90=0.984
Iter 0001840: train nll 1.386, valid error 074.610%, best valid error 074.330%, avg grad norm   0.177, avg grad norm (post clip)   0.053, rho_Whh  0.95, Omega  0.00, alpha  4.000, steps in the past 0.000, valid nll 1.386
  [diag] log10|dL/dh_t| hist bins=60 range=(-12.50,-11.50) mean=-12.00 p50=-12.00 p05=-12.00 p95=-12.00
  [diag] sat-dist hist bins=60 sat<0.05=0.0% mean=0.983 p10=0.983 p90=0.984
Iter 0001860: train nll 1.386, valid error 074.580%, best valid error 074.330%, avg grad norm   0.156, avg grad norm (post clip)   0.053, rho_Whh  0.95, Omega  0.00, alpha  4.000, steps in the past 0.000, valid nll 1.386
  [diag] log10|dL/dh_t| hist bins=60 range=(-12.50,-11.50) mean=-12.00 p50=-12.00 p05=-12.00 p95=-12.00
  [diag] sat-dist hist bins=60 sat<0.05=0.0% mean=0.984 p10=0.983 p90=0.984
Iter 0001880: train nll 1.387, valid error 074.420%, best valid error 074.330%, avg grad norm   0.171, avg grad norm (post clip)   0.053, rho_Whh  0.95, Omega  0.00, alpha  4.000, steps in the past 0.000, valid nll 1.386
  [diag] log10|dL/dh_t| hist bins=60 range=(-12.50,-11.50) mean=-12.00 p50=-12.00 p05=-12.00 p95=-12.00
  [diag] sat-dist hist bins=60 sat<0.05=0.0% mean=0.983 p10=0.983 p90=0.984
Iter 0001900: train nll 1.387, valid error 074.660%, best valid error 074.330%, avg grad norm   0.172, avg grad norm (post clip)   0.053, rho_Whh  0.95, Omega  0.00, alpha  4.000, steps in the past 0.000, valid nll 1.386
  [diag] log10|dL/dh_t| hist bins=60 range=(-12.50,-11.50) mean=-12.00 p50=-12.00 p05=-12.00 p95=-12.00
  [diag] sat-dist hist bins=60 sat<0.05=0.0% mean=0.983 p10=0.983 p90=0.984
Iter 0001920: train nll 1.386, valid error 075.530%, best valid error 074.330%, avg grad norm   0.181, avg grad norm (post clip)   0.053, rho_Whh  0.95, Omega  0.00, alpha  4.000, steps in the past 0.000, valid nll 1.386
  [diag] log10|dL/dh_t| hist bins=60 range=(-12.50,-11.50) mean=-12.00 p50=-12.00 p05=-12.00 p95=-12.00
  [diag] sat-dist hist bins=60 sat<0.05=0.0% mean=0.983 p10=0.983 p90=0.984
Iter 0001940: train nll 1.386, valid error 075.370%, best valid error 074.330%, avg grad norm   0.183, avg grad norm (post clip)   0.053, rho_Whh  0.95, Omega  0.00, alpha  4.000, steps in the past 0.000, valid nll 1.386
  [diag] log10|dL/dh_t| hist bins=60 range=(-12.50,-11.50) mean=-12.00 p50=-12.00 p05=-12.00 p95=-12.00
  [diag] sat-dist hist bins=60 sat<0.05=0.0% mean=0.983 p10=0.983 p90=0.984
Iter 0001960: train nll 1.386, valid error 074.990%, best valid error 074.330%, avg grad norm   0.186, avg grad norm (post clip)   0.053, rho_Whh  0.95, Omega  0.00, alpha  4.000, steps in the past 0.000, valid nll 1.386
  [diag] log10|dL/dh_t| hist bins=60 range=(-12.50,-11.50) mean=-12.00 p50=-12.00 p05=-12.00 p95=-12.00
  [diag] sat-dist hist bins=60 sat<0.05=0.0% mean=0.983 p10=0.983 p90=0.984
Iter 0001980: train nll 1.386, valid error 075.190%, best valid error 074.330%, avg grad norm   0.169, avg grad norm (post clip)   0.053, rho_Whh  0.95, Omega  0.00, alpha  4.000, steps in the past 0.000, valid nll 1.386
  [diag] log10|dL/dh_t| hist bins=60 range=(-12.50,-11.50) mean=-12.00 p50=-12.00 p05=-12.00 p95=-12.00
  [diag] sat-dist hist bins=60 sat<0.05=0.0% mean=0.983 p10=0.982 p90=0.984
Iter 0002000: train nll 1.386, valid error 074.890%, best valid error 074.330%, avg grad norm   0.182, avg grad norm (post clip)   0.053, rho_Whh  0.95, Omega  0.00, alpha  4.000, steps in the past 0.000, valid nll 1.386
  [diag] log10|dL/dh_t| hist bins=60 range=(-12.50,-11.50) mean=-12.00 p50=-12.00 p05=-12.00 p95=-12.00
  [diag] sat-dist hist bins=60 sat<0.05=0.0% mean=0.983 p10=0.982 p90=0.983
Iter 0002020: train nll 1.386, valid error 075.230%, best valid error 074.330%, avg grad norm   0.189, avg grad norm (post clip)   0.053, rho_Whh  0.95, Omega  0.00, alpha  4.000, steps in the past 0.000, valid nll 1.386
  [diag] log10|dL/dh_t| hist bins=60 range=(-12.50,-11.50) mean=-12.00 p50=-12.00 p05=-12.00 p95=-12.00
  [diag] sat-dist hist bins=60 sat<0.05=0.0% mean=0.983 p10=0.982 p90=0.983
Iter 0002040: train nll 1.386, valid error 075.260%, best valid error 074.330%, avg grad norm   0.200, avg grad norm (post clip)   0.053, rho_Whh  0.95, Omega  0.00, alpha  4.000, steps in the past 0.000, valid nll 1.386
  [diag] log10|dL/dh_t| hist bins=60 range=(-12.50,-11.50) mean=-12.00 p50=-12.00 p05=-12.00 p95=-12.00
  [diag] sat-dist hist bins=60 sat<0.05=0.0% mean=0.983 p10=0.982 p90=0.984
Iter 0002060: train nll 1.387, valid error 075.220%, best valid error 074.330%, avg grad norm   0.180, avg grad norm (post clip)   0.053, rho_Whh  0.95, Omega  0.00, alpha  4.000, steps in the past 0.000, valid nll 1.386
  [diag] log10|dL/dh_t| hist bins=60 range=(-12.50,-11.50) mean=-12.00 p50=-12.00 p05=-12.00 p95=-12.00
  [diag] sat-dist hist bins=60 sat<0.05=0.0% mean=0.983 p10=0.982 p90=0.983
Iter 0002080: train nll 1.386, valid error 075.160%, best valid error 074.330%, avg grad norm   0.170, avg grad norm (post clip)   0.053, rho_Whh  0.95, Omega  0.00, alpha  4.000, steps in the past 0.000, valid nll 1.386
  [diag] log10|dL/dh_t| hist bins=60 range=(-12.50,-11.50) mean=-12.00 p50=-12.00 p05=-12.00 p95=-12.00
  [diag] sat-dist hist bins=60 sat<0.05=0.0% mean=0.983 p10=0.982 p90=0.983
Iter 0002100: train nll 1.387, valid error 074.970%, best valid error 074.330%, avg grad norm   0.190, avg grad norm (post clip)   0.053, rho_Whh  0.95, Omega  0.00, alpha  4.000, steps in the past 0.000, valid nll 1.386
  [diag] log10|dL/dh_t| hist bins=60 range=(-12.50,-11.50) mean=-12.00 p50=-12.00 p05=-12.00 p95=-12.00
  [diag] sat-dist hist bins=60 sat<0.05=0.0% mean=0.983 p10=0.982 p90=0.984
Iter 0002120: train nll 1.386, valid error 075.130%, best valid error 074.330%, avg grad norm   0.177, avg grad norm (post clip)   0.053, rho_Whh  0.95, Omega  0.00, alpha  4.000, steps in the past 0.000, valid nll 1.386
  [diag] log10|dL/dh_t| hist bins=60 range=(-12.50,-11.50) mean=-12.00 p50=-12.00 p05=-12.00 p95=-12.00
  [diag] sat-dist hist bins=60 sat<0.05=0.0% mean=0.983 p10=0.982 p90=0.983
Iter 0002140: train nll 1.387, valid error 075.050%, best valid error 074.330%, avg grad norm   0.190, avg grad norm (post clip)   0.053, rho_Whh  0.95, Omega  0.00, alpha  4.000, steps in the past 0.000, valid nll 1.386
  [diag] log10|dL/dh_t| hist bins=60 range=(-12.50,-11.50) mean=-12.00 p50=-12.00 p05=-12.00 p95=-12.00
  [diag] sat-dist hist bins=60 sat<0.05=0.0% mean=0.982 p10=0.981 p90=0.983
Iter 0002160: train nll 1.387, valid error 075.220%, best valid error 074.330%, avg grad norm   0.199, avg grad norm (post clip)   0.053, rho_Whh  0.95, Omega  0.00, alpha  4.000, steps in the past 0.000, valid nll 1.386
  [diag] log10|dL/dh_t| hist bins=60 range=(-12.50,-11.50) mean=-12.00 p50=-12.00 p05=-12.00 p95=-12.00
  [diag] sat-dist hist bins=60 sat<0.05=0.0% mean=0.982 p10=0.981 p90=0.982
Iter 0002180: train nll 1.386, valid error 075.220%, best valid error 074.330%, avg grad norm   0.207, avg grad norm (post clip)   0.053, rho_Whh  0.95, Omega  0.00, alpha  4.000, steps in the past 0.000, valid nll 1.386
  [diag] log10|dL/dh_t| hist bins=60 range=(-12.50,-11.50) mean=-12.00 p50=-12.00 p05=-12.00 p95=-12.00
  [diag] sat-dist hist bins=60 sat<0.05=0.0% mean=0.982 p10=0.981 p90=0.982
Iter 0002200: train nll 1.386, valid error 075.220%, best valid error 074.330%, avg grad norm   0.197, avg grad norm (post clip)   0.053, rho_Whh  0.95, Omega  0.00, alpha  4.000, steps in the past 0.000, valid nll 1.386
  [diag] log10|dL/dh_t| hist bins=60 range=(-12.50,-11.50) mean=-12.00 p50=-12.00 p05=-12.00 p95=-12.00
  [diag] sat-dist hist bins=60 sat<0.05=0.0% mean=0.982 p10=0.981 p90=0.982
Iter 0002220: train nll 1.387, valid error 075.220%, best valid error 074.330%, avg grad norm   0.196, avg grad norm (post clip)   0.053, rho_Whh  0.95, Omega  0.00, alpha  4.000, steps in the past 0.000, valid nll 1.386
  [diag] log10|dL/dh_t| hist bins=60 range=(-12.50,-11.50) mean=-12.00 p50=-12.00 p05=-12.00 p95=-12.00
  [diag] sat-dist hist bins=60 sat<0.05=0.0% mean=0.982 p10=0.981 p90=0.982
Iter 0002240: train nll 1.386, valid error 075.220%, best valid error 074.330%, avg grad norm   0.194, avg grad norm (post clip)   0.053, rho_Whh  0.95, Omega  0.00, alpha  4.000, steps in the past 0.000, valid nll 1.386
  [diag] log10|dL/dh_t| hist bins=60 range=(-12.50,-11.50) mean=-12.00 p50=-12.00 p05=-12.00 p95=-12.00
  [diag] sat-dist hist bins=60 sat<0.05=0.0% mean=0.982 p10=0.981 p90=0.982
Iter 0002260: train nll 1.386, valid error 075.220%, best valid error 074.330%, avg grad norm   0.173, avg grad norm (post clip)   0.053, rho_Whh  0.95, Omega  0.00, alpha  4.000, steps in the past 0.000, valid nll 1.386
  [diag] log10|dL/dh_t| hist bins=60 range=(-12.50,-11.50) mean=-12.00 p50=-12.00 p05=-12.00 p95=-12.00
  [diag] sat-dist hist bins=60 sat<0.05=0.0% mean=0.982 p10=0.981 p90=0.982
Iter 0002280: train nll 1.386, valid error 075.220%, best valid error 074.330%, avg grad norm   0.196, avg grad norm (post clip)   0.053, rho_Whh  0.95, Omega  0.00, alpha  4.000, steps in the past 0.000, valid nll 1.386
  [diag] log10|dL/dh_t| hist bins=60 range=(-12.50,-11.50) mean=-12.00 p50=-12.00 p05=-12.00 p95=-12.00
  [diag] sat-dist hist bins=60 sat<0.05=0.0% mean=0.982 p10=0.981 p90=0.982
Iter 0002300: train nll 1.386, valid error 075.220%, best valid error 074.330%, avg grad norm   0.186, avg grad norm (post clip)   0.053, rho_Whh  0.95, Omega  0.00, alpha  4.000, steps in the past 0.000, valid nll 1.386
  [diag] log10|dL/dh_t| hist bins=60 range=(-12.50,-11.50) mean=-12.00 p50=-12.00 p05=-12.00 p95=-12.00
  [diag] sat-dist hist bins=60 sat<0.05=0.0% mean=0.982 p10=0.981 p90=0.982
Iter 0002320: train nll 1.386, valid error 075.220%, best valid error 074.330%, avg grad norm   0.197, avg grad norm (post clip)   0.053, rho_Whh  0.95, Omega  0.00, alpha  4.000, steps in the past 0.000, valid nll 1.386
  [diag] log10|dL/dh_t| hist bins=60 range=(-12.50,-11.50) mean=-12.00 p50=-12.00 p05=-12.00 p95=-12.00
  [diag] sat-dist hist bins=60 sat<0.05=0.0% mean=0.982 p10=0.981 p90=0.982
Iter 0002340: train nll 1.387, valid error 075.220%, best valid error 074.330%, avg grad norm   0.174, avg grad norm (post clip)   0.052, rho_Whh  0.95, Omega  0.00, alpha  4.000, steps in the past 0.000, valid nll 1.386
  [diag] log10|dL/dh_t| hist bins=60 range=(-12.50,-11.50) mean=-12.00 p50=-12.00 p05=-12.00 p95=-12.00
  [diag] sat-dist hist bins=60 sat<0.05=0.0% mean=0.981 p10=0.981 p90=0.982
Iter 0002360: train nll 1.386, valid error 075.220%, best valid error 074.330%, avg grad norm   0.221, avg grad norm (post clip)   0.053, rho_Whh  0.95, Omega  0.00, alpha  4.000, steps in the past 0.000, valid nll 1.386
  [diag] log10|dL/dh_t| hist bins=60 range=(-12.50,-11.50) mean=-12.00 p50=-12.00 p05=-12.00 p95=-12.00
  [diag] sat-dist hist bins=60 sat<0.05=0.0% mean=0.982 p10=0.981 p90=0.982
Iter 0002380: train nll 1.387, valid error 075.220%, best valid error 074.330%, avg grad norm   0.202, avg grad norm (post clip)   0.053, rho_Whh  0.95, Omega  0.00, alpha  4.000, steps in the past 0.000, valid nll 1.386
  [diag] log10|dL/dh_t| hist bins=60 range=(-12.50,-11.50) mean=-12.00 p50=-12.00 p05=-12.00 p95=-12.00
  [diag] sat-dist hist bins=60 sat<0.05=0.0% mean=0.982 p10=0.981 p90=0.982
Iter 0002400: train nll 1.386, valid error 075.220%, best valid error 074.330%, avg grad norm   0.176, avg grad norm (post clip)   0.052, rho_Whh  0.95, Omega  0.00, alpha  4.000, steps in the past 0.000, valid nll 1.386
  [diag] log10|dL/dh_t| hist bins=60 range=(-12.50,-11.50) mean=-12.00 p50=-12.00 p05=-12.00 p95=-12.00
  [diag] sat-dist hist bins=60 sat<0.05=0.0% mean=0.982 p10=0.982 p90=0.983
Iter 0002420: train nll 1.386, valid error 075.260%, best valid error 074.330%, avg grad norm   0.163, avg grad norm (post clip)   0.052, rho_Whh  0.95, Omega  0.00, alpha  4.000, steps in the past 0.000, valid nll 1.386
  [diag] log10|dL/dh_t| hist bins=60 range=(-12.50,-11.50) mean=-12.00 p50=-12.00 p05=-12.00 p95=-12.00
  [diag] sat-dist hist bins=60 sat<0.05=0.0% mean=0.982 p10=0.982 p90=0.983
Iter 0002440: train nll 1.386, valid error 075.270%, best valid error 074.330%, avg grad norm   0.201, avg grad norm (post clip)   0.053, rho_Whh  0.95, Omega  0.00, alpha  4.000, steps in the past 0.000, valid nll 1.386
  [diag] log10|dL/dh_t| hist bins=60 range=(-12.50,-11.50) mean=-12.00 p50=-12.00 p05=-12.00 p95=-12.00
  [diag] sat-dist hist bins=60 sat<0.05=0.0% mean=0.982 p10=0.982 p90=0.983
Iter 0002460: train nll 1.387, valid error 075.220%, best valid error 074.330%, avg grad norm   0.188, avg grad norm (post clip)   0.052, rho_Whh  0.95, Omega  0.00, alpha  4.000, steps in the past 0.000, valid nll 1.386
  [diag] log10|dL/dh_t| hist bins=60 range=(-12.50,-11.50) mean=-12.00 p50=-12.00 p05=-12.00 p95=-12.00
  [diag] sat-dist hist bins=60 sat<0.05=0.0% mean=0.982 p10=0.982 p90=0.983
Iter 0002480: train nll 1.386, valid error 075.120%, best valid error 074.330%, avg grad norm   0.170, avg grad norm (post clip)   0.053, rho_Whh  0.95, Omega  0.00, alpha  4.000, steps in the past 0.000, valid nll 1.386
  [diag] log10|dL/dh_t| hist bins=60 range=(-12.50,-11.50) mean=-12.00 p50=-12.00 p05=-12.00 p95=-12.00
  [diag] sat-dist hist bins=60 sat<0.05=0.0% mean=0.983 p10=0.982 p90=0.983
Iter 0002500: train nll 1.386, valid error 075.280%, best valid error 074.330%, avg grad norm   0.192, avg grad norm (post clip)   0.053, rho_Whh  0.95, Omega  0.00, alpha  4.000, steps in the past 0.000, valid nll 1.386
  [diag] log10|dL/dh_t| hist bins=60 range=(-12.50,-11.50) mean=-12.00 p50=-12.00 p05=-12.00 p95=-12.00
  [diag] sat-dist hist bins=60 sat<0.05=0.0% mean=0.983 p10=0.982 p90=0.983
Iter 0002520: train nll 1.386, valid error 075.010%, best valid error 074.330%, avg grad norm   0.164, avg grad norm (post clip)   0.052, rho_Whh  0.95, Omega  0.00, alpha  4.000, steps in the past 0.000, valid nll 1.386
  [diag] log10|dL/dh_t| hist bins=60 range=(-12.50,-11.50) mean=-12.00 p50=-12.00 p05=-12.00 p95=-12.00
  [diag] sat-dist hist bins=60 sat<0.05=0.0% mean=0.982 p10=0.982 p90=0.983
Iter 0002540: train nll 1.386, valid error 075.220%, best valid error 074.330%, avg grad norm   0.212, avg grad norm (post clip)   0.053, rho_Whh  0.95, Omega  0.00, alpha  4.000, steps in the past 0.000, valid nll 1.386
  [diag] log10|dL/dh_t| hist bins=60 range=(-12.50,-11.50) mean=-12.00 p50=-12.00 p05=-12.00 p95=-12.00
  [diag] sat-dist hist bins=60 sat<0.05=0.0% mean=0.983 p10=0.982 p90=0.983
Iter 0002560: train nll 1.387, valid error 075.200%, best valid error 074.330%, avg grad norm   0.198, avg grad norm (post clip)   0.053, rho_Whh  0.95, Omega  0.00, alpha  4.000, steps in the past 0.000, valid nll 1.386
  [diag] log10|dL/dh_t| hist bins=60 range=(-12.50,-11.50) mean=-12.00 p50=-12.00 p05=-12.00 p95=-12.00
  [diag] sat-dist hist bins=60 sat<0.05=0.0% mean=0.982 p10=0.981 p90=0.983
Iter 0002580: train nll 1.386, valid error 075.220%, best valid error 074.330%, avg grad norm   0.175, avg grad norm (post clip)   0.052, rho_Whh  0.95, Omega  0.00, alpha  4.000, steps in the past 0.000, valid nll 1.386
  [diag] log10|dL/dh_t| hist bins=60 range=(-12.50,-11.50) mean=-12.00 p50=-12.00 p05=-12.00 p95=-12.00
  [diag] sat-dist hist bins=60 sat<0.05=0.0% mean=0.982 p10=0.981 p90=0.983
Iter 0002600: train nll 1.386, valid error 075.220%, best valid error 074.330%, avg grad norm   0.175, avg grad norm (post clip)   0.053, rho_Whh  0.95, Omega  0.00, alpha  4.000, steps in the past 0.000, valid nll 1.386
  [diag] log10|dL/dh_t| hist bins=60 range=(-12.50,-11.50) mean=-12.00 p50=-12.00 p05=-12.00 p95=-12.00
  [diag] sat-dist hist bins=60 sat<0.05=0.0% mean=0.982 p10=0.981 p90=0.982
Iter 0002620: train nll 1.387, valid error 075.220%, best valid error 074.330%, avg grad norm   0.214, avg grad norm (post clip)   0.053, rho_Whh  0.95, Omega  0.00, alpha  4.000, steps in the past 0.000, valid nll 1.386
  [diag] log10|dL/dh_t| hist bins=60 range=(-12.50,-11.50) mean=-12.00 p50=-12.00 p05=-12.00 p95=-12.00
  [diag] sat-dist hist bins=60 sat<0.05=0.0% mean=0.982 p10=0.981 p90=0.983
Iter 0002640: train nll 1.386, valid error 075.220%, best valid error 074.330%, avg grad norm   0.190, avg grad norm (post clip)   0.053, rho_Whh  0.95, Omega  0.00, alpha  4.000, steps in the past 0.000, valid nll 1.386
  [diag] log10|dL/dh_t| hist bins=60 range=(-12.50,-11.50) mean=-12.00 p50=-12.00 p05=-12.00 p95=-12.00
  [diag] sat-dist hist bins=60 sat<0.05=0.0% mean=0.982 p10=0.981 p90=0.983
Iter 0002660: train nll 1.386, valid error 075.220%, best valid error 074.330%, avg grad norm   0.190, avg grad norm (post clip)   0.053, rho_Whh  0.95, Omega  0.00, alpha  4.000, steps in the past 0.000, valid nll 1.386
  [diag] log10|dL/dh_t| hist bins=60 range=(-12.50,-11.50) mean=-12.00 p50=-12.00 p05=-12.00 p95=-12.00
  [diag] sat-dist hist bins=60 sat<0.05=0.0% mean=0.982 p10=0.982 p90=0.983
Iter 0002680: train nll 1.386, valid error 075.220%, best valid error 074.330%, avg grad norm   0.169, avg grad norm (post clip)   0.053, rho_Whh  0.95, Omega  0.00, alpha  4.000, steps in the past 0.000, valid nll 1.386
  [diag] log10|dL/dh_t| hist bins=60 range=(-12.50,-11.50) mean=-12.00 p50=-12.00 p05=-12.00 p95=-12.00
  [diag] sat-dist hist bins=60 sat<0.05=0.0% mean=0.983 p10=0.982 p90=0.983
Iter 0002700: train nll 1.387, valid error 075.220%, best valid error 074.330%, avg grad norm   0.161, avg grad norm (post clip)   0.053, rho_Whh  0.95, Omega  0.00, alpha  4.000, steps in the past 0.000, valid nll 1.386
  [diag] log10|dL/dh_t| hist bins=60 range=(-12.50,-11.50) mean=-12.00 p50=-12.00 p05=-12.00 p95=-12.00
  [diag] sat-dist hist bins=60 sat<0.05=0.0% mean=0.983 p10=0.982 p90=0.984
Iter 0002720: train nll 1.386, valid error 075.180%, best valid error 074.330%, avg grad norm   0.176, avg grad norm (post clip)   0.053, rho_Whh  0.95, Omega  0.00, alpha  4.000, steps in the past 0.000, valid nll 1.386
  [diag] log10|dL/dh_t| hist bins=60 range=(-12.50,-11.50) mean=-12.00 p50=-12.00 p05=-12.00 p95=-12.00
  [diag] sat-dist hist bins=60 sat<0.05=0.0% mean=0.983 p10=0.982 p90=0.983
Iter 0002740: train nll 1.386, valid error 075.200%, best valid error 074.330%, avg grad norm   0.170, avg grad norm (post clip)   0.053, rho_Whh  0.95, Omega  0.00, alpha  4.000, steps in the past 0.000, valid nll 1.386
  [diag] log10|dL/dh_t| hist bins=60 range=(-12.50,-11.50) mean=-12.00 p50=-12.00 p05=-12.00 p95=-12.00
  [diag] sat-dist hist bins=60 sat<0.05=0.0% mean=0.983 p10=0.982 p90=0.983
Iter 0002760: train nll 1.386, valid error 075.220%, best valid error 074.330%, avg grad norm   0.186, avg grad norm (post clip)   0.053, rho_Whh  0.95, Omega  0.00, alpha  4.000, steps in the past 0.000, valid nll 1.386
  [diag] log10|dL/dh_t| hist bins=60 range=(-12.50,-11.50) mean=-12.00 p50=-12.00 p05=-12.00 p95=-12.00
  [diag] sat-dist hist bins=60 sat<0.05=0.0% mean=0.983 p10=0.982 p90=0.983
Iter 0002780: train nll 1.386, valid error 075.220%, best valid error 074.330%, avg grad norm   0.174, avg grad norm (post clip)   0.053, rho_Whh  0.95, Omega  0.00, alpha  4.000, steps in the past 0.000, valid nll 1.386
  [diag] log10|dL/dh_t| hist bins=60 range=(-12.50,-11.50) mean=-12.00 p50=-12.00 p05=-12.00 p95=-12.00
  [diag] sat-dist hist bins=60 sat<0.05=0.0% mean=0.983 p10=0.982 p90=0.983
Iter 0002800: train nll 1.386, valid error 075.200%, best valid error 074.330%, avg grad norm   0.180, avg grad norm (post clip)   0.052, rho_Whh  0.95, Omega  0.00, alpha  4.000, steps in the past 0.000, valid nll 1.386
  [diag] log10|dL/dh_t| hist bins=60 range=(-12.50,-11.50) mean=-12.00 p50=-12.00 p05=-12.00 p95=-12.00
  [diag] sat-dist hist bins=60 sat<0.05=0.0% mean=0.982 p10=0.982 p90=0.983
Iter 0002820: train nll 1.387, valid error 075.220%, best valid error 074.330%, avg grad norm   0.172, avg grad norm (post clip)   0.053, rho_Whh  0.95, Omega  0.00, alpha  4.000, steps in the past 0.000, valid nll 1.386
  [diag] log10|dL/dh_t| hist bins=60 range=(-12.50,-11.50) mean=-12.00 p50=-12.00 p05=-12.00 p95=-12.00
  [diag] sat-dist hist bins=60 sat<0.05=0.0% mean=0.983 p10=0.982 p90=0.983
Iter 0002840: train nll 1.386, valid error 075.220%, best valid error 074.330%, avg grad norm   0.163, avg grad norm (post clip)   0.053, rho_Whh  0.95, Omega  0.00, alpha  4.000, steps in the past 0.000, valid nll 1.386
  [diag] log10|dL/dh_t| hist bins=60 range=(-12.50,-11.50) mean=-12.00 p50=-12.00 p05=-12.00 p95=-12.00
  [diag] sat-dist hist bins=60 sat<0.05=0.0% mean=0.983 p10=0.982 p90=0.983
Iter 0002860: train nll 1.385, valid error 075.220%, best valid error 074.330%, avg grad norm   0.180, avg grad norm (post clip)   0.053, rho_Whh  0.95, Omega  0.00, alpha  4.000, steps in the past 0.000, valid nll 1.386
  [diag] log10|dL/dh_t| hist bins=60 range=(-12.50,-11.50) mean=-12.00 p50=-12.00 p05=-12.00 p95=-12.00
  [diag] sat-dist hist bins=60 sat<0.05=0.0% mean=0.983 p10=0.982 p90=0.984
Iter 0002880: train nll 1.386, valid error 075.560%, best valid error 074.330%, avg grad norm   0.191, avg grad norm (post clip)   0.053, rho_Whh  0.95, Omega  0.00, alpha  4.000, steps in the past 0.000, valid nll 1.386
  [diag] log10|dL/dh_t| hist bins=60 range=(-12.50,-11.50) mean=-12.00 p50=-12.00 p05=-12.00 p95=-12.00
  [diag] sat-dist hist bins=60 sat<0.05=0.0% mean=0.983 p10=0.983 p90=0.984
Iter 0002900: train nll 1.386, valid error 075.120%, best valid error 074.330%, avg grad norm   0.181, avg grad norm (post clip)   0.053, rho_Whh  0.95, Omega  0.00, alpha  4.000, steps in the past 0.000, valid nll 1.386
  [diag] log10|dL/dh_t| hist bins=60 range=(-12.50,-11.50) mean=-12.00 p50=-12.00 p05=-12.00 p95=-12.00
  [diag] sat-dist hist bins=60 sat<0.05=0.0% mean=0.983 p10=0.983 p90=0.984
Iter 0002920: train nll 1.387, valid error 075.560%, best valid error 074.330%, avg grad norm   0.190, avg grad norm (post clip)   0.052, rho_Whh  0.95, Omega  0.00, alpha  4.000, steps in the past 0.000, valid nll 1.386
  [diag] log10|dL/dh_t| hist bins=60 range=(-12.50,-11.50) mean=-12.00 p50=-12.00 p05=-12.00 p95=-12.00
  [diag] sat-dist hist bins=60 sat<0.05=0.0% mean=0.984 p10=0.983 p90=0.984
Iter 0002940: train nll 1.386, valid error 075.630%, best valid error 074.330%, avg grad norm   0.159, avg grad norm (post clip)   0.052, rho_Whh  0.95, Omega  0.00, alpha  4.000, steps in the past 0.000, valid nll 1.386
  [diag] log10|dL/dh_t| hist bins=60 range=(-12.50,-11.50) mean=-12.00 p50=-12.00 p05=-12.00 p95=-12.00
  [diag] sat-dist hist bins=60 sat<0.05=0.0% mean=0.983 p10=0.983 p90=0.984
Iter 0002960: train nll 1.386, valid error 075.150%, best valid error 074.330%, avg grad norm   0.164, avg grad norm (post clip)   0.052, rho_Whh  0.95, Omega  0.00, alpha  4.000, steps in the past 0.000, valid nll 1.386
  [diag] log10|dL/dh_t| hist bins=60 range=(-12.50,-11.50) mean=-12.00 p50=-12.00 p05=-12.00 p95=-12.00
  [diag] sat-dist hist bins=60 sat<0.05=0.0% mean=0.983 p10=0.982 p90=0.984
Iter 0002980: train nll 1.386, valid error 075.040%, best valid error 074.330%, avg grad norm   0.190, avg grad norm (post clip)   0.053, rho_Whh  0.95, Omega  0.00, alpha  4.000, steps in the past 0.000, valid nll 1.386
  [diag] log10|dL/dh_t| hist bins=60 range=(-12.50,-11.50) mean=-12.00 p50=-12.00 p05=-12.00 p95=-12.00
  [diag] sat-dist hist bins=60 sat<0.05=0.0% mean=0.983 p10=0.982 p90=0.984
Iter 0003000: train nll 1.387, valid error 075.230%, best valid error 074.330%, avg grad norm   0.169, avg grad norm (post clip)   0.053, rho_Whh  0.95, Omega  0.00, alpha  4.000, steps in the past 0.000, valid nll 1.386
  [diag] log10|dL/dh_t| hist bins=60 range=(-12.50,-11.50) mean=-12.00 p50=-12.00 p05=-12.00 p95=-12.00
  [diag] sat-dist hist bins=60 sat<0.05=0.0% mean=0.983 p10=0.982 p90=0.984
Iter 0003020: train nll 1.387, valid error 075.240%, best valid error 074.330%, avg grad norm   0.196, avg grad norm (post clip)   0.053, rho_Whh  0.95, Omega  0.00, alpha  4.000, steps in the past 0.000, valid nll 1.386
  [diag] log10|dL/dh_t| hist bins=60 range=(-12.50,-11.50) mean=-12.00 p50=-12.00 p05=-12.00 p95=-12.00
  [diag] sat-dist hist bins=60 sat<0.05=0.0% mean=0.983 p10=0.982 p90=0.984
Iter 0003040: train nll 1.387, valid error 075.250%, best valid error 074.330%, avg grad norm   0.189, avg grad norm (post clip)   0.053, rho_Whh  0.95, Omega  0.00, alpha  4.000, steps in the past 0.000, valid nll 1.386
  [diag] log10|dL/dh_t| hist bins=60 range=(-12.50,-11.50) mean=-12.00 p50=-12.00 p05=-12.00 p95=-12.00
  [diag] sat-dist hist bins=60 sat<0.05=0.0% mean=0.983 p10=0.982 p90=0.984
Iter 0003060: train nll 1.386, valid error 075.180%, best valid error 074.330%, avg grad norm   0.199, avg grad norm (post clip)   0.053, rho_Whh  0.95, Omega  0.00, alpha  4.000, steps in the past 0.000, valid nll 1.386
  [diag] log10|dL/dh_t| hist bins=60 range=(-12.50,-11.50) mean=-12.00 p50=-12.00 p05=-12.00 p95=-12.00
  [diag] sat-dist hist bins=60 sat<0.05=0.0% mean=0.983 p10=0.982 p90=0.984
Iter 0003080: train nll 1.386, valid error 075.090%, best valid error 074.330%, avg grad norm   0.191, avg grad norm (post clip)   0.053, rho_Whh  0.95, Omega  0.00, alpha  4.000, steps in the past 0.000, valid nll 1.386
  [diag] log10|dL/dh_t| hist bins=60 range=(-12.50,-11.50) mean=-12.00 p50=-12.00 p05=-12.00 p95=-12.00
  [diag] sat-dist hist bins=60 sat<0.05=0.0% mean=0.983 p10=0.982 p90=0.984
Iter 0003100: train nll 1.386, valid error 075.120%, best valid error 074.330%, avg grad norm   0.177, avg grad norm (post clip)   0.053, rho_Whh  0.95, Omega  0.00, alpha  4.000, steps in the past 0.000, valid nll 1.386
  [diag] log10|dL/dh_t| hist bins=60 range=(-12.50,-11.50) mean=-12.00 p50=-12.00 p05=-12.00 p95=-12.00
  [diag] sat-dist hist bins=60 sat<0.05=0.0% mean=0.983 p10=0.982 p90=0.984
Iter 0003120: train nll 1.386, valid error 075.250%, best valid error 074.330%, avg grad norm   0.173, avg grad norm (post clip)   0.053, rho_Whh  0.95, Omega  0.00, alpha  4.000, steps in the past 0.000, valid nll 1.386
  [diag] log10|dL/dh_t| hist bins=60 range=(-12.50,-11.50) mean=-12.00 p50=-12.00 p05=-12.00 p95=-12.00
  [diag] sat-dist hist bins=60 sat<0.05=0.0% mean=0.983 p10=0.982 p90=0.983
Iter 0003140: train nll 1.386, valid error 075.220%, best valid error 074.330%, avg grad norm   0.220, avg grad norm (post clip)   0.053, rho_Whh  0.95, Omega  0.00, alpha  4.000, steps in the past 0.000, valid nll 1.386
  [diag] log10|dL/dh_t| hist bins=60 range=(-12.50,-11.50) mean=-12.00 p50=-12.00 p05=-12.00 p95=-12.00
  [diag] sat-dist hist bins=60 sat<0.05=0.0% mean=0.983 p10=0.982 p90=0.983
Iter 0003160: train nll 1.386, valid error 075.220%, best valid error 074.330%, avg grad norm   0.197, avg grad norm (post clip)   0.053, rho_Whh  0.95, Omega  0.00, alpha  4.000, steps in the past 0.000, valid nll 1.386
  [diag] log10|dL/dh_t| hist bins=60 range=(-12.50,-11.50) mean=-12.00 p50=-12.00 p05=-12.00 p95=-12.00
  [diag] sat-dist hist bins=60 sat<0.05=0.0% mean=0.983 p10=0.982 p90=0.983
Iter 0003180: train nll 1.387, valid error 075.220%, best valid error 074.330%, avg grad norm   0.178, avg grad norm (post clip)   0.053, rho_Whh  0.95, Omega  0.00, alpha  4.000, steps in the past 0.000, valid nll 1.386
  [diag] log10|dL/dh_t| hist bins=60 range=(-12.50,-11.50) mean=-12.00 p50=-12.00 p05=-12.00 p95=-12.00
  [diag] sat-dist hist bins=60 sat<0.05=0.0% mean=0.982 p10=0.982 p90=0.983
Iter 0003200: train nll 1.386, valid error 075.220%, best valid error 074.330%, avg grad norm   0.215, avg grad norm (post clip)   0.053, rho_Whh  0.95, Omega  0.00, alpha  4.000, steps in the past 0.000, valid nll 1.386
  [diag] log10|dL/dh_t| hist bins=60 range=(-12.50,-11.50) mean=-12.00 p50=-12.00 p05=-12.00 p95=-12.00
  [diag] sat-dist hist bins=60 sat<0.05=0.0% mean=0.983 p10=0.982 p90=0.983
Iter 0003220: train nll 1.386, valid error 075.220%, best valid error 074.330%, avg grad norm   0.215, avg grad norm (post clip)   0.053, rho_Whh  0.95, Omega  0.00, alpha  4.000, steps in the past 0.000, valid nll 1.386
  [diag] log10|dL/dh_t| hist bins=60 range=(-12.50,-11.50) mean=-12.00 p50=-12.00 p05=-12.00 p95=-12.00
  [diag] sat-dist hist bins=60 sat<0.05=0.0% mean=0.983 p10=0.982 p90=0.983
Iter 0003240: train nll 1.386, valid error 075.220%, best valid error 074.330%, avg grad norm   0.171, avg grad norm (post clip)   0.053, rho_Whh  0.95, Omega  0.00, alpha  4.000, steps in the past 0.000, valid nll 1.386
  [diag] log10|dL/dh_t| hist bins=60 range=(-12.50,-11.50) mean=-12.00 p50=-12.00 p05=-12.00 p95=-12.00
  [diag] sat-dist hist bins=60 sat<0.05=0.0% mean=0.983 p10=0.982 p90=0.983
Iter 0003260: train nll 1.387, valid error 075.220%, best valid error 074.330%, avg grad norm   0.222, avg grad norm (post clip)   0.053, rho_Whh  0.95, Omega  0.00, alpha  4.000, steps in the past 0.000, valid nll 1.386
  [diag] log10|dL/dh_t| hist bins=60 range=(-12.50,-11.50) mean=-12.00 p50=-12.00 p05=-12.00 p95=-12.00
  [diag] sat-dist hist bins=60 sat<0.05=0.0% mean=0.982 p10=0.982 p90=0.983
Iter 0003280: train nll 1.386, valid error 075.220%, best valid error 074.330%, avg grad norm   0.220, avg grad norm (post clip)   0.053, rho_Whh  0.95, Omega  0.00, alpha  4.000, steps in the past 0.000, valid nll 1.386
  [diag] log10|dL/dh_t| hist bins=60 range=(-12.50,-11.50) mean=-12.00 p50=-12.00 p05=-12.00 p95=-12.00
  [diag] sat-dist hist bins=60 sat<0.05=0.0% mean=0.982 p10=0.981 p90=0.982
Iter 0003300: train nll 1.386, valid error 075.220%, best valid error 074.330%, avg grad norm   0.185, avg grad norm (post clip)   0.053, rho_Whh  0.95, Omega  0.00, alpha  4.000, steps in the past 0.000, valid nll 1.386
  [diag] log10|dL/dh_t| hist bins=60 range=(-12.50,-11.50) mean=-12.00 p50=-12.00 p05=-12.00 p95=-12.00
  [diag] sat-dist hist bins=60 sat<0.05=0.0% mean=0.982 p10=0.981 p90=0.982
Iter 0003320: train nll 1.386, valid error 075.220%, best valid error 074.330%, avg grad norm   0.154, avg grad norm (post clip)   0.052, rho_Whh  0.95, Omega  0.00, alpha  4.000, steps in the past 0.000, valid nll 1.386
  [diag] log10|dL/dh_t| hist bins=60 range=(-12.50,-11.50) mean=-12.00 p50=-12.00 p05=-12.00 p95=-12.00
  [diag] sat-dist hist bins=60 sat<0.05=0.0% mean=0.982 p10=0.981 p90=0.982
Iter 0003340: train nll 1.385, valid error 075.220%, best valid error 074.330%, avg grad norm   0.207, avg grad norm (post clip)   0.053, rho_Whh  0.95, Omega  0.00, alpha  4.000, steps in the past 0.000, valid nll 1.386
  [diag] log10|dL/dh_t| hist bins=60 range=(-12.50,-11.50) mean=-12.00 p50=-12.00 p05=-12.00 p95=-12.00
  [diag] sat-dist hist bins=60 sat<0.05=0.0% mean=0.982 p10=0.981 p90=0.982
Iter 0003360: train nll 1.386, valid error 075.220%, best valid error 074.330%, avg grad norm   0.182, avg grad norm (post clip)   0.053, rho_Whh  0.95, Omega  0.00, alpha  4.000, steps in the past 0.000, valid nll 1.386
  [diag] log10|dL/dh_t| hist bins=60 range=(-12.50,-11.50) mean=-12.00 p50=-12.00 p05=-12.00 p95=-12.00
  [diag] sat-dist hist bins=60 sat<0.05=0.0% mean=0.982 p10=0.981 p90=0.982
Iter 0003380: train nll 1.387, valid error 075.220%, best valid error 074.330%, avg grad norm   0.185, avg grad norm (post clip)   0.052, rho_Whh  0.95, Omega  0.00, alpha  4.000, steps in the past 0.000, valid nll 1.386
  [diag] log10|dL/dh_t| hist bins=60 range=(-12.50,-11.50) mean=-12.00 p50=-12.00 p05=-12.00 p95=-12.00
  [diag] sat-dist hist bins=60 sat<0.05=0.0% mean=0.982 p10=0.981 p90=0.982
Iter 0003400: train nll 1.387, valid error 075.220%, best valid error 074.330%, avg grad norm   0.196, avg grad norm (post clip)   0.053, rho_Whh  0.95, Omega  0.00, alpha  4.000, steps in the past 0.000, valid nll 1.386
  [diag] log10|dL/dh_t| hist bins=60 range=(-12.50,-11.50) mean=-12.00 p50=-12.00 p05=-12.00 p95=-12.00
  [diag] sat-dist hist bins=60 sat<0.05=0.0% mean=0.982 p10=0.981 p90=0.982
Iter 0003420: train nll 1.386, valid error 075.220%, best valid error 074.330%, avg grad norm   0.181, avg grad norm (post clip)   0.053, rho_Whh  0.95, Omega  0.00, alpha  4.000, steps in the past 0.000, valid nll 1.386
  [diag] log10|dL/dh_t| hist bins=60 range=(-12.50,-11.50) mean=-12.00 p50=-12.00 p05=-12.00 p95=-12.00
  [diag] sat-dist hist bins=60 sat<0.05=0.0% mean=0.982 p10=0.981 p90=0.982
Iter 0003440: train nll 1.386, valid error 075.220%, best valid error 074.330%, avg grad norm   0.178, avg grad norm (post clip)   0.053, rho_Whh  0.95, Omega  0.00, alpha  4.000, steps in the past 0.000, valid nll 1.386
  [diag] log10|dL/dh_t| hist bins=60 range=(-12.50,-11.50) mean=-12.00 p50=-12.00 p05=-12.00 p95=-12.00
  [diag] sat-dist hist bins=60 sat<0.05=0.0% mean=0.981 p10=0.981 p90=0.982
Iter 0003460: train nll 1.386, valid error 075.220%, best valid error 074.330%, avg grad norm   0.195, avg grad norm (post clip)   0.053, rho_Whh  0.95, Omega  0.00, alpha  4.000, steps in the past 0.000, valid nll 1.386
  [diag] log10|dL/dh_t| hist bins=60 range=(-12.50,-11.50) mean=-12.00 p50=-12.00 p05=-12.00 p95=-12.00
  [diag] sat-dist hist bins=60 sat<0.05=0.0% mean=0.982 p10=0.981 p90=0.982
Iter 0003480: train nll 1.387, valid error 075.220%, best valid error 074.330%, avg grad norm   0.216, avg grad norm (post clip)   0.053, rho_Whh  0.95, Omega  0.00, alpha  4.000, steps in the past 0.000, valid nll 1.386
  [diag] log10|dL/dh_t| hist bins=60 range=(-12.50,-11.50) mean=-12.00 p50=-12.00 p05=-12.00 p95=-12.00
  [diag] sat-dist hist bins=60 sat<0.05=0.0% mean=0.982 p10=0.981 p90=0.982
Iter 0003500: train nll 1.386, valid error 075.220%, best valid error 074.330%, avg grad norm   0.174, avg grad norm (post clip)   0.053, rho_Whh  0.95, Omega  0.00, alpha  4.000, steps in the past 0.000, valid nll 1.386
  [diag] log10|dL/dh_t| hist bins=60 range=(-12.50,-11.50) mean=-12.00 p50=-12.00 p05=-12.00 p95=-12.00
  [diag] sat-dist hist bins=60 sat<0.05=0.0% mean=0.982 p10=0.981 p90=0.982
Iter 0003520: train nll 1.385, valid error 075.220%, best valid error 074.330%, avg grad norm   0.173, avg grad norm (post clip)   0.052, rho_Whh  0.95, Omega  0.00, alpha  4.000, steps in the past 0.000, valid nll 1.386
  [diag] log10|dL/dh_t| hist bins=60 range=(-12.50,-11.50) mean=-12.00 p50=-12.00 p05=-12.00 p95=-12.00
  [diag] sat-dist hist bins=60 sat<0.05=0.0% mean=0.981 p10=0.981 p90=0.982
Iter 0003540: train nll 1.387, valid error 075.220%, best valid error 074.330%, avg grad norm   0.212, avg grad norm (post clip)   0.053, rho_Whh  0.95, Omega  0.00, alpha  4.000, steps in the past 0.000, valid nll 1.386
  [diag] log10|dL/dh_t| hist bins=60 range=(-12.50,-11.50) mean=-12.00 p50=-12.00 p05=-12.00 p95=-12.00
  [diag] sat-dist hist bins=60 sat<0.05=0.0% mean=0.981 p10=0.981 p90=0.982
Iter 0003560: train nll 1.386, valid error 075.220%, best valid error 074.330%, avg grad norm   0.203, avg grad norm (post clip)   0.052, rho_Whh  0.95, Omega  0.00, alpha  4.000, steps in the past 0.000, valid nll 1.386
  [diag] log10|dL/dh_t| hist bins=60 range=(-12.50,-11.50) mean=-12.00 p50=-12.00 p05=-12.00 p95=-12.00
  [diag] sat-dist hist bins=60 sat<0.05=0.0% mean=0.981 p10=0.981 p90=0.982
Iter 0003580: train nll 1.387, valid error 075.220%, best valid error 074.330%, avg grad norm   0.210, avg grad norm (post clip)   0.053, rho_Whh  0.95, Omega  0.00, alpha  4.000, steps in the past 0.000, valid nll 1.386
  [diag] log10|dL/dh_t| hist bins=60 range=(-12.50,-11.50) mean=-12.00 p50=-12.00 p05=-12.00 p95=-12.00
  [diag] sat-dist hist bins=60 sat<0.05=0.0% mean=0.982 p10=0.981 p90=0.982
Iter 0003600: train nll 1.386, valid error 075.220%, best valid error 074.330%, avg grad norm   0.195, avg grad norm (post clip)   0.053, rho_Whh  0.95, Omega  0.00, alpha  4.000, steps in the past 0.000, valid nll 1.386
  [diag] log10|dL/dh_t| hist bins=60 range=(-12.50,-11.50) mean=-12.00 p50=-12.00 p05=-12.00 p95=-12.00
  [diag] sat-dist hist bins=60 sat<0.05=0.0% mean=0.982 p10=0.981 p90=0.982
Iter 0003620: train nll 1.386, valid error 075.220%, best valid error 074.330%, avg grad norm   0.176, avg grad norm (post clip)   0.053, rho_Whh  0.95, Omega  0.00, alpha  4.000, steps in the past 0.000, valid nll 1.386
  [diag] log10|dL/dh_t| hist bins=60 range=(-12.50,-11.50) mean=-12.00 p50=-12.00 p05=-12.00 p95=-12.00
  [diag] sat-dist hist bins=60 sat<0.05=0.0% mean=0.982 p10=0.981 p90=0.982
Iter 0003640: train nll 1.387, valid error 075.220%, best valid error 074.330%, avg grad norm   0.169, avg grad norm (post clip)   0.053, rho_Whh  0.95, Omega  0.00, alpha  4.000, steps in the past 0.000, valid nll 1.386
  [diag] log10|dL/dh_t| hist bins=60 range=(-12.50,-11.50) mean=-12.00 p50=-12.00 p05=-12.00 p95=-12.00
  [diag] sat-dist hist bins=60 sat<0.05=0.0% mean=0.982 p10=0.981 p90=0.983
Iter 0003660: train nll 1.386, valid error 075.220%, best valid error 074.330%, avg grad norm   0.179, avg grad norm (post clip)   0.052, rho_Whh  0.95, Omega  0.00, alpha  4.000, steps in the past 0.000, valid nll 1.386
  [diag] log10|dL/dh_t| hist bins=60 range=(-12.50,-11.50) mean=-12.00 p50=-12.00 p05=-12.00 p95=-12.00
  [diag] sat-dist hist bins=60 sat<0.05=0.0% mean=0.982 p10=0.981 p90=0.982
Iter 0003680: train nll 1.386, valid error 075.220%, best valid error 074.330%, avg grad norm   0.193, avg grad norm (post clip)   0.053, rho_Whh  0.95, Omega  0.00, alpha  4.000, steps in the past 0.000, valid nll 1.386
  [diag] log10|dL/dh_t| hist bins=60 range=(-12.50,-11.50) mean=-12.00 p50=-12.00 p05=-12.00 p95=-12.00
  [diag] sat-dist hist bins=60 sat<0.05=0.0% mean=0.982 p10=0.981 p90=0.982
Iter 0003700: train nll 1.387, valid error 075.220%, best valid error 074.330%, avg grad norm   0.174, avg grad norm (post clip)   0.051, rho_Whh  0.95, Omega  0.00, alpha  4.000, steps in the past 0.000, valid nll 1.386
  [diag] log10|dL/dh_t| hist bins=60 range=(-12.50,-11.50) mean=-12.00 p50=-12.00 p05=-12.00 p95=-12.00
  [diag] sat-dist hist bins=60 sat<0.05=0.0% mean=0.981 p10=0.981 p90=0.982
Iter 0003720: train nll 1.387, valid error 075.220%, best valid error 074.330%, avg grad norm   0.205, avg grad norm (post clip)   0.053, rho_Whh  0.95, Omega  0.00, alpha  4.000, steps in the past 0.000, valid nll 1.386
  [diag] log10|dL/dh_t| hist bins=60 range=(-12.50,-11.50) mean=-12.00 p50=-12.00 p05=-12.00 p95=-12.00
  [diag] sat-dist hist bins=60 sat<0.05=0.0% mean=0.982 p10=0.981 p90=0.982
Iter 0003740: train nll 1.387, valid error 075.220%, best valid error 074.330%, avg grad norm   0.164, avg grad norm (post clip)   0.053, rho_Whh  0.95, Omega  0.00, alpha  4.000, steps in the past 0.000, valid nll 1.386
  [diag] log10|dL/dh_t| hist bins=60 range=(-12.50,-11.50) mean=-12.00 p50=-12.00 p05=-12.00 p95=-12.00
  [diag] sat-dist hist bins=60 sat<0.05=0.0% mean=0.982 p10=0.981 p90=0.983
Iter 0003760: train nll 1.386, valid error 075.220%, best valid error 074.330%, avg grad norm   0.179, avg grad norm (post clip)   0.053, rho_Whh  0.95, Omega  0.00, alpha  4.000, steps in the past 0.000, valid nll 1.386
  [diag] log10|dL/dh_t| hist bins=60 range=(-12.50,-11.50) mean=-12.00 p50=-12.00 p05=-12.00 p95=-12.00
  [diag] sat-dist hist bins=60 sat<0.05=0.0% mean=0.982 p10=0.981 p90=0.983
Iter 0003780: train nll 1.386, valid error 075.220%, best valid error 074.330%, avg grad norm   0.169, avg grad norm (post clip)   0.053, rho_Whh  0.95, Omega  0.00, alpha  4.000, steps in the past 0.000, valid nll 1.386
  [diag] log10|dL/dh_t| hist bins=60 range=(-12.50,-11.50) mean=-12.00 p50=-12.00 p05=-12.00 p95=-12.00
  [diag] sat-dist hist bins=60 sat<0.05=0.0% mean=0.982 p10=0.982 p90=0.983
Iter 0003800: train nll 1.387, valid error 075.220%, best valid error 074.330%, avg grad norm   0.213, avg grad norm (post clip)   0.053, rho_Whh  0.95, Omega  0.00, alpha  4.000, steps in the past 0.000, valid nll 1.386
  [diag] log10|dL/dh_t| hist bins=60 range=(-12.50,-11.50) mean=-12.00 p50=-12.00 p05=-12.00 p95=-12.00
  [diag] sat-dist hist bins=60 sat<0.05=0.0% mean=0.982 p10=0.982 p90=0.983
Iter 0003820: train nll 1.386, valid error 075.220%, best valid error 074.330%, avg grad norm   0.212, avg grad norm (post clip)   0.052, rho_Whh  0.95, Omega  0.00, alpha  4.000, steps in the past 0.000, valid nll 1.386
  [diag] log10|dL/dh_t| hist bins=60 range=(-12.50,-11.50) mean=-12.00 p50=-12.00 p05=-12.00 p95=-12.00
  [diag] sat-dist hist bins=60 sat<0.05=0.0% mean=0.983 p10=0.982 p90=0.983
Iter 0003840: train nll 1.387, valid error 075.170%, best valid error 074.330%, avg grad norm   0.185, avg grad norm (post clip)   0.053, rho_Whh  0.95, Omega  0.00, alpha  4.000, steps in the past 0.000, valid nll 1.386
  [diag] log10|dL/dh_t| hist bins=60 range=(-12.50,-11.50) mean=-12.00 p50=-12.00 p05=-12.00 p95=-12.00
  [diag] sat-dist hist bins=60 sat<0.05=0.0% mean=0.983 p10=0.982 p90=0.983
Iter 0003860: train nll 1.387, valid error 075.300%, best valid error 074.330%, avg grad norm   0.184, avg grad norm (post clip)   0.053, rho_Whh  0.95, Omega  0.00, alpha  4.000, steps in the past 0.000, valid nll 1.386
  [diag] log10|dL/dh_t| hist bins=60 range=(-12.50,-11.50) mean=-12.00 p50=-12.00 p05=-12.00 p95=-12.00
  [diag] sat-dist hist bins=60 sat<0.05=0.0% mean=0.983 p10=0.982 p90=0.984
Iter 0003880: train nll 1.386, valid error 075.220%, best valid error 074.330%, avg grad norm   0.152, avg grad norm (post clip)   0.053, rho_Whh  0.95, Omega  0.00, alpha  4.000, steps in the past 0.000, valid nll 1.386
  [diag] log10|dL/dh_t| hist bins=60 range=(-12.50,-11.50) mean=-12.00 p50=-12.00 p05=-12.00 p95=-12.00
  [diag] sat-dist hist bins=60 sat<0.05=0.0% mean=0.983 p10=0.983 p90=0.984
Iter 0003900: train nll 1.386, valid error 075.140%, best valid error 074.330%, avg grad norm   0.184, avg grad norm (post clip)   0.053, rho_Whh  0.95, Omega  0.00, alpha  4.000, steps in the past 0.000, valid nll 1.386
  [diag] log10|dL/dh_t| hist bins=60 range=(-12.50,-11.50) mean=-12.00 p50=-12.00 p05=-12.00 p95=-12.00
  [diag] sat-dist hist bins=60 sat<0.05=0.0% mean=0.983 p10=0.983 p90=0.984
Iter 0003920: train nll 1.386, valid error 075.170%, best valid error 074.330%, avg grad norm   0.174, avg grad norm (post clip)   0.052, rho_Whh  0.95, Omega  0.00, alpha  4.000, steps in the past 0.000, valid nll 1.386
  [diag] log10|dL/dh_t| hist bins=60 range=(-12.50,-11.50) mean=-12.00 p50=-12.00 p05=-12.00 p95=-12.00
  [diag] sat-dist hist bins=60 sat<0.05=0.0% mean=0.983 p10=0.982 p90=0.984
Iter 0003940: train nll 1.386, valid error 075.140%, best valid error 074.330%, avg grad norm   0.183, avg grad norm (post clip)   0.053, rho_Whh  0.95, Omega  0.00, alpha  4.000, steps in the past 0.000, valid nll 1.386
  [diag] log10|dL/dh_t| hist bins=60 range=(-12.50,-11.50) mean=-12.00 p50=-12.00 p05=-12.00 p95=-12.00
  [diag] sat-dist hist bins=60 sat<0.05=0.0% mean=0.983 p10=0.982 p90=0.983
Iter 0003960: train nll 1.386, valid error 075.210%, best valid error 074.330%, avg grad norm   0.182, avg grad norm (post clip)   0.053, rho_Whh  0.95, Omega  0.00, alpha  4.000, steps in the past 0.000, valid nll 1.386
  [diag] log10|dL/dh_t| hist bins=60 range=(-12.50,-11.50) mean=-12.00 p50=-12.00 p05=-12.00 p95=-12.00
  [diag] sat-dist hist bins=60 sat<0.05=0.0% mean=0.983 p10=0.982 p90=0.984
Iter 0003980: train nll 1.387, valid error 075.320%, best valid error 074.330%, avg grad norm   0.182, avg grad norm (post clip)   0.053, rho_Whh  0.95, Omega  0.00, alpha  4.000, steps in the past 0.000, valid nll 1.386
  [diag] log10|dL/dh_t| hist bins=60 range=(-12.50,-11.50) mean=-12.00 p50=-12.00 p05=-12.00 p95=-12.00
  [diag] sat-dist hist bins=60 sat<0.05=0.0% mean=0.983 p10=0.982 p90=0.983
Iter 0004000: train nll 1.386, valid error 075.270%, best valid error 074.330%, avg grad norm   0.152, avg grad norm (post clip)   0.052, rho_Whh  0.95, Omega  0.00, alpha  4.000, steps in the past 0.000, valid nll 1.386
  [diag] log10|dL/dh_t| hist bins=60 range=(-12.50,-11.50) mean=-12.00 p50=-12.00 p05=-12.00 p95=-12.00
  [diag] sat-dist hist bins=60 sat<0.05=0.0% mean=0.983 p10=0.982 p90=0.983
Iter 0004020: train nll 1.386, valid error 075.210%, best valid error 074.330%, avg grad norm   0.179, avg grad norm (post clip)   0.052, rho_Whh  0.95, Omega  0.00, alpha  4.000, steps in the past 0.000, valid nll 1.386
  [diag] log10|dL/dh_t| hist bins=60 range=(-12.50,-11.50) mean=-12.00 p50=-12.00 p05=-12.00 p95=-12.00
  [diag] sat-dist hist bins=60 sat<0.05=0.0% mean=0.983 p10=0.982 p90=0.983
Iter 0004040: train nll 1.386, valid error 075.230%, best valid error 074.330%, avg grad norm   0.166, avg grad norm (post clip)   0.053, rho_Whh  0.95, Omega  0.00, alpha  4.000, steps in the past 0.000, valid nll 1.386
  [diag] log10|dL/dh_t| hist bins=60 range=(-12.50,-11.50) mean=-12.00 p50=-12.00 p05=-12.00 p95=-12.00
  [diag] sat-dist hist bins=60 sat<0.05=0.0% mean=0.982 p10=0.981 p90=0.983
Iter 0004060: train nll 1.386, valid error 075.220%, best valid error 074.330%, avg grad norm   0.173, avg grad norm (post clip)   0.053, rho_Whh  0.95, Omega  0.00, alpha  4.000, steps in the past 0.000, valid nll 1.386
  [diag] log10|dL/dh_t| hist bins=60 range=(-12.50,-11.50) mean=-12.00 p50=-12.00 p05=-12.00 p95=-12.00
  [diag] sat-dist hist bins=60 sat<0.05=0.0% mean=0.982 p10=0.981 p90=0.983
Iter 0004080: train nll 1.386, valid error 075.240%, best valid error 074.330%, avg grad norm   0.187, avg grad norm (post clip)   0.053, rho_Whh  0.95, Omega  0.00, alpha  4.000, steps in the past 0.000, valid nll 1.386
  [diag] log10|dL/dh_t| hist bins=60 range=(-12.50,-11.50) mean=-12.00 p50=-12.00 p05=-12.00 p95=-12.00
  [diag] sat-dist hist bins=60 sat<0.05=0.0% mean=0.982 p10=0.981 p90=0.982
Iter 0004100: train nll 1.386, valid error 075.140%, best valid error 074.330%, avg grad norm   0.181, avg grad norm (post clip)   0.051, rho_Whh  0.95, Omega  0.00, alpha  4.000, steps in the past 0.000, valid nll 1.386
  [diag] log10|dL/dh_t| hist bins=60 range=(-12.50,-11.50) mean=-12.00 p50=-12.00 p05=-12.00 p95=-12.00
  [diag] sat-dist hist bins=60 sat<0.05=0.0% mean=0.982 p10=0.981 p90=0.982
Iter 0004120: train nll 1.386, valid error 075.240%, best valid error 074.330%, avg grad norm   0.185, avg grad norm (post clip)   0.053, rho_Whh  0.95, Omega  0.00, alpha  4.000, steps in the past 0.000, valid nll 1.386
  [diag] log10|dL/dh_t| hist bins=60 range=(-12.50,-11.50) mean=-12.00 p50=-12.00 p05=-12.00 p95=-12.00
  [diag] sat-dist hist bins=60 sat<0.05=0.0% mean=0.981 p10=0.980 p90=0.982
Iter 0004140: train nll 1.386, valid error 075.230%, best valid error 074.330%, avg grad norm   0.222, avg grad norm (post clip)   0.053, rho_Whh  0.95, Omega  0.00, alpha  4.000, steps in the past 0.000, valid nll 1.386
  [diag] log10|dL/dh_t| hist bins=60 range=(-12.50,-11.50) mean=-12.00 p50=-12.00 p05=-12.00 p95=-12.00
  [diag] sat-dist hist bins=60 sat<0.05=0.0% mean=0.981 p10=0.980 p90=0.981
Iter 0004160: train nll 1.386, valid error 075.220%, best valid error 074.330%, avg grad norm   0.179, avg grad norm (post clip)   0.053, rho_Whh  0.95, Omega  0.00, alpha  4.000, steps in the past 0.000, valid nll 1.386
  [diag] log10|dL/dh_t| hist bins=60 range=(-12.50,-11.50) mean=-12.00 p50=-12.00 p05=-12.00 p95=-12.00
  [diag] sat-dist hist bins=60 sat<0.05=0.0% mean=0.981 p10=0.980 p90=0.982
Iter 0004180: train nll 1.386, valid error 075.050%, best valid error 074.330%, avg grad norm   0.170, avg grad norm (post clip)   0.052, rho_Whh  0.95, Omega  0.00, alpha  4.000, steps in the past 0.000, valid nll 1.386
  [diag] log10|dL/dh_t| hist bins=60 range=(-12.50,-11.50) mean=-12.00 p50=-12.00 p05=-12.00 p95=-12.00
  [diag] sat-dist hist bins=60 sat<0.05=0.0% mean=0.981 p10=0.980 p90=0.981
Iter 0004200: train nll 1.386, valid error 075.240%, best valid error 074.330%, avg grad norm   0.207, avg grad norm (post clip)   0.053, rho_Whh  0.95, Omega  0.00, alpha  4.000, steps in the past 0.000, valid nll 1.386
  [diag] log10|dL/dh_t| hist bins=60 range=(-12.50,-11.50) mean=-12.00 p50=-12.00 p05=-12.00 p95=-12.00
  [diag] sat-dist hist bins=60 sat<0.05=0.0% mean=0.981 p10=0.980 p90=0.981
Iter 0004220: train nll 1.386, valid error 075.230%, best valid error 074.330%, avg grad norm   0.190, avg grad norm (post clip)   0.052, rho_Whh  0.95, Omega  0.00, alpha  4.000, steps in the past 0.000, valid nll 1.386
  [diag] log10|dL/dh_t| hist bins=60 range=(-12.50,-11.50) mean=-12.00 p50=-12.00 p05=-12.00 p95=-12.00
  [diag] sat-dist hist bins=60 sat<0.05=0.0% mean=0.981 p10=0.980 p90=0.981
Iter 0004240: train nll 1.386, valid error 075.240%, best valid error 074.330%, avg grad norm   0.181, avg grad norm (post clip)   0.053, rho_Whh  0.95, Omega  0.00, alpha  4.000, steps in the past 0.000, valid nll 1.386
  [diag] log10|dL/dh_t| hist bins=60 range=(-12.50,-11.50) mean=-12.00 p50=-12.00 p05=-12.00 p95=-12.00
  [diag] sat-dist hist bins=60 sat<0.05=0.0% mean=0.981 p10=0.980 p90=0.981
Iter 0004260: train nll 1.386, valid error 075.230%, best valid error 074.330%, avg grad norm   0.176, avg grad norm (post clip)   0.053, rho_Whh  0.95, Omega  0.00, alpha  4.000, steps in the past 0.000, valid nll 1.386
  [diag] log10|dL/dh_t| hist bins=60 range=(-12.50,-11.50) mean=-12.00 p50=-12.00 p05=-12.00 p95=-12.00
  [diag] sat-dist hist bins=60 sat<0.05=0.0% mean=0.981 p10=0.980 p90=0.981
Iter 0004280: train nll 1.387, valid error 075.240%, best valid error 074.330%, avg grad norm   0.174, avg grad norm (post clip)   0.053, rho_Whh  0.95, Omega  0.00, alpha  4.000, steps in the past 0.000, valid nll 1.386
  [diag] log10|dL/dh_t| hist bins=60 range=(-12.50,-11.50) mean=-12.00 p50=-12.00 p05=-12.00 p95=-12.00
  [diag] sat-dist hist bins=60 sat<0.05=0.0% mean=0.981 p10=0.980 p90=0.981
Iter 0004300: train nll 1.386, valid error 075.140%, best valid error 074.330%, avg grad norm   0.187, avg grad norm (post clip)   0.053, rho_Whh  0.95, Omega  0.00, alpha  4.000, steps in the past 0.000, valid nll 1.386
  [diag] log10|dL/dh_t| hist bins=60 range=(-12.50,-11.50) mean=-12.00 p50=-12.00 p05=-12.00 p95=-12.00
  [diag] sat-dist hist bins=60 sat<0.05=0.0% mean=0.980 p10=0.980 p90=0.981
Iter 0004320: train nll 1.386, valid error 074.750%, best valid error 074.330%, avg grad norm   0.180, avg grad norm (post clip)   0.053, rho_Whh  0.95, Omega  0.00, alpha  4.000, steps in the past 0.000, valid nll 1.386
  [diag] log10|dL/dh_t| hist bins=60 range=(-12.50,-11.50) mean=-12.00 p50=-12.00 p05=-12.00 p95=-12.00
  [diag] sat-dist hist bins=60 sat<0.05=0.0% mean=0.981 p10=0.980 p90=0.981
Iter 0004340: train nll 1.386, valid error 074.630%, best valid error 074.330%, avg grad norm   0.192, avg grad norm (post clip)   0.053, rho_Whh  0.95, Omega  0.00, alpha  4.000, steps in the past 0.000, valid nll 1.386
  [diag] log10|dL/dh_t| hist bins=60 range=(-12.50,-11.50) mean=-12.00 p50=-12.00 p05=-12.00 p95=-12.00
  [diag] sat-dist hist bins=60 sat<0.05=0.0% mean=0.981 p10=0.980 p90=0.982
Iter 0004360: train nll 1.387, valid error 074.920%, best valid error 074.330%, avg grad norm   0.178, avg grad norm (post clip)   0.052, rho_Whh  0.95, Omega  0.00, alpha  4.000, steps in the past 0.000, valid nll 1.386
  [diag] log10|dL/dh_t| hist bins=60 range=(-12.50,-11.50) mean=-12.00 p50=-12.00 p05=-12.00 p95=-12.00
  [diag] sat-dist hist bins=60 sat<0.05=0.0% mean=0.981 p10=0.980 p90=0.982
Iter 0004380: train nll 1.386, valid error 075.050%, best valid error 074.330%, avg grad norm   0.189, avg grad norm (post clip)   0.052, rho_Whh  0.95, Omega  0.00, alpha  4.000, steps in the past 0.000, valid nll 1.386
  [diag] log10|dL/dh_t| hist bins=60 range=(-12.50,-11.50) mean=-12.00 p50=-12.00 p05=-12.00 p95=-12.00
  [diag] sat-dist hist bins=60 sat<0.05=0.0% mean=0.981 p10=0.980 p90=0.982
Iter 0004400: train nll 1.386, valid error 075.230%, best valid error 074.330%, avg grad norm   0.148, avg grad norm (post clip)   0.053, rho_Whh  0.95, Omega  0.00, alpha  4.000, steps in the past 0.000, valid nll 1.386
  [diag] log10|dL/dh_t| hist bins=60 range=(-12.50,-11.50) mean=-12.00 p50=-12.00 p05=-12.00 p95=-12.00
  [diag] sat-dist hist bins=60 sat<0.05=0.0% mean=0.981 p10=0.980 p90=0.981
Iter 0004420: train nll 1.385, valid error 075.180%, best valid error 074.330%, avg grad norm   0.201, avg grad norm (post clip)   0.053, rho_Whh  0.95, Omega  0.00, alpha  4.000, steps in the past 0.000, valid nll 1.386
  [diag] log10|dL/dh_t| hist bins=60 range=(-12.50,-11.50) mean=-12.00 p50=-12.00 p05=-12.00 p95=-12.00
  [diag] sat-dist hist bins=60 sat<0.05=0.0% mean=0.981 p10=0.980 p90=0.981
Iter 0004440: train nll 1.386, valid error 075.170%, best valid error 074.330%, avg grad norm   0.213, avg grad norm (post clip)   0.053, rho_Whh  0.95, Omega  0.00, alpha  4.000, steps in the past 0.000, valid nll 1.386
  [diag] log10|dL/dh_t| hist bins=60 range=(-12.50,-11.50) mean=-12.00 p50=-12.00 p05=-12.00 p95=-12.00
  [diag] sat-dist hist bins=60 sat<0.05=0.0% mean=0.981 p10=0.980 p90=0.981
Iter 0004460: train nll 1.387, valid error 075.140%, best valid error 074.330%, avg grad norm   0.204, avg grad norm (post clip)   0.053, rho_Whh  0.95, Omega  0.00, alpha  4.000, steps in the past 0.000, valid nll 1.386
  [diag] log10|dL/dh_t| hist bins=60 range=(-12.50,-11.50) mean=-12.00 p50=-12.00 p05=-12.00 p95=-12.00
  [diag] sat-dist hist bins=60 sat<0.05=0.0% mean=0.982 p10=0.981 p90=0.982
Iter 0004480: train nll 1.386, valid error 075.140%, best valid error 074.330%, avg grad norm   0.196, avg grad norm (post clip)   0.053, rho_Whh  0.95, Omega  0.00, alpha  4.000, steps in the past 0.000, valid nll 1.386
  [diag] log10|dL/dh_t| hist bins=60 range=(-12.50,-11.50) mean=-12.00 p50=-12.00 p05=-12.00 p95=-12.00
  [diag] sat-dist hist bins=60 sat<0.05=0.0% mean=0.982 p10=0.981 p90=0.982
Iter 0004500: train nll 1.387, valid error 075.030%, best valid error 074.330%, avg grad norm   0.167, avg grad norm (post clip)   0.053, rho_Whh  0.95, Omega  0.00, alpha  4.000, steps in the past 0.000, valid nll 1.386
  [diag] log10|dL/dh_t| hist bins=60 range=(-12.50,-11.50) mean=-12.00 p50=-12.00 p05=-12.00 p95=-12.00
  [diag] sat-dist hist bins=60 sat<0.05=0.0% mean=0.982 p10=0.981 p90=0.982
Iter 0004520: train nll 1.386, valid error 075.140%, best valid error 074.330%, avg grad norm   0.172, avg grad norm (post clip)   0.053, rho_Whh  0.95, Omega  0.00, alpha  4.000, steps in the past 0.000, valid nll 1.386
  [diag] log10|dL/dh_t| hist bins=60 range=(-12.50,-11.50) mean=-12.00 p50=-12.00 p05=-12.00 p95=-12.00
  [diag] sat-dist hist bins=60 sat<0.05=0.0% mean=0.982 p10=0.981 p90=0.982
Iter 0004540: train nll 1.386, valid error 075.630%, best valid error 074.330%, avg grad norm   0.203, avg grad norm (post clip)   0.053, rho_Whh  0.95, Omega  0.00, alpha  4.000, steps in the past 0.000, valid nll 1.386
  [diag] log10|dL/dh_t| hist bins=60 range=(-12.50,-11.50) mean=-12.00 p50=-12.00 p05=-12.00 p95=-12.00
  [diag] sat-dist hist bins=60 sat<0.05=0.0% mean=0.982 p10=0.981 p90=0.982
Iter 0004560: train nll 1.387, valid error 075.220%, best valid error 074.330%, avg grad norm   0.172, avg grad norm (post clip)   0.053, rho_Whh  0.95, Omega  0.00, alpha  4.000, steps in the past 0.000, valid nll 1.386
  [diag] log10|dL/dh_t| hist bins=60 range=(-12.50,-11.50) mean=-12.00 p50=-12.00 p05=-12.00 p95=-12.00
  [diag] sat-dist hist bins=60 sat<0.05=0.0% mean=0.982 p10=0.981 p90=0.982
Iter 0004580: train nll 1.387, valid error 075.290%, best valid error 074.330%, avg grad norm   0.149, avg grad norm (post clip)   0.053, rho_Whh  0.95, Omega  0.00, alpha  4.000, steps in the past 0.000, valid nll 1.386
  [diag] log10|dL/dh_t| hist bins=60 range=(-12.50,-11.50) mean=-12.00 p50=-12.00 p05=-12.00 p95=-12.00
  [diag] sat-dist hist bins=60 sat<0.05=0.0% mean=0.982 p10=0.981 p90=0.982
Iter 0004600: train nll 1.386, valid error 075.570%, best valid error 074.330%, avg grad norm   0.191, avg grad norm (post clip)   0.053, rho_Whh  0.95, Omega  0.00, alpha  4.000, steps in the past 0.000, valid nll 1.386
  [diag] log10|dL/dh_t| hist bins=60 range=(-12.50,-11.50) mean=-12.00 p50=-12.00 p05=-12.00 p95=-12.00
  [diag] sat-dist hist bins=60 sat<0.05=0.0% mean=0.982 p10=0.981 p90=0.982
Iter 0004620: train nll 1.386, valid error 075.240%, best valid error 074.330%, avg grad norm   0.197, avg grad norm (post clip)   0.053, rho_Whh  0.95, Omega  0.00, alpha  4.000, steps in the past 0.000, valid nll 1.386
  [diag] log10|dL/dh_t| hist bins=60 range=(-12.50,-11.50) mean=-12.00 p50=-12.00 p05=-12.00 p95=-12.00
  [diag] sat-dist hist bins=60 sat<0.05=0.0% mean=0.982 p10=0.981 p90=0.982
Iter 0004640: train nll 1.387, valid error 075.230%, best valid error 074.330%, avg grad norm   0.172, avg grad norm (post clip)   0.053, rho_Whh  0.95, Omega  0.00, alpha  4.000, steps in the past 0.000, valid nll 1.386
  [diag] log10|dL/dh_t| hist bins=60 range=(-12.50,-11.50) mean=-12.00 p50=-12.00 p05=-12.00 p95=-12.00
  [diag] sat-dist hist bins=60 sat<0.05=0.0% mean=0.982 p10=0.982 p90=0.983
Iter 0004660: train nll 1.386, valid error 075.260%, best valid error 074.330%, avg grad norm   0.179, avg grad norm (post clip)   0.053, rho_Whh  0.95, Omega  0.00, alpha  4.000, steps in the past 0.000, valid nll 1.386
  [diag] log10|dL/dh_t| hist bins=60 range=(-12.50,-11.50) mean=-12.00 p50=-12.00 p05=-12.00 p95=-12.00
  [diag] sat-dist hist bins=60 sat<0.05=0.0% mean=0.982 p10=0.982 p90=0.983
Iter 0004680: train nll 1.386, valid error 075.130%, best valid error 074.330%, avg grad norm   0.178, avg grad norm (post clip)   0.052, rho_Whh  0.95, Omega  0.00, alpha  4.000, steps in the past 0.000, valid nll 1.386
  [diag] log10|dL/dh_t| hist bins=60 range=(-12.50,-11.50) mean=-12.00 p50=-12.00 p05=-12.00 p95=-12.00
  [diag] sat-dist hist bins=60 sat<0.05=0.0% mean=0.982 p10=0.982 p90=0.983
Iter 0004700: train nll 1.387, valid error 075.090%, best valid error 074.330%, avg grad norm   0.183, avg grad norm (post clip)   0.053, rho_Whh  0.95, Omega  0.00, alpha  4.000, steps in the past 0.000, valid nll 1.386
  [diag] log10|dL/dh_t| hist bins=60 range=(-12.50,-11.50) mean=-12.00 p50=-12.00 p05=-12.00 p95=-12.00
  [diag] sat-dist hist bins=60 sat<0.05=0.0% mean=0.982 p10=0.982 p90=0.983
Iter 0004720: train nll 1.386, valid error 075.090%, best valid error 074.330%, avg grad norm   0.183, avg grad norm (post clip)   0.053, rho_Whh  0.95, Omega  0.00, alpha  4.000, steps in the past 0.000, valid nll 1.386
  [diag] log10|dL/dh_t| hist bins=60 range=(-12.50,-11.50) mean=-12.00 p50=-12.00 p05=-12.00 p95=-12.00
  [diag] sat-dist hist bins=60 sat<0.05=0.0% mean=0.982 p10=0.981 p90=0.982
Iter 0004740: train nll 1.386, valid error 075.050%, best valid error 074.330%, avg grad norm   0.165, avg grad norm (post clip)   0.053, rho_Whh  0.95, Omega  0.00, alpha  4.000, steps in the past 0.000, valid nll 1.386
  [diag] log10|dL/dh_t| hist bins=60 range=(-12.50,-11.50) mean=-12.00 p50=-12.00 p05=-12.00 p95=-12.00
  [diag] sat-dist hist bins=60 sat<0.05=0.0% mean=0.982 p10=0.981 p90=0.983
Iter 0004760: train nll 1.386, valid error 074.950%, best valid error 074.330%, avg grad norm   0.215, avg grad norm (post clip)   0.053, rho_Whh  0.95, Omega  0.00, alpha  4.000, steps in the past 0.000, valid nll 1.386
  [diag] log10|dL/dh_t| hist bins=60 range=(-12.50,-11.50) mean=-12.00 p50=-12.00 p05=-12.00 p95=-12.00
  [diag] sat-dist hist bins=60 sat<0.05=0.0% mean=0.983 p10=0.982 p90=0.983
Iter 0004780: train nll 1.386, valid error 075.430%, best valid error 074.330%, avg grad norm   0.182, avg grad norm (post clip)   0.053, rho_Whh  0.95, Omega  0.00, alpha  4.000, steps in the past 0.000, valid nll 1.386
  [diag] log10|dL/dh_t| hist bins=60 range=(-12.50,-11.50) mean=-12.00 p50=-12.00 p05=-12.00 p95=-12.00
  [diag] sat-dist hist bins=60 sat<0.05=0.0% mean=0.983 p10=0.982 p90=0.983
Iter 0004800: train nll 1.386, valid error 075.620%, best valid error 074.330%, avg grad norm   0.194, avg grad norm (post clip)   0.053, rho_Whh  0.95, Omega  0.00, alpha  4.000, steps in the past 0.000, valid nll 1.386
  [diag] log10|dL/dh_t| hist bins=60 range=(-12.50,-11.50) mean=-12.00 p50=-12.00 p05=-12.00 p95=-12.00
  [diag] sat-dist hist bins=60 sat<0.05=0.0% mean=0.982 p10=0.982 p90=0.983
Iter 0004820: train nll 1.386, valid error 075.630%, best valid error 074.330%, avg grad norm   0.177, avg grad norm (post clip)   0.053, rho_Whh  0.95, Omega  0.00, alpha  4.000, steps in the past 0.000, valid nll 1.386
  [diag] log10|dL/dh_t| hist bins=60 range=(-12.50,-11.50) mean=-12.00 p50=-12.00 p05=-12.00 p95=-12.00
  [diag] sat-dist hist bins=60 sat<0.05=0.0% mean=0.982 p10=0.982 p90=0.983
Iter 0004840: train nll 1.386, valid error 075.570%, best valid error 074.330%, avg grad norm   0.176, avg grad norm (post clip)   0.053, rho_Whh  0.95, Omega  0.00, alpha  4.000, steps in the past 0.000, valid nll 1.386
  [diag] log10|dL/dh_t| hist bins=60 range=(-12.50,-11.50) mean=-12.00 p50=-12.00 p05=-12.00 p95=-12.00
  [diag] sat-dist hist bins=60 sat<0.05=0.0% mean=0.982 p10=0.981 p90=0.983
Iter 0004860: train nll 1.386, valid error 075.330%, best valid error 074.330%, avg grad norm   0.197, avg grad norm (post clip)   0.053, rho_Whh  0.95, Omega  0.00, alpha  4.000, steps in the past 0.000, valid nll 1.386
  [diag] log10|dL/dh_t| hist bins=60 range=(-12.50,-11.50) mean=-12.00 p50=-12.00 p05=-12.00 p95=-12.00
  [diag] sat-dist hist bins=60 sat<0.05=0.0% mean=0.982 p10=0.981 p90=0.982
Iter 0004880: train nll 1.386, valid error 075.470%, best valid error 074.330%, avg grad norm   0.209, avg grad norm (post clip)   0.053, rho_Whh  0.95, Omega  0.00, alpha  4.000, steps in the past 0.000, valid nll 1.386
  [diag] log10|dL/dh_t| hist bins=60 range=(-12.50,-11.50) mean=-12.00 p50=-12.00 p05=-12.00 p95=-12.00
  [diag] sat-dist hist bins=60 sat<0.05=0.0% mean=0.982 p10=0.981 p90=0.982
Iter 0004900: train nll 1.386, valid error 075.120%, best valid error 074.330%, avg grad norm   0.159, avg grad norm (post clip)   0.053, rho_Whh  0.95, Omega  0.00, alpha  4.000, steps in the past 0.000, valid nll 1.386
  [diag] log10|dL/dh_t| hist bins=60 range=(-12.50,-11.50) mean=-12.00 p50=-12.00 p05=-12.00 p95=-12.00
  [diag] sat-dist hist bins=60 sat<0.05=0.0% mean=0.982 p10=0.981 p90=0.983
Iter 0004920: train nll 1.387, valid error 075.260%, best valid error 074.330%, avg grad norm   0.196, avg grad norm (post clip)   0.053, rho_Whh  0.95, Omega  0.00, alpha  4.000, steps in the past 0.000, valid nll 1.386
  [diag] log10|dL/dh_t| hist bins=60 range=(-12.50,-11.50) mean=-12.00 p50=-12.00 p05=-12.00 p95=-12.00
  [diag] sat-dist hist bins=60 sat<0.05=0.0% mean=0.982 p10=0.981 p90=0.982
Iter 0004940: train nll 1.386, valid error 075.220%, best valid error 074.330%, avg grad norm   0.178, avg grad norm (post clip)   0.053, rho_Whh  0.95, Omega  0.00, alpha  4.000, steps in the past 0.000, valid nll 1.386
  [diag] log10|dL/dh_t| hist bins=60 range=(-12.50,-11.50) mean=-12.00 p50=-12.00 p05=-12.00 p95=-12.00
  [diag] sat-dist hist bins=60 sat<0.05=0.0% mean=0.982 p10=0.981 p90=0.982
Iter 0004960: train nll 1.386, valid error 075.220%, best valid error 074.330%, avg grad norm   0.193, avg grad norm (post clip)   0.052, rho_Whh  0.95, Omega  0.00, alpha  4.000, steps in the past 0.000, valid nll 1.386
  [diag] log10|dL/dh_t| hist bins=60 range=(-12.50,-11.50) mean=-12.00 p50=-12.00 p05=-12.00 p95=-12.00
  [diag] sat-dist hist bins=60 sat<0.05=0.0% mean=0.982 p10=0.981 p90=0.982
Iter 0004980: train nll 1.386, valid error 075.220%, best valid error 074.330%, avg grad norm   0.179, avg grad norm (post clip)   0.053, rho_Whh  0.95, Omega  0.00, alpha  4.000, steps in the past 0.000, valid nll 1.386
  [diag] log10|dL/dh_t| hist bins=60 range=(-12.50,-11.50) mean=-12.00 p50=-12.00 p05=-12.00 p95=-12.00
  [diag] sat-dist hist bins=60 sat<0.05=0.0% mean=0.982 p10=0.981 p90=0.983
Iter 0005000: train nll 1.387, valid error 075.190%, best valid error 074.330%, avg grad norm   0.175, avg grad norm (post clip)   0.052, rho_Whh  0.95, Omega  0.00, alpha  4.000, steps in the past 0.000, valid nll 1.386
  [diag] log10|dL/dh_t| hist bins=60 range=(-12.50,-11.50) mean=-12.00 p50=-12.00 p05=-12.00 p95=-12.00
  [diag] sat-dist hist bins=60 sat<0.05=0.0% mean=0.982 p10=0.981 p90=0.982
Iter 0005020: train nll 1.386, valid error 075.220%, best valid error 074.330%, avg grad norm   0.243, avg grad norm (post clip)   0.053, rho_Whh  0.95, Omega  0.00, alpha  4.000, steps in the past 0.000, valid nll 1.386
  [diag] log10|dL/dh_t| hist bins=60 range=(-12.50,-11.50) mean=-12.00 p50=-12.00 p05=-12.00 p95=-12.00
  [diag] sat-dist hist bins=60 sat<0.05=0.0% mean=0.982 p10=0.981 p90=0.982
Iter 0005040: train nll 1.386, valid error 075.220%, best valid error 074.330%, avg grad norm   0.187, avg grad norm (post clip)   0.053, rho_Whh  0.95, Omega  0.00, alpha  4.000, steps in the past 0.000, valid nll 1.386
  [diag] log10|dL/dh_t| hist bins=60 range=(-12.50,-11.50) mean=-12.00 p50=-12.00 p05=-12.00 p95=-12.00
  [diag] sat-dist hist bins=60 sat<0.05=0.0% mean=0.982 p10=0.982 p90=0.983
Iter 0005060: train nll 1.386, valid error 075.200%, best valid error 074.330%, avg grad norm   0.188, avg grad norm (post clip)   0.053, rho_Whh  0.95, Omega  0.00, alpha  4.000, steps in the past 0.000, valid nll 1.386
  [diag] log10|dL/dh_t| hist bins=60 range=(-12.50,-11.50) mean=-12.00 p50=-12.00 p05=-12.00 p95=-12.00
  [diag] sat-dist hist bins=60 sat<0.05=0.0% mean=0.983 p10=0.982 p90=0.983
Iter 0005080: train nll 1.387, valid error 075.250%, best valid error 074.330%, avg grad norm   0.175, avg grad norm (post clip)   0.052, rho_Whh  0.95, Omega  0.00, alpha  4.000, steps in the past 0.000, valid nll 1.386
  [diag] log10|dL/dh_t| hist bins=60 range=(-12.50,-11.50) mean=-12.00 p50=-12.00 p05=-12.00 p95=-12.00
  [diag] sat-dist hist bins=60 sat<0.05=0.0% mean=0.983 p10=0.982 p90=0.983
Iter 0005100: train nll 1.387, valid error 075.130%, best valid error 074.330%, avg grad norm   0.208, avg grad norm (post clip)   0.052, rho_Whh  0.95, Omega  0.00, alpha  4.000, steps in the past 0.000, valid nll 1.386
  [diag] log10|dL/dh_t| hist bins=60 range=(-12.50,-11.50) mean=-12.00 p50=-12.00 p05=-12.00 p95=-12.00
  [diag] sat-dist hist bins=60 sat<0.05=0.0% mean=0.983 p10=0.982 p90=0.984
Iter 0005120: train nll 1.386, valid error 075.270%, best valid error 074.330%, avg grad norm   0.154, avg grad norm (post clip)   0.053, rho_Whh  0.95, Omega  0.00, alpha  4.000, steps in the past 0.000, valid nll 1.386
  [diag] log10|dL/dh_t| hist bins=60 range=(-12.50,-11.50) mean=-12.00 p50=-12.00 p05=-12.00 p95=-12.00
  [diag] sat-dist hist bins=60 sat<0.05=0.0% mean=0.984 p10=0.983 p90=0.984
Iter 0005140: train nll 1.386, valid error 075.230%, best valid error 074.330%, avg grad norm   0.175, avg grad norm (post clip)   0.052, rho_Whh  0.95, Omega  0.00, alpha  4.000, steps in the past 0.000, valid nll 1.386
  [diag] log10|dL/dh_t| hist bins=60 range=(-12.50,-11.50) mean=-12.00 p50=-12.00 p05=-12.00 p95=-12.00
  [diag] sat-dist hist bins=60 sat<0.05=0.0% mean=0.984 p10=0.983 p90=0.984
Iter 0005160: train nll 1.386, valid error 074.810%, best valid error 074.330%, avg grad norm   0.164, avg grad norm (post clip)   0.051, rho_Whh  0.95, Omega  0.00, alpha  4.000, steps in the past 0.000, valid nll 1.386
  [diag] log10|dL/dh_t| hist bins=60 range=(-12.50,-11.50) mean=-12.00 p50=-12.00 p05=-12.00 p95=-12.00
  [diag] sat-dist hist bins=60 sat<0.05=0.0% mean=0.984 p10=0.983 p90=0.984
Iter 0005180: train nll 1.386, valid error 075.400%, best valid error 074.330%, avg grad norm   0.196, avg grad norm (post clip)   0.053, rho_Whh  0.95, Omega  0.00, alpha  4.000, steps in the past 0.000, valid nll 1.386
  [diag] log10|dL/dh_t| hist bins=60 range=(-12.50,-11.50) mean=-12.00 p50=-12.00 p05=-12.00 p95=-12.00
  [diag] sat-dist hist bins=60 sat<0.05=0.0% mean=0.983 p10=0.983 p90=0.984
Iter 0005200: train nll 1.386, valid error 075.420%, best valid error 074.330%, avg grad norm   0.187, avg grad norm (post clip)   0.053, rho_Whh  0.95, Omega  0.00, alpha  4.000, steps in the past 0.000, valid nll 1.386
  [diag] log10|dL/dh_t| hist bins=60 range=(-12.50,-11.50) mean=-12.00 p50=-12.00 p05=-12.00 p95=-12.00
  [diag] sat-dist hist bins=60 sat<0.05=0.0% mean=0.983 p10=0.983 p90=0.984
Iter 0005220: train nll 1.386, valid error 075.220%, best valid error 074.330%, avg grad norm   0.186, avg grad norm (post clip)   0.053, rho_Whh  0.95, Omega  0.00, alpha  4.000, steps in the past 0.000, valid nll 1.386
  [diag] log10|dL/dh_t| hist bins=60 range=(-12.50,-11.50) mean=-12.00 p50=-12.00 p05=-12.00 p95=-12.00
  [diag] sat-dist hist bins=60 sat<0.05=0.0% mean=0.983 p10=0.982 p90=0.983
Iter 0005240: train nll 1.386, valid error 075.290%, best valid error 074.330%, avg grad norm   0.159, avg grad norm (post clip)   0.053, rho_Whh  0.95, Omega  0.00, alpha  4.000, steps in the past 0.000, valid nll 1.386
  [diag] log10|dL/dh_t| hist bins=60 range=(-12.50,-11.50) mean=-12.00 p50=-12.00 p05=-12.00 p95=-12.00
  [diag] sat-dist hist bins=60 sat<0.05=0.0% mean=0.983 p10=0.982 p90=0.983
Iter 0005260: train nll 1.386, valid error 075.160%, best valid error 074.330%, avg grad norm   0.172, avg grad norm (post clip)   0.053, rho_Whh  0.95, Omega  0.00, alpha  4.000, steps in the past 0.000, valid nll 1.386
  [diag] log10|dL/dh_t| hist bins=60 range=(-12.50,-11.50) mean=-12.00 p50=-12.00 p05=-12.00 p95=-12.00
  [diag] sat-dist hist bins=60 sat<0.05=0.0% mean=0.983 p10=0.982 p90=0.983
Iter 0005280: train nll 1.386, valid error 075.160%, best valid error 074.330%, avg grad norm   0.196, avg grad norm (post clip)   0.053, rho_Whh  0.95, Omega  0.00, alpha  4.000, steps in the past 0.000, valid nll 1.386
  [diag] log10|dL/dh_t| hist bins=60 range=(-12.50,-11.50) mean=-12.00 p50=-12.00 p05=-12.00 p95=-12.00
  [diag] sat-dist hist bins=60 sat<0.05=0.0% mean=0.982 p10=0.982 p90=0.983
Iter 0005300: train nll 1.386, valid error 075.100%, best valid error 074.330%, avg grad norm   0.194, avg grad norm (post clip)   0.053, rho_Whh  0.95, Omega  0.00, alpha  4.000, steps in the past 0.000, valid nll 1.386
  [diag] log10|dL/dh_t| hist bins=60 range=(-12.50,-11.50) mean=-12.00 p50=-12.00 p05=-12.00 p95=-12.00
  [diag] sat-dist hist bins=60 sat<0.05=0.0% mean=0.982 p10=0.981 p90=0.982
Iter 0005320: train nll 1.386, valid error 075.090%, best valid error 074.330%, avg grad norm   0.181, avg grad norm (post clip)   0.053, rho_Whh  0.95, Omega  0.00, alpha  4.000, steps in the past 0.000, valid nll 1.386
  [diag] log10|dL/dh_t| hist bins=60 range=(-12.50,-11.50) mean=-12.00 p50=-12.00 p05=-12.00 p95=-12.00
  [diag] sat-dist hist bins=60 sat<0.05=0.0% mean=0.983 p10=0.982 p90=0.983
Iter 0005340: train nll 1.386, valid error 074.970%, best valid error 074.330%, avg grad norm   0.187, avg grad norm (post clip)   0.052, rho_Whh  0.95, Omega  0.00, alpha  4.000, steps in the past 0.000, valid nll 1.386
  [diag] log10|dL/dh_t| hist bins=60 range=(-12.50,-11.50) mean=-12.00 p50=-12.00 p05=-12.00 p95=-12.00
  [diag] sat-dist hist bins=60 sat<0.05=0.0% mean=0.983 p10=0.982 p90=0.983
Iter 0005360: train nll 1.386, valid error 074.970%, best valid error 074.330%, avg grad norm   0.192, avg grad norm (post clip)   0.053, rho_Whh  0.95, Omega  0.00, alpha  4.000, steps in the past 0.000, valid nll 1.386
  [diag] log10|dL/dh_t| hist bins=60 range=(-12.50,-11.50) mean=-12.00 p50=-12.00 p05=-12.00 p95=-12.00
  [diag] sat-dist hist bins=60 sat<0.05=0.0% mean=0.983 p10=0.982 p90=0.983
Iter 0005380: train nll 1.386, valid error 074.970%, best valid error 074.330%, avg grad norm   0.176, avg grad norm (post clip)   0.053, rho_Whh  0.95, Omega  0.00, alpha  4.000, steps in the past 0.000, valid nll 1.386
  [diag] log10|dL/dh_t| hist bins=60 range=(-12.50,-11.50) mean=-12.00 p50=-12.00 p05=-12.00 p95=-12.00
  [diag] sat-dist hist bins=60 sat<0.05=0.0% mean=0.983 p10=0.982 p90=0.983
Iter 0005400: train nll 1.386, valid error 074.970%, best valid error 074.330%, avg grad norm   0.185, avg grad norm (post clip)   0.053, rho_Whh  0.95, Omega  0.00, alpha  4.000, steps in the past 0.000, valid nll 1.386
  [diag] log10|dL/dh_t| hist bins=60 range=(-12.50,-11.50) mean=-12.00 p50=-12.00 p05=-12.00 p95=-12.00
  [diag] sat-dist hist bins=60 sat<0.05=0.0% mean=0.982 p10=0.982 p90=0.983
Iter 0005420: train nll 1.386, valid error 074.970%, best valid error 074.330%, avg grad norm   0.181, avg grad norm (post clip)   0.053, rho_Whh  0.95, Omega  0.00, alpha  4.000, steps in the past 0.000, valid nll 1.386
  [diag] log10|dL/dh_t| hist bins=60 range=(-12.50,-11.50) mean=-12.00 p50=-12.00 p05=-12.00 p95=-12.00
  [diag] sat-dist hist bins=60 sat<0.05=0.0% mean=0.983 p10=0.982 p90=0.983
Iter 0005440: train nll 1.387, valid error 074.860%, best valid error 074.330%, avg grad norm   0.182, avg grad norm (post clip)   0.053, rho_Whh  0.95, Omega  0.00, alpha  4.000, steps in the past 0.000, valid nll 1.386
  [diag] log10|dL/dh_t| hist bins=60 range=(-12.50,-11.50) mean=-12.00 p50=-12.00 p05=-12.00 p95=-12.00
  [diag] sat-dist hist bins=60 sat<0.05=0.0% mean=0.982 p10=0.982 p90=0.983
Iter 0005460: train nll 1.386, valid error 074.880%, best valid error 074.330%, avg grad norm   0.192, avg grad norm (post clip)   0.053, rho_Whh  0.95, Omega  0.00, alpha  4.000, steps in the past 0.000, valid nll 1.386
  [diag] log10|dL/dh_t| hist bins=60 range=(-12.50,-11.50) mean=-12.00 p50=-12.00 p05=-12.00 p95=-12.00
  [diag] sat-dist hist bins=60 sat<0.05=0.0% mean=0.982 p10=0.982 p90=0.983
Iter 0005480: train nll 1.386, valid error 074.890%, best valid error 074.330%, avg grad norm   0.198, avg grad norm (post clip)   0.053, rho_Whh  0.95, Omega  0.00, alpha  4.000, steps in the past 0.000, valid nll 1.386
  [diag] log10|dL/dh_t| hist bins=60 range=(-12.50,-11.50) mean=-12.00 p50=-12.00 p05=-12.00 p95=-12.00
  [diag] sat-dist hist bins=60 sat<0.05=0.0% mean=0.983 p10=0.982 p90=0.983
Iter 0005500: train nll 1.387, valid error 074.910%, best valid error 074.330%, avg grad norm   0.171, avg grad norm (post clip)   0.053, rho_Whh  0.95, Omega  0.00, alpha  4.000, steps in the past 0.000, valid nll 1.386
  [diag] log10|dL/dh_t| hist bins=60 range=(-12.50,-11.50) mean=-12.00 p50=-12.00 p05=-12.00 p95=-12.00
  [diag] sat-dist hist bins=60 sat<0.05=0.0% mean=0.982 p10=0.982 p90=0.983
Iter 0005520: train nll 1.386, valid error 075.050%, best valid error 074.330%, avg grad norm   0.185, avg grad norm (post clip)   0.053, rho_Whh  0.95, Omega  0.00, alpha  4.000, steps in the past 0.000, valid nll 1.386
  [diag] log10|dL/dh_t| hist bins=60 range=(-12.50,-11.50) mean=-12.00 p50=-12.00 p05=-12.00 p95=-12.00
  [diag] sat-dist hist bins=60 sat<0.05=0.0% mean=0.982 p10=0.982 p90=0.983
Iter 0005540: train nll 1.386, valid error 074.900%, best valid error 074.330%, avg grad norm   0.176, avg grad norm (post clip)   0.053, rho_Whh  0.95, Omega  0.00, alpha  4.000, steps in the past 0.000, valid nll 1.386
  [diag] log10|dL/dh_t| hist bins=60 range=(-12.50,-11.50) mean=-12.00 p50=-12.00 p05=-12.00 p95=-12.00
  [diag] sat-dist hist bins=60 sat<0.05=0.0% mean=0.982 p10=0.982 p90=0.983
Iter 0005560: train nll 1.386, valid error 074.970%, best valid error 074.330%, avg grad norm   0.213, avg grad norm (post clip)   0.053, rho_Whh  0.95, Omega  0.00, alpha  4.000, steps in the past 0.000, valid nll 1.386
  [diag] log10|dL/dh_t| hist bins=60 range=(-12.50,-11.50) mean=-12.00 p50=-12.00 p05=-12.00 p95=-12.00
  [diag] sat-dist hist bins=60 sat<0.05=0.0% mean=0.983 p10=0.982 p90=0.983
Iter 0005580: train nll 1.387, valid error 074.970%, best valid error 074.330%, avg grad norm   0.191, avg grad norm (post clip)   0.053, rho_Whh  0.95, Omega  0.00, alpha  4.000, steps in the past 0.000, valid nll 1.386
  [diag] log10|dL/dh_t| hist bins=60 range=(-12.50,-11.50) mean=-12.00 p50=-12.00 p05=-12.00 p95=-12.00
  [diag] sat-dist hist bins=60 sat<0.05=0.0% mean=0.983 p10=0.982 p90=0.983
Iter 0005600: train nll 1.386, valid error 074.970%, best valid error 074.330%, avg grad norm   0.215, avg grad norm (post clip)   0.053, rho_Whh  0.95, Omega  0.00, alpha  4.000, steps in the past 0.000, valid nll 1.386
  [diag] log10|dL/dh_t| hist bins=60 range=(-12.50,-11.50) mean=-12.00 p50=-12.00 p05=-12.00 p95=-12.00
  [diag] sat-dist hist bins=60 sat<0.05=0.0% mean=0.982 p10=0.982 p90=0.983
Iter 0005620: train nll 1.386, valid error 074.970%, best valid error 074.330%, avg grad norm   0.176, avg grad norm (post clip)   0.053, rho_Whh  0.95, Omega  0.00, alpha  4.000, steps in the past 0.000, valid nll 1.386
  [diag] log10|dL/dh_t| hist bins=60 range=(-12.50,-11.50) mean=-12.00 p50=-12.00 p05=-12.00 p95=-12.00
  [diag] sat-dist hist bins=60 sat<0.05=0.0% mean=0.982 p10=0.981 p90=0.983
Iter 0005640: train nll 1.386, valid error 074.970%, best valid error 074.330%, avg grad norm   0.194, avg grad norm (post clip)   0.053, rho_Whh  0.95, Omega  0.00, alpha  4.000, steps in the past 0.000, valid nll 1.386
  [diag] log10|dL/dh_t| hist bins=60 range=(-12.50,-11.50) mean=-12.00 p50=-12.00 p05=-12.00 p95=-12.00
  [diag] sat-dist hist bins=60 sat<0.05=0.0% mean=0.982 p10=0.981 p90=0.983
Iter 0005660: train nll 1.387, valid error 074.970%, best valid error 074.330%, avg grad norm   0.181, avg grad norm (post clip)   0.052, rho_Whh  0.95, Omega  0.00, alpha  4.000, steps in the past 0.000, valid nll 1.386
  [diag] log10|dL/dh_t| hist bins=60 range=(-12.50,-11.50) mean=-12.00 p50=-12.00 p05=-12.00 p95=-12.00
  [diag] sat-dist hist bins=60 sat<0.05=0.0% mean=0.982 p10=0.981 p90=0.983
Iter 0005680: train nll 1.386, valid error 074.970%, best valid error 074.330%, avg grad norm   0.216, avg grad norm (post clip)   0.053, rho_Whh  0.95, Omega  0.00, alpha  4.000, steps in the past 0.000, valid nll 1.386
  [diag] log10|dL/dh_t| hist bins=60 range=(-12.50,-11.50) mean=-12.00 p50=-12.00 p05=-12.00 p95=-12.00
  [diag] sat-dist hist bins=60 sat<0.05=0.0% mean=0.983 p10=0.982 p90=0.983
Iter 0005700: train nll 1.386, valid error 074.970%, best valid error 074.330%, avg grad norm   0.164, avg grad norm (post clip)   0.053, rho_Whh  0.95, Omega  0.00, alpha  4.000, steps in the past 0.000, valid nll 1.386
  [diag] log10|dL/dh_t| hist bins=60 range=(-12.50,-11.50) mean=-12.00 p50=-12.00 p05=-12.00 p95=-12.00
  [diag] sat-dist hist bins=60 sat<0.05=0.0% mean=0.983 p10=0.982 p90=0.983
Iter 0005720: train nll 1.386, valid error 074.970%, best valid error 074.330%, avg grad norm   0.200, avg grad norm (post clip)   0.052, rho_Whh  0.95, Omega  0.00, alpha  4.000, steps in the past 0.000, valid nll 1.386
  [diag] log10|dL/dh_t| hist bins=60 range=(-12.50,-11.50) mean=-12.00 p50=-12.00 p05=-12.00 p95=-12.00
  [diag] sat-dist hist bins=60 sat<0.05=0.0% mean=0.982 p10=0.982 p90=0.983
Iter 0005740: train nll 1.386, valid error 074.970%, best valid error 074.330%, avg grad norm   0.163, avg grad norm (post clip)   0.053, rho_Whh  0.95, Omega  0.00, alpha  4.000, steps in the past 0.000, valid nll 1.386
  [diag] log10|dL/dh_t| hist bins=60 range=(-12.50,-11.50) mean=-12.00 p50=-12.00 p05=-12.00 p95=-12.00
  [diag] sat-dist hist bins=60 sat<0.05=0.0% mean=0.982 p10=0.981 p90=0.982
Iter 0005760: train nll 1.386, valid error 074.970%, best valid error 074.330%, avg grad norm   0.198, avg grad norm (post clip)   0.053, rho_Whh  0.95, Omega  0.00, alpha  4.000, steps in the past 0.000, valid nll 1.386
  [diag] log10|dL/dh_t| hist bins=60 range=(-12.50,-11.50) mean=-12.00 p50=-12.00 p05=-12.00 p95=-12.00
  [diag] sat-dist hist bins=60 sat<0.05=0.0% mean=0.982 p10=0.981 p90=0.983
Iter 0005780: train nll 1.387, valid error 074.970%, best valid error 074.330%, avg grad norm   0.202, avg grad norm (post clip)   0.053, rho_Whh  0.95, Omega  0.00, alpha  4.000, steps in the past 0.000, valid nll 1.386
  [diag] log10|dL/dh_t| hist bins=60 range=(-12.50,-11.50) mean=-12.00 p50=-12.00 p05=-12.00 p95=-12.00
  [diag] sat-dist hist bins=60 sat<0.05=0.0% mean=0.982 p10=0.981 p90=0.983
Iter 0005800: train nll 1.386, valid error 074.970%, best valid error 074.330%, avg grad norm   0.178, avg grad norm (post clip)   0.053, rho_Whh  0.95, Omega  0.00, alpha  4.000, steps in the past 0.000, valid nll 1.386
  [diag] log10|dL/dh_t| hist bins=60 range=(-12.50,-11.50) mean=-12.00 p50=-12.00 p05=-12.00 p95=-12.00
  [diag] sat-dist hist bins=60 sat<0.05=0.0% mean=0.982 p10=0.981 p90=0.983
Iter 0005820: train nll 1.387, valid error 074.970%, best valid error 074.330%, avg grad norm   0.224, avg grad norm (post clip)   0.052, rho_Whh  0.95, Omega  0.00, alpha  4.000, steps in the past 0.000, valid nll 1.386
  [diag] log10|dL/dh_t| hist bins=60 range=(-12.50,-11.50) mean=-12.00 p50=-12.00 p05=-12.00 p95=-12.00
  [diag] sat-dist hist bins=60 sat<0.05=0.0% mean=0.982 p10=0.982 p90=0.983
Iter 0005840: train nll 1.386, valid error 074.970%, best valid error 074.330%, avg grad norm   0.143, avg grad norm (post clip)   0.053, rho_Whh  0.95, Omega  0.00, alpha  4.000, steps in the past 0.000, valid nll 1.386
  [diag] log10|dL/dh_t| hist bins=60 range=(-12.50,-11.50) mean=-12.00 p50=-12.00 p05=-12.00 p95=-12.00
  [diag] sat-dist hist bins=60 sat<0.05=0.0% mean=0.982 p10=0.982 p90=0.983
Iter 0005860: train nll 1.386, valid error 074.970%, best valid error 074.330%, avg grad norm   0.177, avg grad norm (post clip)   0.053, rho_Whh  0.95, Omega  0.00, alpha  4.000, steps in the past 0.000, valid nll 1.386
  [diag] log10|dL/dh_t| hist bins=60 range=(-12.50,-11.50) mean=-12.00 p50=-12.00 p05=-12.00 p95=-12.00
  [diag] sat-dist hist bins=60 sat<0.05=0.0% mean=0.982 p10=0.982 p90=0.983
Iter 0005880: train nll 1.386, valid error 074.970%, best valid error 074.330%, avg grad norm   0.178, avg grad norm (post clip)   0.053, rho_Whh  0.95, Omega  0.00, alpha  4.000, steps in the past 0.000, valid nll 1.386
  [diag] log10|dL/dh_t| hist bins=60 range=(-12.50,-11.50) mean=-12.00 p50=-12.00 p05=-12.00 p95=-12.00
  [diag] sat-dist hist bins=60 sat<0.05=0.0% mean=0.982 p10=0.982 p90=0.983
Iter 0005900: train nll 1.386, valid error 074.970%, best valid error 074.330%, avg grad norm   0.185, avg grad norm (post clip)   0.053, rho_Whh  0.95, Omega  0.00, alpha  4.000, steps in the past 0.000, valid nll 1.386
  [diag] log10|dL/dh_t| hist bins=60 range=(-12.50,-11.50) mean=-12.00 p50=-12.00 p05=-12.00 p95=-12.00
  [diag] sat-dist hist bins=60 sat<0.05=0.0% mean=0.983 p10=0.982 p90=0.983
Iter 0005920: train nll 1.386, valid error 074.970%, best valid error 074.330%, avg grad norm   0.199, avg grad norm (post clip)   0.053, rho_Whh  0.95, Omega  0.00, alpha  4.000, steps in the past 0.000, valid nll 1.386
  [diag] log10|dL/dh_t| hist bins=60 range=(-12.50,-11.50) mean=-12.00 p50=-12.00 p05=-12.00 p95=-12.00
  [diag] sat-dist hist bins=60 sat<0.05=0.0% mean=0.982 p10=0.981 p90=0.983
Iter 0005940: train nll 1.386, valid error 074.970%, best valid error 074.330%, avg grad norm   0.202, avg grad norm (post clip)   0.052, rho_Whh  0.95, Omega  0.00, alpha  4.000, steps in the past 0.000, valid nll 1.386
  [diag] log10|dL/dh_t| hist bins=60 range=(-12.50,-11.50) mean=-12.00 p50=-12.00 p05=-12.00 p95=-12.00
  [diag] sat-dist hist bins=60 sat<0.05=0.0% mean=0.982 p10=0.981 p90=0.982
Iter 0005960: train nll 1.386, valid error 074.970%, best valid error 074.330%, avg grad norm   0.227, avg grad norm (post clip)   0.053, rho_Whh  0.95, Omega  0.00, alpha  4.000, steps in the past 0.000, valid nll 1.386
  [diag] log10|dL/dh_t| hist bins=60 range=(-12.50,-11.50) mean=-12.00 p50=-12.00 p05=-12.00 p95=-12.00
  [diag] sat-dist hist bins=60 sat<0.05=0.0% mean=0.982 p10=0.981 p90=0.982
Iter 0005980: train nll 1.386, valid error 074.970%, best valid error 074.330%, avg grad norm   0.169, avg grad norm (post clip)   0.053, rho_Whh  0.95, Omega  0.00, alpha  4.000, steps in the past 0.000, valid nll 1.386
  [diag] log10|dL/dh_t| hist bins=60 range=(-12.50,-11.50) mean=-12.00 p50=-12.00 p05=-12.00 p95=-12.00
  [diag] sat-dist hist bins=60 sat<0.05=0.0% mean=0.982 p10=0.981 p90=0.982
Iter 0006000: train nll 1.386, valid error 074.970%, best valid error 074.330%, avg grad norm   0.188, avg grad norm (post clip)   0.053, rho_Whh  0.95, Omega  0.00, alpha  4.000, steps in the past 0.000, valid nll 1.386
  [diag] log10|dL/dh_t| hist bins=60 range=(-12.50,-11.50) mean=-12.00 p50=-12.00 p05=-12.00 p95=-12.00
  [diag] sat-dist hist bins=60 sat<0.05=0.0% mean=0.981 p10=0.980 p90=0.981
Iter 0006020: train nll 1.385, valid error 074.970%, best valid error 074.330%, avg grad norm   0.183, avg grad norm (post clip)   0.052, rho_Whh  0.95, Omega  0.00, alpha  4.000, steps in the past 0.000, valid nll 1.386
  [diag] log10|dL/dh_t| hist bins=60 range=(-12.50,-11.50) mean=-12.00 p50=-12.00 p05=-12.00 p95=-12.00
  [diag] sat-dist hist bins=60 sat<0.05=0.0% mean=0.981 p10=0.980 p90=0.981
Iter 0006040: train nll 1.387, valid error 074.970%, best valid error 074.330%, avg grad norm   0.194, avg grad norm (post clip)   0.052, rho_Whh  0.95, Omega  0.00, alpha  4.000, steps in the past 0.000, valid nll 1.386
  [diag] log10|dL/dh_t| hist bins=60 range=(-12.50,-11.50) mean=-12.00 p50=-12.00 p05=-12.00 p95=-12.00
  [diag] sat-dist hist bins=60 sat<0.05=0.0% mean=0.982 p10=0.981 p90=0.982
Iter 0006060: train nll 1.387, valid error 074.970%, best valid error 074.330%, avg grad norm   0.184, avg grad norm (post clip)   0.053, rho_Whh  0.95, Omega  0.00, alpha  4.000, steps in the past 0.000, valid nll 1.386
  [diag] log10|dL/dh_t| hist bins=60 range=(-12.50,-11.50) mean=-12.00 p50=-12.00 p05=-12.00 p95=-12.00
  [diag] sat-dist hist bins=60 sat<0.05=0.0% mean=0.981 p10=0.981 p90=0.982
Iter 0006080: train nll 1.386, valid error 074.970%, best valid error 074.330%, avg grad norm   0.170, avg grad norm (post clip)   0.052, rho_Whh  0.95, Omega  0.00, alpha  4.000, steps in the past 0.000, valid nll 1.386
  [diag] log10|dL/dh_t| hist bins=60 range=(-12.50,-11.50) mean=-12.00 p50=-12.00 p05=-12.00 p95=-12.00
  [diag] sat-dist hist bins=60 sat<0.05=0.0% mean=0.981 p10=0.980 p90=0.982
Iter 0006100: train nll 1.386, valid error 074.970%, best valid error 074.330%, avg grad norm   0.204, avg grad norm (post clip)   0.053, rho_Whh  0.95, Omega  0.00, alpha  4.000, steps in the past 0.000, valid nll 1.386
  [diag] log10|dL/dh_t| hist bins=60 range=(-12.50,-11.50) mean=-12.00 p50=-12.00 p05=-12.00 p95=-12.00
  [diag] sat-dist hist bins=60 sat<0.05=0.0% mean=0.981 p10=0.980 p90=0.982
Iter 0006120: train nll 1.386, valid error 074.970%, best valid error 074.330%, avg grad norm   0.210, avg grad norm (post clip)   0.053, rho_Whh  0.95, Omega  0.00, alpha  4.000, steps in the past 0.000, valid nll 1.386
  [diag] log10|dL/dh_t| hist bins=60 range=(-12.50,-11.50) mean=-12.00 p50=-12.00 p05=-12.00 p95=-12.00
  [diag] sat-dist hist bins=60 sat<0.05=0.0% mean=0.981 p10=0.980 p90=0.981
Iter 0006140: train nll 1.386, valid error 074.970%, best valid error 074.330%, avg grad norm   0.176, avg grad norm (post clip)   0.053, rho_Whh  0.95, Omega  0.00, alpha  4.000, steps in the past 0.000, valid nll 1.386
  [diag] log10|dL/dh_t| hist bins=60 range=(-12.50,-11.50) mean=-12.00 p50=-12.00 p05=-12.00 p95=-12.00
  [diag] sat-dist hist bins=60 sat<0.05=0.0% mean=0.981 p10=0.980 p90=0.981
Iter 0006160: train nll 1.386, valid error 074.970%, best valid error 074.330%, avg grad norm   0.186, avg grad norm (post clip)   0.053, rho_Whh  0.95, Omega  0.00, alpha  4.000, steps in the past 0.000, valid nll 1.386
  [diag] log10|dL/dh_t| hist bins=60 range=(-12.50,-11.50) mean=-12.00 p50=-12.00 p05=-12.00 p95=-12.00
  [diag] sat-dist hist bins=60 sat<0.05=0.0% mean=0.981 p10=0.980 p90=0.981
Iter 0006180: train nll 1.386, valid error 074.970%, best valid error 074.330%, avg grad norm   0.188, avg grad norm (post clip)   0.053, rho_Whh  0.95, Omega  0.00, alpha  4.000, steps in the past 0.000, valid nll 1.386
  [diag] log10|dL/dh_t| hist bins=60 range=(-12.50,-11.50) mean=-12.00 p50=-12.00 p05=-12.00 p95=-12.00
  [diag] sat-dist hist bins=60 sat<0.05=0.0% mean=0.981 p10=0.981 p90=0.982
Iter 0006200: train nll 1.386, valid error 074.970%, best valid error 074.330%, avg grad norm   0.200, avg grad norm (post clip)   0.053, rho_Whh  0.95, Omega  0.00, alpha  4.000, steps in the past 0.000, valid nll 1.386
  [diag] log10|dL/dh_t| hist bins=60 range=(-12.50,-11.50) mean=-12.00 p50=-12.00 p05=-12.00 p95=-12.00
  [diag] sat-dist hist bins=60 sat<0.05=0.0% mean=0.982 p10=0.981 p90=0.982
Iter 0006220: train nll 1.387, valid error 074.970%, best valid error 074.330%, avg grad norm   0.179, avg grad norm (post clip)   0.053, rho_Whh  0.95, Omega  0.00, alpha  4.000, steps in the past 0.000, valid nll 1.386
  [diag] log10|dL/dh_t| hist bins=60 range=(-12.50,-11.50) mean=-12.00 p50=-12.00 p05=-12.00 p95=-12.00
  [diag] sat-dist hist bins=60 sat<0.05=0.0% mean=0.982 p10=0.981 p90=0.982
Iter 0006240: train nll 1.387, valid error 074.850%, best valid error 074.330%, avg grad norm   0.200, avg grad norm (post clip)   0.053, rho_Whh  0.95, Omega  0.00, alpha  4.000, steps in the past 0.000, valid nll 1.386
  [diag] log10|dL/dh_t| hist bins=60 range=(-12.50,-11.50) mean=-12.00 p50=-12.00 p05=-12.00 p95=-12.00
  [diag] sat-dist hist bins=60 sat<0.05=0.0% mean=0.981 p10=0.981 p90=0.982
Iter 0006260: train nll 1.387, valid error 074.980%, best valid error 074.330%, avg grad norm   0.196, avg grad norm (post clip)   0.053, rho_Whh  0.95, Omega  0.00, alpha  4.000, steps in the past 0.000, valid nll 1.386
  [diag] log10|dL/dh_t| hist bins=60 range=(-12.50,-11.50) mean=-12.00 p50=-12.00 p05=-12.00 p95=-12.00
  [diag] sat-dist hist bins=60 sat<0.05=0.0% mean=0.981 p10=0.980 p90=0.981
Iter 0006280: train nll 1.386, valid error 075.180%, best valid error 074.330%, avg grad norm   0.202, avg grad norm (post clip)   0.052, rho_Whh  0.95, Omega  0.00, alpha  4.000, steps in the past 0.000, valid nll 1.386
  [diag] log10|dL/dh_t| hist bins=60 range=(-12.50,-11.50) mean=-12.00 p50=-12.00 p05=-12.00 p95=-12.00
  [diag] sat-dist hist bins=60 sat<0.05=0.0% mean=0.981 p10=0.981 p90=0.982
Iter 0006300: train nll 1.387, valid error 075.170%, best valid error 074.330%, avg grad norm   0.190, avg grad norm (post clip)   0.053, rho_Whh  0.95, Omega  0.00, alpha  4.000, steps in the past 0.000, valid nll 1.386
  [diag] log10|dL/dh_t| hist bins=60 range=(-12.50,-11.50) mean=-12.00 p50=-12.00 p05=-12.00 p95=-12.00
  [diag] sat-dist hist bins=60 sat<0.05=0.0% mean=0.981 p10=0.980 p90=0.981
Iter 0006320: train nll 1.386, valid error 075.230%, best valid error 074.330%, avg grad norm   0.173, avg grad norm (post clip)   0.053, rho_Whh  0.95, Omega  0.00, alpha  4.000, steps in the past 0.000, valid nll 1.386
  [diag] log10|dL/dh_t| hist bins=60 range=(-12.50,-11.50) mean=-12.00 p50=-12.00 p05=-12.00 p95=-12.00
  [diag] sat-dist hist bins=60 sat<0.05=0.0% mean=0.981 p10=0.980 p90=0.981
Iter 0006340: train nll 1.386, valid error 075.230%, best valid error 074.330%, avg grad norm   0.190, avg grad norm (post clip)   0.053, rho_Whh  0.95, Omega  0.00, alpha  4.000, steps in the past 0.000, valid nll 1.386
  [diag] log10|dL/dh_t| hist bins=60 range=(-12.50,-11.50) mean=-12.00 p50=-12.00 p05=-12.00 p95=-12.00
  [diag] sat-dist hist bins=60 sat<0.05=0.0% mean=0.981 p10=0.980 p90=0.982
Iter 0006360: train nll 1.386, valid error 074.930%, best valid error 074.330%, avg grad norm   0.167, avg grad norm (post clip)   0.053, rho_Whh  0.95, Omega  0.00, alpha  4.000, steps in the past 0.000, valid nll 1.386
  [diag] log10|dL/dh_t| hist bins=60 range=(-12.50,-11.50) mean=-12.00 p50=-12.00 p05=-12.00 p95=-12.00
  [diag] sat-dist hist bins=60 sat<0.05=0.0% mean=0.981 p10=0.980 p90=0.981
Iter 0006380: train nll 1.386, valid error 074.970%, best valid error 074.330%, avg grad norm   0.170, avg grad norm (post clip)   0.053, rho_Whh  0.95, Omega  0.00, alpha  4.000, steps in the past 0.000, valid nll 1.386
  [diag] log10|dL/dh_t| hist bins=60 range=(-12.50,-11.50) mean=-12.00 p50=-12.00 p05=-12.00 p95=-12.00
  [diag] sat-dist hist bins=60 sat<0.05=0.0% mean=0.981 p10=0.980 p90=0.981
Iter 0006400: train nll 1.386, valid error 074.970%, best valid error 074.330%, avg grad norm   0.183, avg grad norm (post clip)   0.053, rho_Whh  0.95, Omega  0.00, alpha  4.000, steps in the past 0.000, valid nll 1.386
  [diag] log10|dL/dh_t| hist bins=60 range=(-12.50,-11.50) mean=-12.00 p50=-12.00 p05=-12.00 p95=-12.00
  [diag] sat-dist hist bins=60 sat<0.05=0.0% mean=0.981 p10=0.980 p90=0.981
Iter 0006420: train nll 1.386, valid error 074.970%, best valid error 074.330%, avg grad norm   0.185, avg grad norm (post clip)   0.053, rho_Whh  0.95, Omega  0.00, alpha  4.000, steps in the past 0.000, valid nll 1.386
  [diag] log10|dL/dh_t| hist bins=60 range=(-12.50,-11.50) mean=-12.00 p50=-12.00 p05=-12.00 p95=-12.00
  [diag] sat-dist hist bins=60 sat<0.05=0.0% mean=0.981 p10=0.980 p90=0.981
Iter 0006440: train nll 1.386, valid error 074.970%, best valid error 074.330%, avg grad norm   0.179, avg grad norm (post clip)   0.053, rho_Whh  0.95, Omega  0.00, alpha  4.000, steps in the past 0.000, valid nll 1.386
  [diag] log10|dL/dh_t| hist bins=60 range=(-12.50,-11.50) mean=-12.00 p50=-12.00 p05=-12.00 p95=-12.00
  [diag] sat-dist hist bins=60 sat<0.05=0.0% mean=0.981 p10=0.980 p90=0.981
Iter 0006460: train nll 1.386, valid error 074.970%, best valid error 074.330%, avg grad norm   0.192, avg grad norm (post clip)   0.053, rho_Whh  0.95, Omega  0.00, alpha  4.000, steps in the past 0.000, valid nll 1.386
  [diag] log10|dL/dh_t| hist bins=60 range=(-12.50,-11.50) mean=-12.00 p50=-12.00 p05=-12.00 p95=-12.00
  [diag] sat-dist hist bins=60 sat<0.05=0.0% mean=0.981 p10=0.980 p90=0.981
Iter 0006480: train nll 1.387, valid error 074.970%, best valid error 074.330%, avg grad norm   0.223, avg grad norm (post clip)   0.053, rho_Whh  0.95, Omega  0.00, alpha  4.000, steps in the past 0.000, valid nll 1.386
  [diag] log10|dL/dh_t| hist bins=60 range=(-12.50,-11.50) mean=-12.00 p50=-12.00 p05=-12.00 p95=-12.00
  [diag] sat-dist hist bins=60 sat<0.05=0.0% mean=0.981 p10=0.980 p90=0.981
Iter 0006500: train nll 1.387, valid error 074.970%, best valid error 074.330%, avg grad norm   0.180, avg grad norm (post clip)   0.053, rho_Whh  0.95, Omega  0.00, alpha  4.000, steps in the past 0.000, valid nll 1.386
  [diag] log10|dL/dh_t| hist bins=60 range=(-12.50,-11.50) mean=-12.00 p50=-12.00 p05=-12.00 p95=-12.00
  [diag] sat-dist hist bins=60 sat<0.05=0.0% mean=0.981 p10=0.980 p90=0.982
Iter 0006520: train nll 1.387, valid error 074.970%, best valid error 074.330%, avg grad norm   0.175, avg grad norm (post clip)   0.053, rho_Whh  0.95, Omega  0.00, alpha  4.000, steps in the past 0.000, valid nll 1.386
  [diag] log10|dL/dh_t| hist bins=60 range=(-12.50,-11.50) mean=-12.00 p50=-12.00 p05=-12.00 p95=-12.00
  [diag] sat-dist hist bins=60 sat<0.05=0.0% mean=0.981 p10=0.981 p90=0.982
Iter 0006540: train nll 1.386, valid error 074.970%, best valid error 074.330%, avg grad norm   0.169, avg grad norm (post clip)   0.053, rho_Whh  0.95, Omega  0.00, alpha  4.000, steps in the past 0.000, valid nll 1.386
  [diag] log10|dL/dh_t| hist bins=60 range=(-12.50,-11.50) mean=-12.00 p50=-12.00 p05=-12.00 p95=-12.00
  [diag] sat-dist hist bins=60 sat<0.05=0.0% mean=0.982 p10=0.981 p90=0.983
Iter 0006560: train nll 1.387, valid error 074.970%, best valid error 074.330%, avg grad norm   0.207, avg grad norm (post clip)   0.053, rho_Whh  0.95, Omega  0.00, alpha  4.000, steps in the past 0.000, valid nll 1.386
  [diag] log10|dL/dh_t| hist bins=60 range=(-12.50,-11.50) mean=-12.00 p50=-12.00 p05=-12.00 p95=-12.00
  [diag] sat-dist hist bins=60 sat<0.05=0.0% mean=0.982 p10=0.981 p90=0.982
Iter 0006580: train nll 1.386, valid error 074.970%, best valid error 074.330%, avg grad norm   0.191, avg grad norm (post clip)   0.053, rho_Whh  0.95, Omega  0.00, alpha  4.000, steps in the past 0.000, valid nll 1.386
  [diag] log10|dL/dh_t| hist bins=60 range=(-12.50,-11.50) mean=-12.00 p50=-12.00 p05=-12.00 p95=-12.00
  [diag] sat-dist hist bins=60 sat<0.05=0.0% mean=0.981 p10=0.981 p90=0.982
Iter 0006600: train nll 1.386, valid error 074.970%, best valid error 074.330%, avg grad norm   0.227, avg grad norm (post clip)   0.053, rho_Whh  0.95, Omega  0.00, alpha  4.000, steps in the past 0.000, valid nll 1.386
  [diag] log10|dL/dh_t| hist bins=60 range=(-12.50,-11.50) mean=-12.00 p50=-12.00 p05=-12.00 p95=-12.00
  [diag] sat-dist hist bins=60 sat<0.05=0.0% mean=0.981 p10=0.980 p90=0.982
Iter 0006620: train nll 1.387, valid error 074.970%, best valid error 074.330%, avg grad norm   0.177, avg grad norm (post clip)   0.052, rho_Whh  0.95, Omega  0.00, alpha  4.000, steps in the past 0.000, valid nll 1.386
  [diag] log10|dL/dh_t| hist bins=60 range=(-12.50,-11.50) mean=-12.00 p50=-12.00 p05=-12.00 p95=-12.00
  [diag] sat-dist hist bins=60 sat<0.05=0.0% mean=0.981 p10=0.981 p90=0.982
Iter 0006640: train nll 1.387, valid error 074.970%, best valid error 074.330%, avg grad norm   0.190, avg grad norm (post clip)   0.053, rho_Whh  0.95, Omega  0.00, alpha  4.000, steps in the past 0.000, valid nll 1.386
  [diag] log10|dL/dh_t| hist bins=60 range=(-12.50,-11.50) mean=-12.00 p50=-12.00 p05=-12.00 p95=-12.00
  [diag] sat-dist hist bins=60 sat<0.05=0.0% mean=0.982 p10=0.981 p90=0.982
Iter 0006660: train nll 1.386, valid error 074.970%, best valid error 074.330%, avg grad norm   0.180, avg grad norm (post clip)   0.053, rho_Whh  0.95, Omega  0.00, alpha  4.000, steps in the past 0.000, valid nll 1.386
  [diag] log10|dL/dh_t| hist bins=60 range=(-12.50,-11.50) mean=-12.00 p50=-12.00 p05=-12.00 p95=-12.00
  [diag] sat-dist hist bins=60 sat<0.05=0.0% mean=0.982 p10=0.981 p90=0.982
Iter 0006680: train nll 1.387, valid error 074.970%, best valid error 074.330%, avg grad norm   0.175, avg grad norm (post clip)   0.053, rho_Whh  0.95, Omega  0.00, alpha  4.000, steps in the past 0.000, valid nll 1.386
  [diag] log10|dL/dh_t| hist bins=60 range=(-12.50,-11.50) mean=-12.00 p50=-12.00 p05=-12.00 p95=-12.00
  [diag] sat-dist hist bins=60 sat<0.05=0.0% mean=0.982 p10=0.981 p90=0.982
Iter 0006700: train nll 1.387, valid error 074.930%, best valid error 074.330%, avg grad norm   0.190, avg grad norm (post clip)   0.053, rho_Whh  0.95, Omega  0.00, alpha  4.000, steps in the past 0.000, valid nll 1.386
  [diag] log10|dL/dh_t| hist bins=60 range=(-12.50,-11.50) mean=-12.00 p50=-12.00 p05=-12.00 p95=-12.00
  [diag] sat-dist hist bins=60 sat<0.05=0.0% mean=0.982 p10=0.981 p90=0.983
Iter 0006720: train nll 1.387, valid error 074.880%, best valid error 074.330%, avg grad norm   0.188, avg grad norm (post clip)   0.052, rho_Whh  0.95, Omega  0.00, alpha  4.000, steps in the past 0.000, valid nll 1.386
  [diag] log10|dL/dh_t| hist bins=60 range=(-12.50,-11.50) mean=-12.00 p50=-12.00 p05=-12.00 p95=-12.00
  [diag] sat-dist hist bins=60 sat<0.05=0.0% mean=0.982 p10=0.981 p90=0.983
Iter 0006740: train nll 1.386, valid error 074.980%, best valid error 074.330%, avg grad norm   0.181, avg grad norm (post clip)   0.053, rho_Whh  0.95, Omega  0.00, alpha  4.000, steps in the past 0.000, valid nll 1.386
  [diag] log10|dL/dh_t| hist bins=60 range=(-12.50,-11.50) mean=-12.00 p50=-12.00 p05=-12.00 p95=-12.00
  [diag] sat-dist hist bins=60 sat<0.05=0.0% mean=0.982 p10=0.982 p90=0.983
Iter 0006760: train nll 1.386, valid error 074.970%, best valid error 074.330%, avg grad norm   0.181, avg grad norm (post clip)   0.053, rho_Whh  0.95, Omega  0.00, alpha  4.000, steps in the past 0.000, valid nll 1.386
  [diag] log10|dL/dh_t| hist bins=60 range=(-12.50,-11.50) mean=-12.00 p50=-12.00 p05=-12.00 p95=-12.00
  [diag] sat-dist hist bins=60 sat<0.05=0.0% mean=0.983 p10=0.982 p90=0.983
Iter 0006780: train nll 1.387, valid error 074.970%, best valid error 074.330%, avg grad norm   0.196, avg grad norm (post clip)   0.053, rho_Whh  0.95, Omega  0.00, alpha  4.000, steps in the past 0.000, valid nll 1.386
  [diag] log10|dL/dh_t| hist bins=60 range=(-12.50,-11.50) mean=-12.00 p50=-12.00 p05=-12.00 p95=-12.00
  [diag] sat-dist hist bins=60 sat<0.05=0.0% mean=0.983 p10=0.982 p90=0.984
Iter 0006800: train nll 1.386, valid error 074.970%, best valid error 074.330%, avg grad norm   0.188, avg grad norm (post clip)   0.053, rho_Whh  0.95, Omega  0.00, alpha  4.000, steps in the past 0.000, valid nll 1.386
  [diag] log10|dL/dh_t| hist bins=60 range=(-12.50,-11.50) mean=-12.00 p50=-12.00 p05=-12.00 p95=-12.00
  [diag] sat-dist hist bins=60 sat<0.05=0.0% mean=0.983 p10=0.982 p90=0.984
Iter 0006820: train nll 1.386, valid error 074.970%, best valid error 074.330%, avg grad norm   0.213, avg grad norm (post clip)   0.053, rho_Whh  0.95, Omega  0.00, alpha  4.000, steps in the past 0.000, valid nll 1.386
  [diag] log10|dL/dh_t| hist bins=60 range=(-12.50,-11.50) mean=-12.00 p50=-12.00 p05=-12.00 p95=-12.00
  [diag] sat-dist hist bins=60 sat<0.05=0.0% mean=0.983 p10=0.983 p90=0.984
Iter 0006840: train nll 1.386, valid error 074.970%, best valid error 074.330%, avg grad norm   0.166, avg grad norm (post clip)   0.053, rho_Whh  0.95, Omega  0.00, alpha  4.000, steps in the past 0.000, valid nll 1.386
  [diag] log10|dL/dh_t| hist bins=60 range=(-12.50,-11.50) mean=-12.00 p50=-12.00 p05=-12.00 p95=-12.00
  [diag] sat-dist hist bins=60 sat<0.05=0.0% mean=0.983 p10=0.983 p90=0.984
Iter 0006860: train nll 1.386, valid error 074.970%, best valid error 074.330%, avg grad norm   0.195, avg grad norm (post clip)   0.053, rho_Whh  0.95, Omega  0.00, alpha  4.000, steps in the past 0.000, valid nll 1.386
  [diag] log10|dL/dh_t| hist bins=60 range=(-12.50,-11.50) mean=-12.00 p50=-12.00 p05=-12.00 p95=-12.00
  [diag] sat-dist hist bins=60 sat<0.05=0.0% mean=0.983 p10=0.983 p90=0.984
Iter 0006880: train nll 1.386, valid error 074.970%, best valid error 074.330%, avg grad norm   0.195, avg grad norm (post clip)   0.053, rho_Whh  0.95, Omega  0.00, alpha  4.000, steps in the past 0.000, valid nll 1.386
  [diag] log10|dL/dh_t| hist bins=60 range=(-12.50,-11.50) mean=-12.00 p50=-12.00 p05=-12.00 p95=-12.00
  [diag] sat-dist hist bins=60 sat<0.05=0.0% mean=0.983 p10=0.983 p90=0.984
Iter 0006900: train nll 1.387, valid error 074.970%, best valid error 074.330%, avg grad norm   0.223, avg grad norm (post clip)   0.053, rho_Whh  0.95, Omega  0.00, alpha  4.000, steps in the past 0.000, valid nll 1.386
  [diag] log10|dL/dh_t| hist bins=60 range=(-12.50,-11.50) mean=-12.00 p50=-12.00 p05=-12.00 p95=-12.00
  [diag] sat-dist hist bins=60 sat<0.05=0.0% mean=0.983 p10=0.982 p90=0.984
Iter 0006920: train nll 1.386, valid error 074.970%, best valid error 074.330%, avg grad norm   0.153, avg grad norm (post clip)   0.052, rho_Whh  0.95, Omega  0.00, alpha  4.000, steps in the past 0.000, valid nll 1.386
  [diag] log10|dL/dh_t| hist bins=60 range=(-12.50,-11.50) mean=-12.00 p50=-12.00 p05=-12.00 p95=-12.00
  [diag] sat-dist hist bins=60 sat<0.05=0.0% mean=0.983 p10=0.983 p90=0.984
Iter 0006940: train nll 1.387, valid error 074.970%, best valid error 074.330%, avg grad norm   0.156, avg grad norm (post clip)   0.053, rho_Whh  0.95, Omega  0.00, alpha  4.000, steps in the past 0.000, valid nll 1.386
  [diag] log10|dL/dh_t| hist bins=60 range=(-12.50,-11.50) mean=-12.00 p50=-12.00 p05=-12.00 p95=-12.00
  [diag] sat-dist hist bins=60 sat<0.05=0.0% mean=0.983 p10=0.982 p90=0.984
Iter 0006960: train nll 1.386, valid error 074.970%, best valid error 074.330%, avg grad norm   0.189, avg grad norm (post clip)   0.052, rho_Whh  0.95, Omega  0.00, alpha  4.000, steps in the past 0.000, valid nll 1.386
  [diag] log10|dL/dh_t| hist bins=60 range=(-12.50,-11.50) mean=-12.00 p50=-12.00 p05=-12.00 p95=-12.00
  [diag] sat-dist hist bins=60 sat<0.05=0.0% mean=0.983 p10=0.983 p90=0.984
Iter 0006980: train nll 1.386, valid error 074.970%, best valid error 074.330%, avg grad norm   0.193, avg grad norm (post clip)   0.053, rho_Whh  0.95, Omega  0.00, alpha  4.000, steps in the past 0.000, valid nll 1.386
  [diag] log10|dL/dh_t| hist bins=60 range=(-12.50,-11.50) mean=-12.00 p50=-12.00 p05=-12.00 p95=-12.00
  [diag] sat-dist hist bins=60 sat<0.05=0.0% mean=0.983 p10=0.983 p90=0.984
Iter 0007000: train nll 1.386, valid error 074.970%, best valid error 074.330%, avg grad norm   0.191, avg grad norm (post clip)   0.053, rho_Whh  0.95, Omega  0.00, alpha  4.000, steps in the past 0.000, valid nll 1.386
  [diag] log10|dL/dh_t| hist bins=60 range=(-12.50,-11.50) mean=-12.00 p50=-12.00 p05=-12.00 p95=-12.00
  [diag] sat-dist hist bins=60 sat<0.05=0.0% mean=0.983 p10=0.982 p90=0.984
Iter 0007020: train nll 1.386, valid error 074.970%, best valid error 074.330%, avg grad norm   0.191, avg grad norm (post clip)   0.053, rho_Whh  0.95, Omega  0.00, alpha  4.000, steps in the past 0.000, valid nll 1.386
  [diag] log10|dL/dh_t| hist bins=60 range=(-12.50,-11.50) mean=-12.00 p50=-12.00 p05=-12.00 p95=-12.00
  [diag] sat-dist hist bins=60 sat<0.05=0.0% mean=0.983 p10=0.983 p90=0.984
Iter 0007040: train nll 1.387, valid error 074.970%, best valid error 074.330%, avg grad norm   0.174, avg grad norm (post clip)   0.053, rho_Whh  0.95, Omega  0.00, alpha  4.000, steps in the past 0.000, valid nll 1.386
  [diag] log10|dL/dh_t| hist bins=60 range=(-12.50,-11.50) mean=-12.00 p50=-12.00 p05=-12.00 p95=-12.00
  [diag] sat-dist hist bins=60 sat<0.05=0.0% mean=0.984 p10=0.983 p90=0.984
Iter 0007060: train nll 1.387, valid error 074.970%, best valid error 074.330%, avg grad norm   0.169, avg grad norm (post clip)   0.053, rho_Whh  0.95, Omega  0.00, alpha  4.000, steps in the past 0.000, valid nll 1.386
  [diag] log10|dL/dh_t| hist bins=60 range=(-12.50,-11.50) mean=-12.00 p50=-12.00 p05=-12.00 p95=-12.00
  [diag] sat-dist hist bins=60 sat<0.05=0.0% mean=0.983 p10=0.983 p90=0.984
Iter 0007080: train nll 1.386, valid error 074.970%, best valid error 074.330%, avg grad norm   0.168, avg grad norm (post clip)   0.053, rho_Whh  0.95, Omega  0.00, alpha  4.000, steps in the past 0.000, valid nll 1.386
  [diag] log10|dL/dh_t| hist bins=60 range=(-12.50,-11.50) mean=-12.00 p50=-12.00 p05=-12.00 p95=-12.00
  [diag] sat-dist hist bins=60 sat<0.05=0.0% mean=0.983 p10=0.982 p90=0.984
Iter 0007100: train nll 1.386, valid error 074.970%, best valid error 074.330%, avg grad norm   0.194, avg grad norm (post clip)   0.053, rho_Whh  0.95, Omega  0.00, alpha  4.000, steps in the past 0.000, valid nll 1.386
  [diag] log10|dL/dh_t| hist bins=60 range=(-12.50,-11.50) mean=-12.00 p50=-12.00 p05=-12.00 p95=-12.00
  [diag] sat-dist hist bins=60 sat<0.05=0.0% mean=0.983 p10=0.983 p90=0.984
Iter 0007120: train nll 1.386, valid error 074.970%, best valid error 074.330%, avg grad norm   0.167, avg grad norm (post clip)   0.053, rho_Whh  0.95, Omega  0.00, alpha  4.000, steps in the past 0.000, valid nll 1.386
  [diag] log10|dL/dh_t| hist bins=60 range=(-12.50,-11.50) mean=-12.00 p50=-12.00 p05=-12.00 p95=-12.00
  [diag] sat-dist hist bins=60 sat<0.05=0.0% mean=0.984 p10=0.983 p90=0.984
Iter 0007140: train nll 1.386, valid error 074.930%, best valid error 074.330%, avg grad norm   0.180, avg grad norm (post clip)   0.053, rho_Whh  0.95, Omega  0.00, alpha  4.000, steps in the past 0.000, valid nll 1.386
  [diag] log10|dL/dh_t| hist bins=60 range=(-12.50,-11.50) mean=-12.00 p50=-12.00 p05=-12.00 p95=-12.00
  [diag] sat-dist hist bins=60 sat<0.05=0.0% mean=0.983 p10=0.983 p90=0.984
Iter 0007160: train nll 1.386, valid error 074.970%, best valid error 074.330%, avg grad norm   0.183, avg grad norm (post clip)   0.052, rho_Whh  0.95, Omega  0.00, alpha  4.000, steps in the past 0.000, valid nll 1.386
  [diag] log10|dL/dh_t| hist bins=60 range=(-12.50,-11.50) mean=-12.00 p50=-12.00 p05=-12.00 p95=-12.00
  [diag] sat-dist hist bins=60 sat<0.05=0.0% mean=0.983 p10=0.983 p90=0.984
Iter 0007180: train nll 1.386, valid error 074.970%, best valid error 074.330%, avg grad norm   0.211, avg grad norm (post clip)   0.053, rho_Whh  0.95, Omega  0.00, alpha  4.000, steps in the past 0.000, valid nll 1.386
  [diag] log10|dL/dh_t| hist bins=60 range=(-12.50,-11.50) mean=-12.00 p50=-12.00 p05=-12.00 p95=-12.00
  [diag] sat-dist hist bins=60 sat<0.05=0.0% mean=0.984 p10=0.983 p90=0.984
Iter 0007200: train nll 1.386, valid error 074.970%, best valid error 074.330%, avg grad norm   0.179, avg grad norm (post clip)   0.052, rho_Whh  0.95, Omega  0.00, alpha  4.000, steps in the past 0.000, valid nll 1.386
  [diag] log10|dL/dh_t| hist bins=60 range=(-12.50,-11.50) mean=-12.00 p50=-12.00 p05=-12.00 p95=-12.00
  [diag] sat-dist hist bins=60 sat<0.05=0.0% mean=0.983 p10=0.983 p90=0.984
Iter 0007220: train nll 1.387, valid error 074.970%, best valid error 074.330%, avg grad norm   0.205, avg grad norm (post clip)   0.052, rho_Whh  0.95, Omega  0.00, alpha  4.000, steps in the past 0.000, valid nll 1.386
  [diag] log10|dL/dh_t| hist bins=60 range=(-12.50,-11.50) mean=-12.00 p50=-12.00 p05=-12.00 p95=-12.00
  [diag] sat-dist hist bins=60 sat<0.05=0.0% mean=0.983 p10=0.982 p90=0.984
Iter 0007240: train nll 1.386, valid error 074.970%, best valid error 074.330%, avg grad norm   0.169, avg grad norm (post clip)   0.052, rho_Whh  0.95, Omega  0.00, alpha  4.000, steps in the past 0.000, valid nll 1.386
  [diag] log10|dL/dh_t| hist bins=60 range=(-12.50,-11.50) mean=-12.00 p50=-12.00 p05=-12.00 p95=-12.00
  [diag] sat-dist hist bins=60 sat<0.05=0.0% mean=0.983 p10=0.982 p90=0.983
Iter 0007260: train nll 1.387, valid error 074.970%, best valid error 074.330%, avg grad norm   0.197, avg grad norm (post clip)   0.053, rho_Whh  0.95, Omega  0.00, alpha  4.000, steps in the past 0.000, valid nll 1.386
  [diag] log10|dL/dh_t| hist bins=60 range=(-12.50,-11.50) mean=-12.00 p50=-12.00 p05=-12.00 p95=-12.00
  [diag] sat-dist hist bins=60 sat<0.05=0.0% mean=0.983 p10=0.982 p90=0.983
Iter 0007280: train nll 1.386, valid error 074.970%, best valid error 074.330%, avg grad norm   0.167, avg grad norm (post clip)   0.053, rho_Whh  0.95, Omega  0.00, alpha  4.000, steps in the past 0.000, valid nll 1.386
  [diag] log10|dL/dh_t| hist bins=60 range=(-12.50,-11.50) mean=-12.00 p50=-12.00 p05=-12.00 p95=-12.00
  [diag] sat-dist hist bins=60 sat<0.05=0.0% mean=0.983 p10=0.982 p90=0.983
Iter 0007300: train nll 1.386, valid error 074.970%, best valid error 074.330%, avg grad norm   0.182, avg grad norm (post clip)   0.053, rho_Whh  0.95, Omega  0.00, alpha  4.000, steps in the past 0.000, valid nll 1.386
  [diag] log10|dL/dh_t| hist bins=60 range=(-12.50,-11.50) mean=-12.00 p50=-12.00 p05=-12.00 p95=-12.00
  [diag] sat-dist hist bins=60 sat<0.05=0.0% mean=0.983 p10=0.982 p90=0.983
Iter 0007320: train nll 1.386, valid error 074.970%, best valid error 074.330%, avg grad norm   0.170, avg grad norm (post clip)   0.053, rho_Whh  0.95, Omega  0.00, alpha  4.000, steps in the past 0.000, valid nll 1.386
  [diag] log10|dL/dh_t| hist bins=60 range=(-12.50,-11.50) mean=-12.00 p50=-12.00 p05=-12.00 p95=-12.00
  [diag] sat-dist hist bins=60 sat<0.05=0.0% mean=0.982 p10=0.982 p90=0.983
Iter 0007340: train nll 1.386, valid error 074.970%, best valid error 074.330%, avg grad norm   0.203, avg grad norm (post clip)   0.053, rho_Whh  0.95, Omega  0.00, alpha  4.000, steps in the past 0.000, valid nll 1.386
  [diag] log10|dL/dh_t| hist bins=60 range=(-12.50,-11.50) mean=-12.00 p50=-12.00 p05=-12.00 p95=-12.00
  [diag] sat-dist hist bins=60 sat<0.05=0.0% mean=0.983 p10=0.982 p90=0.983
Iter 0007360: train nll 1.386, valid error 074.970%, best valid error 074.330%, avg grad norm   0.166, avg grad norm (post clip)   0.053, rho_Whh  0.95, Omega  0.00, alpha  4.000, steps in the past 0.000, valid nll 1.386
  [diag] log10|dL/dh_t| hist bins=60 range=(-12.50,-11.50) mean=-12.00 p50=-12.00 p05=-12.00 p95=-12.00
  [diag] sat-dist hist bins=60 sat<0.05=0.0% mean=0.983 p10=0.982 p90=0.983
Iter 0007380: train nll 1.387, valid error 074.970%, best valid error 074.330%, avg grad norm   0.213, avg grad norm (post clip)   0.053, rho_Whh  0.95, Omega  0.00, alpha  4.000, steps in the past 0.000, valid nll 1.386
  [diag] log10|dL/dh_t| hist bins=60 range=(-12.50,-11.50) mean=-12.00 p50=-12.00 p05=-12.00 p95=-12.00
  [diag] sat-dist hist bins=60 sat<0.05=0.0% mean=0.983 p10=0.982 p90=0.983
Iter 0007400: train nll 1.386, valid error 074.970%, best valid error 074.330%, avg grad norm   0.218, avg grad norm (post clip)   0.053, rho_Whh  0.95, Omega  0.00, alpha  4.000, steps in the past 0.000, valid nll 1.386
  [diag] log10|dL/dh_t| hist bins=60 range=(-12.50,-11.50) mean=-12.00 p50=-12.00 p05=-12.00 p95=-12.00
  [diag] sat-dist hist bins=60 sat<0.05=0.0% mean=0.982 p10=0.982 p90=0.983
Iter 0007420: train nll 1.386, valid error 074.970%, best valid error 074.330%, avg grad norm   0.178, avg grad norm (post clip)   0.052, rho_Whh  0.95, Omega  0.00, alpha  4.000, steps in the past 0.000, valid nll 1.386
  [diag] log10|dL/dh_t| hist bins=60 range=(-12.50,-11.50) mean=-12.00 p50=-12.00 p05=-12.00 p95=-12.00
  [diag] sat-dist hist bins=60 sat<0.05=0.0% mean=0.982 p10=0.981 p90=0.982
Iter 0007440: train nll 1.385, valid error 074.970%, best valid error 074.330%, avg grad norm   0.206, avg grad norm (post clip)   0.053, rho_Whh  0.95, Omega  0.00, alpha  4.000, steps in the past 0.000, valid nll 1.386
  [diag] log10|dL/dh_t| hist bins=60 range=(-12.50,-11.50) mean=-12.00 p50=-12.00 p05=-12.00 p95=-12.00
  [diag] sat-dist hist bins=60 sat<0.05=0.0% mean=0.982 p10=0.981 p90=0.983
Iter 0007460: train nll 1.387, valid error 074.970%, best valid error 074.330%, avg grad norm   0.195, avg grad norm (post clip)   0.053, rho_Whh  0.95, Omega  0.00, alpha  4.000, steps in the past 0.000, valid nll 1.386
  [diag] log10|dL/dh_t| hist bins=60 range=(-12.50,-11.50) mean=-12.00 p50=-12.00 p05=-12.00 p95=-12.00
  [diag] sat-dist hist bins=60 sat<0.05=0.0% mean=0.982 p10=0.981 p90=0.983
Iter 0007480: train nll 1.386, valid error 074.970%, best valid error 074.330%, avg grad norm   0.194, avg grad norm (post clip)   0.053, rho_Whh  0.95, Omega  0.00, alpha  4.000, steps in the past 0.000, valid nll 1.386
  [diag] log10|dL/dh_t| hist bins=60 range=(-12.50,-11.50) mean=-12.00 p50=-12.00 p05=-12.00 p95=-12.00
  [diag] sat-dist hist bins=60 sat<0.05=0.0% mean=0.982 p10=0.981 p90=0.982
Iter 0007500: train nll 1.386, valid error 074.970%, best valid error 074.330%, avg grad norm   0.181, avg grad norm (post clip)   0.053, rho_Whh  0.95, Omega  0.00, alpha  4.000, steps in the past 0.000, valid nll 1.386
  [diag] log10|dL/dh_t| hist bins=60 range=(-12.50,-11.50) mean=-12.00 p50=-12.00 p05=-12.00 p95=-12.00
  [diag] sat-dist hist bins=60 sat<0.05=0.0% mean=0.982 p10=0.981 p90=0.983
Iter 0007520: train nll 1.386, valid error 074.970%, best valid error 074.330%, avg grad norm   0.153, avg grad norm (post clip)   0.053, rho_Whh  0.95, Omega  0.00, alpha  4.000, steps in the past 0.000, valid nll 1.386
  [diag] log10|dL/dh_t| hist bins=60 range=(-12.50,-11.50) mean=-12.00 p50=-12.00 p05=-12.00 p95=-12.00
  [diag] sat-dist hist bins=60 sat<0.05=0.0% mean=0.982 p10=0.981 p90=0.982
Iter 0007540: train nll 1.386, valid error 074.970%, best valid error 074.330%, avg grad norm   0.168, avg grad norm (post clip)   0.052, rho_Whh  0.95, Omega  0.00, alpha  4.000, steps in the past 0.000, valid nll 1.386
  [diag] log10|dL/dh_t| hist bins=60 range=(-12.50,-11.50) mean=-12.00 p50=-12.00 p05=-12.00 p95=-12.00
  [diag] sat-dist hist bins=60 sat<0.05=0.0% mean=0.982 p10=0.981 p90=0.982
Iter 0007560: train nll 1.387, valid error 074.970%, best valid error 074.330%, avg grad norm   0.199, avg grad norm (post clip)   0.053, rho_Whh  0.95, Omega  0.00, alpha  4.000, steps in the past 0.000, valid nll 1.386
  [diag] log10|dL/dh_t| hist bins=60 range=(-12.50,-11.50) mean=-12.00 p50=-12.00 p05=-12.00 p95=-12.00
  [diag] sat-dist hist bins=60 sat<0.05=0.0% mean=0.982 p10=0.981 p90=0.982
Iter 0007580: train nll 1.386, valid error 074.970%, best valid error 074.330%, avg grad norm   0.188, avg grad norm (post clip)   0.051, rho_Whh  0.95, Omega  0.00, alpha  4.000, steps in the past 0.000, valid nll 1.386
  [diag] log10|dL/dh_t| hist bins=60 range=(-12.50,-11.50) mean=-12.00 p50=-12.00 p05=-12.00 p95=-12.00
  [diag] sat-dist hist bins=60 sat<0.05=0.0% mean=0.983 p10=0.982 p90=0.983
Iter 0007600: train nll 1.387, valid error 074.970%, best valid error 074.330%, avg grad norm   0.182, avg grad norm (post clip)   0.052, rho_Whh  0.95, Omega  0.00, alpha  4.000, steps in the past 0.000, valid nll 1.386
  [diag] log10|dL/dh_t| hist bins=60 range=(-12.50,-11.50) mean=-12.00 p50=-12.00 p05=-12.00 p95=-12.00
  [diag] sat-dist hist bins=60 sat<0.05=0.0% mean=0.983 p10=0.982 p90=0.983
Iter 0007620: train nll 1.387, valid error 074.980%, best valid error 074.330%, avg grad norm   0.177, avg grad norm (post clip)   0.053, rho_Whh  0.95, Omega  0.00, alpha  4.000, steps in the past 0.000, valid nll 1.386
  [diag] log10|dL/dh_t| hist bins=60 range=(-12.50,-11.50) mean=-12.00 p50=-12.00 p05=-12.00 p95=-12.00
  [diag] sat-dist hist bins=60 sat<0.05=0.0% mean=0.983 p10=0.982 p90=0.983
Iter 0007640: train nll 1.387, valid error 074.920%, best valid error 074.330%, avg grad norm   0.163, avg grad norm (post clip)   0.053, rho_Whh  0.95, Omega  0.00, alpha  4.000, steps in the past 0.000, valid nll 1.386
  [diag] log10|dL/dh_t| hist bins=60 range=(-12.50,-11.50) mean=-12.00 p50=-12.00 p05=-12.00 p95=-12.00
  [diag] sat-dist hist bins=60 sat<0.05=0.0% mean=0.983 p10=0.982 p90=0.983
Iter 0007660: train nll 1.386, valid error 075.240%, best valid error 074.330%, avg grad norm   0.177, avg grad norm (post clip)   0.052, rho_Whh  0.95, Omega  0.00, alpha  4.000, steps in the past 0.000, valid nll 1.386
  [diag] log10|dL/dh_t| hist bins=60 range=(-12.50,-11.50) mean=-12.00 p50=-12.00 p05=-12.00 p95=-12.00
  [diag] sat-dist hist bins=60 sat<0.05=0.0% mean=0.982 p10=0.982 p90=0.983
Iter 0007680: train nll 1.386, valid error 075.080%, best valid error 074.330%, avg grad norm   0.173, avg grad norm (post clip)   0.053, rho_Whh  0.95, Omega  0.00, alpha  4.000, steps in the past 0.000, valid nll 1.386
  [diag] log10|dL/dh_t| hist bins=60 range=(-12.50,-11.50) mean=-12.00 p50=-12.00 p05=-12.00 p95=-12.00
  [diag] sat-dist hist bins=60 sat<0.05=0.0% mean=0.982 p10=0.982 p90=0.983
Iter 0007700: train nll 1.386, valid error 075.280%, best valid error 074.330%, avg grad norm   0.177, avg grad norm (post clip)   0.053, rho_Whh  0.95, Omega  0.00, alpha  4.000, steps in the past 0.000, valid nll 1.386
  [diag] log10|dL/dh_t| hist bins=60 range=(-12.50,-11.50) mean=-12.00 p50=-12.00 p05=-12.00 p95=-12.00
  [diag] sat-dist hist bins=60 sat<0.05=0.0% mean=0.982 p10=0.981 p90=0.983
Iter 0007720: train nll 1.386, valid error 074.920%, best valid error 074.330%, avg grad norm   0.189, avg grad norm (post clip)   0.053, rho_Whh  0.95, Omega  0.00, alpha  4.000, steps in the past 0.000, valid nll 1.386
  [diag] log10|dL/dh_t| hist bins=60 range=(-12.50,-11.50) mean=-12.00 p50=-12.00 p05=-12.00 p95=-12.00
  [diag] sat-dist hist bins=60 sat<0.05=0.0% mean=0.982 p10=0.981 p90=0.983
Iter 0007740: train nll 1.386, valid error 074.980%, best valid error 074.330%, avg grad norm   0.201, avg grad norm (post clip)   0.053, rho_Whh  0.95, Omega  0.00, alpha  4.000, steps in the past 0.000, valid nll 1.386
  [diag] log10|dL/dh_t| hist bins=60 range=(-12.50,-11.50) mean=-12.00 p50=-12.00 p05=-12.00 p95=-12.00
  [diag] sat-dist hist bins=60 sat<0.05=0.0% mean=0.982 p10=0.982 p90=0.983
Iter 0007760: train nll 1.387, valid error 075.070%, best valid error 074.330%, avg grad norm   0.205, avg grad norm (post clip)   0.053, rho_Whh  0.95, Omega  0.00, alpha  4.000, steps in the past 0.000, valid nll 1.386
  [diag] log10|dL/dh_t| hist bins=60 range=(-12.50,-11.50) mean=-12.00 p50=-12.00 p05=-12.00 p95=-12.00
  [diag] sat-dist hist bins=60 sat<0.05=0.0% mean=0.983 p10=0.982 p90=0.983
Iter 0007780: train nll 1.386, valid error 074.980%, best valid error 074.330%, avg grad norm   0.223, avg grad norm (post clip)   0.053, rho_Whh  0.95, Omega  0.00, alpha  4.000, steps in the past 0.000, valid nll 1.386
  [diag] log10|dL/dh_t| hist bins=60 range=(-12.50,-11.50) mean=-12.00 p50=-12.00 p05=-12.00 p95=-12.00
  [diag] sat-dist hist bins=60 sat<0.05=0.0% mean=0.983 p10=0.982 p90=0.983
Iter 0007800: train nll 1.386, valid error 074.880%, best valid error 074.330%, avg grad norm   0.181, avg grad norm (post clip)   0.053, rho_Whh  0.95, Omega  0.00, alpha  4.000, steps in the past 0.000, valid nll 1.386
  [diag] log10|dL/dh_t| hist bins=60 range=(-12.50,-11.50) mean=-12.00 p50=-12.00 p05=-12.00 p95=-12.00
  [diag] sat-dist hist bins=60 sat<0.05=0.0% mean=0.982 p10=0.981 p90=0.983
Iter 0007820: train nll 1.386, valid error 075.270%, best valid error 074.330%, avg grad norm   0.177, avg grad norm (post clip)   0.053, rho_Whh  0.95, Omega  0.00, alpha  4.000, steps in the past 0.000, valid nll 1.386
  [diag] log10|dL/dh_t| hist bins=60 range=(-12.50,-11.50) mean=-12.00 p50=-12.00 p05=-12.00 p95=-12.00
  [diag] sat-dist hist bins=60 sat<0.05=0.0% mean=0.983 p10=0.982 p90=0.983
Iter 0007840: train nll 1.387, valid error 075.160%, best valid error 074.330%, avg grad norm   0.191, avg grad norm (post clip)   0.053, rho_Whh  0.95, Omega  0.00, alpha  4.000, steps in the past 0.000, valid nll 1.386
  [diag] log10|dL/dh_t| hist bins=60 range=(-12.50,-11.50) mean=-12.00 p50=-12.00 p05=-12.00 p95=-12.00
  [diag] sat-dist hist bins=60 sat<0.05=0.0% mean=0.983 p10=0.982 p90=0.983
Iter 0007860: train nll 1.386, valid error 074.910%, best valid error 074.330%, avg grad norm   0.203, avg grad norm (post clip)   0.053, rho_Whh  0.95, Omega  0.00, alpha  4.000, steps in the past 0.000, valid nll 1.386
  [diag] log10|dL/dh_t| hist bins=60 range=(-12.50,-11.50) mean=-12.00 p50=-12.00 p05=-12.00 p95=-12.00
  [diag] sat-dist hist bins=60 sat<0.05=0.0% mean=0.983 p10=0.982 p90=0.983
Iter 0007880: train nll 1.386, valid error 074.980%, best valid error 074.330%, avg grad norm   0.190, avg grad norm (post clip)   0.053, rho_Whh  0.95, Omega  0.00, alpha  4.000, steps in the past 0.000, valid nll 1.386
  [diag] log10|dL/dh_t| hist bins=60 range=(-12.50,-11.50) mean=-12.00 p50=-12.00 p05=-12.00 p95=-12.00
  [diag] sat-dist hist bins=60 sat<0.05=0.0% mean=0.983 p10=0.982 p90=0.983
Iter 0007900: train nll 1.387, valid error 074.880%, best valid error 074.330%, avg grad norm   0.200, avg grad norm (post clip)   0.052, rho_Whh  0.95, Omega  0.00, alpha  4.000, steps in the past 0.000, valid nll 1.386
  [diag] log10|dL/dh_t| hist bins=60 range=(-12.50,-11.50) mean=-12.00 p50=-12.00 p05=-12.00 p95=-12.00
  [diag] sat-dist hist bins=60 sat<0.05=0.0% mean=0.982 p10=0.982 p90=0.983
Iter 0007920: train nll 1.386, valid error 074.950%, best valid error 074.330%, avg grad norm   0.198, avg grad norm (post clip)   0.053, rho_Whh  0.95, Omega  0.00, alpha  4.000, steps in the past 0.000, valid nll 1.386
  [diag] log10|dL/dh_t| hist bins=60 range=(-12.50,-11.50) mean=-12.00 p50=-12.00 p05=-12.00 p95=-12.00
  [diag] sat-dist hist bins=60 sat<0.05=0.0% mean=0.983 p10=0.982 p90=0.983
Iter 0007940: train nll 1.387, valid error 075.120%, best valid error 074.330%, avg grad norm   0.177, avg grad norm (post clip)   0.053, rho_Whh  0.95, Omega  0.00, alpha  4.000, steps in the past 0.000, valid nll 1.386
  [diag] log10|dL/dh_t| hist bins=60 range=(-12.50,-11.50) mean=-12.00 p50=-12.00 p05=-12.00 p95=-12.00
  [diag] sat-dist hist bins=60 sat<0.05=0.0% mean=0.982 p10=0.982 p90=0.983
Iter 0007960: train nll 1.386, valid error 075.150%, best valid error 074.330%, avg grad norm   0.196, avg grad norm (post clip)   0.053, rho_Whh  0.95, Omega  0.00, alpha  4.000, steps in the past 0.000, valid nll 1.386
  [diag] log10|dL/dh_t| hist bins=60 range=(-12.50,-11.50) mean=-12.00 p50=-12.00 p05=-12.00 p95=-12.00
  [diag] sat-dist hist bins=60 sat<0.05=0.0% mean=0.982 p10=0.982 p90=0.983
Iter 0007980: train nll 1.386, valid error 074.970%, best valid error 074.330%, avg grad norm   0.199, avg grad norm (post clip)   0.053, rho_Whh  0.95, Omega  0.00, alpha  4.000, steps in the past 0.000, valid nll 1.386
  [diag] log10|dL/dh_t| hist bins=60 range=(-12.50,-11.50) mean=-12.00 p50=-12.00 p05=-12.00 p95=-12.00
  [diag] sat-dist hist bins=60 sat<0.05=0.0% mean=0.983 p10=0.982 p90=0.983
Iter 0008000: train nll 1.386, valid error 074.970%, best valid error 074.330%, avg grad norm   0.174, avg grad norm (post clip)   0.053, rho_Whh  0.95, Omega  0.00, alpha  4.000, steps in the past 0.000, valid nll 1.386
  [diag] log10|dL/dh_t| hist bins=60 range=(-12.50,-11.50) mean=-12.00 p50=-12.00 p05=-12.00 p95=-12.00
  [diag] sat-dist hist bins=60 sat<0.05=0.0% mean=0.983 p10=0.982 p90=0.983
Iter 0008020: train nll 1.386, valid error 074.970%, best valid error 074.330%, avg grad norm   0.206, avg grad norm (post clip)   0.053, rho_Whh  0.95, Omega  0.00, alpha  4.000, steps in the past 0.000, valid nll 1.386
  [diag] log10|dL/dh_t| hist bins=60 range=(-12.50,-11.50) mean=-12.00 p50=-12.00 p05=-12.00 p95=-12.00
  [diag] sat-dist hist bins=60 sat<0.05=0.0% mean=0.982 p10=0.982 p90=0.983
Iter 0008040: train nll 1.387, valid error 074.970%, best valid error 074.330%, avg grad norm   0.189, avg grad norm (post clip)   0.052, rho_Whh  0.95, Omega  0.00, alpha  4.000, steps in the past 0.000, valid nll 1.386
  [diag] log10|dL/dh_t| hist bins=60 range=(-12.50,-11.50) mean=-12.00 p50=-12.00 p05=-12.00 p95=-12.00
  [diag] sat-dist hist bins=60 sat<0.05=0.0% mean=0.982 p10=0.981 p90=0.983
Iter 0008060: train nll 1.386, valid error 074.930%, best valid error 074.330%, avg grad norm   0.188, avg grad norm (post clip)   0.052, rho_Whh  0.95, Omega  0.00, alpha  4.000, steps in the past 0.000, valid nll 1.386
  [diag] log10|dL/dh_t| hist bins=60 range=(-12.50,-11.50) mean=-12.00 p50=-12.00 p05=-12.00 p95=-12.00
  [diag] sat-dist hist bins=60 sat<0.05=0.0% mean=0.982 p10=0.981 p90=0.982
Iter 0008080: train nll 1.386, valid error 074.970%, best valid error 074.330%, avg grad norm   0.204, avg grad norm (post clip)   0.053, rho_Whh  0.95, Omega  0.00, alpha  4.000, steps in the past 0.000, valid nll 1.386
  [diag] log10|dL/dh_t| hist bins=60 range=(-12.50,-11.50) mean=-12.00 p50=-12.00 p05=-12.00 p95=-12.00
  [diag] sat-dist hist bins=60 sat<0.05=0.0% mean=0.982 p10=0.982 p90=0.983
Iter 0008100: train nll 1.387, valid error 074.970%, best valid error 074.330%, avg grad norm   0.179, avg grad norm (post clip)   0.053, rho_Whh  0.95, Omega  0.00, alpha  4.000, steps in the past 0.000, valid nll 1.386
  [diag] log10|dL/dh_t| hist bins=60 range=(-12.50,-11.50) mean=-12.00 p50=-12.00 p05=-12.00 p95=-12.00
  [diag] sat-dist hist bins=60 sat<0.05=0.0% mean=0.982 p10=0.981 p90=0.982
Iter 0008120: train nll 1.386, valid error 074.920%, best valid error 074.330%, avg grad norm   0.176, avg grad norm (post clip)   0.053, rho_Whh  0.95, Omega  0.00, alpha  4.000, steps in the past 0.000, valid nll 1.386
  [diag] log10|dL/dh_t| hist bins=60 range=(-12.50,-11.50) mean=-12.00 p50=-12.00 p05=-12.00 p95=-12.00
  [diag] sat-dist hist bins=60 sat<0.05=0.0% mean=0.982 p10=0.981 p90=0.982
Iter 0008140: train nll 1.386, valid error 074.990%, best valid error 074.330%, avg grad norm   0.187, avg grad norm (post clip)   0.053, rho_Whh  0.95, Omega  0.00, alpha  4.000, steps in the past 0.000, valid nll 1.386
  [diag] log10|dL/dh_t| hist bins=60 range=(-12.50,-11.50) mean=-12.00 p50=-12.00 p05=-12.00 p95=-12.00
  [diag] sat-dist hist bins=60 sat<0.05=0.0% mean=0.982 p10=0.981 p90=0.982
Iter 0008160: train nll 1.386, valid error 075.000%, best valid error 074.330%, avg grad norm   0.189, avg grad norm (post clip)   0.053, rho_Whh  0.95, Omega  0.00, alpha  4.000, steps in the past 0.000, valid nll 1.386
  [diag] log10|dL/dh_t| hist bins=60 range=(-12.50,-11.50) mean=-12.00 p50=-12.00 p05=-12.00 p95=-12.00
  [diag] sat-dist hist bins=60 sat<0.05=0.0% mean=0.981 p10=0.981 p90=0.982
Iter 0008180: train nll 1.386, valid error 074.970%, best valid error 074.330%, avg grad norm   0.195, avg grad norm (post clip)   0.053, rho_Whh  0.95, Omega  0.00, alpha  4.000, steps in the past 0.000, valid nll 1.386
  [diag] log10|dL/dh_t| hist bins=60 range=(-12.50,-11.50) mean=-12.00 p50=-12.00 p05=-12.00 p95=-12.00
  [diag] sat-dist hist bins=60 sat<0.05=0.0% mean=0.981 p10=0.980 p90=0.982
Iter 0008200: train nll 1.386, valid error 074.970%, best valid error 074.330%, avg grad norm   0.199, avg grad norm (post clip)   0.053, rho_Whh  0.95, Omega  0.00, alpha  4.000, steps in the past 0.000, valid nll 1.386
  [diag] log10|dL/dh_t| hist bins=60 range=(-12.50,-11.50) mean=-12.00 p50=-12.00 p05=-12.00 p95=-12.00
  [diag] sat-dist hist bins=60 sat<0.05=0.0% mean=0.981 p10=0.981 p90=0.982
Iter 0008220: train nll 1.387, valid error 074.970%, best valid error 074.330%, avg grad norm   0.168, avg grad norm (post clip)   0.052, rho_Whh  0.95, Omega  0.00, alpha  4.000, steps in the past 0.000, valid nll 1.386
  [diag] log10|dL/dh_t| hist bins=60 range=(-12.50,-11.50) mean=-12.00 p50=-12.00 p05=-12.00 p95=-12.00
  [diag] sat-dist hist bins=60 sat<0.05=0.0% mean=0.981 p10=0.981 p90=0.982
Iter 0008240: train nll 1.387, valid error 074.970%, best valid error 074.330%, avg grad norm   0.180, avg grad norm (post clip)   0.053, rho_Whh  0.95, Omega  0.00, alpha  4.000, steps in the past 0.000, valid nll 1.386
  [diag] log10|dL/dh_t| hist bins=60 range=(-12.50,-11.50) mean=-12.00 p50=-12.00 p05=-12.00 p95=-12.00
  [diag] sat-dist hist bins=60 sat<0.05=0.0% mean=0.981 p10=0.981 p90=0.982
Iter 0008260: train nll 1.386, valid error 074.970%, best valid error 074.330%, avg grad norm   0.205, avg grad norm (post clip)   0.053, rho_Whh  0.95, Omega  0.00, alpha  4.000, steps in the past 0.000, valid nll 1.386
  [diag] log10|dL/dh_t| hist bins=60 range=(-12.50,-11.50) mean=-12.00 p50=-12.00 p05=-12.00 p95=-12.00
  [diag] sat-dist hist bins=60 sat<0.05=0.0% mean=0.982 p10=0.981 p90=0.982
Iter 0008280: train nll 1.387, valid error 074.970%, best valid error 074.330%, avg grad norm   0.197, avg grad norm (post clip)   0.053, rho_Whh  0.95, Omega  0.00, alpha  4.000, steps in the past 0.000, valid nll 1.386
  [diag] log10|dL/dh_t| hist bins=60 range=(-12.50,-11.50) mean=-12.00 p50=-12.00 p05=-12.00 p95=-12.00
  [diag] sat-dist hist bins=60 sat<0.05=0.0% mean=0.982 p10=0.981 p90=0.982
Iter 0008300: train nll 1.386, valid error 074.970%, best valid error 074.330%, avg grad norm   0.211, avg grad norm (post clip)   0.053, rho_Whh  0.95, Omega  0.00, alpha  4.000, steps in the past 0.000, valid nll 1.386
  [diag] log10|dL/dh_t| hist bins=60 range=(-12.50,-11.50) mean=-12.00 p50=-12.00 p05=-12.00 p95=-12.00
  [diag] sat-dist hist bins=60 sat<0.05=0.0% mean=0.982 p10=0.981 p90=0.982
Iter 0008320: train nll 1.386, valid error 074.970%, best valid error 074.330%, avg grad norm   0.178, avg grad norm (post clip)   0.053, rho_Whh  0.95, Omega  0.00, alpha  4.000, steps in the past 0.000, valid nll 1.386
  [diag] log10|dL/dh_t| hist bins=60 range=(-12.50,-11.50) mean=-12.00 p50=-12.00 p05=-12.00 p95=-12.00
  [diag] sat-dist hist bins=60 sat<0.05=0.0% mean=0.982 p10=0.981 p90=0.982
Iter 0008340: train nll 1.386, valid error 074.970%, best valid error 074.330%, avg grad norm   0.205, avg grad norm (post clip)   0.053, rho_Whh  0.95, Omega  0.00, alpha  4.000, steps in the past 0.000, valid nll 1.386
  [diag] log10|dL/dh_t| hist bins=60 range=(-12.50,-11.50) mean=-12.00 p50=-12.00 p05=-12.00 p95=-12.00
  [diag] sat-dist hist bins=60 sat<0.05=0.0% mean=0.982 p10=0.981 p90=0.982
Iter 0008360: train nll 1.386, valid error 074.970%, best valid error 074.330%, avg grad norm   0.196, avg grad norm (post clip)   0.053, rho_Whh  0.95, Omega  0.00, alpha  4.000, steps in the past 0.000, valid nll 1.386
  [diag] log10|dL/dh_t| hist bins=60 range=(-12.50,-11.50) mean=-12.00 p50=-12.00 p05=-12.00 p95=-12.00
  [diag] sat-dist hist bins=60 sat<0.05=0.0% mean=0.982 p10=0.981 p90=0.982
Iter 0008380: train nll 1.387, valid error 074.970%, best valid error 074.330%, avg grad norm   0.219, avg grad norm (post clip)   0.053, rho_Whh  0.95, Omega  0.00, alpha  4.000, steps in the past 0.000, valid nll 1.386
  [diag] log10|dL/dh_t| hist bins=60 range=(-12.50,-11.50) mean=-12.00 p50=-12.00 p05=-12.00 p95=-12.00
  [diag] sat-dist hist bins=60 sat<0.05=0.0% mean=0.982 p10=0.981 p90=0.982
Iter 0008400: train nll 1.386, valid error 074.970%, best valid error 074.330%, avg grad norm   0.192, avg grad norm (post clip)   0.053, rho_Whh  0.95, Omega  0.00, alpha  4.000, steps in the past 0.000, valid nll 1.386
  [diag] log10|dL/dh_t| hist bins=60 range=(-12.50,-11.50) mean=-12.00 p50=-12.00 p05=-12.00 p95=-12.00
  [diag] sat-dist hist bins=60 sat<0.05=0.0% mean=0.982 p10=0.981 p90=0.982
Iter 0008420: train nll 1.386, valid error 074.970%, best valid error 074.330%, avg grad norm   0.185, avg grad norm (post clip)   0.053, rho_Whh  0.95, Omega  0.00, alpha  4.000, steps in the past 0.000, valid nll 1.386
  [diag] log10|dL/dh_t| hist bins=60 range=(-12.50,-11.50) mean=-12.00 p50=-12.00 p05=-12.00 p95=-12.00
  [diag] sat-dist hist bins=60 sat<0.05=0.0% mean=0.982 p10=0.981 p90=0.982
Iter 0008440: train nll 1.386, valid error 074.970%, best valid error 074.330%, avg grad norm   0.172, avg grad norm (post clip)   0.053, rho_Whh  0.95, Omega  0.00, alpha  4.000, steps in the past 0.000, valid nll 1.386
  [diag] log10|dL/dh_t| hist bins=60 range=(-12.50,-11.50) mean=-12.00 p50=-12.00 p05=-12.00 p95=-12.00
  [diag] sat-dist hist bins=60 sat<0.05=0.0% mean=0.982 p10=0.981 p90=0.983
Iter 0008460: train nll 1.387, valid error 074.970%, best valid error 074.330%, avg grad norm   0.194, avg grad norm (post clip)   0.053, rho_Whh  0.95, Omega  0.00, alpha  4.000, steps in the past 0.000, valid nll 1.386
  [diag] log10|dL/dh_t| hist bins=60 range=(-12.50,-11.50) mean=-12.00 p50=-12.00 p05=-12.00 p95=-12.00
  [diag] sat-dist hist bins=60 sat<0.05=0.0% mean=0.982 p10=0.982 p90=0.983
Iter 0008480: train nll 1.386, valid error 074.970%, best valid error 074.330%, avg grad norm   0.190, avg grad norm (post clip)   0.053, rho_Whh  0.95, Omega  0.00, alpha  4.000, steps in the past 0.000, valid nll 1.386
  [diag] log10|dL/dh_t| hist bins=60 range=(-12.50,-11.50) mean=-12.00 p50=-12.00 p05=-12.00 p95=-12.00
  [diag] sat-dist hist bins=60 sat<0.05=0.0% mean=0.982 p10=0.981 p90=0.982
Iter 0008500: train nll 1.385, valid error 074.970%, best valid error 074.330%, avg grad norm   0.199, avg grad norm (post clip)   0.052, rho_Whh  0.95, Omega  0.00, alpha  4.000, steps in the past 0.000, valid nll 1.386
  [diag] log10|dL/dh_t| hist bins=60 range=(-12.50,-11.50) mean=-12.00 p50=-12.00 p05=-12.00 p95=-12.00
  [diag] sat-dist hist bins=60 sat<0.05=0.0% mean=0.983 p10=0.982 p90=0.983
Iter 0008520: train nll 1.387, valid error 074.970%, best valid error 074.330%, avg grad norm   0.169, avg grad norm (post clip)   0.052, rho_Whh  0.95, Omega  0.00, alpha  4.000, steps in the past 0.000, valid nll 1.386
  [diag] log10|dL/dh_t| hist bins=60 range=(-12.50,-11.50) mean=-12.00 p50=-12.00 p05=-12.00 p95=-12.00
  [diag] sat-dist hist bins=60 sat<0.05=0.0% mean=0.982 p10=0.982 p90=0.983
Iter 0008540: train nll 1.387, valid error 074.970%, best valid error 074.330%, avg grad norm   0.177, avg grad norm (post clip)   0.053, rho_Whh  0.95, Omega  0.00, alpha  4.000, steps in the past 0.000, valid nll 1.386
  [diag] log10|dL/dh_t| hist bins=60 range=(-12.50,-11.50) mean=-12.00 p50=-12.00 p05=-12.00 p95=-12.00
  [diag] sat-dist hist bins=60 sat<0.05=0.0% mean=0.983 p10=0.982 p90=0.983
Iter 0008560: train nll 1.387, valid error 074.970%, best valid error 074.330%, avg grad norm   0.176, avg grad norm (post clip)   0.053, rho_Whh  0.95, Omega  0.00, alpha  4.000, steps in the past 0.000, valid nll 1.386
  [diag] log10|dL/dh_t| hist bins=60 range=(-12.50,-11.50) mean=-12.00 p50=-12.00 p05=-12.00 p95=-12.00
  [diag] sat-dist hist bins=60 sat<0.05=0.0% mean=0.983 p10=0.982 p90=0.983
Iter 0008580: train nll 1.386, valid error 074.970%, best valid error 074.330%, avg grad norm   0.165, avg grad norm (post clip)   0.052, rho_Whh  0.95, Omega  0.00, alpha  4.000, steps in the past 0.000, valid nll 1.386
  [diag] log10|dL/dh_t| hist bins=60 range=(-12.50,-11.50) mean=-12.00 p50=-12.00 p05=-12.00 p95=-12.00
  [diag] sat-dist hist bins=60 sat<0.05=0.0% mean=0.983 p10=0.982 p90=0.983
Iter 0008600: train nll 1.386, valid error 074.970%, best valid error 074.330%, avg grad norm   0.206, avg grad norm (post clip)   0.053, rho_Whh  0.95, Omega  0.00, alpha  4.000, steps in the past 0.000, valid nll 1.386
  [diag] log10|dL/dh_t| hist bins=60 range=(-12.50,-11.50) mean=-12.00 p50=-12.00 p05=-12.00 p95=-12.00
  [diag] sat-dist hist bins=60 sat<0.05=0.0% mean=0.982 p10=0.982 p90=0.983
Iter 0008620: train nll 1.386, valid error 074.970%, best valid error 074.330%, avg grad norm   0.166, avg grad norm (post clip)   0.053, rho_Whh  0.95, Omega  0.00, alpha  4.000, steps in the past 0.000, valid nll 1.386
  [diag] log10|dL/dh_t| hist bins=60 range=(-12.50,-11.50) mean=-12.00 p50=-12.00 p05=-12.00 p95=-12.00
  [diag] sat-dist hist bins=60 sat<0.05=0.0% mean=0.982 p10=0.982 p90=0.983
Iter 0008640: train nll 1.387, valid error 074.970%, best valid error 074.330%, avg grad norm   0.232, avg grad norm (post clip)   0.053, rho_Whh  0.95, Omega  0.00, alpha  4.000, steps in the past 0.000, valid nll 1.386
  [diag] log10|dL/dh_t| hist bins=60 range=(-12.50,-11.50) mean=-12.00 p50=-12.00 p05=-12.00 p95=-12.00
  [diag] sat-dist hist bins=60 sat<0.05=0.0% mean=0.983 p10=0.982 p90=0.983
Iter 0008660: train nll 1.387, valid error 074.970%, best valid error 074.330%, avg grad norm   0.157, avg grad norm (post clip)   0.053, rho_Whh  0.95, Omega  0.00, alpha  4.000, steps in the past 0.000, valid nll 1.386
  [diag] log10|dL/dh_t| hist bins=60 range=(-12.50,-11.50) mean=-12.00 p50=-12.00 p05=-12.00 p95=-12.00
  [diag] sat-dist hist bins=60 sat<0.05=0.0% mean=0.983 p10=0.982 p90=0.983
Iter 0008680: train nll 1.386, valid error 074.970%, best valid error 074.330%, avg grad norm   0.181, avg grad norm (post clip)   0.053, rho_Whh  0.95, Omega  0.00, alpha  4.000, steps in the past 0.000, valid nll 1.386
  [diag] log10|dL/dh_t| hist bins=60 range=(-12.50,-11.50) mean=-12.00 p50=-12.00 p05=-12.00 p95=-12.00
  [diag] sat-dist hist bins=60 sat<0.05=0.0% mean=0.983 p10=0.982 p90=0.984
Iter 0008700: train nll 1.386, valid error 074.970%, best valid error 074.330%, avg grad norm   0.202, avg grad norm (post clip)   0.053, rho_Whh  0.95, Omega  0.00, alpha  4.000, steps in the past 0.000, valid nll 1.386
  [diag] log10|dL/dh_t| hist bins=60 range=(-12.50,-11.50) mean=-12.00 p50=-12.00 p05=-12.00 p95=-12.00
  [diag] sat-dist hist bins=60 sat<0.05=0.0% mean=0.983 p10=0.983 p90=0.984
Iter 0008720: train nll 1.386, valid error 074.970%, best valid error 074.330%, avg grad norm   0.197, avg grad norm (post clip)   0.053, rho_Whh  0.95, Omega  0.00, alpha  4.000, steps in the past 0.000, valid nll 1.386
  [diag] log10|dL/dh_t| hist bins=60 range=(-12.50,-11.50) mean=-12.00 p50=-12.00 p05=-12.00 p95=-12.00
  [diag] sat-dist hist bins=60 sat<0.05=0.0% mean=0.983 p10=0.983 p90=0.984
Iter 0008740: train nll 1.387, valid error 074.970%, best valid error 074.330%, avg grad norm   0.162, avg grad norm (post clip)   0.052, rho_Whh  0.95, Omega  0.00, alpha  4.000, steps in the past 0.000, valid nll 1.386
  [diag] log10|dL/dh_t| hist bins=60 range=(-12.50,-11.50) mean=-12.00 p50=-12.00 p05=-12.00 p95=-12.00
  [diag] sat-dist hist bins=60 sat<0.05=0.0% mean=0.984 p10=0.983 p90=0.984
Iter 0008760: train nll 1.386, valid error 074.970%, best valid error 074.330%, avg grad norm   0.186, avg grad norm (post clip)   0.053, rho_Whh  0.95, Omega  0.00, alpha  4.000, steps in the past 0.000, valid nll 1.386
  [diag] log10|dL/dh_t| hist bins=60 range=(-12.50,-11.50) mean=-12.00 p50=-12.00 p05=-12.00 p95=-12.00
  [diag] sat-dist hist bins=60 sat<0.05=0.0% mean=0.983 p10=0.983 p90=0.984
Iter 0008780: train nll 1.386, valid error 074.970%, best valid error 074.330%, avg grad norm   0.205, avg grad norm (post clip)   0.053, rho_Whh  0.95, Omega  0.00, alpha  4.000, steps in the past 0.000, valid nll 1.386
  [diag] log10|dL/dh_t| hist bins=60 range=(-12.50,-11.50) mean=-12.00 p50=-12.00 p05=-12.00 p95=-12.00
  [diag] sat-dist hist bins=60 sat<0.05=0.0% mean=0.984 p10=0.983 p90=0.984
Iter 0008800: train nll 1.387, valid error 074.960%, best valid error 074.330%, avg grad norm   0.187, avg grad norm (post clip)   0.053, rho_Whh  0.95, Omega  0.00, alpha  4.000, steps in the past 0.000, valid nll 1.386
  [diag] log10|dL/dh_t| hist bins=60 range=(-12.50,-11.50) mean=-12.00 p50=-12.00 p05=-12.00 p95=-12.00
  [diag] sat-dist hist bins=60 sat<0.05=0.0% mean=0.984 p10=0.983 p90=0.984
Iter 0008820: train nll 1.387, valid error 074.860%, best valid error 074.330%, avg grad norm   0.195, avg grad norm (post clip)   0.053, rho_Whh  0.95, Omega  0.00, alpha  4.000, steps in the past 0.000, valid nll 1.386
  [diag] log10|dL/dh_t| hist bins=60 range=(-12.50,-11.50) mean=-12.00 p50=-12.00 p05=-12.00 p95=-12.00
  [diag] sat-dist hist bins=60 sat<0.05=0.0% mean=0.984 p10=0.983 p90=0.985
Iter 0008840: train nll 1.386, valid error 074.790%, best valid error 074.330%, avg grad norm   0.175, avg grad norm (post clip)   0.052, rho_Whh  0.95, Omega  0.00, alpha  4.000, steps in the past 0.000, valid nll 1.386
  [diag] log10|dL/dh_t| hist bins=60 range=(-12.50,-11.50) mean=-12.00 p50=-12.00 p05=-12.00 p95=-12.00
  [diag] sat-dist hist bins=60 sat<0.05=0.0% mean=0.984 p10=0.984 p90=0.985
Iter 0008860: train nll 1.386, valid error 074.820%, best valid error 074.330%, avg grad norm   0.200, avg grad norm (post clip)   0.053, rho_Whh  0.95, Omega  0.00, alpha  4.000, steps in the past 0.000, valid nll 1.386
  [diag] log10|dL/dh_t| hist bins=60 range=(-12.50,-11.50) mean=-12.00 p50=-12.00 p05=-12.00 p95=-12.00
  [diag] sat-dist hist bins=60 sat<0.05=0.0% mean=0.984 p10=0.984 p90=0.985
Iter 0008880: train nll 1.387, valid error 074.620%, best valid error 074.330%, avg grad norm   0.196, avg grad norm (post clip)   0.053, rho_Whh  0.95, Omega  0.00, alpha  4.000, steps in the past 0.000, valid nll 1.386
  [diag] log10|dL/dh_t| hist bins=60 range=(-12.50,-11.50) mean=-12.00 p50=-12.00 p05=-12.00 p95=-12.00
  [diag] sat-dist hist bins=60 sat<0.05=0.0% mean=0.984 p10=0.983 p90=0.985
Iter 0008900: train nll 1.386, valid error 074.720%, best valid error 074.330%, avg grad norm   0.198, avg grad norm (post clip)   0.053, rho_Whh  0.95, Omega  0.00, alpha  4.000, steps in the past 0.000, valid nll 1.386
  [diag] log10|dL/dh_t| hist bins=60 range=(-12.50,-11.50) mean=-12.00 p50=-12.00 p05=-12.00 p95=-12.00
  [diag] sat-dist hist bins=60 sat<0.05=0.0% mean=0.984 p10=0.983 p90=0.984
Iter 0008920: train nll 1.386, valid error 074.830%, best valid error 074.330%, avg grad norm   0.178, avg grad norm (post clip)   0.053, rho_Whh  0.95, Omega  0.00, alpha  4.000, steps in the past 0.000, valid nll 1.386
  [diag] log10|dL/dh_t| hist bins=60 range=(-12.50,-11.50) mean=-12.00 p50=-12.00 p05=-12.00 p95=-12.00
  [diag] sat-dist hist bins=60 sat<0.05=0.0% mean=0.984 p10=0.983 p90=0.984
Iter 0008940: train nll 1.387, valid error 074.930%, best valid error 074.330%, avg grad norm   0.208, avg grad norm (post clip)   0.053, rho_Whh  0.95, Omega  0.00, alpha  4.000, steps in the past 0.000, valid nll 1.386
  [diag] log10|dL/dh_t| hist bins=60 range=(-12.50,-11.50) mean=-12.00 p50=-12.00 p05=-12.00 p95=-12.00
  [diag] sat-dist hist bins=60 sat<0.05=0.0% mean=0.984 p10=0.983 p90=0.984
Iter 0008960: train nll 1.386, valid error 074.570%, best valid error 074.330%, avg grad norm   0.203, avg grad norm (post clip)   0.052, rho_Whh  0.95, Omega  0.00, alpha  4.000, steps in the past 0.000, valid nll 1.386
  [diag] log10|dL/dh_t| hist bins=60 range=(-12.50,-11.50) mean=-12.00 p50=-12.00 p05=-12.00 p95=-12.00
  [diag] sat-dist hist bins=60 sat<0.05=0.0% mean=0.984 p10=0.983 p90=0.984
Iter 0008980: train nll 1.386, valid error 074.920%, best valid error 074.330%, avg grad norm   0.168, avg grad norm (post clip)   0.053, rho_Whh  0.95, Omega  0.00, alpha  4.000, steps in the past 0.000, valid nll 1.386
  [diag] log10|dL/dh_t| hist bins=60 range=(-12.50,-11.50) mean=-12.00 p50=-12.00 p05=-12.00 p95=-12.00
  [diag] sat-dist hist bins=60 sat<0.05=0.0% mean=0.984 p10=0.983 p90=0.984
Iter 0009000: train nll 1.386, valid error 074.890%, best valid error 074.330%, avg grad norm   0.170, avg grad norm (post clip)   0.053, rho_Whh  0.95, Omega  0.00, alpha  4.000, steps in the past 0.000, valid nll 1.386
  [diag] log10|dL/dh_t| hist bins=60 range=(-12.50,-11.50) mean=-12.00 p50=-12.00 p05=-12.00 p95=-12.00
  [diag] sat-dist hist bins=60 sat<0.05=0.0% mean=0.983 p10=0.982 p90=0.984
Iter 0009020: train nll 1.386, valid error 074.990%, best valid error 074.330%, avg grad norm   0.185, avg grad norm (post clip)   0.053, rho_Whh  0.95, Omega  0.00, alpha  4.000, steps in the past 0.000, valid nll 1.386
  [diag] log10|dL/dh_t| hist bins=60 range=(-12.50,-11.50) mean=-12.00 p50=-12.00 p05=-12.00 p95=-12.00
  [diag] sat-dist hist bins=60 sat<0.05=0.0% mean=0.983 p10=0.983 p90=0.984
Iter 0009040: train nll 1.386, valid error 074.890%, best valid error 074.330%, avg grad norm   0.174, avg grad norm (post clip)   0.053, rho_Whh  0.95, Omega  0.00, alpha  4.000, steps in the past 0.000, valid nll 1.386
  [diag] log10|dL/dh_t| hist bins=60 range=(-12.50,-11.50) mean=-12.00 p50=-12.00 p05=-12.00 p95=-12.00
  [diag] sat-dist hist bins=60 sat<0.05=0.0% mean=0.984 p10=0.983 p90=0.984
Iter 0009060: train nll 1.386, valid error 074.800%, best valid error 074.330%, avg grad norm   0.185, avg grad norm (post clip)   0.053, rho_Whh  0.95, Omega  0.00, alpha  4.000, steps in the past 0.000, valid nll 1.386
  [diag] log10|dL/dh_t| hist bins=60 range=(-12.50,-11.50) mean=-12.00 p50=-12.00 p05=-12.00 p95=-12.00
  [diag] sat-dist hist bins=60 sat<0.05=0.0% mean=0.984 p10=0.983 p90=0.984
Iter 0009080: train nll 1.386, valid error 074.740%, best valid error 074.330%, avg grad norm   0.181, avg grad norm (post clip)   0.053, rho_Whh  0.95, Omega  0.00, alpha  4.000, steps in the past 0.000, valid nll 1.386
  [diag] log10|dL/dh_t| hist bins=60 range=(-12.50,-11.50) mean=-12.00 p50=-12.00 p05=-12.00 p95=-12.00
  [diag] sat-dist hist bins=60 sat<0.05=0.0% mean=0.984 p10=0.983 p90=0.984
Iter 0009100: train nll 1.386, valid error 074.620%, best valid error 074.330%, avg grad norm   0.168, avg grad norm (post clip)   0.052, rho_Whh  0.95, Omega  0.00, alpha  4.000, steps in the past 0.000, valid nll 1.386
  [diag] log10|dL/dh_t| hist bins=60 range=(-12.50,-11.50) mean=-12.00 p50=-12.00 p05=-12.00 p95=-12.00
  [diag] sat-dist hist bins=60 sat<0.05=0.0% mean=0.984 p10=0.983 p90=0.985
Iter 0009120: train nll 1.387, valid error 074.560%, best valid error 074.330%, avg grad norm   0.204, avg grad norm (post clip)   0.053, rho_Whh  0.95, Omega  0.00, alpha  4.000, steps in the past 0.000, valid nll 1.386
  [diag] log10|dL/dh_t| hist bins=60 range=(-12.50,-11.50) mean=-12.00 p50=-12.00 p05=-12.00 p95=-12.00
  [diag] sat-dist hist bins=60 sat<0.05=0.0% mean=0.984 p10=0.983 p90=0.984
Iter 0009140: train nll 1.386, valid error 074.870%, best valid error 074.330%, avg grad norm   0.206, avg grad norm (post clip)   0.053, rho_Whh  0.95, Omega  0.00, alpha  4.000, steps in the past 0.000, valid nll 1.386
  [diag] log10|dL/dh_t| hist bins=60 range=(-12.50,-11.50) mean=-12.00 p50=-12.00 p05=-12.00 p95=-12.00
  [diag] sat-dist hist bins=60 sat<0.05=0.0% mean=0.984 p10=0.983 p90=0.984
Iter 0009160: train nll 1.386, valid error 074.700%, best valid error 074.330%, avg grad norm   0.170, avg grad norm (post clip)   0.052, rho_Whh  0.95, Omega  0.00, alpha  4.000, steps in the past 0.000, valid nll 1.386
  [diag] log10|dL/dh_t| hist bins=60 range=(-12.50,-11.50) mean=-12.00 p50=-12.00 p05=-12.00 p95=-12.00
  [diag] sat-dist hist bins=60 sat<0.05=0.0% mean=0.984 p10=0.983 p90=0.985
Iter 0009180: train nll 1.386, valid error 074.870%, best valid error 074.330%, avg grad norm   0.185, avg grad norm (post clip)   0.053, rho_Whh  0.95, Omega  0.00, alpha  4.000, steps in the past 0.000, valid nll 1.386
  [diag] log10|dL/dh_t| hist bins=60 range=(-12.50,-11.50) mean=-12.00 p50=-12.00 p05=-12.00 p95=-12.00
  [diag] sat-dist hist bins=60 sat<0.05=0.0% mean=0.984 p10=0.983 p90=0.984
Iter 0009200: train nll 1.387, valid error 074.870%, best valid error 074.330%, avg grad norm   0.175, avg grad norm (post clip)   0.052, rho_Whh  0.95, Omega  0.00, alpha  4.000, steps in the past 0.000, valid nll 1.386
  [diag] log10|dL/dh_t| hist bins=60 range=(-12.50,-11.50) mean=-12.00 p50=-12.00 p05=-12.00 p95=-12.00
  [diag] sat-dist hist bins=60 sat<0.05=0.0% mean=0.984 p10=0.983 p90=0.984
Iter 0009220: train nll 1.386, valid error 074.910%, best valid error 074.330%, avg grad norm   0.176, avg grad norm (post clip)   0.052, rho_Whh  0.95, Omega  0.00, alpha  4.000, steps in the past 0.000, valid nll 1.386
  [diag] log10|dL/dh_t| hist bins=60 range=(-12.50,-11.50) mean=-12.00 p50=-12.00 p05=-12.00 p95=-12.00
  [diag] sat-dist hist bins=60 sat<0.05=0.0% mean=0.984 p10=0.983 p90=0.985
Iter 0009240: train nll 1.386, valid error 074.850%, best valid error 074.330%, avg grad norm   0.168, avg grad norm (post clip)   0.053, rho_Whh  0.95, Omega  0.00, alpha  4.000, steps in the past 0.000, valid nll 1.386
  [diag] log10|dL/dh_t| hist bins=60 range=(-12.50,-11.50) mean=-12.00 p50=-12.00 p05=-12.00 p95=-12.00
  [diag] sat-dist hist bins=60 sat<0.05=0.0% mean=0.984 p10=0.983 p90=0.984
Iter 0009260: train nll 1.386, valid error 074.980%, best valid error 074.330%, avg grad norm   0.164, avg grad norm (post clip)   0.052, rho_Whh  0.95, Omega  0.00, alpha  4.000, steps in the past 0.000, valid nll 1.386
  [diag] log10|dL/dh_t| hist bins=60 range=(-12.50,-11.50) mean=-12.00 p50=-12.00 p05=-12.00 p95=-12.00
  [diag] sat-dist hist bins=60 sat<0.05=0.0% mean=0.984 p10=0.983 p90=0.985
Iter 0009280: train nll 1.387, valid error 074.870%, best valid error 074.330%, avg grad norm   0.223, avg grad norm (post clip)   0.053, rho_Whh  0.95, Omega  0.00, alpha  4.000, steps in the past 0.000, valid nll 1.386
  [diag] log10|dL/dh_t| hist bins=60 range=(-12.50,-11.50) mean=-12.00 p50=-12.00 p05=-12.00 p95=-12.00
  [diag] sat-dist hist bins=60 sat<0.05=0.0% mean=0.984 p10=0.983 p90=0.985
Iter 0009300: train nll 1.386, valid error 074.780%, best valid error 074.330%, avg grad norm   0.209, avg grad norm (post clip)   0.053, rho_Whh  0.95, Omega  0.00, alpha  4.000, steps in the past 0.000, valid nll 1.386
  [diag] log10|dL/dh_t| hist bins=60 range=(-12.50,-11.50) mean=-12.00 p50=-12.00 p05=-12.00 p95=-12.00
  [diag] sat-dist hist bins=60 sat<0.05=0.0% mean=0.984 p10=0.983 p90=0.984
Iter 0009320: train nll 1.386, valid error 074.880%, best valid error 074.330%, avg grad norm   0.176, avg grad norm (post clip)   0.053, rho_Whh  0.95, Omega  0.00, alpha  4.000, steps in the past 0.000, valid nll 1.386
  [diag] log10|dL/dh_t| hist bins=60 range=(-12.50,-11.50) mean=-12.00 p50=-12.00 p05=-12.00 p95=-12.00
  [diag] sat-dist hist bins=60 sat<0.05=0.0% mean=0.984 p10=0.983 p90=0.985
Iter 0009340: train nll 1.386, valid error 074.880%, best valid error 074.330%, avg grad norm   0.192, avg grad norm (post clip)   0.053, rho_Whh  0.95, Omega  0.00, alpha  4.000, steps in the past 0.000, valid nll 1.386
  [diag] log10|dL/dh_t| hist bins=60 range=(-12.50,-11.50) mean=-12.00 p50=-12.00 p05=-12.00 p95=-12.00
  [diag] sat-dist hist bins=60 sat<0.05=0.0% mean=0.984 p10=0.983 p90=0.985
Iter 0009360: train nll 1.386, valid error 074.880%, best valid error 074.330%, avg grad norm   0.181, avg grad norm (post clip)   0.053, rho_Whh  0.95, Omega  0.00, alpha  4.000, steps in the past 0.000, valid nll 1.386
  [diag] log10|dL/dh_t| hist bins=60 range=(-12.50,-11.50) mean=-12.00 p50=-12.00 p05=-12.00 p95=-12.00
  [diag] sat-dist hist bins=60 sat<0.05=0.0% mean=0.984 p10=0.983 p90=0.985
Iter 0009380: train nll 1.386, valid error 074.780%, best valid error 074.330%, avg grad norm   0.187, avg grad norm (post clip)   0.053, rho_Whh  0.95, Omega  0.00, alpha  4.000, steps in the past 0.000, valid nll 1.386
  [diag] log10|dL/dh_t| hist bins=60 range=(-12.50,-11.50) mean=-12.00 p50=-12.00 p05=-12.00 p95=-12.00
  [diag] sat-dist hist bins=60 sat<0.05=0.0% mean=0.984 p10=0.984 p90=0.985
Iter 0009400: train nll 1.386, valid error 074.500%, best valid error 074.330%, avg grad norm   0.168, avg grad norm (post clip)   0.053, rho_Whh  0.95, Omega  0.00, alpha  4.000, steps in the past 0.000, valid nll 1.386
  [diag] log10|dL/dh_t| hist bins=60 range=(-12.50,-11.50) mean=-12.00 p50=-12.00 p05=-12.00 p95=-12.00
  [diag] sat-dist hist bins=60 sat<0.05=0.0% mean=0.984 p10=0.984 p90=0.985
Iter 0009420: train nll 1.387, valid error 074.600%, best valid error 074.330%, avg grad norm   0.202, avg grad norm (post clip)   0.053, rho_Whh  0.95, Omega  0.00, alpha  4.000, steps in the past 0.000, valid nll 1.386
  [diag] log10|dL/dh_t| hist bins=60 range=(-12.50,-11.50) mean=-12.00 p50=-12.00 p05=-12.00 p95=-12.00
  [diag] sat-dist hist bins=60 sat<0.05=0.0% mean=0.984 p10=0.984 p90=0.985
Iter 0009440: train nll 1.386, valid error 074.760%, best valid error 074.330%, avg grad norm   0.190, avg grad norm (post clip)   0.053, rho_Whh  0.95, Omega  0.00, alpha  4.000, steps in the past 0.000, valid nll 1.386
  [diag] log10|dL/dh_t| hist bins=60 range=(-12.50,-11.50) mean=-12.00 p50=-12.00 p05=-12.00 p95=-12.00
  [diag] sat-dist hist bins=60 sat<0.05=0.0% mean=0.985 p10=0.984 p90=0.985
Iter 0009460: train nll 1.386, valid error 074.970%, best valid error 074.330%, avg grad norm   0.152, avg grad norm (post clip)   0.052, rho_Whh  0.95, Omega  0.00, alpha  4.000, steps in the past 0.000, valid nll 1.386
  [diag] log10|dL/dh_t| hist bins=60 range=(-12.50,-11.50) mean=-12.00 p50=-12.00 p05=-12.00 p95=-12.00
  [diag] sat-dist hist bins=60 sat<0.05=0.0% mean=0.985 p10=0.984 p90=0.985
Iter 0009480: train nll 1.387, valid error 074.260%, best valid error 074.330%, avg grad norm   0.201, avg grad norm (post clip)   0.053, rho_Whh  0.95, Omega  0.00, alpha  4.000, steps in the past 0.000, valid nll 1.386
  [diag] log10|dL/dh_t| hist bins=60 range=(-12.50,-11.50) mean=-12.00 p50=-12.00 p05=-12.00 p95=-12.00
  [diag] sat-dist hist bins=60 sat<0.05=0.0% mean=0.984 p10=0.984 p90=0.985
Iter 0009500: train nll 1.386, valid error 074.770%, best valid error 074.260%, avg grad norm   0.177, avg grad norm (post clip)   0.053, rho_Whh  0.95, Omega  0.00, alpha  4.000, steps in the past 0.000, valid nll 1.386
  [diag] log10|dL/dh_t| hist bins=60 range=(-12.50,-11.50) mean=-12.00 p50=-12.00 p05=-12.00 p95=-12.00
  [diag] sat-dist hist bins=60 sat<0.05=0.0% mean=0.985 p10=0.984 p90=0.985
Iter 0009520: train nll 1.386, valid error 074.200%, best valid error 074.260%, avg grad norm   0.186, avg grad norm (post clip)   0.051, rho_Whh  0.95, Omega  0.00, alpha  4.000, steps in the past 0.000, valid nll 1.386
  [diag] log10|dL/dh_t| hist bins=60 range=(-12.50,-11.50) mean=-12.00 p50=-12.00 p05=-12.00 p95=-12.00
  [diag] sat-dist hist bins=60 sat<0.05=0.0% mean=0.984 p10=0.984 p90=0.985
Iter 0009540: train nll 1.386, valid error 074.760%, best valid error 074.200%, avg grad norm   0.195, avg grad norm (post clip)   0.052, rho_Whh  0.95, Omega  0.00, alpha  4.000, steps in the past 0.000, valid nll 1.386
  [diag] log10|dL/dh_t| hist bins=60 range=(-12.50,-11.50) mean=-12.00 p50=-12.00 p05=-12.00 p95=-12.00
  [diag] sat-dist hist bins=60 sat<0.05=0.0% mean=0.984 p10=0.984 p90=0.985
Iter 0009560: train nll 1.386, valid error 074.810%, best valid error 074.200%, avg grad norm   0.185, avg grad norm (post clip)   0.053, rho_Whh  0.95, Omega  0.00, alpha  4.000, steps in the past 0.000, valid nll 1.386
  [diag] log10|dL/dh_t| hist bins=60 range=(-12.50,-11.50) mean=-12.00 p50=-12.00 p05=-12.00 p95=-12.00
  [diag] sat-dist hist bins=60 sat<0.05=0.0% mean=0.985 p10=0.984 p90=0.985
Iter 0009580: train nll 1.386, valid error 074.870%, best valid error 074.200%, avg grad norm   0.166, avg grad norm (post clip)   0.052, rho_Whh  0.95, Omega  0.00, alpha  4.000, steps in the past 0.000, valid nll 1.386
  [diag] log10|dL/dh_t| hist bins=60 range=(-12.50,-11.50) mean=-12.00 p50=-12.00 p05=-12.00 p95=-12.00
  [diag] sat-dist hist bins=60 sat<0.05=0.0% mean=0.985 p10=0.984 p90=0.985
Iter 0009600: train nll 1.386, valid error 074.790%, best valid error 074.200%, avg grad norm   0.191, avg grad norm (post clip)   0.053, rho_Whh  0.95, Omega  0.00, alpha  4.000, steps in the past 0.000, valid nll 1.386
  [diag] log10|dL/dh_t| hist bins=60 range=(-12.50,-11.50) mean=-12.00 p50=-12.00 p05=-12.00 p95=-12.00
  [diag] sat-dist hist bins=60 sat<0.05=0.0% mean=0.985 p10=0.984 p90=0.985
Iter 0009620: train nll 1.387, valid error 074.070%, best valid error 074.200%, avg grad norm   0.174, avg grad norm (post clip)   0.053, rho_Whh  0.95, Omega  0.00, alpha  4.000, steps in the past 0.000, valid nll 1.386
  [diag] log10|dL/dh_t| hist bins=60 range=(-12.50,-11.50) mean=-12.00 p50=-12.00 p05=-12.00 p95=-12.00
  [diag] sat-dist hist bins=60 sat<0.05=0.0% mean=0.985 p10=0.984 p90=0.985
Iter 0009640: train nll 1.386, valid error 074.130%, best valid error 074.070%, avg grad norm   0.197, avg grad norm (post clip)   0.053, rho_Whh  0.95, Omega  0.00, alpha  4.000, steps in the past 0.000, valid nll 1.386
  [diag] log10|dL/dh_t| hist bins=60 range=(-12.50,-11.50) mean=-12.00 p50=-12.00 p05=-12.00 p95=-12.00
  [diag] sat-dist hist bins=60 sat<0.05=0.0% mean=0.985 p10=0.984 p90=0.985
Iter 0009660: train nll 1.386, valid error 074.310%, best valid error 074.070%, avg grad norm   0.182, avg grad norm (post clip)   0.053, rho_Whh  0.95, Omega  0.00, alpha  4.000, steps in the past 0.000, valid nll 1.386
  [diag] log10|dL/dh_t| hist bins=60 range=(-12.50,-11.50) mean=-12.00 p50=-12.00 p05=-12.00 p95=-12.00
  [diag] sat-dist hist bins=60 sat<0.05=0.0% mean=0.985 p10=0.984 p90=0.985
Iter 0009680: train nll 1.386, valid error 074.440%, best valid error 074.070%, avg grad norm   0.161, avg grad norm (post clip)   0.053, rho_Whh  0.95, Omega  0.00, alpha  4.000, steps in the past 0.000, valid nll 1.386
  [diag] log10|dL/dh_t| hist bins=60 range=(-12.50,-11.50) mean=-12.00 p50=-12.00 p05=-12.00 p95=-12.00
  [diag] sat-dist hist bins=60 sat<0.05=0.0% mean=0.985 p10=0.984 p90=0.985
Iter 0009700: train nll 1.387, valid error 074.300%, best valid error 074.070%, avg grad norm   0.174, avg grad norm (post clip)   0.052, rho_Whh  0.95, Omega  0.00, alpha  4.000, steps in the past 0.000, valid nll 1.386
  [diag] log10|dL/dh_t| hist bins=60 range=(-12.50,-11.50) mean=-12.00 p50=-12.00 p05=-12.00 p95=-12.00
  [diag] sat-dist hist bins=60 sat<0.05=0.0% mean=0.985 p10=0.984 p90=0.985
Iter 0009720: train nll 1.386, valid error 074.410%, best valid error 074.070%, avg grad norm   0.199, avg grad norm (post clip)   0.053, rho_Whh  0.95, Omega  0.00, alpha  4.000, steps in the past 0.000, valid nll 1.386
  [diag] log10|dL/dh_t| hist bins=60 range=(-12.50,-11.50) mean=-12.00 p50=-12.00 p05=-12.00 p95=-12.00
  [diag] sat-dist hist bins=60 sat<0.05=0.0% mean=0.985 p10=0.984 p90=0.985
Iter 0009740: train nll 1.387, valid error 074.420%, best valid error 074.070%, avg grad norm   0.194, avg grad norm (post clip)   0.053, rho_Whh  0.95, Omega  0.00, alpha  4.000, steps in the past 0.000, valid nll 1.386
  [diag] log10|dL/dh_t| hist bins=60 range=(-12.50,-11.50) mean=-12.00 p50=-12.00 p05=-12.00 p95=-12.00
  [diag] sat-dist hist bins=60 sat<0.05=0.0% mean=0.985 p10=0.984 p90=0.986
Iter 0009760: train nll 1.386, valid error 074.330%, best valid error 074.070%, avg grad norm   0.219, avg grad norm (post clip)   0.053, rho_Whh  0.95, Omega  0.00, alpha  4.000, steps in the past 0.000, valid nll 1.386
  [diag] log10|dL/dh_t| hist bins=60 range=(-12.50,-11.50) mean=-12.00 p50=-12.00 p05=-12.00 p95=-12.00
  [diag] sat-dist hist bins=60 sat<0.05=0.0% mean=0.985 p10=0.984 p90=0.986
Iter 0009780: train nll 1.386, valid error 074.330%, best valid error 074.070%, avg grad norm   0.167, avg grad norm (post clip)   0.052, rho_Whh  0.95, Omega  0.00, alpha  4.000, steps in the past 0.000, valid nll 1.386
  [diag] log10|dL/dh_t| hist bins=60 range=(-12.50,-11.50) mean=-12.00 p50=-12.00 p05=-12.00 p95=-12.00
  [diag] sat-dist hist bins=60 sat<0.05=0.0% mean=0.985 p10=0.984 p90=0.986
Iter 0009800: train nll 1.386, valid error 074.330%, best valid error 074.070%, avg grad norm   0.189, avg grad norm (post clip)   0.052, rho_Whh  0.95, Omega  0.00, alpha  4.000, steps in the past 0.000, valid nll 1.386
  [diag] log10|dL/dh_t| hist bins=60 range=(-12.50,-11.50) mean=-12.00 p50=-12.00 p05=-12.00 p95=-12.00
  [diag] sat-dist hist bins=60 sat<0.05=0.0% mean=0.985 p10=0.984 p90=0.986
Iter 0009820: train nll 1.386, valid error 074.330%, best valid error 074.070%, avg grad norm   0.182, avg grad norm (post clip)   0.052, rho_Whh  0.95, Omega  0.00, alpha  4.000, steps in the past 0.000, valid nll 1.386
  [diag] log10|dL/dh_t| hist bins=60 range=(-12.50,-11.50) mean=-12.00 p50=-12.00 p05=-12.00 p95=-12.00
  [diag] sat-dist hist bins=60 sat<0.05=0.0% mean=0.985 p10=0.984 p90=0.986
Iter 0009840: train nll 1.387, valid error 074.330%, best valid error 074.070%, avg grad norm   0.163, avg grad norm (post clip)   0.053, rho_Whh  0.95, Omega  0.00, alpha  4.000, steps in the past 0.000, valid nll 1.386
  [diag] log10|dL/dh_t| hist bins=60 range=(-12.50,-11.50) mean=-12.00 p50=-12.00 p05=-12.00 p95=-12.00
  [diag] sat-dist hist bins=60 sat<0.05=0.0% mean=0.985 p10=0.984 p90=0.986
Iter 0009860: train nll 1.386, valid error 074.330%, best valid error 074.070%, avg grad norm   0.205, avg grad norm (post clip)   0.053, rho_Whh  0.95, Omega  0.00, alpha  4.000, steps in the past 0.000, valid nll 1.386
  [diag] log10|dL/dh_t| hist bins=60 range=(-12.50,-11.50) mean=-12.00 p50=-12.00 p05=-12.00 p95=-12.00
  [diag] sat-dist hist bins=60 sat<0.05=0.0% mean=0.985 p10=0.984 p90=0.986
Iter 0009880: train nll 1.386, valid error 074.330%, best valid error 074.070%, avg grad norm   0.166, avg grad norm (post clip)   0.052, rho_Whh  0.95, Omega  0.00, alpha  4.000, steps in the past 0.000, valid nll 1.386
  [diag] log10|dL/dh_t| hist bins=60 range=(-12.50,-11.50) mean=-12.00 p50=-12.00 p05=-12.00 p95=-12.00
  [diag] sat-dist hist bins=60 sat<0.05=0.0% mean=0.985 p10=0.985 p90=0.986
Iter 0009900: train nll 1.386, valid error 074.330%, best valid error 074.070%, avg grad norm   0.153, avg grad norm (post clip)   0.052, rho_Whh  0.95, Omega  0.00, alpha  4.000, steps in the past 0.000, valid nll 1.386
  [diag] log10|dL/dh_t| hist bins=60 range=(-12.50,-11.50) mean=-12.00 p50=-12.00 p05=-12.00 p95=-12.00
  [diag] sat-dist hist bins=60 sat<0.05=0.0% mean=0.985 p10=0.984 p90=0.986
Iter 0009920: train nll 1.386, valid error 074.330%, best valid error 074.070%, avg grad norm   0.199, avg grad norm (post clip)   0.053, rho_Whh  0.95, Omega  0.00, alpha  4.000, steps in the past 0.000, valid nll 1.386
  [diag] log10|dL/dh_t| hist bins=60 range=(-12.50,-11.50) mean=-12.00 p50=-12.00 p05=-12.00 p95=-12.00
  [diag] sat-dist hist bins=60 sat<0.05=0.0% mean=0.985 p10=0.984 p90=0.986
Iter 0009940: train nll 1.387, valid error 074.330%, best valid error 074.070%, avg grad norm   0.208, avg grad norm (post clip)   0.053, rho_Whh  0.95, Omega  0.00, alpha  4.000, steps in the past 0.000, valid nll 1.386
  [diag] log10|dL/dh_t| hist bins=60 range=(-12.50,-11.50) mean=-12.00 p50=-12.00 p05=-12.00 p95=-12.00
  [diag] sat-dist hist bins=60 sat<0.05=0.0% mean=0.985 p10=0.985 p90=0.986
Iter 0009960: train nll 1.386, valid error 074.330%, best valid error 074.070%, avg grad norm   0.197, avg grad norm (post clip)   0.053, rho_Whh  0.95, Omega  0.00, alpha  4.000, steps in the past 0.000, valid nll 1.386
  [diag] log10|dL/dh_t| hist bins=60 range=(-12.50,-11.50) mean=-12.00 p50=-12.00 p05=-12.00 p95=-12.00
  [diag] sat-dist hist bins=60 sat<0.05=0.0% mean=0.985 p10=0.985 p90=0.986
Iter 0009980: train nll 1.386, valid error 074.330%, best valid error 074.070%, avg grad norm   0.176, avg grad norm (post clip)   0.053, rho_Whh  0.95, Omega  0.00, alpha  4.000, steps in the past 0.000, valid nll 1.386
  [diag] log10|dL/dh_t| hist bins=60 range=(-12.50,-11.50) mean=-12.00 p50=-12.00 p05=-12.00 p95=-12.00
  [diag] sat-dist hist bins=60 sat<0.05=0.0% mean=0.985 p10=0.984 p90=0.986
Iter 0010000: train nll 1.387, valid error 074.330%, best valid error 074.070%, avg grad norm   0.218, avg grad norm (post clip)   0.053, rho_Whh  0.95, Omega  0.00, alpha  4.000, steps in the past 0.000, valid nll 1.386
  [diag] log10|dL/dh_t| hist bins=60 range=(-12.50,-11.50) mean=-12.00 p50=-12.00 p05=-12.00 p95=-12.00
  [diag] sat-dist hist bins=60 sat<0.05=0.0% mean=0.985 p10=0.984 p90=0.986
Iter 0010020: train nll 1.386, valid error 074.330%, best valid error 074.070%, avg grad norm   0.193, avg grad norm (post clip)   0.053, rho_Whh  0.95, Omega  0.00, alpha  4.000, steps in the past 0.000, valid nll 1.386
  [diag] log10|dL/dh_t| hist bins=60 range=(-12.50,-11.50) mean=-12.00 p50=-12.00 p05=-12.00 p95=-12.00
  [diag] sat-dist hist bins=60 sat<0.05=0.0% mean=0.985 p10=0.984 p90=0.986
Iter 0010040: train nll 1.386, valid error 074.330%, best valid error 074.070%, avg grad norm   0.181, avg grad norm (post clip)   0.053, rho_Whh  0.95, Omega  0.00, alpha  4.000, steps in the past 0.000, valid nll 1.386
  [diag] log10|dL/dh_t| hist bins=60 range=(-12.50,-11.50) mean=-12.00 p50=-12.00 p05=-12.00 p95=-12.00
  [diag] sat-dist hist bins=60 sat<0.05=0.0% mean=0.985 p10=0.985 p90=0.986
Iter 0010060: train nll 1.387, valid error 074.330%, best valid error 074.070%, avg grad norm   0.172, avg grad norm (post clip)   0.053, rho_Whh  0.95, Omega  0.00, alpha  4.000, steps in the past 0.000, valid nll 1.386
  [diag] log10|dL/dh_t| hist bins=60 range=(-12.50,-11.50) mean=-12.00 p50=-12.00 p05=-12.00 p95=-12.00
  [diag] sat-dist hist bins=60 sat<0.05=0.0% mean=0.985 p10=0.984 p90=0.986
Iter 0010080: train nll 1.386, valid error 074.330%, best valid error 074.070%, avg grad norm   0.179, avg grad norm (post clip)   0.053, rho_Whh  0.95, Omega  0.00, alpha  4.000, steps in the past 0.000, valid nll 1.386
  [diag] log10|dL/dh_t| hist bins=60 range=(-12.50,-11.50) mean=-12.00 p50=-12.00 p05=-12.00 p95=-12.00
  [diag] sat-dist hist bins=60 sat<0.05=0.0% mean=0.985 p10=0.984 p90=0.986
Iter 0010100: train nll 1.386, valid error 074.330%, best valid error 074.070%, avg grad norm   0.193, avg grad norm (post clip)   0.053, rho_Whh  0.95, Omega  0.00, alpha  4.000, steps in the past 0.000, valid nll 1.386
  [diag] log10|dL/dh_t| hist bins=60 range=(-12.50,-11.50) mean=-12.00 p50=-12.00 p05=-12.00 p95=-12.00
  [diag] sat-dist hist bins=60 sat<0.05=0.0% mean=0.985 p10=0.984 p90=0.986
Iter 0010120: train nll 1.386, valid error 074.330%, best valid error 074.070%, avg grad norm   0.188, avg grad norm (post clip)   0.053, rho_Whh  0.95, Omega  0.00, alpha  4.000, steps in the past 0.000, valid nll 1.386
  [diag] log10|dL/dh_t| hist bins=60 range=(-12.50,-11.50) mean=-12.00 p50=-12.00 p05=-12.00 p95=-12.00
  [diag] sat-dist hist bins=60 sat<0.05=0.0% mean=0.985 p10=0.984 p90=0.986
Iter 0010140: train nll 1.387, valid error 074.330%, best valid error 074.070%, avg grad norm   0.192, avg grad norm (post clip)   0.053, rho_Whh  0.95, Omega  0.00, alpha  4.000, steps in the past 0.000, valid nll 1.386
  [diag] log10|dL/dh_t| hist bins=60 range=(-12.50,-11.50) mean=-12.00 p50=-12.00 p05=-12.00 p95=-12.00
  [diag] sat-dist hist bins=60 sat<0.05=0.0% mean=0.985 p10=0.984 p90=0.986
Iter 0010160: train nll 1.386, valid error 074.330%, best valid error 074.070%, avg grad norm   0.186, avg grad norm (post clip)   0.052, rho_Whh  0.95, Omega  0.00, alpha  4.000, steps in the past 0.000, valid nll 1.386
  [diag] log10|dL/dh_t| hist bins=60 range=(-12.50,-11.50) mean=-12.00 p50=-12.00 p05=-12.00 p95=-12.00
  [diag] sat-dist hist bins=60 sat<0.05=0.0% mean=0.985 p10=0.984 p90=0.986
Iter 0010180: train nll 1.387, valid error 074.330%, best valid error 074.070%, avg grad norm   0.190, avg grad norm (post clip)   0.053, rho_Whh  0.95, Omega  0.00, alpha  4.000, steps in the past 0.000, valid nll 1.386
  [diag] log10|dL/dh_t| hist bins=60 range=(-12.50,-11.50) mean=-12.00 p50=-12.00 p05=-12.00 p95=-12.00
  [diag] sat-dist hist bins=60 sat<0.05=0.0% mean=0.985 p10=0.984 p90=0.985
Iter 0010200: train nll 1.387, valid error 074.340%, best valid error 074.070%, avg grad norm   0.182, avg grad norm (post clip)   0.053, rho_Whh  0.95, Omega  0.00, alpha  4.000, steps in the past 0.000, valid nll 1.386
  [diag] log10|dL/dh_t| hist bins=60 range=(-12.50,-11.50) mean=-12.00 p50=-12.00 p05=-12.00 p95=-12.00
  [diag] sat-dist hist bins=60 sat<0.05=0.0% mean=0.985 p10=0.984 p90=0.986
Iter 0010220: train nll 1.386, valid error 074.330%, best valid error 074.070%, avg grad norm   0.197, avg grad norm (post clip)   0.053, rho_Whh  0.95, Omega  0.00, alpha  4.000, steps in the past 0.000, valid nll 1.386
  [diag] log10|dL/dh_t| hist bins=60 range=(-12.50,-11.50) mean=-12.00 p50=-12.00 p05=-12.00 p95=-12.00
  [diag] sat-dist hist bins=60 sat<0.05=0.0% mean=0.985 p10=0.984 p90=0.986
Iter 0010240: train nll 1.386, valid error 074.330%, best valid error 074.070%, avg grad norm   0.191, avg grad norm (post clip)   0.053, rho_Whh  0.95, Omega  0.00, alpha  4.000, steps in the past 0.000, valid nll 1.386
  [diag] log10|dL/dh_t| hist bins=60 range=(-12.50,-11.50) mean=-12.00 p50=-12.00 p05=-12.00 p95=-12.00
  [diag] sat-dist hist bins=60 sat<0.05=0.0% mean=0.985 p10=0.984 p90=0.985
Iter 0010260: train nll 1.387, valid error 074.330%, best valid error 074.070%, avg grad norm   0.200, avg grad norm (post clip)   0.053, rho_Whh  0.95, Omega  0.00, alpha  4.000, steps in the past 0.000, valid nll 1.386
  [diag] log10|dL/dh_t| hist bins=60 range=(-12.50,-11.50) mean=-12.00 p50=-12.00 p05=-12.00 p95=-12.00
  [diag] sat-dist hist bins=60 sat<0.05=0.0% mean=0.985 p10=0.984 p90=0.986
Iter 0010280: train nll 1.386, valid error 074.330%, best valid error 074.070%, avg grad norm   0.176, avg grad norm (post clip)   0.053, rho_Whh  0.95, Omega  0.00, alpha  4.000, steps in the past 0.000, valid nll 1.386
  [diag] log10|dL/dh_t| hist bins=60 range=(-12.50,-11.50) mean=-12.00 p50=-12.00 p05=-12.00 p95=-12.00
  [diag] sat-dist hist bins=60 sat<0.05=0.0% mean=0.985 p10=0.984 p90=0.985
Iter 0010300: train nll 1.387, valid error 074.340%, best valid error 074.070%, avg grad norm   0.169, avg grad norm (post clip)   0.053, rho_Whh  0.95, Omega  0.00, alpha  4.000, steps in the past 0.000, valid nll 1.386
  [diag] log10|dL/dh_t| hist bins=60 range=(-12.50,-11.50) mean=-12.00 p50=-12.00 p05=-12.00 p95=-12.00
  [diag] sat-dist hist bins=60 sat<0.05=0.0% mean=0.985 p10=0.984 p90=0.985
Iter 0010320: train nll 1.386, valid error 074.330%, best valid error 074.070%, avg grad norm   0.162, avg grad norm (post clip)   0.052, rho_Whh  0.95, Omega  0.00, alpha  4.000, steps in the past 0.000, valid nll 1.386
  [diag] log10|dL/dh_t| hist bins=60 range=(-12.50,-11.50) mean=-12.00 p50=-12.00 p05=-12.00 p95=-12.00
  [diag] sat-dist hist bins=60 sat<0.05=0.0% mean=0.985 p10=0.984 p90=0.985
Iter 0010340: train nll 1.386, valid error 074.330%, best valid error 074.070%, avg grad norm   0.194, avg grad norm (post clip)   0.053, rho_Whh  0.95, Omega  0.00, alpha  4.000, steps in the past 0.000, valid nll 1.386
  [diag] log10|dL/dh_t| hist bins=60 range=(-12.50,-11.50) mean=-12.00 p50=-12.00 p05=-12.00 p95=-12.00
  [diag] sat-dist hist bins=60 sat<0.05=0.0% mean=0.985 p10=0.984 p90=0.985
Iter 0010360: train nll 1.386, valid error 074.330%, best valid error 074.070%, avg grad norm   0.192, avg grad norm (post clip)   0.053, rho_Whh  0.95, Omega  0.00, alpha  4.000, steps in the past 0.000, valid nll 1.386
  [diag] log10|dL/dh_t| hist bins=60 range=(-12.50,-11.50) mean=-12.00 p50=-12.00 p05=-12.00 p95=-12.00
  [diag] sat-dist hist bins=60 sat<0.05=0.0% mean=0.985 p10=0.984 p90=0.986
Iter 0010380: train nll 1.386, valid error 074.330%, best valid error 074.070%, avg grad norm   0.192, avg grad norm (post clip)   0.053, rho_Whh  0.95, Omega  0.00, alpha  4.000, steps in the past 0.000, valid nll 1.386
  [diag] log10|dL/dh_t| hist bins=60 range=(-12.50,-11.50) mean=-12.00 p50=-12.00 p05=-12.00 p95=-12.00
  [diag] sat-dist hist bins=60 sat<0.05=0.0% mean=0.985 p10=0.984 p90=0.985
Iter 0010400: train nll 1.386, valid error 074.330%, best valid error 074.070%, avg grad norm   0.197, avg grad norm (post clip)   0.053, rho_Whh  0.95, Omega  0.00, alpha  4.000, steps in the past 0.000, valid nll 1.386
  [diag] log10|dL/dh_t| hist bins=60 range=(-12.50,-11.50) mean=-12.00 p50=-12.00 p05=-12.00 p95=-12.00
  [diag] sat-dist hist bins=60 sat<0.05=0.0% mean=0.985 p10=0.984 p90=0.985
Iter 0010420: train nll 1.386, valid error 074.330%, best valid error 074.070%, avg grad norm   0.200, avg grad norm (post clip)   0.053, rho_Whh  0.95, Omega  0.00, alpha  4.000, steps in the past 0.000, valid nll 1.386
  [diag] log10|dL/dh_t| hist bins=60 range=(-12.50,-11.50) mean=-12.00 p50=-12.00 p05=-12.00 p95=-12.00
  [diag] sat-dist hist bins=60 sat<0.05=0.0% mean=0.985 p10=0.984 p90=0.985
Iter 0010440: train nll 1.387, valid error 074.330%, best valid error 074.070%, avg grad norm   0.189, avg grad norm (post clip)   0.053, rho_Whh  0.95, Omega  0.00, alpha  4.000, steps in the past 0.000, valid nll 1.386
  [diag] log10|dL/dh_t| hist bins=60 range=(-12.50,-11.50) mean=-12.00 p50=-12.00 p05=-12.00 p95=-12.00
  [diag] sat-dist hist bins=60 sat<0.05=0.0% mean=0.985 p10=0.984 p90=0.985
Iter 0010460: train nll 1.386, valid error 074.330%, best valid error 074.070%, avg grad norm   0.194, avg grad norm (post clip)   0.053, rho_Whh  0.95, Omega  0.00, alpha  4.000, steps in the past 0.000, valid nll 1.386
  [diag] log10|dL/dh_t| hist bins=60 range=(-12.50,-11.50) mean=-12.00 p50=-12.00 p05=-12.00 p95=-12.00
  [diag] sat-dist hist bins=60 sat<0.05=0.0% mean=0.985 p10=0.984 p90=0.986
Iter 0010480: train nll 1.386, valid error 074.330%, best valid error 074.070%, avg grad norm   0.183, avg grad norm (post clip)   0.053, rho_Whh  0.95, Omega  0.00, alpha  4.000, steps in the past 0.000, valid nll 1.386
  [diag] log10|dL/dh_t| hist bins=60 range=(-12.50,-11.50) mean=-12.00 p50=-12.00 p05=-12.00 p95=-12.00
  [diag] sat-dist hist bins=60 sat<0.05=0.0% mean=0.985 p10=0.984 p90=0.986
Iter 0010500: train nll 1.386, valid error 074.330%, best valid error 074.070%, avg grad norm   0.177, avg grad norm (post clip)   0.053, rho_Whh  0.95, Omega  0.00, alpha  4.000, steps in the past 0.000, valid nll 1.386
  [diag] log10|dL/dh_t| hist bins=60 range=(-12.50,-11.50) mean=-12.00 p50=-12.00 p05=-12.00 p95=-12.00
  [diag] sat-dist hist bins=60 sat<0.05=0.0% mean=0.985 p10=0.984 p90=0.986
Iter 0010520: train nll 1.386, valid error 074.330%, best valid error 074.070%, avg grad norm   0.204, avg grad norm (post clip)   0.053, rho_Whh  0.95, Omega  0.00, alpha  4.000, steps in the past 0.000, valid nll 1.386
  [diag] log10|dL/dh_t| hist bins=60 range=(-12.50,-11.50) mean=-12.00 p50=-12.00 p05=-12.00 p95=-12.00
  [diag] sat-dist hist bins=60 sat<0.05=0.0% mean=0.985 p10=0.984 p90=0.986
Iter 0010540: train nll 1.387, valid error 074.330%, best valid error 074.070%, avg grad norm   0.196, avg grad norm (post clip)   0.053, rho_Whh  0.95, Omega  0.00, alpha  4.000, steps in the past 0.000, valid nll 1.386
  [diag] log10|dL/dh_t| hist bins=60 range=(-12.50,-11.50) mean=-12.00 p50=-12.00 p05=-12.00 p95=-12.00
  [diag] sat-dist hist bins=60 sat<0.05=0.0% mean=0.985 p10=0.984 p90=0.986
Iter 0010560: train nll 1.386, valid error 074.330%, best valid error 074.070%, avg grad norm   0.193, avg grad norm (post clip)   0.052, rho_Whh  0.95, Omega  0.00, alpha  4.000, steps in the past 0.000, valid nll 1.386
  [diag] log10|dL/dh_t| hist bins=60 range=(-12.50,-11.50) mean=-12.00 p50=-12.00 p05=-12.00 p95=-12.00
  [diag] sat-dist hist bins=60 sat<0.05=0.0% mean=0.985 p10=0.985 p90=0.986
Iter 0010580: train nll 1.386, valid error 074.330%, best valid error 074.070%, avg grad norm   0.174, avg grad norm (post clip)   0.053, rho_Whh  0.95, Omega  0.00, alpha  4.000, steps in the past 0.000, valid nll 1.386
  [diag] log10|dL/dh_t| hist bins=60 range=(-12.50,-11.50) mean=-12.00 p50=-12.00 p05=-12.00 p95=-12.00
  [diag] sat-dist hist bins=60 sat<0.05=0.0% mean=0.985 p10=0.985 p90=0.986
Iter 0010600: train nll 1.386, valid error 074.330%, best valid error 074.070%, avg grad norm   0.204, avg grad norm (post clip)   0.053, rho_Whh  0.95, Omega  0.00, alpha  4.000, steps in the past 0.000, valid nll 1.386
  [diag] log10|dL/dh_t| hist bins=60 range=(-12.50,-11.50) mean=-12.00 p50=-12.00 p05=-12.00 p95=-12.00
  [diag] sat-dist hist bins=60 sat<0.05=0.0% mean=0.985 p10=0.984 p90=0.986
Iter 0010620: train nll 1.386, valid error 074.330%, best valid error 074.070%, avg grad norm   0.187, avg grad norm (post clip)   0.053, rho_Whh  0.95, Omega  0.00, alpha  4.000, steps in the past 0.000, valid nll 1.386
  [diag] log10|dL/dh_t| hist bins=60 range=(-12.50,-11.50) mean=-12.00 p50=-12.00 p05=-12.00 p95=-12.00
  [diag] sat-dist hist bins=60 sat<0.05=0.0% mean=0.985 p10=0.985 p90=0.986
Iter 0010640: train nll 1.387, valid error 074.330%, best valid error 074.070%, avg grad norm   0.203, avg grad norm (post clip)   0.053, rho_Whh  0.95, Omega  0.00, alpha  4.000, steps in the past 0.000, valid nll 1.386
  [diag] log10|dL/dh_t| hist bins=60 range=(-12.50,-11.50) mean=-12.00 p50=-12.00 p05=-12.00 p95=-12.00
  [diag] sat-dist hist bins=60 sat<0.05=0.0% mean=0.985 p10=0.984 p90=0.986
Iter 0010660: train nll 1.387, valid error 074.330%, best valid error 074.070%, avg grad norm   0.175, avg grad norm (post clip)   0.053, rho_Whh  0.95, Omega  0.00, alpha  4.000, steps in the past 0.000, valid nll 1.386
  [diag] log10|dL/dh_t| hist bins=60 range=(-12.50,-11.50) mean=-12.00 p50=-12.00 p05=-12.00 p95=-12.00
  [diag] sat-dist hist bins=60 sat<0.05=0.0% mean=0.985 p10=0.984 p90=0.986
Iter 0010680: train nll 1.387, valid error 074.330%, best valid error 074.070%, avg grad norm   0.195, avg grad norm (post clip)   0.053, rho_Whh  0.95, Omega  0.00, alpha  4.000, steps in the past 0.000, valid nll 1.386
  [diag] log10|dL/dh_t| hist bins=60 range=(-12.50,-11.50) mean=-12.00 p50=-12.00 p05=-12.00 p95=-12.00
  [diag] sat-dist hist bins=60 sat<0.05=0.0% mean=0.985 p10=0.984 p90=0.985
Iter 0010700: train nll 1.387, valid error 074.330%, best valid error 074.070%, avg grad norm   0.166, avg grad norm (post clip)   0.052, rho_Whh  0.95, Omega  0.00, alpha  4.000, steps in the past 0.000, valid nll 1.386
  [diag] log10|dL/dh_t| hist bins=60 range=(-12.50,-11.50) mean=-12.00 p50=-12.00 p05=-12.00 p95=-12.00
  [diag] sat-dist hist bins=60 sat<0.05=0.0% mean=0.985 p10=0.984 p90=0.986
Iter 0010720: train nll 1.386, valid error 074.330%, best valid error 074.070%, avg grad norm   0.200, avg grad norm (post clip)   0.053, rho_Whh  0.95, Omega  0.00, alpha  4.000, steps in the past 0.000, valid nll 1.386
  [diag] log10|dL/dh_t| hist bins=60 range=(-12.50,-11.50) mean=-12.00 p50=-12.00 p05=-12.00 p95=-12.00
  [diag] sat-dist hist bins=60 sat<0.05=0.0% mean=0.985 p10=0.984 p90=0.986
Iter 0010740: train nll 1.386, valid error 074.330%, best valid error 074.070%, avg grad norm   0.179, avg grad norm (post clip)   0.052, rho_Whh  0.95, Omega  0.00, alpha  4.000, steps in the past 0.000, valid nll 1.386
  [diag] log10|dL/dh_t| hist bins=60 range=(-12.50,-11.50) mean=-12.00 p50=-12.00 p05=-12.00 p95=-12.00
  [diag] sat-dist hist bins=60 sat<0.05=0.0% mean=0.985 p10=0.984 p90=0.986
Iter 0010760: train nll 1.386, valid error 074.330%, best valid error 074.070%, avg grad norm   0.194, avg grad norm (post clip)   0.053, rho_Whh  0.95, Omega  0.00, alpha  4.000, steps in the past 0.000, valid nll 1.386
  [diag] log10|dL/dh_t| hist bins=60 range=(-12.50,-11.50) mean=-12.00 p50=-12.00 p05=-12.00 p95=-12.00
  [diag] sat-dist hist bins=60 sat<0.05=0.0% mean=0.985 p10=0.984 p90=0.986
Iter 0010780: train nll 1.387, valid error 074.330%, best valid error 074.070%, avg grad norm   0.180, avg grad norm (post clip)   0.053, rho_Whh  0.95, Omega  0.00, alpha  4.000, steps in the past 0.000, valid nll 1.386
  [diag] log10|dL/dh_t| hist bins=60 range=(-12.50,-11.50) mean=-12.00 p50=-12.00 p05=-12.00 p95=-12.00
  [diag] sat-dist hist bins=60 sat<0.05=0.0% mean=0.985 p10=0.984 p90=0.986
Iter 0010800: train nll 1.387, valid error 074.330%, best valid error 074.070%, avg grad norm   0.175, avg grad norm (post clip)   0.053, rho_Whh  0.95, Omega  0.00, alpha  4.000, steps in the past 0.000, valid nll 1.386
  [diag] log10|dL/dh_t| hist bins=60 range=(-12.50,-11.50) mean=-12.00 p50=-12.00 p05=-12.00 p95=-12.00
  [diag] sat-dist hist bins=60 sat<0.05=0.0% mean=0.985 p10=0.984 p90=0.986
Iter 0010820: train nll 1.386, valid error 074.330%, best valid error 074.070%, avg grad norm   0.144, avg grad norm (post clip)   0.052, rho_Whh  0.95, Omega  0.00, alpha  4.000, steps in the past 0.000, valid nll 1.386
  [diag] log10|dL/dh_t| hist bins=60 range=(-12.50,-11.50) mean=-12.00 p50=-12.00 p05=-12.00 p95=-12.00
  [diag] sat-dist hist bins=60 sat<0.05=0.0% mean=0.985 p10=0.984 p90=0.986
Iter 0010840: train nll 1.386, valid error 074.330%, best valid error 074.070%, avg grad norm   0.187, avg grad norm (post clip)   0.053, rho_Whh  0.95, Omega  0.00, alpha  4.000, steps in the past 0.000, valid nll 1.386
  [diag] log10|dL/dh_t| hist bins=60 range=(-12.50,-11.50) mean=-12.00 p50=-12.00 p05=-12.00 p95=-12.00
  [diag] sat-dist hist bins=60 sat<0.05=0.0% mean=0.985 p10=0.984 p90=0.986
Iter 0010860: train nll 1.387, valid error 074.330%, best valid error 074.070%, avg grad norm   0.180, avg grad norm (post clip)   0.053, rho_Whh  0.95, Omega  0.00, alpha  4.000, steps in the past 0.000, valid nll 1.386
  [diag] log10|dL/dh_t| hist bins=60 range=(-12.50,-11.50) mean=-12.00 p50=-12.00 p05=-12.00 p95=-12.00
  [diag] sat-dist hist bins=60 sat<0.05=0.0% mean=0.985 p10=0.984 p90=0.985
Iter 0010880: train nll 1.387, valid error 074.330%, best valid error 074.070%, avg grad norm   0.194, avg grad norm (post clip)   0.053, rho_Whh  0.95, Omega  0.00, alpha  4.000, steps in the past 0.000, valid nll 1.386
  [diag] log10|dL/dh_t| hist bins=60 range=(-12.50,-11.50) mean=-12.00 p50=-12.00 p05=-12.00 p95=-12.00
  [diag] sat-dist hist bins=60 sat<0.05=0.0% mean=0.985 p10=0.984 p90=0.986
Iter 0010900: train nll 1.387, valid error 074.330%, best valid error 074.070%, avg grad norm   0.203, avg grad norm (post clip)   0.053, rho_Whh  0.95, Omega  0.00, alpha  4.000, steps in the past 0.000, valid nll 1.386
  [diag] log10|dL/dh_t| hist bins=60 range=(-12.50,-11.50) mean=-12.00 p50=-12.00 p05=-12.00 p95=-12.00
  [diag] sat-dist hist bins=60 sat<0.05=0.0% mean=0.985 p10=0.984 p90=0.985
Iter 0010920: train nll 1.386, valid error 074.330%, best valid error 074.070%, avg grad norm   0.185, avg grad norm (post clip)   0.053, rho_Whh  0.95, Omega  0.00, alpha  4.000, steps in the past 0.000, valid nll 1.386
  [diag] log10|dL/dh_t| hist bins=60 range=(-12.50,-11.50) mean=-12.00 p50=-12.00 p05=-12.00 p95=-12.00
  [diag] sat-dist hist bins=60 sat<0.05=0.0% mean=0.985 p10=0.984 p90=0.986
Iter 0010940: train nll 1.386, valid error 074.340%, best valid error 074.070%, avg grad norm   0.202, avg grad norm (post clip)   0.053, rho_Whh  0.95, Omega  0.00, alpha  4.000, steps in the past 0.000, valid nll 1.386
  [diag] log10|dL/dh_t| hist bins=60 range=(-12.50,-11.50) mean=-12.00 p50=-12.00 p05=-12.00 p95=-12.00
  [diag] sat-dist hist bins=60 sat<0.05=0.0% mean=0.985 p10=0.984 p90=0.986
Iter 0010960: train nll 1.386, valid error 074.330%, best valid error 074.070%, avg grad norm   0.160, avg grad norm (post clip)   0.053, rho_Whh  0.95, Omega  0.00, alpha  4.000, steps in the past 0.000, valid nll 1.386
  [diag] log10|dL/dh_t| hist bins=60 range=(-12.50,-11.50) mean=-12.00 p50=-12.00 p05=-12.00 p95=-12.00
  [diag] sat-dist hist bins=60 sat<0.05=0.0% mean=0.985 p10=0.984 p90=0.986
Iter 0010980: train nll 1.387, valid error 074.330%, best valid error 074.070%, avg grad norm   0.183, avg grad norm (post clip)   0.053, rho_Whh  0.95, Omega  0.00, alpha  4.000, steps in the past 0.000, valid nll 1.386
  [diag] log10|dL/dh_t| hist bins=60 range=(-12.50,-11.50) mean=-12.00 p50=-12.00 p05=-12.00 p95=-12.00
  [diag] sat-dist hist bins=60 sat<0.05=0.0% mean=0.985 p10=0.984 p90=0.986
Iter 0011000: train nll 1.386, valid error 074.330%, best valid error 074.070%, avg grad norm   0.153, avg grad norm (post clip)   0.053, rho_Whh  0.95, Omega  0.00, alpha  4.000, steps in the past 0.000, valid nll 1.386
  [diag] log10|dL/dh_t| hist bins=60 range=(-12.50,-11.50) mean=-12.00 p50=-12.00 p05=-12.00 p95=-12.00
  [diag] sat-dist hist bins=60 sat<0.05=0.0% mean=0.985 p10=0.984 p90=0.986
Iter 0011020: train nll 1.386, valid error 074.330%, best valid error 074.070%, avg grad norm   0.177, avg grad norm (post clip)   0.053, rho_Whh  0.95, Omega  0.00, alpha  4.000, steps in the past 0.000, valid nll 1.386
  [diag] log10|dL/dh_t| hist bins=60 range=(-12.50,-11.50) mean=-12.00 p50=-12.00 p05=-12.00 p95=-12.00
  [diag] sat-dist hist bins=60 sat<0.05=0.0% mean=0.985 p10=0.984 p90=0.986
Iter 0011040: train nll 1.386, valid error 074.330%, best valid error 074.070%, avg grad norm   0.175, avg grad norm (post clip)   0.053, rho_Whh  0.95, Omega  0.00, alpha  4.000, steps in the past 0.000, valid nll 1.386
  [diag] log10|dL/dh_t| hist bins=60 range=(-12.50,-11.50) mean=-12.00 p50=-12.00 p05=-12.00 p95=-12.00
  [diag] sat-dist hist bins=60 sat<0.05=0.0% mean=0.985 p10=0.984 p90=0.986
Iter 0011060: train nll 1.387, valid error 074.330%, best valid error 074.070%, avg grad norm   0.173, avg grad norm (post clip)   0.053, rho_Whh  0.95, Omega  0.00, alpha  4.000, steps in the past 0.000, valid nll 1.386
  [diag] log10|dL/dh_t| hist bins=60 range=(-12.50,-11.50) mean=-12.00 p50=-12.00 p05=-12.00 p95=-12.00
  [diag] sat-dist hist bins=60 sat<0.05=0.0% mean=0.985 p10=0.984 p90=0.986
Iter 0011080: train nll 1.386, valid error 074.300%, best valid error 074.070%, avg grad norm   0.197, avg grad norm (post clip)   0.053, rho_Whh  0.95, Omega  0.00, alpha  4.000, steps in the past 0.000, valid nll 1.386
  [diag] log10|dL/dh_t| hist bins=60 range=(-12.50,-11.50) mean=-12.00 p50=-12.00 p05=-12.00 p95=-12.00
  [diag] sat-dist hist bins=60 sat<0.05=0.0% mean=0.985 p10=0.984 p90=0.985
Iter 0011100: train nll 1.387, valid error 074.370%, best valid error 074.070%, avg grad norm   0.185, avg grad norm (post clip)   0.053, rho_Whh  0.95, Omega  0.00, alpha  4.000, steps in the past 0.000, valid nll 1.386
  [diag] log10|dL/dh_t| hist bins=60 range=(-12.50,-11.50) mean=-12.00 p50=-12.00 p05=-12.00 p95=-12.00
  [diag] sat-dist hist bins=60 sat<0.05=0.0% mean=0.985 p10=0.984 p90=0.985
Iter 0011120: train nll 1.387, valid error 074.140%, best valid error 074.070%, avg grad norm   0.171, avg grad norm (post clip)   0.053, rho_Whh  0.95, Omega  0.00, alpha  4.000, steps in the past 0.000, valid nll 1.386
  [diag] log10|dL/dh_t| hist bins=60 range=(-12.50,-11.50) mean=-12.00 p50=-12.00 p05=-12.00 p95=-12.00
  [diag] sat-dist hist bins=60 sat<0.05=0.0% mean=0.984 p10=0.984 p90=0.985
Iter 0011140: train nll 1.387, valid error 074.560%, best valid error 074.070%, avg grad norm   0.186, avg grad norm (post clip)   0.053, rho_Whh  0.95, Omega  0.00, alpha  4.000, steps in the past 0.000, valid nll 1.386
  [diag] log10|dL/dh_t| hist bins=60 range=(-12.50,-11.50) mean=-12.00 p50=-12.00 p05=-12.00 p95=-12.00
  [diag] sat-dist hist bins=60 sat<0.05=0.0% mean=0.984 p10=0.984 p90=0.985
Iter 0011160: train nll 1.386, valid error 074.790%, best valid error 074.070%, avg grad norm   0.177, avg grad norm (post clip)   0.053, rho_Whh  0.95, Omega  0.00, alpha  4.000, steps in the past 0.000, valid nll 1.386
  [diag] log10|dL/dh_t| hist bins=60 range=(-12.50,-11.50) mean=-12.00 p50=-12.00 p05=-12.00 p95=-12.00
  [diag] sat-dist hist bins=60 sat<0.05=0.0% mean=0.984 p10=0.984 p90=0.985
Iter 0011180: train nll 1.386, valid error 074.850%, best valid error 074.070%, avg grad norm   0.162, avg grad norm (post clip)   0.053, rho_Whh  0.95, Omega  0.00, alpha  4.000, steps in the past 0.000, valid nll 1.386
  [diag] log10|dL/dh_t| hist bins=60 range=(-12.50,-11.50) mean=-12.00 p50=-12.00 p05=-12.00 p95=-12.00
  [diag] sat-dist hist bins=60 sat<0.05=0.0% mean=0.984 p10=0.984 p90=0.985
Iter 0011200: train nll 1.386, valid error 074.800%, best valid error 074.070%, avg grad norm   0.177, avg grad norm (post clip)   0.052, rho_Whh  0.95, Omega  0.00, alpha  4.000, steps in the past 0.000, valid nll 1.386
  [diag] log10|dL/dh_t| hist bins=60 range=(-12.50,-11.50) mean=-12.00 p50=-12.00 p05=-12.00 p95=-12.00
  [diag] sat-dist hist bins=60 sat<0.05=0.0% mean=0.984 p10=0.983 p90=0.984
Iter 0011220: train nll 1.386, valid error 075.300%, best valid error 074.070%, avg grad norm   0.168, avg grad norm (post clip)   0.053, rho_Whh  0.95, Omega  0.00, alpha  4.000, steps in the past 0.000, valid nll 1.386
  [diag] log10|dL/dh_t| hist bins=60 range=(-12.50,-11.50) mean=-12.00 p50=-12.00 p05=-12.00 p95=-12.00
  [diag] sat-dist hist bins=60 sat<0.05=0.0% mean=0.984 p10=0.983 p90=0.984
Iter 0011240: train nll 1.386, valid error 075.070%, best valid error 074.070%, avg grad norm   0.196, avg grad norm (post clip)   0.053, rho_Whh  0.95, Omega  0.00, alpha  4.000, steps in the past 0.000, valid nll 1.386
  [diag] log10|dL/dh_t| hist bins=60 range=(-12.50,-11.50) mean=-12.00 p50=-12.00 p05=-12.00 p95=-12.00
  [diag] sat-dist hist bins=60 sat<0.05=0.0% mean=0.984 p10=0.983 p90=0.984
Iter 0011260: train nll 1.386, valid error 075.140%, best valid error 074.070%, avg grad norm   0.222, avg grad norm (post clip)   0.053, rho_Whh  0.95, Omega  0.00, alpha  4.000, steps in the past 0.000, valid nll 1.386
  [diag] log10|dL/dh_t| hist bins=60 range=(-12.50,-11.50) mean=-12.00 p50=-12.00 p05=-12.00 p95=-12.00
  [diag] sat-dist hist bins=60 sat<0.05=0.0% mean=0.984 p10=0.983 p90=0.984
Iter 0011280: train nll 1.387, valid error 075.290%, best valid error 074.070%, avg grad norm   0.191, avg grad norm (post clip)   0.053, rho_Whh  0.95, Omega  0.00, alpha  4.000, steps in the past 0.000, valid nll 1.386
  [diag] log10|dL/dh_t| hist bins=60 range=(-12.50,-11.50) mean=-12.00 p50=-12.00 p05=-12.00 p95=-12.00
  [diag] sat-dist hist bins=60 sat<0.05=0.0% mean=0.984 p10=0.983 p90=0.984
Iter 0011300: train nll 1.387, valid error 075.030%, best valid error 074.070%, avg grad norm   0.182, avg grad norm (post clip)   0.053, rho_Whh  0.95, Omega  0.00, alpha  4.000, steps in the past 0.000, valid nll 1.386
  [diag] log10|dL/dh_t| hist bins=60 range=(-12.50,-11.50) mean=-12.00 p50=-12.00 p05=-12.00 p95=-12.00
  [diag] sat-dist hist bins=60 sat<0.05=0.0% mean=0.984 p10=0.983 p90=0.984
Iter 0011320: train nll 1.386, valid error 075.130%, best valid error 074.070%, avg grad norm   0.197, avg grad norm (post clip)   0.053, rho_Whh  0.95, Omega  0.00, alpha  4.000, steps in the past 0.000, valid nll 1.386
  [diag] log10|dL/dh_t| hist bins=60 range=(-12.50,-11.50) mean=-12.00 p50=-12.00 p05=-12.00 p95=-12.00
  [diag] sat-dist hist bins=60 sat<0.05=0.0% mean=0.984 p10=0.983 p90=0.984
Iter 0011340: train nll 1.386, valid error 074.910%, best valid error 074.070%, avg grad norm   0.186, avg grad norm (post clip)   0.053, rho_Whh  0.95, Omega  0.00, alpha  4.000, steps in the past 0.000, valid nll 1.386
  [diag] log10|dL/dh_t| hist bins=60 range=(-12.50,-11.50) mean=-12.00 p50=-12.00 p05=-12.00 p95=-12.00
  [diag] sat-dist hist bins=60 sat<0.05=0.0% mean=0.984 p10=0.983 p90=0.984
Iter 0011360: train nll 1.386, valid error 075.190%, best valid error 074.070%, avg grad norm   0.169, avg grad norm (post clip)   0.052, rho_Whh  0.95, Omega  0.00, alpha  4.000, steps in the past 0.000, valid nll 1.386
  [diag] log10|dL/dh_t| hist bins=60 range=(-12.50,-11.50) mean=-12.00 p50=-12.00 p05=-12.00 p95=-12.00
  [diag] sat-dist hist bins=60 sat<0.05=0.0% mean=0.984 p10=0.983 p90=0.984
Iter 0011380: train nll 1.386, valid error 075.170%, best valid error 074.070%, avg grad norm   0.198, avg grad norm (post clip)   0.053, rho_Whh  0.95, Omega  0.00, alpha  4.000, steps in the past 0.000, valid nll 1.386
  [diag] log10|dL/dh_t| hist bins=60 range=(-12.50,-11.50) mean=-12.00 p50=-12.00 p05=-12.00 p95=-12.00
  [diag] sat-dist hist bins=60 sat<0.05=0.0% mean=0.984 p10=0.983 p90=0.984
Iter 0011400: train nll 1.386, valid error 075.020%, best valid error 074.070%, avg grad norm   0.211, avg grad norm (post clip)   0.053, rho_Whh  0.95, Omega  0.00, alpha  4.000, steps in the past 0.000, valid nll 1.386
  [diag] log10|dL/dh_t| hist bins=60 range=(-12.50,-11.50) mean=-12.00 p50=-12.00 p05=-12.00 p95=-12.00
  [diag] sat-dist hist bins=60 sat<0.05=0.0% mean=0.984 p10=0.983 p90=0.984
Iter 0011420: train nll 1.386, valid error 075.090%, best valid error 074.070%, avg grad norm   0.213, avg grad norm (post clip)   0.053, rho_Whh  0.95, Omega  0.00, alpha  4.000, steps in the past 0.000, valid nll 1.386
  [diag] log10|dL/dh_t| hist bins=60 range=(-12.50,-11.50) mean=-12.00 p50=-12.00 p05=-12.00 p95=-12.00
  [diag] sat-dist hist bins=60 sat<0.05=0.0% mean=0.984 p10=0.983 p90=0.985
Iter 0011440: train nll 1.386, valid error 074.790%, best valid error 074.070%, avg grad norm   0.180, avg grad norm (post clip)   0.053, rho_Whh  0.95, Omega  0.00, alpha  4.000, steps in the past 0.000, valid nll 1.386
  [diag] log10|dL/dh_t| hist bins=60 range=(-12.50,-11.50) mean=-12.00 p50=-12.00 p05=-12.00 p95=-12.00
  [diag] sat-dist hist bins=60 sat<0.05=0.0% mean=0.984 p10=0.984 p90=0.985
Iter 0011460: train nll 1.386, valid error 075.610%, best valid error 074.070%, avg grad norm   0.188, avg grad norm (post clip)   0.052, rho_Whh  0.95, Omega  0.00, alpha  4.000, steps in the past 0.000, valid nll 1.386
  [diag] log10|dL/dh_t| hist bins=60 range=(-12.50,-11.50) mean=-12.00 p50=-12.00 p05=-12.00 p95=-12.00
  [diag] sat-dist hist bins=60 sat<0.05=0.0% mean=0.985 p10=0.984 p90=0.985
Iter 0011480: train nll 1.386, valid error 074.990%, best valid error 074.070%, avg grad norm   0.179, avg grad norm (post clip)   0.053, rho_Whh  0.95, Omega  0.00, alpha  4.000, steps in the past 0.000, valid nll 1.386
  [diag] log10|dL/dh_t| hist bins=60 range=(-12.50,-11.50) mean=-12.00 p50=-12.00 p05=-12.00 p95=-12.00
  [diag] sat-dist hist bins=60 sat<0.05=0.0% mean=0.984 p10=0.984 p90=0.985
Iter 0011500: train nll 1.386, valid error 075.800%, best valid error 074.070%, avg grad norm   0.154, avg grad norm (post clip)   0.053, rho_Whh  0.95, Omega  0.00, alpha  4.000, steps in the past 0.000, valid nll 1.386
  [diag] log10|dL/dh_t| hist bins=60 range=(-12.50,-11.50) mean=-12.00 p50=-12.00 p05=-12.00 p95=-12.00
  [diag] sat-dist hist bins=60 sat<0.05=0.0% mean=0.984 p10=0.984 p90=0.985
Iter 0011520: train nll 1.386, valid error 075.130%, best valid error 074.070%, avg grad norm   0.177, avg grad norm (post clip)   0.053, rho_Whh  0.95, Omega  0.00, alpha  4.000, steps in the past 0.000, valid nll 1.386
  [diag] log10|dL/dh_t| hist bins=60 range=(-12.50,-11.50) mean=-12.00 p50=-12.00 p05=-12.00 p95=-12.00
  [diag] sat-dist hist bins=60 sat<0.05=0.0% mean=0.984 p10=0.983 p90=0.985
Iter 0011540: train nll 1.386, valid error 074.580%, best valid error 074.070%, avg grad norm   0.186, avg grad norm (post clip)   0.053, rho_Whh  0.95, Omega  0.00, alpha  4.000, steps in the past 0.000, valid nll 1.386
  [diag] log10|dL/dh_t| hist bins=60 range=(-12.50,-11.50) mean=-12.00 p50=-12.00 p05=-12.00 p95=-12.00
  [diag] sat-dist hist bins=60 sat<0.05=0.0% mean=0.984 p10=0.983 p90=0.985
Iter 0011560: train nll 1.386, valid error 074.750%, best valid error 074.070%, avg grad norm   0.162, avg grad norm (post clip)   0.052, rho_Whh  0.95, Omega  0.00, alpha  4.000, steps in the past 0.000, valid nll 1.386
  [diag] log10|dL/dh_t| hist bins=60 range=(-12.50,-11.50) mean=-12.00 p50=-12.00 p05=-12.00 p95=-12.00
  [diag] sat-dist hist bins=60 sat<0.05=0.0% mean=0.984 p10=0.983 p90=0.985
Iter 0011580: train nll 1.386, valid error 074.980%, best valid error 074.070%, avg grad norm   0.205, avg grad norm (post clip)   0.053, rho_Whh  0.95, Omega  0.00, alpha  4.000, steps in the past 0.000, valid nll 1.386
  [diag] log10|dL/dh_t| hist bins=60 range=(-12.50,-11.50) mean=-12.00 p50=-12.00 p05=-12.00 p95=-12.00
  [diag] sat-dist hist bins=60 sat<0.05=0.0% mean=0.984 p10=0.983 p90=0.985
Iter 0011600: train nll 1.387, valid error 074.980%, best valid error 074.070%, avg grad norm   0.203, avg grad norm (post clip)   0.052, rho_Whh  0.95, Omega  0.00, alpha  4.000, steps in the past 0.000, valid nll 1.386
  [diag] log10|dL/dh_t| hist bins=60 range=(-12.50,-11.50) mean=-12.00 p50=-12.00 p05=-12.00 p95=-12.00
  [diag] sat-dist hist bins=60 sat<0.05=0.0% mean=0.984 p10=0.984 p90=0.985
Iter 0011620: train nll 1.386, valid error 075.010%, best valid error 074.070%, avg grad norm   0.185, avg grad norm (post clip)   0.053, rho_Whh  0.95, Omega  0.00, alpha  4.000, steps in the past 0.000, valid nll 1.386
  [diag] log10|dL/dh_t| hist bins=60 range=(-12.50,-11.50) mean=-12.00 p50=-12.00 p05=-12.00 p95=-12.00
  [diag] sat-dist hist bins=60 sat<0.05=0.0% mean=0.984 p10=0.984 p90=0.985
Iter 0011640: train nll 1.386, valid error 074.800%, best valid error 074.070%, avg grad norm   0.197, avg grad norm (post clip)   0.053, rho_Whh  0.95, Omega  0.00, alpha  4.000, steps in the past 0.000, valid nll 1.386
  [diag] log10|dL/dh_t| hist bins=60 range=(-12.50,-11.50) mean=-12.00 p50=-12.00 p05=-12.00 p95=-12.00
  [diag] sat-dist hist bins=60 sat<0.05=0.0% mean=0.984 p10=0.984 p90=0.985
Iter 0011660: train nll 1.387, valid error 074.470%, best valid error 074.070%, avg grad norm   0.162, avg grad norm (post clip)   0.053, rho_Whh  0.95, Omega  0.00, alpha  4.000, steps in the past 0.000, valid nll 1.386
  [diag] log10|dL/dh_t| hist bins=60 range=(-12.50,-11.50) mean=-12.00 p50=-12.00 p05=-12.00 p95=-12.00
  [diag] sat-dist hist bins=60 sat<0.05=0.0% mean=0.984 p10=0.984 p90=0.985
Iter 0011680: train nll 1.386, valid error 074.370%, best valid error 074.070%, avg grad norm   0.209, avg grad norm (post clip)   0.053, rho_Whh  0.95, Omega  0.00, alpha  4.000, steps in the past 0.000, valid nll 1.386
  [diag] log10|dL/dh_t| hist bins=60 range=(-12.50,-11.50) mean=-12.00 p50=-12.00 p05=-12.00 p95=-12.00
  [diag] sat-dist hist bins=60 sat<0.05=0.0% mean=0.984 p10=0.984 p90=0.985
Iter 0011700: train nll 1.386, valid error 074.310%, best valid error 074.070%, avg grad norm   0.210, avg grad norm (post clip)   0.053, rho_Whh  0.95, Omega  0.00, alpha  4.000, steps in the past 0.000, valid nll 1.386
  [diag] log10|dL/dh_t| hist bins=60 range=(-12.50,-11.50) mean=-12.00 p50=-12.00 p05=-12.00 p95=-12.00
  [diag] sat-dist hist bins=60 sat<0.05=0.0% mean=0.984 p10=0.984 p90=0.985
Iter 0011720: train nll 1.386, valid error 074.430%, best valid error 074.070%, avg grad norm   0.181, avg grad norm (post clip)   0.053, rho_Whh  0.95, Omega  0.00, alpha  4.000, steps in the past 0.000, valid nll 1.386
  [diag] log10|dL/dh_t| hist bins=60 range=(-12.50,-11.50) mean=-12.00 p50=-12.00 p05=-12.00 p95=-12.00
  [diag] sat-dist hist bins=60 sat<0.05=0.0% mean=0.985 p10=0.984 p90=0.985
Iter 0011740: train nll 1.386, valid error 075.210%, best valid error 074.070%, avg grad norm   0.161, avg grad norm (post clip)   0.053, rho_Whh  0.95, Omega  0.00, alpha  4.000, steps in the past 0.000, valid nll 1.386
  [diag] log10|dL/dh_t| hist bins=60 range=(-12.50,-11.50) mean=-12.00 p50=-12.00 p05=-12.00 p95=-12.00
  [diag] sat-dist hist bins=60 sat<0.05=0.0% mean=0.985 p10=0.984 p90=0.985
Iter 0011760: train nll 1.386, valid error 075.440%, best valid error 074.070%, avg grad norm   0.174, avg grad norm (post clip)   0.053, rho_Whh  0.95, Omega  0.00, alpha  4.000, steps in the past 0.000, valid nll 1.386
  [diag] log10|dL/dh_t| hist bins=60 range=(-12.50,-11.50) mean=-12.00 p50=-12.00 p05=-12.00 p95=-12.00
  [diag] sat-dist hist bins=60 sat<0.05=0.0% mean=0.985 p10=0.984 p90=0.985
Iter 0011780: train nll 1.386, valid error 074.610%, best valid error 074.070%, avg grad norm   0.165, avg grad norm (post clip)   0.052, rho_Whh  0.95, Omega  0.00, alpha  4.000, steps in the past 0.000, valid nll 1.386
  [diag] log10|dL/dh_t| hist bins=60 range=(-12.50,-11.50) mean=-12.00 p50=-12.00 p05=-12.00 p95=-12.00
  [diag] sat-dist hist bins=60 sat<0.05=0.0% mean=0.985 p10=0.984 p90=0.986
Iter 0011800: train nll 1.386, valid error 075.470%, best valid error 074.070%, avg grad norm   0.164, avg grad norm (post clip)   0.051, rho_Whh  0.95, Omega  0.00, alpha  4.000, steps in the past 0.000, valid nll 1.386
  [diag] log10|dL/dh_t| hist bins=60 range=(-12.50,-11.50) mean=-12.00 p50=-12.00 p05=-12.00 p95=-12.00
  [diag] sat-dist hist bins=60 sat<0.05=0.0% mean=0.985 p10=0.984 p90=0.986
Iter 0011820: train nll 1.386, valid error 074.740%, best valid error 074.070%, avg grad norm   0.161, avg grad norm (post clip)   0.053, rho_Whh  0.95, Omega  0.00, alpha  4.000, steps in the past 0.000, valid nll 1.386
  [diag] log10|dL/dh_t| hist bins=60 range=(-12.50,-11.50) mean=-12.00 p50=-12.00 p05=-12.00 p95=-12.00
  [diag] sat-dist hist bins=60 sat<0.05=0.0% mean=0.985 p10=0.984 p90=0.985
Iter 0011840: train nll 1.386, valid error 074.910%, best valid error 074.070%, avg grad norm   0.183, avg grad norm (post clip)   0.053, rho_Whh  0.95, Omega  0.00, alpha  4.000, steps in the past 0.000, valid nll 1.386
  [diag] log10|dL/dh_t| hist bins=60 range=(-12.50,-11.50) mean=-12.00 p50=-12.00 p05=-12.00 p95=-12.00
  [diag] sat-dist hist bins=60 sat<0.05=0.0% mean=0.985 p10=0.984 p90=0.985
Iter 0011860: train nll 1.386, valid error 074.960%, best valid error 074.070%, avg grad norm   0.170, avg grad norm (post clip)   0.053, rho_Whh  0.95, Omega  0.00, alpha  4.000, steps in the past 0.000, valid nll 1.386
  [diag] log10|dL/dh_t| hist bins=60 range=(-12.50,-11.50) mean=-12.00 p50=-12.00 p05=-12.00 p95=-12.00
  [diag] sat-dist hist bins=60 sat<0.05=0.0% mean=0.985 p10=0.984 p90=0.985
Iter 0011880: train nll 1.386, valid error 074.980%, best valid error 074.070%, avg grad norm   0.182, avg grad norm (post clip)   0.053, rho_Whh  0.95, Omega  0.00, alpha  4.000, steps in the past 0.000, valid nll 1.386
  [diag] log10|dL/dh_t| hist bins=60 range=(-12.50,-11.50) mean=-12.00 p50=-12.00 p05=-12.00 p95=-12.00
  [diag] sat-dist hist bins=60 sat<0.05=0.0% mean=0.985 p10=0.984 p90=0.986
Iter 0011900: train nll 1.387, valid error 074.400%, best valid error 074.070%, avg grad norm   0.196, avg grad norm (post clip)   0.053, rho_Whh  0.95, Omega  0.00, alpha  4.000, steps in the past 0.000, valid nll 1.386
  [diag] log10|dL/dh_t| hist bins=60 range=(-12.50,-11.50) mean=-12.00 p50=-12.00 p05=-12.00 p95=-12.00
  [diag] sat-dist hist bins=60 sat<0.05=0.0% mean=0.985 p10=0.984 p90=0.985
Iter 0011920: train nll 1.386, valid error 074.810%, best valid error 074.070%, avg grad norm   0.171, avg grad norm (post clip)   0.051, rho_Whh  0.95, Omega  0.00, alpha  4.000, steps in the past 0.000, valid nll 1.386
  [diag] log10|dL/dh_t| hist bins=60 range=(-12.50,-11.50) mean=-12.00 p50=-12.00 p05=-12.00 p95=-12.00
  [diag] sat-dist hist bins=60 sat<0.05=0.0% mean=0.985 p10=0.984 p90=0.986
Iter 0011940: train nll 1.386, valid error 074.470%, best valid error 074.070%, avg grad norm   0.153, avg grad norm (post clip)   0.052, rho_Whh  0.95, Omega  0.00, alpha  4.000, steps in the past 0.000, valid nll 1.386
  [diag] log10|dL/dh_t| hist bins=60 range=(-12.50,-11.50) mean=-12.00 p50=-12.00 p05=-12.00 p95=-12.00
  [diag] sat-dist hist bins=60 sat<0.05=0.0% mean=0.985 p10=0.984 p90=0.985
Iter 0011960: train nll 1.386, valid error 074.770%, best valid error 074.070%, avg grad norm   0.195, avg grad norm (post clip)   0.053, rho_Whh  0.95, Omega  0.00, alpha  4.000, steps in the past 0.000, valid nll 1.386
  [diag] log10|dL/dh_t| hist bins=60 range=(-12.50,-11.50) mean=-12.00 p50=-12.00 p05=-12.00 p95=-12.00
  [diag] sat-dist hist bins=60 sat<0.05=0.0% mean=0.985 p10=0.984 p90=0.986
Iter 0011980: train nll 1.386, valid error 074.540%, best valid error 074.070%, avg grad norm   0.171, avg grad norm (post clip)   0.053, rho_Whh  0.95, Omega  0.00, alpha  4.000, steps in the past 0.000, valid nll 1.386
  [diag] log10|dL/dh_t| hist bins=60 range=(-12.50,-11.50) mean=-12.00 p50=-12.00 p05=-12.00 p95=-12.00
  [diag] sat-dist hist bins=60 sat<0.05=0.0% mean=0.985 p10=0.984 p90=0.986
Iter 0012000: train nll 1.386, valid error 074.800%, best valid error 074.070%, avg grad norm   0.185, avg grad norm (post clip)   0.052, rho_Whh  0.95, Omega  0.00, alpha  4.000, steps in the past 0.000, valid nll 1.386
  [diag] log10|dL/dh_t| hist bins=60 range=(-12.50,-11.50) mean=-12.00 p50=-12.00 p05=-12.00 p95=-12.00
  [diag] sat-dist hist bins=60 sat<0.05=0.0% mean=0.985 p10=0.984 p90=0.986
Iter 0012020: train nll 1.387, valid error 074.790%, best valid error 074.070%, avg grad norm   0.166, avg grad norm (post clip)   0.053, rho_Whh  0.95, Omega  0.00, alpha  4.000, steps in the past 0.000, valid nll 1.386
  [diag] log10|dL/dh_t| hist bins=60 range=(-12.50,-11.50) mean=-12.00 p50=-12.00 p05=-12.00 p95=-12.00
  [diag] sat-dist hist bins=60 sat<0.05=0.0% mean=0.985 p10=0.984 p90=0.985
Iter 0012040: train nll 1.387, valid error 074.990%, best valid error 074.070%, avg grad norm   0.208, avg grad norm (post clip)   0.053, rho_Whh  0.95, Omega  0.00, alpha  4.000, steps in the past 0.000, valid nll 1.386
  [diag] log10|dL/dh_t| hist bins=60 range=(-12.50,-11.50) mean=-12.00 p50=-12.00 p05=-12.00 p95=-12.00
  [diag] sat-dist hist bins=60 sat<0.05=0.0% mean=0.985 p10=0.984 p90=0.985
Iter 0012060: train nll 1.386, valid error 074.980%, best valid error 074.070%, avg grad norm   0.161, avg grad norm (post clip)   0.052, rho_Whh  0.95, Omega  0.00, alpha  4.000, steps in the past 0.000, valid nll 1.386
  [diag] log10|dL/dh_t| hist bins=60 range=(-12.50,-11.50) mean=-12.00 p50=-12.00 p05=-12.00 p95=-12.00
  [diag] sat-dist hist bins=60 sat<0.05=0.0% mean=0.985 p10=0.984 p90=0.985
Iter 0012080: train nll 1.387, valid error 074.960%, best valid error 074.070%, avg grad norm   0.203, avg grad norm (post clip)   0.053, rho_Whh  0.95, Omega  0.00, alpha  4.000, steps in the past 0.000, valid nll 1.386
  [diag] log10|dL/dh_t| hist bins=60 range=(-12.50,-11.50) mean=-12.00 p50=-12.00 p05=-12.00 p95=-12.00
  [diag] sat-dist hist bins=60 sat<0.05=0.0% mean=0.985 p10=0.984 p90=0.985
Iter 0012100: train nll 1.386, valid error 074.850%, best valid error 074.070%, avg grad norm   0.167, avg grad norm (post clip)   0.053, rho_Whh  0.95, Omega  0.00, alpha  4.000, steps in the past 0.000, valid nll 1.386
  [diag] log10|dL/dh_t| hist bins=60 range=(-12.50,-11.50) mean=-12.00 p50=-12.00 p05=-12.00 p95=-12.00
  [diag] sat-dist hist bins=60 sat<0.05=0.0% mean=0.985 p10=0.984 p90=0.985
Iter 0012120: train nll 1.386, valid error 074.920%, best valid error 074.070%, avg grad norm   0.168, avg grad norm (post clip)   0.053, rho_Whh  0.95, Omega  0.00, alpha  4.000, steps in the past 0.000, valid nll 1.386
  [diag] log10|dL/dh_t| hist bins=60 range=(-12.50,-11.50) mean=-12.00 p50=-12.00 p05=-12.00 p95=-12.00
  [diag] sat-dist hist bins=60 sat<0.05=0.0% mean=0.985 p10=0.984 p90=0.985
Iter 0012140: train nll 1.387, valid error 074.990%, best valid error 074.070%, avg grad norm   0.216, avg grad norm (post clip)   0.053, rho_Whh  0.95, Omega  0.00, alpha  4.000, steps in the past 0.000, valid nll 1.386
  [diag] log10|dL/dh_t| hist bins=60 range=(-12.50,-11.50) mean=-12.00 p50=-12.00 p05=-12.00 p95=-12.00
  [diag] sat-dist hist bins=60 sat<0.05=0.0% mean=0.985 p10=0.984 p90=0.985
Iter 0012160: train nll 1.386, valid error 074.980%, best valid error 074.070%, avg grad norm   0.178, avg grad norm (post clip)   0.053, rho_Whh  0.95, Omega  0.00, alpha  4.000, steps in the past 0.000, valid nll 1.386
  [diag] log10|dL/dh_t| hist bins=60 range=(-12.50,-11.50) mean=-12.00 p50=-12.00 p05=-12.00 p95=-12.00
  [diag] sat-dist hist bins=60 sat<0.05=0.0% mean=0.985 p10=0.984 p90=0.985
Iter 0012180: train nll 1.386, valid error 074.970%, best valid error 074.070%, avg grad norm   0.174, avg grad norm (post clip)   0.053, rho_Whh  0.95, Omega  0.00, alpha  4.000, steps in the past 0.000, valid nll 1.386
  [diag] log10|dL/dh_t| hist bins=60 range=(-12.50,-11.50) mean=-12.00 p50=-12.00 p05=-12.00 p95=-12.00
  [diag] sat-dist hist bins=60 sat<0.05=0.0% mean=0.984 p10=0.984 p90=0.985
Iter 0012200: train nll 1.386, valid error 074.970%, best valid error 074.070%, avg grad norm   0.150, avg grad norm (post clip)   0.051, rho_Whh  0.95, Omega  0.00, alpha  4.000, steps in the past 0.000, valid nll 1.386
  [diag] log10|dL/dh_t| hist bins=60 range=(-12.50,-11.50) mean=-12.00 p50=-12.00 p05=-12.00 p95=-12.00
  [diag] sat-dist hist bins=60 sat<0.05=0.0% mean=0.985 p10=0.984 p90=0.985
Iter 0012220: train nll 1.386, valid error 074.970%, best valid error 074.070%, avg grad norm   0.159, avg grad norm (post clip)   0.052, rho_Whh  0.95, Omega  0.00, alpha  4.000, steps in the past 0.000, valid nll 1.386
  [diag] log10|dL/dh_t| hist bins=60 range=(-12.50,-11.50) mean=-12.00 p50=-12.00 p05=-12.00 p95=-12.00
  [diag] sat-dist hist bins=60 sat<0.05=0.0% mean=0.984 p10=0.984 p90=0.985
Iter 0012240: train nll 1.387, valid error 074.970%, best valid error 074.070%, avg grad norm   0.185, avg grad norm (post clip)   0.053, rho_Whh  0.95, Omega  0.00, alpha  4.000, steps in the past 0.000, valid nll 1.386
  [diag] log10|dL/dh_t| hist bins=60 range=(-12.50,-11.50) mean=-12.00 p50=-12.00 p05=-12.00 p95=-12.00
  [diag] sat-dist hist bins=60 sat<0.05=0.0% mean=0.984 p10=0.984 p90=0.985
Iter 0012260: train nll 1.386, valid error 074.970%, best valid error 074.070%, avg grad norm   0.187, avg grad norm (post clip)   0.053, rho_Whh  0.95, Omega  0.00, alpha  4.000, steps in the past 0.000, valid nll 1.386
  [diag] log10|dL/dh_t| hist bins=60 range=(-12.50,-11.50) mean=-12.00 p50=-12.00 p05=-12.00 p95=-12.00
  [diag] sat-dist hist bins=60 sat<0.05=0.0% mean=0.985 p10=0.984 p90=0.985
Iter 0012280: train nll 1.386, valid error 074.970%, best valid error 074.070%, avg grad norm   0.176, avg grad norm (post clip)   0.053, rho_Whh  0.95, Omega  0.00, alpha  4.000, steps in the past 0.000, valid nll 1.386
  [diag] log10|dL/dh_t| hist bins=60 range=(-12.50,-11.50) mean=-12.00 p50=-12.00 p05=-12.00 p95=-12.00
  [diag] sat-dist hist bins=60 sat<0.05=0.0% mean=0.985 p10=0.984 p90=0.985
Iter 0012300: train nll 1.386, valid error 074.970%, best valid error 074.070%, avg grad norm   0.173, avg grad norm (post clip)   0.053, rho_Whh  0.95, Omega  0.00, alpha  4.000, steps in the past 0.000, valid nll 1.386
  [diag] log10|dL/dh_t| hist bins=60 range=(-12.50,-11.50) mean=-12.00 p50=-12.00 p05=-12.00 p95=-12.00
  [diag] sat-dist hist bins=60 sat<0.05=0.0% mean=0.984 p10=0.984 p90=0.985
Iter 0012320: train nll 1.387, valid error 074.970%, best valid error 074.070%, avg grad norm   0.217, avg grad norm (post clip)   0.053, rho_Whh  0.95, Omega  0.00, alpha  4.000, steps in the past 0.000, valid nll 1.386
  [diag] log10|dL/dh_t| hist bins=60 range=(-12.50,-11.50) mean=-12.00 p50=-12.00 p05=-12.00 p95=-12.00
  [diag] sat-dist hist bins=60 sat<0.05=0.0% mean=0.985 p10=0.984 p90=0.985
Iter 0012340: train nll 1.386, valid error 074.970%, best valid error 074.070%, avg grad norm   0.168, avg grad norm (post clip)   0.052, rho_Whh  0.95, Omega  0.00, alpha  4.000, steps in the past 0.000, valid nll 1.386
  [diag] log10|dL/dh_t| hist bins=60 range=(-12.50,-11.50) mean=-12.00 p50=-12.00 p05=-12.00 p95=-12.00
  [diag] sat-dist hist bins=60 sat<0.05=0.0% mean=0.985 p10=0.984 p90=0.985
Iter 0012360: train nll 1.387, valid error 074.730%, best valid error 074.070%, avg grad norm   0.164, avg grad norm (post clip)   0.053, rho_Whh  0.95, Omega  0.00, alpha  4.000, steps in the past 0.000, valid nll 1.386
  [diag] log10|dL/dh_t| hist bins=60 range=(-12.50,-11.50) mean=-12.00 p50=-12.00 p05=-12.00 p95=-12.00
  [diag] sat-dist hist bins=60 sat<0.05=0.0% mean=0.984 p10=0.984 p90=0.985
Iter 0012380: train nll 1.386, valid error 074.870%, best valid error 074.070%, avg grad norm   0.156, avg grad norm (post clip)   0.052, rho_Whh  0.95, Omega  0.00, alpha  4.000, steps in the past 0.000, valid nll 1.386
  [diag] log10|dL/dh_t| hist bins=60 range=(-12.50,-11.50) mean=-12.00 p50=-12.00 p05=-12.00 p95=-12.00
  [diag] sat-dist hist bins=60 sat<0.05=0.0% mean=0.984 p10=0.984 p90=0.985
Iter 0012400: train nll 1.387, valid error 074.980%, best valid error 074.070%, avg grad norm   0.172, avg grad norm (post clip)   0.053, rho_Whh  0.95, Omega  0.00, alpha  4.000, steps in the past 0.000, valid nll 1.386
  [diag] log10|dL/dh_t| hist bins=60 range=(-12.50,-11.50) mean=-12.00 p50=-12.00 p05=-12.00 p95=-12.00
  [diag] sat-dist hist bins=60 sat<0.05=0.0% mean=0.984 p10=0.984 p90=0.985
Iter 0012420: train nll 1.386, valid error 075.000%, best valid error 074.070%, avg grad norm   0.188, avg grad norm (post clip)   0.053, rho_Whh  0.95, Omega  0.00, alpha  4.000, steps in the past 0.000, valid nll 1.386
  [diag] log10|dL/dh_t| hist bins=60 range=(-12.50,-11.50) mean=-12.00 p50=-12.00 p05=-12.00 p95=-12.00
  [diag] sat-dist hist bins=60 sat<0.05=0.0% mean=0.984 p10=0.984 p90=0.985
Iter 0012440: train nll 1.386, valid error 074.680%, best valid error 074.070%, avg grad norm   0.174, avg grad norm (post clip)   0.053, rho_Whh  0.95, Omega  0.00, alpha  4.000, steps in the past 0.000, valid nll 1.386
  [diag] log10|dL/dh_t| hist bins=60 range=(-12.50,-11.50) mean=-12.00 p50=-12.00 p05=-12.00 p95=-12.00
  [diag] sat-dist hist bins=60 sat<0.05=0.0% mean=0.984 p10=0.984 p90=0.985
Iter 0012460: train nll 1.387, valid error 074.780%, best valid error 074.070%, avg grad norm   0.172, avg grad norm (post clip)   0.053, rho_Whh  0.95, Omega  0.00, alpha  4.000, steps in the past 0.000, valid nll 1.386
  [diag] log10|dL/dh_t| hist bins=60 range=(-12.50,-11.50) mean=-12.00 p50=-12.00 p05=-12.00 p95=-12.00
  [diag] sat-dist hist bins=60 sat<0.05=0.0% mean=0.984 p10=0.984 p90=0.985
Iter 0012480: train nll 1.386, valid error 074.750%, best valid error 074.070%, avg grad norm   0.214, avg grad norm (post clip)   0.053, rho_Whh  0.95, Omega  0.00, alpha  4.000, steps in the past 0.000, valid nll 1.386
  [diag] log10|dL/dh_t| hist bins=60 range=(-12.50,-11.50) mean=-12.00 p50=-12.00 p05=-12.00 p95=-12.00
  [diag] sat-dist hist bins=60 sat<0.05=0.0% mean=0.984 p10=0.984 p90=0.985
Iter 0012500: train nll 1.386, valid error 074.750%, best valid error 074.070%, avg grad norm   0.177, avg grad norm (post clip)   0.053, rho_Whh  0.95, Omega  0.00, alpha  4.000, steps in the past 0.000, valid nll 1.386
  [diag] log10|dL/dh_t| hist bins=60 range=(-12.50,-11.50) mean=-12.00 p50=-12.00 p05=-12.00 p95=-12.00
  [diag] sat-dist hist bins=60 sat<0.05=0.0% mean=0.984 p10=0.983 p90=0.985
Iter 0012520: train nll 1.386, valid error 074.990%, best valid error 074.070%, avg grad norm   0.175, avg grad norm (post clip)   0.053, rho_Whh  0.95, Omega  0.00, alpha  4.000, steps in the past 0.000, valid nll 1.386
  [diag] log10|dL/dh_t| hist bins=60 range=(-12.50,-11.50) mean=-12.00 p50=-12.00 p05=-12.00 p95=-12.00
  [diag] sat-dist hist bins=60 sat<0.05=0.0% mean=0.984 p10=0.983 p90=0.985
Iter 0012540: train nll 1.386, valid error 074.870%, best valid error 074.070%, avg grad norm   0.215, avg grad norm (post clip)   0.053, rho_Whh  0.95, Omega  0.00, alpha  4.000, steps in the past 0.000, valid nll 1.386
  [diag] log10|dL/dh_t| hist bins=60 range=(-12.50,-11.50) mean=-12.00 p50=-12.00 p05=-12.00 p95=-12.00
  [diag] sat-dist hist bins=60 sat<0.05=0.0% mean=0.984 p10=0.984 p90=0.985
Iter 0012560: train nll 1.387, valid error 074.840%, best valid error 074.070%, avg grad norm   0.191, avg grad norm (post clip)   0.052, rho_Whh  0.95, Omega  0.00, alpha  4.000, steps in the past 0.000, valid nll 1.386
  [diag] log10|dL/dh_t| hist bins=60 range=(-12.50,-11.50) mean=-12.00 p50=-12.00 p05=-12.00 p95=-12.00
  [diag] sat-dist hist bins=60 sat<0.05=0.0% mean=0.984 p10=0.984 p90=0.985
Iter 0012580: train nll 1.386, valid error 074.970%, best valid error 074.070%, avg grad norm   0.188, avg grad norm (post clip)   0.053, rho_Whh  0.95, Omega  0.00, alpha  4.000, steps in the past 0.000, valid nll 1.386
  [diag] log10|dL/dh_t| hist bins=60 range=(-12.50,-11.50) mean=-12.00 p50=-12.00 p05=-12.00 p95=-12.00
  [diag] sat-dist hist bins=60 sat<0.05=0.0% mean=0.984 p10=0.983 p90=0.985
Iter 0012600: train nll 1.386, valid error 074.960%, best valid error 074.070%, avg grad norm   0.206, avg grad norm (post clip)   0.053, rho_Whh  0.95, Omega  0.00, alpha  4.000, steps in the past 0.000, valid nll 1.386
  [diag] log10|dL/dh_t| hist bins=60 range=(-12.50,-11.50) mean=-12.00 p50=-12.00 p05=-12.00 p95=-12.00
  [diag] sat-dist hist bins=60 sat<0.05=0.0% mean=0.984 p10=0.983 p90=0.985
Iter 0012620: train nll 1.386, valid error 074.980%, best valid error 074.070%, avg grad norm   0.201, avg grad norm (post clip)   0.053, rho_Whh  0.95, Omega  0.00, alpha  4.000, steps in the past 0.000, valid nll 1.386
  [diag] log10|dL/dh_t| hist bins=60 range=(-12.50,-11.50) mean=-12.00 p50=-12.00 p05=-12.00 p95=-12.00
  [diag] sat-dist hist bins=60 sat<0.05=0.0% mean=0.984 p10=0.983 p90=0.985
Iter 0012640: train nll 1.386, valid error 074.900%, best valid error 074.070%, avg grad norm   0.179, avg grad norm (post clip)   0.053, rho_Whh  0.95, Omega  0.00, alpha  4.000, steps in the past 0.000, valid nll 1.386
  [diag] log10|dL/dh_t| hist bins=60 range=(-12.50,-11.50) mean=-12.00 p50=-12.00 p05=-12.00 p95=-12.00
  [diag] sat-dist hist bins=60 sat<0.05=0.0% mean=0.984 p10=0.983 p90=0.985
Iter 0012660: train nll 1.386, valid error 074.890%, best valid error 074.070%, avg grad norm   0.188, avg grad norm (post clip)   0.053, rho_Whh  0.95, Omega  0.00, alpha  4.000, steps in the past 0.000, valid nll 1.386
  [diag] log10|dL/dh_t| hist bins=60 range=(-12.50,-11.50) mean=-12.00 p50=-12.00 p05=-12.00 p95=-12.00
  [diag] sat-dist hist bins=60 sat<0.05=0.0% mean=0.984 p10=0.984 p90=0.985
Iter 0012680: train nll 1.386, valid error 074.760%, best valid error 074.070%, avg grad norm   0.183, avg grad norm (post clip)   0.053, rho_Whh  0.95, Omega  0.00, alpha  4.000, steps in the past 0.000, valid nll 1.386
  [diag] log10|dL/dh_t| hist bins=60 range=(-12.50,-11.50) mean=-12.00 p50=-12.00 p05=-12.00 p95=-12.00
  [diag] sat-dist hist bins=60 sat<0.05=0.0% mean=0.985 p10=0.984 p90=0.985
Iter 0012700: train nll 1.387, valid error 074.760%, best valid error 074.070%, avg grad norm   0.184, avg grad norm (post clip)   0.053, rho_Whh  0.95, Omega  0.00, alpha  4.000, steps in the past 0.000, valid nll 1.386
  [diag] log10|dL/dh_t| hist bins=60 range=(-12.50,-11.50) mean=-12.00 p50=-12.00 p05=-12.00 p95=-12.00
  [diag] sat-dist hist bins=60 sat<0.05=0.0% mean=0.985 p10=0.984 p90=0.985
Iter 0012720: train nll 1.386, valid error 074.780%, best valid error 074.070%, avg grad norm   0.176, avg grad norm (post clip)   0.052, rho_Whh  0.95, Omega  0.00, alpha  4.000, steps in the past 0.000, valid nll 1.386
  [diag] log10|dL/dh_t| hist bins=60 range=(-12.50,-11.50) mean=-12.00 p50=-12.00 p05=-12.00 p95=-12.00
  [diag] sat-dist hist bins=60 sat<0.05=0.0% mean=0.984 p10=0.984 p90=0.985
Iter 0012740: train nll 1.387, valid error 074.910%, best valid error 074.070%, avg grad norm   0.213, avg grad norm (post clip)   0.053, rho_Whh  0.95, Omega  0.00, alpha  4.000, steps in the past 0.000, valid nll 1.386
  [diag] log10|dL/dh_t| hist bins=60 range=(-12.50,-11.50) mean=-12.00 p50=-12.00 p05=-12.00 p95=-12.00
  [diag] sat-dist hist bins=60 sat<0.05=0.0% mean=0.984 p10=0.983 p90=0.985
Iter 0012760: train nll 1.386, valid error 074.970%, best valid error 074.070%, avg grad norm   0.181, avg grad norm (post clip)   0.053, rho_Whh  0.95, Omega  0.00, alpha  4.000, steps in the past 0.000, valid nll 1.386
  [diag] log10|dL/dh_t| hist bins=60 range=(-12.50,-11.50) mean=-12.00 p50=-12.00 p05=-12.00 p95=-12.00
  [diag] sat-dist hist bins=60 sat<0.05=0.0% mean=0.984 p10=0.983 p90=0.985
Iter 0012780: train nll 1.387, valid error 074.980%, best valid error 074.070%, avg grad norm   0.181, avg grad norm (post clip)   0.053, rho_Whh  0.95, Omega  0.00, alpha  4.000, steps in the past 0.000, valid nll 1.386
  [diag] log10|dL/dh_t| hist bins=60 range=(-12.50,-11.50) mean=-12.00 p50=-12.00 p05=-12.00 p95=-12.00
  [diag] sat-dist hist bins=60 sat<0.05=0.0% mean=0.984 p10=0.983 p90=0.985
Iter 0012800: train nll 1.386, valid error 074.990%, best valid error 074.070%, avg grad norm   0.192, avg grad norm (post clip)   0.053, rho_Whh  0.95, Omega  0.00, alpha  4.000, steps in the past 0.000, valid nll 1.386
  [diag] log10|dL/dh_t| hist bins=60 range=(-12.50,-11.50) mean=-12.00 p50=-12.00 p05=-12.00 p95=-12.00
  [diag] sat-dist hist bins=60 sat<0.05=0.0% mean=0.984 p10=0.984 p90=0.985
Iter 0012820: train nll 1.386, valid error 075.000%, best valid error 074.070%, avg grad norm   0.166, avg grad norm (post clip)   0.052, rho_Whh  0.95, Omega  0.00, alpha  4.000, steps in the past 0.000, valid nll 1.386
  [diag] log10|dL/dh_t| hist bins=60 range=(-12.50,-11.50) mean=-12.00 p50=-12.00 p05=-12.00 p95=-12.00
  [diag] sat-dist hist bins=60 sat<0.05=0.0% mean=0.984 p10=0.983 p90=0.985
Iter 0012840: train nll 1.387, valid error 074.970%, best valid error 074.070%, avg grad norm   0.168, avg grad norm (post clip)   0.053, rho_Whh  0.95, Omega  0.00, alpha  4.000, steps in the past 0.000, valid nll 1.386
  [diag] log10|dL/dh_t| hist bins=60 range=(-12.50,-11.50) mean=-12.00 p50=-12.00 p05=-12.00 p95=-12.00
  [diag] sat-dist hist bins=60 sat<0.05=0.0% mean=0.984 p10=0.983 p90=0.985
Iter 0012860: train nll 1.387, valid error 074.890%, best valid error 074.070%, avg grad norm   0.191, avg grad norm (post clip)   0.053, rho_Whh  0.95, Omega  0.00, alpha  4.000, steps in the past 0.000, valid nll 1.386
  [diag] log10|dL/dh_t| hist bins=60 range=(-12.50,-11.50) mean=-12.00 p50=-12.00 p05=-12.00 p95=-12.00
  [diag] sat-dist hist bins=60 sat<0.05=0.0% mean=0.984 p10=0.983 p90=0.984
Iter 0012880: train nll 1.386, valid error 074.970%, best valid error 074.070%, avg grad norm   0.174, avg grad norm (post clip)   0.052, rho_Whh  0.95, Omega  0.00, alpha  4.000, steps in the past 0.000, valid nll 1.386
  [diag] log10|dL/dh_t| hist bins=60 range=(-12.50,-11.50) mean=-12.00 p50=-12.00 p05=-12.00 p95=-12.00
  [diag] sat-dist hist bins=60 sat<0.05=0.0% mean=0.984 p10=0.983 p90=0.984
Iter 0012900: train nll 1.386, valid error 074.970%, best valid error 074.070%, avg grad norm   0.197, avg grad norm (post clip)   0.053, rho_Whh  0.95, Omega  0.00, alpha  4.000, steps in the past 0.000, valid nll 1.386
  [diag] log10|dL/dh_t| hist bins=60 range=(-12.50,-11.50) mean=-12.00 p50=-12.00 p05=-12.00 p95=-12.00
  [diag] sat-dist hist bins=60 sat<0.05=0.0% mean=0.984 p10=0.983 p90=0.984
Iter 0012920: train nll 1.387, valid error 074.970%, best valid error 074.070%, avg grad norm   0.163, avg grad norm (post clip)   0.053, rho_Whh  0.95, Omega  0.00, alpha  4.000, steps in the past 0.000, valid nll 1.386
  [diag] log10|dL/dh_t| hist bins=60 range=(-12.50,-11.50) mean=-12.00 p50=-12.00 p05=-12.00 p95=-12.00
  [diag] sat-dist hist bins=60 sat<0.05=0.0% mean=0.984 p10=0.983 p90=0.984
Iter 0012940: train nll 1.386, valid error 074.860%, best valid error 074.070%, avg grad norm   0.203, avg grad norm (post clip)   0.053, rho_Whh  0.95, Omega  0.00, alpha  4.000, steps in the past 0.000, valid nll 1.386
  [diag] log10|dL/dh_t| hist bins=60 range=(-12.50,-11.50) mean=-12.00 p50=-12.00 p05=-12.00 p95=-12.00
  [diag] sat-dist hist bins=60 sat<0.05=0.0% mean=0.984 p10=0.984 p90=0.985
Iter 0012960: train nll 1.386, valid error 074.720%, best valid error 074.070%, avg grad norm   0.169, avg grad norm (post clip)   0.052, rho_Whh  0.95, Omega  0.00, alpha  4.000, steps in the past 0.000, valid nll 1.386
  [diag] log10|dL/dh_t| hist bins=60 range=(-12.50,-11.50) mean=-12.00 p50=-12.00 p05=-12.00 p95=-12.00
  [diag] sat-dist hist bins=60 sat<0.05=0.0% mean=0.984 p10=0.984 p90=0.985
Iter 0012980: train nll 1.386, valid error 074.460%, best valid error 074.070%, avg grad norm   0.187, avg grad norm (post clip)   0.053, rho_Whh  0.95, Omega  0.00, alpha  4.000, steps in the past 0.000, valid nll 1.386
  [diag] log10|dL/dh_t| hist bins=60 range=(-12.50,-11.50) mean=-12.00 p50=-12.00 p05=-12.00 p95=-12.00
  [diag] sat-dist hist bins=60 sat<0.05=0.0% mean=0.984 p10=0.983 p90=0.985
Iter 0013000: train nll 1.387, valid error 075.090%, best valid error 074.070%, avg grad norm   0.173, avg grad norm (post clip)   0.053, rho_Whh  0.95, Omega  0.00, alpha  4.000, steps in the past 0.000, valid nll 1.386
  [diag] log10|dL/dh_t| hist bins=60 range=(-12.50,-11.50) mean=-12.00 p50=-12.00 p05=-12.00 p95=-12.00
  [diag] sat-dist hist bins=60 sat<0.05=0.0% mean=0.984 p10=0.983 p90=0.985
Iter 0013020: train nll 1.386, valid error 074.730%, best valid error 074.070%, avg grad norm   0.188, avg grad norm (post clip)   0.053, rho_Whh  0.95, Omega  0.00, alpha  4.000, steps in the past 0.000, valid nll 1.386
  [diag] log10|dL/dh_t| hist bins=60 range=(-12.50,-11.50) mean=-12.00 p50=-12.00 p05=-12.00 p95=-12.00
  [diag] sat-dist hist bins=60 sat<0.05=0.0% mean=0.984 p10=0.983 p90=0.985
Iter 0013040: train nll 1.387, valid error 074.310%, best valid error 074.070%, avg grad norm   0.194, avg grad norm (post clip)   0.053, rho_Whh  0.95, Omega  0.00, alpha  4.000, steps in the past 0.000, valid nll 1.386
  [diag] log10|dL/dh_t| hist bins=60 range=(-12.50,-11.50) mean=-12.00 p50=-12.00 p05=-12.00 p95=-12.00
  [diag] sat-dist hist bins=60 sat<0.05=0.0% mean=0.984 p10=0.984 p90=0.985
Iter 0013060: train nll 1.386, valid error 074.200%, best valid error 074.070%, avg grad norm   0.161, avg grad norm (post clip)   0.053, rho_Whh  0.95, Omega  0.00, alpha  4.000, steps in the past 0.000, valid nll 1.386
  [diag] log10|dL/dh_t| hist bins=60 range=(-12.50,-11.50) mean=-12.00 p50=-12.00 p05=-12.00 p95=-12.00
  [diag] sat-dist hist bins=60 sat<0.05=0.0% mean=0.985 p10=0.984 p90=0.985
Iter 0013080: train nll 1.386, valid error 074.160%, best valid error 074.070%, avg grad norm   0.202, avg grad norm (post clip)   0.052, rho_Whh  0.95, Omega  0.00, alpha  4.000, steps in the past 0.000, valid nll 1.386
  [diag] log10|dL/dh_t| hist bins=60 range=(-12.50,-11.50) mean=-12.00 p50=-12.00 p05=-12.00 p95=-12.00
  [diag] sat-dist hist bins=60 sat<0.05=0.0% mean=0.985 p10=0.984 p90=0.985
Iter 0013100: train nll 1.386, valid error 074.320%, best valid error 074.070%, avg grad norm   0.174, avg grad norm (post clip)   0.053, rho_Whh  0.95, Omega  0.00, alpha  4.000, steps in the past 0.000, valid nll 1.386
  [diag] log10|dL/dh_t| hist bins=60 range=(-12.50,-11.50) mean=-12.00 p50=-12.00 p05=-12.00 p95=-12.00
  [diag] sat-dist hist bins=60 sat<0.05=0.0% mean=0.985 p10=0.984 p90=0.985
Iter 0013120: train nll 1.386, valid error 074.330%, best valid error 074.070%, avg grad norm   0.198, avg grad norm (post clip)   0.053, rho_Whh  0.95, Omega  0.00, alpha  4.000, steps in the past 0.000, valid nll 1.386
  [diag] log10|dL/dh_t| hist bins=60 range=(-12.50,-11.50) mean=-12.00 p50=-12.00 p05=-12.00 p95=-12.00
  [diag] sat-dist hist bins=60 sat<0.05=0.0% mean=0.985 p10=0.984 p90=0.985
Iter 0013140: train nll 1.386, valid error 074.370%, best valid error 074.070%, avg grad norm   0.178, avg grad norm (post clip)   0.053, rho_Whh  0.95, Omega  0.00, alpha  4.000, steps in the past 0.000, valid nll 1.386
  [diag] log10|dL/dh_t| hist bins=60 range=(-12.50,-11.50) mean=-12.00 p50=-12.00 p05=-12.00 p95=-12.00
  [diag] sat-dist hist bins=60 sat<0.05=0.0% mean=0.985 p10=0.984 p90=0.985
Iter 0013160: train nll 1.386, valid error 074.290%, best valid error 074.070%, avg grad norm   0.180, avg grad norm (post clip)   0.053, rho_Whh  0.95, Omega  0.00, alpha  4.000, steps in the past 0.000, valid nll 1.386
  [diag] log10|dL/dh_t| hist bins=60 range=(-12.50,-11.50) mean=-12.00 p50=-12.00 p05=-12.00 p95=-12.00
  [diag] sat-dist hist bins=60 sat<0.05=0.0% mean=0.985 p10=0.984 p90=0.985
Iter 0013180: train nll 1.387, valid error 074.350%, best valid error 074.070%, avg grad norm   0.166, avg grad norm (post clip)   0.053, rho_Whh  0.95, Omega  0.00, alpha  4.000, steps in the past 0.000, valid nll 1.386
  [diag] log10|dL/dh_t| hist bins=60 range=(-12.50,-11.50) mean=-12.00 p50=-12.00 p05=-12.00 p95=-12.00
  [diag] sat-dist hist bins=60 sat<0.05=0.0% mean=0.985 p10=0.984 p90=0.985
Iter 0013200: train nll 1.386, valid error 074.340%, best valid error 074.070%, avg grad norm   0.170, avg grad norm (post clip)   0.053, rho_Whh  0.95, Omega  0.00, alpha  4.000, steps in the past 0.000, valid nll 1.386
  [diag] log10|dL/dh_t| hist bins=60 range=(-12.50,-11.50) mean=-12.00 p50=-12.00 p05=-12.00 p95=-12.00
  [diag] sat-dist hist bins=60 sat<0.05=0.0% mean=0.985 p10=0.984 p90=0.985
Iter 0013220: train nll 1.386, valid error 074.330%, best valid error 074.070%, avg grad norm   0.175, avg grad norm (post clip)   0.053, rho_Whh  0.95, Omega  0.00, alpha  4.000, steps in the past 0.000, valid nll 1.386
  [diag] log10|dL/dh_t| hist bins=60 range=(-12.50,-11.50) mean=-12.00 p50=-12.00 p05=-12.00 p95=-12.00
  [diag] sat-dist hist bins=60 sat<0.05=0.0% mean=0.985 p10=0.984 p90=0.985
Iter 0013240: train nll 1.386, valid error 074.340%, best valid error 074.070%, avg grad norm   0.190, avg grad norm (post clip)   0.053, rho_Whh  0.95, Omega  0.00, alpha  4.000, steps in the past 0.000, valid nll 1.386
  [diag] log10|dL/dh_t| hist bins=60 range=(-12.50,-11.50) mean=-12.00 p50=-12.00 p05=-12.00 p95=-12.00
  [diag] sat-dist hist bins=60 sat<0.05=0.0% mean=0.985 p10=0.984 p90=0.985
Iter 0013260: train nll 1.386, valid error 074.330%, best valid error 074.070%, avg grad norm   0.192, avg grad norm (post clip)   0.053, rho_Whh  0.95, Omega  0.00, alpha  4.000, steps in the past 0.000, valid nll 1.386
  [diag] log10|dL/dh_t| hist bins=60 range=(-12.50,-11.50) mean=-12.00 p50=-12.00 p05=-12.00 p95=-12.00
  [diag] sat-dist hist bins=60 sat<0.05=0.0% mean=0.985 p10=0.984 p90=0.985
Iter 0013280: train nll 1.386, valid error 074.330%, best valid error 074.070%, avg grad norm   0.169, avg grad norm (post clip)   0.053, rho_Whh  0.95, Omega  0.00, alpha  4.000, steps in the past 0.000, valid nll 1.386
  [diag] log10|dL/dh_t| hist bins=60 range=(-12.50,-11.50) mean=-12.00 p50=-12.00 p05=-12.00 p95=-12.00
  [diag] sat-dist hist bins=60 sat<0.05=0.0% mean=0.985 p10=0.984 p90=0.985
Iter 0013300: train nll 1.387, valid error 074.340%, best valid error 074.070%, avg grad norm   0.182, avg grad norm (post clip)   0.053, rho_Whh  0.95, Omega  0.00, alpha  4.000, steps in the past 0.000, valid nll 1.386
  [diag] log10|dL/dh_t| hist bins=60 range=(-12.50,-11.50) mean=-12.00 p50=-12.00 p05=-12.00 p95=-12.00
  [diag] sat-dist hist bins=60 sat<0.05=0.0% mean=0.985 p10=0.984 p90=0.985
Iter 0013320: train nll 1.387, valid error 074.340%, best valid error 074.070%, avg grad norm   0.203, avg grad norm (post clip)   0.053, rho_Whh  0.95, Omega  0.00, alpha  4.000, steps in the past 0.000, valid nll 1.386
  [diag] log10|dL/dh_t| hist bins=60 range=(-12.50,-11.50) mean=-12.00 p50=-12.00 p05=-12.00 p95=-12.00
  [diag] sat-dist hist bins=60 sat<0.05=0.0% mean=0.985 p10=0.984 p90=0.985
Iter 0013340: train nll 1.386, valid error 074.330%, best valid error 074.070%, avg grad norm   0.200, avg grad norm (post clip)   0.053, rho_Whh  0.95, Omega  0.00, alpha  4.000, steps in the past 0.000, valid nll 1.386
  [diag] log10|dL/dh_t| hist bins=60 range=(-12.50,-11.50) mean=-12.00 p50=-12.00 p05=-12.00 p95=-12.00
  [diag] sat-dist hist bins=60 sat<0.05=0.0% mean=0.985 p10=0.984 p90=0.985
Iter 0013360: train nll 1.386, valid error 074.350%, best valid error 074.070%, avg grad norm   0.187, avg grad norm (post clip)   0.052, rho_Whh  0.95, Omega  0.00, alpha  4.000, steps in the past 0.000, valid nll 1.386
  [diag] log10|dL/dh_t| hist bins=60 range=(-12.50,-11.50) mean=-12.00 p50=-12.00 p05=-12.00 p95=-12.00
  [diag] sat-dist hist bins=60 sat<0.05=0.0% mean=0.984 p10=0.984 p90=0.985
Iter 0013380: train nll 1.386, valid error 074.440%, best valid error 074.070%, avg grad norm   0.172, avg grad norm (post clip)   0.053, rho_Whh  0.95, Omega  0.00, alpha  4.000, steps in the past 0.000, valid nll 1.386
  [diag] log10|dL/dh_t| hist bins=60 range=(-12.50,-11.50) mean=-12.00 p50=-12.00 p05=-12.00 p95=-12.00
  [diag] sat-dist hist bins=60 sat<0.05=0.0% mean=0.984 p10=0.984 p90=0.985
Iter 0013400: train nll 1.386, valid error 074.460%, best valid error 074.070%, avg grad norm   0.190, avg grad norm (post clip)   0.052, rho_Whh  0.95, Omega  0.00, alpha  4.000, steps in the past 0.000, valid nll 1.386
  [diag] log10|dL/dh_t| hist bins=60 range=(-12.50,-11.50) mean=-12.00 p50=-12.00 p05=-12.00 p95=-12.00
  [diag] sat-dist hist bins=60 sat<0.05=0.0% mean=0.984 p10=0.983 p90=0.985
Iter 0013420: train nll 1.387, valid error 075.240%, best valid error 074.070%, avg grad norm   0.213, avg grad norm (post clip)   0.053, rho_Whh  0.95, Omega  0.00, alpha  4.000, steps in the past 0.000, valid nll 1.386
  [diag] log10|dL/dh_t| hist bins=60 range=(-12.50,-11.50) mean=-12.00 p50=-12.00 p05=-12.00 p95=-12.00
  [diag] sat-dist hist bins=60 sat<0.05=0.0% mean=0.984 p10=0.983 p90=0.984
Iter 0013440: train nll 1.386, valid error 075.110%, best valid error 074.070%, avg grad norm   0.175, avg grad norm (post clip)   0.051, rho_Whh  0.95, Omega  0.00, alpha  4.000, steps in the past 0.000, valid nll 1.386
  [diag] log10|dL/dh_t| hist bins=60 range=(-12.50,-11.50) mean=-12.00 p50=-12.00 p05=-12.00 p95=-12.00
  [diag] sat-dist hist bins=60 sat<0.05=0.0% mean=0.984 p10=0.983 p90=0.985
Iter 0013460: train nll 1.386, valid error 074.690%, best valid error 074.070%, avg grad norm   0.173, avg grad norm (post clip)   0.051, rho_Whh  0.95, Omega  0.00, alpha  4.000, steps in the past 0.000, valid nll 1.386
  [diag] log10|dL/dh_t| hist bins=60 range=(-12.50,-11.50) mean=-12.00 p50=-12.00 p05=-12.00 p95=-12.00
  [diag] sat-dist hist bins=60 sat<0.05=0.0% mean=0.984 p10=0.983 p90=0.985
Iter 0013480: train nll 1.386, valid error 074.350%, best valid error 074.070%, avg grad norm   0.176, avg grad norm (post clip)   0.053, rho_Whh  0.95, Omega  0.00, alpha  4.000, steps in the past 0.000, valid nll 1.386
  [diag] log10|dL/dh_t| hist bins=60 range=(-12.50,-11.50) mean=-12.00 p50=-12.00 p05=-12.00 p95=-12.00
  [diag] sat-dist hist bins=60 sat<0.05=0.0% mean=0.984 p10=0.983 p90=0.985
Iter 0013500: train nll 1.386, valid error 074.810%, best valid error 074.070%, avg grad norm   0.177, avg grad norm (post clip)   0.053, rho_Whh  0.95, Omega  0.00, alpha  4.000, steps in the past 0.000, valid nll 1.386
  [diag] log10|dL/dh_t| hist bins=60 range=(-12.50,-11.50) mean=-12.00 p50=-12.00 p05=-12.00 p95=-12.00
  [diag] sat-dist hist bins=60 sat<0.05=0.0% mean=0.984 p10=0.983 p90=0.985
Iter 0013520: train nll 1.386, valid error 074.900%, best valid error 074.070%, avg grad norm   0.209, avg grad norm (post clip)   0.053, rho_Whh  0.95, Omega  0.00, alpha  4.000, steps in the past 0.000, valid nll 1.386
  [diag] log10|dL/dh_t| hist bins=60 range=(-12.50,-11.50) mean=-12.00 p50=-12.00 p05=-12.00 p95=-12.00
  [diag] sat-dist hist bins=60 sat<0.05=0.0% mean=0.984 p10=0.983 p90=0.985
Iter 0013540: train nll 1.386, valid error 075.370%, best valid error 074.070%, avg grad norm   0.185, avg grad norm (post clip)   0.053, rho_Whh  0.95, Omega  0.00, alpha  4.000, steps in the past 0.000, valid nll 1.386
  [diag] log10|dL/dh_t| hist bins=60 range=(-12.50,-11.50) mean=-12.00 p50=-12.00 p05=-12.00 p95=-12.00
  [diag] sat-dist hist bins=60 sat<0.05=0.0% mean=0.984 p10=0.983 p90=0.985
Iter 0013560: train nll 1.386, valid error 074.750%, best valid error 074.070%, avg grad norm   0.162, avg grad norm (post clip)   0.053, rho_Whh  0.95, Omega  0.00, alpha  4.000, steps in the past 0.000, valid nll 1.386
  [diag] log10|dL/dh_t| hist bins=60 range=(-12.50,-11.50) mean=-12.00 p50=-12.00 p05=-12.00 p95=-12.00
  [diag] sat-dist hist bins=60 sat<0.05=0.0% mean=0.984 p10=0.983 p90=0.985
Iter 0013580: train nll 1.387, valid error 074.850%, best valid error 074.070%, avg grad norm   0.201, avg grad norm (post clip)   0.053, rho_Whh  0.95, Omega  0.00, alpha  4.000, steps in the past 0.000, valid nll 1.386
  [diag] log10|dL/dh_t| hist bins=60 range=(-12.50,-11.50) mean=-12.00 p50=-12.00 p05=-12.00 p95=-12.00
  [diag] sat-dist hist bins=60 sat<0.05=0.0% mean=0.984 p10=0.983 p90=0.984
Iter 0013600: train nll 1.386, valid error 075.220%, best valid error 074.070%, avg grad norm   0.204, avg grad norm (post clip)   0.053, rho_Whh  0.95, Omega  0.00, alpha  4.000, steps in the past 0.000, valid nll 1.386
  [diag] log10|dL/dh_t| hist bins=60 range=(-12.50,-11.50) mean=-12.00 p50=-12.00 p05=-12.00 p95=-12.00
  [diag] sat-dist hist bins=60 sat<0.05=0.0% mean=0.984 p10=0.983 p90=0.985
Iter 0013620: train nll 1.386, valid error 074.920%, best valid error 074.070%, avg grad norm   0.195, avg grad norm (post clip)   0.053, rho_Whh  0.95, Omega  0.00, alpha  4.000, steps in the past 0.000, valid nll 1.386
  [diag] log10|dL/dh_t| hist bins=60 range=(-12.50,-11.50) mean=-12.00 p50=-12.00 p05=-12.00 p95=-12.00
  [diag] sat-dist hist bins=60 sat<0.05=0.0% mean=0.984 p10=0.984 p90=0.985
Iter 0013640: train nll 1.386, valid error 074.460%, best valid error 074.070%, avg grad norm   0.187, avg grad norm (post clip)   0.052, rho_Whh  0.95, Omega  0.00, alpha  4.000, steps in the past 0.000, valid nll 1.386
  [diag] log10|dL/dh_t| hist bins=60 range=(-12.50,-11.50) mean=-12.00 p50=-12.00 p05=-12.00 p95=-12.00
  [diag] sat-dist hist bins=60 sat<0.05=0.0% mean=0.984 p10=0.983 p90=0.985
Iter 0013660: train nll 1.386, valid error 074.440%, best valid error 074.070%, avg grad norm   0.141, avg grad norm (post clip)   0.051, rho_Whh  0.95, Omega  0.00, alpha  4.000, steps in the past 0.000, valid nll 1.386
  [diag] log10|dL/dh_t| hist bins=60 range=(-12.50,-11.50) mean=-12.00 p50=-12.00 p05=-12.00 p95=-12.00
  [diag] sat-dist hist bins=60 sat<0.05=0.0% mean=0.984 p10=0.983 p90=0.984
Iter 0013680: train nll 1.386, valid error 075.210%, best valid error 074.070%, avg grad norm   0.214, avg grad norm (post clip)   0.053, rho_Whh  0.95, Omega  0.00, alpha  4.000, steps in the past 0.000, valid nll 1.386
  [diag] log10|dL/dh_t| hist bins=60 range=(-12.50,-11.50) mean=-12.00 p50=-12.00 p05=-12.00 p95=-12.00
  [diag] sat-dist hist bins=60 sat<0.05=0.0% mean=0.983 p10=0.983 p90=0.984
Iter 0013700: train nll 1.386, valid error 075.220%, best valid error 074.070%, avg grad norm   0.176, avg grad norm (post clip)   0.053, rho_Whh  0.95, Omega  0.00, alpha  4.000, steps in the past 0.000, valid nll 1.386
  [diag] log10|dL/dh_t| hist bins=60 range=(-12.50,-11.50) mean=-12.00 p50=-12.00 p05=-12.00 p95=-12.00
  [diag] sat-dist hist bins=60 sat<0.05=0.0% mean=0.983 p10=0.983 p90=0.984
Iter 0013720: train nll 1.386, valid error 075.280%, best valid error 074.070%, avg grad norm   0.192, avg grad norm (post clip)   0.053, rho_Whh  0.95, Omega  0.00, alpha  4.000, steps in the past 0.000, valid nll 1.386
  [diag] log10|dL/dh_t| hist bins=60 range=(-12.50,-11.50) mean=-12.00 p50=-12.00 p05=-12.00 p95=-12.00
  [diag] sat-dist hist bins=60 sat<0.05=0.0% mean=0.983 p10=0.983 p90=0.984
Iter 0013740: train nll 1.386, valid error 075.240%, best valid error 074.070%, avg grad norm   0.191, avg grad norm (post clip)   0.053, rho_Whh  0.95, Omega  0.00, alpha  4.000, steps in the past 0.000, valid nll 1.386
  [diag] log10|dL/dh_t| hist bins=60 range=(-12.50,-11.50) mean=-12.00 p50=-12.00 p05=-12.00 p95=-12.00
  [diag] sat-dist hist bins=60 sat<0.05=0.0% mean=0.983 p10=0.983 p90=0.984
Iter 0013760: train nll 1.387, valid error 075.110%, best valid error 074.070%, avg grad norm   0.179, avg grad norm (post clip)   0.052, rho_Whh  0.95, Omega  0.00, alpha  4.000, steps in the past 0.000, valid nll 1.386
  [diag] log10|dL/dh_t| hist bins=60 range=(-12.50,-11.50) mean=-12.00 p50=-12.00 p05=-12.00 p95=-12.00
  [diag] sat-dist hist bins=60 sat<0.05=0.0% mean=0.983 p10=0.983 p90=0.984
Iter 0013780: train nll 1.386, valid error 075.140%, best valid error 074.070%, avg grad norm   0.193, avg grad norm (post clip)   0.053, rho_Whh  0.95, Omega  0.00, alpha  4.000, steps in the past 0.000, valid nll 1.386
  [diag] log10|dL/dh_t| hist bins=60 range=(-12.50,-11.50) mean=-12.00 p50=-12.00 p05=-12.00 p95=-12.00
  [diag] sat-dist hist bins=60 sat<0.05=0.0% mean=0.984 p10=0.983 p90=0.984
Iter 0013800: train nll 1.386, valid error 075.160%, best valid error 074.070%, avg grad norm   0.167, avg grad norm (post clip)   0.053, rho_Whh  0.95, Omega  0.00, alpha  4.000, steps in the past 0.000, valid nll 1.386
  [diag] log10|dL/dh_t| hist bins=60 range=(-12.50,-11.50) mean=-12.00 p50=-12.00 p05=-12.00 p95=-12.00
  [diag] sat-dist hist bins=60 sat<0.05=0.0% mean=0.983 p10=0.983 p90=0.984
Iter 0013820: train nll 1.386, valid error 075.240%, best valid error 074.070%, avg grad norm   0.209, avg grad norm (post clip)   0.052, rho_Whh  0.95, Omega  0.00, alpha  4.000, steps in the past 0.000, valid nll 1.386
  [diag] log10|dL/dh_t| hist bins=60 range=(-12.50,-11.50) mean=-12.00 p50=-12.00 p05=-12.00 p95=-12.00
  [diag] sat-dist hist bins=60 sat<0.05=0.0% mean=0.984 p10=0.983 p90=0.984
Iter 0013840: train nll 1.387, valid error 075.050%, best valid error 074.070%, avg grad norm   0.170, avg grad norm (post clip)   0.052, rho_Whh  0.95, Omega  0.00, alpha  4.000, steps in the past 0.000, valid nll 1.386
  [diag] log10|dL/dh_t| hist bins=60 range=(-12.50,-11.50) mean=-12.00 p50=-12.00 p05=-12.00 p95=-12.00
  [diag] sat-dist hist bins=60 sat<0.05=0.0% mean=0.984 p10=0.983 p90=0.984
Iter 0013860: train nll 1.386, valid error 075.140%, best valid error 074.070%, avg grad norm   0.174, avg grad norm (post clip)   0.053, rho_Whh  0.95, Omega  0.00, alpha  4.000, steps in the past 0.000, valid nll 1.386
  [diag] log10|dL/dh_t| hist bins=60 range=(-12.50,-11.50) mean=-12.00 p50=-12.00 p05=-12.00 p95=-12.00
  [diag] sat-dist hist bins=60 sat<0.05=0.0% mean=0.984 p10=0.983 p90=0.984
Iter 0013880: train nll 1.386, valid error 075.070%, best valid error 074.070%, avg grad norm   0.192, avg grad norm (post clip)   0.053, rho_Whh  0.95, Omega  0.00, alpha  4.000, steps in the past 0.000, valid nll 1.386
  [diag] log10|dL/dh_t| hist bins=60 range=(-12.50,-11.50) mean=-12.00 p50=-12.00 p05=-12.00 p95=-12.00
  [diag] sat-dist hist bins=60 sat<0.05=0.0% mean=0.984 p10=0.983 p90=0.984
Iter 0013900: train nll 1.386, valid error 074.440%, best valid error 074.070%, avg grad norm   0.190, avg grad norm (post clip)   0.053, rho_Whh  0.95, Omega  0.00, alpha  4.000, steps in the past 0.000, valid nll 1.386
  [diag] log10|dL/dh_t| hist bins=60 range=(-12.50,-11.50) mean=-12.00 p50=-12.00 p05=-12.00 p95=-12.00
  [diag] sat-dist hist bins=60 sat<0.05=0.0% mean=0.984 p10=0.983 p90=0.984
Iter 0013920: train nll 1.386, valid error 074.230%, best valid error 074.070%, avg grad norm   0.147, avg grad norm (post clip)   0.052, rho_Whh  0.95, Omega  0.00, alpha  4.000, steps in the past 0.000, valid nll 1.386
  [diag] log10|dL/dh_t| hist bins=60 range=(-12.50,-11.50) mean=-12.00 p50=-12.00 p05=-12.00 p95=-12.00
  [diag] sat-dist hist bins=60 sat<0.05=0.0% mean=0.984 p10=0.983 p90=0.984
Iter 0013940: train nll 1.386, valid error 075.160%, best valid error 074.070%, avg grad norm   0.198, avg grad norm (post clip)   0.053, rho_Whh  0.95, Omega  0.00, alpha  4.000, steps in the past 0.000, valid nll 1.386
  [diag] log10|dL/dh_t| hist bins=60 range=(-12.50,-11.50) mean=-12.00 p50=-12.00 p05=-12.00 p95=-12.00
  [diag] sat-dist hist bins=60 sat<0.05=0.0% mean=0.984 p10=0.983 p90=0.984
Iter 0013960: train nll 1.386, valid error 074.980%, best valid error 074.070%, avg grad norm   0.185, avg grad norm (post clip)   0.053, rho_Whh  0.95, Omega  0.00, alpha  4.000, steps in the past 0.000, valid nll 1.386
  [diag] log10|dL/dh_t| hist bins=60 range=(-12.50,-11.50) mean=-12.00 p50=-12.00 p05=-12.00 p95=-12.00
  [diag] sat-dist hist bins=60 sat<0.05=0.0% mean=0.984 p10=0.983 p90=0.984
Iter 0013980: train nll 1.386, valid error 074.650%, best valid error 074.070%, avg grad norm   0.183, avg grad norm (post clip)   0.052, rho_Whh  0.95, Omega  0.00, alpha  4.000, steps in the past 0.000, valid nll 1.386
  [diag] log10|dL/dh_t| hist bins=60 range=(-12.50,-11.50) mean=-12.00 p50=-12.00 p05=-12.00 p95=-12.00
  [diag] sat-dist hist bins=60 sat<0.05=0.0% mean=0.984 p10=0.983 p90=0.984
Iter 0014000: train nll 1.386, valid error 074.970%, best valid error 074.070%, avg grad norm   0.187, avg grad norm (post clip)   0.053, rho_Whh  0.95, Omega  0.00, alpha  4.000, steps in the past 0.000, valid nll 1.386
  [diag] log10|dL/dh_t| hist bins=60 range=(-12.50,-11.50) mean=-12.00 p50=-12.00 p05=-12.00 p95=-12.00
  [diag] sat-dist hist bins=60 sat<0.05=0.0% mean=0.984 p10=0.983 p90=0.984
Iter 0014020: train nll 1.386, valid error 075.120%, best valid error 074.070%, avg grad norm   0.163, avg grad norm (post clip)   0.053, rho_Whh  0.95, Omega  0.00, alpha  4.000, steps in the past 0.000, valid nll 1.386
  [diag] log10|dL/dh_t| hist bins=60 range=(-12.50,-11.50) mean=-12.00 p50=-12.00 p05=-12.00 p95=-12.00
  [diag] sat-dist hist bins=60 sat<0.05=0.0% mean=0.984 p10=0.983 p90=0.984
Iter 0014040: train nll 1.386, valid error 074.860%, best valid error 074.070%, avg grad norm   0.187, avg grad norm (post clip)   0.053, rho_Whh  0.95, Omega  0.00, alpha  4.000, steps in the past 0.000, valid nll 1.386
  [diag] log10|dL/dh_t| hist bins=60 range=(-12.50,-11.50) mean=-12.00 p50=-12.00 p05=-12.00 p95=-12.00
  [diag] sat-dist hist bins=60 sat<0.05=0.0% mean=0.984 p10=0.983 p90=0.984
Iter 0014060: train nll 1.386, valid error 074.900%, best valid error 074.070%, avg grad norm   0.222, avg grad norm (post clip)   0.053, rho_Whh  0.95, Omega  0.00, alpha  4.000, steps in the past 0.000, valid nll 1.386
  [diag] log10|dL/dh_t| hist bins=60 range=(-12.50,-11.50) mean=-12.00 p50=-12.00 p05=-12.00 p95=-12.00
  [diag] sat-dist hist bins=60 sat<0.05=0.0% mean=0.984 p10=0.983 p90=0.985
Iter 0014080: train nll 1.386, valid error 074.490%, best valid error 074.070%, avg grad norm   0.165, avg grad norm (post clip)   0.052, rho_Whh  0.95, Omega  0.00, alpha  4.000, steps in the past 0.000, valid nll 1.386
  [diag] log10|dL/dh_t| hist bins=60 range=(-12.50,-11.50) mean=-12.00 p50=-12.00 p05=-12.00 p95=-12.00
  [diag] sat-dist hist bins=60 sat<0.05=0.0% mean=0.984 p10=0.983 p90=0.984
Iter 0014100: train nll 1.386, valid error 074.900%, best valid error 074.070%, avg grad norm   0.192, avg grad norm (post clip)   0.053, rho_Whh  0.95, Omega  0.00, alpha  4.000, steps in the past 0.000, valid nll 1.386
  [diag] log10|dL/dh_t| hist bins=60 range=(-12.50,-11.50) mean=-12.00 p50=-12.00 p05=-12.00 p95=-12.00
  [diag] sat-dist hist bins=60 sat<0.05=0.0% mean=0.984 p10=0.983 p90=0.985
Iter 0014120: train nll 1.386, valid error 075.280%, best valid error 074.070%, avg grad norm   0.191, avg grad norm (post clip)   0.053, rho_Whh  0.95, Omega  0.00, alpha  4.000, steps in the past 0.000, valid nll 1.386
  [diag] log10|dL/dh_t| hist bins=60 range=(-12.50,-11.50) mean=-12.00 p50=-12.00 p05=-12.00 p95=-12.00
  [diag] sat-dist hist bins=60 sat<0.05=0.0% mean=0.984 p10=0.983 p90=0.985
Iter 0014140: train nll 1.386, valid error 074.930%, best valid error 074.070%, avg grad norm   0.178, avg grad norm (post clip)   0.052, rho_Whh  0.95, Omega  0.00, alpha  4.000, steps in the past 0.000, valid nll 1.386
  [diag] log10|dL/dh_t| hist bins=60 range=(-12.50,-11.50) mean=-12.00 p50=-12.00 p05=-12.00 p95=-12.00
  [diag] sat-dist hist bins=60 sat<0.05=0.0% mean=0.984 p10=0.984 p90=0.985
Iter 0014160: train nll 1.386, valid error 074.970%, best valid error 074.070%, avg grad norm   0.170, avg grad norm (post clip)   0.053, rho_Whh  0.95, Omega  0.00, alpha  4.000, steps in the past 0.000, valid nll 1.386
  [diag] log10|dL/dh_t| hist bins=60 range=(-12.50,-11.50) mean=-12.00 p50=-12.00 p05=-12.00 p95=-12.00
  [diag] sat-dist hist bins=60 sat<0.05=0.0% mean=0.984 p10=0.984 p90=0.985
Iter 0014180: train nll 1.386, valid error 074.820%, best valid error 074.070%, avg grad norm   0.192, avg grad norm (post clip)   0.053, rho_Whh  0.95, Omega  0.00, alpha  4.000, steps in the past 0.000, valid nll 1.386
  [diag] log10|dL/dh_t| hist bins=60 range=(-12.50,-11.50) mean=-12.00 p50=-12.00 p05=-12.00 p95=-12.00
  [diag] sat-dist hist bins=60 sat<0.05=0.0% mean=0.984 p10=0.984 p90=0.985
Iter 0014200: train nll 1.386, valid error 075.250%, best valid error 074.070%, avg grad norm   0.172, avg grad norm (post clip)   0.053, rho_Whh  0.95, Omega  0.00, alpha  4.000, steps in the past 0.000, valid nll 1.386
  [diag] log10|dL/dh_t| hist bins=60 range=(-12.50,-11.50) mean=-12.00 p50=-12.00 p05=-12.00 p95=-12.00
  [diag] sat-dist hist bins=60 sat<0.05=0.0% mean=0.985 p10=0.984 p90=0.985
Iter 0014220: train nll 1.386, valid error 075.030%, best valid error 074.070%, avg grad norm   0.183, avg grad norm (post clip)   0.053, rho_Whh  0.95, Omega  0.00, alpha  4.000, steps in the past 0.000, valid nll 1.386
  [diag] log10|dL/dh_t| hist bins=60 range=(-12.50,-11.50) mean=-12.00 p50=-12.00 p05=-12.00 p95=-12.00
  [diag] sat-dist hist bins=60 sat<0.05=0.0% mean=0.985 p10=0.984 p90=0.985
Iter 0014240: train nll 1.386, valid error 075.450%, best valid error 074.070%, avg grad norm   0.181, avg grad norm (post clip)   0.053, rho_Whh  0.95, Omega  0.00, alpha  4.000, steps in the past 0.000, valid nll 1.386
  [diag] log10|dL/dh_t| hist bins=60 range=(-12.50,-11.50) mean=-12.00 p50=-12.00 p05=-12.00 p95=-12.00
  [diag] sat-dist hist bins=60 sat<0.05=0.0% mean=0.984 p10=0.984 p90=0.985
Iter 0014260: train nll 1.386, valid error 075.410%, best valid error 074.070%, avg grad norm   0.154, avg grad norm (post clip)   0.052, rho_Whh  0.95, Omega  0.00, alpha  4.000, steps in the past 0.000, valid nll 1.386
  [diag] log10|dL/dh_t| hist bins=60 range=(-12.50,-11.50) mean=-12.00 p50=-12.00 p05=-12.00 p95=-12.00
  [diag] sat-dist hist bins=60 sat<0.05=0.0% mean=0.984 p10=0.984 p90=0.985
Iter 0014280: train nll 1.386, valid error 075.390%, best valid error 074.070%, avg grad norm   0.158, avg grad norm (post clip)   0.051, rho_Whh  0.95, Omega  0.00, alpha  4.000, steps in the past 0.000, valid nll 1.386
  [diag] log10|dL/dh_t| hist bins=60 range=(-12.50,-11.50) mean=-12.00 p50=-12.00 p05=-12.00 p95=-12.00
  [diag] sat-dist hist bins=60 sat<0.05=0.0% mean=0.985 p10=0.984 p90=0.985
Iter 0014300: train nll 1.386, valid error 074.970%, best valid error 074.070%, avg grad norm   0.170, avg grad norm (post clip)   0.052, rho_Whh  0.95, Omega  0.00, alpha  4.000, steps in the past 0.000, valid nll 1.386
  [diag] log10|dL/dh_t| hist bins=60 range=(-12.50,-11.50) mean=-12.00 p50=-12.00 p05=-12.00 p95=-12.00
  [diag] sat-dist hist bins=60 sat<0.05=0.0% mean=0.985 p10=0.984 p90=0.985
Iter 0014320: train nll 1.386, valid error 074.400%, best valid error 074.070%, avg grad norm   0.179, avg grad norm (post clip)   0.052, rho_Whh  0.95, Omega  0.00, alpha  4.000, steps in the past 0.000, valid nll 1.386
  [diag] log10|dL/dh_t| hist bins=60 range=(-12.50,-11.50) mean=-12.00 p50=-12.00 p05=-12.00 p95=-12.00
  [diag] sat-dist hist bins=60 sat<0.05=0.0% mean=0.985 p10=0.984 p90=0.985
Iter 0014340: train nll 1.386, valid error 074.280%, best valid error 074.070%, avg grad norm   0.196, avg grad norm (post clip)   0.053, rho_Whh  0.95, Omega  0.00, alpha  4.000, steps in the past 0.000, valid nll 1.386
  [diag] log10|dL/dh_t| hist bins=60 range=(-12.50,-11.50) mean=-12.00 p50=-12.00 p05=-12.00 p95=-12.00
  [diag] sat-dist hist bins=60 sat<0.05=0.0% mean=0.985 p10=0.984 p90=0.985
Iter 0014360: train nll 1.386, valid error 074.340%, best valid error 074.070%, avg grad norm   0.162, avg grad norm (post clip)   0.053, rho_Whh  0.95, Omega  0.00, alpha  4.000, steps in the past 0.000, valid nll 1.386
  [diag] log10|dL/dh_t| hist bins=60 range=(-12.50,-11.50) mean=-12.00 p50=-12.00 p05=-12.00 p95=-12.00
  [diag] sat-dist hist bins=60 sat<0.05=0.0% mean=0.985 p10=0.984 p90=0.985
Iter 0014380: train nll 1.386, valid error 074.330%, best valid error 074.070%, avg grad norm   0.170, avg grad norm (post clip)   0.053, rho_Whh  0.95, Omega  0.00, alpha  4.000, steps in the past 0.000, valid nll 1.386
  [diag] log10|dL/dh_t| hist bins=60 range=(-12.50,-11.50) mean=-12.00 p50=-12.00 p05=-12.00 p95=-12.00
  [diag] sat-dist hist bins=60 sat<0.05=0.0% mean=0.985 p10=0.984 p90=0.985
Iter 0014400: train nll 1.386, valid error 074.330%, best valid error 074.070%, avg grad norm   0.200, avg grad norm (post clip)   0.053, rho_Whh  0.95, Omega  0.00, alpha  4.000, steps in the past 0.000, valid nll 1.386
  [diag] log10|dL/dh_t| hist bins=60 range=(-12.50,-11.50) mean=-12.00 p50=-12.00 p05=-12.00 p95=-12.00
  [diag] sat-dist hist bins=60 sat<0.05=0.0% mean=0.984 p10=0.984 p90=0.985
Iter 0014420: train nll 1.386, valid error 074.340%, best valid error 074.070%, avg grad norm   0.199, avg grad norm (post clip)   0.053, rho_Whh  0.95, Omega  0.00, alpha  4.000, steps in the past 0.000, valid nll 1.386
  [diag] log10|dL/dh_t| hist bins=60 range=(-12.50,-11.50) mean=-12.00 p50=-12.00 p05=-12.00 p95=-12.00
  [diag] sat-dist hist bins=60 sat<0.05=0.0% mean=0.984 p10=0.984 p90=0.985
Iter 0014440: train nll 1.386, valid error 074.330%, best valid error 074.070%, avg grad norm   0.190, avg grad norm (post clip)   0.053, rho_Whh  0.95, Omega  0.00, alpha  4.000, steps in the past 0.000, valid nll 1.386
  [diag] log10|dL/dh_t| hist bins=60 range=(-12.50,-11.50) mean=-12.00 p50=-12.00 p05=-12.00 p95=-12.00
  [diag] sat-dist hist bins=60 sat<0.05=0.0% mean=0.984 p10=0.984 p90=0.985
Iter 0014460: train nll 1.386, valid error 074.430%, best valid error 074.070%, avg grad norm   0.197, avg grad norm (post clip)   0.053, rho_Whh  0.95, Omega  0.00, alpha  4.000, steps in the past 0.000, valid nll 1.386
  [diag] log10|dL/dh_t| hist bins=60 range=(-12.50,-11.50) mean=-12.00 p50=-12.00 p05=-12.00 p95=-12.00
  [diag] sat-dist hist bins=60 sat<0.05=0.0% mean=0.984 p10=0.983 p90=0.985
Iter 0014480: train nll 1.386, valid error 074.590%, best valid error 074.070%, avg grad norm   0.176, avg grad norm (post clip)   0.053, rho_Whh  0.95, Omega  0.00, alpha  4.000, steps in the past 0.000, valid nll 1.386
  [diag] log10|dL/dh_t| hist bins=60 range=(-12.50,-11.50) mean=-12.00 p50=-12.00 p05=-12.00 p95=-12.00
  [diag] sat-dist hist bins=60 sat<0.05=0.0% mean=0.984 p10=0.983 p90=0.984
Iter 0014500: train nll 1.386, valid error 075.080%, best valid error 074.070%, avg grad norm   0.169, avg grad norm (post clip)   0.053, rho_Whh  0.95, Omega  0.00, alpha  4.000, steps in the past 0.000, valid nll 1.386
  [diag] log10|dL/dh_t| hist bins=60 range=(-12.50,-11.50) mean=-12.00 p50=-12.00 p05=-12.00 p95=-12.00
  [diag] sat-dist hist bins=60 sat<0.05=0.0% mean=0.984 p10=0.983 p90=0.985
Iter 0014520: train nll 1.386, valid error 074.460%, best valid error 074.070%, avg grad norm   0.181, avg grad norm (post clip)   0.053, rho_Whh  0.95, Omega  0.00, alpha  4.000, steps in the past 0.000, valid nll 1.386
  [diag] log10|dL/dh_t| hist bins=60 range=(-12.50,-11.50) mean=-12.00 p50=-12.00 p05=-12.00 p95=-12.00
  [diag] sat-dist hist bins=60 sat<0.05=0.0% mean=0.984 p10=0.984 p90=0.985
Iter 0014540: train nll 1.386, valid error 074.420%, best valid error 074.070%, avg grad norm   0.169, avg grad norm (post clip)   0.053, rho_Whh  0.95, Omega  0.00, alpha  4.000, steps in the past 0.000, valid nll 1.386
  [diag] log10|dL/dh_t| hist bins=60 range=(-12.50,-11.50) mean=-12.00 p50=-12.00 p05=-12.00 p95=-12.00
  [diag] sat-dist hist bins=60 sat<0.05=0.0% mean=0.984 p10=0.984 p90=0.985
Iter 0014560: train nll 1.386, valid error 074.510%, best valid error 074.070%, avg grad norm   0.182, avg grad norm (post clip)   0.053, rho_Whh  0.95, Omega  0.00, alpha  4.000, steps in the past 0.000, valid nll 1.386
  [diag] log10|dL/dh_t| hist bins=60 range=(-12.50,-11.50) mean=-12.00 p50=-12.00 p05=-12.00 p95=-12.00
  [diag] sat-dist hist bins=60 sat<0.05=0.0% mean=0.984 p10=0.984 p90=0.985
Iter 0014580: train nll 1.386, valid error 074.410%, best valid error 074.070%, avg grad norm   0.198, avg grad norm (post clip)   0.053, rho_Whh  0.95, Omega  0.00, alpha  4.000, steps in the past 0.000, valid nll 1.386
  [diag] log10|dL/dh_t| hist bins=60 range=(-12.50,-11.50) mean=-12.00 p50=-12.00 p05=-12.00 p95=-12.00
  [diag] sat-dist hist bins=60 sat<0.05=0.0% mean=0.984 p10=0.984 p90=0.985
Iter 0014600: train nll 1.386, valid error 074.440%, best valid error 074.070%, avg grad norm   0.194, avg grad norm (post clip)   0.053, rho_Whh  0.95, Omega  0.00, alpha  4.000, steps in the past 0.000, valid nll 1.386
  [diag] log10|dL/dh_t| hist bins=60 range=(-12.50,-11.50) mean=-12.00 p50=-12.00 p05=-12.00 p95=-12.00
  [diag] sat-dist hist bins=60 sat<0.05=0.0% mean=0.985 p10=0.984 p90=0.985
Iter 0014620: train nll 1.386, valid error 074.330%, best valid error 074.070%, avg grad norm   0.175, avg grad norm (post clip)   0.051, rho_Whh  0.95, Omega  0.00, alpha  4.000, steps in the past 0.000, valid nll 1.386
  [diag] log10|dL/dh_t| hist bins=60 range=(-12.50,-11.50) mean=-12.00 p50=-12.00 p05=-12.00 p95=-12.00
  [diag] sat-dist hist bins=60 sat<0.05=0.0% mean=0.985 p10=0.984 p90=0.985
Iter 0014640: train nll 1.386, valid error 074.330%, best valid error 074.070%, avg grad norm   0.172, avg grad norm (post clip)   0.052, rho_Whh  0.95, Omega  0.00, alpha  4.000, steps in the past 0.000, valid nll 1.386
  [diag] log10|dL/dh_t| hist bins=60 range=(-12.50,-11.50) mean=-12.00 p50=-12.00 p05=-12.00 p95=-12.00
  [diag] sat-dist hist bins=60 sat<0.05=0.0% mean=0.984 p10=0.984 p90=0.985
Iter 0014660: train nll 1.386, valid error 074.340%, best valid error 074.070%, avg grad norm   0.185, avg grad norm (post clip)   0.053, rho_Whh  0.95, Omega  0.00, alpha  4.000, steps in the past 0.000, valid nll 1.386
  [diag] log10|dL/dh_t| hist bins=60 range=(-12.50,-11.50) mean=-12.00 p50=-12.00 p05=-12.00 p95=-12.00
  [diag] sat-dist hist bins=60 sat<0.05=0.0% mean=0.985 p10=0.984 p90=0.985
Iter 0014680: train nll 1.386, valid error 074.330%, best valid error 074.070%, avg grad norm   0.172, avg grad norm (post clip)   0.053, rho_Whh  0.95, Omega  0.00, alpha  4.000, steps in the past 0.000, valid nll 1.386
  [diag] log10|dL/dh_t| hist bins=60 range=(-12.50,-11.50) mean=-12.00 p50=-12.00 p05=-12.00 p95=-12.00
  [diag] sat-dist hist bins=60 sat<0.05=0.0% mean=0.985 p10=0.984 p90=0.985
Iter 0014700: train nll 1.386, valid error 074.330%, best valid error 074.070%, avg grad norm   0.179, avg grad norm (post clip)   0.053, rho_Whh  0.95, Omega  0.00, alpha  4.000, steps in the past 0.000, valid nll 1.386
  [diag] log10|dL/dh_t| hist bins=60 range=(-12.50,-11.50) mean=-12.00 p50=-12.00 p05=-12.00 p95=-12.00
  [diag] sat-dist hist bins=60 sat<0.05=0.0% mean=0.985 p10=0.984 p90=0.985
Iter 0014720: train nll 1.387, valid error 074.330%, best valid error 074.070%, avg grad norm   0.159, avg grad norm (post clip)   0.053, rho_Whh  0.95, Omega  0.00, alpha  4.000, steps in the past 0.000, valid nll 1.386
  [diag] log10|dL/dh_t| hist bins=60 range=(-12.50,-11.50) mean=-12.00 p50=-12.00 p05=-12.00 p95=-12.00
  [diag] sat-dist hist bins=60 sat<0.05=0.0% mean=0.985 p10=0.984 p90=0.985
Iter 0014740: train nll 1.386, valid error 074.340%, best valid error 074.070%, avg grad norm   0.176, avg grad norm (post clip)   0.053, rho_Whh  0.95, Omega  0.00, alpha  4.000, steps in the past 0.000, valid nll 1.386
  [diag] log10|dL/dh_t| hist bins=60 range=(-12.50,-11.50) mean=-12.00 p50=-12.00 p05=-12.00 p95=-12.00
  [diag] sat-dist hist bins=60 sat<0.05=0.0% mean=0.984 p10=0.984 p90=0.985
Iter 0014760: train nll 1.386, valid error 074.510%, best valid error 074.070%, avg grad norm   0.187, avg grad norm (post clip)   0.053, rho_Whh  0.95, Omega  0.00, alpha  4.000, steps in the past 0.000, valid nll 1.386
  [diag] log10|dL/dh_t| hist bins=60 range=(-12.50,-11.50) mean=-12.00 p50=-12.00 p05=-12.00 p95=-12.00
  [diag] sat-dist hist bins=60 sat<0.05=0.0% mean=0.984 p10=0.984 p90=0.985
Iter 0014780: train nll 1.387, valid error 074.430%, best valid error 074.070%, avg grad norm   0.158, avg grad norm (post clip)   0.053, rho_Whh  0.95, Omega  0.00, alpha  4.000, steps in the past 0.000, valid nll 1.386
  [diag] log10|dL/dh_t| hist bins=60 range=(-12.50,-11.50) mean=-12.00 p50=-12.00 p05=-12.00 p95=-12.00
  [diag] sat-dist hist bins=60 sat<0.05=0.0% mean=0.984 p10=0.984 p90=0.985
Iter 0014800: train nll 1.386, valid error 074.470%, best valid error 074.070%, avg grad norm   0.193, avg grad norm (post clip)   0.053, rho_Whh  0.95, Omega  0.00, alpha  4.000, steps in the past 0.000, valid nll 1.386
  [diag] log10|dL/dh_t| hist bins=60 range=(-12.50,-11.50) mean=-12.00 p50=-12.00 p05=-12.00 p95=-12.00
  [diag] sat-dist hist bins=60 sat<0.05=0.0% mean=0.984 p10=0.984 p90=0.985
Iter 0014820: train nll 1.386, valid error 074.370%, best valid error 074.070%, avg grad norm   0.186, avg grad norm (post clip)   0.053, rho_Whh  0.95, Omega  0.00, alpha  4.000, steps in the past 0.000, valid nll 1.386
  [diag] log10|dL/dh_t| hist bins=60 range=(-12.50,-11.50) mean=-12.00 p50=-12.00 p05=-12.00 p95=-12.00
  [diag] sat-dist hist bins=60 sat<0.05=0.0% mean=0.984 p10=0.984 p90=0.985
Iter 0014840: train nll 1.386, valid error 074.480%, best valid error 074.070%, avg grad norm   0.189, avg grad norm (post clip)   0.053, rho_Whh  0.95, Omega  0.00, alpha  4.000, steps in the past 0.000, valid nll 1.386
  [diag] log10|dL/dh_t| hist bins=60 range=(-12.50,-11.50) mean=-12.00 p50=-12.00 p05=-12.00 p95=-12.00
  [diag] sat-dist hist bins=60 sat<0.05=0.0% mean=0.984 p10=0.984 p90=0.985
Iter 0014860: train nll 1.386, valid error 074.490%, best valid error 074.070%, avg grad norm   0.162, avg grad norm (post clip)   0.052, rho_Whh  0.95, Omega  0.00, alpha  4.000, steps in the past 0.000, valid nll 1.386
  [diag] log10|dL/dh_t| hist bins=60 range=(-12.50,-11.50) mean=-12.00 p50=-12.00 p05=-12.00 p95=-12.00
  [diag] sat-dist hist bins=60 sat<0.05=0.0% mean=0.984 p10=0.984 p90=0.985
Iter 0014880: train nll 1.387, valid error 074.450%, best valid error 074.070%, avg grad norm   0.169, avg grad norm (post clip)   0.053, rho_Whh  0.95, Omega  0.00, alpha  4.000, steps in the past 0.000, valid nll 1.386
  [diag] log10|dL/dh_t| hist bins=60 range=(-12.50,-11.50) mean=-12.00 p50=-12.00 p05=-12.00 p95=-12.00
  [diag] sat-dist hist bins=60 sat<0.05=0.0% mean=0.984 p10=0.983 p90=0.985
Iter 0014900: train nll 1.386, valid error 074.580%, best valid error 074.070%, avg grad norm   0.188, avg grad norm (post clip)   0.053, rho_Whh  0.95, Omega  0.00, alpha  4.000, steps in the past 0.000, valid nll 1.386
  [diag] log10|dL/dh_t| hist bins=60 range=(-12.50,-11.50) mean=-12.00 p50=-12.00 p05=-12.00 p95=-12.00
  [diag] sat-dist hist bins=60 sat<0.05=0.0% mean=0.984 p10=0.983 p90=0.985
Iter 0014920: train nll 1.386, valid error 074.900%, best valid error 074.070%, avg grad norm   0.167, avg grad norm (post clip)   0.053, rho_Whh  0.95, Omega  0.00, alpha  4.000, steps in the past 0.000, valid nll 1.386
  [diag] log10|dL/dh_t| hist bins=60 range=(-12.50,-11.50) mean=-12.00 p50=-12.00 p05=-12.00 p95=-12.00
  [diag] sat-dist hist bins=60 sat<0.05=0.0% mean=0.984 p10=0.983 p90=0.984
Iter 0014940: train nll 1.386, valid error 075.100%, best valid error 074.070%, avg grad norm   0.168, avg grad norm (post clip)   0.053, rho_Whh  0.95, Omega  0.00, alpha  4.000, steps in the past 0.000, valid nll 1.386
  [diag] log10|dL/dh_t| hist bins=60 range=(-12.50,-11.50) mean=-12.00 p50=-12.00 p05=-12.00 p95=-12.00
  [diag] sat-dist hist bins=60 sat<0.05=0.0% mean=0.984 p10=0.983 p90=0.984
Iter 0014960: train nll 1.387, valid error 075.120%, best valid error 074.070%, avg grad norm   0.210, avg grad norm (post clip)   0.052, rho_Whh  0.95, Omega  0.00, alpha  4.000, steps in the past 0.000, valid nll 1.386
  [diag] log10|dL/dh_t| hist bins=60 range=(-12.50,-11.50) mean=-12.00 p50=-12.00 p05=-12.00 p95=-12.00
  [diag] sat-dist hist bins=60 sat<0.05=0.0% mean=0.984 p10=0.983 p90=0.984
Iter 0014980: train nll 1.387, valid error 075.220%, best valid error 074.070%, avg grad norm   0.176, avg grad norm (post clip)   0.053, rho_Whh  0.95, Omega  0.00, alpha  4.000, steps in the past 0.000, valid nll 1.386
  [diag] log10|dL/dh_t| hist bins=60 range=(-12.50,-11.50) mean=-12.00 p50=-12.00 p05=-12.00 p95=-12.00
  [diag] sat-dist hist bins=60 sat<0.05=0.0% mean=0.984 p10=0.983 p90=0.984
Iter 0015000: train nll 1.386, valid error 075.120%, best valid error 074.070%, avg grad norm   0.168, avg grad norm (post clip)   0.053, rho_Whh  0.95, Omega  0.00, alpha  4.000, steps in the past 0.000, valid nll 1.386
  [diag] log10|dL/dh_t| hist bins=60 range=(-12.50,-11.50) mean=-12.00 p50=-12.00 p05=-12.00 p95=-12.00
  [diag] sat-dist hist bins=60 sat<0.05=0.0% mean=0.984 p10=0.983 p90=0.984
Iter 0015020: train nll 1.386, valid error 075.090%, best valid error 074.070%, avg grad norm   0.181, avg grad norm (post clip)   0.052, rho_Whh  0.95, Omega  0.00, alpha  4.000, steps in the past 0.000, valid nll 1.386
  [diag] log10|dL/dh_t| hist bins=60 range=(-12.50,-11.50) mean=-12.00 p50=-12.00 p05=-12.00 p95=-12.00
  [diag] sat-dist hist bins=60 sat<0.05=0.0% mean=0.984 p10=0.983 p90=0.984
Iter 0015040: train nll 1.386, valid error 075.330%, best valid error 074.070%, avg grad norm   0.188, avg grad norm (post clip)   0.052, rho_Whh  0.95, Omega  0.00, alpha  4.000, steps in the past 0.000, valid nll 1.386
  [diag] log10|dL/dh_t| hist bins=60 range=(-12.50,-11.50) mean=-12.00 p50=-12.00 p05=-12.00 p95=-12.00
  [diag] sat-dist hist bins=60 sat<0.05=0.0% mean=0.984 p10=0.983 p90=0.985
Iter 0015060: train nll 1.386, valid error 075.030%, best valid error 074.070%, avg grad norm   0.175, avg grad norm (post clip)   0.053, rho_Whh  0.95, Omega  0.00, alpha  4.000, steps in the past 0.000, valid nll 1.386
  [diag] log10|dL/dh_t| hist bins=60 range=(-12.50,-11.50) mean=-12.00 p50=-12.00 p05=-12.00 p95=-12.00
  [diag] sat-dist hist bins=60 sat<0.05=0.0% mean=0.984 p10=0.983 p90=0.985
Iter 0015080: train nll 1.387, valid error 075.140%, best valid error 074.070%, avg grad norm   0.206, avg grad norm (post clip)   0.053, rho_Whh  0.95, Omega  0.00, alpha  4.000, steps in the past 0.000, valid nll 1.386
  [diag] log10|dL/dh_t| hist bins=60 range=(-12.50,-11.50) mean=-12.00 p50=-12.00 p05=-12.00 p95=-12.00
  [diag] sat-dist hist bins=60 sat<0.05=0.0% mean=0.984 p10=0.983 p90=0.985
Iter 0015100: train nll 1.386, valid error 075.360%, best valid error 074.070%, avg grad norm   0.202, avg grad norm (post clip)   0.053, rho_Whh  0.95, Omega  0.00, alpha  4.000, steps in the past 0.000, valid nll 1.386
  [diag] log10|dL/dh_t| hist bins=60 range=(-12.50,-11.50) mean=-12.00 p50=-12.00 p05=-12.00 p95=-12.00
  [diag] sat-dist hist bins=60 sat<0.05=0.0% mean=0.984 p10=0.983 p90=0.985
Iter 0015120: train nll 1.386, valid error 075.530%, best valid error 074.070%, avg grad norm   0.174, avg grad norm (post clip)   0.053, rho_Whh  0.95, Omega  0.00, alpha  4.000, steps in the past 0.000, valid nll 1.386
  [diag] log10|dL/dh_t| hist bins=60 range=(-12.50,-11.50) mean=-12.00 p50=-12.00 p05=-12.00 p95=-12.00
  [diag] sat-dist hist bins=60 sat<0.05=0.0% mean=0.984 p10=0.984 p90=0.985
Iter 0015140: train nll 1.386, valid error 075.040%, best valid error 074.070%, avg grad norm   0.215, avg grad norm (post clip)   0.053, rho_Whh  0.95, Omega  0.00, alpha  4.000, steps in the past 0.000, valid nll 1.386
  [diag] log10|dL/dh_t| hist bins=60 range=(-12.50,-11.50) mean=-12.00 p50=-12.00 p05=-12.00 p95=-12.00
  [diag] sat-dist hist bins=60 sat<0.05=0.0% mean=0.984 p10=0.984 p90=0.985
Iter 0015160: train nll 1.386, valid error 074.680%, best valid error 074.070%, avg grad norm   0.182, avg grad norm (post clip)   0.052, rho_Whh  0.95, Omega  0.00, alpha  4.000, steps in the past 0.000, valid nll 1.386
  [diag] log10|dL/dh_t| hist bins=60 range=(-12.50,-11.50) mean=-12.00 p50=-12.00 p05=-12.00 p95=-12.00
  [diag] sat-dist hist bins=60 sat<0.05=0.0% mean=0.984 p10=0.984 p90=0.985
Iter 0015180: train nll 1.386, valid error 074.420%, best valid error 074.070%, avg grad norm   0.186, avg grad norm (post clip)   0.053, rho_Whh  0.95, Omega  0.00, alpha  4.000, steps in the past 0.000, valid nll 1.386
  [diag] log10|dL/dh_t| hist bins=60 range=(-12.50,-11.50) mean=-12.00 p50=-12.00 p05=-12.00 p95=-12.00
  [diag] sat-dist hist bins=60 sat<0.05=0.0% mean=0.984 p10=0.984 p90=0.985
Iter 0015200: train nll 1.386, valid error 074.450%, best valid error 074.070%, avg grad norm   0.181, avg grad norm (post clip)   0.053, rho_Whh  0.95, Omega  0.00, alpha  4.000, steps in the past 0.000, valid nll 1.386
  [diag] log10|dL/dh_t| hist bins=60 range=(-12.50,-11.50) mean=-12.00 p50=-12.00 p05=-12.00 p95=-12.00
  [diag] sat-dist hist bins=60 sat<0.05=0.0% mean=0.985 p10=0.984 p90=0.985
Iter 0015220: train nll 1.386, valid error 074.420%, best valid error 074.070%, avg grad norm   0.186, avg grad norm (post clip)   0.053, rho_Whh  0.95, Omega  0.00, alpha  4.000, steps in the past 0.000, valid nll 1.386
  [diag] log10|dL/dh_t| hist bins=60 range=(-12.50,-11.50) mean=-12.00 p50=-12.00 p05=-12.00 p95=-12.00
  [diag] sat-dist hist bins=60 sat<0.05=0.0% mean=0.984 p10=0.984 p90=0.985
Iter 0015240: train nll 1.386, valid error 074.480%, best valid error 074.070%, avg grad norm   0.173, avg grad norm (post clip)   0.053, rho_Whh  0.95, Omega  0.00, alpha  4.000, steps in the past 0.000, valid nll 1.386
  [diag] log10|dL/dh_t| hist bins=60 range=(-12.50,-11.50) mean=-12.00 p50=-12.00 p05=-12.00 p95=-12.00
  [diag] sat-dist hist bins=60 sat<0.05=0.0% mean=0.984 p10=0.984 p90=0.985
Iter 0015260: train nll 1.386, valid error 074.490%, best valid error 074.070%, avg grad norm   0.203, avg grad norm (post clip)   0.053, rho_Whh  0.95, Omega  0.00, alpha  4.000, steps in the past 0.000, valid nll 1.386
  [diag] log10|dL/dh_t| hist bins=60 range=(-12.50,-11.50) mean=-12.00 p50=-12.00 p05=-12.00 p95=-12.00
  [diag] sat-dist hist bins=60 sat<0.05=0.0% mean=0.984 p10=0.984 p90=0.985
Iter 0015280: train nll 1.386, valid error 074.470%, best valid error 074.070%, avg grad norm   0.186, avg grad norm (post clip)   0.053, rho_Whh  0.95, Omega  0.00, alpha  4.000, steps in the past 0.000, valid nll 1.386
  [diag] log10|dL/dh_t| hist bins=60 range=(-12.50,-11.50) mean=-12.00 p50=-12.00 p05=-12.00 p95=-12.00
  [diag] sat-dist hist bins=60 sat<0.05=0.0% mean=0.984 p10=0.984 p90=0.985
Iter 0015300: train nll 1.387, valid error 074.620%, best valid error 074.070%, avg grad norm   0.180, avg grad norm (post clip)   0.053, rho_Whh  0.95, Omega  0.00, alpha  4.000, steps in the past 0.000, valid nll 1.386
  [diag] log10|dL/dh_t| hist bins=60 range=(-12.50,-11.50) mean=-12.00 p50=-12.00 p05=-12.00 p95=-12.00
  [diag] sat-dist hist bins=60 sat<0.05=0.0% mean=0.984 p10=0.983 p90=0.985
Iter 0015320: train nll 1.386, valid error 075.030%, best valid error 074.070%, avg grad norm   0.179, avg grad norm (post clip)   0.053, rho_Whh  0.95, Omega  0.00, alpha  4.000, steps in the past 0.000, valid nll 1.386
  [diag] log10|dL/dh_t| hist bins=60 range=(-12.50,-11.50) mean=-12.00 p50=-12.00 p05=-12.00 p95=-12.00
  [diag] sat-dist hist bins=60 sat<0.05=0.0% mean=0.984 p10=0.983 p90=0.985
Iter 0015340: train nll 1.386, valid error 075.220%, best valid error 074.070%, avg grad norm   0.203, avg grad norm (post clip)   0.053, rho_Whh  0.95, Omega  0.00, alpha  4.000, steps in the past 0.000, valid nll 1.386
  [diag] log10|dL/dh_t| hist bins=60 range=(-12.50,-11.50) mean=-12.00 p50=-12.00 p05=-12.00 p95=-12.00
  [diag] sat-dist hist bins=60 sat<0.05=0.0% mean=0.984 p10=0.983 p90=0.984
Iter 0015360: train nll 1.386, valid error 075.210%, best valid error 074.070%, avg grad norm   0.217, avg grad norm (post clip)   0.053, rho_Whh  0.95, Omega  0.00, alpha  4.000, steps in the past 0.000, valid nll 1.386
  [diag] log10|dL/dh_t| hist bins=60 range=(-12.50,-11.50) mean=-12.00 p50=-12.00 p05=-12.00 p95=-12.00
  [diag] sat-dist hist bins=60 sat<0.05=0.0% mean=0.984 p10=0.983 p90=0.984
Iter 0015380: train nll 1.387, valid error 075.230%, best valid error 074.070%, avg grad norm   0.182, avg grad norm (post clip)   0.053, rho_Whh  0.95, Omega  0.00, alpha  4.000, steps in the past 0.000, valid nll 1.386
  [diag] log10|dL/dh_t| hist bins=60 range=(-12.50,-11.50) mean=-12.00 p50=-12.00 p05=-12.00 p95=-12.00
  [diag] sat-dist hist bins=60 sat<0.05=0.0% mean=0.984 p10=0.983 p90=0.984
Iter 0015400: train nll 1.386, valid error 075.250%, best valid error 074.070%, avg grad norm   0.196, avg grad norm (post clip)   0.053, rho_Whh  0.95, Omega  0.00, alpha  4.000, steps in the past 0.000, valid nll 1.386
  [diag] log10|dL/dh_t| hist bins=60 range=(-12.50,-11.50) mean=-12.00 p50=-12.00 p05=-12.00 p95=-12.00
  [diag] sat-dist hist bins=60 sat<0.05=0.0% mean=0.984 p10=0.983 p90=0.984
Iter 0015420: train nll 1.387, valid error 075.270%, best valid error 074.070%, avg grad norm   0.160, avg grad norm (post clip)   0.053, rho_Whh  0.95, Omega  0.00, alpha  4.000, steps in the past 0.000, valid nll 1.386
  [diag] log10|dL/dh_t| hist bins=60 range=(-12.50,-11.50) mean=-12.00 p50=-12.00 p05=-12.00 p95=-12.00
  [diag] sat-dist hist bins=60 sat<0.05=0.0% mean=0.984 p10=0.983 p90=0.984
Iter 0015440: train nll 1.387, valid error 075.100%, best valid error 074.070%, avg grad norm   0.179, avg grad norm (post clip)   0.052, rho_Whh  0.95, Omega  0.00, alpha  4.000, steps in the past 0.000, valid nll 1.386
  [diag] log10|dL/dh_t| hist bins=60 range=(-12.50,-11.50) mean=-12.00 p50=-12.00 p05=-12.00 p95=-12.00
  [diag] sat-dist hist bins=60 sat<0.05=0.0% mean=0.984 p10=0.983 p90=0.984
Iter 0015460: train nll 1.387, valid error 075.200%, best valid error 074.070%, avg grad norm   0.179, avg grad norm (post clip)   0.053, rho_Whh  0.95, Omega  0.00, alpha  4.000, steps in the past 0.000, valid nll 1.386
  [diag] log10|dL/dh_t| hist bins=60 range=(-12.50,-11.50) mean=-12.00 p50=-12.00 p05=-12.00 p95=-12.00
  [diag] sat-dist hist bins=60 sat<0.05=0.0% mean=0.984 p10=0.983 p90=0.984
Iter 0015480: train nll 1.386, valid error 075.190%, best valid error 074.070%, avg grad norm   0.191, avg grad norm (post clip)   0.052, rho_Whh  0.95, Omega  0.00, alpha  4.000, steps in the past 0.000, valid nll 1.386
  [diag] log10|dL/dh_t| hist bins=60 range=(-12.50,-11.50) mean=-12.00 p50=-12.00 p05=-12.00 p95=-12.00
  [diag] sat-dist hist bins=60 sat<0.05=0.0% mean=0.983 p10=0.983 p90=0.984
Iter 0015500: train nll 1.386, valid error 075.220%, best valid error 074.070%, avg grad norm   0.190, avg grad norm (post clip)   0.053, rho_Whh  0.95, Omega  0.00, alpha  4.000, steps in the past 0.000, valid nll 1.386
  [diag] log10|dL/dh_t| hist bins=60 range=(-12.50,-11.50) mean=-12.00 p50=-12.00 p05=-12.00 p95=-12.00
  [diag] sat-dist hist bins=60 sat<0.05=0.0% mean=0.984 p10=0.983 p90=0.984
Iter 0015520: train nll 1.386, valid error 075.220%, best valid error 074.070%, avg grad norm   0.173, avg grad norm (post clip)   0.052, rho_Whh  0.95, Omega  0.00, alpha  4.000, steps in the past 0.000, valid nll 1.386
  [diag] log10|dL/dh_t| hist bins=60 range=(-12.50,-11.50) mean=-12.00 p50=-12.00 p05=-12.00 p95=-12.00
  [diag] sat-dist hist bins=60 sat<0.05=0.0% mean=0.984 p10=0.983 p90=0.984
Iter 0015540: train nll 1.386, valid error 075.320%, best valid error 074.070%, avg grad norm   0.206, avg grad norm (post clip)   0.053, rho_Whh  0.95, Omega  0.00, alpha  4.000, steps in the past 0.000, valid nll 1.386
  [diag] log10|dL/dh_t| hist bins=60 range=(-12.50,-11.50) mean=-12.00 p50=-12.00 p05=-12.00 p95=-12.00
  [diag] sat-dist hist bins=60 sat<0.05=0.0% mean=0.984 p10=0.983 p90=0.984
Iter 0015560: train nll 1.386, valid error 075.200%, best valid error 074.070%, avg grad norm   0.227, avg grad norm (post clip)   0.053, rho_Whh  0.95, Omega  0.00, alpha  4.000, steps in the past 0.000, valid nll 1.386
  [diag] log10|dL/dh_t| hist bins=60 range=(-12.50,-11.50) mean=-12.00 p50=-12.00 p05=-12.00 p95=-12.00
  [diag] sat-dist hist bins=60 sat<0.05=0.0% mean=0.984 p10=0.983 p90=0.984
Iter 0015580: train nll 1.386, valid error 075.230%, best valid error 074.070%, avg grad norm   0.196, avg grad norm (post clip)   0.052, rho_Whh  0.95, Omega  0.00, alpha  4.000, steps in the past 0.000, valid nll 1.386
  [diag] log10|dL/dh_t| hist bins=60 range=(-12.50,-11.50) mean=-12.00 p50=-12.00 p05=-12.00 p95=-12.00
  [diag] sat-dist hist bins=60 sat<0.05=0.0% mean=0.984 p10=0.983 p90=0.984
Iter 0015600: train nll 1.386, valid error 075.220%, best valid error 074.070%, avg grad norm   0.179, avg grad norm (post clip)   0.052, rho_Whh  0.95, Omega  0.00, alpha  4.000, steps in the past 0.000, valid nll 1.386
  [diag] log10|dL/dh_t| hist bins=60 range=(-12.50,-11.50) mean=-12.00 p50=-12.00 p05=-12.00 p95=-12.00
  [diag] sat-dist hist bins=60 sat<0.05=0.0% mean=0.983 p10=0.983 p90=0.984
Iter 0015620: train nll 1.386, valid error 075.220%, best valid error 074.070%, avg grad norm   0.208, avg grad norm (post clip)   0.053, rho_Whh  0.95, Omega  0.00, alpha  4.000, steps in the past 0.000, valid nll 1.386
  [diag] log10|dL/dh_t| hist bins=60 range=(-12.50,-11.50) mean=-12.00 p50=-12.00 p05=-12.00 p95=-12.00
  [diag] sat-dist hist bins=60 sat<0.05=0.0% mean=0.983 p10=0.982 p90=0.984
Iter 0015640: train nll 1.386, valid error 075.220%, best valid error 074.070%, avg grad norm   0.188, avg grad norm (post clip)   0.053, rho_Whh  0.95, Omega  0.00, alpha  4.000, steps in the past 0.000, valid nll 1.386
  [diag] log10|dL/dh_t| hist bins=60 range=(-12.50,-11.50) mean=-12.00 p50=-12.00 p05=-12.00 p95=-12.00
  [diag] sat-dist hist bins=60 sat<0.05=0.0% mean=0.983 p10=0.982 p90=0.984
Iter 0015660: train nll 1.386, valid error 075.220%, best valid error 074.070%, avg grad norm   0.187, avg grad norm (post clip)   0.053, rho_Whh  0.95, Omega  0.00, alpha  4.000, steps in the past 0.000, valid nll 1.386
  [diag] log10|dL/dh_t| hist bins=60 range=(-12.50,-11.50) mean=-12.00 p50=-12.00 p05=-12.00 p95=-12.00
  [diag] sat-dist hist bins=60 sat<0.05=0.0% mean=0.983 p10=0.982 p90=0.983
Iter 0015680: train nll 1.386, valid error 075.220%, best valid error 074.070%, avg grad norm   0.201, avg grad norm (post clip)   0.053, rho_Whh  0.95, Omega  0.00, alpha  4.000, steps in the past 0.000, valid nll 1.386
  [diag] log10|dL/dh_t| hist bins=60 range=(-12.50,-11.50) mean=-12.00 p50=-12.00 p05=-12.00 p95=-12.00
  [diag] sat-dist hist bins=60 sat<0.05=0.0% mean=0.982 p10=0.982 p90=0.983
Iter 0015700: train nll 1.386, valid error 075.220%, best valid error 074.070%, avg grad norm   0.188, avg grad norm (post clip)   0.052, rho_Whh  0.95, Omega  0.00, alpha  4.000, steps in the past 0.000, valid nll 1.386
  [diag] log10|dL/dh_t| hist bins=60 range=(-12.50,-11.50) mean=-12.00 p50=-12.00 p05=-12.00 p95=-12.00
  [diag] sat-dist hist bins=60 sat<0.05=0.0% mean=0.982 p10=0.982 p90=0.983
Iter 0015720: train nll 1.386, valid error 075.220%, best valid error 074.070%, avg grad norm   0.153, avg grad norm (post clip)   0.052, rho_Whh  0.95, Omega  0.00, alpha  4.000, steps in the past 0.000, valid nll 1.386
  [diag] log10|dL/dh_t| hist bins=60 range=(-12.50,-11.50) mean=-12.00 p50=-12.00 p05=-12.00 p95=-12.00
  [diag] sat-dist hist bins=60 sat<0.05=0.0% mean=0.982 p10=0.981 p90=0.982
Iter 0015740: train nll 1.386, valid error 075.220%, best valid error 074.070%, avg grad norm   0.159, avg grad norm (post clip)   0.052, rho_Whh  0.95, Omega  0.00, alpha  4.000, steps in the past 0.000, valid nll 1.386
  [diag] log10|dL/dh_t| hist bins=60 range=(-12.50,-11.50) mean=-12.00 p50=-12.00 p05=-12.00 p95=-12.00
  [diag] sat-dist hist bins=60 sat<0.05=0.0% mean=0.982 p10=0.982 p90=0.983
Iter 0015760: train nll 1.387, valid error 075.220%, best valid error 074.070%, avg grad norm   0.180, avg grad norm (post clip)   0.052, rho_Whh  0.95, Omega  0.00, alpha  4.000, steps in the past 0.000, valid nll 1.386
  [diag] log10|dL/dh_t| hist bins=60 range=(-12.50,-11.50) mean=-12.00 p50=-12.00 p05=-12.00 p95=-12.00
  [diag] sat-dist hist bins=60 sat<0.05=0.0% mean=0.983 p10=0.982 p90=0.983
Iter 0015780: train nll 1.387, valid error 075.220%, best valid error 074.070%, avg grad norm   0.193, avg grad norm (post clip)   0.053, rho_Whh  0.95, Omega  0.00, alpha  4.000, steps in the past 0.000, valid nll 1.386
  [diag] log10|dL/dh_t| hist bins=60 range=(-12.50,-11.50) mean=-12.00 p50=-12.00 p05=-12.00 p95=-12.00
  [diag] sat-dist hist bins=60 sat<0.05=0.0% mean=0.983 p10=0.982 p90=0.983
Iter 0015800: train nll 1.387, valid error 075.220%, best valid error 074.070%, avg grad norm   0.196, avg grad norm (post clip)   0.053, rho_Whh  0.95, Omega  0.00, alpha  4.000, steps in the past 0.000, valid nll 1.386
  [diag] log10|dL/dh_t| hist bins=60 range=(-12.50,-11.50) mean=-12.00 p50=-12.00 p05=-12.00 p95=-12.00
  [diag] sat-dist hist bins=60 sat<0.05=0.0% mean=0.983 p10=0.982 p90=0.983
Iter 0015820: train nll 1.386, valid error 075.220%, best valid error 074.070%, avg grad norm   0.163, avg grad norm (post clip)   0.052, rho_Whh  0.95, Omega  0.00, alpha  4.000, steps in the past 0.000, valid nll 1.386
  [diag] log10|dL/dh_t| hist bins=60 range=(-12.50,-11.50) mean=-12.00 p50=-12.00 p05=-12.00 p95=-12.00
  [diag] sat-dist hist bins=60 sat<0.05=0.0% mean=0.983 p10=0.982 p90=0.983
Iter 0015840: train nll 1.387, valid error 075.220%, best valid error 074.070%, avg grad norm   0.169, avg grad norm (post clip)   0.053, rho_Whh  0.95, Omega  0.00, alpha  4.000, steps in the past 0.000, valid nll 1.386
  [diag] log10|dL/dh_t| hist bins=60 range=(-12.50,-11.50) mean=-12.00 p50=-12.00 p05=-12.00 p95=-12.00
  [diag] sat-dist hist bins=60 sat<0.05=0.0% mean=0.983 p10=0.982 p90=0.983
Iter 0015860: train nll 1.386, valid error 075.220%, best valid error 074.070%, avg grad norm   0.179, avg grad norm (post clip)   0.053, rho_Whh  0.95, Omega  0.00, alpha  4.000, steps in the past 0.000, valid nll 1.386
  [diag] log10|dL/dh_t| hist bins=60 range=(-12.50,-11.50) mean=-12.00 p50=-12.00 p05=-12.00 p95=-12.00
  [diag] sat-dist hist bins=60 sat<0.05=0.0% mean=0.982 p10=0.982 p90=0.983
Iter 0015880: train nll 1.386, valid error 075.220%, best valid error 074.070%, avg grad norm   0.168, avg grad norm (post clip)   0.053, rho_Whh  0.95, Omega  0.00, alpha  4.000, steps in the past 0.000, valid nll 1.386
  [diag] log10|dL/dh_t| hist bins=60 range=(-12.50,-11.50) mean=-12.00 p50=-12.00 p05=-12.00 p95=-12.00
  [diag] sat-dist hist bins=60 sat<0.05=0.0% mean=0.982 p10=0.982 p90=0.983
Iter 0015900: train nll 1.386, valid error 075.220%, best valid error 074.070%, avg grad norm   0.165, avg grad norm (post clip)   0.052, rho_Whh  0.95, Omega  0.00, alpha  4.000, steps in the past 0.000, valid nll 1.386
  [diag] log10|dL/dh_t| hist bins=60 range=(-12.50,-11.50) mean=-12.00 p50=-12.00 p05=-12.00 p95=-12.00
  [diag] sat-dist hist bins=60 sat<0.05=0.0% mean=0.982 p10=0.981 p90=0.983
Iter 0015920: train nll 1.386, valid error 075.220%, best valid error 074.070%, avg grad norm   0.166, avg grad norm (post clip)   0.053, rho_Whh  0.95, Omega  0.00, alpha  4.000, steps in the past 0.000, valid nll 1.386
  [diag] log10|dL/dh_t| hist bins=60 range=(-12.50,-11.50) mean=-12.00 p50=-12.00 p05=-12.00 p95=-12.00
  [diag] sat-dist hist bins=60 sat<0.05=0.0% mean=0.982 p10=0.981 p90=0.982
Iter 0015940: train nll 1.386, valid error 075.220%, best valid error 074.070%, avg grad norm   0.188, avg grad norm (post clip)   0.053, rho_Whh  0.95, Omega  0.00, alpha  4.000, steps in the past 0.000, valid nll 1.386
  [diag] log10|dL/dh_t| hist bins=60 range=(-12.50,-11.50) mean=-12.00 p50=-12.00 p05=-12.00 p95=-12.00
  [diag] sat-dist hist bins=60 sat<0.05=0.0% mean=0.982 p10=0.982 p90=0.983
Iter 0015960: train nll 1.387, valid error 075.230%, best valid error 074.070%, avg grad norm   0.191, avg grad norm (post clip)   0.053, rho_Whh  0.95, Omega  0.00, alpha  4.000, steps in the past 0.000, valid nll 1.386
  [diag] log10|dL/dh_t| hist bins=60 range=(-12.50,-11.50) mean=-12.00 p50=-12.00 p05=-12.00 p95=-12.00
  [diag] sat-dist hist bins=60 sat<0.05=0.0% mean=0.983 p10=0.982 p90=0.983
Iter 0015980: train nll 1.387, valid error 074.880%, best valid error 074.070%, avg grad norm   0.177, avg grad norm (post clip)   0.053, rho_Whh  0.95, Omega  0.00, alpha  4.000, steps in the past 0.000, valid nll 1.386
  [diag] log10|dL/dh_t| hist bins=60 range=(-12.50,-11.50) mean=-12.00 p50=-12.00 p05=-12.00 p95=-12.00
  [diag] sat-dist hist bins=60 sat<0.05=0.0% mean=0.983 p10=0.982 p90=0.984
Iter 0016000: train nll 1.387, valid error 074.890%, best valid error 074.070%, avg grad norm   0.176, avg grad norm (post clip)   0.053, rho_Whh  0.95, Omega  0.00, alpha  4.000, steps in the past 0.000, valid nll 1.386
  [diag] log10|dL/dh_t| hist bins=60 range=(-12.50,-11.50) mean=-12.00 p50=-12.00 p05=-12.00 p95=-12.00
  [diag] sat-dist hist bins=60 sat<0.05=0.0% mean=0.983 p10=0.983 p90=0.984
Iter 0016020: train nll 1.386, valid error 075.280%, best valid error 074.070%, avg grad norm   0.187, avg grad norm (post clip)   0.053, rho_Whh  0.95, Omega  0.00, alpha  4.000, steps in the past 0.000, valid nll 1.386
  [diag] log10|dL/dh_t| hist bins=60 range=(-12.50,-11.50) mean=-12.00 p50=-12.00 p05=-12.00 p95=-12.00
  [diag] sat-dist hist bins=60 sat<0.05=0.0% mean=0.984 p10=0.983 p90=0.984
Iter 0016040: train nll 1.386, valid error 075.230%, best valid error 074.070%, avg grad norm   0.188, avg grad norm (post clip)   0.053, rho_Whh  0.95, Omega  0.00, alpha  4.000, steps in the past 0.000, valid nll 1.386
  [diag] log10|dL/dh_t| hist bins=60 range=(-12.50,-11.50) mean=-12.00 p50=-12.00 p05=-12.00 p95=-12.00
  [diag] sat-dist hist bins=60 sat<0.05=0.0% mean=0.984 p10=0.983 p90=0.984
Iter 0016060: train nll 1.386, valid error 075.170%, best valid error 074.070%, avg grad norm   0.207, avg grad norm (post clip)   0.053, rho_Whh  0.95, Omega  0.00, alpha  4.000, steps in the past 0.000, valid nll 1.386
  [diag] log10|dL/dh_t| hist bins=60 range=(-12.50,-11.50) mean=-12.00 p50=-12.00 p05=-12.00 p95=-12.00
  [diag] sat-dist hist bins=60 sat<0.05=0.0% mean=0.984 p10=0.983 p90=0.984
Iter 0016080: train nll 1.386, valid error 075.280%, best valid error 074.070%, avg grad norm   0.205, avg grad norm (post clip)   0.052, rho_Whh  0.95, Omega  0.00, alpha  4.000, steps in the past 0.000, valid nll 1.386
  [diag] log10|dL/dh_t| hist bins=60 range=(-12.50,-11.50) mean=-12.00 p50=-12.00 p05=-12.00 p95=-12.00
  [diag] sat-dist hist bins=60 sat<0.05=0.0% mean=0.984 p10=0.983 p90=0.984
Iter 0016100: train nll 1.386, valid error 074.940%, best valid error 074.070%, avg grad norm   0.169, avg grad norm (post clip)   0.051, rho_Whh  0.95, Omega  0.00, alpha  4.000, steps in the past 0.000, valid nll 1.386
  [diag] log10|dL/dh_t| hist bins=60 range=(-12.50,-11.50) mean=-12.00 p50=-12.00 p05=-12.00 p95=-12.00
  [diag] sat-dist hist bins=60 sat<0.05=0.0% mean=0.984 p10=0.983 p90=0.985
Iter 0016120: train nll 1.386, valid error 074.860%, best valid error 074.070%, avg grad norm   0.201, avg grad norm (post clip)   0.052, rho_Whh  0.95, Omega  0.00, alpha  4.000, steps in the past 0.000, valid nll 1.386
  [diag] log10|dL/dh_t| hist bins=60 range=(-12.50,-11.50) mean=-12.00 p50=-12.00 p05=-12.00 p95=-12.00
  [diag] sat-dist hist bins=60 sat<0.05=0.0% mean=0.984 p10=0.983 p90=0.985
Iter 0016140: train nll 1.386, valid error 074.930%, best valid error 074.070%, avg grad norm   0.206, avg grad norm (post clip)   0.053, rho_Whh  0.95, Omega  0.00, alpha  4.000, steps in the past 0.000, valid nll 1.386
  [diag] log10|dL/dh_t| hist bins=60 range=(-12.50,-11.50) mean=-12.00 p50=-12.00 p05=-12.00 p95=-12.00
  [diag] sat-dist hist bins=60 sat<0.05=0.0% mean=0.984 p10=0.983 p90=0.985
Iter 0016160: train nll 1.386, valid error 074.980%, best valid error 074.070%, avg grad norm   0.185, avg grad norm (post clip)   0.053, rho_Whh  0.95, Omega  0.00, alpha  4.000, steps in the past 0.000, valid nll 1.386
  [diag] log10|dL/dh_t| hist bins=60 range=(-12.50,-11.50) mean=-12.00 p50=-12.00 p05=-12.00 p95=-12.00
  [diag] sat-dist hist bins=60 sat<0.05=0.0% mean=0.984 p10=0.983 p90=0.985
Iter 0016180: train nll 1.387, valid error 074.730%, best valid error 074.070%, avg grad norm   0.190, avg grad norm (post clip)   0.053, rho_Whh  0.95, Omega  0.00, alpha  4.000, steps in the past 0.000, valid nll 1.386
  [diag] log10|dL/dh_t| hist bins=60 range=(-12.50,-11.50) mean=-12.00 p50=-12.00 p05=-12.00 p95=-12.00
  [diag] sat-dist hist bins=60 sat<0.05=0.0% mean=0.984 p10=0.984 p90=0.985
Iter 0016200: train nll 1.387, valid error 074.820%, best valid error 074.070%, avg grad norm   0.187, avg grad norm (post clip)   0.053, rho_Whh  0.95, Omega  0.00, alpha  4.000, steps in the past 0.000, valid nll 1.386
  [diag] log10|dL/dh_t| hist bins=60 range=(-12.50,-11.50) mean=-12.00 p50=-12.00 p05=-12.00 p95=-12.00
  [diag] sat-dist hist bins=60 sat<0.05=0.0% mean=0.984 p10=0.984 p90=0.985
Iter 0016220: train nll 1.386, valid error 074.910%, best valid error 074.070%, avg grad norm   0.179, avg grad norm (post clip)   0.052, rho_Whh  0.95, Omega  0.00, alpha  4.000, steps in the past 0.000, valid nll 1.386
  [diag] log10|dL/dh_t| hist bins=60 range=(-12.50,-11.50) mean=-12.00 p50=-12.00 p05=-12.00 p95=-12.00
  [diag] sat-dist hist bins=60 sat<0.05=0.0% mean=0.984 p10=0.984 p90=0.985
Iter 0016240: train nll 1.386, valid error 074.740%, best valid error 074.070%, avg grad norm   0.179, avg grad norm (post clip)   0.053, rho_Whh  0.95, Omega  0.00, alpha  4.000, steps in the past 0.000, valid nll 1.386
  [diag] log10|dL/dh_t| hist bins=60 range=(-12.50,-11.50) mean=-12.00 p50=-12.00 p05=-12.00 p95=-12.00
  [diag] sat-dist hist bins=60 sat<0.05=0.0% mean=0.984 p10=0.984 p90=0.985
Iter 0016260: train nll 1.386, valid error 074.660%, best valid error 074.070%, avg grad norm   0.225, avg grad norm (post clip)   0.053, rho_Whh  0.95, Omega  0.00, alpha  4.000, steps in the past 0.000, valid nll 1.386
  [diag] log10|dL/dh_t| hist bins=60 range=(-12.50,-11.50) mean=-12.00 p50=-12.00 p05=-12.00 p95=-12.00
  [diag] sat-dist hist bins=60 sat<0.05=0.0% mean=0.985 p10=0.984 p90=0.985
Iter 0016280: train nll 1.386, valid error 075.020%, best valid error 074.070%, avg grad norm   0.157, avg grad norm (post clip)   0.053, rho_Whh  0.95, Omega  0.00, alpha  4.000, steps in the past 0.000, valid nll 1.386
  [diag] log10|dL/dh_t| hist bins=60 range=(-12.50,-11.50) mean=-12.00 p50=-12.00 p05=-12.00 p95=-12.00
  [diag] sat-dist hist bins=60 sat<0.05=0.0% mean=0.984 p10=0.984 p90=0.985
Iter 0016300: train nll 1.387, valid error 074.770%, best valid error 074.070%, avg grad norm   0.216, avg grad norm (post clip)   0.053, rho_Whh  0.95, Omega  0.00, alpha  4.000, steps in the past 0.000, valid nll 1.386
  [diag] log10|dL/dh_t| hist bins=60 range=(-12.50,-11.50) mean=-12.00 p50=-12.00 p05=-12.00 p95=-12.00
  [diag] sat-dist hist bins=60 sat<0.05=0.0% mean=0.984 p10=0.983 p90=0.985
Iter 0016320: train nll 1.387, valid error 074.880%, best valid error 074.070%, avg grad norm   0.173, avg grad norm (post clip)   0.053, rho_Whh  0.95, Omega  0.00, alpha  4.000, steps in the past 0.000, valid nll 1.386
  [diag] log10|dL/dh_t| hist bins=60 range=(-12.50,-11.50) mean=-12.00 p50=-12.00 p05=-12.00 p95=-12.00
  [diag] sat-dist hist bins=60 sat<0.05=0.0% mean=0.984 p10=0.983 p90=0.984
Iter 0016340: train nll 1.386, valid error 074.780%, best valid error 074.070%, avg grad norm   0.172, avg grad norm (post clip)   0.053, rho_Whh  0.95, Omega  0.00, alpha  4.000, steps in the past 0.000, valid nll 1.386
  [diag] log10|dL/dh_t| hist bins=60 range=(-12.50,-11.50) mean=-12.00 p50=-12.00 p05=-12.00 p95=-12.00
  [diag] sat-dist hist bins=60 sat<0.05=0.0% mean=0.984 p10=0.983 p90=0.985
Iter 0016360: train nll 1.386, valid error 074.660%, best valid error 074.070%, avg grad norm   0.160, avg grad norm (post clip)   0.053, rho_Whh  0.95, Omega  0.00, alpha  4.000, steps in the past 0.000, valid nll 1.386
  [diag] log10|dL/dh_t| hist bins=60 range=(-12.50,-11.50) mean=-12.00 p50=-12.00 p05=-12.00 p95=-12.00
  [diag] sat-dist hist bins=60 sat<0.05=0.0% mean=0.984 p10=0.984 p90=0.985
Iter 0016380: train nll 1.386, valid error 074.950%, best valid error 074.070%, avg grad norm   0.173, avg grad norm (post clip)   0.053, rho_Whh  0.95, Omega  0.00, alpha  4.000, steps in the past 0.000, valid nll 1.386
  [diag] log10|dL/dh_t| hist bins=60 range=(-12.50,-11.50) mean=-12.00 p50=-12.00 p05=-12.00 p95=-12.00
  [diag] sat-dist hist bins=60 sat<0.05=0.0% mean=0.984 p10=0.984 p90=0.985
Iter 0016400: train nll 1.387, valid error 074.450%, best valid error 074.070%, avg grad norm   0.194, avg grad norm (post clip)   0.053, rho_Whh  0.95, Omega  0.00, alpha  4.000, steps in the past 0.000, valid nll 1.386
  [diag] log10|dL/dh_t| hist bins=60 range=(-12.50,-11.50) mean=-12.00 p50=-12.00 p05=-12.00 p95=-12.00
  [diag] sat-dist hist bins=60 sat<0.05=0.0% mean=0.985 p10=0.984 p90=0.985
Iter 0016420: train nll 1.386, valid error 074.170%, best valid error 074.070%, avg grad norm   0.206, avg grad norm (post clip)   0.053, rho_Whh  0.95, Omega  0.00, alpha  4.000, steps in the past 0.000, valid nll 1.386
  [diag] log10|dL/dh_t| hist bins=60 range=(-12.50,-11.50) mean=-12.00 p50=-12.00 p05=-12.00 p95=-12.00
  [diag] sat-dist hist bins=60 sat<0.05=0.0% mean=0.985 p10=0.984 p90=0.985
Iter 0016440: train nll 1.387, valid error 074.230%, best valid error 074.070%, avg grad norm   0.184, avg grad norm (post clip)   0.053, rho_Whh  0.95, Omega  0.00, alpha  4.000, steps in the past 0.000, valid nll 1.386
  [diag] log10|dL/dh_t| hist bins=60 range=(-12.50,-11.50) mean=-12.00 p50=-12.00 p05=-12.00 p95=-12.00
  [diag] sat-dist hist bins=60 sat<0.05=0.0% mean=0.985 p10=0.984 p90=0.985
Iter 0016460: train nll 1.386, valid error 074.210%, best valid error 074.070%, avg grad norm   0.163, avg grad norm (post clip)   0.053, rho_Whh  0.95, Omega  0.00, alpha  4.000, steps in the past 0.000, valid nll 1.386
  [diag] log10|dL/dh_t| hist bins=60 range=(-12.50,-11.50) mean=-12.00 p50=-12.00 p05=-12.00 p95=-12.00
  [diag] sat-dist hist bins=60 sat<0.05=0.0% mean=0.984 p10=0.984 p90=0.985
Iter 0016480: train nll 1.387, valid error 074.110%, best valid error 074.070%, avg grad norm   0.187, avg grad norm (post clip)   0.053, rho_Whh  0.95, Omega  0.00, alpha  4.000, steps in the past 0.000, valid nll 1.386
  [diag] log10|dL/dh_t| hist bins=60 range=(-12.50,-11.50) mean=-12.00 p50=-12.00 p05=-12.00 p95=-12.00
  [diag] sat-dist hist bins=60 sat<0.05=0.0% mean=0.984 p10=0.984 p90=0.985
Iter 0016500: train nll 1.386, valid error 074.240%, best valid error 074.070%, avg grad norm   0.219, avg grad norm (post clip)   0.053, rho_Whh  0.95, Omega  0.00, alpha  4.000, steps in the past 0.000, valid nll 1.386
  [diag] log10|dL/dh_t| hist bins=60 range=(-12.50,-11.50) mean=-12.00 p50=-12.00 p05=-12.00 p95=-12.00
  [diag] sat-dist hist bins=60 sat<0.05=0.0% mean=0.984 p10=0.984 p90=0.985
Iter 0016520: train nll 1.386, valid error 074.380%, best valid error 074.070%, avg grad norm   0.205, avg grad norm (post clip)   0.053, rho_Whh  0.95, Omega  0.00, alpha  4.000, steps in the past 0.000, valid nll 1.386
  [diag] log10|dL/dh_t| hist bins=60 range=(-12.50,-11.50) mean=-12.00 p50=-12.00 p05=-12.00 p95=-12.00
  [diag] sat-dist hist bins=60 sat<0.05=0.0% mean=0.984 p10=0.984 p90=0.985
Iter 0016540: train nll 1.386, valid error 074.670%, best valid error 074.070%, avg grad norm   0.179, avg grad norm (post clip)   0.053, rho_Whh  0.95, Omega  0.00, alpha  4.000, steps in the past 0.000, valid nll 1.386
  [diag] log10|dL/dh_t| hist bins=60 range=(-12.50,-11.50) mean=-12.00 p50=-12.00 p05=-12.00 p95=-12.00
  [diag] sat-dist hist bins=60 sat<0.05=0.0% mean=0.985 p10=0.984 p90=0.985
Iter 0016560: train nll 1.386, valid error 074.460%, best valid error 074.070%, avg grad norm   0.176, avg grad norm (post clip)   0.053, rho_Whh  0.95, Omega  0.00, alpha  4.000, steps in the past 0.000, valid nll 1.386
  [diag] log10|dL/dh_t| hist bins=60 range=(-12.50,-11.50) mean=-12.00 p50=-12.00 p05=-12.00 p95=-12.00
  [diag] sat-dist hist bins=60 sat<0.05=0.0% mean=0.985 p10=0.984 p90=0.985
Iter 0016580: train nll 1.386, valid error 075.060%, best valid error 074.070%, avg grad norm   0.176, avg grad norm (post clip)   0.053, rho_Whh  0.95, Omega  0.00, alpha  4.000, steps in the past 0.000, valid nll 1.386
  [diag] log10|dL/dh_t| hist bins=60 range=(-12.50,-11.50) mean=-12.00 p50=-12.00 p05=-12.00 p95=-12.00
  [diag] sat-dist hist bins=60 sat<0.05=0.0% mean=0.985 p10=0.984 p90=0.985
Iter 0016600: train nll 1.386, valid error 074.560%, best valid error 074.070%, avg grad norm   0.198, avg grad norm (post clip)   0.053, rho_Whh  0.95, Omega  0.00, alpha  4.000, steps in the past 0.000, valid nll 1.386
  [diag] log10|dL/dh_t| hist bins=60 range=(-12.50,-11.50) mean=-12.00 p50=-12.00 p05=-12.00 p95=-12.00
  [diag] sat-dist hist bins=60 sat<0.05=0.0% mean=0.985 p10=0.984 p90=0.985
Iter 0016620: train nll 1.386, valid error 075.410%, best valid error 074.070%, avg grad norm   0.186, avg grad norm (post clip)   0.053, rho_Whh  0.95, Omega  0.00, alpha  4.000, steps in the past 0.000, valid nll 1.386
  [diag] log10|dL/dh_t| hist bins=60 range=(-12.50,-11.50) mean=-12.00 p50=-12.00 p05=-12.00 p95=-12.00
  [diag] sat-dist hist bins=60 sat<0.05=0.0% mean=0.985 p10=0.984 p90=0.985
Iter 0016640: train nll 1.386, valid error 075.420%, best valid error 074.070%, avg grad norm   0.189, avg grad norm (post clip)   0.053, rho_Whh  0.95, Omega  0.00, alpha  4.000, steps in the past 0.000, valid nll 1.386
  [diag] log10|dL/dh_t| hist bins=60 range=(-12.50,-11.50) mean=-12.00 p50=-12.00 p05=-12.00 p95=-12.00
  [diag] sat-dist hist bins=60 sat<0.05=0.0% mean=0.985 p10=0.984 p90=0.985
Iter 0016660: train nll 1.386, valid error 075.030%, best valid error 074.070%, avg grad norm   0.185, avg grad norm (post clip)   0.053, rho_Whh  0.95, Omega  0.00, alpha  4.000, steps in the past 0.000, valid nll 1.386
  [diag] log10|dL/dh_t| hist bins=60 range=(-12.50,-11.50) mean=-12.00 p50=-12.00 p05=-12.00 p95=-12.00
  [diag] sat-dist hist bins=60 sat<0.05=0.0% mean=0.985 p10=0.984 p90=0.986
Iter 0016680: train nll 1.386, valid error 074.960%, best valid error 074.070%, avg grad norm   0.178, avg grad norm (post clip)   0.053, rho_Whh  0.95, Omega  0.00, alpha  4.000, steps in the past 0.000, valid nll 1.386
  [diag] log10|dL/dh_t| hist bins=60 range=(-12.50,-11.50) mean=-12.00 p50=-12.00 p05=-12.00 p95=-12.00
  [diag] sat-dist hist bins=60 sat<0.05=0.0% mean=0.985 p10=0.984 p90=0.986
Iter 0016700: train nll 1.386, valid error 074.360%, best valid error 074.070%, avg grad norm   0.159, avg grad norm (post clip)   0.052, rho_Whh  0.95, Omega  0.00, alpha  4.000, steps in the past 0.000, valid nll 1.386
  [diag] log10|dL/dh_t| hist bins=60 range=(-12.50,-11.50) mean=-12.00 p50=-12.00 p05=-12.00 p95=-12.00
  [diag] sat-dist hist bins=60 sat<0.05=0.0% mean=0.985 p10=0.984 p90=0.986
Iter 0016720: train nll 1.386, valid error 075.110%, best valid error 074.070%, avg grad norm   0.208, avg grad norm (post clip)   0.052, rho_Whh  0.95, Omega  0.00, alpha  4.000, steps in the past 0.000, valid nll 1.386
  [diag] log10|dL/dh_t| hist bins=60 range=(-12.50,-11.50) mean=-12.00 p50=-12.00 p05=-12.00 p95=-12.00
  [diag] sat-dist hist bins=60 sat<0.05=0.0% mean=0.985 p10=0.984 p90=0.986
Iter 0016740: train nll 1.386, valid error 075.490%, best valid error 074.070%, avg grad norm   0.174, avg grad norm (post clip)   0.053, rho_Whh  0.95, Omega  0.00, alpha  4.000, steps in the past 0.000, valid nll 1.386
  [diag] log10|dL/dh_t| hist bins=60 range=(-12.50,-11.50) mean=-12.00 p50=-12.00 p05=-12.00 p95=-12.00
  [diag] sat-dist hist bins=60 sat<0.05=0.0% mean=0.985 p10=0.984 p90=0.986
Iter 0016760: train nll 1.386, valid error 075.270%, best valid error 074.070%, avg grad norm   0.195, avg grad norm (post clip)   0.052, rho_Whh  0.95, Omega  0.00, alpha  4.000, steps in the past 0.000, valid nll 1.386
  [diag] log10|dL/dh_t| hist bins=60 range=(-12.50,-11.50) mean=-12.00 p50=-12.00 p05=-12.00 p95=-12.00
  [diag] sat-dist hist bins=60 sat<0.05=0.0% mean=0.985 p10=0.984 p90=0.986
Iter 0016780: train nll 1.386, valid error 075.470%, best valid error 074.070%, avg grad norm   0.202, avg grad norm (post clip)   0.053, rho_Whh  0.95, Omega  0.00, alpha  4.000, steps in the past 0.000, valid nll 1.386
  [diag] log10|dL/dh_t| hist bins=60 range=(-12.50,-11.50) mean=-12.00 p50=-12.00 p05=-12.00 p95=-12.00
  [diag] sat-dist hist bins=60 sat<0.05=0.0% mean=0.985 p10=0.984 p90=0.986
Iter 0016800: train nll 1.386, valid error 075.350%, best valid error 074.070%, avg grad norm   0.178, avg grad norm (post clip)   0.053, rho_Whh  0.95, Omega  0.00, alpha  4.000, steps in the past 0.000, valid nll 1.386
  [diag] log10|dL/dh_t| hist bins=60 range=(-12.50,-11.50) mean=-12.00 p50=-12.00 p05=-12.00 p95=-12.00
  [diag] sat-dist hist bins=60 sat<0.05=0.0% mean=0.985 p10=0.984 p90=0.986
Iter 0016820: train nll 1.386, valid error 075.560%, best valid error 074.070%, avg grad norm   0.180, avg grad norm (post clip)   0.052, rho_Whh  0.95, Omega  0.00, alpha  4.000, steps in the past 0.000, valid nll 1.386
  [diag] log10|dL/dh_t| hist bins=60 range=(-12.50,-11.50) mean=-12.00 p50=-12.00 p05=-12.00 p95=-12.00
  [diag] sat-dist hist bins=60 sat<0.05=0.0% mean=0.985 p10=0.984 p90=0.986
Iter 0016840: train nll 1.386, valid error 074.930%, best valid error 074.070%, avg grad norm   0.197, avg grad norm (post clip)   0.053, rho_Whh  0.95, Omega  0.00, alpha  4.000, steps in the past 0.000, valid nll 1.386
  [diag] log10|dL/dh_t| hist bins=60 range=(-12.50,-11.50) mean=-12.00 p50=-12.00 p05=-12.00 p95=-12.00
  [diag] sat-dist hist bins=60 sat<0.05=0.0% mean=0.985 p10=0.984 p90=0.986
Iter 0016860: train nll 1.386, valid error 074.340%, best valid error 074.070%, avg grad norm   0.176, avg grad norm (post clip)   0.053, rho_Whh  0.95, Omega  0.00, alpha  4.000, steps in the past 0.000, valid nll 1.386
  [diag] log10|dL/dh_t| hist bins=60 range=(-12.50,-11.50) mean=-12.00 p50=-12.00 p05=-12.00 p95=-12.00
  [diag] sat-dist hist bins=60 sat<0.05=0.0% mean=0.985 p10=0.984 p90=0.986
Iter 0016880: train nll 1.386, valid error 074.460%, best valid error 074.070%, avg grad norm   0.192, avg grad norm (post clip)   0.052, rho_Whh  0.95, Omega  0.00, alpha  4.000, steps in the past 0.000, valid nll 1.386
  [diag] log10|dL/dh_t| hist bins=60 range=(-12.50,-11.50) mean=-12.00 p50=-12.00 p05=-12.00 p95=-12.00
  [diag] sat-dist hist bins=60 sat<0.05=0.0% mean=0.985 p10=0.984 p90=0.986
Iter 0016900: train nll 1.386, valid error 074.650%, best valid error 074.070%, avg grad norm   0.188, avg grad norm (post clip)   0.053, rho_Whh  0.95, Omega  0.00, alpha  4.000, steps in the past 0.000, valid nll 1.386
  [diag] log10|dL/dh_t| hist bins=60 range=(-12.50,-11.50) mean=-12.00 p50=-12.00 p05=-12.00 p95=-12.00
  [diag] sat-dist hist bins=60 sat<0.05=0.0% mean=0.985 p10=0.984 p90=0.986
Iter 0016920: train nll 1.385, valid error 075.470%, best valid error 074.070%, avg grad norm   0.205, avg grad norm (post clip)   0.053, rho_Whh  0.95, Omega  0.00, alpha  4.000, steps in the past 0.000, valid nll 1.386
  [diag] log10|dL/dh_t| hist bins=60 range=(-12.50,-11.50) mean=-12.00 p50=-12.00 p05=-12.00 p95=-12.00
  [diag] sat-dist hist bins=60 sat<0.05=0.0% mean=0.985 p10=0.984 p90=0.986
Iter 0016940: train nll 1.386, valid error 075.430%, best valid error 074.070%, avg grad norm   0.182, avg grad norm (post clip)   0.053, rho_Whh  0.95, Omega  0.00, alpha  4.000, steps in the past 0.000, valid nll 1.386
  [diag] log10|dL/dh_t| hist bins=60 range=(-12.50,-11.50) mean=-12.00 p50=-12.00 p05=-12.00 p95=-12.00
  [diag] sat-dist hist bins=60 sat<0.05=0.0% mean=0.985 p10=0.984 p90=0.986
Iter 0016960: train nll 1.386, valid error 075.220%, best valid error 074.070%, avg grad norm   0.208, avg grad norm (post clip)   0.053, rho_Whh  0.95, Omega  0.00, alpha  4.000, steps in the past 0.000, valid nll 1.386
  [diag] log10|dL/dh_t| hist bins=60 range=(-12.50,-11.50) mean=-12.00 p50=-12.00 p05=-12.00 p95=-12.00
  [diag] sat-dist hist bins=60 sat<0.05=0.0% mean=0.985 p10=0.984 p90=0.986
Iter 0016980: train nll 1.387, valid error 075.530%, best valid error 074.070%, avg grad norm   0.222, avg grad norm (post clip)   0.053, rho_Whh  0.95, Omega  0.00, alpha  4.000, steps in the past 0.000, valid nll 1.386
  [diag] log10|dL/dh_t| hist bins=60 range=(-12.50,-11.50) mean=-12.00 p50=-12.00 p05=-12.00 p95=-12.00
  [diag] sat-dist hist bins=60 sat<0.05=0.0% mean=0.985 p10=0.984 p90=0.986
Iter 0017000: train nll 1.387, valid error 075.230%, best valid error 074.070%, avg grad norm   0.214, avg grad norm (post clip)   0.053, rho_Whh  0.95, Omega  0.00, alpha  4.000, steps in the past 0.000, valid nll 1.386
  [diag] log10|dL/dh_t| hist bins=60 range=(-12.50,-11.50) mean=-12.00 p50=-12.00 p05=-12.00 p95=-12.00
  [diag] sat-dist hist bins=60 sat<0.05=0.0% mean=0.985 p10=0.984 p90=0.986
Iter 0017020: train nll 1.386, valid error 075.410%, best valid error 074.070%, avg grad norm   0.205, avg grad norm (post clip)   0.053, rho_Whh  0.95, Omega  0.00, alpha  4.000, steps in the past 0.000, valid nll 1.386
  [diag] log10|dL/dh_t| hist bins=60 range=(-12.50,-11.50) mean=-12.00 p50=-12.00 p05=-12.00 p95=-12.00
  [diag] sat-dist hist bins=60 sat<0.05=0.0% mean=0.985 p10=0.984 p90=0.986
Iter 0017040: train nll 1.386, valid error 075.450%, best valid error 074.070%, avg grad norm   0.163, avg grad norm (post clip)   0.053, rho_Whh  0.95, Omega  0.00, alpha  4.000, steps in the past 0.000, valid nll 1.386
  [diag] log10|dL/dh_t| hist bins=60 range=(-12.50,-11.50) mean=-12.00 p50=-12.00 p05=-12.00 p95=-12.00
  [diag] sat-dist hist bins=60 sat<0.05=0.0% mean=0.985 p10=0.984 p90=0.986
Iter 0017060: train nll 1.387, valid error 075.160%, best valid error 074.070%, avg grad norm   0.201, avg grad norm (post clip)   0.053, rho_Whh  0.95, Omega  0.00, alpha  4.000, steps in the past 0.000, valid nll 1.386
  [diag] log10|dL/dh_t| hist bins=60 range=(-12.50,-11.50) mean=-12.00 p50=-12.00 p05=-12.00 p95=-12.00
  [diag] sat-dist hist bins=60 sat<0.05=0.0% mean=0.985 p10=0.985 p90=0.986
Iter 0017080: train nll 1.385, valid error 075.070%, best valid error 074.070%, avg grad norm   0.180, avg grad norm (post clip)   0.053, rho_Whh  0.95, Omega  0.00, alpha  4.000, steps in the past 0.000, valid nll 1.386
  [diag] log10|dL/dh_t| hist bins=60 range=(-12.50,-11.50) mean=-12.00 p50=-12.00 p05=-12.00 p95=-12.00
  [diag] sat-dist hist bins=60 sat<0.05=0.0% mean=0.985 p10=0.985 p90=0.986
Iter 0017100: train nll 1.387, valid error 075.560%, best valid error 074.070%, avg grad norm   0.168, avg grad norm (post clip)   0.053, rho_Whh  0.95, Omega  0.00, alpha  4.000, steps in the past 0.000, valid nll 1.386
  [diag] log10|dL/dh_t| hist bins=60 range=(-12.50,-11.50) mean=-12.00 p50=-12.00 p05=-12.00 p95=-12.00
  [diag] sat-dist hist bins=60 sat<0.05=0.0% mean=0.985 p10=0.985 p90=0.986
Iter 0017120: train nll 1.385, valid error 075.340%, best valid error 074.070%, avg grad norm   0.193, avg grad norm (post clip)   0.053, rho_Whh  0.95, Omega  0.00, alpha  4.000, steps in the past 0.000, valid nll 1.386
  [diag] log10|dL/dh_t| hist bins=60 range=(-12.50,-11.50) mean=-12.00 p50=-12.00 p05=-12.00 p95=-12.00
  [diag] sat-dist hist bins=60 sat<0.05=0.0% mean=0.985 p10=0.985 p90=0.986
Iter 0017140: train nll 1.386, valid error 075.570%, best valid error 074.070%, avg grad norm   0.191, avg grad norm (post clip)   0.053, rho_Whh  0.95, Omega  0.00, alpha  4.000, steps in the past 0.000, valid nll 1.386
  [diag] log10|dL/dh_t| hist bins=60 range=(-12.50,-11.50) mean=-12.00 p50=-12.00 p05=-12.00 p95=-12.00
  [diag] sat-dist hist bins=60 sat<0.05=0.0% mean=0.985 p10=0.985 p90=0.986
Iter 0017160: train nll 1.386, valid error 075.270%, best valid error 074.070%, avg grad norm   0.177, avg grad norm (post clip)   0.053, rho_Whh  0.95, Omega  0.00, alpha  4.000, steps in the past 0.000, valid nll 1.386
  [diag] log10|dL/dh_t| hist bins=60 range=(-12.50,-11.50) mean=-12.00 p50=-12.00 p05=-12.00 p95=-12.00
  [diag] sat-dist hist bins=60 sat<0.05=0.0% mean=0.985 p10=0.985 p90=0.986
Iter 0017180: train nll 1.387, valid error 074.670%, best valid error 074.070%, avg grad norm   0.180, avg grad norm (post clip)   0.052, rho_Whh  0.95, Omega  0.00, alpha  4.000, steps in the past 0.000, valid nll 1.386
  [diag] log10|dL/dh_t| hist bins=60 range=(-12.50,-11.50) mean=-12.00 p50=-12.00 p05=-12.00 p95=-12.00
  [diag] sat-dist hist bins=60 sat<0.05=0.0% mean=0.985 p10=0.985 p90=0.986
Iter 0017200: train nll 1.386, valid error 075.310%, best valid error 074.070%, avg grad norm   0.197, avg grad norm (post clip)   0.053, rho_Whh  0.95, Omega  0.00, alpha  4.000, steps in the past 0.000, valid nll 1.386
  [diag] log10|dL/dh_t| hist bins=60 range=(-12.50,-11.50) mean=-12.00 p50=-12.00 p05=-12.00 p95=-12.00
  [diag] sat-dist hist bins=60 sat<0.05=0.0% mean=0.985 p10=0.985 p90=0.986
Iter 0017220: train nll 1.386, valid error 075.460%, best valid error 074.070%, avg grad norm   0.183, avg grad norm (post clip)   0.052, rho_Whh  0.95, Omega  0.00, alpha  4.000, steps in the past 0.000, valid nll 1.386
  [diag] log10|dL/dh_t| hist bins=60 range=(-12.50,-11.50) mean=-12.00 p50=-12.00 p05=-12.00 p95=-12.00
  [diag] sat-dist hist bins=60 sat<0.05=0.0% mean=0.985 p10=0.985 p90=0.986
Iter 0017240: train nll 1.387, valid error 075.460%, best valid error 074.070%, avg grad norm   0.183, avg grad norm (post clip)   0.053, rho_Whh  0.95, Omega  0.00, alpha  4.000, steps in the past 0.000, valid nll 1.386
  [diag] log10|dL/dh_t| hist bins=60 range=(-12.50,-11.50) mean=-12.00 p50=-12.00 p05=-12.00 p95=-12.00
  [diag] sat-dist hist bins=60 sat<0.05=0.0% mean=0.985 p10=0.985 p90=0.986
Iter 0017260: train nll 1.387, valid error 074.630%, best valid error 074.070%, avg grad norm   0.191, avg grad norm (post clip)   0.053, rho_Whh  0.95, Omega  0.00, alpha  4.000, steps in the past 0.000, valid nll 1.386
  [diag] log10|dL/dh_t| hist bins=60 range=(-12.50,-11.50) mean=-12.00 p50=-12.00 p05=-12.00 p95=-12.00
  [diag] sat-dist hist bins=60 sat<0.05=0.0% mean=0.985 p10=0.985 p90=0.986
Iter 0017280: train nll 1.386, valid error 075.460%, best valid error 074.070%, avg grad norm   0.184, avg grad norm (post clip)   0.053, rho_Whh  0.95, Omega  0.00, alpha  4.000, steps in the past 0.000, valid nll 1.386
  [diag] log10|dL/dh_t| hist bins=60 range=(-12.50,-11.50) mean=-12.00 p50=-12.00 p05=-12.00 p95=-12.00
  [diag] sat-dist hist bins=60 sat<0.05=0.0% mean=0.985 p10=0.985 p90=0.986
Iter 0017300: train nll 1.387, valid error 075.460%, best valid error 074.070%, avg grad norm   0.174, avg grad norm (post clip)   0.053, rho_Whh  0.95, Omega  0.00, alpha  4.000, steps in the past 0.000, valid nll 1.386
  [diag] log10|dL/dh_t| hist bins=60 range=(-12.50,-11.50) mean=-12.00 p50=-12.00 p05=-12.00 p95=-12.00
  [diag] sat-dist hist bins=60 sat<0.05=0.0% mean=0.985 p10=0.985 p90=0.986
Iter 0017320: train nll 1.386, valid error 075.270%, best valid error 074.070%, avg grad norm   0.187, avg grad norm (post clip)   0.053, rho_Whh  0.95, Omega  0.00, alpha  4.000, steps in the past 0.000, valid nll 1.386
  [diag] log10|dL/dh_t| hist bins=60 range=(-12.50,-11.50) mean=-12.00 p50=-12.00 p05=-12.00 p95=-12.00
  [diag] sat-dist hist bins=60 sat<0.05=0.0% mean=0.985 p10=0.985 p90=0.986
Iter 0017340: train nll 1.385, valid error 074.450%, best valid error 074.070%, avg grad norm   0.215, avg grad norm (post clip)   0.053, rho_Whh  0.95, Omega  0.00, alpha  4.000, steps in the past 0.000, valid nll 1.386
  [diag] log10|dL/dh_t| hist bins=60 range=(-12.50,-11.50) mean=-12.00 p50=-12.00 p05=-12.00 p95=-12.00
  [diag] sat-dist hist bins=60 sat<0.05=0.0% mean=0.985 p10=0.985 p90=0.986
Iter 0017360: train nll 1.386, valid error 074.640%, best valid error 074.070%, avg grad norm   0.182, avg grad norm (post clip)   0.053, rho_Whh  0.95, Omega  0.00, alpha  4.000, steps in the past 0.000, valid nll 1.386
  [diag] log10|dL/dh_t| hist bins=60 range=(-12.50,-11.50) mean=-12.00 p50=-12.00 p05=-12.00 p95=-12.00
  [diag] sat-dist hist bins=60 sat<0.05=0.0% mean=0.985 p10=0.984 p90=0.986
Iter 0017380: train nll 1.385, valid error 074.490%, best valid error 074.070%, avg grad norm   0.179, avg grad norm (post clip)   0.053, rho_Whh  0.95, Omega  0.00, alpha  4.000, steps in the past 0.000, valid nll 1.386
  [diag] log10|dL/dh_t| hist bins=60 range=(-12.50,-11.50) mean=-12.00 p50=-12.00 p05=-12.00 p95=-12.00
  [diag] sat-dist hist bins=60 sat<0.05=0.0% mean=0.985 p10=0.984 p90=0.986
Iter 0017400: train nll 1.386, valid error 074.380%, best valid error 074.070%, avg grad norm   0.187, avg grad norm (post clip)   0.053, rho_Whh  0.95, Omega  0.00, alpha  4.000, steps in the past 0.000, valid nll 1.386
  [diag] log10|dL/dh_t| hist bins=60 range=(-12.50,-11.50) mean=-12.00 p50=-12.00 p05=-12.00 p95=-12.00
  [diag] sat-dist hist bins=60 sat<0.05=0.0% mean=0.985 p10=0.984 p90=0.986
Iter 0017420: train nll 1.387, valid error 074.380%, best valid error 074.070%, avg grad norm   0.166, avg grad norm (post clip)   0.052, rho_Whh  0.95, Omega  0.00, alpha  4.000, steps in the past 0.000, valid nll 1.386
  [diag] log10|dL/dh_t| hist bins=60 range=(-12.50,-11.50) mean=-12.00 p50=-12.00 p05=-12.00 p95=-12.00
  [diag] sat-dist hist bins=60 sat<0.05=0.0% mean=0.985 p10=0.984 p90=0.986
Iter 0017440: train nll 1.386, valid error 074.610%, best valid error 074.070%, avg grad norm   0.184, avg grad norm (post clip)   0.053, rho_Whh  0.95, Omega  0.00, alpha  4.000, steps in the past 0.000, valid nll 1.386
  [diag] log10|dL/dh_t| hist bins=60 range=(-12.50,-11.50) mean=-12.00 p50=-12.00 p05=-12.00 p95=-12.00
  [diag] sat-dist hist bins=60 sat<0.05=0.0% mean=0.985 p10=0.984 p90=0.986
Iter 0017460: train nll 1.386, valid error 075.320%, best valid error 074.070%, avg grad norm   0.172, avg grad norm (post clip)   0.053, rho_Whh  0.95, Omega  0.00, alpha  4.000, steps in the past 0.000, valid nll 1.386
  [diag] log10|dL/dh_t| hist bins=60 range=(-12.50,-11.50) mean=-12.00 p50=-12.00 p05=-12.00 p95=-12.00
  [diag] sat-dist hist bins=60 sat<0.05=0.0% mean=0.985 p10=0.984 p90=0.986
Iter 0017480: train nll 1.387, valid error 074.330%, best valid error 074.070%, avg grad norm   0.208, avg grad norm (post clip)   0.053, rho_Whh  0.95, Omega  0.00, alpha  4.000, steps in the past 0.000, valid nll 1.386
  [diag] log10|dL/dh_t| hist bins=60 range=(-12.50,-11.50) mean=-12.00 p50=-12.00 p05=-12.00 p95=-12.00
  [diag] sat-dist hist bins=60 sat<0.05=0.0% mean=0.985 p10=0.984 p90=0.986
Iter 0017500: train nll 1.387, valid error 074.560%, best valid error 074.070%, avg grad norm   0.160, avg grad norm (post clip)   0.053, rho_Whh  0.95, Omega  0.00, alpha  4.000, steps in the past 0.000, valid nll 1.386
  [diag] log10|dL/dh_t| hist bins=60 range=(-12.50,-11.50) mean=-12.00 p50=-12.00 p05=-12.00 p95=-12.00
  [diag] sat-dist hist bins=60 sat<0.05=0.0% mean=0.985 p10=0.984 p90=0.986
Iter 0017520: train nll 1.385, valid error 075.320%, best valid error 074.070%, avg grad norm   0.182, avg grad norm (post clip)   0.053, rho_Whh  0.95, Omega  0.00, alpha  4.000, steps in the past 0.000, valid nll 1.386
  [diag] log10|dL/dh_t| hist bins=60 range=(-12.50,-11.50) mean=-12.00 p50=-12.00 p05=-12.00 p95=-12.00
  [diag] sat-dist hist bins=60 sat<0.05=0.0% mean=0.985 p10=0.984 p90=0.986
Iter 0017540: train nll 1.384, valid error 075.510%, best valid error 074.070%, avg grad norm   0.188, avg grad norm (post clip)   0.052, rho_Whh  0.95, Omega  0.00, alpha  4.000, steps in the past 0.000, valid nll 1.386
  [diag] log10|dL/dh_t| hist bins=60 range=(-12.50,-11.50) mean=-12.00 p50=-12.00 p05=-12.00 p95=-12.00
  [diag] sat-dist hist bins=60 sat<0.05=0.0% mean=0.985 p10=0.984 p90=0.986
Iter 0017560: train nll 1.387, valid error 075.380%, best valid error 074.070%, avg grad norm   0.192, avg grad norm (post clip)   0.053, rho_Whh  0.95, Omega  0.00, alpha  4.000, steps in the past 0.000, valid nll 1.386
  [diag] log10|dL/dh_t| hist bins=60 range=(-12.50,-11.50) mean=-12.00 p50=-12.00 p05=-12.00 p95=-12.00
  [diag] sat-dist hist bins=60 sat<0.05=0.0% mean=0.985 p10=0.984 p90=0.986
Iter 0017580: train nll 1.386, valid error 075.360%, best valid error 074.070%, avg grad norm   0.185, avg grad norm (post clip)   0.053, rho_Whh  0.95, Omega  0.00, alpha  4.000, steps in the past 0.000, valid nll 1.386
  [diag] log10|dL/dh_t| hist bins=60 range=(-12.50,-11.50) mean=-12.00 p50=-12.00 p05=-12.00 p95=-12.00
  [diag] sat-dist hist bins=60 sat<0.05=0.0% mean=0.985 p10=0.984 p90=0.986
Iter 0017600: train nll 1.387, valid error 075.490%, best valid error 074.070%, avg grad norm   0.174, avg grad norm (post clip)   0.053, rho_Whh  0.95, Omega  0.00, alpha  4.000, steps in the past 0.000, valid nll 1.386
  [diag] log10|dL/dh_t| hist bins=60 range=(-12.50,-11.50) mean=-12.00 p50=-12.00 p05=-12.00 p95=-12.00
  [diag] sat-dist hist bins=60 sat<0.05=0.0% mean=0.985 p10=0.984 p90=0.986
Iter 0017620: train nll 1.387, valid error 075.480%, best valid error 074.070%, avg grad norm   0.202, avg grad norm (post clip)   0.053, rho_Whh  0.95, Omega  0.00, alpha  4.000, steps in the past 0.000, valid nll 1.386
  [diag] log10|dL/dh_t| hist bins=60 range=(-12.50,-11.50) mean=-12.00 p50=-12.00 p05=-12.00 p95=-12.00
  [diag] sat-dist hist bins=60 sat<0.05=0.0% mean=0.985 p10=0.984 p90=0.986
Iter 0017640: train nll 1.387, valid error 075.480%, best valid error 074.070%, avg grad norm   0.169, avg grad norm (post clip)   0.053, rho_Whh  0.95, Omega  0.00, alpha  4.000, steps in the past 0.000, valid nll 1.386
  [diag] log10|dL/dh_t| hist bins=60 range=(-12.50,-11.50) mean=-12.00 p50=-12.00 p05=-12.00 p95=-12.00
  [diag] sat-dist hist bins=60 sat<0.05=0.0% mean=0.985 p10=0.984 p90=0.986
Iter 0017660: train nll 1.386, valid error 075.480%, best valid error 074.070%, avg grad norm   0.169, avg grad norm (post clip)   0.053, rho_Whh  0.95, Omega  0.00, alpha  4.000, steps in the past 0.000, valid nll 1.386
  [diag] log10|dL/dh_t| hist bins=60 range=(-12.50,-11.50) mean=-12.00 p50=-12.00 p05=-12.00 p95=-12.00
  [diag] sat-dist hist bins=60 sat<0.05=0.0% mean=0.985 p10=0.984 p90=0.986
Iter 0017680: train nll 1.386, valid error 075.480%, best valid error 074.070%, avg grad norm   0.178, avg grad norm (post clip)   0.053, rho_Whh  0.95, Omega  0.00, alpha  4.000, steps in the past 0.000, valid nll 1.386
  [diag] log10|dL/dh_t| hist bins=60 range=(-12.50,-11.50) mean=-12.00 p50=-12.00 p05=-12.00 p95=-12.00
  [diag] sat-dist hist bins=60 sat<0.05=0.0% mean=0.985 p10=0.984 p90=0.986
Iter 0017700: train nll 1.386, valid error 075.480%, best valid error 074.070%, avg grad norm   0.178, avg grad norm (post clip)   0.053, rho_Whh  0.95, Omega  0.00, alpha  4.000, steps in the past 0.000, valid nll 1.386
  [diag] log10|dL/dh_t| hist bins=60 range=(-12.50,-11.50) mean=-12.00 p50=-12.00 p05=-12.00 p95=-12.00
  [diag] sat-dist hist bins=60 sat<0.05=0.0% mean=0.985 p10=0.984 p90=0.986
Iter 0017720: train nll 1.386, valid error 075.480%, best valid error 074.070%, avg grad norm   0.194, avg grad norm (post clip)   0.053, rho_Whh  0.95, Omega  0.00, alpha  4.000, steps in the past 0.000, valid nll 1.386
  [diag] log10|dL/dh_t| hist bins=60 range=(-12.50,-11.50) mean=-12.00 p50=-12.00 p05=-12.00 p95=-12.00
  [diag] sat-dist hist bins=60 sat<0.05=0.0% mean=0.985 p10=0.984 p90=0.986
Iter 0017740: train nll 1.386, valid error 075.480%, best valid error 074.070%, avg grad norm   0.217, avg grad norm (post clip)   0.053, rho_Whh  0.95, Omega  0.00, alpha  4.000, steps in the past 0.000, valid nll 1.386
  [diag] log10|dL/dh_t| hist bins=60 range=(-12.50,-11.50) mean=-12.00 p50=-12.00 p05=-12.00 p95=-12.00
  [diag] sat-dist hist bins=60 sat<0.05=0.0% mean=0.985 p10=0.984 p90=0.986
Iter 0017760: train nll 1.386, valid error 075.480%, best valid error 074.070%, avg grad norm   0.201, avg grad norm (post clip)   0.053, rho_Whh  0.95, Omega  0.00, alpha  4.000, steps in the past 0.000, valid nll 1.386
  [diag] log10|dL/dh_t| hist bins=60 range=(-12.50,-11.50) mean=-12.00 p50=-12.00 p05=-12.00 p95=-12.00
  [diag] sat-dist hist bins=60 sat<0.05=0.0% mean=0.985 p10=0.984 p90=0.986
Iter 0017780: train nll 1.387, valid error 075.480%, best valid error 074.070%, avg grad norm   0.191, avg grad norm (post clip)   0.053, rho_Whh  0.95, Omega  0.00, alpha  4.000, steps in the past 0.000, valid nll 1.386
  [diag] log10|dL/dh_t| hist bins=60 range=(-12.50,-11.50) mean=-12.00 p50=-12.00 p05=-12.00 p95=-12.00
  [diag] sat-dist hist bins=60 sat<0.05=0.0% mean=0.985 p10=0.984 p90=0.986
Iter 0017800: train nll 1.386, valid error 075.480%, best valid error 074.070%, avg grad norm   0.200, avg grad norm (post clip)   0.053, rho_Whh  0.95, Omega  0.00, alpha  4.000, steps in the past 0.000, valid nll 1.386
  [diag] log10|dL/dh_t| hist bins=60 range=(-12.50,-11.50) mean=-12.00 p50=-12.00 p05=-12.00 p95=-12.00
  [diag] sat-dist hist bins=60 sat<0.05=0.0% mean=0.985 p10=0.984 p90=0.986
Iter 0017820: train nll 1.386, valid error 075.480%, best valid error 074.070%, avg grad norm   0.150, avg grad norm (post clip)   0.053, rho_Whh  0.95, Omega  0.00, alpha  4.000, steps in the past 0.000, valid nll 1.386
  [diag] log10|dL/dh_t| hist bins=60 range=(-12.50,-11.50) mean=-12.00 p50=-12.00 p05=-12.00 p95=-12.00
  [diag] sat-dist hist bins=60 sat<0.05=0.0% mean=0.985 p10=0.984 p90=0.986
Iter 0017840: train nll 1.384, valid error 075.480%, best valid error 074.070%, avg grad norm   0.172, avg grad norm (post clip)   0.053, rho_Whh  0.95, Omega  0.00, alpha  4.000, steps in the past 0.000, valid nll 1.386
  [diag] log10|dL/dh_t| hist bins=60 range=(-12.50,-11.50) mean=-12.00 p50=-12.00 p05=-12.00 p95=-12.00
  [diag] sat-dist hist bins=60 sat<0.05=0.0% mean=0.985 p10=0.984 p90=0.986
Iter 0017860: train nll 1.386, valid error 075.480%, best valid error 074.070%, avg grad norm   0.205, avg grad norm (post clip)   0.053, rho_Whh  0.95, Omega  0.00, alpha  4.000, steps in the past 0.000, valid nll 1.386
  [diag] log10|dL/dh_t| hist bins=60 range=(-12.50,-11.50) mean=-12.00 p50=-12.00 p05=-12.00 p95=-12.00
  [diag] sat-dist hist bins=60 sat<0.05=0.0% mean=0.985 p10=0.984 p90=0.986
Iter 0017880: train nll 1.386, valid error 075.480%, best valid error 074.070%, avg grad norm   0.211, avg grad norm (post clip)   0.053, rho_Whh  0.95, Omega  0.00, alpha  4.000, steps in the past 0.000, valid nll 1.386
  [diag] log10|dL/dh_t| hist bins=60 range=(-12.50,-11.50) mean=-12.00 p50=-12.00 p05=-12.00 p95=-12.00
  [diag] sat-dist hist bins=60 sat<0.05=0.0% mean=0.985 p10=0.984 p90=0.986
Iter 0017900: train nll 1.387, valid error 075.480%, best valid error 074.070%, avg grad norm   0.169, avg grad norm (post clip)   0.052, rho_Whh  0.95, Omega  0.00, alpha  4.000, steps in the past 0.000, valid nll 1.386
  [diag] log10|dL/dh_t| hist bins=60 range=(-12.50,-11.50) mean=-12.00 p50=-12.00 p05=-12.00 p95=-12.00
  [diag] sat-dist hist bins=60 sat<0.05=0.0% mean=0.985 p10=0.984 p90=0.986
Iter 0017920: train nll 1.388, valid error 075.480%, best valid error 074.070%, avg grad norm   0.195, avg grad norm (post clip)   0.052, rho_Whh  0.95, Omega  0.00, alpha  4.000, steps in the past 0.000, valid nll 1.386
  [diag] log10|dL/dh_t| hist bins=60 range=(-12.50,-11.50) mean=-12.00 p50=-12.00 p05=-12.00 p95=-12.00
  [diag] sat-dist hist bins=60 sat<0.05=0.0% mean=0.985 p10=0.984 p90=0.986
Iter 0017940: train nll 1.385, valid error 075.480%, best valid error 074.070%, avg grad norm   0.208, avg grad norm (post clip)   0.053, rho_Whh  0.95, Omega  0.00, alpha  4.000, steps in the past 0.000, valid nll 1.386
  [diag] log10|dL/dh_t| hist bins=60 range=(-12.50,-11.50) mean=-12.00 p50=-12.00 p05=-12.00 p95=-12.00
  [diag] sat-dist hist bins=60 sat<0.05=0.0% mean=0.985 p10=0.984 p90=0.986
Iter 0017960: train nll 1.387, valid error 075.480%, best valid error 074.070%, avg grad norm   0.232, avg grad norm (post clip)   0.053, rho_Whh  0.95, Omega  0.00, alpha  4.000, steps in the past 0.000, valid nll 1.386
  [diag] log10|dL/dh_t| hist bins=60 range=(-12.50,-11.50) mean=-12.00 p50=-12.00 p05=-12.00 p95=-12.00
  [diag] sat-dist hist bins=60 sat<0.05=0.0% mean=0.985 p10=0.984 p90=0.986
Iter 0017980: train nll 1.386, valid error 075.480%, best valid error 074.070%, avg grad norm   0.192, avg grad norm (post clip)   0.053, rho_Whh  0.95, Omega  0.00, alpha  4.000, steps in the past 0.000, valid nll 1.386
  [diag] log10|dL/dh_t| hist bins=60 range=(-12.50,-11.50) mean=-12.00 p50=-12.00 p05=-12.00 p95=-12.00
  [diag] sat-dist hist bins=60 sat<0.05=0.0% mean=0.985 p10=0.984 p90=0.986
Iter 0018000: train nll 1.386, valid error 075.480%, best valid error 074.070%, avg grad norm   0.178, avg grad norm (post clip)   0.053, rho_Whh  0.95, Omega  0.00, alpha  4.000, steps in the past 0.000, valid nll 1.386
  [diag] log10|dL/dh_t| hist bins=60 range=(-12.50,-11.50) mean=-12.00 p50=-12.00 p05=-12.00 p95=-12.00
  [diag] sat-dist hist bins=60 sat<0.05=0.0% mean=0.985 p10=0.984 p90=0.986
Iter 0018020: train nll 1.386, valid error 075.480%, best valid error 074.070%, avg grad norm   0.170, avg grad norm (post clip)   0.053, rho_Whh  0.95, Omega  0.00, alpha  4.000, steps in the past 0.000, valid nll 1.386
  [diag] log10|dL/dh_t| hist bins=60 range=(-12.50,-11.50) mean=-12.00 p50=-12.00 p05=-12.00 p95=-12.00
  [diag] sat-dist hist bins=60 sat<0.05=0.0% mean=0.985 p10=0.984 p90=0.986
Iter 0018040: train nll 1.386, valid error 075.480%, best valid error 074.070%, avg grad norm   0.192, avg grad norm (post clip)   0.053, rho_Whh  0.95, Omega  0.00, alpha  4.000, steps in the past 0.000, valid nll 1.386
  [diag] log10|dL/dh_t| hist bins=60 range=(-12.50,-11.50) mean=-12.00 p50=-12.00 p05=-12.00 p95=-12.00
  [diag] sat-dist hist bins=60 sat<0.05=0.0% mean=0.985 p10=0.984 p90=0.985
Iter 0018060: train nll 1.388, valid error 075.480%, best valid error 074.070%, avg grad norm   0.190, avg grad norm (post clip)   0.053, rho_Whh  0.95, Omega  0.00, alpha  4.000, steps in the past 0.000, valid nll 1.386
  [diag] log10|dL/dh_t| hist bins=60 range=(-12.50,-11.50) mean=-12.00 p50=-12.00 p05=-12.00 p95=-12.00
  [diag] sat-dist hist bins=60 sat<0.05=0.0% mean=0.985 p10=0.984 p90=0.985
Iter 0018080: train nll 1.388, valid error 075.480%, best valid error 074.070%, avg grad norm   0.203, avg grad norm (post clip)   0.053, rho_Whh  0.95, Omega  0.00, alpha  4.000, steps in the past 0.000, valid nll 1.386
  [diag] log10|dL/dh_t| hist bins=60 range=(-12.50,-11.50) mean=-12.00 p50=-12.00 p05=-12.00 p95=-12.00
  [diag] sat-dist hist bins=60 sat<0.05=0.0% mean=0.985 p10=0.984 p90=0.985
Iter 0018100: train nll 1.386, valid error 075.480%, best valid error 074.070%, avg grad norm   0.180, avg grad norm (post clip)   0.053, rho_Whh  0.95, Omega  0.00, alpha  4.000, steps in the past 0.000, valid nll 1.386
  [diag] log10|dL/dh_t| hist bins=60 range=(-12.50,-11.50) mean=-12.00 p50=-12.00 p05=-12.00 p95=-12.00
  [diag] sat-dist hist bins=60 sat<0.05=0.0% mean=0.985 p10=0.984 p90=0.985
Iter 0018120: train nll 1.386, valid error 075.480%, best valid error 074.070%, avg grad norm   0.219, avg grad norm (post clip)   0.053, rho_Whh  0.95, Omega  0.00, alpha  4.000, steps in the past 0.000, valid nll 1.386
  [diag] log10|dL/dh_t| hist bins=60 range=(-12.50,-11.50) mean=-12.00 p50=-12.00 p05=-12.00 p95=-12.00
  [diag] sat-dist hist bins=60 sat<0.05=0.0% mean=0.985 p10=0.984 p90=0.985
Iter 0018140: train nll 1.387, valid error 075.480%, best valid error 074.070%, avg grad norm   0.203, avg grad norm (post clip)   0.053, rho_Whh  0.95, Omega  0.00, alpha  4.000, steps in the past 0.000, valid nll 1.386
  [diag] log10|dL/dh_t| hist bins=60 range=(-12.50,-11.50) mean=-12.00 p50=-12.00 p05=-12.00 p95=-12.00
  [diag] sat-dist hist bins=60 sat<0.05=0.0% mean=0.985 p10=0.984 p90=0.985
Iter 0018160: train nll 1.386, valid error 075.480%, best valid error 074.070%, avg grad norm   0.184, avg grad norm (post clip)   0.052, rho_Whh  0.95, Omega  0.00, alpha  4.000, steps in the past 0.000, valid nll 1.386
  [diag] log10|dL/dh_t| hist bins=60 range=(-12.50,-11.50) mean=-12.00 p50=-12.00 p05=-12.00 p95=-12.00
  [diag] sat-dist hist bins=60 sat<0.05=0.0% mean=0.985 p10=0.984 p90=0.985
Iter 0018180: train nll 1.387, valid error 075.480%, best valid error 074.070%, avg grad norm   0.165, avg grad norm (post clip)   0.052, rho_Whh  0.95, Omega  0.00, alpha  4.000, steps in the past 0.000, valid nll 1.386
  [diag] log10|dL/dh_t| hist bins=60 range=(-12.50,-11.50) mean=-12.00 p50=-12.00 p05=-12.00 p95=-12.00
  [diag] sat-dist hist bins=60 sat<0.05=0.0% mean=0.984 p10=0.984 p90=0.985
Iter 0018200: train nll 1.386, valid error 075.480%, best valid error 074.070%, avg grad norm   0.187, avg grad norm (post clip)   0.052, rho_Whh  0.95, Omega  0.00, alpha  4.000, steps in the past 0.000, valid nll 1.386
  [diag] log10|dL/dh_t| hist bins=60 range=(-12.50,-11.50) mean=-12.00 p50=-12.00 p05=-12.00 p95=-12.00
  [diag] sat-dist hist bins=60 sat<0.05=0.0% mean=0.985 p10=0.984 p90=0.985
Iter 0018220: train nll 1.387, valid error 075.480%, best valid error 074.070%, avg grad norm   0.188, avg grad norm (post clip)   0.053, rho_Whh  0.95, Omega  0.00, alpha  4.000, steps in the past 0.000, valid nll 1.386
  [diag] log10|dL/dh_t| hist bins=60 range=(-12.50,-11.50) mean=-12.00 p50=-12.00 p05=-12.00 p95=-12.00
  [diag] sat-dist hist bins=60 sat<0.05=0.0% mean=0.985 p10=0.984 p90=0.985
Iter 0018240: train nll 1.386, valid error 075.480%, best valid error 074.070%, avg grad norm   0.166, avg grad norm (post clip)   0.053, rho_Whh  0.95, Omega  0.00, alpha  4.000, steps in the past 0.000, valid nll 1.386
  [diag] log10|dL/dh_t| hist bins=60 range=(-12.50,-11.50) mean=-12.00 p50=-12.00 p05=-12.00 p95=-12.00
  [diag] sat-dist hist bins=60 sat<0.05=0.0% mean=0.985 p10=0.984 p90=0.985
Iter 0018260: train nll 1.386, valid error 075.480%, best valid error 074.070%, avg grad norm   0.158, avg grad norm (post clip)   0.053, rho_Whh  0.95, Omega  0.00, alpha  4.000, steps in the past 0.000, valid nll 1.386
  [diag] log10|dL/dh_t| hist bins=60 range=(-12.50,-11.50) mean=-12.00 p50=-12.00 p05=-12.00 p95=-12.00
  [diag] sat-dist hist bins=60 sat<0.05=0.0% mean=0.985 p10=0.984 p90=0.985
Iter 0018280: train nll 1.386, valid error 075.480%, best valid error 074.070%, avg grad norm   0.187, avg grad norm (post clip)   0.053, rho_Whh  0.95, Omega  0.00, alpha  4.000, steps in the past 0.000, valid nll 1.386
  [diag] log10|dL/dh_t| hist bins=60 range=(-12.50,-11.50) mean=-12.00 p50=-12.00 p05=-12.00 p95=-12.00
  [diag] sat-dist hist bins=60 sat<0.05=0.0% mean=0.985 p10=0.984 p90=0.985
Iter 0018300: train nll 1.387, valid error 075.480%, best valid error 074.070%, avg grad norm   0.173, avg grad norm (post clip)   0.053, rho_Whh  0.95, Omega  0.00, alpha  4.000, steps in the past 0.000, valid nll 1.386
  [diag] log10|dL/dh_t| hist bins=60 range=(-12.50,-11.50) mean=-12.00 p50=-12.00 p05=-12.00 p95=-12.00
  [diag] sat-dist hist bins=60 sat<0.05=0.0% mean=0.985 p10=0.984 p90=0.985
Iter 0018320: train nll 1.385, valid error 075.480%, best valid error 074.070%, avg grad norm   0.165, avg grad norm (post clip)   0.052, rho_Whh  0.95, Omega  0.00, alpha  4.000, steps in the past 0.000, valid nll 1.386
  [diag] log10|dL/dh_t| hist bins=60 range=(-12.50,-11.50) mean=-12.00 p50=-12.00 p05=-12.00 p95=-12.00
  [diag] sat-dist hist bins=60 sat<0.05=0.0% mean=0.985 p10=0.984 p90=0.985
Iter 0018340: train nll 1.387, valid error 075.480%, best valid error 074.070%, avg grad norm   0.200, avg grad norm (post clip)   0.053, rho_Whh  0.95, Omega  0.00, alpha  4.000, steps in the past 0.000, valid nll 1.386
  [diag] log10|dL/dh_t| hist bins=60 range=(-12.50,-11.50) mean=-12.00 p50=-12.00 p05=-12.00 p95=-12.00
  [diag] sat-dist hist bins=60 sat<0.05=0.0% mean=0.984 p10=0.984 p90=0.985
Iter 0018360: train nll 1.386, valid error 075.480%, best valid error 074.070%, avg grad norm   0.173, avg grad norm (post clip)   0.052, rho_Whh  0.95, Omega  0.00, alpha  4.000, steps in the past 0.000, valid nll 1.386
  [diag] log10|dL/dh_t| hist bins=60 range=(-12.50,-11.50) mean=-12.00 p50=-12.00 p05=-12.00 p95=-12.00
  [diag] sat-dist hist bins=60 sat<0.05=0.0% mean=0.985 p10=0.984 p90=0.985
Iter 0018380: train nll 1.386, valid error 075.480%, best valid error 074.070%, avg grad norm   0.181, avg grad norm (post clip)   0.053, rho_Whh  0.95, Omega  0.00, alpha  4.000, steps in the past 0.000, valid nll 1.386
  [diag] log10|dL/dh_t| hist bins=60 range=(-12.50,-11.50) mean=-12.00 p50=-12.00 p05=-12.00 p95=-12.00
  [diag] sat-dist hist bins=60 sat<0.05=0.0% mean=0.984 p10=0.984 p90=0.985
Iter 0018400: train nll 1.386, valid error 075.480%, best valid error 074.070%, avg grad norm   0.204, avg grad norm (post clip)   0.053, rho_Whh  0.95, Omega  0.00, alpha  4.000, steps in the past 0.000, valid nll 1.386
  [diag] log10|dL/dh_t| hist bins=60 range=(-12.50,-11.50) mean=-12.00 p50=-12.00 p05=-12.00 p95=-12.00
  [diag] sat-dist hist bins=60 sat<0.05=0.0% mean=0.984 p10=0.983 p90=0.985
Iter 0018420: train nll 1.388, valid error 075.480%, best valid error 074.070%, avg grad norm   0.195, avg grad norm (post clip)   0.053, rho_Whh  0.95, Omega  0.00, alpha  4.000, steps in the past 0.000, valid nll 1.386
  [diag] log10|dL/dh_t| hist bins=60 range=(-12.50,-11.50) mean=-12.00 p50=-12.00 p05=-12.00 p95=-12.00
  [diag] sat-dist hist bins=60 sat<0.05=0.0% mean=0.984 p10=0.984 p90=0.985
Iter 0018440: train nll 1.386, valid error 075.480%, best valid error 074.070%, avg grad norm   0.155, avg grad norm (post clip)   0.053, rho_Whh  0.95, Omega  0.00, alpha  4.000, steps in the past 0.000, valid nll 1.386
  [diag] log10|dL/dh_t| hist bins=60 range=(-12.50,-11.50) mean=-12.00 p50=-12.00 p05=-12.00 p95=-12.00
  [diag] sat-dist hist bins=60 sat<0.05=0.0% mean=0.984 p10=0.984 p90=0.985
Iter 0018460: train nll 1.386, valid error 075.480%, best valid error 074.070%, avg grad norm   0.176, avg grad norm (post clip)   0.053, rho_Whh  0.95, Omega  0.00, alpha  4.000, steps in the past 0.000, valid nll 1.386
  [diag] log10|dL/dh_t| hist bins=60 range=(-12.50,-11.50) mean=-12.00 p50=-12.00 p05=-12.00 p95=-12.00
  [diag] sat-dist hist bins=60 sat<0.05=0.0% mean=0.984 p10=0.983 p90=0.984
Iter 0018480: train nll 1.386, valid error 075.480%, best valid error 074.070%, avg grad norm   0.190, avg grad norm (post clip)   0.053, rho_Whh  0.95, Omega  0.00, alpha  4.000, steps in the past 0.000, valid nll 1.386
  [diag] log10|dL/dh_t| hist bins=60 range=(-12.50,-11.50) mean=-12.00 p50=-12.00 p05=-12.00 p95=-12.00
  [diag] sat-dist hist bins=60 sat<0.05=0.0% mean=0.984 p10=0.983 p90=0.985
Iter 0018500: train nll 1.386, valid error 075.480%, best valid error 074.070%, avg grad norm   0.193, avg grad norm (post clip)   0.052, rho_Whh  0.95, Omega  0.00, alpha  4.000, steps in the past 0.000, valid nll 1.386
  [diag] log10|dL/dh_t| hist bins=60 range=(-12.50,-11.50) mean=-12.00 p50=-12.00 p05=-12.00 p95=-12.00
  [diag] sat-dist hist bins=60 sat<0.05=0.0% mean=0.984 p10=0.983 p90=0.985
Iter 0018520: train nll 1.386, valid error 075.480%, best valid error 074.070%, avg grad norm   0.185, avg grad norm (post clip)   0.053, rho_Whh  0.95, Omega  0.00, alpha  4.000, steps in the past 0.000, valid nll 1.386
  [diag] log10|dL/dh_t| hist bins=60 range=(-12.50,-11.50) mean=-12.00 p50=-12.00 p05=-12.00 p95=-12.00
  [diag] sat-dist hist bins=60 sat<0.05=0.0% mean=0.984 p10=0.984 p90=0.985
Iter 0018540: train nll 1.387, valid error 075.480%, best valid error 074.070%, avg grad norm   0.185, avg grad norm (post clip)   0.053, rho_Whh  0.95, Omega  0.00, alpha  4.000, steps in the past 0.000, valid nll 1.386
  [diag] log10|dL/dh_t| hist bins=60 range=(-12.50,-11.50) mean=-12.00 p50=-12.00 p05=-12.00 p95=-12.00
  [diag] sat-dist hist bins=60 sat<0.05=0.0% mean=0.984 p10=0.984 p90=0.985
Iter 0018560: train nll 1.386, valid error 075.480%, best valid error 074.070%, avg grad norm   0.165, avg grad norm (post clip)   0.053, rho_Whh  0.95, Omega  0.00, alpha  4.000, steps in the past 0.000, valid nll 1.386
  [diag] log10|dL/dh_t| hist bins=60 range=(-12.50,-11.50) mean=-12.00 p50=-12.00 p05=-12.00 p95=-12.00
  [diag] sat-dist hist bins=60 sat<0.05=0.0% mean=0.984 p10=0.984 p90=0.985
Iter 0018580: train nll 1.386, valid error 075.480%, best valid error 074.070%, avg grad norm   0.168, avg grad norm (post clip)   0.052, rho_Whh  0.95, Omega  0.00, alpha  4.000, steps in the past 0.000, valid nll 1.386
  [diag] log10|dL/dh_t| hist bins=60 range=(-12.50,-11.50) mean=-12.00 p50=-12.00 p05=-12.00 p95=-12.00
  [diag] sat-dist hist bins=60 sat<0.05=0.0% mean=0.984 p10=0.984 p90=0.985
Iter 0018600: train nll 1.386, valid error 075.480%, best valid error 074.070%, avg grad norm   0.192, avg grad norm (post clip)   0.053, rho_Whh  0.95, Omega  0.00, alpha  4.000, steps in the past 0.000, valid nll 1.386
  [diag] log10|dL/dh_t| hist bins=60 range=(-12.50,-11.50) mean=-12.00 p50=-12.00 p05=-12.00 p95=-12.00
  [diag] sat-dist hist bins=60 sat<0.05=0.0% mean=0.984 p10=0.984 p90=0.985
Iter 0018620: train nll 1.387, valid error 075.480%, best valid error 074.070%, avg grad norm   0.207, avg grad norm (post clip)   0.053, rho_Whh  0.95, Omega  0.00, alpha  4.000, steps in the past 0.000, valid nll 1.386
  [diag] log10|dL/dh_t| hist bins=60 range=(-12.50,-11.50) mean=-12.00 p50=-12.00 p05=-12.00 p95=-12.00
  [diag] sat-dist hist bins=60 sat<0.05=0.0% mean=0.984 p10=0.984 p90=0.985
Iter 0018640: train nll 1.386, valid error 075.480%, best valid error 074.070%, avg grad norm   0.192, avg grad norm (post clip)   0.053, rho_Whh  0.95, Omega  0.00, alpha  4.000, steps in the past 0.000, valid nll 1.386
  [diag] log10|dL/dh_t| hist bins=60 range=(-12.50,-11.50) mean=-12.00 p50=-12.00 p05=-12.00 p95=-12.00
  [diag] sat-dist hist bins=60 sat<0.05=0.0% mean=0.985 p10=0.984 p90=0.985
Iter 0018660: train nll 1.386, valid error 075.480%, best valid error 074.070%, avg grad norm   0.159, avg grad norm (post clip)   0.053, rho_Whh  0.95, Omega  0.00, alpha  4.000, steps in the past 0.000, valid nll 1.386
  [diag] log10|dL/dh_t| hist bins=60 range=(-12.50,-11.50) mean=-12.00 p50=-12.00 p05=-12.00 p95=-12.00
  [diag] sat-dist hist bins=60 sat<0.05=0.0% mean=0.985 p10=0.984 p90=0.985
Iter 0018680: train nll 1.387, valid error 075.480%, best valid error 074.070%, avg grad norm   0.239, avg grad norm (post clip)   0.053, rho_Whh  0.95, Omega  0.00, alpha  4.000, steps in the past 0.000, valid nll 1.386
  [diag] log10|dL/dh_t| hist bins=60 range=(-12.50,-11.50) mean=-12.00 p50=-12.00 p05=-12.00 p95=-12.00
  [diag] sat-dist hist bins=60 sat<0.05=0.0% mean=0.985 p10=0.984 p90=0.985
Iter 0018700: train nll 1.386, valid error 075.480%, best valid error 074.070%, avg grad norm   0.156, avg grad norm (post clip)   0.053, rho_Whh  0.95, Omega  0.00, alpha  4.000, steps in the past 0.000, valid nll 1.386
  [diag] log10|dL/dh_t| hist bins=60 range=(-12.50,-11.50) mean=-12.00 p50=-12.00 p05=-12.00 p95=-12.00
  [diag] sat-dist hist bins=60 sat<0.05=0.0% mean=0.985 p10=0.984 p90=0.985
Iter 0018720: train nll 1.387, valid error 075.480%, best valid error 074.070%, avg grad norm   0.175, avg grad norm (post clip)   0.053, rho_Whh  0.95, Omega  0.00, alpha  4.000, steps in the past 0.000, valid nll 1.386
  [diag] log10|dL/dh_t| hist bins=60 range=(-12.50,-11.50) mean=-12.00 p50=-12.00 p05=-12.00 p95=-12.00
  [diag] sat-dist hist bins=60 sat<0.05=0.0% mean=0.985 p10=0.984 p90=0.985
Iter 0018740: train nll 1.386, valid error 075.480%, best valid error 074.070%, avg grad norm   0.182, avg grad norm (post clip)   0.052, rho_Whh  0.95, Omega  0.00, alpha  4.000, steps in the past 0.000, valid nll 1.386
  [diag] log10|dL/dh_t| hist bins=60 range=(-12.50,-11.50) mean=-12.00 p50=-12.00 p05=-12.00 p95=-12.00
  [diag] sat-dist hist bins=60 sat<0.05=0.0% mean=0.985 p10=0.984 p90=0.985
Iter 0018760: train nll 1.386, valid error 075.480%, best valid error 074.070%, avg grad norm   0.187, avg grad norm (post clip)   0.053, rho_Whh  0.95, Omega  0.00, alpha  4.000, steps in the past 0.000, valid nll 1.386
  [diag] log10|dL/dh_t| hist bins=60 range=(-12.50,-11.50) mean=-12.00 p50=-12.00 p05=-12.00 p95=-12.00
  [diag] sat-dist hist bins=60 sat<0.05=0.0% mean=0.985 p10=0.984 p90=0.985
Iter 0018780: train nll 1.386, valid error 075.480%, best valid error 074.070%, avg grad norm   0.163, avg grad norm (post clip)   0.053, rho_Whh  0.95, Omega  0.00, alpha  4.000, steps in the past 0.000, valid nll 1.386
  [diag] log10|dL/dh_t| hist bins=60 range=(-12.50,-11.50) mean=-12.00 p50=-12.00 p05=-12.00 p95=-12.00
  [diag] sat-dist hist bins=60 sat<0.05=0.0% mean=0.985 p10=0.984 p90=0.985
Iter 0018800: train nll 1.386, valid error 075.480%, best valid error 074.070%, avg grad norm   0.179, avg grad norm (post clip)   0.053, rho_Whh  0.95, Omega  0.00, alpha  4.000, steps in the past 0.000, valid nll 1.386
  [diag] log10|dL/dh_t| hist bins=60 range=(-12.50,-11.50) mean=-12.00 p50=-12.00 p05=-12.00 p95=-12.00
  [diag] sat-dist hist bins=60 sat<0.05=0.0% mean=0.985 p10=0.984 p90=0.985
Iter 0018820: train nll 1.387, valid error 075.480%, best valid error 074.070%, avg grad norm   0.188, avg grad norm (post clip)   0.053, rho_Whh  0.95, Omega  0.00, alpha  4.000, steps in the past 0.000, valid nll 1.386
  [diag] log10|dL/dh_t| hist bins=60 range=(-12.50,-11.50) mean=-12.00 p50=-12.00 p05=-12.00 p95=-12.00
  [diag] sat-dist hist bins=60 sat<0.05=0.0% mean=0.985 p10=0.984 p90=0.985
Iter 0018840: train nll 1.386, valid error 075.480%, best valid error 074.070%, avg grad norm   0.189, avg grad norm (post clip)   0.053, rho_Whh  0.95, Omega  0.00, alpha  4.000, steps in the past 0.000, valid nll 1.386
  [diag] log10|dL/dh_t| hist bins=60 range=(-12.50,-11.50) mean=-12.00 p50=-12.00 p05=-12.00 p95=-12.00
  [diag] sat-dist hist bins=60 sat<0.05=0.0% mean=0.984 p10=0.984 p90=0.985
Iter 0018860: train nll 1.386, valid error 075.480%, best valid error 074.070%, avg grad norm   0.162, avg grad norm (post clip)   0.053, rho_Whh  0.95, Omega  0.00, alpha  4.000, steps in the past 0.000, valid nll 1.386
  [diag] log10|dL/dh_t| hist bins=60 range=(-12.50,-11.50) mean=-12.00 p50=-12.00 p05=-12.00 p95=-12.00
  [diag] sat-dist hist bins=60 sat<0.05=0.0% mean=0.984 p10=0.983 p90=0.985
Iter 0018880: train nll 1.387, valid error 075.480%, best valid error 074.070%, avg grad norm   0.214, avg grad norm (post clip)   0.053, rho_Whh  0.95, Omega  0.00, alpha  4.000, steps in the past 0.000, valid nll 1.386
  [diag] log10|dL/dh_t| hist bins=60 range=(-12.50,-11.50) mean=-12.00 p50=-12.00 p05=-12.00 p95=-12.00
  [diag] sat-dist hist bins=60 sat<0.05=0.0% mean=0.984 p10=0.983 p90=0.985
Iter 0018900: train nll 1.386, valid error 075.490%, best valid error 074.070%, avg grad norm   0.172, avg grad norm (post clip)   0.053, rho_Whh  0.95, Omega  0.00, alpha  4.000, steps in the past 0.000, valid nll 1.386
  [diag] log10|dL/dh_t| hist bins=60 range=(-12.50,-11.50) mean=-12.00 p50=-12.00 p05=-12.00 p95=-12.00
  [diag] sat-dist hist bins=60 sat<0.05=0.0% mean=0.984 p10=0.983 p90=0.985
Iter 0018920: train nll 1.387, valid error 075.660%, best valid error 074.070%, avg grad norm   0.160, avg grad norm (post clip)   0.053, rho_Whh  0.95, Omega  0.00, alpha  4.000, steps in the past 0.000, valid nll 1.386
  [diag] log10|dL/dh_t| hist bins=60 range=(-12.50,-11.50) mean=-12.00 p50=-12.00 p05=-12.00 p95=-12.00
  [diag] sat-dist hist bins=60 sat<0.05=0.0% mean=0.984 p10=0.983 p90=0.985
Iter 0018940: train nll 1.387, valid error 075.600%, best valid error 074.070%, avg grad norm   0.200, avg grad norm (post clip)   0.053, rho_Whh  0.95, Omega  0.00, alpha  4.000, steps in the past 0.000, valid nll 1.386
  [diag] log10|dL/dh_t| hist bins=60 range=(-12.50,-11.50) mean=-12.00 p50=-12.00 p05=-12.00 p95=-12.00
  [diag] sat-dist hist bins=60 sat<0.05=0.0% mean=0.984 p10=0.983 p90=0.984
Iter 0018960: train nll 1.386, valid error 075.500%, best valid error 074.070%, avg grad norm   0.170, avg grad norm (post clip)   0.053, rho_Whh  0.95, Omega  0.00, alpha  4.000, steps in the past 0.000, valid nll 1.386
  [diag] log10|dL/dh_t| hist bins=60 range=(-12.50,-11.50) mean=-12.00 p50=-12.00 p05=-12.00 p95=-12.00
  [diag] sat-dist hist bins=60 sat<0.05=0.0% mean=0.984 p10=0.983 p90=0.984
Iter 0018980: train nll 1.385, valid error 075.570%, best valid error 074.070%, avg grad norm   0.223, avg grad norm (post clip)   0.053, rho_Whh  0.95, Omega  0.00, alpha  4.000, steps in the past 0.000, valid nll 1.386
  [diag] log10|dL/dh_t| hist bins=60 range=(-12.50,-11.50) mean=-12.00 p50=-12.00 p05=-12.00 p95=-12.00
  [diag] sat-dist hist bins=60 sat<0.05=0.0% mean=0.983 p10=0.983 p90=0.984
Iter 0019000: train nll 1.387, valid error 075.160%, best valid error 074.070%, avg grad norm   0.180, avg grad norm (post clip)   0.053, rho_Whh  0.95, Omega  0.00, alpha  4.000, steps in the past 0.000, valid nll 1.386
  [diag] log10|dL/dh_t| hist bins=60 range=(-12.50,-11.50) mean=-12.00 p50=-12.00 p05=-12.00 p95=-12.00
  [diag] sat-dist hist bins=60 sat<0.05=0.0% mean=0.983 p10=0.982 p90=0.984
Iter 0019020: train nll 1.386, valid error 075.280%, best valid error 074.070%, avg grad norm   0.173, avg grad norm (post clip)   0.053, rho_Whh  0.95, Omega  0.00, alpha  4.000, steps in the past 0.000, valid nll 1.386
  [diag] log10|dL/dh_t| hist bins=60 range=(-12.50,-11.50) mean=-12.00 p50=-12.00 p05=-12.00 p95=-12.00
  [diag] sat-dist hist bins=60 sat<0.05=0.0% mean=0.983 p10=0.983 p90=0.984
Iter 0019040: train nll 1.387, valid error 075.270%, best valid error 074.070%, avg grad norm   0.188, avg grad norm (post clip)   0.053, rho_Whh  0.95, Omega  0.00, alpha  4.000, steps in the past 0.000, valid nll 1.386
  [diag] log10|dL/dh_t| hist bins=60 range=(-12.50,-11.50) mean=-12.00 p50=-12.00 p05=-12.00 p95=-12.00
  [diag] sat-dist hist bins=60 sat<0.05=0.0% mean=0.983 p10=0.983 p90=0.984
Iter 0019060: train nll 1.386, valid error 075.540%, best valid error 074.070%, avg grad norm   0.191, avg grad norm (post clip)   0.053, rho_Whh  0.95, Omega  0.00, alpha  4.000, steps in the past 0.000, valid nll 1.386
  [diag] log10|dL/dh_t| hist bins=60 range=(-12.50,-11.50) mean=-12.00 p50=-12.00 p05=-12.00 p95=-12.00
  [diag] sat-dist hist bins=60 sat<0.05=0.0% mean=0.983 p10=0.983 p90=0.984
Iter 0019080: train nll 1.387, valid error 075.740%, best valid error 074.070%, avg grad norm   0.200, avg grad norm (post clip)   0.053, rho_Whh  0.95, Omega  0.00, alpha  4.000, steps in the past 0.000, valid nll 1.386
  [diag] log10|dL/dh_t| hist bins=60 range=(-12.50,-11.50) mean=-12.00 p50=-12.00 p05=-12.00 p95=-12.00
  [diag] sat-dist hist bins=60 sat<0.05=0.0% mean=0.984 p10=0.983 p90=0.984
Iter 0019100: train nll 1.386, valid error 075.480%, best valid error 074.070%, avg grad norm   0.192, avg grad norm (post clip)   0.053, rho_Whh  0.95, Omega  0.00, alpha  4.000, steps in the past 0.000, valid nll 1.386
  [diag] log10|dL/dh_t| hist bins=60 range=(-12.50,-11.50) mean=-12.00 p50=-12.00 p05=-12.00 p95=-12.00
  [diag] sat-dist hist bins=60 sat<0.05=0.0% mean=0.984 p10=0.983 p90=0.984
Iter 0019120: train nll 1.387, valid error 075.480%, best valid error 074.070%, avg grad norm   0.180, avg grad norm (post clip)   0.053, rho_Whh  0.95, Omega  0.00, alpha  4.000, steps in the past 0.000, valid nll 1.386
  [diag] log10|dL/dh_t| hist bins=60 range=(-12.50,-11.50) mean=-12.00 p50=-12.00 p05=-12.00 p95=-12.00
  [diag] sat-dist hist bins=60 sat<0.05=0.0% mean=0.984 p10=0.983 p90=0.984
Iter 0019140: train nll 1.386, valid error 075.490%, best valid error 074.070%, avg grad norm   0.172, avg grad norm (post clip)   0.053, rho_Whh  0.95, Omega  0.00, alpha  4.000, steps in the past 0.000, valid nll 1.386
  [diag] log10|dL/dh_t| hist bins=60 range=(-12.50,-11.50) mean=-12.00 p50=-12.00 p05=-12.00 p95=-12.00
  [diag] sat-dist hist bins=60 sat<0.05=0.0% mean=0.984 p10=0.983 p90=0.985
Iter 0019160: train nll 1.386, valid error 075.480%, best valid error 074.070%, avg grad norm   0.184, avg grad norm (post clip)   0.053, rho_Whh  0.95, Omega  0.00, alpha  4.000, steps in the past 0.000, valid nll 1.386
  [diag] log10|dL/dh_t| hist bins=60 range=(-12.50,-11.50) mean=-12.00 p50=-12.00 p05=-12.00 p95=-12.00
  [diag] sat-dist hist bins=60 sat<0.05=0.0% mean=0.984 p10=0.983 p90=0.985
Iter 0019180: train nll 1.386, valid error 075.480%, best valid error 074.070%, avg grad norm   0.146, avg grad norm (post clip)   0.051, rho_Whh  0.95, Omega  0.00, alpha  4.000, steps in the past 0.000, valid nll 1.386
  [diag] log10|dL/dh_t| hist bins=60 range=(-12.50,-11.50) mean=-12.00 p50=-12.00 p05=-12.00 p95=-12.00
  [diag] sat-dist hist bins=60 sat<0.05=0.0% mean=0.984 p10=0.983 p90=0.985
Iter 0019200: train nll 1.386, valid error 075.480%, best valid error 074.070%, avg grad norm   0.173, avg grad norm (post clip)   0.053, rho_Whh  0.95, Omega  0.00, alpha  4.000, steps in the past 0.000, valid nll 1.386
  [diag] log10|dL/dh_t| hist bins=60 range=(-12.50,-11.50) mean=-12.00 p50=-12.00 p05=-12.00 p95=-12.00
  [diag] sat-dist hist bins=60 sat<0.05=0.0% mean=0.984 p10=0.983 p90=0.984
Iter 0019220: train nll 1.387, valid error 075.600%, best valid error 074.070%, avg grad norm   0.192, avg grad norm (post clip)   0.053, rho_Whh  0.95, Omega  0.00, alpha  4.000, steps in the past 0.000, valid nll 1.386
  [diag] log10|dL/dh_t| hist bins=60 range=(-12.50,-11.50) mean=-12.00 p50=-12.00 p05=-12.00 p95=-12.00
  [diag] sat-dist hist bins=60 sat<0.05=0.0% mean=0.984 p10=0.983 p90=0.984
Iter 0019240: train nll 1.387, valid error 075.570%, best valid error 074.070%, avg grad norm   0.183, avg grad norm (post clip)   0.053, rho_Whh  0.95, Omega  0.00, alpha  4.000, steps in the past 0.000, valid nll 1.386
  [diag] log10|dL/dh_t| hist bins=60 range=(-12.50,-11.50) mean=-12.00 p50=-12.00 p05=-12.00 p95=-12.00
  [diag] sat-dist hist bins=60 sat<0.05=0.0% mean=0.984 p10=0.983 p90=0.984
Iter 0019260: train nll 1.386, valid error 075.480%, best valid error 074.070%, avg grad norm   0.198, avg grad norm (post clip)   0.053, rho_Whh  0.95, Omega  0.00, alpha  4.000, steps in the past 0.000, valid nll 1.386
  [diag] log10|dL/dh_t| hist bins=60 range=(-12.50,-11.50) mean=-12.00 p50=-12.00 p05=-12.00 p95=-12.00
  [diag] sat-dist hist bins=60 sat<0.05=0.0% mean=0.984 p10=0.983 p90=0.984
Iter 0019280: train nll 1.386, valid error 075.480%, best valid error 074.070%, avg grad norm   0.184, avg grad norm (post clip)   0.053, rho_Whh  0.95, Omega  0.00, alpha  4.000, steps in the past 0.000, valid nll 1.386
  [diag] log10|dL/dh_t| hist bins=60 range=(-12.50,-11.50) mean=-12.00 p50=-12.00 p05=-12.00 p95=-12.00
  [diag] sat-dist hist bins=60 sat<0.05=0.0% mean=0.984 p10=0.983 p90=0.984
Iter 0019300: train nll 1.386, valid error 075.480%, best valid error 074.070%, avg grad norm   0.184, avg grad norm (post clip)   0.053, rho_Whh  0.95, Omega  0.00, alpha  4.000, steps in the past 0.000, valid nll 1.386
  [diag] log10|dL/dh_t| hist bins=60 range=(-12.50,-11.50) mean=-12.00 p50=-12.00 p05=-12.00 p95=-12.00
  [diag] sat-dist hist bins=60 sat<0.05=0.0% mean=0.984 p10=0.983 p90=0.984
Iter 0019320: train nll 1.386, valid error 075.480%, best valid error 074.070%, avg grad norm   0.184, avg grad norm (post clip)   0.053, rho_Whh  0.95, Omega  0.00, alpha  4.000, steps in the past 0.000, valid nll 1.386
  [diag] log10|dL/dh_t| hist bins=60 range=(-12.50,-11.50) mean=-12.00 p50=-12.00 p05=-12.00 p95=-12.00
  [diag] sat-dist hist bins=60 sat<0.05=0.0% mean=0.984 p10=0.983 p90=0.984
Iter 0019340: train nll 1.387, valid error 075.480%, best valid error 074.070%, avg grad norm   0.180, avg grad norm (post clip)   0.053, rho_Whh  0.95, Omega  0.00, alpha  4.000, steps in the past 0.000, valid nll 1.386
  [diag] log10|dL/dh_t| hist bins=60 range=(-12.50,-11.50) mean=-12.00 p50=-12.00 p05=-12.00 p95=-12.00
  [diag] sat-dist hist bins=60 sat<0.05=0.0% mean=0.984 p10=0.983 p90=0.984
Iter 0019360: train nll 1.386, valid error 075.500%, best valid error 074.070%, avg grad norm   0.194, avg grad norm (post clip)   0.053, rho_Whh  0.95, Omega  0.00, alpha  4.000, steps in the past 0.000, valid nll 1.386
  [diag] log10|dL/dh_t| hist bins=60 range=(-12.50,-11.50) mean=-12.00 p50=-12.00 p05=-12.00 p95=-12.00
  [diag] sat-dist hist bins=60 sat<0.05=0.0% mean=0.984 p10=0.983 p90=0.984
Iter 0019380: train nll 1.386, valid error 075.480%, best valid error 074.070%, avg grad norm   0.216, avg grad norm (post clip)   0.053, rho_Whh  0.95, Omega  0.00, alpha  4.000, steps in the past 0.000, valid nll 1.386
  [diag] log10|dL/dh_t| hist bins=60 range=(-12.50,-11.50) mean=-12.00 p50=-12.00 p05=-12.00 p95=-12.00
  [diag] sat-dist hist bins=60 sat<0.05=0.0% mean=0.984 p10=0.983 p90=0.985
Iter 0019400: train nll 1.386, valid error 075.480%, best valid error 074.070%, avg grad norm   0.158, avg grad norm (post clip)   0.053, rho_Whh  0.95, Omega  0.00, alpha  4.000, steps in the past 0.000, valid nll 1.386
  [diag] log10|dL/dh_t| hist bins=60 range=(-12.50,-11.50) mean=-12.00 p50=-12.00 p05=-12.00 p95=-12.00
  [diag] sat-dist hist bins=60 sat<0.05=0.0% mean=0.984 p10=0.983 p90=0.984
Iter 0019420: train nll 1.387, valid error 075.560%, best valid error 074.070%, avg grad norm   0.169, avg grad norm (post clip)   0.053, rho_Whh  0.95, Omega  0.00, alpha  4.000, steps in the past 0.000, valid nll 1.386
  [diag] log10|dL/dh_t| hist bins=60 range=(-12.50,-11.50) mean=-12.00 p50=-12.00 p05=-12.00 p95=-12.00
  [diag] sat-dist hist bins=60 sat<0.05=0.0% mean=0.984 p10=0.983 p90=0.984
Iter 0019440: train nll 1.386, valid error 075.470%, best valid error 074.070%, avg grad norm   0.179, avg grad norm (post clip)   0.053, rho_Whh  0.95, Omega  0.00, alpha  4.000, steps in the past 0.000, valid nll 1.386
  [diag] log10|dL/dh_t| hist bins=60 range=(-12.50,-11.50) mean=-12.00 p50=-12.00 p05=-12.00 p95=-12.00
  [diag] sat-dist hist bins=60 sat<0.05=0.0% mean=0.984 p10=0.983 p90=0.984
Iter 0019460: train nll 1.386, valid error 075.450%, best valid error 074.070%, avg grad norm   0.195, avg grad norm (post clip)   0.053, rho_Whh  0.95, Omega  0.00, alpha  4.000, steps in the past 0.000, valid nll 1.386
  [diag] log10|dL/dh_t| hist bins=60 range=(-12.50,-11.50) mean=-12.00 p50=-12.00 p05=-12.00 p95=-12.00
  [diag] sat-dist hist bins=60 sat<0.05=0.0% mean=0.984 p10=0.983 p90=0.984
Iter 0019480: train nll 1.386, valid error 075.560%, best valid error 074.070%, avg grad norm   0.198, avg grad norm (post clip)   0.053, rho_Whh  0.95, Omega  0.00, alpha  4.000, steps in the past 0.000, valid nll 1.386
  [diag] log10|dL/dh_t| hist bins=60 range=(-12.50,-11.50) mean=-12.00 p50=-12.00 p05=-12.00 p95=-12.00
  [diag] sat-dist hist bins=60 sat<0.05=0.0% mean=0.984 p10=0.983 p90=0.984
Iter 0019500: train nll 1.386, valid error 075.480%, best valid error 074.070%, avg grad norm   0.203, avg grad norm (post clip)   0.053, rho_Whh  0.95, Omega  0.00, alpha  4.000, steps in the past 0.000, valid nll 1.386
  [diag] log10|dL/dh_t| hist bins=60 range=(-12.50,-11.50) mean=-12.00 p50=-12.00 p05=-12.00 p95=-12.00
  [diag] sat-dist hist bins=60 sat<0.05=0.0% mean=0.984 p10=0.983 p90=0.984
Iter 0019520: train nll 1.386, valid error 075.480%, best valid error 074.070%, avg grad norm   0.188, avg grad norm (post clip)   0.053, rho_Whh  0.95, Omega  0.00, alpha  4.000, steps in the past 0.000, valid nll 1.386
  [diag] log10|dL/dh_t| hist bins=60 range=(-12.50,-11.50) mean=-12.00 p50=-12.00 p05=-12.00 p95=-12.00
  [diag] sat-dist hist bins=60 sat<0.05=0.0% mean=0.984 p10=0.983 p90=0.984
Iter 0019540: train nll 1.386, valid error 075.480%, best valid error 074.070%, avg grad norm   0.175, avg grad norm (post clip)   0.053, rho_Whh  0.95, Omega  0.00, alpha  4.000, steps in the past 0.000, valid nll 1.386
  [diag] log10|dL/dh_t| hist bins=60 range=(-12.50,-11.50) mean=-12.00 p50=-12.00 p05=-12.00 p95=-12.00
  [diag] sat-dist hist bins=60 sat<0.05=0.0% mean=0.984 p10=0.983 p90=0.984
Iter 0019560: train nll 1.386, valid error 075.480%, best valid error 074.070%, avg grad norm   0.157, avg grad norm (post clip)   0.052, rho_Whh  0.95, Omega  0.00, alpha  4.000, steps in the past 0.000, valid nll 1.386
  [diag] log10|dL/dh_t| hist bins=60 range=(-12.50,-11.50) mean=-12.00 p50=-12.00 p05=-12.00 p95=-12.00
  [diag] sat-dist hist bins=60 sat<0.05=0.0% mean=0.983 p10=0.983 p90=0.984
Iter 0019580: train nll 1.386, valid error 075.480%, best valid error 074.070%, avg grad norm   0.189, avg grad norm (post clip)   0.052, rho_Whh  0.95, Omega  0.00, alpha  4.000, steps in the past 0.000, valid nll 1.386
  [diag] log10|dL/dh_t| hist bins=60 range=(-12.50,-11.50) mean=-12.00 p50=-12.00 p05=-12.00 p95=-12.00
  [diag] sat-dist hist bins=60 sat<0.05=0.0% mean=0.983 p10=0.983 p90=0.984
Iter 0019600: train nll 1.385, valid error 075.480%, best valid error 074.070%, avg grad norm   0.192, avg grad norm (post clip)   0.053, rho_Whh  0.95, Omega  0.00, alpha  4.000, steps in the past 0.000, valid nll 1.386
  [diag] log10|dL/dh_t| hist bins=60 range=(-12.50,-11.50) mean=-12.00 p50=-12.00 p05=-12.00 p95=-12.00
  [diag] sat-dist hist bins=60 sat<0.05=0.0% mean=0.983 p10=0.983 p90=0.984
Iter 0019620: train nll 1.386, valid error 075.480%, best valid error 074.070%, avg grad norm   0.185, avg grad norm (post clip)   0.053, rho_Whh  0.95, Omega  0.00, alpha  4.000, steps in the past 0.000, valid nll 1.386
  [diag] log10|dL/dh_t| hist bins=60 range=(-12.50,-11.50) mean=-12.00 p50=-12.00 p05=-12.00 p95=-12.00
  [diag] sat-dist hist bins=60 sat<0.05=0.0% mean=0.983 p10=0.983 p90=0.984
Iter 0019640: train nll 1.386, valid error 075.480%, best valid error 074.070%, avg grad norm   0.189, avg grad norm (post clip)   0.053, rho_Whh  0.95, Omega  0.00, alpha  4.000, steps in the past 0.000, valid nll 1.386
  [diag] log10|dL/dh_t| hist bins=60 range=(-12.50,-11.50) mean=-12.00 p50=-12.00 p05=-12.00 p95=-12.00
  [diag] sat-dist hist bins=60 sat<0.05=0.0% mean=0.983 p10=0.983 p90=0.984
Iter 0019660: train nll 1.386, valid error 075.480%, best valid error 074.070%, avg grad norm   0.162, avg grad norm (post clip)   0.053, rho_Whh  0.95, Omega  0.00, alpha  4.000, steps in the past 0.000, valid nll 1.387
  [diag] log10|dL/dh_t| hist bins=60 range=(-12.50,-11.50) mean=-12.00 p50=-12.00 p05=-12.00 p95=-12.00
  [diag] sat-dist hist bins=60 sat<0.05=0.0% mean=0.984 p10=0.983 p90=0.984
Iter 0019680: train nll 1.386, valid error 075.480%, best valid error 074.070%, avg grad norm   0.154, avg grad norm (post clip)   0.052, rho_Whh  0.95, Omega  0.00, alpha  4.000, steps in the past 0.000, valid nll 1.387
  [diag] log10|dL/dh_t| hist bins=60 range=(-12.50,-11.50) mean=-12.00 p50=-12.00 p05=-12.00 p95=-12.00
  [diag] sat-dist hist bins=60 sat<0.05=0.0% mean=0.984 p10=0.983 p90=0.984
Iter 0019700: train nll 1.386, valid error 075.480%, best valid error 074.070%, avg grad norm   0.182, avg grad norm (post clip)   0.052, rho_Whh  0.95, Omega  0.00, alpha  4.000, steps in the past 0.000, valid nll 1.386
  [diag] log10|dL/dh_t| hist bins=60 range=(-12.50,-11.50) mean=-12.00 p50=-12.00 p05=-12.00 p95=-12.00
  [diag] sat-dist hist bins=60 sat<0.05=0.0% mean=0.984 p10=0.983 p90=0.984
Iter 0019720: train nll 1.387, valid error 075.480%, best valid error 074.070%, avg grad norm   0.158, avg grad norm (post clip)   0.052, rho_Whh  0.95, Omega  0.00, alpha  4.000, steps in the past 0.000, valid nll 1.386
  [diag] log10|dL/dh_t| hist bins=60 range=(-12.50,-11.50) mean=-12.00 p50=-12.00 p05=-12.00 p95=-12.00
  [diag] sat-dist hist bins=60 sat<0.05=0.0% mean=0.984 p10=0.983 p90=0.984
Iter 0019740: train nll 1.385, valid error 075.480%, best valid error 074.070%, avg grad norm   0.227, avg grad norm (post clip)   0.053, rho_Whh  0.95, Omega  0.00, alpha  4.000, steps in the past 0.000, valid nll 1.386
  [diag] log10|dL/dh_t| hist bins=60 range=(-12.50,-11.50) mean=-12.00 p50=-12.00 p05=-12.00 p95=-12.00
  [diag] sat-dist hist bins=60 sat<0.05=0.0% mean=0.984 p10=0.983 p90=0.985
Iter 0019760: train nll 1.386, valid error 075.480%, best valid error 074.070%, avg grad norm   0.203, avg grad norm (post clip)   0.053, rho_Whh  0.95, Omega  0.00, alpha  4.000, steps in the past 0.000, valid nll 1.386
  [diag] log10|dL/dh_t| hist bins=60 range=(-12.50,-11.50) mean=-12.00 p50=-12.00 p05=-12.00 p95=-12.00
  [diag] sat-dist hist bins=60 sat<0.05=0.0% mean=0.984 p10=0.983 p90=0.985
Iter 0019780: train nll 1.387, valid error 075.480%, best valid error 074.070%, avg grad norm   0.190, avg grad norm (post clip)   0.053, rho_Whh  0.95, Omega  0.00, alpha  4.000, steps in the past 0.000, valid nll 1.386
  [diag] log10|dL/dh_t| hist bins=60 range=(-12.50,-11.50) mean=-12.00 p50=-12.00 p05=-12.00 p95=-12.00
  [diag] sat-dist hist bins=60 sat<0.05=0.0% mean=0.984 p10=0.983 p90=0.985
Iter 0019800: train nll 1.386, valid error 075.480%, best valid error 074.070%, avg grad norm   0.188, avg grad norm (post clip)   0.053, rho_Whh  0.95, Omega  0.00, alpha  4.000, steps in the past 0.000, valid nll 1.386
  [diag] log10|dL/dh_t| hist bins=60 range=(-12.50,-11.50) mean=-12.00 p50=-12.00 p05=-12.00 p95=-12.00
  [diag] sat-dist hist bins=60 sat<0.05=0.0% mean=0.984 p10=0.983 p90=0.985
Iter 0019820: train nll 1.387, valid error 075.480%, best valid error 074.070%, avg grad norm   0.189, avg grad norm (post clip)   0.053, rho_Whh  0.95, Omega  0.00, alpha  4.000, steps in the past 0.000, valid nll 1.386
  [diag] log10|dL/dh_t| hist bins=60 range=(-12.50,-11.50) mean=-12.00 p50=-12.00 p05=-12.00 p95=-12.00
  [diag] sat-dist hist bins=60 sat<0.05=0.0% mean=0.984 p10=0.983 p90=0.985
Iter 0019840: train nll 1.386, valid error 075.480%, best valid error 074.070%, avg grad norm   0.187, avg grad norm (post clip)   0.053, rho_Whh  0.95, Omega  0.00, alpha  4.000, steps in the past 0.000, valid nll 1.386
  [diag] log10|dL/dh_t| hist bins=60 range=(-12.50,-11.50) mean=-12.00 p50=-12.00 p05=-12.00 p95=-12.00
  [diag] sat-dist hist bins=60 sat<0.05=0.0% mean=0.984 p10=0.983 p90=0.984
Iter 0019860: train nll 1.386, valid error 075.480%, best valid error 074.070%, avg grad norm   0.165, avg grad norm (post clip)   0.053, rho_Whh  0.95, Omega  0.00, alpha  4.000, steps in the past 0.000, valid nll 1.386
  [diag] log10|dL/dh_t| hist bins=60 range=(-12.50,-11.50) mean=-12.00 p50=-12.00 p05=-12.00 p95=-12.00
  [diag] sat-dist hist bins=60 sat<0.05=0.0% mean=0.984 p10=0.983 p90=0.985
Iter 0019880: train nll 1.386, valid error 075.480%, best valid error 074.070%, avg grad norm   0.205, avg grad norm (post clip)   0.052, rho_Whh  0.95, Omega  0.00, alpha  4.000, steps in the past 0.000, valid nll 1.386
  [diag] log10|dL/dh_t| hist bins=60 range=(-12.50,-11.50) mean=-12.00 p50=-12.00 p05=-12.00 p95=-12.00
  [diag] sat-dist hist bins=60 sat<0.05=0.0% mean=0.984 p10=0.983 p90=0.985
Iter 0019900: train nll 1.386, valid error 075.480%, best valid error 074.070%, avg grad norm   0.197, avg grad norm (post clip)   0.053, rho_Whh  0.95, Omega  0.00, alpha  4.000, steps in the past 0.000, valid nll 1.386
  [diag] log10|dL/dh_t| hist bins=60 range=(-12.50,-11.50) mean=-12.00 p50=-12.00 p05=-12.00 p95=-12.00
  [diag] sat-dist hist bins=60 sat<0.05=0.0% mean=0.984 p10=0.983 p90=0.985
Iter 0019920: train nll 1.386, valid error 075.480%, best valid error 074.070%, avg grad norm   0.195, avg grad norm (post clip)   0.053, rho_Whh  0.95, Omega  0.00, alpha  4.000, steps in the past 0.000, valid nll 1.386
  [diag] log10|dL/dh_t| hist bins=60 range=(-12.50,-11.50) mean=-12.00 p50=-12.00 p05=-12.00 p95=-12.00
  [diag] sat-dist hist bins=60 sat<0.05=0.0% mean=0.984 p10=0.983 p90=0.984
Iter 0019940: train nll 1.386, valid error 075.480%, best valid error 074.070%, avg grad norm   0.173, avg grad norm (post clip)   0.053, rho_Whh  0.95, Omega  0.00, alpha  4.000, steps in the past 0.000, valid nll 1.386
  [diag] log10|dL/dh_t| hist bins=60 range=(-12.50,-11.50) mean=-12.00 p50=-12.00 p05=-12.00 p95=-12.00
  [diag] sat-dist hist bins=60 sat<0.05=0.0% mean=0.984 p10=0.983 p90=0.985
Iter 0019960: train nll 1.387, valid error 075.480%, best valid error 074.070%, avg grad norm   0.181, avg grad norm (post clip)   0.053, rho_Whh  0.95, Omega  0.00, alpha  4.000, steps in the past 0.000, valid nll 1.386
  [diag] log10|dL/dh_t| hist bins=60 range=(-12.50,-11.50) mean=-12.00 p50=-12.00 p05=-12.00 p95=-12.00
  [diag] sat-dist hist bins=60 sat<0.05=0.0% mean=0.984 p10=0.983 p90=0.985
Iter 0019980: train nll 1.386, valid error 075.480%, best valid error 074.070%, avg grad norm   0.167, avg grad norm (post clip)   0.053, rho_Whh  0.95, Omega  0.00, alpha  4.000, steps in the past 0.000, valid nll 1.386
  [diag] log10|dL/dh_t| hist bins=60 range=(-12.50,-11.50) mean=-12.00 p50=-12.00 p05=-12.00 p95=-12.00
  [diag] sat-dist hist bins=60 sat<0.05=0.0% mean=0.984 p10=0.983 p90=0.985
Iter 0020000: train nll 1.386, valid error 075.480%, best valid error 074.070%, avg grad norm   0.185, avg grad norm (post clip)   0.053, rho_Whh  0.95, Omega  0.00, alpha  4.000, steps in the past 0.000, valid nll 1.386
  [diag] log10|dL/dh_t| hist bins=60 range=(-12.50,-11.50) mean=-12.00 p50=-12.00 p05=-12.00 p95=-12.00
  [diag] sat-dist hist bins=60 sat<0.05=0.0% mean=0.984 p10=0.984 p90=0.985
Iter 0020020: train nll 1.387, valid error 075.480%, best valid error 074.070%, avg grad norm   0.182, avg grad norm (post clip)   0.053, rho_Whh  0.95, Omega  0.00, alpha  4.000, steps in the past 0.000, valid nll 1.386
  [diag] log10|dL/dh_t| hist bins=60 range=(-12.50,-11.50) mean=-12.00 p50=-12.00 p05=-12.00 p95=-12.00
  [diag] sat-dist hist bins=60 sat<0.05=0.0% mean=0.984 p10=0.984 p90=0.985
Iter 0020040: train nll 1.386, valid error 075.480%, best valid error 074.070%, avg grad norm   0.162, avg grad norm (post clip)   0.053, rho_Whh  0.95, Omega  0.00, alpha  4.000, steps in the past 0.000, valid nll 1.386
  [diag] log10|dL/dh_t| hist bins=60 range=(-12.50,-11.50) mean=-12.00 p50=-12.00 p05=-12.00 p95=-12.00
  [diag] sat-dist hist bins=60 sat<0.05=0.0% mean=0.984 p10=0.984 p90=0.985
Iter 0020060: train nll 1.386, valid error 075.480%, best valid error 074.070%, avg grad norm   0.174, avg grad norm (post clip)   0.052, rho_Whh  0.95, Omega  0.00, alpha  4.000, steps in the past 0.000, valid nll 1.386
  [diag] log10|dL/dh_t| hist bins=60 range=(-12.50,-11.50) mean=-12.00 p50=-12.00 p05=-12.00 p95=-12.00
  [diag] sat-dist hist bins=60 sat<0.05=0.0% mean=0.984 p10=0.984 p90=0.985
Iter 0020080: train nll 1.386, valid error 075.480%, best valid error 074.070%, avg grad norm   0.167, avg grad norm (post clip)   0.053, rho_Whh  0.95, Omega  0.00, alpha  4.000, steps in the past 0.000, valid nll 1.386
  [diag] log10|dL/dh_t| hist bins=60 range=(-12.50,-11.50) mean=-12.00 p50=-12.00 p05=-12.00 p95=-12.00
  [diag] sat-dist hist bins=60 sat<0.05=0.0% mean=0.984 p10=0.983 p90=0.985
Iter 0020100: train nll 1.386, valid error 075.480%, best valid error 074.070%, avg grad norm   0.179, avg grad norm (post clip)   0.053, rho_Whh  0.95, Omega  0.00, alpha  4.000, steps in the past 0.000, valid nll 1.386
  [diag] log10|dL/dh_t| hist bins=60 range=(-12.50,-11.50) mean=-12.00 p50=-12.00 p05=-12.00 p95=-12.00
  [diag] sat-dist hist bins=60 sat<0.05=0.0% mean=0.984 p10=0.983 p90=0.985
Iter 0020120: train nll 1.387, valid error 075.480%, best valid error 074.070%, avg grad norm   0.188, avg grad norm (post clip)   0.053, rho_Whh  0.95, Omega  0.00, alpha  4.000, steps in the past 0.000, valid nll 1.386
  [diag] log10|dL/dh_t| hist bins=60 range=(-12.50,-11.50) mean=-12.00 p50=-12.00 p05=-12.00 p95=-12.00
  [diag] sat-dist hist bins=60 sat<0.05=0.0% mean=0.984 p10=0.984 p90=0.985
Iter 0020140: train nll 1.386, valid error 075.480%, best valid error 074.070%, avg grad norm   0.225, avg grad norm (post clip)   0.053, rho_Whh  0.95, Omega  0.00, alpha  4.000, steps in the past 0.000, valid nll 1.386
  [diag] log10|dL/dh_t| hist bins=60 range=(-12.50,-11.50) mean=-12.00 p50=-12.00 p05=-12.00 p95=-12.00
  [diag] sat-dist hist bins=60 sat<0.05=0.0% mean=0.984 p10=0.984 p90=0.985
Iter 0020160: train nll 1.386, valid error 075.480%, best valid error 074.070%, avg grad norm   0.183, avg grad norm (post clip)   0.053, rho_Whh  0.95, Omega  0.00, alpha  4.000, steps in the past 0.000, valid nll 1.386
  [diag] log10|dL/dh_t| hist bins=60 range=(-12.50,-11.50) mean=-12.00 p50=-12.00 p05=-12.00 p95=-12.00
  [diag] sat-dist hist bins=60 sat<0.05=0.0% mean=0.984 p10=0.984 p90=0.985
Iter 0020180: train nll 1.387, valid error 075.480%, best valid error 074.070%, avg grad norm   0.171, avg grad norm (post clip)   0.053, rho_Whh  0.95, Omega  0.00, alpha  4.000, steps in the past 0.000, valid nll 1.386
  [diag] log10|dL/dh_t| hist bins=60 range=(-12.50,-11.50) mean=-12.00 p50=-12.00 p05=-12.00 p95=-12.00
  [diag] sat-dist hist bins=60 sat<0.05=0.0% mean=0.984 p10=0.984 p90=0.985
Iter 0020200: train nll 1.386, valid error 075.480%, best valid error 074.070%, avg grad norm   0.205, avg grad norm (post clip)   0.053, rho_Whh  0.95, Omega  0.00, alpha  4.000, steps in the past 0.000, valid nll 1.386
  [diag] log10|dL/dh_t| hist bins=60 range=(-12.50,-11.50) mean=-12.00 p50=-12.00 p05=-12.00 p95=-12.00
  [diag] sat-dist hist bins=60 sat<0.05=0.0% mean=0.984 p10=0.984 p90=0.985
Iter 0020220: train nll 1.387, valid error 075.480%, best valid error 074.070%, avg grad norm   0.213, avg grad norm (post clip)   0.053, rho_Whh  0.95, Omega  0.00, alpha  4.000, steps in the past 0.000, valid nll 1.386
  [diag] log10|dL/dh_t| hist bins=60 range=(-12.50,-11.50) mean=-12.00 p50=-12.00 p05=-12.00 p95=-12.00
  [diag] sat-dist hist bins=60 sat<0.05=0.0% mean=0.984 p10=0.984 p90=0.985
Iter 0020240: train nll 1.386, valid error 075.480%, best valid error 074.070%, avg grad norm   0.143, avg grad norm (post clip)   0.052, rho_Whh  0.95, Omega  0.00, alpha  4.000, steps in the past 0.000, valid nll 1.386
  [diag] log10|dL/dh_t| hist bins=60 range=(-12.50,-11.50) mean=-12.00 p50=-12.00 p05=-12.00 p95=-12.00
  [diag] sat-dist hist bins=60 sat<0.05=0.0% mean=0.985 p10=0.984 p90=0.985
Iter 0020260: train nll 1.387, valid error 075.480%, best valid error 074.070%, avg grad norm   0.199, avg grad norm (post clip)   0.053, rho_Whh  0.95, Omega  0.00, alpha  4.000, steps in the past 0.000, valid nll 1.386
  [diag] log10|dL/dh_t| hist bins=60 range=(-12.50,-11.50) mean=-12.00 p50=-12.00 p05=-12.00 p95=-12.00
  [diag] sat-dist hist bins=60 sat<0.05=0.0% mean=0.984 p10=0.984 p90=0.985
Iter 0020280: train nll 1.386, valid error 075.480%, best valid error 074.070%, avg grad norm   0.160, avg grad norm (post clip)   0.052, rho_Whh  0.95, Omega  0.00, alpha  4.000, steps in the past 0.000, valid nll 1.386
  [diag] log10|dL/dh_t| hist bins=60 range=(-12.50,-11.50) mean=-12.00 p50=-12.00 p05=-12.00 p95=-12.00
  [diag] sat-dist hist bins=60 sat<0.05=0.0% mean=0.984 p10=0.984 p90=0.985
Iter 0020300: train nll 1.387, valid error 075.480%, best valid error 074.070%, avg grad norm   0.173, avg grad norm (post clip)   0.053, rho_Whh  0.95, Omega  0.00, alpha  4.000, steps in the past 0.000, valid nll 1.386
  [diag] log10|dL/dh_t| hist bins=60 range=(-12.50,-11.50) mean=-12.00 p50=-12.00 p05=-12.00 p95=-12.00
  [diag] sat-dist hist bins=60 sat<0.05=0.0% mean=0.985 p10=0.984 p90=0.985
Iter 0020320: train nll 1.386, valid error 075.480%, best valid error 074.070%, avg grad norm   0.217, avg grad norm (post clip)   0.053, rho_Whh  0.95, Omega  0.00, alpha  4.000, steps in the past 0.000, valid nll 1.386
  [diag] log10|dL/dh_t| hist bins=60 range=(-12.50,-11.50) mean=-12.00 p50=-12.00 p05=-12.00 p95=-12.00
  [diag] sat-dist hist bins=60 sat<0.05=0.0% mean=0.985 p10=0.984 p90=0.985
Iter 0020340: train nll 1.386, valid error 075.480%, best valid error 074.070%, avg grad norm   0.172, avg grad norm (post clip)   0.053, rho_Whh  0.95, Omega  0.00, alpha  4.000, steps in the past 0.000, valid nll 1.386
  [diag] log10|dL/dh_t| hist bins=60 range=(-12.50,-11.50) mean=-12.00 p50=-12.00 p05=-12.00 p95=-12.00
  [diag] sat-dist hist bins=60 sat<0.05=0.0% mean=0.985 p10=0.984 p90=0.986
Iter 0020360: train nll 1.386, valid error 075.480%, best valid error 074.070%, avg grad norm   0.168, avg grad norm (post clip)   0.053, rho_Whh  0.95, Omega  0.00, alpha  4.000, steps in the past 0.000, valid nll 1.386
  [diag] log10|dL/dh_t| hist bins=60 range=(-12.50,-11.50) mean=-12.00 p50=-12.00 p05=-12.00 p95=-12.00
  [diag] sat-dist hist bins=60 sat<0.05=0.0% mean=0.985 p10=0.984 p90=0.986
Iter 0020380: train nll 1.386, valid error 075.480%, best valid error 074.070%, avg grad norm   0.186, avg grad norm (post clip)   0.053, rho_Whh  0.95, Omega  0.00, alpha  4.000, steps in the past 0.000, valid nll 1.386
  [diag] log10|dL/dh_t| hist bins=60 range=(-12.50,-11.50) mean=-12.00 p50=-12.00 p05=-12.00 p95=-12.00
  [diag] sat-dist hist bins=60 sat<0.05=0.0% mean=0.985 p10=0.984 p90=0.986
Iter 0020400: train nll 1.387, valid error 075.480%, best valid error 074.070%, avg grad norm   0.191, avg grad norm (post clip)   0.053, rho_Whh  0.95, Omega  0.00, alpha  4.000, steps in the past 0.000, valid nll 1.386
  [diag] log10|dL/dh_t| hist bins=60 range=(-12.50,-11.50) mean=-12.00 p50=-12.00 p05=-12.00 p95=-12.00
  [diag] sat-dist hist bins=60 sat<0.05=0.0% mean=0.985 p10=0.984 p90=0.985
Iter 0020420: train nll 1.387, valid error 075.480%, best valid error 074.070%, avg grad norm   0.189, avg grad norm (post clip)   0.053, rho_Whh  0.95, Omega  0.00, alpha  4.000, steps in the past 0.000, valid nll 1.386
  [diag] log10|dL/dh_t| hist bins=60 range=(-12.50,-11.50) mean=-12.00 p50=-12.00 p05=-12.00 p95=-12.00
  [diag] sat-dist hist bins=60 sat<0.05=0.0% mean=0.985 p10=0.984 p90=0.985
Iter 0020440: train nll 1.386, valid error 075.480%, best valid error 074.070%, avg grad norm   0.183, avg grad norm (post clip)   0.052, rho_Whh  0.95, Omega  0.00, alpha  4.000, steps in the past 0.000, valid nll 1.386
  [diag] log10|dL/dh_t| hist bins=60 range=(-12.50,-11.50) mean=-12.00 p50=-12.00 p05=-12.00 p95=-12.00
  [diag] sat-dist hist bins=60 sat<0.05=0.0% mean=0.985 p10=0.984 p90=0.985
Iter 0020460: train nll 1.386, valid error 075.480%, best valid error 074.070%, avg grad norm   0.211, avg grad norm (post clip)   0.053, rho_Whh  0.95, Omega  0.00, alpha  4.000, steps in the past 0.000, valid nll 1.386
  [diag] log10|dL/dh_t| hist bins=60 range=(-12.50,-11.50) mean=-12.00 p50=-12.00 p05=-12.00 p95=-12.00
  [diag] sat-dist hist bins=60 sat<0.05=0.0% mean=0.985 p10=0.984 p90=0.985
Iter 0020480: train nll 1.386, valid error 075.480%, best valid error 074.070%, avg grad norm   0.153, avg grad norm (post clip)   0.052, rho_Whh  0.95, Omega  0.00, alpha  4.000, steps in the past 0.000, valid nll 1.386
  [diag] log10|dL/dh_t| hist bins=60 range=(-12.50,-11.50) mean=-12.00 p50=-12.00 p05=-12.00 p95=-12.00
  [diag] sat-dist hist bins=60 sat<0.05=0.0% mean=0.984 p10=0.984 p90=0.985
Iter 0020500: train nll 1.387, valid error 075.480%, best valid error 074.070%, avg grad norm   0.166, avg grad norm (post clip)   0.053, rho_Whh  0.95, Omega  0.00, alpha  4.000, steps in the past 0.000, valid nll 1.386
  [diag] log10|dL/dh_t| hist bins=60 range=(-12.50,-11.50) mean=-12.00 p50=-12.00 p05=-12.00 p95=-12.00
  [diag] sat-dist hist bins=60 sat<0.05=0.0% mean=0.984 p10=0.984 p90=0.985
Iter 0020520: train nll 1.387, valid error 075.480%, best valid error 074.070%, avg grad norm   0.184, avg grad norm (post clip)   0.053, rho_Whh  0.95, Omega  0.00, alpha  4.000, steps in the past 0.000, valid nll 1.386
  [diag] log10|dL/dh_t| hist bins=60 range=(-12.50,-11.50) mean=-12.00 p50=-12.00 p05=-12.00 p95=-12.00
  [diag] sat-dist hist bins=60 sat<0.05=0.0% mean=0.984 p10=0.984 p90=0.985
Iter 0020540: train nll 1.386, valid error 075.480%, best valid error 074.070%, avg grad norm   0.183, avg grad norm (post clip)   0.053, rho_Whh  0.95, Omega  0.00, alpha  4.000, steps in the past 0.000, valid nll 1.386
  [diag] log10|dL/dh_t| hist bins=60 range=(-12.50,-11.50) mean=-12.00 p50=-12.00 p05=-12.00 p95=-12.00
  [diag] sat-dist hist bins=60 sat<0.05=0.0% mean=0.984 p10=0.984 p90=0.985
Iter 0020560: train nll 1.387, valid error 075.480%, best valid error 074.070%, avg grad norm   0.190, avg grad norm (post clip)   0.053, rho_Whh  0.95, Omega  0.00, alpha  4.000, steps in the past 0.000, valid nll 1.386
  [diag] log10|dL/dh_t| hist bins=60 range=(-12.50,-11.50) mean=-12.00 p50=-12.00 p05=-12.00 p95=-12.00
  [diag] sat-dist hist bins=60 sat<0.05=0.0% mean=0.984 p10=0.984 p90=0.985
Iter 0020580: train nll 1.386, valid error 075.480%, best valid error 074.070%, avg grad norm   0.174, avg grad norm (post clip)   0.053, rho_Whh  0.95, Omega  0.00, alpha  4.000, steps in the past 0.000, valid nll 1.386
  [diag] log10|dL/dh_t| hist bins=60 range=(-12.50,-11.50) mean=-12.00 p50=-12.00 p05=-12.00 p95=-12.00
  [diag] sat-dist hist bins=60 sat<0.05=0.0% mean=0.984 p10=0.984 p90=0.985
Iter 0020600: train nll 1.386, valid error 075.480%, best valid error 074.070%, avg grad norm   0.156, avg grad norm (post clip)   0.053, rho_Whh  0.95, Omega  0.00, alpha  4.000, steps in the past 0.000, valid nll 1.386
  [diag] log10|dL/dh_t| hist bins=60 range=(-12.50,-11.50) mean=-12.00 p50=-12.00 p05=-12.00 p95=-12.00
  [diag] sat-dist hist bins=60 sat<0.05=0.0% mean=0.984 p10=0.984 p90=0.985
Iter 0020620: train nll 1.386, valid error 075.480%, best valid error 074.070%, avg grad norm   0.196, avg grad norm (post clip)   0.053, rho_Whh  0.95, Omega  0.00, alpha  4.000, steps in the past 0.000, valid nll 1.386
  [diag] log10|dL/dh_t| hist bins=60 range=(-12.50,-11.50) mean=-12.00 p50=-12.00 p05=-12.00 p95=-12.00
  [diag] sat-dist hist bins=60 sat<0.05=0.0% mean=0.984 p10=0.984 p90=0.985
Iter 0020640: train nll 1.387, valid error 075.480%, best valid error 074.070%, avg grad norm   0.190, avg grad norm (post clip)   0.053, rho_Whh  0.95, Omega  0.00, alpha  4.000, steps in the past 0.000, valid nll 1.386
  [diag] log10|dL/dh_t| hist bins=60 range=(-12.50,-11.50) mean=-12.00 p50=-12.00 p05=-12.00 p95=-12.00
  [diag] sat-dist hist bins=60 sat<0.05=0.0% mean=0.984 p10=0.984 p90=0.985
Iter 0020660: train nll 1.387, valid error 075.480%, best valid error 074.070%, avg grad norm   0.192, avg grad norm (post clip)   0.053, rho_Whh  0.95, Omega  0.00, alpha  4.000, steps in the past 0.000, valid nll 1.386
  [diag] log10|dL/dh_t| hist bins=60 range=(-12.50,-11.50) mean=-12.00 p50=-12.00 p05=-12.00 p95=-12.00
  [diag] sat-dist hist bins=60 sat<0.05=0.0% mean=0.984 p10=0.984 p90=0.985
Iter 0020680: train nll 1.386, valid error 075.480%, best valid error 074.070%, avg grad norm   0.183, avg grad norm (post clip)   0.053, rho_Whh  0.95, Omega  0.00, alpha  4.000, steps in the past 0.000, valid nll 1.386
  [diag] log10|dL/dh_t| hist bins=60 range=(-12.50,-11.50) mean=-12.00 p50=-12.00 p05=-12.00 p95=-12.00
  [diag] sat-dist hist bins=60 sat<0.05=0.0% mean=0.984 p10=0.984 p90=0.985
Iter 0020700: train nll 1.386, valid error 075.480%, best valid error 074.070%, avg grad norm   0.166, avg grad norm (post clip)   0.052, rho_Whh  0.95, Omega  0.00, alpha  4.000, steps in the past 0.000, valid nll 1.386
  [diag] log10|dL/dh_t| hist bins=60 range=(-12.50,-11.50) mean=-12.00 p50=-12.00 p05=-12.00 p95=-12.00
  [diag] sat-dist hist bins=60 sat<0.05=0.0% mean=0.984 p10=0.984 p90=0.985
Iter 0020720: train nll 1.386, valid error 075.480%, best valid error 074.070%, avg grad norm   0.159, avg grad norm (post clip)   0.052, rho_Whh  0.95, Omega  0.00, alpha  4.000, steps in the past 0.000, valid nll 1.386
  [diag] log10|dL/dh_t| hist bins=60 range=(-12.50,-11.50) mean=-12.00 p50=-12.00 p05=-12.00 p95=-12.00
  [diag] sat-dist hist bins=60 sat<0.05=0.0% mean=0.984 p10=0.984 p90=0.985
Iter 0020740: train nll 1.386, valid error 075.480%, best valid error 074.070%, avg grad norm   0.217, avg grad norm (post clip)   0.053, rho_Whh  0.95, Omega  0.00, alpha  4.000, steps in the past 0.000, valid nll 1.386
  [diag] log10|dL/dh_t| hist bins=60 range=(-12.50,-11.50) mean=-12.00 p50=-12.00 p05=-12.00 p95=-12.00
  [diag] sat-dist hist bins=60 sat<0.05=0.0% mean=0.985 p10=0.984 p90=0.985
Iter 0020760: train nll 1.386, valid error 075.480%, best valid error 074.070%, avg grad norm   0.169, avg grad norm (post clip)   0.051, rho_Whh  0.95, Omega  0.00, alpha  4.000, steps in the past 0.000, valid nll 1.386
  [diag] log10|dL/dh_t| hist bins=60 range=(-12.50,-11.50) mean=-12.00 p50=-12.00 p05=-12.00 p95=-12.00
  [diag] sat-dist hist bins=60 sat<0.05=0.0% mean=0.985 p10=0.984 p90=0.985
Iter 0020780: train nll 1.387, valid error 075.480%, best valid error 074.070%, avg grad norm   0.179, avg grad norm (post clip)   0.052, rho_Whh  0.95, Omega  0.00, alpha  4.000, steps in the past 0.000, valid nll 1.386
  [diag] log10|dL/dh_t| hist bins=60 range=(-12.50,-11.50) mean=-12.00 p50=-12.00 p05=-12.00 p95=-12.00
  [diag] sat-dist hist bins=60 sat<0.05=0.0% mean=0.985 p10=0.984 p90=0.985
Iter 0020800: train nll 1.386, valid error 075.480%, best valid error 074.070%, avg grad norm   0.192, avg grad norm (post clip)   0.053, rho_Whh  0.95, Omega  0.00, alpha  4.000, steps in the past 0.000, valid nll 1.386
  [diag] log10|dL/dh_t| hist bins=60 range=(-12.50,-11.50) mean=-12.00 p50=-12.00 p05=-12.00 p95=-12.00
  [diag] sat-dist hist bins=60 sat<0.05=0.0% mean=0.985 p10=0.984 p90=0.985
Iter 0020820: train nll 1.386, valid error 075.480%, best valid error 074.070%, avg grad norm   0.202, avg grad norm (post clip)   0.053, rho_Whh  0.95, Omega  0.00, alpha  4.000, steps in the past 0.000, valid nll 1.386
  [diag] log10|dL/dh_t| hist bins=60 range=(-12.50,-11.50) mean=-12.00 p50=-12.00 p05=-12.00 p95=-12.00
  [diag] sat-dist hist bins=60 sat<0.05=0.0% mean=0.985 p10=0.984 p90=0.985
Iter 0020840: train nll 1.386, valid error 075.480%, best valid error 074.070%, avg grad norm   0.179, avg grad norm (post clip)   0.053, rho_Whh  0.95, Omega  0.00, alpha  4.000, steps in the past 0.000, valid nll 1.386
  [diag] log10|dL/dh_t| hist bins=60 range=(-12.50,-11.50) mean=-12.00 p50=-12.00 p05=-12.00 p95=-12.00
  [diag] sat-dist hist bins=60 sat<0.05=0.0% mean=0.985 p10=0.984 p90=0.985
Iter 0020860: train nll 1.386, valid error 075.480%, best valid error 074.070%, avg grad norm   0.195, avg grad norm (post clip)   0.053, rho_Whh  0.95, Omega  0.00, alpha  4.000, steps in the past 0.000, valid nll 1.386
  [diag] log10|dL/dh_t| hist bins=60 range=(-12.50,-11.50) mean=-12.00 p50=-12.00 p05=-12.00 p95=-12.00
  [diag] sat-dist hist bins=60 sat<0.05=0.0% mean=0.985 p10=0.984 p90=0.985
Iter 0020880: train nll 1.387, valid error 075.480%, best valid error 074.070%, avg grad norm   0.160, avg grad norm (post clip)   0.052, rho_Whh  0.95, Omega  0.00, alpha  4.000, steps in the past 0.000, valid nll 1.386
  [diag] log10|dL/dh_t| hist bins=60 range=(-12.50,-11.50) mean=-12.00 p50=-12.00 p05=-12.00 p95=-12.00
  [diag] sat-dist hist bins=60 sat<0.05=0.0% mean=0.985 p10=0.984 p90=0.985
Iter 0020900: train nll 1.387, valid error 075.480%, best valid error 074.070%, avg grad norm   0.186, avg grad norm (post clip)   0.053, rho_Whh  0.95, Omega  0.00, alpha  4.000, steps in the past 0.000, valid nll 1.386
  [diag] log10|dL/dh_t| hist bins=60 range=(-12.50,-11.50) mean=-12.00 p50=-12.00 p05=-12.00 p95=-12.00
  [diag] sat-dist hist bins=60 sat<0.05=0.0% mean=0.985 p10=0.984 p90=0.985
Iter 0020920: train nll 1.387, valid error 075.480%, best valid error 074.070%, avg grad norm   0.245, avg grad norm (post clip)   0.053, rho_Whh  0.95, Omega  0.00, alpha  4.000, steps in the past 0.000, valid nll 1.386
  [diag] log10|dL/dh_t| hist bins=60 range=(-12.50,-11.50) mean=-12.00 p50=-12.00 p05=-12.00 p95=-12.00
  [diag] sat-dist hist bins=60 sat<0.05=0.0% mean=0.985 p10=0.984 p90=0.985
Iter 0020940: train nll 1.386, valid error 075.480%, best valid error 074.070%, avg grad norm   0.168, avg grad norm (post clip)   0.053, rho_Whh  0.95, Omega  0.00, alpha  4.000, steps in the past 0.000, valid nll 1.386
  [diag] log10|dL/dh_t| hist bins=60 range=(-12.50,-11.50) mean=-12.00 p50=-12.00 p05=-12.00 p95=-12.00
  [diag] sat-dist hist bins=60 sat<0.05=0.0% mean=0.985 p10=0.984 p90=0.985
Iter 0020960: train nll 1.386, valid error 075.480%, best valid error 074.070%, avg grad norm   0.185, avg grad norm (post clip)   0.052, rho_Whh  0.95, Omega  0.00, alpha  4.000, steps in the past 0.000, valid nll 1.386
  [diag] log10|dL/dh_t| hist bins=60 range=(-12.50,-11.50) mean=-12.00 p50=-12.00 p05=-12.00 p95=-12.00
  [diag] sat-dist hist bins=60 sat<0.05=0.0% mean=0.985 p10=0.984 p90=0.985
Iter 0020980: train nll 1.386, valid error 074.760%, best valid error 074.070%, avg grad norm   0.188, avg grad norm (post clip)   0.053, rho_Whh  0.95, Omega  0.00, alpha  4.000, steps in the past 0.000, valid nll 1.386
  [diag] log10|dL/dh_t| hist bins=60 range=(-12.50,-11.50) mean=-12.00 p50=-12.00 p05=-12.00 p95=-12.00
  [diag] sat-dist hist bins=60 sat<0.05=0.0% mean=0.985 p10=0.984 p90=0.985
Iter 0021000: train nll 1.387, valid error 075.460%, best valid error 074.070%, avg grad norm   0.189, avg grad norm (post clip)   0.053, rho_Whh  0.95, Omega  0.00, alpha  4.000, steps in the past 0.000, valid nll 1.386
  [diag] log10|dL/dh_t| hist bins=60 range=(-12.50,-11.50) mean=-12.00 p50=-12.00 p05=-12.00 p95=-12.00
  [diag] sat-dist hist bins=60 sat<0.05=0.0% mean=0.985 p10=0.984 p90=0.985
Iter 0021020: train nll 1.386, valid error 074.580%, best valid error 074.070%, avg grad norm   0.177, avg grad norm (post clip)   0.052, rho_Whh  0.95, Omega  0.00, alpha  4.000, steps in the past 0.000, valid nll 1.386
  [diag] log10|dL/dh_t| hist bins=60 range=(-12.50,-11.50) mean=-12.00 p50=-12.00 p05=-12.00 p95=-12.00
  [diag] sat-dist hist bins=60 sat<0.05=0.0% mean=0.985 p10=0.984 p90=0.985
Iter 0021040: train nll 1.386, valid error 075.080%, best valid error 074.070%, avg grad norm   0.192, avg grad norm (post clip)   0.053, rho_Whh  0.95, Omega  0.00, alpha  4.000, steps in the past 0.000, valid nll 1.386
  [diag] log10|dL/dh_t| hist bins=60 range=(-12.50,-11.50) mean=-12.00 p50=-12.00 p05=-12.00 p95=-12.00
  [diag] sat-dist hist bins=60 sat<0.05=0.0% mean=0.985 p10=0.984 p90=0.985
Iter 0021060: train nll 1.386, valid error 075.320%, best valid error 074.070%, avg grad norm   0.172, avg grad norm (post clip)   0.053, rho_Whh  0.95, Omega  0.00, alpha  4.000, steps in the past 0.000, valid nll 1.386
  [diag] log10|dL/dh_t| hist bins=60 range=(-12.50,-11.50) mean=-12.00 p50=-12.00 p05=-12.00 p95=-12.00
  [diag] sat-dist hist bins=60 sat<0.05=0.0% mean=0.984 p10=0.984 p90=0.985
Iter 0021080: train nll 1.386, valid error 074.530%, best valid error 074.070%, avg grad norm   0.212, avg grad norm (post clip)   0.053, rho_Whh  0.95, Omega  0.00, alpha  4.000, steps in the past 0.000, valid nll 1.386
  [diag] log10|dL/dh_t| hist bins=60 range=(-12.50,-11.50) mean=-12.00 p50=-12.00 p05=-12.00 p95=-12.00
  [diag] sat-dist hist bins=60 sat<0.05=0.0% mean=0.984 p10=0.984 p90=0.985
Iter 0021100: train nll 1.386, valid error 074.550%, best valid error 074.070%, avg grad norm   0.175, avg grad norm (post clip)   0.053, rho_Whh  0.95, Omega  0.00, alpha  4.000, steps in the past 0.000, valid nll 1.386
  [diag] log10|dL/dh_t| hist bins=60 range=(-12.50,-11.50) mean=-12.00 p50=-12.00 p05=-12.00 p95=-12.00
  [diag] sat-dist hist bins=60 sat<0.05=0.0% mean=0.984 p10=0.984 p90=0.985
Iter 0021120: train nll 1.386, valid error 074.980%, best valid error 074.070%, avg grad norm   0.223, avg grad norm (post clip)   0.053, rho_Whh  0.95, Omega  0.00, alpha  4.000, steps in the past 0.000, valid nll 1.386
  [diag] log10|dL/dh_t| hist bins=60 range=(-12.50,-11.50) mean=-12.00 p50=-12.00 p05=-12.00 p95=-12.00
  [diag] sat-dist hist bins=60 sat<0.05=0.0% mean=0.984 p10=0.984 p90=0.985
Iter 0021140: train nll 1.387, valid error 074.420%, best valid error 074.070%, avg grad norm   0.173, avg grad norm (post clip)   0.051, rho_Whh  0.95, Omega  0.00, alpha  4.000, steps in the past 0.000, valid nll 1.386
  [diag] log10|dL/dh_t| hist bins=60 range=(-12.50,-11.50) mean=-12.00 p50=-12.00 p05=-12.00 p95=-12.00
  [diag] sat-dist hist bins=60 sat<0.05=0.0% mean=0.985 p10=0.984 p90=0.985
Iter 0021160: train nll 1.386, valid error 074.750%, best valid error 074.070%, avg grad norm   0.192, avg grad norm (post clip)   0.053, rho_Whh  0.95, Omega  0.00, alpha  4.000, steps in the past 0.000, valid nll 1.386
  [diag] log10|dL/dh_t| hist bins=60 range=(-12.50,-11.50) mean=-12.00 p50=-12.00 p05=-12.00 p95=-12.00
  [diag] sat-dist hist bins=60 sat<0.05=0.0% mean=0.985 p10=0.984 p90=0.985
Iter 0021180: train nll 1.386, valid error 075.440%, best valid error 074.070%, avg grad norm   0.189, avg grad norm (post clip)   0.053, rho_Whh  0.95, Omega  0.00, alpha  4.000, steps in the past 0.000, valid nll 1.386
  [diag] log10|dL/dh_t| hist bins=60 range=(-12.50,-11.50) mean=-12.00 p50=-12.00 p05=-12.00 p95=-12.00
  [diag] sat-dist hist bins=60 sat<0.05=0.0% mean=0.985 p10=0.984 p90=0.985
Iter 0021200: train nll 1.387, valid error 075.480%, best valid error 074.070%, avg grad norm   0.211, avg grad norm (post clip)   0.053, rho_Whh  0.95, Omega  0.00, alpha  4.000, steps in the past 0.000, valid nll 1.386
  [diag] log10|dL/dh_t| hist bins=60 range=(-12.50,-11.50) mean=-12.00 p50=-12.00 p05=-12.00 p95=-12.00
  [diag] sat-dist hist bins=60 sat<0.05=0.0% mean=0.985 p10=0.984 p90=0.985
Iter 0021220: train nll 1.386, valid error 075.480%, best valid error 074.070%, avg grad norm   0.173, avg grad norm (post clip)   0.053, rho_Whh  0.95, Omega  0.00, alpha  4.000, steps in the past 0.000, valid nll 1.386
  [diag] log10|dL/dh_t| hist bins=60 range=(-12.50,-11.50) mean=-12.00 p50=-12.00 p05=-12.00 p95=-12.00
  [diag] sat-dist hist bins=60 sat<0.05=0.0% mean=0.985 p10=0.984 p90=0.985
Iter 0021240: train nll 1.386, valid error 075.480%, best valid error 074.070%, avg grad norm   0.191, avg grad norm (post clip)   0.053, rho_Whh  0.95, Omega  0.00, alpha  4.000, steps in the past 0.000, valid nll 1.386
  [diag] log10|dL/dh_t| hist bins=60 range=(-12.50,-11.50) mean=-12.00 p50=-12.00 p05=-12.00 p95=-12.00
  [diag] sat-dist hist bins=60 sat<0.05=0.0% mean=0.985 p10=0.984 p90=0.986
Iter 0021260: train nll 1.386, valid error 075.480%, best valid error 074.070%, avg grad norm   0.176, avg grad norm (post clip)   0.053, rho_Whh  0.95, Omega  0.00, alpha  4.000, steps in the past 0.000, valid nll 1.386
  [diag] log10|dL/dh_t| hist bins=60 range=(-12.50,-11.50) mean=-12.00 p50=-12.00 p05=-12.00 p95=-12.00
  [diag] sat-dist hist bins=60 sat<0.05=0.0% mean=0.985 p10=0.984 p90=0.986
Iter 0021280: train nll 1.386, valid error 075.480%, best valid error 074.070%, avg grad norm   0.192, avg grad norm (post clip)   0.053, rho_Whh  0.95, Omega  0.00, alpha  4.000, steps in the past 0.000, valid nll 1.386
  [diag] log10|dL/dh_t| hist bins=60 range=(-12.50,-11.50) mean=-12.00 p50=-12.00 p05=-12.00 p95=-12.00
  [diag] sat-dist hist bins=60 sat<0.05=0.0% mean=0.985 p10=0.984 p90=0.986
Iter 0021300: train nll 1.386, valid error 075.480%, best valid error 074.070%, avg grad norm   0.187, avg grad norm (post clip)   0.053, rho_Whh  0.95, Omega  0.00, alpha  4.000, steps in the past 0.000, valid nll 1.386
  [diag] log10|dL/dh_t| hist bins=60 range=(-12.50,-11.50) mean=-12.00 p50=-12.00 p05=-12.00 p95=-12.00
  [diag] sat-dist hist bins=60 sat<0.05=0.0% mean=0.985 p10=0.984 p90=0.986
Iter 0021320: train nll 1.386, valid error 075.480%, best valid error 074.070%, avg grad norm   0.213, avg grad norm (post clip)   0.053, rho_Whh  0.95, Omega  0.00, alpha  4.000, steps in the past 0.000, valid nll 1.386
  [diag] log10|dL/dh_t| hist bins=60 range=(-12.50,-11.50) mean=-12.00 p50=-12.00 p05=-12.00 p95=-12.00
  [diag] sat-dist hist bins=60 sat<0.05=0.0% mean=0.985 p10=0.984 p90=0.986
Iter 0021340: train nll 1.386, valid error 075.480%, best valid error 074.070%, avg grad norm   0.202, avg grad norm (post clip)   0.053, rho_Whh  0.95, Omega  0.00, alpha  4.000, steps in the past 0.000, valid nll 1.386
  [diag] log10|dL/dh_t| hist bins=60 range=(-12.50,-11.50) mean=-12.00 p50=-12.00 p05=-12.00 p95=-12.00
  [diag] sat-dist hist bins=60 sat<0.05=0.0% mean=0.985 p10=0.984 p90=0.985
Iter 0021360: train nll 1.386, valid error 075.480%, best valid error 074.070%, avg grad norm   0.176, avg grad norm (post clip)   0.053, rho_Whh  0.95, Omega  0.00, alpha  4.000, steps in the past 0.000, valid nll 1.386
  [diag] log10|dL/dh_t| hist bins=60 range=(-12.50,-11.50) mean=-12.00 p50=-12.00 p05=-12.00 p95=-12.00
  [diag] sat-dist hist bins=60 sat<0.05=0.0% mean=0.985 p10=0.984 p90=0.986
Iter 0021380: train nll 1.385, valid error 075.480%, best valid error 074.070%, avg grad norm   0.209, avg grad norm (post clip)   0.053, rho_Whh  0.95, Omega  0.00, alpha  4.000, steps in the past 0.000, valid nll 1.386
  [diag] log10|dL/dh_t| hist bins=60 range=(-12.50,-11.50) mean=-12.00 p50=-12.00 p05=-12.00 p95=-12.00
  [diag] sat-dist hist bins=60 sat<0.05=0.0% mean=0.985 p10=0.984 p90=0.986
Iter 0021400: train nll 1.386, valid error 075.480%, best valid error 074.070%, avg grad norm   0.163, avg grad norm (post clip)   0.052, rho_Whh  0.95, Omega  0.00, alpha  4.000, steps in the past 0.000, valid nll 1.386
  [diag] log10|dL/dh_t| hist bins=60 range=(-12.50,-11.50) mean=-12.00 p50=-12.00 p05=-12.00 p95=-12.00
  [diag] sat-dist hist bins=60 sat<0.05=0.0% mean=0.985 p10=0.984 p90=0.986
Iter 0021420: train nll 1.386, valid error 075.480%, best valid error 074.070%, avg grad norm   0.159, avg grad norm (post clip)   0.053, rho_Whh  0.95, Omega  0.00, alpha  4.000, steps in the past 0.000, valid nll 1.386
  [diag] log10|dL/dh_t| hist bins=60 range=(-12.50,-11.50) mean=-12.00 p50=-12.00 p05=-12.00 p95=-12.00
  [diag] sat-dist hist bins=60 sat<0.05=0.0% mean=0.985 p10=0.984 p90=0.986
Iter 0021440: train nll 1.386, valid error 075.480%, best valid error 074.070%, avg grad norm   0.168, avg grad norm (post clip)   0.053, rho_Whh  0.95, Omega  0.00, alpha  4.000, steps in the past 0.000, valid nll 1.386
  [diag] log10|dL/dh_t| hist bins=60 range=(-12.50,-11.50) mean=-12.00 p50=-12.00 p05=-12.00 p95=-12.00
  [diag] sat-dist hist bins=60 sat<0.05=0.0% mean=0.985 p10=0.984 p90=0.986
Iter 0021460: train nll 1.386, valid error 075.480%, best valid error 074.070%, avg grad norm   0.205, avg grad norm (post clip)   0.053, rho_Whh  0.95, Omega  0.00, alpha  4.000, steps in the past 0.000, valid nll 1.386
  [diag] log10|dL/dh_t| hist bins=60 range=(-12.50,-11.50) mean=-12.00 p50=-12.00 p05=-12.00 p95=-12.00
  [diag] sat-dist hist bins=60 sat<0.05=0.0% mean=0.985 p10=0.984 p90=0.986
Iter 0021480: train nll 1.386, valid error 075.480%, best valid error 074.070%, avg grad norm   0.216, avg grad norm (post clip)   0.053, rho_Whh  0.95, Omega  0.00, alpha  4.000, steps in the past 0.000, valid nll 1.386
  [diag] log10|dL/dh_t| hist bins=60 range=(-12.50,-11.50) mean=-12.00 p50=-12.00 p05=-12.00 p95=-12.00
  [diag] sat-dist hist bins=60 sat<0.05=0.0% mean=0.985 p10=0.984 p90=0.986
Iter 0021500: train nll 1.387, valid error 075.480%, best valid error 074.070%, avg grad norm   0.214, avg grad norm (post clip)   0.053, rho_Whh  0.95, Omega  0.00, alpha  4.000, steps in the past 0.000, valid nll 1.386
  [diag] log10|dL/dh_t| hist bins=60 range=(-12.50,-11.50) mean=-12.00 p50=-12.00 p05=-12.00 p95=-12.00
  [diag] sat-dist hist bins=60 sat<0.05=0.0% mean=0.985 p10=0.984 p90=0.986
Iter 0021520: train nll 1.386, valid error 075.480%, best valid error 074.070%, avg grad norm   0.200, avg grad norm (post clip)   0.053, rho_Whh  0.95, Omega  0.00, alpha  4.000, steps in the past 0.000, valid nll 1.386
  [diag] log10|dL/dh_t| hist bins=60 range=(-12.50,-11.50) mean=-12.00 p50=-12.00 p05=-12.00 p95=-12.00
  [diag] sat-dist hist bins=60 sat<0.05=0.0% mean=0.985 p10=0.984 p90=0.986
Iter 0021540: train nll 1.386, valid error 075.480%, best valid error 074.070%, avg grad norm   0.186, avg grad norm (post clip)   0.053, rho_Whh  0.95, Omega  0.00, alpha  4.000, steps in the past 0.000, valid nll 1.386
  [diag] log10|dL/dh_t| hist bins=60 range=(-12.50,-11.50) mean=-12.00 p50=-12.00 p05=-12.00 p95=-12.00
  [diag] sat-dist hist bins=60 sat<0.05=0.0% mean=0.985 p10=0.984 p90=0.986
Iter 0021560: train nll 1.387, valid error 075.490%, best valid error 074.070%, avg grad norm   0.190, avg grad norm (post clip)   0.053, rho_Whh  0.95, Omega  0.00, alpha  4.000, steps in the past 0.000, valid nll 1.386
  [diag] log10|dL/dh_t| hist bins=60 range=(-12.50,-11.50) mean=-12.00 p50=-12.00 p05=-12.00 p95=-12.00
  [diag] sat-dist hist bins=60 sat<0.05=0.0% mean=0.985 p10=0.984 p90=0.986
Iter 0021580: train nll 1.386, valid error 075.430%, best valid error 074.070%, avg grad norm   0.218, avg grad norm (post clip)   0.053, rho_Whh  0.95, Omega  0.00, alpha  4.000, steps in the past 0.000, valid nll 1.386
  [diag] log10|dL/dh_t| hist bins=60 range=(-12.50,-11.50) mean=-12.00 p50=-12.00 p05=-12.00 p95=-12.00
  [diag] sat-dist hist bins=60 sat<0.05=0.0% mean=0.985 p10=0.984 p90=0.986
Iter 0021600: train nll 1.386, valid error 075.480%, best valid error 074.070%, avg grad norm   0.206, avg grad norm (post clip)   0.053, rho_Whh  0.95, Omega  0.00, alpha  4.000, steps in the past 0.000, valid nll 1.386
  [diag] log10|dL/dh_t| hist bins=60 range=(-12.50,-11.50) mean=-12.00 p50=-12.00 p05=-12.00 p95=-12.00
  [diag] sat-dist hist bins=60 sat<0.05=0.0% mean=0.985 p10=0.984 p90=0.986
Iter 0021620: train nll 1.387, valid error 075.480%, best valid error 074.070%, avg grad norm   0.190, avg grad norm (post clip)   0.052, rho_Whh  0.95, Omega  0.00, alpha  4.000, steps in the past 0.000, valid nll 1.386
  [diag] log10|dL/dh_t| hist bins=60 range=(-12.50,-11.50) mean=-12.00 p50=-12.00 p05=-12.00 p95=-12.00
  [diag] sat-dist hist bins=60 sat<0.05=0.0% mean=0.985 p10=0.984 p90=0.986
Iter 0021640: train nll 1.386, valid error 075.480%, best valid error 074.070%, avg grad norm   0.179, avg grad norm (post clip)   0.053, rho_Whh  0.95, Omega  0.00, alpha  4.000, steps in the past 0.000, valid nll 1.386
  [diag] log10|dL/dh_t| hist bins=60 range=(-12.50,-11.50) mean=-12.00 p50=-12.00 p05=-12.00 p95=-12.00
  [diag] sat-dist hist bins=60 sat<0.05=0.0% mean=0.985 p10=0.984 p90=0.986
Iter 0021660: train nll 1.386, valid error 075.480%, best valid error 074.070%, avg grad norm   0.198, avg grad norm (post clip)   0.053, rho_Whh  0.95, Omega  0.00, alpha  4.000, steps in the past 0.000, valid nll 1.386
  [diag] log10|dL/dh_t| hist bins=60 range=(-12.50,-11.50) mean=-12.00 p50=-12.00 p05=-12.00 p95=-12.00
  [diag] sat-dist hist bins=60 sat<0.05=0.0% mean=0.985 p10=0.984 p90=0.986
Iter 0021680: train nll 1.387, valid error 075.480%, best valid error 074.070%, avg grad norm   0.176, avg grad norm (post clip)   0.052, rho_Whh  0.95, Omega  0.00, alpha  4.000, steps in the past 0.000, valid nll 1.386
  [diag] log10|dL/dh_t| hist bins=60 range=(-12.50,-11.50) mean=-12.00 p50=-12.00 p05=-12.00 p95=-12.00
  [diag] sat-dist hist bins=60 sat<0.05=0.0% mean=0.985 p10=0.984 p90=0.986
Iter 0021700: train nll 1.386, valid error 075.480%, best valid error 074.070%, avg grad norm   0.181, avg grad norm (post clip)   0.053, rho_Whh  0.95, Omega  0.00, alpha  4.000, steps in the past 0.000, valid nll 1.386
  [diag] log10|dL/dh_t| hist bins=60 range=(-12.50,-11.50) mean=-12.00 p50=-12.00 p05=-12.00 p95=-12.00
  [diag] sat-dist hist bins=60 sat<0.05=0.0% mean=0.985 p10=0.984 p90=0.986
Iter 0021720: train nll 1.386, valid error 075.500%, best valid error 074.070%, avg grad norm   0.221, avg grad norm (post clip)   0.053, rho_Whh  0.95, Omega  0.00, alpha  4.000, steps in the past 0.000, valid nll 1.386
  [diag] log10|dL/dh_t| hist bins=60 range=(-12.50,-11.50) mean=-12.00 p50=-12.00 p05=-12.00 p95=-12.00
  [diag] sat-dist hist bins=60 sat<0.05=0.0% mean=0.985 p10=0.984 p90=0.986
Iter 0021740: train nll 1.387, valid error 075.280%, best valid error 074.070%, avg grad norm   0.209, avg grad norm (post clip)   0.053, rho_Whh  0.95, Omega  0.00, alpha  4.000, steps in the past 0.000, valid nll 1.386
  [diag] log10|dL/dh_t| hist bins=60 range=(-12.50,-11.50) mean=-12.00 p50=-12.00 p05=-12.00 p95=-12.00
  [diag] sat-dist hist bins=60 sat<0.05=0.0% mean=0.985 p10=0.984 p90=0.986
Iter 0021760: train nll 1.387, valid error 075.440%, best valid error 074.070%, avg grad norm   0.157, avg grad norm (post clip)   0.053, rho_Whh  0.95, Omega  0.00, alpha  4.000, steps in the past 0.000, valid nll 1.386
  [diag] log10|dL/dh_t| hist bins=60 range=(-12.50,-11.50) mean=-12.00 p50=-12.00 p05=-12.00 p95=-12.00
  [diag] sat-dist hist bins=60 sat<0.05=0.0% mean=0.985 p10=0.984 p90=0.986
Iter 0021780: train nll 1.387, valid error 075.320%, best valid error 074.070%, avg grad norm   0.184, avg grad norm (post clip)   0.052, rho_Whh  0.95, Omega  0.00, alpha  4.000, steps in the past 0.000, valid nll 1.386
  [diag] log10|dL/dh_t| hist bins=60 range=(-12.50,-11.50) mean=-12.00 p50=-12.00 p05=-12.00 p95=-12.00
  [diag] sat-dist hist bins=60 sat<0.05=0.0% mean=0.985 p10=0.984 p90=0.986
Iter 0021800: train nll 1.387, valid error 075.420%, best valid error 074.070%, avg grad norm   0.221, avg grad norm (post clip)   0.053, rho_Whh  0.95, Omega  0.00, alpha  4.000, steps in the past 0.000, valid nll 1.386
  [diag] log10|dL/dh_t| hist bins=60 range=(-12.50,-11.50) mean=-12.00 p50=-12.00 p05=-12.00 p95=-12.00
  [diag] sat-dist hist bins=60 sat<0.05=0.0% mean=0.985 p10=0.984 p90=0.986
Iter 0021820: train nll 1.387, valid error 074.380%, best valid error 074.070%, avg grad norm   0.191, avg grad norm (post clip)   0.053, rho_Whh  0.95, Omega  0.00, alpha  4.000, steps in the past 0.000, valid nll 1.386
  [diag] log10|dL/dh_t| hist bins=60 range=(-12.50,-11.50) mean=-12.00 p50=-12.00 p05=-12.00 p95=-12.00
  [diag] sat-dist hist bins=60 sat<0.05=0.0% mean=0.985 p10=0.984 p90=0.986
Iter 0021840: train nll 1.386, valid error 075.200%, best valid error 074.070%, avg grad norm   0.188, avg grad norm (post clip)   0.053, rho_Whh  0.95, Omega  0.00, alpha  4.000, steps in the past 0.000, valid nll 1.386
  [diag] log10|dL/dh_t| hist bins=60 range=(-12.50,-11.50) mean=-12.00 p50=-12.00 p05=-12.00 p95=-12.00
  [diag] sat-dist hist bins=60 sat<0.05=0.0% mean=0.985 p10=0.984 p90=0.986
Iter 0021860: train nll 1.386, valid error 075.370%, best valid error 074.070%, avg grad norm   0.154, avg grad norm (post clip)   0.053, rho_Whh  0.95, Omega  0.00, alpha  4.000, steps in the past 0.000, valid nll 1.386
  [diag] log10|dL/dh_t| hist bins=60 range=(-12.50,-11.50) mean=-12.00 p50=-12.00 p05=-12.00 p95=-12.00
  [diag] sat-dist hist bins=60 sat<0.05=0.0% mean=0.985 p10=0.984 p90=0.985
Iter 0021880: train nll 1.387, valid error 075.190%, best valid error 074.070%, avg grad norm   0.202, avg grad norm (post clip)   0.053, rho_Whh  0.95, Omega  0.00, alpha  4.000, steps in the past 0.000, valid nll 1.386
  [diag] log10|dL/dh_t| hist bins=60 range=(-12.50,-11.50) mean=-12.00 p50=-12.00 p05=-12.00 p95=-12.00
  [diag] sat-dist hist bins=60 sat<0.05=0.0% mean=0.985 p10=0.984 p90=0.985
Iter 0021900: train nll 1.386, valid error 075.320%, best valid error 074.070%, avg grad norm   0.167, avg grad norm (post clip)   0.053, rho_Whh  0.95, Omega  0.00, alpha  4.000, steps in the past 0.000, valid nll 1.386
  [diag] log10|dL/dh_t| hist bins=60 range=(-12.50,-11.50) mean=-12.00 p50=-12.00 p05=-12.00 p95=-12.00
  [diag] sat-dist hist bins=60 sat<0.05=0.0% mean=0.985 p10=0.984 p90=0.985
Iter 0021920: train nll 1.386, valid error 074.340%, best valid error 074.070%, avg grad norm   0.182, avg grad norm (post clip)   0.053, rho_Whh  0.95, Omega  0.00, alpha  4.000, steps in the past 0.000, valid nll 1.386
  [diag] log10|dL/dh_t| hist bins=60 range=(-12.50,-11.50) mean=-12.00 p50=-12.00 p05=-12.00 p95=-12.00
  [diag] sat-dist hist bins=60 sat<0.05=0.0% mean=0.985 p10=0.984 p90=0.985
Iter 0021940: train nll 1.386, valid error 075.360%, best valid error 074.070%, avg grad norm   0.166, avg grad norm (post clip)   0.053, rho_Whh  0.95, Omega  0.00, alpha  4.000, steps in the past 0.000, valid nll 1.386
  [diag] log10|dL/dh_t| hist bins=60 range=(-12.50,-11.50) mean=-12.00 p50=-12.00 p05=-12.00 p95=-12.00
  [diag] sat-dist hist bins=60 sat<0.05=0.0% mean=0.985 p10=0.984 p90=0.985
Iter 0021960: train nll 1.386, valid error 075.210%, best valid error 074.070%, avg grad norm   0.193, avg grad norm (post clip)   0.053, rho_Whh  0.95, Omega  0.00, alpha  4.000, steps in the past 0.000, valid nll 1.386
  [diag] log10|dL/dh_t| hist bins=60 range=(-12.50,-11.50) mean=-12.00 p50=-12.00 p05=-12.00 p95=-12.00
  [diag] sat-dist hist bins=60 sat<0.05=0.0% mean=0.985 p10=0.984 p90=0.986
Iter 0021980: train nll 1.386, valid error 075.310%, best valid error 074.070%, avg grad norm   0.182, avg grad norm (post clip)   0.052, rho_Whh  0.95, Omega  0.00, alpha  4.000, steps in the past 0.000, valid nll 1.386
  [diag] log10|dL/dh_t| hist bins=60 range=(-12.50,-11.50) mean=-12.00 p50=-12.00 p05=-12.00 p95=-12.00
  [diag] sat-dist hist bins=60 sat<0.05=0.0% mean=0.985 p10=0.984 p90=0.986
Iter 0022000: train nll 1.386, valid error 075.330%, best valid error 074.070%, avg grad norm   0.200, avg grad norm (post clip)   0.053, rho_Whh  0.95, Omega  0.00, alpha  4.000, steps in the past 0.000, valid nll 1.386
  [diag] log10|dL/dh_t| hist bins=60 range=(-12.50,-11.50) mean=-12.00 p50=-12.00 p05=-12.00 p95=-12.00
  [diag] sat-dist hist bins=60 sat<0.05=0.0% mean=0.985 p10=0.984 p90=0.986
Iter 0022020: train nll 1.386, valid error 075.460%, best valid error 074.070%, avg grad norm   0.162, avg grad norm (post clip)   0.050, rho_Whh  0.95, Omega  0.00, alpha  4.000, steps in the past 0.000, valid nll 1.386
  [diag] log10|dL/dh_t| hist bins=60 range=(-12.50,-11.50) mean=-12.00 p50=-12.00 p05=-12.00 p95=-12.00
  [diag] sat-dist hist bins=60 sat<0.05=0.0% mean=0.985 p10=0.984 p90=0.986
Iter 0022040: train nll 1.387, valid error 075.320%, best valid error 074.070%, avg grad norm   0.163, avg grad norm (post clip)   0.053, rho_Whh  0.95, Omega  0.00, alpha  4.000, steps in the past 0.000, valid nll 1.386
  [diag] log10|dL/dh_t| hist bins=60 range=(-12.50,-11.50) mean=-12.00 p50=-12.00 p05=-12.00 p95=-12.00
  [diag] sat-dist hist bins=60 sat<0.05=0.0% mean=0.985 p10=0.984 p90=0.986
Iter 0022060: train nll 1.386, valid error 075.310%, best valid error 074.070%, avg grad norm   0.196, avg grad norm (post clip)   0.053, rho_Whh  0.95, Omega  0.00, alpha  4.000, steps in the past 0.000, valid nll 1.386
  [diag] log10|dL/dh_t| hist bins=60 range=(-12.50,-11.50) mean=-12.00 p50=-12.00 p05=-12.00 p95=-12.00
  [diag] sat-dist hist bins=60 sat<0.05=0.0% mean=0.985 p10=0.984 p90=0.985
Iter 0022080: train nll 1.387, valid error 074.850%, best valid error 074.070%, avg grad norm   0.190, avg grad norm (post clip)   0.053, rho_Whh  0.95, Omega  0.00, alpha  4.000, steps in the past 0.000, valid nll 1.386
  [diag] log10|dL/dh_t| hist bins=60 range=(-12.50,-11.50) mean=-12.00 p50=-12.00 p05=-12.00 p95=-12.00
  [diag] sat-dist hist bins=60 sat<0.05=0.0% mean=0.985 p10=0.984 p90=0.986
Iter 0022100: train nll 1.386, valid error 075.340%, best valid error 074.070%, avg grad norm   0.205, avg grad norm (post clip)   0.053, rho_Whh  0.95, Omega  0.00, alpha  4.000, steps in the past 0.000, valid nll 1.386
  [diag] log10|dL/dh_t| hist bins=60 range=(-12.50,-11.50) mean=-12.00 p50=-12.00 p05=-12.00 p95=-12.00
  [diag] sat-dist hist bins=60 sat<0.05=0.0% mean=0.985 p10=0.984 p90=0.985
Iter 0022120: train nll 1.386, valid error 074.950%, best valid error 074.070%, avg grad norm   0.196, avg grad norm (post clip)   0.053, rho_Whh  0.95, Omega  0.00, alpha  4.000, steps in the past 0.000, valid nll 1.386
  [diag] log10|dL/dh_t| hist bins=60 range=(-12.50,-11.50) mean=-12.00 p50=-12.00 p05=-12.00 p95=-12.00
  [diag] sat-dist hist bins=60 sat<0.05=0.0% mean=0.985 p10=0.984 p90=0.985
Iter 0022140: train nll 1.387, valid error 074.270%, best valid error 074.070%, avg grad norm   0.186, avg grad norm (post clip)   0.053, rho_Whh  0.95, Omega  0.00, alpha  4.000, steps in the past 0.000, valid nll 1.386
  [diag] log10|dL/dh_t| hist bins=60 range=(-12.50,-11.50) mean=-12.00 p50=-12.00 p05=-12.00 p95=-12.00
  [diag] sat-dist hist bins=60 sat<0.05=0.0% mean=0.985 p10=0.984 p90=0.985
Iter 0022160: train nll 1.387, valid error 074.390%, best valid error 074.070%, avg grad norm   0.213, avg grad norm (post clip)   0.053, rho_Whh  0.95, Omega  0.00, alpha  4.000, steps in the past 0.000, valid nll 1.386
  [diag] log10|dL/dh_t| hist bins=60 range=(-12.50,-11.50) mean=-12.00 p50=-12.00 p05=-12.00 p95=-12.00
  [diag] sat-dist hist bins=60 sat<0.05=0.0% mean=0.985 p10=0.984 p90=0.985
Iter 0022180: train nll 1.386, valid error 074.720%, best valid error 074.070%, avg grad norm   0.186, avg grad norm (post clip)   0.053, rho_Whh  0.95, Omega  0.00, alpha  4.000, steps in the past 0.000, valid nll 1.386
  [diag] log10|dL/dh_t| hist bins=60 range=(-12.50,-11.50) mean=-12.00 p50=-12.00 p05=-12.00 p95=-12.00
  [diag] sat-dist hist bins=60 sat<0.05=0.0% mean=0.984 p10=0.984 p90=0.985
Iter 0022200: train nll 1.386, valid error 074.800%, best valid error 074.070%, avg grad norm   0.161, avg grad norm (post clip)   0.053, rho_Whh  0.95, Omega  0.00, alpha  4.000, steps in the past 0.000, valid nll 1.386
  [diag] log10|dL/dh_t| hist bins=60 range=(-12.50,-11.50) mean=-12.00 p50=-12.00 p05=-12.00 p95=-12.00
  [diag] sat-dist hist bins=60 sat<0.05=0.0% mean=0.984 p10=0.983 p90=0.985
Iter 0022220: train nll 1.386, valid error 074.970%, best valid error 074.070%, avg grad norm   0.182, avg grad norm (post clip)   0.053, rho_Whh  0.95, Omega  0.00, alpha  4.000, steps in the past 0.000, valid nll 1.386
  [diag] log10|dL/dh_t| hist bins=60 range=(-12.50,-11.50) mean=-12.00 p50=-12.00 p05=-12.00 p95=-12.00
  [diag] sat-dist hist bins=60 sat<0.05=0.0% mean=0.984 p10=0.983 p90=0.984
Iter 0022240: train nll 1.386, valid error 074.970%, best valid error 074.070%, avg grad norm   0.204, avg grad norm (post clip)   0.053, rho_Whh  0.95, Omega  0.00, alpha  4.000, steps in the past 0.000, valid nll 1.386
  [diag] log10|dL/dh_t| hist bins=60 range=(-12.50,-11.50) mean=-12.00 p50=-12.00 p05=-12.00 p95=-12.00
  [diag] sat-dist hist bins=60 sat<0.05=0.0% mean=0.984 p10=0.983 p90=0.985
Iter 0022260: train nll 1.386, valid error 074.980%, best valid error 074.070%, avg grad norm   0.192, avg grad norm (post clip)   0.053, rho_Whh  0.95, Omega  0.00, alpha  4.000, steps in the past 0.000, valid nll 1.386
  [diag] log10|dL/dh_t| hist bins=60 range=(-12.50,-11.50) mean=-12.00 p50=-12.00 p05=-12.00 p95=-12.00
  [diag] sat-dist hist bins=60 sat<0.05=0.0% mean=0.984 p10=0.984 p90=0.985
Iter 0022280: train nll 1.387, valid error 074.850%, best valid error 074.070%, avg grad norm   0.161, avg grad norm (post clip)   0.052, rho_Whh  0.95, Omega  0.00, alpha  4.000, steps in the past 0.000, valid nll 1.386
  [diag] log10|dL/dh_t| hist bins=60 range=(-12.50,-11.50) mean=-12.00 p50=-12.00 p05=-12.00 p95=-12.00
  [diag] sat-dist hist bins=60 sat<0.05=0.0% mean=0.984 p10=0.984 p90=0.985
Iter 0022300: train nll 1.386, valid error 074.960%, best valid error 074.070%, avg grad norm   0.198, avg grad norm (post clip)   0.053, rho_Whh  0.95, Omega  0.00, alpha  4.000, steps in the past 0.000, valid nll 1.386
  [diag] log10|dL/dh_t| hist bins=60 range=(-12.50,-11.50) mean=-12.00 p50=-12.00 p05=-12.00 p95=-12.00
  [diag] sat-dist hist bins=60 sat<0.05=0.0% mean=0.984 p10=0.984 p90=0.985
Iter 0022320: train nll 1.387, valid error 074.790%, best valid error 074.070%, avg grad norm   0.211, avg grad norm (post clip)   0.053, rho_Whh  0.95, Omega  0.00, alpha  4.000, steps in the past 0.000, valid nll 1.386
  [diag] log10|dL/dh_t| hist bins=60 range=(-12.50,-11.50) mean=-12.00 p50=-12.00 p05=-12.00 p95=-12.00
  [diag] sat-dist hist bins=60 sat<0.05=0.0% mean=0.984 p10=0.984 p90=0.985
Iter 0022340: train nll 1.386, valid error 074.990%, best valid error 074.070%, avg grad norm   0.193, avg grad norm (post clip)   0.053, rho_Whh  0.95, Omega  0.00, alpha  4.000, steps in the past 0.000, valid nll 1.386
  [diag] log10|dL/dh_t| hist bins=60 range=(-12.50,-11.50) mean=-12.00 p50=-12.00 p05=-12.00 p95=-12.00
  [diag] sat-dist hist bins=60 sat<0.05=0.0% mean=0.984 p10=0.984 p90=0.985
Iter 0022360: train nll 1.386, valid error 074.980%, best valid error 074.070%, avg grad norm   0.164, avg grad norm (post clip)   0.053, rho_Whh  0.95, Omega  0.00, alpha  4.000, steps in the past 0.000, valid nll 1.386
  [diag] log10|dL/dh_t| hist bins=60 range=(-12.50,-11.50) mean=-12.00 p50=-12.00 p05=-12.00 p95=-12.00
  [diag] sat-dist hist bins=60 sat<0.05=0.0% mean=0.984 p10=0.984 p90=0.985
Iter 0022380: train nll 1.386, valid error 074.860%, best valid error 074.070%, avg grad norm   0.188, avg grad norm (post clip)   0.052, rho_Whh  0.95, Omega  0.00, alpha  4.000, steps in the past 0.000, valid nll 1.386
  [diag] log10|dL/dh_t| hist bins=60 range=(-12.50,-11.50) mean=-12.00 p50=-12.00 p05=-12.00 p95=-12.00
  [diag] sat-dist hist bins=60 sat<0.05=0.0% mean=0.985 p10=0.984 p90=0.985
Iter 0022400: train nll 1.386, valid error 074.740%, best valid error 074.070%, avg grad norm   0.195, avg grad norm (post clip)   0.053, rho_Whh  0.95, Omega  0.00, alpha  4.000, steps in the past 0.000, valid nll 1.386
  [diag] log10|dL/dh_t| hist bins=60 range=(-12.50,-11.50) mean=-12.00 p50=-12.00 p05=-12.00 p95=-12.00
  [diag] sat-dist hist bins=60 sat<0.05=0.0% mean=0.984 p10=0.984 p90=0.985
Iter 0022420: train nll 1.387, valid error 074.630%, best valid error 074.070%, avg grad norm   0.172, avg grad norm (post clip)   0.053, rho_Whh  0.95, Omega  0.00, alpha  4.000, steps in the past 0.000, valid nll 1.386
  [diag] log10|dL/dh_t| hist bins=60 range=(-12.50,-11.50) mean=-12.00 p50=-12.00 p05=-12.00 p95=-12.00
  [diag] sat-dist hist bins=60 sat<0.05=0.0% mean=0.985 p10=0.984 p90=0.985
Iter 0022440: train nll 1.386, valid error 074.770%, best valid error 074.070%, avg grad norm   0.184, avg grad norm (post clip)   0.053, rho_Whh  0.95, Omega  0.00, alpha  4.000, steps in the past 0.000, valid nll 1.386
  [diag] log10|dL/dh_t| hist bins=60 range=(-12.50,-11.50) mean=-12.00 p50=-12.00 p05=-12.00 p95=-12.00
  [diag] sat-dist hist bins=60 sat<0.05=0.0% mean=0.985 p10=0.984 p90=0.985
Iter 0022460: train nll 1.387, valid error 074.760%, best valid error 074.070%, avg grad norm   0.199, avg grad norm (post clip)   0.053, rho_Whh  0.95, Omega  0.00, alpha  4.000, steps in the past 0.000, valid nll 1.386
  [diag] log10|dL/dh_t| hist bins=60 range=(-12.50,-11.50) mean=-12.00 p50=-12.00 p05=-12.00 p95=-12.00
  [diag] sat-dist hist bins=60 sat<0.05=0.0% mean=0.985 p10=0.984 p90=0.985
Iter 0022480: train nll 1.386, valid error 074.190%, best valid error 074.070%, avg grad norm   0.146, avg grad norm (post clip)   0.053, rho_Whh  0.95, Omega  0.00, alpha  4.000, steps in the past 0.000, valid nll 1.386
  [diag] log10|dL/dh_t| hist bins=60 range=(-12.50,-11.50) mean=-12.00 p50=-12.00 p05=-12.00 p95=-12.00
  [diag] sat-dist hist bins=60 sat<0.05=0.0% mean=0.985 p10=0.984 p90=0.985
Iter 0022500: train nll 1.386, valid error 074.440%, best valid error 074.070%, avg grad norm   0.174, avg grad norm (post clip)   0.052, rho_Whh  0.95, Omega  0.00, alpha  4.000, steps in the past 0.000, valid nll 1.386
  [diag] log10|dL/dh_t| hist bins=60 range=(-12.50,-11.50) mean=-12.00 p50=-12.00 p05=-12.00 p95=-12.00
  [diag] sat-dist hist bins=60 sat<0.05=0.0% mean=0.985 p10=0.984 p90=0.985
Iter 0022520: train nll 1.386, valid error 074.360%, best valid error 074.070%, avg grad norm   0.208, avg grad norm (post clip)   0.053, rho_Whh  0.95, Omega  0.00, alpha  4.000, steps in the past 0.000, valid nll 1.386
  [diag] log10|dL/dh_t| hist bins=60 range=(-12.50,-11.50) mean=-12.00 p50=-12.00 p05=-12.00 p95=-12.00
  [diag] sat-dist hist bins=60 sat<0.05=0.0% mean=0.985 p10=0.984 p90=0.985
Iter 0022540: train nll 1.386, valid error 074.230%, best valid error 074.070%, avg grad norm   0.184, avg grad norm (post clip)   0.053, rho_Whh  0.95, Omega  0.00, alpha  4.000, steps in the past 0.000, valid nll 1.386
  [diag] log10|dL/dh_t| hist bins=60 range=(-12.50,-11.50) mean=-12.00 p50=-12.00 p05=-12.00 p95=-12.00
  [diag] sat-dist hist bins=60 sat<0.05=0.0% mean=0.985 p10=0.984 p90=0.985
Iter 0022560: train nll 1.386, valid error 074.430%, best valid error 074.070%, avg grad norm   0.205, avg grad norm (post clip)   0.053, rho_Whh  0.95, Omega  0.00, alpha  4.000, steps in the past 0.000, valid nll 1.386
  [diag] log10|dL/dh_t| hist bins=60 range=(-12.50,-11.50) mean=-12.00 p50=-12.00 p05=-12.00 p95=-12.00
  [diag] sat-dist hist bins=60 sat<0.05=0.0% mean=0.985 p10=0.984 p90=0.985
Iter 0022580: train nll 1.386, valid error 074.230%, best valid error 074.070%, avg grad norm   0.160, avg grad norm (post clip)   0.053, rho_Whh  0.95, Omega  0.00, alpha  4.000, steps in the past 0.000, valid nll 1.386
  [diag] log10|dL/dh_t| hist bins=60 range=(-12.50,-11.50) mean=-12.00 p50=-12.00 p05=-12.00 p95=-12.00
  [diag] sat-dist hist bins=60 sat<0.05=0.0% mean=0.985 p10=0.984 p90=0.985
Iter 0022600: train nll 1.386, valid error 074.340%, best valid error 074.070%, avg grad norm   0.170, avg grad norm (post clip)   0.053, rho_Whh  0.95, Omega  0.00, alpha  4.000, steps in the past 0.000, valid nll 1.386
  [diag] log10|dL/dh_t| hist bins=60 range=(-12.50,-11.50) mean=-12.00 p50=-12.00 p05=-12.00 p95=-12.00
  [diag] sat-dist hist bins=60 sat<0.05=0.0% mean=0.985 p10=0.984 p90=0.985
Iter 0022620: train nll 1.386, valid error 074.260%, best valid error 074.070%, avg grad norm   0.170, avg grad norm (post clip)   0.053, rho_Whh  0.95, Omega  0.00, alpha  4.000, steps in the past 0.000, valid nll 1.386
  [diag] log10|dL/dh_t| hist bins=60 range=(-12.50,-11.50) mean=-12.00 p50=-12.00 p05=-12.00 p95=-12.00
  [diag] sat-dist hist bins=60 sat<0.05=0.0% mean=0.985 p10=0.984 p90=0.986
Iter 0022640: train nll 1.386, valid error 074.340%, best valid error 074.070%, avg grad norm   0.186, avg grad norm (post clip)   0.053, rho_Whh  0.95, Omega  0.00, alpha  4.000, steps in the past 0.000, valid nll 1.386
  [diag] log10|dL/dh_t| hist bins=60 range=(-12.50,-11.50) mean=-12.00 p50=-12.00 p05=-12.00 p95=-12.00
  [diag] sat-dist hist bins=60 sat<0.05=0.0% mean=0.985 p10=0.984 p90=0.986
Iter 0022660: train nll 1.386, valid error 074.320%, best valid error 074.070%, avg grad norm   0.185, avg grad norm (post clip)   0.053, rho_Whh  0.95, Omega  0.00, alpha  4.000, steps in the past 0.000, valid nll 1.386
  [diag] log10|dL/dh_t| hist bins=60 range=(-12.50,-11.50) mean=-12.00 p50=-12.00 p05=-12.00 p95=-12.00
  [diag] sat-dist hist bins=60 sat<0.05=0.0% mean=0.985 p10=0.984 p90=0.985
Iter 0022680: train nll 1.387, valid error 074.200%, best valid error 074.070%, avg grad norm   0.202, avg grad norm (post clip)   0.053, rho_Whh  0.95, Omega  0.00, alpha  4.000, steps in the past 0.000, valid nll 1.386
  [diag] log10|dL/dh_t| hist bins=60 range=(-12.50,-11.50) mean=-12.00 p50=-12.00 p05=-12.00 p95=-12.00
  [diag] sat-dist hist bins=60 sat<0.05=0.0% mean=0.985 p10=0.984 p90=0.985
Iter 0022700: train nll 1.386, valid error 074.340%, best valid error 074.070%, avg grad norm   0.175, avg grad norm (post clip)   0.053, rho_Whh  0.95, Omega  0.00, alpha  4.000, steps in the past 0.000, valid nll 1.386
  [diag] log10|dL/dh_t| hist bins=60 range=(-12.50,-11.50) mean=-12.00 p50=-12.00 p05=-12.00 p95=-12.00
  [diag] sat-dist hist bins=60 sat<0.05=0.0% mean=0.985 p10=0.984 p90=0.985
Iter 0022720: train nll 1.386, valid error 074.340%, best valid error 074.070%, avg grad norm   0.158, avg grad norm (post clip)   0.052, rho_Whh  0.95, Omega  0.00, alpha  4.000, steps in the past 0.000, valid nll 1.386
  [diag] log10|dL/dh_t| hist bins=60 range=(-12.50,-11.50) mean=-12.00 p50=-12.00 p05=-12.00 p95=-12.00
  [diag] sat-dist hist bins=60 sat<0.05=0.0% mean=0.985 p10=0.984 p90=0.985
Iter 0022740: train nll 1.386, valid error 074.340%, best valid error 074.070%, avg grad norm   0.160, avg grad norm (post clip)   0.053, rho_Whh  0.95, Omega  0.00, alpha  4.000, steps in the past 0.000, valid nll 1.386
  [diag] log10|dL/dh_t| hist bins=60 range=(-12.50,-11.50) mean=-12.00 p50=-12.00 p05=-12.00 p95=-12.00
  [diag] sat-dist hist bins=60 sat<0.05=0.0% mean=0.985 p10=0.984 p90=0.986
Iter 0022760: train nll 1.387, valid error 074.330%, best valid error 074.070%, avg grad norm   0.169, avg grad norm (post clip)   0.052, rho_Whh  0.95, Omega  0.00, alpha  4.000, steps in the past 0.000, valid nll 1.386
  [diag] log10|dL/dh_t| hist bins=60 range=(-12.50,-11.50) mean=-12.00 p50=-12.00 p05=-12.00 p95=-12.00
  [diag] sat-dist hist bins=60 sat<0.05=0.0% mean=0.985 p10=0.984 p90=0.986
Iter 0022780: train nll 1.387, valid error 074.330%, best valid error 074.070%, avg grad norm   0.182, avg grad norm (post clip)   0.053, rho_Whh  0.95, Omega  0.00, alpha  4.000, steps in the past 0.000, valid nll 1.386
  [diag] log10|dL/dh_t| hist bins=60 range=(-12.50,-11.50) mean=-12.00 p50=-12.00 p05=-12.00 p95=-12.00
  [diag] sat-dist hist bins=60 sat<0.05=0.0% mean=0.985 p10=0.984 p90=0.986
Iter 0022800: train nll 1.386, valid error 074.330%, best valid error 074.070%, avg grad norm   0.186, avg grad norm (post clip)   0.053, rho_Whh  0.95, Omega  0.00, alpha  4.000, steps in the past 0.000, valid nll 1.386
  [diag] log10|dL/dh_t| hist bins=60 range=(-12.50,-11.50) mean=-12.00 p50=-12.00 p05=-12.00 p95=-12.00
  [diag] sat-dist hist bins=60 sat<0.05=0.0% mean=0.985 p10=0.984 p90=0.986
Iter 0022820: train nll 1.387, valid error 074.330%, best valid error 074.070%, avg grad norm   0.225, avg grad norm (post clip)   0.053, rho_Whh  0.95, Omega  0.00, alpha  4.000, steps in the past 0.000, valid nll 1.386
  [diag] log10|dL/dh_t| hist bins=60 range=(-12.50,-11.50) mean=-12.00 p50=-12.00 p05=-12.00 p95=-12.00
  [diag] sat-dist hist bins=60 sat<0.05=0.0% mean=0.985 p10=0.984 p90=0.985
Iter 0022840: train nll 1.387, valid error 074.330%, best valid error 074.070%, avg grad norm   0.182, avg grad norm (post clip)   0.053, rho_Whh  0.95, Omega  0.00, alpha  4.000, steps in the past 0.000, valid nll 1.386
  [diag] log10|dL/dh_t| hist bins=60 range=(-12.50,-11.50) mean=-12.00 p50=-12.00 p05=-12.00 p95=-12.00
  [diag] sat-dist hist bins=60 sat<0.05=0.0% mean=0.985 p10=0.984 p90=0.985
Iter 0022860: train nll 1.386, valid error 074.330%, best valid error 074.070%, avg grad norm   0.179, avg grad norm (post clip)   0.053, rho_Whh  0.95, Omega  0.00, alpha  4.000, steps in the past 0.000, valid nll 1.386
  [diag] log10|dL/dh_t| hist bins=60 range=(-12.50,-11.50) mean=-12.00 p50=-12.00 p05=-12.00 p95=-12.00
  [diag] sat-dist hist bins=60 sat<0.05=0.0% mean=0.985 p10=0.984 p90=0.986
Iter 0022880: train nll 1.386, valid error 074.330%, best valid error 074.070%, avg grad norm   0.175, avg grad norm (post clip)   0.052, rho_Whh  0.95, Omega  0.00, alpha  4.000, steps in the past 0.000, valid nll 1.386
  [diag] log10|dL/dh_t| hist bins=60 range=(-12.50,-11.50) mean=-12.00 p50=-12.00 p05=-12.00 p95=-12.00
  [diag] sat-dist hist bins=60 sat<0.05=0.0% mean=0.985 p10=0.984 p90=0.986
Iter 0022900: train nll 1.387, valid error 074.330%, best valid error 074.070%, avg grad norm   0.149, avg grad norm (post clip)   0.052, rho_Whh  0.95, Omega  0.00, alpha  4.000, steps in the past 0.000, valid nll 1.386
  [diag] log10|dL/dh_t| hist bins=60 range=(-12.50,-11.50) mean=-12.00 p50=-12.00 p05=-12.00 p95=-12.00
  [diag] sat-dist hist bins=60 sat<0.05=0.0% mean=0.985 p10=0.984 p90=0.986
Iter 0022920: train nll 1.386, valid error 074.330%, best valid error 074.070%, avg grad norm   0.189, avg grad norm (post clip)   0.053, rho_Whh  0.95, Omega  0.00, alpha  4.000, steps in the past 0.000, valid nll 1.386
  [diag] log10|dL/dh_t| hist bins=60 range=(-12.50,-11.50) mean=-12.00 p50=-12.00 p05=-12.00 p95=-12.00
  [diag] sat-dist hist bins=60 sat<0.05=0.0% mean=0.985 p10=0.984 p90=0.986
Iter 0022940: train nll 1.386, valid error 074.330%, best valid error 074.070%, avg grad norm   0.192, avg grad norm (post clip)   0.053, rho_Whh  0.95, Omega  0.00, alpha  4.000, steps in the past 0.000, valid nll 1.386
  [diag] log10|dL/dh_t| hist bins=60 range=(-12.50,-11.50) mean=-12.00 p50=-12.00 p05=-12.00 p95=-12.00
  [diag] sat-dist hist bins=60 sat<0.05=0.0% mean=0.985 p10=0.984 p90=0.986
Iter 0022960: train nll 1.386, valid error 074.330%, best valid error 074.070%, avg grad norm   0.179, avg grad norm (post clip)   0.053, rho_Whh  0.95, Omega  0.00, alpha  4.000, steps in the past 0.000, valid nll 1.386
  [diag] log10|dL/dh_t| hist bins=60 range=(-12.50,-11.50) mean=-12.00 p50=-12.00 p05=-12.00 p95=-12.00
  [diag] sat-dist hist bins=60 sat<0.05=0.0% mean=0.985 p10=0.984 p90=0.985
Iter 0022980: train nll 1.386, valid error 074.340%, best valid error 074.070%, avg grad norm   0.182, avg grad norm (post clip)   0.053, rho_Whh  0.95, Omega  0.00, alpha  4.000, steps in the past 0.000, valid nll 1.386
  [diag] log10|dL/dh_t| hist bins=60 range=(-12.50,-11.50) mean=-12.00 p50=-12.00 p05=-12.00 p95=-12.00
  [diag] sat-dist hist bins=60 sat<0.05=0.0% mean=0.985 p10=0.984 p90=0.986
Iter 0023000: train nll 1.386, valid error 074.330%, best valid error 074.070%, avg grad norm   0.190, avg grad norm (post clip)   0.052, rho_Whh  0.95, Omega  0.00, alpha  4.000, steps in the past 0.000, valid nll 1.386
  [diag] log10|dL/dh_t| hist bins=60 range=(-12.50,-11.50) mean=-12.00 p50=-12.00 p05=-12.00 p95=-12.00
  [diag] sat-dist hist bins=60 sat<0.05=0.0% mean=0.985 p10=0.984 p90=0.986
Iter 0023020: train nll 1.386, valid error 074.330%, best valid error 074.070%, avg grad norm   0.174, avg grad norm (post clip)   0.053, rho_Whh  0.95, Omega  0.00, alpha  4.000, steps in the past 0.000, valid nll 1.386
  [diag] log10|dL/dh_t| hist bins=60 range=(-12.50,-11.50) mean=-12.00 p50=-12.00 p05=-12.00 p95=-12.00
  [diag] sat-dist hist bins=60 sat<0.05=0.0% mean=0.985 p10=0.984 p90=0.986
Iter 0023040: train nll 1.386, valid error 074.330%, best valid error 074.070%, avg grad norm   0.208, avg grad norm (post clip)   0.053, rho_Whh  0.95, Omega  0.00, alpha  4.000, steps in the past 0.000, valid nll 1.386
  [diag] log10|dL/dh_t| hist bins=60 range=(-12.50,-11.50) mean=-12.00 p50=-12.00 p05=-12.00 p95=-12.00
  [diag] sat-dist hist bins=60 sat<0.05=0.0% mean=0.985 p10=0.984 p90=0.986
Iter 0023060: train nll 1.386, valid error 074.330%, best valid error 074.070%, avg grad norm   0.193, avg grad norm (post clip)   0.053, rho_Whh  0.95, Omega  0.00, alpha  4.000, steps in the past 0.000, valid nll 1.386
  [diag] log10|dL/dh_t| hist bins=60 range=(-12.50,-11.50) mean=-12.00 p50=-12.00 p05=-12.00 p95=-12.00
  [diag] sat-dist hist bins=60 sat<0.05=0.0% mean=0.985 p10=0.984 p90=0.986
Iter 0023080: train nll 1.386, valid error 074.330%, best valid error 074.070%, avg grad norm   0.192, avg grad norm (post clip)   0.053, rho_Whh  0.95, Omega  0.00, alpha  4.000, steps in the past 0.000, valid nll 1.386
  [diag] log10|dL/dh_t| hist bins=60 range=(-12.50,-11.50) mean=-12.00 p50=-12.00 p05=-12.00 p95=-12.00
  [diag] sat-dist hist bins=60 sat<0.05=0.0% mean=0.985 p10=0.984 p90=0.986
Iter 0023100: train nll 1.386, valid error 074.330%, best valid error 074.070%, avg grad norm   0.158, avg grad norm (post clip)   0.053, rho_Whh  0.95, Omega  0.00, alpha  4.000, steps in the past 0.000, valid nll 1.386
  [diag] log10|dL/dh_t| hist bins=60 range=(-12.50,-11.50) mean=-12.00 p50=-12.00 p05=-12.00 p95=-12.00
  [diag] sat-dist hist bins=60 sat<0.05=0.0% mean=0.985 p10=0.984 p90=0.986
Iter 0023120: train nll 1.386, valid error 074.330%, best valid error 074.070%, avg grad norm   0.221, avg grad norm (post clip)   0.051, rho_Whh  0.95, Omega  0.00, alpha  4.000, steps in the past 0.000, valid nll 1.386
  [diag] log10|dL/dh_t| hist bins=60 range=(-12.50,-11.50) mean=-12.00 p50=-12.00 p05=-12.00 p95=-12.00
  [diag] sat-dist hist bins=60 sat<0.05=0.0% mean=0.985 p10=0.984 p90=0.986
Iter 0023140: train nll 1.387, valid error 074.330%, best valid error 074.070%, avg grad norm   0.195, avg grad norm (post clip)   0.053, rho_Whh  0.95, Omega  0.00, alpha  4.000, steps in the past 0.000, valid nll 1.386
  [diag] log10|dL/dh_t| hist bins=60 range=(-12.50,-11.50) mean=-12.00 p50=-12.00 p05=-12.00 p95=-12.00
  [diag] sat-dist hist bins=60 sat<0.05=0.0% mean=0.985 p10=0.985 p90=0.986
Iter 0023160: train nll 1.386, valid error 074.330%, best valid error 074.070%, avg grad norm   0.177, avg grad norm (post clip)   0.052, rho_Whh  0.95, Omega  0.00, alpha  4.000, steps in the past 0.000, valid nll 1.386
  [diag] log10|dL/dh_t| hist bins=60 range=(-12.50,-11.50) mean=-12.00 p50=-12.00 p05=-12.00 p95=-12.00
  [diag] sat-dist hist bins=60 sat<0.05=0.0% mean=0.985 p10=0.985 p90=0.986
Iter 0023180: train nll 1.386, valid error 074.330%, best valid error 074.070%, avg grad norm   0.190, avg grad norm (post clip)   0.053, rho_Whh  0.95, Omega  0.00, alpha  4.000, steps in the past 0.000, valid nll 1.386
  [diag] log10|dL/dh_t| hist bins=60 range=(-12.50,-11.50) mean=-12.00 p50=-12.00 p05=-12.00 p95=-12.00
  [diag] sat-dist hist bins=60 sat<0.05=0.0% mean=0.985 p10=0.984 p90=0.986
Iter 0023200: train nll 1.386, valid error 074.330%, best valid error 074.070%, avg grad norm   0.181, avg grad norm (post clip)   0.053, rho_Whh  0.95, Omega  0.00, alpha  4.000, steps in the past 0.000, valid nll 1.386
  [diag] log10|dL/dh_t| hist bins=60 range=(-12.50,-11.50) mean=-12.00 p50=-12.00 p05=-12.00 p95=-12.00
  [diag] sat-dist hist bins=60 sat<0.05=0.0% mean=0.985 p10=0.984 p90=0.986
Iter 0023220: train nll 1.386, valid error 074.330%, best valid error 074.070%, avg grad norm   0.161, avg grad norm (post clip)   0.053, rho_Whh  0.95, Omega  0.00, alpha  4.000, steps in the past 0.000, valid nll 1.386
  [diag] log10|dL/dh_t| hist bins=60 range=(-12.50,-11.50) mean=-12.00 p50=-12.00 p05=-12.00 p95=-12.00
  [diag] sat-dist hist bins=60 sat<0.05=0.0% mean=0.985 p10=0.984 p90=0.986
Iter 0023240: train nll 1.386, valid error 074.330%, best valid error 074.070%, avg grad norm   0.175, avg grad norm (post clip)   0.053, rho_Whh  0.95, Omega  0.00, alpha  4.000, steps in the past 0.000, valid nll 1.386
  [diag] log10|dL/dh_t| hist bins=60 range=(-12.50,-11.50) mean=-12.00 p50=-12.00 p05=-12.00 p95=-12.00
  [diag] sat-dist hist bins=60 sat<0.05=0.0% mean=0.985 p10=0.985 p90=0.986
Iter 0023260: train nll 1.386, valid error 074.330%, best valid error 074.070%, avg grad norm   0.191, avg grad norm (post clip)   0.053, rho_Whh  0.95, Omega  0.00, alpha  4.000, steps in the past 0.000, valid nll 1.386
  [diag] log10|dL/dh_t| hist bins=60 range=(-12.50,-11.50) mean=-12.00 p50=-12.00 p05=-12.00 p95=-12.00
  [diag] sat-dist hist bins=60 sat<0.05=0.0% mean=0.985 p10=0.985 p90=0.986
Iter 0023280: train nll 1.386, valid error 074.330%, best valid error 074.070%, avg grad norm   0.199, avg grad norm (post clip)   0.053, rho_Whh  0.95, Omega  0.00, alpha  4.000, steps in the past 0.000, valid nll 1.386
  [diag] log10|dL/dh_t| hist bins=60 range=(-12.50,-11.50) mean=-12.00 p50=-12.00 p05=-12.00 p95=-12.00
  [diag] sat-dist hist bins=60 sat<0.05=0.0% mean=0.985 p10=0.985 p90=0.986
Iter 0023300: train nll 1.386, valid error 074.350%, best valid error 074.070%, avg grad norm   0.164, avg grad norm (post clip)   0.053, rho_Whh  0.95, Omega  0.00, alpha  4.000, steps in the past 0.000, valid nll 1.386
  [diag] log10|dL/dh_t| hist bins=60 range=(-12.50,-11.50) mean=-12.00 p50=-12.00 p05=-12.00 p95=-12.00
  [diag] sat-dist hist bins=60 sat<0.05=0.0% mean=0.985 p10=0.985 p90=0.986
Iter 0023320: train nll 1.386, valid error 074.340%, best valid error 074.070%, avg grad norm   0.177, avg grad norm (post clip)   0.053, rho_Whh  0.95, Omega  0.00, alpha  4.000, steps in the past 0.000, valid nll 1.386
  [diag] log10|dL/dh_t| hist bins=60 range=(-12.50,-11.50) mean=-12.00 p50=-12.00 p05=-12.00 p95=-12.00
  [diag] sat-dist hist bins=60 sat<0.05=0.0% mean=0.985 p10=0.985 p90=0.986
Iter 0023340: train nll 1.387, valid error 074.330%, best valid error 074.070%, avg grad norm   0.185, avg grad norm (post clip)   0.052, rho_Whh  0.95, Omega  0.00, alpha  4.000, steps in the past 0.000, valid nll 1.386
  [diag] log10|dL/dh_t| hist bins=60 range=(-12.50,-11.50) mean=-12.00 p50=-12.00 p05=-12.00 p95=-12.00
  [diag] sat-dist hist bins=60 sat<0.05=0.0% mean=0.985 p10=0.985 p90=0.986
Iter 0023360: train nll 1.386, valid error 075.260%, best valid error 074.070%, avg grad norm   0.163, avg grad norm (post clip)   0.053, rho_Whh  0.95, Omega  0.00, alpha  4.000, steps in the past 0.000, valid nll 1.386
  [diag] log10|dL/dh_t| hist bins=60 range=(-12.50,-11.50) mean=-12.00 p50=-12.00 p05=-12.00 p95=-12.00
  [diag] sat-dist hist bins=60 sat<0.05=0.0% mean=0.985 p10=0.985 p90=0.986
Iter 0023380: train nll 1.386, valid error 074.380%, best valid error 074.070%, avg grad norm   0.173, avg grad norm (post clip)   0.053, rho_Whh  0.95, Omega  0.00, alpha  4.000, steps in the past 0.000, valid nll 1.386
  [diag] log10|dL/dh_t| hist bins=60 range=(-12.50,-11.50) mean=-12.00 p50=-12.00 p05=-12.00 p95=-12.00
  [diag] sat-dist hist bins=60 sat<0.05=0.0% mean=0.985 p10=0.985 p90=0.986
Iter 0023400: train nll 1.386, valid error 075.400%, best valid error 074.070%, avg grad norm   0.190, avg grad norm (post clip)   0.053, rho_Whh  0.95, Omega  0.00, alpha  4.000, steps in the past 0.000, valid nll 1.386
  [diag] log10|dL/dh_t| hist bins=60 range=(-12.50,-11.50) mean=-12.00 p50=-12.00 p05=-12.00 p95=-12.00
  [diag] sat-dist hist bins=60 sat<0.05=0.0% mean=0.985 p10=0.985 p90=0.986
Iter 0023420: train nll 1.386, valid error 075.360%, best valid error 074.070%, avg grad norm   0.191, avg grad norm (post clip)   0.052, rho_Whh  0.95, Omega  0.00, alpha  4.000, steps in the past 0.000, valid nll 1.386
  [diag] log10|dL/dh_t| hist bins=60 range=(-12.50,-11.50) mean=-12.00 p50=-12.00 p05=-12.00 p95=-12.00
  [diag] sat-dist hist bins=60 sat<0.05=0.0% mean=0.985 p10=0.985 p90=0.986
Iter 0023440: train nll 1.387, valid error 075.440%, best valid error 074.070%, avg grad norm   0.190, avg grad norm (post clip)   0.053, rho_Whh  0.95, Omega  0.00, alpha  4.000, steps in the past 0.000, valid nll 1.386
  [diag] log10|dL/dh_t| hist bins=60 range=(-12.50,-11.50) mean=-12.00 p50=-12.00 p05=-12.00 p95=-12.00
  [diag] sat-dist hist bins=60 sat<0.05=0.0% mean=0.985 p10=0.985 p90=0.986
Iter 0023460: train nll 1.387, valid error 075.330%, best valid error 074.070%, avg grad norm   0.187, avg grad norm (post clip)   0.053, rho_Whh  0.95, Omega  0.00, alpha  4.000, steps in the past 0.000, valid nll 1.386
  [diag] log10|dL/dh_t| hist bins=60 range=(-12.50,-11.50) mean=-12.00 p50=-12.00 p05=-12.00 p95=-12.00
  [diag] sat-dist hist bins=60 sat<0.05=0.0% mean=0.985 p10=0.985 p90=0.986
Iter 0023480: train nll 1.386, valid error 075.380%, best valid error 074.070%, avg grad norm   0.170, avg grad norm (post clip)   0.052, rho_Whh  0.95, Omega  0.00, alpha  4.000, steps in the past 0.000, valid nll 1.386
  [diag] log10|dL/dh_t| hist bins=60 range=(-12.50,-11.50) mean=-12.00 p50=-12.00 p05=-12.00 p95=-12.00
  [diag] sat-dist hist bins=60 sat<0.05=0.0% mean=0.985 p10=0.985 p90=0.986
Iter 0023500: train nll 1.387, valid error 075.460%, best valid error 074.070%, avg grad norm   0.187, avg grad norm (post clip)   0.053, rho_Whh  0.95, Omega  0.00, alpha  4.000, steps in the past 0.000, valid nll 1.386
  [diag] log10|dL/dh_t| hist bins=60 range=(-12.50,-11.50) mean=-12.00 p50=-12.00 p05=-12.00 p95=-12.00
  [diag] sat-dist hist bins=60 sat<0.05=0.0% mean=0.985 p10=0.985 p90=0.986
Iter 0023520: train nll 1.386, valid error 075.300%, best valid error 074.070%, avg grad norm   0.178, avg grad norm (post clip)   0.052, rho_Whh  0.95, Omega  0.00, alpha  4.000, steps in the past 0.000, valid nll 1.386
  [diag] log10|dL/dh_t| hist bins=60 range=(-12.50,-11.50) mean=-12.00 p50=-12.00 p05=-12.00 p95=-12.00
  [diag] sat-dist hist bins=60 sat<0.05=0.0% mean=0.985 p10=0.985 p90=0.986
Iter 0023540: train nll 1.387, valid error 075.390%, best valid error 074.070%, avg grad norm   0.190, avg grad norm (post clip)   0.052, rho_Whh  0.95, Omega  0.00, alpha  4.000, steps in the past 0.000, valid nll 1.386
  [diag] log10|dL/dh_t| hist bins=60 range=(-12.50,-11.50) mean=-12.00 p50=-12.00 p05=-12.00 p95=-12.00
  [diag] sat-dist hist bins=60 sat<0.05=0.0% mean=0.985 p10=0.984 p90=0.986
Iter 0023560: train nll 1.387, valid error 075.340%, best valid error 074.070%, avg grad norm   0.177, avg grad norm (post clip)   0.053, rho_Whh  0.95, Omega  0.00, alpha  4.000, steps in the past 0.000, valid nll 1.386
  [diag] log10|dL/dh_t| hist bins=60 range=(-12.50,-11.50) mean=-12.00 p50=-12.00 p05=-12.00 p95=-12.00
  [diag] sat-dist hist bins=60 sat<0.05=0.0% mean=0.985 p10=0.984 p90=0.986
Iter 0023580: train nll 1.386, valid error 075.470%, best valid error 074.070%, avg grad norm   0.217, avg grad norm (post clip)   0.053, rho_Whh  0.95, Omega  0.00, alpha  4.000, steps in the past 0.000, valid nll 1.386
  [diag] log10|dL/dh_t| hist bins=60 range=(-12.50,-11.50) mean=-12.00 p50=-12.00 p05=-12.00 p95=-12.00
  [diag] sat-dist hist bins=60 sat<0.05=0.0% mean=0.985 p10=0.984 p90=0.986
Iter 0023600: train nll 1.386, valid error 075.370%, best valid error 074.070%, avg grad norm   0.169, avg grad norm (post clip)   0.053, rho_Whh  0.95, Omega  0.00, alpha  4.000, steps in the past 0.000, valid nll 1.386
  [diag] log10|dL/dh_t| hist bins=60 range=(-12.50,-11.50) mean=-12.00 p50=-12.00 p05=-12.00 p95=-12.00
  [diag] sat-dist hist bins=60 sat<0.05=0.0% mean=0.985 p10=0.984 p90=0.986
Iter 0023620: train nll 1.386, valid error 075.500%, best valid error 074.070%, avg grad norm   0.195, avg grad norm (post clip)   0.053, rho_Whh  0.95, Omega  0.00, alpha  4.000, steps in the past 0.000, valid nll 1.386
  [diag] log10|dL/dh_t| hist bins=60 range=(-12.50,-11.50) mean=-12.00 p50=-12.00 p05=-12.00 p95=-12.00
  [diag] sat-dist hist bins=60 sat<0.05=0.0% mean=0.985 p10=0.984 p90=0.986
Iter 0023640: train nll 1.387, valid error 075.260%, best valid error 074.070%, avg grad norm   0.183, avg grad norm (post clip)   0.053, rho_Whh  0.95, Omega  0.00, alpha  4.000, steps in the past 0.000, valid nll 1.386
  [diag] log10|dL/dh_t| hist bins=60 range=(-12.50,-11.50) mean=-12.00 p50=-12.00 p05=-12.00 p95=-12.00
  [diag] sat-dist hist bins=60 sat<0.05=0.0% mean=0.985 p10=0.984 p90=0.986
Iter 0023660: train nll 1.386, valid error 075.690%, best valid error 074.070%, avg grad norm   0.179, avg grad norm (post clip)   0.053, rho_Whh  0.95, Omega  0.00, alpha  4.000, steps in the past 0.000, valid nll 1.386
  [diag] log10|dL/dh_t| hist bins=60 range=(-12.50,-11.50) mean=-12.00 p50=-12.00 p05=-12.00 p95=-12.00
  [diag] sat-dist hist bins=60 sat<0.05=0.0% mean=0.985 p10=0.984 p90=0.986
Iter 0023680: train nll 1.386, valid error 075.250%, best valid error 074.070%, avg grad norm   0.201, avg grad norm (post clip)   0.053, rho_Whh  0.95, Omega  0.00, alpha  4.000, steps in the past 0.000, valid nll 1.386
  [diag] log10|dL/dh_t| hist bins=60 range=(-12.50,-11.50) mean=-12.00 p50=-12.00 p05=-12.00 p95=-12.00
  [diag] sat-dist hist bins=60 sat<0.05=0.0% mean=0.985 p10=0.985 p90=0.986
Iter 0023700: train nll 1.386, valid error 075.510%, best valid error 074.070%, avg grad norm   0.192, avg grad norm (post clip)   0.053, rho_Whh  0.95, Omega  0.00, alpha  4.000, steps in the past 0.000, valid nll 1.386
  [diag] log10|dL/dh_t| hist bins=60 range=(-12.50,-11.50) mean=-12.00 p50=-12.00 p05=-12.00 p95=-12.00
  [diag] sat-dist hist bins=60 sat<0.05=0.0% mean=0.985 p10=0.985 p90=0.986
Iter 0023720: train nll 1.386, valid error 074.380%, best valid error 074.070%, avg grad norm   0.171, avg grad norm (post clip)   0.052, rho_Whh  0.95, Omega  0.00, alpha  4.000, steps in the past 0.000, valid nll 1.386
  [diag] log10|dL/dh_t| hist bins=60 range=(-12.50,-11.50) mean=-12.00 p50=-12.00 p05=-12.00 p95=-12.00
  [diag] sat-dist hist bins=60 sat<0.05=0.0% mean=0.985 p10=0.985 p90=0.986
Iter 0023740: train nll 1.386, valid error 074.530%, best valid error 074.070%, avg grad norm   0.174, avg grad norm (post clip)   0.053, rho_Whh  0.95, Omega  0.00, alpha  4.000, steps in the past 0.000, valid nll 1.386
  [diag] log10|dL/dh_t| hist bins=60 range=(-12.50,-11.50) mean=-12.00 p50=-12.00 p05=-12.00 p95=-12.00
  [diag] sat-dist hist bins=60 sat<0.05=0.0% mean=0.985 p10=0.985 p90=0.986
Iter 0023760: train nll 1.386, valid error 075.370%, best valid error 074.070%, avg grad norm   0.188, avg grad norm (post clip)   0.053, rho_Whh  0.95, Omega  0.00, alpha  4.000, steps in the past 0.000, valid nll 1.386
  [diag] log10|dL/dh_t| hist bins=60 range=(-12.50,-11.50) mean=-12.00 p50=-12.00 p05=-12.00 p95=-12.00
  [diag] sat-dist hist bins=60 sat<0.05=0.0% mean=0.985 p10=0.985 p90=0.986
Iter 0023780: train nll 1.386, valid error 075.120%, best valid error 074.070%, avg grad norm   0.190, avg grad norm (post clip)   0.053, rho_Whh  0.95, Omega  0.00, alpha  4.000, steps in the past 0.000, valid nll 1.386
  [diag] log10|dL/dh_t| hist bins=60 range=(-12.50,-11.50) mean=-12.00 p50=-12.00 p05=-12.00 p95=-12.00
  [diag] sat-dist hist bins=60 sat<0.05=0.0% mean=0.985 p10=0.985 p90=0.986
Iter 0023800: train nll 1.386, valid error 075.400%, best valid error 074.070%, avg grad norm   0.186, avg grad norm (post clip)   0.053, rho_Whh  0.95, Omega  0.00, alpha  4.000, steps in the past 0.000, valid nll 1.386
  [diag] log10|dL/dh_t| hist bins=60 range=(-12.50,-11.50) mean=-12.00 p50=-12.00 p05=-12.00 p95=-12.00
  [diag] sat-dist hist bins=60 sat<0.05=0.0% mean=0.985 p10=0.985 p90=0.986
Iter 0023820: train nll 1.387, valid error 075.170%, best valid error 074.070%, avg grad norm   0.156, avg grad norm (post clip)   0.053, rho_Whh  0.95, Omega  0.00, alpha  4.000, steps in the past 0.000, valid nll 1.386
  [diag] log10|dL/dh_t| hist bins=60 range=(-12.50,-11.50) mean=-12.00 p50=-12.00 p05=-12.00 p95=-12.00
  [diag] sat-dist hist bins=60 sat<0.05=0.0% mean=0.985 p10=0.985 p90=0.986
Iter 0023840: train nll 1.387, valid error 075.170%, best valid error 074.070%, avg grad norm   0.182, avg grad norm (post clip)   0.052, rho_Whh  0.95, Omega  0.00, alpha  4.000, steps in the past 0.000, valid nll 1.386
  [diag] log10|dL/dh_t| hist bins=60 range=(-12.50,-11.50) mean=-12.00 p50=-12.00 p05=-12.00 p95=-12.00
  [diag] sat-dist hist bins=60 sat<0.05=0.0% mean=0.985 p10=0.985 p90=0.986
Iter 0023860: train nll 1.386, valid error 075.320%, best valid error 074.070%, avg grad norm   0.178, avg grad norm (post clip)   0.053, rho_Whh  0.95, Omega  0.00, alpha  4.000, steps in the past 0.000, valid nll 1.386
  [diag] log10|dL/dh_t| hist bins=60 range=(-12.50,-11.50) mean=-12.00 p50=-12.00 p05=-12.00 p95=-12.00
  [diag] sat-dist hist bins=60 sat<0.05=0.0% mean=0.985 p10=0.985 p90=0.986
Iter 0023880: train nll 1.386, valid error 075.560%, best valid error 074.070%, avg grad norm   0.177, avg grad norm (post clip)   0.053, rho_Whh  0.95, Omega  0.00, alpha  4.000, steps in the past 0.000, valid nll 1.386
  [diag] log10|dL/dh_t| hist bins=60 range=(-12.50,-11.50) mean=-12.00 p50=-12.00 p05=-12.00 p95=-12.00
  [diag] sat-dist hist bins=60 sat<0.05=0.0% mean=0.985 p10=0.984 p90=0.986
Iter 0023900: train nll 1.387, valid error 075.350%, best valid error 074.070%, avg grad norm   0.174, avg grad norm (post clip)   0.053, rho_Whh  0.95, Omega  0.00, alpha  4.000, steps in the past 0.000, valid nll 1.386
  [diag] log10|dL/dh_t| hist bins=60 range=(-12.50,-11.50) mean=-12.00 p50=-12.00 p05=-12.00 p95=-12.00
  [diag] sat-dist hist bins=60 sat<0.05=0.0% mean=0.985 p10=0.984 p90=0.986
Iter 0023920: train nll 1.387, valid error 075.340%, best valid error 074.070%, avg grad norm   0.181, avg grad norm (post clip)   0.053, rho_Whh  0.95, Omega  0.00, alpha  4.000, steps in the past 0.000, valid nll 1.386
  [diag] log10|dL/dh_t| hist bins=60 range=(-12.50,-11.50) mean=-12.00 p50=-12.00 p05=-12.00 p95=-12.00
  [diag] sat-dist hist bins=60 sat<0.05=0.0% mean=0.985 p10=0.984 p90=0.986
Iter 0023940: train nll 1.387, valid error 075.360%, best valid error 074.070%, avg grad norm   0.214, avg grad norm (post clip)   0.053, rho_Whh  0.95, Omega  0.00, alpha  4.000, steps in the past 0.000, valid nll 1.386
  [diag] log10|dL/dh_t| hist bins=60 range=(-12.50,-11.50) mean=-12.00 p50=-12.00 p05=-12.00 p95=-12.00
  [diag] sat-dist hist bins=60 sat<0.05=0.0% mean=0.985 p10=0.984 p90=0.986
Iter 0023960: train nll 1.386, valid error 075.400%, best valid error 074.070%, avg grad norm   0.189, avg grad norm (post clip)   0.053, rho_Whh  0.95, Omega  0.00, alpha  4.000, steps in the past 0.000, valid nll 1.386
  [diag] log10|dL/dh_t| hist bins=60 range=(-12.50,-11.50) mean=-12.00 p50=-12.00 p05=-12.00 p95=-12.00
  [diag] sat-dist hist bins=60 sat<0.05=0.0% mean=0.985 p10=0.984 p90=0.986
Iter 0023980: train nll 1.386, valid error 075.380%, best valid error 074.070%, avg grad norm   0.196, avg grad norm (post clip)   0.053, rho_Whh  0.95, Omega  0.00, alpha  4.000, steps in the past 0.000, valid nll 1.386
  [diag] log10|dL/dh_t| hist bins=60 range=(-12.50,-11.50) mean=-12.00 p50=-12.00 p05=-12.00 p95=-12.00
  [diag] sat-dist hist bins=60 sat<0.05=0.0% mean=0.985 p10=0.984 p90=0.986
Iter 0024000: train nll 1.387, valid error 075.450%, best valid error 074.070%, avg grad norm   0.176, avg grad norm (post clip)   0.053, rho_Whh  0.95, Omega  0.00, alpha  4.000, steps in the past 0.000, valid nll 1.386
  [diag] log10|dL/dh_t| hist bins=60 range=(-12.50,-11.50) mean=-12.00 p50=-12.00 p05=-12.00 p95=-12.00
  [diag] sat-dist hist bins=60 sat<0.05=0.0% mean=0.985 p10=0.984 p90=0.986
Iter 0024020: train nll 1.386, valid error 075.480%, best valid error 074.070%, avg grad norm   0.190, avg grad norm (post clip)   0.053, rho_Whh  0.95, Omega  0.00, alpha  4.000, steps in the past 0.000, valid nll 1.386
  [diag] log10|dL/dh_t| hist bins=60 range=(-12.50,-11.50) mean=-12.00 p50=-12.00 p05=-12.00 p95=-12.00
  [diag] sat-dist hist bins=60 sat<0.05=0.0% mean=0.985 p10=0.984 p90=0.986
Iter 0024040: train nll 1.386, valid error 075.490%, best valid error 074.070%, avg grad norm   0.163, avg grad norm (post clip)   0.053, rho_Whh  0.95, Omega  0.00, alpha  4.000, steps in the past 0.000, valid nll 1.386
  [diag] log10|dL/dh_t| hist bins=60 range=(-12.50,-11.50) mean=-12.00 p50=-12.00 p05=-12.00 p95=-12.00
  [diag] sat-dist hist bins=60 sat<0.05=0.0% mean=0.985 p10=0.984 p90=0.986
Iter 0024060: train nll 1.386, valid error 075.490%, best valid error 074.070%, avg grad norm   0.170, avg grad norm (post clip)   0.053, rho_Whh  0.95, Omega  0.00, alpha  4.000, steps in the past 0.000, valid nll 1.386
  [diag] log10|dL/dh_t| hist bins=60 range=(-12.50,-11.50) mean=-12.00 p50=-12.00 p05=-12.00 p95=-12.00
  [diag] sat-dist hist bins=60 sat<0.05=0.0% mean=0.985 p10=0.984 p90=0.986
Iter 0024080: train nll 1.386, valid error 074.660%, best valid error 074.070%, avg grad norm   0.179, avg grad norm (post clip)   0.053, rho_Whh  0.95, Omega  0.00, alpha  4.000, steps in the past 0.000, valid nll 1.386
  [diag] log10|dL/dh_t| hist bins=60 range=(-12.50,-11.50) mean=-12.00 p50=-12.00 p05=-12.00 p95=-12.00
  [diag] sat-dist hist bins=60 sat<0.05=0.0% mean=0.985 p10=0.984 p90=0.985
Iter 0024100: train nll 1.386, valid error 074.400%, best valid error 074.070%, avg grad norm   0.172, avg grad norm (post clip)   0.053, rho_Whh  0.95, Omega  0.00, alpha  4.000, steps in the past 0.000, valid nll 1.386
  [diag] log10|dL/dh_t| hist bins=60 range=(-12.50,-11.50) mean=-12.00 p50=-12.00 p05=-12.00 p95=-12.00
  [diag] sat-dist hist bins=60 sat<0.05=0.0% mean=0.985 p10=0.984 p90=0.985
Iter 0024120: train nll 1.387, valid error 074.890%, best valid error 074.070%, avg grad norm   0.197, avg grad norm (post clip)   0.053, rho_Whh  0.95, Omega  0.00, alpha  4.000, steps in the past 0.000, valid nll 1.386
  [diag] log10|dL/dh_t| hist bins=60 range=(-12.50,-11.50) mean=-12.00 p50=-12.00 p05=-12.00 p95=-12.00
  [diag] sat-dist hist bins=60 sat<0.05=0.0% mean=0.985 p10=0.984 p90=0.985
Iter 0024140: train nll 1.386, valid error 074.370%, best valid error 074.070%, avg grad norm   0.190, avg grad norm (post clip)   0.053, rho_Whh  0.95, Omega  0.00, alpha  4.000, steps in the past 0.000, valid nll 1.386
  [diag] log10|dL/dh_t| hist bins=60 range=(-12.50,-11.50) mean=-12.00 p50=-12.00 p05=-12.00 p95=-12.00
  [diag] sat-dist hist bins=60 sat<0.05=0.0% mean=0.985 p10=0.984 p90=0.985
Iter 0024160: train nll 1.386, valid error 075.000%, best valid error 074.070%, avg grad norm   0.192, avg grad norm (post clip)   0.053, rho_Whh  0.95, Omega  0.00, alpha  4.000, steps in the past 0.000, valid nll 1.386
  [diag] log10|dL/dh_t| hist bins=60 range=(-12.50,-11.50) mean=-12.00 p50=-12.00 p05=-12.00 p95=-12.00
  [diag] sat-dist hist bins=60 sat<0.05=0.0% mean=0.985 p10=0.984 p90=0.985
Iter 0024180: train nll 1.386, valid error 074.240%, best valid error 074.070%, avg grad norm   0.178, avg grad norm (post clip)   0.053, rho_Whh  0.95, Omega  0.00, alpha  4.000, steps in the past 0.000, valid nll 1.386
  [diag] log10|dL/dh_t| hist bins=60 range=(-12.50,-11.50) mean=-12.00 p50=-12.00 p05=-12.00 p95=-12.00
  [diag] sat-dist hist bins=60 sat<0.05=0.0% mean=0.985 p10=0.984 p90=0.986
Iter 0024200: train nll 1.386, valid error 074.350%, best valid error 074.070%, avg grad norm   0.216, avg grad norm (post clip)   0.053, rho_Whh  0.95, Omega  0.00, alpha  4.000, steps in the past 0.000, valid nll 1.386
  [diag] log10|dL/dh_t| hist bins=60 range=(-12.50,-11.50) mean=-12.00 p50=-12.00 p05=-12.00 p95=-12.00
  [diag] sat-dist hist bins=60 sat<0.05=0.0% mean=0.985 p10=0.984 p90=0.985
Iter 0024220: train nll 1.386, valid error 074.330%, best valid error 074.070%, avg grad norm   0.181, avg grad norm (post clip)   0.053, rho_Whh  0.95, Omega  0.00, alpha  4.000, steps in the past 0.000, valid nll 1.386
  [diag] log10|dL/dh_t| hist bins=60 range=(-12.50,-11.50) mean=-12.00 p50=-12.00 p05=-12.00 p95=-12.00
  [diag] sat-dist hist bins=60 sat<0.05=0.0% mean=0.985 p10=0.984 p90=0.985
Iter 0024240: train nll 1.386, valid error 074.440%, best valid error 074.070%, avg grad norm   0.185, avg grad norm (post clip)   0.053, rho_Whh  0.95, Omega  0.00, alpha  4.000, steps in the past 0.000, valid nll 1.386
  [diag] log10|dL/dh_t| hist bins=60 range=(-12.50,-11.50) mean=-12.00 p50=-12.00 p05=-12.00 p95=-12.00
  [diag] sat-dist hist bins=60 sat<0.05=0.0% mean=0.985 p10=0.984 p90=0.986
Iter 0024260: train nll 1.386, valid error 074.330%, best valid error 074.070%, avg grad norm   0.193, avg grad norm (post clip)   0.053, rho_Whh  0.95, Omega  0.00, alpha  4.000, steps in the past 0.000, valid nll 1.386
  [diag] log10|dL/dh_t| hist bins=60 range=(-12.50,-11.50) mean=-12.00 p50=-12.00 p05=-12.00 p95=-12.00
  [diag] sat-dist hist bins=60 sat<0.05=0.0% mean=0.985 p10=0.984 p90=0.986
Iter 0024280: train nll 1.386, valid error 074.330%, best valid error 074.070%, avg grad norm   0.191, avg grad norm (post clip)   0.053, rho_Whh  0.95, Omega  0.00, alpha  4.000, steps in the past 0.000, valid nll 1.386
  [diag] log10|dL/dh_t| hist bins=60 range=(-12.50,-11.50) mean=-12.00 p50=-12.00 p05=-12.00 p95=-12.00
  [diag] sat-dist hist bins=60 sat<0.05=0.0% mean=0.985 p10=0.984 p90=0.986
Iter 0024300: train nll 1.386, valid error 074.330%, best valid error 074.070%, avg grad norm   0.162, avg grad norm (post clip)   0.052, rho_Whh  0.95, Omega  0.00, alpha  4.000, steps in the past 0.000, valid nll 1.386
  [diag] log10|dL/dh_t| hist bins=60 range=(-12.50,-11.50) mean=-12.00 p50=-12.00 p05=-12.00 p95=-12.00
  [diag] sat-dist hist bins=60 sat<0.05=0.0% mean=0.985 p10=0.984 p90=0.986
Iter 0024320: train nll 1.386, valid error 074.350%, best valid error 074.070%, avg grad norm   0.183, avg grad norm (post clip)   0.053, rho_Whh  0.95, Omega  0.00, alpha  4.000, steps in the past 0.000, valid nll 1.386
  [diag] log10|dL/dh_t| hist bins=60 range=(-12.50,-11.50) mean=-12.00 p50=-12.00 p05=-12.00 p95=-12.00
  [diag] sat-dist hist bins=60 sat<0.05=0.0% mean=0.985 p10=0.984 p90=0.986
Iter 0024340: train nll 1.386, valid error 074.460%, best valid error 074.070%, avg grad norm   0.185, avg grad norm (post clip)   0.053, rho_Whh  0.95, Omega  0.00, alpha  4.000, steps in the past 0.000, valid nll 1.386
  [diag] log10|dL/dh_t| hist bins=60 range=(-12.50,-11.50) mean=-12.00 p50=-12.00 p05=-12.00 p95=-12.00
  [diag] sat-dist hist bins=60 sat<0.05=0.0% mean=0.985 p10=0.984 p90=0.986
Iter 0024360: train nll 1.386, valid error 074.440%, best valid error 074.070%, avg grad norm   0.195, avg grad norm (post clip)   0.053, rho_Whh  0.95, Omega  0.00, alpha  4.000, steps in the past 0.000, valid nll 1.386
  [diag] log10|dL/dh_t| hist bins=60 range=(-12.50,-11.50) mean=-12.00 p50=-12.00 p05=-12.00 p95=-12.00
  [diag] sat-dist hist bins=60 sat<0.05=0.0% mean=0.985 p10=0.984 p90=0.986
Iter 0024380: train nll 1.386, valid error 074.420%, best valid error 074.070%, avg grad norm   0.200, avg grad norm (post clip)   0.053, rho_Whh  0.95, Omega  0.00, alpha  4.000, steps in the past 0.000, valid nll 1.386
  [diag] log10|dL/dh_t| hist bins=60 range=(-12.50,-11.50) mean=-12.00 p50=-12.00 p05=-12.00 p95=-12.00
  [diag] sat-dist hist bins=60 sat<0.05=0.0% mean=0.985 p10=0.984 p90=0.985
Iter 0024400: train nll 1.386, valid error 074.720%, best valid error 074.070%, avg grad norm   0.173, avg grad norm (post clip)   0.053, rho_Whh  0.95, Omega  0.00, alpha  4.000, steps in the past 0.000, valid nll 1.386
  [diag] log10|dL/dh_t| hist bins=60 range=(-12.50,-11.50) mean=-12.00 p50=-12.00 p05=-12.00 p95=-12.00
  [diag] sat-dist hist bins=60 sat<0.05=0.0% mean=0.985 p10=0.984 p90=0.985
Iter 0024420: train nll 1.386, valid error 075.010%, best valid error 074.070%, avg grad norm   0.204, avg grad norm (post clip)   0.053, rho_Whh  0.95, Omega  0.00, alpha  4.000, steps in the past 0.000, valid nll 1.386
  [diag] log10|dL/dh_t| hist bins=60 range=(-12.50,-11.50) mean=-12.00 p50=-12.00 p05=-12.00 p95=-12.00
  [diag] sat-dist hist bins=60 sat<0.05=0.0% mean=0.985 p10=0.984 p90=0.985
Iter 0024440: train nll 1.386, valid error 075.000%, best valid error 074.070%, avg grad norm   0.187, avg grad norm (post clip)   0.053, rho_Whh  0.95, Omega  0.00, alpha  4.000, steps in the past 0.000, valid nll 1.386
  [diag] log10|dL/dh_t| hist bins=60 range=(-12.50,-11.50) mean=-12.00 p50=-12.00 p05=-12.00 p95=-12.00
  [diag] sat-dist hist bins=60 sat<0.05=0.0% mean=0.985 p10=0.984 p90=0.985
Iter 0024460: train nll 1.386, valid error 074.950%, best valid error 074.070%, avg grad norm   0.184, avg grad norm (post clip)   0.053, rho_Whh  0.95, Omega  0.00, alpha  4.000, steps in the past 0.000, valid nll 1.386
  [diag] log10|dL/dh_t| hist bins=60 range=(-12.50,-11.50) mean=-12.00 p50=-12.00 p05=-12.00 p95=-12.00
  [diag] sat-dist hist bins=60 sat<0.05=0.0% mean=0.985 p10=0.984 p90=0.985
Iter 0024480: train nll 1.386, valid error 075.030%, best valid error 074.070%, avg grad norm   0.176, avg grad norm (post clip)   0.053, rho_Whh  0.95, Omega  0.00, alpha  4.000, steps in the past 0.000, valid nll 1.386
  [diag] log10|dL/dh_t| hist bins=60 range=(-12.50,-11.50) mean=-12.00 p50=-12.00 p05=-12.00 p95=-12.00
  [diag] sat-dist hist bins=60 sat<0.05=0.0% mean=0.985 p10=0.984 p90=0.985
Iter 0024500: train nll 1.386, valid error 075.250%, best valid error 074.070%, avg grad norm   0.191, avg grad norm (post clip)   0.053, rho_Whh  0.95, Omega  0.00, alpha  4.000, steps in the past 0.000, valid nll 1.386
  [diag] log10|dL/dh_t| hist bins=60 range=(-12.50,-11.50) mean=-12.00 p50=-12.00 p05=-12.00 p95=-12.00
  [diag] sat-dist hist bins=60 sat<0.05=0.0% mean=0.985 p10=0.984 p90=0.985
Iter 0024520: train nll 1.386, valid error 075.200%, best valid error 074.070%, avg grad norm   0.182, avg grad norm (post clip)   0.053, rho_Whh  0.95, Omega  0.00, alpha  4.000, steps in the past 0.000, valid nll 1.386
  [diag] log10|dL/dh_t| hist bins=60 range=(-12.50,-11.50) mean=-12.00 p50=-12.00 p05=-12.00 p95=-12.00
  [diag] sat-dist hist bins=60 sat<0.05=0.0% mean=0.985 p10=0.984 p90=0.985
Iter 0024540: train nll 1.387, valid error 075.140%, best valid error 074.070%, avg grad norm   0.197, avg grad norm (post clip)   0.053, rho_Whh  0.95, Omega  0.00, alpha  4.000, steps in the past 0.000, valid nll 1.386
  [diag] log10|dL/dh_t| hist bins=60 range=(-12.50,-11.50) mean=-12.00 p50=-12.00 p05=-12.00 p95=-12.00
  [diag] sat-dist hist bins=60 sat<0.05=0.0% mean=0.985 p10=0.984 p90=0.985
Iter 0024560: train nll 1.386, valid error 074.530%, best valid error 074.070%, avg grad norm   0.179, avg grad norm (post clip)   0.053, rho_Whh  0.95, Omega  0.00, alpha  4.000, steps in the past 0.000, valid nll 1.386
  [diag] log10|dL/dh_t| hist bins=60 range=(-12.50,-11.50) mean=-12.00 p50=-12.00 p05=-12.00 p95=-12.00
  [diag] sat-dist hist bins=60 sat<0.05=0.0% mean=0.985 p10=0.984 p90=0.985
Iter 0024580: train nll 1.387, valid error 075.180%, best valid error 074.070%, avg grad norm   0.168, avg grad norm (post clip)   0.053, rho_Whh  0.95, Omega  0.00, alpha  4.000, steps in the past 0.000, valid nll 1.386
  [diag] log10|dL/dh_t| hist bins=60 range=(-12.50,-11.50) mean=-12.00 p50=-12.00 p05=-12.00 p95=-12.00
  [diag] sat-dist hist bins=60 sat<0.05=0.0% mean=0.985 p10=0.984 p90=0.985
Iter 0024600: train nll 1.386, valid error 074.990%, best valid error 074.070%, avg grad norm   0.159, avg grad norm (post clip)   0.053, rho_Whh  0.95, Omega  0.00, alpha  4.000, steps in the past 0.000, valid nll 1.386
  [diag] log10|dL/dh_t| hist bins=60 range=(-12.50,-11.50) mean=-12.00 p50=-12.00 p05=-12.00 p95=-12.00
  [diag] sat-dist hist bins=60 sat<0.05=0.0% mean=0.985 p10=0.984 p90=0.985
Iter 0024620: train nll 1.386, valid error 074.410%, best valid error 074.070%, avg grad norm   0.196, avg grad norm (post clip)   0.053, rho_Whh  0.95, Omega  0.00, alpha  4.000, steps in the past 0.000, valid nll 1.386
  [diag] log10|dL/dh_t| hist bins=60 range=(-12.50,-11.50) mean=-12.00 p50=-12.00 p05=-12.00 p95=-12.00
  [diag] sat-dist hist bins=60 sat<0.05=0.0% mean=0.985 p10=0.984 p90=0.985
Iter 0024640: train nll 1.386, valid error 074.440%, best valid error 074.070%, avg grad norm   0.175, avg grad norm (post clip)   0.053, rho_Whh  0.95, Omega  0.00, alpha  4.000, steps in the past 0.000, valid nll 1.386
  [diag] log10|dL/dh_t| hist bins=60 range=(-12.50,-11.50) mean=-12.00 p50=-12.00 p05=-12.00 p95=-12.00
  [diag] sat-dist hist bins=60 sat<0.05=0.0% mean=0.985 p10=0.984 p90=0.985
Iter 0024660: train nll 1.387, valid error 074.510%, best valid error 074.070%, avg grad norm   0.201, avg grad norm (post clip)   0.053, rho_Whh  0.95, Omega  0.00, alpha  4.000, steps in the past 0.000, valid nll 1.386
  [diag] log10|dL/dh_t| hist bins=60 range=(-12.50,-11.50) mean=-12.00 p50=-12.00 p05=-12.00 p95=-12.00
  [diag] sat-dist hist bins=60 sat<0.05=0.0% mean=0.985 p10=0.984 p90=0.986
Iter 0024680: train nll 1.386, valid error 074.390%, best valid error 074.070%, avg grad norm   0.202, avg grad norm (post clip)   0.053, rho_Whh  0.95, Omega  0.00, alpha  4.000, steps in the past 0.000, valid nll 1.386
  [diag] log10|dL/dh_t| hist bins=60 range=(-12.50,-11.50) mean=-12.00 p50=-12.00 p05=-12.00 p95=-12.00
  [diag] sat-dist hist bins=60 sat<0.05=0.0% mean=0.985 p10=0.984 p90=0.985
Iter 0024700: train nll 1.387, valid error 074.500%, best valid error 074.070%, avg grad norm   0.188, avg grad norm (post clip)   0.053, rho_Whh  0.95, Omega  0.00, alpha  4.000, steps in the past 0.000, valid nll 1.386
  [diag] log10|dL/dh_t| hist bins=60 range=(-12.50,-11.50) mean=-12.00 p50=-12.00 p05=-12.00 p95=-12.00
  [diag] sat-dist hist bins=60 sat<0.05=0.0% mean=0.985 p10=0.984 p90=0.985
Iter 0024720: train nll 1.386, valid error 075.120%, best valid error 074.070%, avg grad norm   0.183, avg grad norm (post clip)   0.053, rho_Whh  0.95, Omega  0.00, alpha  4.000, steps in the past 0.000, valid nll 1.386
  [diag] log10|dL/dh_t| hist bins=60 range=(-12.50,-11.50) mean=-12.00 p50=-12.00 p05=-12.00 p95=-12.00
  [diag] sat-dist hist bins=60 sat<0.05=0.0% mean=0.985 p10=0.984 p90=0.985
Iter 0024740: train nll 1.387, valid error 075.230%, best valid error 074.070%, avg grad norm   0.195, avg grad norm (post clip)   0.053, rho_Whh  0.95, Omega  0.00, alpha  4.000, steps in the past 0.000, valid nll 1.386
  [diag] log10|dL/dh_t| hist bins=60 range=(-12.50,-11.50) mean=-12.00 p50=-12.00 p05=-12.00 p95=-12.00
  [diag] sat-dist hist bins=60 sat<0.05=0.0% mean=0.985 p10=0.984 p90=0.985
Iter 0024760: train nll 1.386, valid error 074.300%, best valid error 074.070%, avg grad norm   0.166, avg grad norm (post clip)   0.053, rho_Whh  0.95, Omega  0.00, alpha  4.000, steps in the past 0.000, valid nll 1.386
  [diag] log10|dL/dh_t| hist bins=60 range=(-12.50,-11.50) mean=-12.00 p50=-12.00 p05=-12.00 p95=-12.00
  [diag] sat-dist hist bins=60 sat<0.05=0.0% mean=0.985 p10=0.984 p90=0.985
Iter 0024780: train nll 1.386, valid error 074.380%, best valid error 074.070%, avg grad norm   0.195, avg grad norm (post clip)   0.052, rho_Whh  0.95, Omega  0.00, alpha  4.000, steps in the past 0.000, valid nll 1.386
  [diag] log10|dL/dh_t| hist bins=60 range=(-12.50,-11.50) mean=-12.00 p50=-12.00 p05=-12.00 p95=-12.00
  [diag] sat-dist hist bins=60 sat<0.05=0.0% mean=0.985 p10=0.984 p90=0.985
Iter 0024800: train nll 1.386, valid error 075.160%, best valid error 074.070%, avg grad norm   0.196, avg grad norm (post clip)   0.053, rho_Whh  0.95, Omega  0.00, alpha  4.000, steps in the past 0.000, valid nll 1.386
  [diag] log10|dL/dh_t| hist bins=60 range=(-12.50,-11.50) mean=-12.00 p50=-12.00 p05=-12.00 p95=-12.00
  [diag] sat-dist hist bins=60 sat<0.05=0.0% mean=0.985 p10=0.984 p90=0.985
Iter 0024820: train nll 1.386, valid error 074.920%, best valid error 074.070%, avg grad norm   0.179, avg grad norm (post clip)   0.052, rho_Whh  0.95, Omega  0.00, alpha  4.000, steps in the past 0.000, valid nll 1.386
  [diag] log10|dL/dh_t| hist bins=60 range=(-12.50,-11.50) mean=-12.00 p50=-12.00 p05=-12.00 p95=-12.00
  [diag] sat-dist hist bins=60 sat<0.05=0.0% mean=0.985 p10=0.984 p90=0.985
Iter 0024840: train nll 1.387, valid error 074.420%, best valid error 074.070%, avg grad norm   0.189, avg grad norm (post clip)   0.053, rho_Whh  0.95, Omega  0.00, alpha  4.000, steps in the past 0.000, valid nll 1.386
  [diag] log10|dL/dh_t| hist bins=60 range=(-12.50,-11.50) mean=-12.00 p50=-12.00 p05=-12.00 p95=-12.00
  [diag] sat-dist hist bins=60 sat<0.05=0.0% mean=0.985 p10=0.984 p90=0.986
Iter 0024860: train nll 1.386, valid error 074.350%, best valid error 074.070%, avg grad norm   0.183, avg grad norm (post clip)   0.053, rho_Whh  0.95, Omega  0.00, alpha  4.000, steps in the past 0.000, valid nll 1.386
  [diag] log10|dL/dh_t| hist bins=60 range=(-12.50,-11.50) mean=-12.00 p50=-12.00 p05=-12.00 p95=-12.00
  [diag] sat-dist hist bins=60 sat<0.05=0.0% mean=0.985 p10=0.984 p90=0.985
Iter 0024880: train nll 1.386, valid error 074.490%, best valid error 074.070%, avg grad norm   0.176, avg grad norm (post clip)   0.052, rho_Whh  0.95, Omega  0.00, alpha  4.000, steps in the past 0.000, valid nll 1.386
  [diag] log10|dL/dh_t| hist bins=60 range=(-12.50,-11.50) mean=-12.00 p50=-12.00 p05=-12.00 p95=-12.00
  [diag] sat-dist hist bins=60 sat<0.05=0.0% mean=0.985 p10=0.984 p90=0.985
Iter 0024900: train nll 1.386, valid error 075.140%, best valid error 074.070%, avg grad norm   0.200, avg grad norm (post clip)   0.053, rho_Whh  0.95, Omega  0.00, alpha  4.000, steps in the past 0.000, valid nll 1.386
  [diag] log10|dL/dh_t| hist bins=60 range=(-12.50,-11.50) mean=-12.00 p50=-12.00 p05=-12.00 p95=-12.00
  [diag] sat-dist hist bins=60 sat<0.05=0.0% mean=0.985 p10=0.984 p90=0.985
Iter 0024920: train nll 1.386, valid error 075.150%, best valid error 074.070%, avg grad norm   0.187, avg grad norm (post clip)   0.053, rho_Whh  0.95, Omega  0.00, alpha  4.000, steps in the past 0.000, valid nll 1.386
  [diag] log10|dL/dh_t| hist bins=60 range=(-12.50,-11.50) mean=-12.00 p50=-12.00 p05=-12.00 p95=-12.00
  [diag] sat-dist hist bins=60 sat<0.05=0.0% mean=0.985 p10=0.984 p90=0.985
Iter 0024940: train nll 1.387, valid error 075.160%, best valid error 074.070%, avg grad norm   0.189, avg grad norm (post clip)   0.053, rho_Whh  0.95, Omega  0.00, alpha  4.000, steps in the past 0.000, valid nll 1.386
  [diag] log10|dL/dh_t| hist bins=60 range=(-12.50,-11.50) mean=-12.00 p50=-12.00 p05=-12.00 p95=-12.00
  [diag] sat-dist hist bins=60 sat<0.05=0.0% mean=0.984 p10=0.984 p90=0.985
Iter 0024960: train nll 1.386, valid error 075.220%, best valid error 074.070%, avg grad norm   0.169, avg grad norm (post clip)   0.053, rho_Whh  0.95, Omega  0.00, alpha  4.000, steps in the past 0.000, valid nll 1.386
  [diag] log10|dL/dh_t| hist bins=60 range=(-12.50,-11.50) mean=-12.00 p50=-12.00 p05=-12.00 p95=-12.00
  [diag] sat-dist hist bins=60 sat<0.05=0.0% mean=0.984 p10=0.984 p90=0.985
Iter 0024980: train nll 1.386, valid error 075.230%, best valid error 074.070%, avg grad norm   0.174, avg grad norm (post clip)   0.053, rho_Whh  0.95, Omega  0.00, alpha  4.000, steps in the past 0.000, valid nll 1.386
  [diag] log10|dL/dh_t| hist bins=60 range=(-12.50,-11.50) mean=-12.00 p50=-12.00 p05=-12.00 p95=-12.00
  [diag] sat-dist hist bins=60 sat<0.05=0.0% mean=0.984 p10=0.984 p90=0.985
Iter 0025000: train nll 1.386, valid error 075.220%, best valid error 074.070%, avg grad norm   0.190, avg grad norm (post clip)   0.053, rho_Whh  0.95, Omega  0.00, alpha  4.000, steps in the past 0.000, valid nll 1.386
  [diag] log10|dL/dh_t| hist bins=60 range=(-12.50,-11.50) mean=-12.00 p50=-12.00 p05=-12.00 p95=-12.00
  [diag] sat-dist hist bins=60 sat<0.05=0.0% mean=0.985 p10=0.984 p90=0.985
Iter 0025020: train nll 1.387, valid error 075.200%, best valid error 074.070%, avg grad norm   0.181, avg grad norm (post clip)   0.053, rho_Whh  0.95, Omega  0.00, alpha  4.000, steps in the past 0.000, valid nll 1.386
  [diag] log10|dL/dh_t| hist bins=60 range=(-12.50,-11.50) mean=-12.00 p50=-12.00 p05=-12.00 p95=-12.00
  [diag] sat-dist hist bins=60 sat<0.05=0.0% mean=0.985 p10=0.984 p90=0.985
Iter 0025040: train nll 1.386, valid error 075.140%, best valid error 074.070%, avg grad norm   0.177, avg grad norm (post clip)   0.053, rho_Whh  0.95, Omega  0.00, alpha  4.000, steps in the past 0.000, valid nll 1.386
  [diag] log10|dL/dh_t| hist bins=60 range=(-12.50,-11.50) mean=-12.00 p50=-12.00 p05=-12.00 p95=-12.00
  [diag] sat-dist hist bins=60 sat<0.05=0.0% mean=0.984 p10=0.984 p90=0.985
Iter 0025060: train nll 1.386, valid error 075.220%, best valid error 074.070%, avg grad norm   0.166, avg grad norm (post clip)   0.053, rho_Whh  0.95, Omega  0.00, alpha  4.000, steps in the past 0.000, valid nll 1.386
  [diag] log10|dL/dh_t| hist bins=60 range=(-12.50,-11.50) mean=-12.00 p50=-12.00 p05=-12.00 p95=-12.00
  [diag] sat-dist hist bins=60 sat<0.05=0.0% mean=0.984 p10=0.984 p90=0.985
Iter 0025080: train nll 1.387, valid error 075.220%, best valid error 074.070%, avg grad norm   0.200, avg grad norm (post clip)   0.053, rho_Whh  0.95, Omega  0.00, alpha  4.000, steps in the past 0.000, valid nll 1.386
  [diag] log10|dL/dh_t| hist bins=60 range=(-12.50,-11.50) mean=-12.00 p50=-12.00 p05=-12.00 p95=-12.00
  [diag] sat-dist hist bins=60 sat<0.05=0.0% mean=0.984 p10=0.984 p90=0.985
Iter 0025100: train nll 1.387, valid error 075.220%, best valid error 074.070%, avg grad norm   0.203, avg grad norm (post clip)   0.053, rho_Whh  0.95, Omega  0.00, alpha  4.000, steps in the past 0.000, valid nll 1.386
  [diag] log10|dL/dh_t| hist bins=60 range=(-12.50,-11.50) mean=-12.00 p50=-12.00 p05=-12.00 p95=-12.00
  [diag] sat-dist hist bins=60 sat<0.05=0.0% mean=0.984 p10=0.984 p90=0.985
Iter 0025120: train nll 1.386, valid error 075.220%, best valid error 074.070%, avg grad norm   0.191, avg grad norm (post clip)   0.052, rho_Whh  0.95, Omega  0.00, alpha  4.000, steps in the past 0.000, valid nll 1.386
  [diag] log10|dL/dh_t| hist bins=60 range=(-12.50,-11.50) mean=-12.00 p50=-12.00 p05=-12.00 p95=-12.00
  [diag] sat-dist hist bins=60 sat<0.05=0.0% mean=0.984 p10=0.984 p90=0.985
Iter 0025140: train nll 1.386, valid error 075.220%, best valid error 074.070%, avg grad norm   0.199, avg grad norm (post clip)   0.052, rho_Whh  0.95, Omega  0.00, alpha  4.000, steps in the past 0.000, valid nll 1.386
  [diag] log10|dL/dh_t| hist bins=60 range=(-12.50,-11.50) mean=-12.00 p50=-12.00 p05=-12.00 p95=-12.00
  [diag] sat-dist hist bins=60 sat<0.05=0.0% mean=0.984 p10=0.984 p90=0.985
Iter 0025160: train nll 1.387, valid error 075.220%, best valid error 074.070%, avg grad norm   0.181, avg grad norm (post clip)   0.053, rho_Whh  0.95, Omega  0.00, alpha  4.000, steps in the past 0.000, valid nll 1.386
  [diag] log10|dL/dh_t| hist bins=60 range=(-12.50,-11.50) mean=-12.00 p50=-12.00 p05=-12.00 p95=-12.00
  [diag] sat-dist hist bins=60 sat<0.05=0.0% mean=0.984 p10=0.984 p90=0.985
Iter 0025180: train nll 1.386, valid error 075.220%, best valid error 074.070%, avg grad norm   0.198, avg grad norm (post clip)   0.053, rho_Whh  0.95, Omega  0.00, alpha  4.000, steps in the past 0.000, valid nll 1.386
  [diag] log10|dL/dh_t| hist bins=60 range=(-12.50,-11.50) mean=-12.00 p50=-12.00 p05=-12.00 p95=-12.00
  [diag] sat-dist hist bins=60 sat<0.05=0.0% mean=0.984 p10=0.983 p90=0.985
Iter 0025200: train nll 1.386, valid error 075.220%, best valid error 074.070%, avg grad norm   0.209, avg grad norm (post clip)   0.053, rho_Whh  0.95, Omega  0.00, alpha  4.000, steps in the past 0.000, valid nll 1.386
  [diag] log10|dL/dh_t| hist bins=60 range=(-12.50,-11.50) mean=-12.00 p50=-12.00 p05=-12.00 p95=-12.00
  [diag] sat-dist hist bins=60 sat<0.05=0.0% mean=0.984 p10=0.984 p90=0.985
Iter 0025220: train nll 1.386, valid error 075.220%, best valid error 074.070%, avg grad norm   0.227, avg grad norm (post clip)   0.053, rho_Whh  0.95, Omega  0.00, alpha  4.000, steps in the past 0.000, valid nll 1.386
  [diag] log10|dL/dh_t| hist bins=60 range=(-12.50,-11.50) mean=-12.00 p50=-12.00 p05=-12.00 p95=-12.00
  [diag] sat-dist hist bins=60 sat<0.05=0.0% mean=0.984 p10=0.984 p90=0.985
Iter 0025240: train nll 1.386, valid error 075.220%, best valid error 074.070%, avg grad norm   0.181, avg grad norm (post clip)   0.051, rho_Whh  0.95, Omega  0.00, alpha  4.000, steps in the past 0.000, valid nll 1.386
  [diag] log10|dL/dh_t| hist bins=60 range=(-12.50,-11.50) mean=-12.00 p50=-12.00 p05=-12.00 p95=-12.00
  [diag] sat-dist hist bins=60 sat<0.05=0.0% mean=0.984 p10=0.983 p90=0.985
Iter 0025260: train nll 1.386, valid error 075.220%, best valid error 074.070%, avg grad norm   0.180, avg grad norm (post clip)   0.052, rho_Whh  0.95, Omega  0.00, alpha  4.000, steps in the past 0.000, valid nll 1.386
  [diag] log10|dL/dh_t| hist bins=60 range=(-12.50,-11.50) mean=-12.00 p50=-12.00 p05=-12.00 p95=-12.00
  [diag] sat-dist hist bins=60 sat<0.05=0.0% mean=0.984 p10=0.983 p90=0.985
Iter 0025280: train nll 1.386, valid error 075.220%, best valid error 074.070%, avg grad norm   0.176, avg grad norm (post clip)   0.053, rho_Whh  0.95, Omega  0.00, alpha  4.000, steps in the past 0.000, valid nll 1.386
  [diag] log10|dL/dh_t| hist bins=60 range=(-12.50,-11.50) mean=-12.00 p50=-12.00 p05=-12.00 p95=-12.00
  [diag] sat-dist hist bins=60 sat<0.05=0.0% mean=0.984 p10=0.983 p90=0.985
Iter 0025300: train nll 1.386, valid error 075.220%, best valid error 074.070%, avg grad norm   0.148, avg grad norm (post clip)   0.052, rho_Whh  0.95, Omega  0.00, alpha  4.000, steps in the past 0.000, valid nll 1.386
  [diag] log10|dL/dh_t| hist bins=60 range=(-12.50,-11.50) mean=-12.00 p50=-12.00 p05=-12.00 p95=-12.00
  [diag] sat-dist hist bins=60 sat<0.05=0.0% mean=0.984 p10=0.983 p90=0.985
Iter 0025320: train nll 1.387, valid error 075.220%, best valid error 074.070%, avg grad norm   0.201, avg grad norm (post clip)   0.053, rho_Whh  0.95, Omega  0.00, alpha  4.000, steps in the past 0.000, valid nll 1.386
  [diag] log10|dL/dh_t| hist bins=60 range=(-12.50,-11.50) mean=-12.00 p50=-12.00 p05=-12.00 p95=-12.00
  [diag] sat-dist hist bins=60 sat<0.05=0.0% mean=0.984 p10=0.983 p90=0.985
Iter 0025340: train nll 1.386, valid error 075.220%, best valid error 074.070%, avg grad norm   0.175, avg grad norm (post clip)   0.053, rho_Whh  0.95, Omega  0.00, alpha  4.000, steps in the past 0.000, valid nll 1.386
  [diag] log10|dL/dh_t| hist bins=60 range=(-12.50,-11.50) mean=-12.00 p50=-12.00 p05=-12.00 p95=-12.00
  [diag] sat-dist hist bins=60 sat<0.05=0.0% mean=0.984 p10=0.983 p90=0.985
Iter 0025360: train nll 1.386, valid error 075.220%, best valid error 074.070%, avg grad norm   0.207, avg grad norm (post clip)   0.053, rho_Whh  0.95, Omega  0.00, alpha  4.000, steps in the past 0.000, valid nll 1.386
  [diag] log10|dL/dh_t| hist bins=60 range=(-12.50,-11.50) mean=-12.00 p50=-12.00 p05=-12.00 p95=-12.00
  [diag] sat-dist hist bins=60 sat<0.05=0.0% mean=0.984 p10=0.984 p90=0.985
Iter 0025380: train nll 1.387, valid error 075.220%, best valid error 074.070%, avg grad norm   0.174, avg grad norm (post clip)   0.053, rho_Whh  0.95, Omega  0.00, alpha  4.000, steps in the past 0.000, valid nll 1.386
  [diag] log10|dL/dh_t| hist bins=60 range=(-12.50,-11.50) mean=-12.00 p50=-12.00 p05=-12.00 p95=-12.00
  [diag] sat-dist hist bins=60 sat<0.05=0.0% mean=0.984 p10=0.984 p90=0.985
Iter 0025400: train nll 1.387, valid error 075.220%, best valid error 074.070%, avg grad norm   0.164, avg grad norm (post clip)   0.051, rho_Whh  0.95, Omega  0.00, alpha  4.000, steps in the past 0.000, valid nll 1.386
  [diag] log10|dL/dh_t| hist bins=60 range=(-12.50,-11.50) mean=-12.00 p50=-12.00 p05=-12.00 p95=-12.00
  [diag] sat-dist hist bins=60 sat<0.05=0.0% mean=0.984 p10=0.984 p90=0.985
Iter 0025420: train nll 1.386, valid error 075.220%, best valid error 074.070%, avg grad norm   0.188, avg grad norm (post clip)   0.053, rho_Whh  0.95, Omega  0.00, alpha  4.000, steps in the past 0.000, valid nll 1.386
  [diag] log10|dL/dh_t| hist bins=60 range=(-12.50,-11.50) mean=-12.00 p50=-12.00 p05=-12.00 p95=-12.00
  [diag] sat-dist hist bins=60 sat<0.05=0.0% mean=0.984 p10=0.984 p90=0.985
Iter 0025440: train nll 1.386, valid error 075.220%, best valid error 074.070%, avg grad norm   0.166, avg grad norm (post clip)   0.053, rho_Whh  0.95, Omega  0.00, alpha  4.000, steps in the past 0.000, valid nll 1.386
  [diag] log10|dL/dh_t| hist bins=60 range=(-12.50,-11.50) mean=-12.00 p50=-12.00 p05=-12.00 p95=-12.00
  [diag] sat-dist hist bins=60 sat<0.05=0.0% mean=0.984 p10=0.983 p90=0.985
Iter 0025460: train nll 1.386, valid error 075.220%, best valid error 074.070%, avg grad norm   0.199, avg grad norm (post clip)   0.053, rho_Whh  0.95, Omega  0.00, alpha  4.000, steps in the past 0.000, valid nll 1.386
  [diag] log10|dL/dh_t| hist bins=60 range=(-12.50,-11.50) mean=-12.00 p50=-12.00 p05=-12.00 p95=-12.00
  [diag] sat-dist hist bins=60 sat<0.05=0.0% mean=0.984 p10=0.983 p90=0.985
Iter 0025480: train nll 1.386, valid error 075.220%, best valid error 074.070%, avg grad norm   0.202, avg grad norm (post clip)   0.053, rho_Whh  0.95, Omega  0.00, alpha  4.000, steps in the past 0.000, valid nll 1.386
  [diag] log10|dL/dh_t| hist bins=60 range=(-12.50,-11.50) mean=-12.00 p50=-12.00 p05=-12.00 p95=-12.00
  [diag] sat-dist hist bins=60 sat<0.05=0.0% mean=0.984 p10=0.983 p90=0.985
Iter 0025500: train nll 1.386, valid error 075.220%, best valid error 074.070%, avg grad norm   0.159, avg grad norm (post clip)   0.053, rho_Whh  0.95, Omega  0.00, alpha  4.000, steps in the past 0.000, valid nll 1.386
  [diag] log10|dL/dh_t| hist bins=60 range=(-12.50,-11.50) mean=-12.00 p50=-12.00 p05=-12.00 p95=-12.00
  [diag] sat-dist hist bins=60 sat<0.05=0.0% mean=0.984 p10=0.983 p90=0.985
Iter 0025520: train nll 1.387, valid error 075.220%, best valid error 074.070%, avg grad norm   0.188, avg grad norm (post clip)   0.053, rho_Whh  0.95, Omega  0.00, alpha  4.000, steps in the past 0.000, valid nll 1.386
  [diag] log10|dL/dh_t| hist bins=60 range=(-12.50,-11.50) mean=-12.00 p50=-12.00 p05=-12.00 p95=-12.00
  [diag] sat-dist hist bins=60 sat<0.05=0.0% mean=0.984 p10=0.983 p90=0.985
Iter 0025540: train nll 1.386, valid error 075.220%, best valid error 074.070%, avg grad norm   0.197, avg grad norm (post clip)   0.053, rho_Whh  0.95, Omega  0.00, alpha  4.000, steps in the past 0.000, valid nll 1.386
  [diag] log10|dL/dh_t| hist bins=60 range=(-12.50,-11.50) mean=-12.00 p50=-12.00 p05=-12.00 p95=-12.00
  [diag] sat-dist hist bins=60 sat<0.05=0.0% mean=0.984 p10=0.983 p90=0.985
Iter 0025560: train nll 1.387, valid error 075.220%, best valid error 074.070%, avg grad norm   0.180, avg grad norm (post clip)   0.053, rho_Whh  0.95, Omega  0.00, alpha  4.000, steps in the past 0.000, valid nll 1.386
  [diag] log10|dL/dh_t| hist bins=60 range=(-12.50,-11.50) mean=-12.00 p50=-12.00 p05=-12.00 p95=-12.00
  [diag] sat-dist hist bins=60 sat<0.05=0.0% mean=0.984 p10=0.984 p90=0.985
Iter 0025580: train nll 1.387, valid error 075.220%, best valid error 074.070%, avg grad norm   0.174, avg grad norm (post clip)   0.052, rho_Whh  0.95, Omega  0.00, alpha  4.000, steps in the past 0.000, valid nll 1.386
  [diag] log10|dL/dh_t| hist bins=60 range=(-12.50,-11.50) mean=-12.00 p50=-12.00 p05=-12.00 p95=-12.00
  [diag] sat-dist hist bins=60 sat<0.05=0.0% mean=0.984 p10=0.984 p90=0.985
Iter 0025600: train nll 1.386, valid error 075.220%, best valid error 074.070%, avg grad norm   0.204, avg grad norm (post clip)   0.053, rho_Whh  0.95, Omega  0.00, alpha  4.000, steps in the past 0.000, valid nll 1.386
  [diag] log10|dL/dh_t| hist bins=60 range=(-12.50,-11.50) mean=-12.00 p50=-12.00 p05=-12.00 p95=-12.00
  [diag] sat-dist hist bins=60 sat<0.05=0.0% mean=0.984 p10=0.983 p90=0.985
Iter 0025620: train nll 1.386, valid error 075.220%, best valid error 074.070%, avg grad norm   0.203, avg grad norm (post clip)   0.052, rho_Whh  0.95, Omega  0.00, alpha  4.000, steps in the past 0.000, valid nll 1.386
  [diag] log10|dL/dh_t| hist bins=60 range=(-12.50,-11.50) mean=-12.00 p50=-12.00 p05=-12.00 p95=-12.00
  [diag] sat-dist hist bins=60 sat<0.05=0.0% mean=0.984 p10=0.984 p90=0.985
Iter 0025640: train nll 1.387, valid error 075.220%, best valid error 074.070%, avg grad norm   0.197, avg grad norm (post clip)   0.053, rho_Whh  0.95, Omega  0.00, alpha  4.000, steps in the past 0.000, valid nll 1.386
  [diag] log10|dL/dh_t| hist bins=60 range=(-12.50,-11.50) mean=-12.00 p50=-12.00 p05=-12.00 p95=-12.00
  [diag] sat-dist hist bins=60 sat<0.05=0.0% mean=0.984 p10=0.984 p90=0.985
Iter 0025660: train nll 1.387, valid error 075.220%, best valid error 074.070%, avg grad norm   0.183, avg grad norm (post clip)   0.053, rho_Whh  0.95, Omega  0.00, alpha  4.000, steps in the past 0.000, valid nll 1.386
  [diag] log10|dL/dh_t| hist bins=60 range=(-12.50,-11.50) mean=-12.00 p50=-12.00 p05=-12.00 p95=-12.00
  [diag] sat-dist hist bins=60 sat<0.05=0.0% mean=0.984 p10=0.984 p90=0.985
Iter 0025680: train nll 1.386, valid error 075.220%, best valid error 074.070%, avg grad norm   0.133, avg grad norm (post clip)   0.053, rho_Whh  0.95, Omega  0.00, alpha  4.000, steps in the past 0.000, valid nll 1.386
  [diag] log10|dL/dh_t| hist bins=60 range=(-12.50,-11.50) mean=-12.00 p50=-12.00 p05=-12.00 p95=-12.00
  [diag] sat-dist hist bins=60 sat<0.05=0.0% mean=0.984 p10=0.984 p90=0.985
Iter 0025700: train nll 1.386, valid error 075.220%, best valid error 074.070%, avg grad norm   0.183, avg grad norm (post clip)   0.053, rho_Whh  0.95, Omega  0.00, alpha  4.000, steps in the past 0.000, valid nll 1.386
  [diag] log10|dL/dh_t| hist bins=60 range=(-12.50,-11.50) mean=-12.00 p50=-12.00 p05=-12.00 p95=-12.00
  [diag] sat-dist hist bins=60 sat<0.05=0.0% mean=0.984 p10=0.983 p90=0.985
Iter 0025720: train nll 1.386, valid error 075.220%, best valid error 074.070%, avg grad norm   0.184, avg grad norm (post clip)   0.053, rho_Whh  0.95, Omega  0.00, alpha  4.000, steps in the past 0.000, valid nll 1.386
  [diag] log10|dL/dh_t| hist bins=60 range=(-12.50,-11.50) mean=-12.00 p50=-12.00 p05=-12.00 p95=-12.00
  [diag] sat-dist hist bins=60 sat<0.05=0.0% mean=0.984 p10=0.984 p90=0.985
Iter 0025740: train nll 1.387, valid error 075.220%, best valid error 074.070%, avg grad norm   0.161, avg grad norm (post clip)   0.053, rho_Whh  0.95, Omega  0.00, alpha  4.000, steps in the past 0.000, valid nll 1.386
  [diag] log10|dL/dh_t| hist bins=60 range=(-12.50,-11.50) mean=-12.00 p50=-12.00 p05=-12.00 p95=-12.00
  [diag] sat-dist hist bins=60 sat<0.05=0.0% mean=0.984 p10=0.983 p90=0.985
Iter 0025760: train nll 1.386, valid error 075.220%, best valid error 074.070%, avg grad norm   0.198, avg grad norm (post clip)   0.053, rho_Whh  0.95, Omega  0.00, alpha  4.000, steps in the past 0.000, valid nll 1.386
  [diag] log10|dL/dh_t| hist bins=60 range=(-12.50,-11.50) mean=-12.00 p50=-12.00 p05=-12.00 p95=-12.00
  [diag] sat-dist hist bins=60 sat<0.05=0.0% mean=0.984 p10=0.983 p90=0.985
Iter 0025780: train nll 1.386, valid error 075.220%, best valid error 074.070%, avg grad norm   0.180, avg grad norm (post clip)   0.052, rho_Whh  0.95, Omega  0.00, alpha  4.000, steps in the past 0.000, valid nll 1.386
  [diag] log10|dL/dh_t| hist bins=60 range=(-12.50,-11.50) mean=-12.00 p50=-12.00 p05=-12.00 p95=-12.00
  [diag] sat-dist hist bins=60 sat<0.05=0.0% mean=0.984 p10=0.984 p90=0.985
Iter 0025800: train nll 1.386, valid error 075.220%, best valid error 074.070%, avg grad norm   0.174, avg grad norm (post clip)   0.053, rho_Whh  0.95, Omega  0.00, alpha  4.000, steps in the past 0.000, valid nll 1.386
  [diag] log10|dL/dh_t| hist bins=60 range=(-12.50,-11.50) mean=-12.00 p50=-12.00 p05=-12.00 p95=-12.00
  [diag] sat-dist hist bins=60 sat<0.05=0.0% mean=0.984 p10=0.984 p90=0.985
Iter 0025820: train nll 1.385, valid error 075.220%, best valid error 074.070%, avg grad norm   0.197, avg grad norm (post clip)   0.053, rho_Whh  0.95, Omega  0.00, alpha  4.000, steps in the past 0.000, valid nll 1.386
  [diag] log10|dL/dh_t| hist bins=60 range=(-12.50,-11.50) mean=-12.00 p50=-12.00 p05=-12.00 p95=-12.00
  [diag] sat-dist hist bins=60 sat<0.05=0.0% mean=0.984 p10=0.984 p90=0.985
Iter 0025840: train nll 1.387, valid error 075.220%, best valid error 074.070%, avg grad norm   0.177, avg grad norm (post clip)   0.053, rho_Whh  0.95, Omega  0.00, alpha  4.000, steps in the past 0.000, valid nll 1.386
  [diag] log10|dL/dh_t| hist bins=60 range=(-12.50,-11.50) mean=-12.00 p50=-12.00 p05=-12.00 p95=-12.00
  [diag] sat-dist hist bins=60 sat<0.05=0.0% mean=0.985 p10=0.984 p90=0.985
Iter 0025860: train nll 1.387, valid error 075.220%, best valid error 074.070%, avg grad norm   0.177, avg grad norm (post clip)   0.053, rho_Whh  0.95, Omega  0.00, alpha  4.000, steps in the past 0.000, valid nll 1.386
  [diag] log10|dL/dh_t| hist bins=60 range=(-12.50,-11.50) mean=-12.00 p50=-12.00 p05=-12.00 p95=-12.00
  [diag] sat-dist hist bins=60 sat<0.05=0.0% mean=0.985 p10=0.984 p90=0.985
Iter 0025880: train nll 1.387, valid error 075.220%, best valid error 074.070%, avg grad norm   0.172, avg grad norm (post clip)   0.053, rho_Whh  0.95, Omega  0.00, alpha  4.000, steps in the past 0.000, valid nll 1.386
  [diag] log10|dL/dh_t| hist bins=60 range=(-12.50,-11.50) mean=-12.00 p50=-12.00 p05=-12.00 p95=-12.00
  [diag] sat-dist hist bins=60 sat<0.05=0.0% mean=0.984 p10=0.984 p90=0.985
Iter 0025900: train nll 1.386, valid error 075.220%, best valid error 074.070%, avg grad norm   0.187, avg grad norm (post clip)   0.053, rho_Whh  0.95, Omega  0.00, alpha  4.000, steps in the past 0.000, valid nll 1.386
  [diag] log10|dL/dh_t| hist bins=60 range=(-12.50,-11.50) mean=-12.00 p50=-12.00 p05=-12.00 p95=-12.00
  [diag] sat-dist hist bins=60 sat<0.05=0.0% mean=0.984 p10=0.984 p90=0.985
Iter 0025920: train nll 1.386, valid error 075.220%, best valid error 074.070%, avg grad norm   0.197, avg grad norm (post clip)   0.052, rho_Whh  0.95, Omega  0.00, alpha  4.000, steps in the past 0.000, valid nll 1.386
  [diag] log10|dL/dh_t| hist bins=60 range=(-12.50,-11.50) mean=-12.00 p50=-12.00 p05=-12.00 p95=-12.00
  [diag] sat-dist hist bins=60 sat<0.05=0.0% mean=0.984 p10=0.983 p90=0.985
Iter 0025940: train nll 1.386, valid error 075.220%, best valid error 074.070%, avg grad norm   0.171, avg grad norm (post clip)   0.051, rho_Whh  0.95, Omega  0.00, alpha  4.000, steps in the past 0.000, valid nll 1.386
  [diag] log10|dL/dh_t| hist bins=60 range=(-12.50,-11.50) mean=-12.00 p50=-12.00 p05=-12.00 p95=-12.00
  [diag] sat-dist hist bins=60 sat<0.05=0.0% mean=0.984 p10=0.983 p90=0.984
Iter 0025960: train nll 1.386, valid error 075.220%, best valid error 074.070%, avg grad norm   0.199, avg grad norm (post clip)   0.053, rho_Whh  0.95, Omega  0.00, alpha  4.000, steps in the past 0.000, valid nll 1.386
  [diag] log10|dL/dh_t| hist bins=60 range=(-12.50,-11.50) mean=-12.00 p50=-12.00 p05=-12.00 p95=-12.00
  [diag] sat-dist hist bins=60 sat<0.05=0.0% mean=0.984 p10=0.983 p90=0.984
Iter 0025980: train nll 1.386, valid error 075.220%, best valid error 074.070%, avg grad norm   0.200, avg grad norm (post clip)   0.053, rho_Whh  0.95, Omega  0.00, alpha  4.000, steps in the past 0.000, valid nll 1.386
  [diag] log10|dL/dh_t| hist bins=60 range=(-12.50,-11.50) mean=-12.00 p50=-12.00 p05=-12.00 p95=-12.00
  [diag] sat-dist hist bins=60 sat<0.05=0.0% mean=0.984 p10=0.983 p90=0.984
Iter 0026000: train nll 1.387, valid error 075.220%, best valid error 074.070%, avg grad norm   0.170, avg grad norm (post clip)   0.053, rho_Whh  0.95, Omega  0.00, alpha  4.000, steps in the past 0.000, valid nll 1.386
  [diag] log10|dL/dh_t| hist bins=60 range=(-12.50,-11.50) mean=-12.00 p50=-12.00 p05=-12.00 p95=-12.00
  [diag] sat-dist hist bins=60 sat<0.05=0.0% mean=0.984 p10=0.983 p90=0.984
Iter 0026020: train nll 1.385, valid error 075.220%, best valid error 074.070%, avg grad norm   0.194, avg grad norm (post clip)   0.053, rho_Whh  0.95, Omega  0.00, alpha  4.000, steps in the past 0.000, valid nll 1.386
  [diag] log10|dL/dh_t| hist bins=60 range=(-12.50,-11.50) mean=-12.00 p50=-12.00 p05=-12.00 p95=-12.00
  [diag] sat-dist hist bins=60 sat<0.05=0.0% mean=0.984 p10=0.983 p90=0.984
Iter 0026040: train nll 1.386, valid error 075.220%, best valid error 074.070%, avg grad norm   0.128, avg grad norm (post clip)   0.052, rho_Whh  0.95, Omega  0.00, alpha  4.000, steps in the past 0.000, valid nll 1.386
  [diag] log10|dL/dh_t| hist bins=60 range=(-12.50,-11.50) mean=-12.00 p50=-12.00 p05=-12.00 p95=-12.00
  [diag] sat-dist hist bins=60 sat<0.05=0.0% mean=0.984 p10=0.983 p90=0.984
Iter 0026060: train nll 1.386, valid error 075.220%, best valid error 074.070%, avg grad norm   0.186, avg grad norm (post clip)   0.053, rho_Whh  0.95, Omega  0.00, alpha  4.000, steps in the past 0.000, valid nll 1.386
  [diag] log10|dL/dh_t| hist bins=60 range=(-12.50,-11.50) mean=-12.00 p50=-12.00 p05=-12.00 p95=-12.00
  [diag] sat-dist hist bins=60 sat<0.05=0.0% mean=0.984 p10=0.983 p90=0.984
Iter 0026080: train nll 1.387, valid error 075.220%, best valid error 074.070%, avg grad norm   0.182, avg grad norm (post clip)   0.053, rho_Whh  0.95, Omega  0.00, alpha  4.000, steps in the past 0.000, valid nll 1.386
  [diag] log10|dL/dh_t| hist bins=60 range=(-12.50,-11.50) mean=-12.00 p50=-12.00 p05=-12.00 p95=-12.00
  [diag] sat-dist hist bins=60 sat<0.05=0.0% mean=0.984 p10=0.983 p90=0.984
Iter 0026100: train nll 1.386, valid error 075.220%, best valid error 074.070%, avg grad norm   0.178, avg grad norm (post clip)   0.053, rho_Whh  0.95, Omega  0.00, alpha  4.000, steps in the past 0.000, valid nll 1.386
  [diag] log10|dL/dh_t| hist bins=60 range=(-12.50,-11.50) mean=-12.00 p50=-12.00 p05=-12.00 p95=-12.00
  [diag] sat-dist hist bins=60 sat<0.05=0.0% mean=0.984 p10=0.983 p90=0.984
Iter 0026120: train nll 1.386, valid error 075.220%, best valid error 074.070%, avg grad norm   0.204, avg grad norm (post clip)   0.052, rho_Whh  0.95, Omega  0.00, alpha  4.000, steps in the past 0.000, valid nll 1.386
  [diag] log10|dL/dh_t| hist bins=60 range=(-12.50,-11.50) mean=-12.00 p50=-12.00 p05=-12.00 p95=-12.00
  [diag] sat-dist hist bins=60 sat<0.05=0.0% mean=0.984 p10=0.983 p90=0.985
Iter 0026140: train nll 1.386, valid error 075.220%, best valid error 074.070%, avg grad norm   0.184, avg grad norm (post clip)   0.053, rho_Whh  0.95, Omega  0.00, alpha  4.000, steps in the past 0.000, valid nll 1.386
  [diag] log10|dL/dh_t| hist bins=60 range=(-12.50,-11.50) mean=-12.00 p50=-12.00 p05=-12.00 p95=-12.00
  [diag] sat-dist hist bins=60 sat<0.05=0.0% mean=0.984 p10=0.984 p90=0.985
Iter 0026160: train nll 1.386, valid error 075.220%, best valid error 074.070%, avg grad norm   0.197, avg grad norm (post clip)   0.053, rho_Whh  0.95, Omega  0.00, alpha  4.000, steps in the past 0.000, valid nll 1.386
  [diag] log10|dL/dh_t| hist bins=60 range=(-12.50,-11.50) mean=-12.00 p50=-12.00 p05=-12.00 p95=-12.00
  [diag] sat-dist hist bins=60 sat<0.05=0.0% mean=0.984 p10=0.983 p90=0.985
Iter 0026180: train nll 1.387, valid error 075.220%, best valid error 074.070%, avg grad norm   0.194, avg grad norm (post clip)   0.053, rho_Whh  0.95, Omega  0.00, alpha  4.000, steps in the past 0.000, valid nll 1.386
  [diag] log10|dL/dh_t| hist bins=60 range=(-12.50,-11.50) mean=-12.00 p50=-12.00 p05=-12.00 p95=-12.00
  [diag] sat-dist hist bins=60 sat<0.05=0.0% mean=0.984 p10=0.984 p90=0.985
Iter 0026200: train nll 1.386, valid error 075.220%, best valid error 074.070%, avg grad norm   0.191, avg grad norm (post clip)   0.053, rho_Whh  0.95, Omega  0.00, alpha  4.000, steps in the past 0.000, valid nll 1.386
  [diag] log10|dL/dh_t| hist bins=60 range=(-12.50,-11.50) mean=-12.00 p50=-12.00 p05=-12.00 p95=-12.00
  [diag] sat-dist hist bins=60 sat<0.05=0.0% mean=0.984 p10=0.983 p90=0.985
Iter 0026220: train nll 1.386, valid error 075.220%, best valid error 074.070%, avg grad norm   0.196, avg grad norm (post clip)   0.052, rho_Whh  0.95, Omega  0.00, alpha  4.000, steps in the past 0.000, valid nll 1.386
  [diag] log10|dL/dh_t| hist bins=60 range=(-12.50,-11.50) mean=-12.00 p50=-12.00 p05=-12.00 p95=-12.00
  [diag] sat-dist hist bins=60 sat<0.05=0.0% mean=0.984 p10=0.983 p90=0.985
Iter 0026240: train nll 1.386, valid error 075.220%, best valid error 074.070%, avg grad norm   0.175, avg grad norm (post clip)   0.053, rho_Whh  0.95, Omega  0.00, alpha  4.000, steps in the past 0.000, valid nll 1.386
  [diag] log10|dL/dh_t| hist bins=60 range=(-12.50,-11.50) mean=-12.00 p50=-12.00 p05=-12.00 p95=-12.00
  [diag] sat-dist hist bins=60 sat<0.05=0.0% mean=0.984 p10=0.984 p90=0.985
Iter 0026260: train nll 1.387, valid error 075.220%, best valid error 074.070%, avg grad norm   0.195, avg grad norm (post clip)   0.053, rho_Whh  0.95, Omega  0.00, alpha  4.000, steps in the past 0.000, valid nll 1.386
  [diag] log10|dL/dh_t| hist bins=60 range=(-12.50,-11.50) mean=-12.00 p50=-12.00 p05=-12.00 p95=-12.00
  [diag] sat-dist hist bins=60 sat<0.05=0.0% mean=0.984 p10=0.984 p90=0.985
Iter 0026280: train nll 1.385, valid error 075.220%, best valid error 074.070%, avg grad norm   0.170, avg grad norm (post clip)   0.051, rho_Whh  0.95, Omega  0.00, alpha  4.000, steps in the past 0.000, valid nll 1.386
  [diag] log10|dL/dh_t| hist bins=60 range=(-12.50,-11.50) mean=-12.00 p50=-12.00 p05=-12.00 p95=-12.00
  [diag] sat-dist hist bins=60 sat<0.05=0.0% mean=0.984 p10=0.984 p90=0.985
Iter 0026300: train nll 1.386, valid error 075.220%, best valid error 074.070%, avg grad norm   0.166, avg grad norm (post clip)   0.053, rho_Whh  0.95, Omega  0.00, alpha  4.000, steps in the past 0.000, valid nll 1.386
  [diag] log10|dL/dh_t| hist bins=60 range=(-12.50,-11.50) mean=-12.00 p50=-12.00 p05=-12.00 p95=-12.00
  [diag] sat-dist hist bins=60 sat<0.05=0.0% mean=0.984 p10=0.984 p90=0.985
Iter 0026320: train nll 1.386, valid error 075.220%, best valid error 074.070%, avg grad norm   0.210, avg grad norm (post clip)   0.053, rho_Whh  0.95, Omega  0.00, alpha  4.000, steps in the past 0.000, valid nll 1.386
  [diag] log10|dL/dh_t| hist bins=60 range=(-12.50,-11.50) mean=-12.00 p50=-12.00 p05=-12.00 p95=-12.00
  [diag] sat-dist hist bins=60 sat<0.05=0.0% mean=0.984 p10=0.984 p90=0.985
Iter 0026340: train nll 1.386, valid error 075.220%, best valid error 074.070%, avg grad norm   0.198, avg grad norm (post clip)   0.052, rho_Whh  0.95, Omega  0.00, alpha  4.000, steps in the past 0.000, valid nll 1.386
  [diag] log10|dL/dh_t| hist bins=60 range=(-12.50,-11.50) mean=-12.00 p50=-12.00 p05=-12.00 p95=-12.00
  [diag] sat-dist hist bins=60 sat<0.05=0.0% mean=0.984 p10=0.984 p90=0.985
Iter 0026360: train nll 1.387, valid error 075.220%, best valid error 074.070%, avg grad norm   0.152, avg grad norm (post clip)   0.052, rho_Whh  0.95, Omega  0.00, alpha  4.000, steps in the past 0.000, valid nll 1.386
  [diag] log10|dL/dh_t| hist bins=60 range=(-12.50,-11.50) mean=-12.00 p50=-12.00 p05=-12.00 p95=-12.00
  [diag] sat-dist hist bins=60 sat<0.05=0.0% mean=0.984 p10=0.983 p90=0.985
Iter 0026380: train nll 1.387, valid error 075.220%, best valid error 074.070%, avg grad norm   0.173, avg grad norm (post clip)   0.053, rho_Whh  0.95, Omega  0.00, alpha  4.000, steps in the past 0.000, valid nll 1.386
  [diag] log10|dL/dh_t| hist bins=60 range=(-12.50,-11.50) mean=-12.00 p50=-12.00 p05=-12.00 p95=-12.00
  [diag] sat-dist hist bins=60 sat<0.05=0.0% mean=0.984 p10=0.983 p90=0.984
Iter 0026400: train nll 1.386, valid error 075.220%, best valid error 074.070%, avg grad norm   0.178, avg grad norm (post clip)   0.053, rho_Whh  0.95, Omega  0.00, alpha  4.000, steps in the past 0.000, valid nll 1.386
  [diag] log10|dL/dh_t| hist bins=60 range=(-12.50,-11.50) mean=-12.00 p50=-12.00 p05=-12.00 p95=-12.00
  [diag] sat-dist hist bins=60 sat<0.05=0.0% mean=0.984 p10=0.983 p90=0.984
Iter 0026420: train nll 1.386, valid error 075.220%, best valid error 074.070%, avg grad norm   0.178, avg grad norm (post clip)   0.052, rho_Whh  0.95, Omega  0.00, alpha  4.000, steps in the past 0.000, valid nll 1.386
  [diag] log10|dL/dh_t| hist bins=60 range=(-12.50,-11.50) mean=-12.00 p50=-12.00 p05=-12.00 p95=-12.00
  [diag] sat-dist hist bins=60 sat<0.05=0.0% mean=0.984 p10=0.983 p90=0.985
Iter 0026440: train nll 1.387, valid error 075.220%, best valid error 074.070%, avg grad norm   0.193, avg grad norm (post clip)   0.053, rho_Whh  0.95, Omega  0.00, alpha  4.000, steps in the past 0.000, valid nll 1.386
  [diag] log10|dL/dh_t| hist bins=60 range=(-12.50,-11.50) mean=-12.00 p50=-12.00 p05=-12.00 p95=-12.00
  [diag] sat-dist hist bins=60 sat<0.05=0.0% mean=0.984 p10=0.984 p90=0.985
Iter 0026460: train nll 1.387, valid error 075.220%, best valid error 074.070%, avg grad norm   0.180, avg grad norm (post clip)   0.052, rho_Whh  0.95, Omega  0.00, alpha  4.000, steps in the past 0.000, valid nll 1.386
  [diag] log10|dL/dh_t| hist bins=60 range=(-12.50,-11.50) mean=-12.00 p50=-12.00 p05=-12.00 p95=-12.00
  [diag] sat-dist hist bins=60 sat<0.05=0.0% mean=0.984 p10=0.983 p90=0.985
Iter 0026480: train nll 1.386, valid error 075.220%, best valid error 074.070%, avg grad norm   0.173, avg grad norm (post clip)   0.053, rho_Whh  0.95, Omega  0.00, alpha  4.000, steps in the past 0.000, valid nll 1.386
  [diag] log10|dL/dh_t| hist bins=60 range=(-12.50,-11.50) mean=-12.00 p50=-12.00 p05=-12.00 p95=-12.00
  [diag] sat-dist hist bins=60 sat<0.05=0.0% mean=0.984 p10=0.983 p90=0.985
Iter 0026500: train nll 1.387, valid error 075.220%, best valid error 074.070%, avg grad norm   0.197, avg grad norm (post clip)   0.052, rho_Whh  0.95, Omega  0.00, alpha  4.000, steps in the past 0.000, valid nll 1.386
  [diag] log10|dL/dh_t| hist bins=60 range=(-12.50,-11.50) mean=-12.00 p50=-12.00 p05=-12.00 p95=-12.00
  [diag] sat-dist hist bins=60 sat<0.05=0.0% mean=0.984 p10=0.984 p90=0.985
Iter 0026520: train nll 1.387, valid error 075.220%, best valid error 074.070%, avg grad norm   0.157, avg grad norm (post clip)   0.051, rho_Whh  0.95, Omega  0.00, alpha  4.000, steps in the past 0.000, valid nll 1.386
  [diag] log10|dL/dh_t| hist bins=60 range=(-12.50,-11.50) mean=-12.00 p50=-12.00 p05=-12.00 p95=-12.00
  [diag] sat-dist hist bins=60 sat<0.05=0.0% mean=0.984 p10=0.983 p90=0.985
Iter 0026540: train nll 1.386, valid error 075.220%, best valid error 074.070%, avg grad norm   0.175, avg grad norm (post clip)   0.053, rho_Whh  0.95, Omega  0.00, alpha  4.000, steps in the past 0.000, valid nll 1.386
  [diag] log10|dL/dh_t| hist bins=60 range=(-12.50,-11.50) mean=-12.00 p50=-12.00 p05=-12.00 p95=-12.00
  [diag] sat-dist hist bins=60 sat<0.05=0.0% mean=0.984 p10=0.983 p90=0.984
Iter 0026560: train nll 1.386, valid error 075.220%, best valid error 074.070%, avg grad norm   0.165, avg grad norm (post clip)   0.053, rho_Whh  0.95, Omega  0.00, alpha  4.000, steps in the past 0.000, valid nll 1.386
  [diag] log10|dL/dh_t| hist bins=60 range=(-12.50,-11.50) mean=-12.00 p50=-12.00 p05=-12.00 p95=-12.00
  [diag] sat-dist hist bins=60 sat<0.05=0.0% mean=0.984 p10=0.983 p90=0.984
Iter 0026580: train nll 1.386, valid error 075.220%, best valid error 074.070%, avg grad norm   0.169, avg grad norm (post clip)   0.052, rho_Whh  0.95, Omega  0.00, alpha  4.000, steps in the past 0.000, valid nll 1.386
  [diag] log10|dL/dh_t| hist bins=60 range=(-12.50,-11.50) mean=-12.00 p50=-12.00 p05=-12.00 p95=-12.00
  [diag] sat-dist hist bins=60 sat<0.05=0.0% mean=0.983 p10=0.983 p90=0.984
Iter 0026600: train nll 1.386, valid error 075.220%, best valid error 074.070%, avg grad norm   0.205, avg grad norm (post clip)   0.053, rho_Whh  0.95, Omega  0.00, alpha  4.000, steps in the past 0.000, valid nll 1.386
  [diag] log10|dL/dh_t| hist bins=60 range=(-12.50,-11.50) mean=-12.00 p50=-12.00 p05=-12.00 p95=-12.00
  [diag] sat-dist hist bins=60 sat<0.05=0.0% mean=0.983 p10=0.983 p90=0.984
Iter 0026620: train nll 1.386, valid error 075.220%, best valid error 074.070%, avg grad norm   0.198, avg grad norm (post clip)   0.053, rho_Whh  0.95, Omega  0.00, alpha  4.000, steps in the past 0.000, valid nll 1.386
  [diag] log10|dL/dh_t| hist bins=60 range=(-12.50,-11.50) mean=-12.00 p50=-12.00 p05=-12.00 p95=-12.00
  [diag] sat-dist hist bins=60 sat<0.05=0.0% mean=0.983 p10=0.982 p90=0.983
Iter 0026640: train nll 1.386, valid error 075.220%, best valid error 074.070%, avg grad norm   0.193, avg grad norm (post clip)   0.053, rho_Whh  0.95, Omega  0.00, alpha  4.000, steps in the past 0.000, valid nll 1.386
  [diag] log10|dL/dh_t| hist bins=60 range=(-12.50,-11.50) mean=-12.00 p50=-12.00 p05=-12.00 p95=-12.00
  [diag] sat-dist hist bins=60 sat<0.05=0.0% mean=0.983 p10=0.982 p90=0.983
Iter 0026660: train nll 1.386, valid error 075.220%, best valid error 074.070%, avg grad norm   0.182, avg grad norm (post clip)   0.053, rho_Whh  0.95, Omega  0.00, alpha  4.000, steps in the past 0.000, valid nll 1.386
  [diag] log10|dL/dh_t| hist bins=60 range=(-12.50,-11.50) mean=-12.00 p50=-12.00 p05=-12.00 p95=-12.00
  [diag] sat-dist hist bins=60 sat<0.05=0.0% mean=0.983 p10=0.982 p90=0.983
Iter 0026680: train nll 1.386, valid error 075.220%, best valid error 074.070%, avg grad norm   0.192, avg grad norm (post clip)   0.052, rho_Whh  0.95, Omega  0.00, alpha  4.000, steps in the past 0.000, valid nll 1.386
  [diag] log10|dL/dh_t| hist bins=60 range=(-12.50,-11.50) mean=-12.00 p50=-12.00 p05=-12.00 p95=-12.00
  [diag] sat-dist hist bins=60 sat<0.05=0.0% mean=0.983 p10=0.982 p90=0.983
Iter 0026700: train nll 1.386, valid error 075.220%, best valid error 074.070%, avg grad norm   0.175, avg grad norm (post clip)   0.053, rho_Whh  0.95, Omega  0.00, alpha  4.000, steps in the past 0.000, valid nll 1.386
  [diag] log10|dL/dh_t| hist bins=60 range=(-12.50,-11.50) mean=-12.00 p50=-12.00 p05=-12.00 p95=-12.00
  [diag] sat-dist hist bins=60 sat<0.05=0.0% mean=0.983 p10=0.982 p90=0.983
Iter 0026720: train nll 1.387, valid error 075.220%, best valid error 074.070%, avg grad norm   0.164, avg grad norm (post clip)   0.053, rho_Whh  0.95, Omega  0.00, alpha  4.000, steps in the past 0.000, valid nll 1.386
  [diag] log10|dL/dh_t| hist bins=60 range=(-12.50,-11.50) mean=-12.00 p50=-12.00 p05=-12.00 p95=-12.00
  [diag] sat-dist hist bins=60 sat<0.05=0.0% mean=0.983 p10=0.982 p90=0.983
Iter 0026740: train nll 1.386, valid error 075.220%, best valid error 074.070%, avg grad norm   0.203, avg grad norm (post clip)   0.053, rho_Whh  0.95, Omega  0.00, alpha  4.000, steps in the past 0.000, valid nll 1.386
  [diag] log10|dL/dh_t| hist bins=60 range=(-12.50,-11.50) mean=-12.00 p50=-12.00 p05=-12.00 p95=-12.00
  [diag] sat-dist hist bins=60 sat<0.05=0.0% mean=0.982 p10=0.982 p90=0.983
Iter 0026760: train nll 1.386, valid error 075.220%, best valid error 074.070%, avg grad norm   0.214, avg grad norm (post clip)   0.053, rho_Whh  0.95, Omega  0.00, alpha  4.000, steps in the past 0.000, valid nll 1.386
  [diag] log10|dL/dh_t| hist bins=60 range=(-12.50,-11.50) mean=-12.00 p50=-12.00 p05=-12.00 p95=-12.00
  [diag] sat-dist hist bins=60 sat<0.05=0.0% mean=0.982 p10=0.981 p90=0.983
Iter 0026780: train nll 1.386, valid error 075.220%, best valid error 074.070%, avg grad norm   0.171, avg grad norm (post clip)   0.053, rho_Whh  0.95, Omega  0.00, alpha  4.000, steps in the past 0.000, valid nll 1.386
  [diag] log10|dL/dh_t| hist bins=60 range=(-12.50,-11.50) mean=-12.00 p50=-12.00 p05=-12.00 p95=-12.00
  [diag] sat-dist hist bins=60 sat<0.05=0.0% mean=0.982 p10=0.981 p90=0.982
Iter 0026800: train nll 1.386, valid error 075.220%, best valid error 074.070%, avg grad norm   0.211, avg grad norm (post clip)   0.053, rho_Whh  0.95, Omega  0.00, alpha  4.000, steps in the past 0.000, valid nll 1.386
  [diag] log10|dL/dh_t| hist bins=60 range=(-12.50,-11.50) mean=-12.00 p50=-12.00 p05=-12.00 p95=-12.00
  [diag] sat-dist hist bins=60 sat<0.05=0.0% mean=0.982 p10=0.981 p90=0.982
Iter 0026820: train nll 1.386, valid error 075.220%, best valid error 074.070%, avg grad norm   0.234, avg grad norm (post clip)   0.053, rho_Whh  0.95, Omega  0.00, alpha  4.000, steps in the past 0.000, valid nll 1.386
  [diag] log10|dL/dh_t| hist bins=60 range=(-12.50,-11.50) mean=-12.00 p50=-12.00 p05=-12.00 p95=-12.00
  [diag] sat-dist hist bins=60 sat<0.05=0.0% mean=0.982 p10=0.981 p90=0.982
Iter 0026840: train nll 1.387, valid error 075.220%, best valid error 074.070%, avg grad norm   0.189, avg grad norm (post clip)   0.053, rho_Whh  0.95, Omega  0.00, alpha  4.000, steps in the past 0.000, valid nll 1.386
  [diag] log10|dL/dh_t| hist bins=60 range=(-12.50,-11.50) mean=-12.00 p50=-12.00 p05=-12.00 p95=-12.00
  [diag] sat-dist hist bins=60 sat<0.05=0.0% mean=0.982 p10=0.981 p90=0.982
Iter 0026860: train nll 1.386, valid error 075.220%, best valid error 074.070%, avg grad norm   0.197, avg grad norm (post clip)   0.053, rho_Whh  0.95, Omega  0.00, alpha  4.000, steps in the past 0.000, valid nll 1.386
  [diag] log10|dL/dh_t| hist bins=60 range=(-12.50,-11.50) mean=-12.00 p50=-12.00 p05=-12.00 p95=-12.00
  [diag] sat-dist hist bins=60 sat<0.05=0.0% mean=0.981 p10=0.981 p90=0.982
Iter 0026880: train nll 1.385, valid error 075.220%, best valid error 074.070%, avg grad norm   0.179, avg grad norm (post clip)   0.053, rho_Whh  0.95, Omega  0.00, alpha  4.000, steps in the past 0.000, valid nll 1.386
  [diag] log10|dL/dh_t| hist bins=60 range=(-12.50,-11.50) mean=-12.00 p50=-12.00 p05=-12.00 p95=-12.00
  [diag] sat-dist hist bins=60 sat<0.05=0.0% mean=0.982 p10=0.981 p90=0.982
Iter 0026900: train nll 1.387, valid error 075.220%, best valid error 074.070%, avg grad norm   0.170, avg grad norm (post clip)   0.053, rho_Whh  0.95, Omega  0.00, alpha  4.000, steps in the past 0.000, valid nll 1.386
  [diag] log10|dL/dh_t| hist bins=60 range=(-12.50,-11.50) mean=-12.00 p50=-12.00 p05=-12.00 p95=-12.00
  [diag] sat-dist hist bins=60 sat<0.05=0.0% mean=0.982 p10=0.981 p90=0.982
Iter 0026920: train nll 1.387, valid error 075.220%, best valid error 074.070%, avg grad norm   0.179, avg grad norm (post clip)   0.053, rho_Whh  0.95, Omega  0.00, alpha  4.000, steps in the past 0.000, valid nll 1.386
  [diag] log10|dL/dh_t| hist bins=60 range=(-12.50,-11.50) mean=-12.00 p50=-12.00 p05=-12.00 p95=-12.00
  [diag] sat-dist hist bins=60 sat<0.05=0.0% mean=0.982 p10=0.981 p90=0.982
Iter 0026940: train nll 1.386, valid error 075.220%, best valid error 074.070%, avg grad norm   0.190, avg grad norm (post clip)   0.052, rho_Whh  0.95, Omega  0.00, alpha  4.000, steps in the past 0.000, valid nll 1.386
  [diag] log10|dL/dh_t| hist bins=60 range=(-12.50,-11.50) mean=-12.00 p50=-12.00 p05=-12.00 p95=-12.00
  [diag] sat-dist hist bins=60 sat<0.05=0.0% mean=0.982 p10=0.981 p90=0.983
Iter 0026960: train nll 1.387, valid error 075.220%, best valid error 074.070%, avg grad norm   0.194, avg grad norm (post clip)   0.053, rho_Whh  0.95, Omega  0.00, alpha  4.000, steps in the past 0.000, valid nll 1.386
  [diag] log10|dL/dh_t| hist bins=60 range=(-12.50,-11.50) mean=-12.00 p50=-12.00 p05=-12.00 p95=-12.00
  [diag] sat-dist hist bins=60 sat<0.05=0.0% mean=0.983 p10=0.982 p90=0.983
Iter 0026980: train nll 1.387, valid error 075.220%, best valid error 074.070%, avg grad norm   0.192, avg grad norm (post clip)   0.053, rho_Whh  0.95, Omega  0.00, alpha  4.000, steps in the past 0.000, valid nll 1.386
  [diag] log10|dL/dh_t| hist bins=60 range=(-12.50,-11.50) mean=-12.00 p50=-12.00 p05=-12.00 p95=-12.00
  [diag] sat-dist hist bins=60 sat<0.05=0.0% mean=0.983 p10=0.982 p90=0.983
Iter 0027000: train nll 1.387, valid error 075.190%, best valid error 074.070%, avg grad norm   0.180, avg grad norm (post clip)   0.053, rho_Whh  0.95, Omega  0.00, alpha  4.000, steps in the past 0.000, valid nll 1.386
  [diag] log10|dL/dh_t| hist bins=60 range=(-12.50,-11.50) mean=-12.00 p50=-12.00 p05=-12.00 p95=-12.00
  [diag] sat-dist hist bins=60 sat<0.05=0.0% mean=0.983 p10=0.982 p90=0.983
Iter 0027020: train nll 1.386, valid error 075.190%, best valid error 074.070%, avg grad norm   0.202, avg grad norm (post clip)   0.053, rho_Whh  0.95, Omega  0.00, alpha  4.000, steps in the past 0.000, valid nll 1.386
  [diag] log10|dL/dh_t| hist bins=60 range=(-12.50,-11.50) mean=-12.00 p50=-12.00 p05=-12.00 p95=-12.00
  [diag] sat-dist hist bins=60 sat<0.05=0.0% mean=0.983 p10=0.982 p90=0.983
Iter 0027040: train nll 1.387, valid error 074.910%, best valid error 074.070%, avg grad norm   0.178, avg grad norm (post clip)   0.053, rho_Whh  0.95, Omega  0.00, alpha  4.000, steps in the past 0.000, valid nll 1.386
  [diag] log10|dL/dh_t| hist bins=60 range=(-12.50,-11.50) mean=-12.00 p50=-12.00 p05=-12.00 p95=-12.00
  [diag] sat-dist hist bins=60 sat<0.05=0.0% mean=0.983 p10=0.982 p90=0.983
Iter 0027060: train nll 1.386, valid error 075.130%, best valid error 074.070%, avg grad norm   0.198, avg grad norm (post clip)   0.053, rho_Whh  0.95, Omega  0.00, alpha  4.000, steps in the past 0.000, valid nll 1.386
  [diag] log10|dL/dh_t| hist bins=60 range=(-12.50,-11.50) mean=-12.00 p50=-12.00 p05=-12.00 p95=-12.00
  [diag] sat-dist hist bins=60 sat<0.05=0.0% mean=0.983 p10=0.982 p90=0.983
Iter 0027080: train nll 1.386, valid error 075.200%, best valid error 074.070%, avg grad norm   0.197, avg grad norm (post clip)   0.053, rho_Whh  0.95, Omega  0.00, alpha  4.000, steps in the past 0.000, valid nll 1.386
  [diag] log10|dL/dh_t| hist bins=60 range=(-12.50,-11.50) mean=-12.00 p50=-12.00 p05=-12.00 p95=-12.00
  [diag] sat-dist hist bins=60 sat<0.05=0.0% mean=0.983 p10=0.982 p90=0.983
Iter 0027100: train nll 1.386, valid error 075.000%, best valid error 074.070%, avg grad norm   0.197, avg grad norm (post clip)   0.053, rho_Whh  0.95, Omega  0.00, alpha  4.000, steps in the past 0.000, valid nll 1.386
  [diag] log10|dL/dh_t| hist bins=60 range=(-12.50,-11.50) mean=-12.00 p50=-12.00 p05=-12.00 p95=-12.00
  [diag] sat-dist hist bins=60 sat<0.05=0.0% mean=0.983 p10=0.982 p90=0.983
Iter 0027120: train nll 1.387, valid error 075.160%, best valid error 074.070%, avg grad norm   0.159, avg grad norm (post clip)   0.052, rho_Whh  0.95, Omega  0.00, alpha  4.000, steps in the past 0.000, valid nll 1.386
  [diag] log10|dL/dh_t| hist bins=60 range=(-12.50,-11.50) mean=-12.00 p50=-12.00 p05=-12.00 p95=-12.00
  [diag] sat-dist hist bins=60 sat<0.05=0.0% mean=0.983 p10=0.982 p90=0.983
Iter 0027140: train nll 1.386, valid error 074.990%, best valid error 074.070%, avg grad norm   0.173, avg grad norm (post clip)   0.053, rho_Whh  0.95, Omega  0.00, alpha  4.000, steps in the past 0.000, valid nll 1.386
  [diag] log10|dL/dh_t| hist bins=60 range=(-12.50,-11.50) mean=-12.00 p50=-12.00 p05=-12.00 p95=-12.00
  [diag] sat-dist hist bins=60 sat<0.05=0.0% mean=0.983 p10=0.982 p90=0.983
Iter 0027160: train nll 1.387, valid error 075.220%, best valid error 074.070%, avg grad norm   0.186, avg grad norm (post clip)   0.053, rho_Whh  0.95, Omega  0.00, alpha  4.000, steps in the past 0.000, valid nll 1.386
  [diag] log10|dL/dh_t| hist bins=60 range=(-12.50,-11.50) mean=-12.00 p50=-12.00 p05=-12.00 p95=-12.00
  [diag] sat-dist hist bins=60 sat<0.05=0.0% mean=0.983 p10=0.982 p90=0.983
Iter 0027180: train nll 1.386, valid error 074.780%, best valid error 074.070%, avg grad norm   0.186, avg grad norm (post clip)   0.053, rho_Whh  0.95, Omega  0.00, alpha  4.000, steps in the past 0.000, valid nll 1.386
  [diag] log10|dL/dh_t| hist bins=60 range=(-12.50,-11.50) mean=-12.00 p50=-12.00 p05=-12.00 p95=-12.00
  [diag] sat-dist hist bins=60 sat<0.05=0.0% mean=0.983 p10=0.982 p90=0.983
Iter 0027200: train nll 1.386, valid error 075.190%, best valid error 074.070%, avg grad norm   0.197, avg grad norm (post clip)   0.053, rho_Whh  0.95, Omega  0.00, alpha  4.000, steps in the past 0.000, valid nll 1.386
  [diag] log10|dL/dh_t| hist bins=60 range=(-12.50,-11.50) mean=-12.00 p50=-12.00 p05=-12.00 p95=-12.00
  [diag] sat-dist hist bins=60 sat<0.05=0.0% mean=0.983 p10=0.982 p90=0.983
Iter 0027220: train nll 1.386, valid error 075.220%, best valid error 074.070%, avg grad norm   0.169, avg grad norm (post clip)   0.053, rho_Whh  0.95, Omega  0.00, alpha  4.000, steps in the past 0.000, valid nll 1.386
  [diag] log10|dL/dh_t| hist bins=60 range=(-12.50,-11.50) mean=-12.00 p50=-12.00 p05=-12.00 p95=-12.00
  [diag] sat-dist hist bins=60 sat<0.05=0.0% mean=0.983 p10=0.982 p90=0.983
Iter 0027240: train nll 1.386, valid error 075.220%, best valid error 074.070%, avg grad norm   0.171, avg grad norm (post clip)   0.053, rho_Whh  0.95, Omega  0.00, alpha  4.000, steps in the past 0.000, valid nll 1.386
  [diag] log10|dL/dh_t| hist bins=60 range=(-12.50,-11.50) mean=-12.00 p50=-12.00 p05=-12.00 p95=-12.00
  [diag] sat-dist hist bins=60 sat<0.05=0.0% mean=0.983 p10=0.982 p90=0.983
Iter 0027260: train nll 1.387, valid error 075.220%, best valid error 074.070%, avg grad norm   0.165, avg grad norm (post clip)   0.053, rho_Whh  0.95, Omega  0.00, alpha  4.000, steps in the past 0.000, valid nll 1.386
  [diag] log10|dL/dh_t| hist bins=60 range=(-12.50,-11.50) mean=-12.00 p50=-12.00 p05=-12.00 p95=-12.00
  [diag] sat-dist hist bins=60 sat<0.05=0.0% mean=0.983 p10=0.982 p90=0.984
Iter 0027280: train nll 1.386, valid error 075.220%, best valid error 074.070%, avg grad norm   0.168, avg grad norm (post clip)   0.053, rho_Whh  0.95, Omega  0.00, alpha  4.000, steps in the past 0.000, valid nll 1.386
  [diag] log10|dL/dh_t| hist bins=60 range=(-12.50,-11.50) mean=-12.00 p50=-12.00 p05=-12.00 p95=-12.00
  [diag] sat-dist hist bins=60 sat<0.05=0.0% mean=0.983 p10=0.982 p90=0.983
Iter 0027300: train nll 1.386, valid error 075.220%, best valid error 074.070%, avg grad norm   0.202, avg grad norm (post clip)   0.053, rho_Whh  0.95, Omega  0.00, alpha  4.000, steps in the past 0.000, valid nll 1.386
  [diag] log10|dL/dh_t| hist bins=60 range=(-12.50,-11.50) mean=-12.00 p50=-12.00 p05=-12.00 p95=-12.00
  [diag] sat-dist hist bins=60 sat<0.05=0.0% mean=0.983 p10=0.982 p90=0.984
Iter 0027320: train nll 1.386, valid error 075.220%, best valid error 074.070%, avg grad norm   0.190, avg grad norm (post clip)   0.052, rho_Whh  0.95, Omega  0.00, alpha  4.000, steps in the past 0.000, valid nll 1.386
  [diag] log10|dL/dh_t| hist bins=60 range=(-12.50,-11.50) mean=-12.00 p50=-12.00 p05=-12.00 p95=-12.00
  [diag] sat-dist hist bins=60 sat<0.05=0.0% mean=0.983 p10=0.982 p90=0.984
Iter 0027340: train nll 1.386, valid error 075.220%, best valid error 074.070%, avg grad norm   0.202, avg grad norm (post clip)   0.053, rho_Whh  0.95, Omega  0.00, alpha  4.000, steps in the past 0.000, valid nll 1.386
  [diag] log10|dL/dh_t| hist bins=60 range=(-12.50,-11.50) mean=-12.00 p50=-12.00 p05=-12.00 p95=-12.00
  [diag] sat-dist hist bins=60 sat<0.05=0.0% mean=0.983 p10=0.983 p90=0.984
Iter 0027360: train nll 1.386, valid error 075.220%, best valid error 074.070%, avg grad norm   0.185, avg grad norm (post clip)   0.053, rho_Whh  0.95, Omega  0.00, alpha  4.000, steps in the past 0.000, valid nll 1.386
  [diag] log10|dL/dh_t| hist bins=60 range=(-12.50,-11.50) mean=-12.00 p50=-12.00 p05=-12.00 p95=-12.00
  [diag] sat-dist hist bins=60 sat<0.05=0.0% mean=0.983 p10=0.983 p90=0.984
Iter 0027380: train nll 1.387, valid error 075.220%, best valid error 074.070%, avg grad norm   0.208, avg grad norm (post clip)   0.053, rho_Whh  0.95, Omega  0.00, alpha  4.000, steps in the past 0.000, valid nll 1.386
  [diag] log10|dL/dh_t| hist bins=60 range=(-12.50,-11.50) mean=-12.00 p50=-12.00 p05=-12.00 p95=-12.00
  [diag] sat-dist hist bins=60 sat<0.05=0.0% mean=0.983 p10=0.983 p90=0.984
Iter 0027400: train nll 1.386, valid error 075.220%, best valid error 074.070%, avg grad norm   0.201, avg grad norm (post clip)   0.053, rho_Whh  0.95, Omega  0.00, alpha  4.000, steps in the past 0.000, valid nll 1.386
  [diag] log10|dL/dh_t| hist bins=60 range=(-12.50,-11.50) mean=-12.00 p50=-12.00 p05=-12.00 p95=-12.00
  [diag] sat-dist hist bins=60 sat<0.05=0.0% mean=0.983 p10=0.983 p90=0.984
Iter 0027420: train nll 1.386, valid error 075.220%, best valid error 074.070%, avg grad norm   0.173, avg grad norm (post clip)   0.053, rho_Whh  0.95, Omega  0.00, alpha  4.000, steps in the past 0.000, valid nll 1.386
  [diag] log10|dL/dh_t| hist bins=60 range=(-12.50,-11.50) mean=-12.00 p50=-12.00 p05=-12.00 p95=-12.00
  [diag] sat-dist hist bins=60 sat<0.05=0.0% mean=0.984 p10=0.983 p90=0.984
Iter 0027440: train nll 1.387, valid error 075.220%, best valid error 074.070%, avg grad norm   0.177, avg grad norm (post clip)   0.053, rho_Whh  0.95, Omega  0.00, alpha  4.000, steps in the past 0.000, valid nll 1.386
  [diag] log10|dL/dh_t| hist bins=60 range=(-12.50,-11.50) mean=-12.00 p50=-12.00 p05=-12.00 p95=-12.00
  [diag] sat-dist hist bins=60 sat<0.05=0.0% mean=0.984 p10=0.983 p90=0.984
Iter 0027460: train nll 1.386, valid error 075.220%, best valid error 074.070%, avg grad norm   0.218, avg grad norm (post clip)   0.053, rho_Whh  0.95, Omega  0.00, alpha  4.000, steps in the past 0.000, valid nll 1.386
  [diag] log10|dL/dh_t| hist bins=60 range=(-12.50,-11.50) mean=-12.00 p50=-12.00 p05=-12.00 p95=-12.00
  [diag] sat-dist hist bins=60 sat<0.05=0.0% mean=0.983 p10=0.983 p90=0.984
Iter 0027480: train nll 1.386, valid error 075.220%, best valid error 074.070%, avg grad norm   0.205, avg grad norm (post clip)   0.053, rho_Whh  0.95, Omega  0.00, alpha  4.000, steps in the past 0.000, valid nll 1.386
  [diag] log10|dL/dh_t| hist bins=60 range=(-12.50,-11.50) mean=-12.00 p50=-12.00 p05=-12.00 p95=-12.00
  [diag] sat-dist hist bins=60 sat<0.05=0.0% mean=0.983 p10=0.982 p90=0.984
Iter 0027500: train nll 1.386, valid error 075.220%, best valid error 074.070%, avg grad norm   0.193, avg grad norm (post clip)   0.052, rho_Whh  0.95, Omega  0.00, alpha  4.000, steps in the past 0.000, valid nll 1.386
  [diag] log10|dL/dh_t| hist bins=60 range=(-12.50,-11.50) mean=-12.00 p50=-12.00 p05=-12.00 p95=-12.00
  [diag] sat-dist hist bins=60 sat<0.05=0.0% mean=0.983 p10=0.982 p90=0.984
Iter 0027520: train nll 1.386, valid error 075.220%, best valid error 074.070%, avg grad norm   0.160, avg grad norm (post clip)   0.053, rho_Whh  0.95, Omega  0.00, alpha  4.000, steps in the past 0.000, valid nll 1.386
  [diag] log10|dL/dh_t| hist bins=60 range=(-12.50,-11.50) mean=-12.00 p50=-12.00 p05=-12.00 p95=-12.00
  [diag] sat-dist hist bins=60 sat<0.05=0.0% mean=0.983 p10=0.983 p90=0.984
Iter 0027540: train nll 1.387, valid error 075.220%, best valid error 074.070%, avg grad norm   0.198, avg grad norm (post clip)   0.053, rho_Whh  0.95, Omega  0.00, alpha  4.000, steps in the past 0.000, valid nll 1.386
  [diag] log10|dL/dh_t| hist bins=60 range=(-12.50,-11.50) mean=-12.00 p50=-12.00 p05=-12.00 p95=-12.00
  [diag] sat-dist hist bins=60 sat<0.05=0.0% mean=0.983 p10=0.982 p90=0.984
Iter 0027560: train nll 1.386, valid error 075.220%, best valid error 074.070%, avg grad norm   0.187, avg grad norm (post clip)   0.053, rho_Whh  0.95, Omega  0.00, alpha  4.000, steps in the past 0.000, valid nll 1.386
  [diag] log10|dL/dh_t| hist bins=60 range=(-12.50,-11.50) mean=-12.00 p50=-12.00 p05=-12.00 p95=-12.00
  [diag] sat-dist hist bins=60 sat<0.05=0.0% mean=0.983 p10=0.982 p90=0.984
Iter 0027580: train nll 1.386, valid error 075.220%, best valid error 074.070%, avg grad norm   0.163, avg grad norm (post clip)   0.052, rho_Whh  0.95, Omega  0.00, alpha  4.000, steps in the past 0.000, valid nll 1.386
  [diag] log10|dL/dh_t| hist bins=60 range=(-12.50,-11.50) mean=-12.00 p50=-12.00 p05=-12.00 p95=-12.00
  [diag] sat-dist hist bins=60 sat<0.05=0.0% mean=0.983 p10=0.982 p90=0.984
Iter 0027600: train nll 1.386, valid error 075.220%, best valid error 074.070%, avg grad norm   0.220, avg grad norm (post clip)   0.053, rho_Whh  0.95, Omega  0.00, alpha  4.000, steps in the past 0.000, valid nll 1.386
  [diag] log10|dL/dh_t| hist bins=60 range=(-12.50,-11.50) mean=-12.00 p50=-12.00 p05=-12.00 p95=-12.00
  [diag] sat-dist hist bins=60 sat<0.05=0.0% mean=0.983 p10=0.983 p90=0.984
Iter 0027620: train nll 1.386, valid error 075.220%, best valid error 074.070%, avg grad norm   0.163, avg grad norm (post clip)   0.052, rho_Whh  0.95, Omega  0.00, alpha  4.000, steps in the past 0.000, valid nll 1.386
  [diag] log10|dL/dh_t| hist bins=60 range=(-12.50,-11.50) mean=-12.00 p50=-12.00 p05=-12.00 p95=-12.00
  [diag] sat-dist hist bins=60 sat<0.05=0.0% mean=0.983 p10=0.983 p90=0.984
Iter 0027640: train nll 1.387, valid error 075.220%, best valid error 074.070%, avg grad norm   0.202, avg grad norm (post clip)   0.053, rho_Whh  0.95, Omega  0.00, alpha  4.000, steps in the past 0.000, valid nll 1.386
  [diag] log10|dL/dh_t| hist bins=60 range=(-12.50,-11.50) mean=-12.00 p50=-12.00 p05=-12.00 p95=-12.00
  [diag] sat-dist hist bins=60 sat<0.05=0.0% mean=0.983 p10=0.983 p90=0.984
Iter 0027660: train nll 1.386, valid error 075.220%, best valid error 074.070%, avg grad norm   0.165, avg grad norm (post clip)   0.053, rho_Whh  0.95, Omega  0.00, alpha  4.000, steps in the past 0.000, valid nll 1.386
  [diag] log10|dL/dh_t| hist bins=60 range=(-12.50,-11.50) mean=-12.00 p50=-12.00 p05=-12.00 p95=-12.00
  [diag] sat-dist hist bins=60 sat<0.05=0.0% mean=0.983 p10=0.983 p90=0.984
Iter 0027680: train nll 1.386, valid error 075.220%, best valid error 074.070%, avg grad norm   0.196, avg grad norm (post clip)   0.053, rho_Whh  0.95, Omega  0.00, alpha  4.000, steps in the past 0.000, valid nll 1.386
  [diag] log10|dL/dh_t| hist bins=60 range=(-12.50,-11.50) mean=-12.00 p50=-12.00 p05=-12.00 p95=-12.00
  [diag] sat-dist hist bins=60 sat<0.05=0.0% mean=0.984 p10=0.983 p90=0.984
Iter 0027700: train nll 1.387, valid error 075.220%, best valid error 074.070%, avg grad norm   0.174, avg grad norm (post clip)   0.053, rho_Whh  0.95, Omega  0.00, alpha  4.000, steps in the past 0.000, valid nll 1.386
  [diag] log10|dL/dh_t| hist bins=60 range=(-12.50,-11.50) mean=-12.00 p50=-12.00 p05=-12.00 p95=-12.00
  [diag] sat-dist hist bins=60 sat<0.05=0.0% mean=0.984 p10=0.983 p90=0.984
Iter 0027720: train nll 1.386, valid error 075.220%, best valid error 074.070%, avg grad norm   0.163, avg grad norm (post clip)   0.053, rho_Whh  0.95, Omega  0.00, alpha  4.000, steps in the past 0.000, valid nll 1.386
  [diag] log10|dL/dh_t| hist bins=60 range=(-12.50,-11.50) mean=-12.00 p50=-12.00 p05=-12.00 p95=-12.00
  [diag] sat-dist hist bins=60 sat<0.05=0.0% mean=0.984 p10=0.983 p90=0.984
Iter 0027740: train nll 1.386, valid error 075.220%, best valid error 074.070%, avg grad norm   0.183, avg grad norm (post clip)   0.053, rho_Whh  0.95, Omega  0.00, alpha  4.000, steps in the past 0.000, valid nll 1.386
  [diag] log10|dL/dh_t| hist bins=60 range=(-12.50,-11.50) mean=-12.00 p50=-12.00 p05=-12.00 p95=-12.00
  [diag] sat-dist hist bins=60 sat<0.05=0.0% mean=0.984 p10=0.983 p90=0.984
Iter 0027760: train nll 1.387, valid error 075.220%, best valid error 074.070%, avg grad norm   0.171, avg grad norm (post clip)   0.053, rho_Whh  0.95, Omega  0.00, alpha  4.000, steps in the past 0.000, valid nll 1.386
  [diag] log10|dL/dh_t| hist bins=60 range=(-12.50,-11.50) mean=-12.00 p50=-12.00 p05=-12.00 p95=-12.00
  [diag] sat-dist hist bins=60 sat<0.05=0.0% mean=0.984 p10=0.983 p90=0.984
Iter 0027780: train nll 1.387, valid error 075.220%, best valid error 074.070%, avg grad norm   0.194, avg grad norm (post clip)   0.053, rho_Whh  0.95, Omega  0.00, alpha  4.000, steps in the past 0.000, valid nll 1.386
  [diag] log10|dL/dh_t| hist bins=60 range=(-12.50,-11.50) mean=-12.00 p50=-12.00 p05=-12.00 p95=-12.00
  [diag] sat-dist hist bins=60 sat<0.05=0.0% mean=0.984 p10=0.983 p90=0.985
Iter 0027800: train nll 1.387, valid error 075.220%, best valid error 074.070%, avg grad norm   0.182, avg grad norm (post clip)   0.053, rho_Whh  0.95, Omega  0.00, alpha  4.000, steps in the past 0.000, valid nll 1.386
  [diag] log10|dL/dh_t| hist bins=60 range=(-12.50,-11.50) mean=-12.00 p50=-12.00 p05=-12.00 p95=-12.00
  [diag] sat-dist hist bins=60 sat<0.05=0.0% mean=0.984 p10=0.983 p90=0.984
Iter 0027820: train nll 1.386, valid error 075.220%, best valid error 074.070%, avg grad norm   0.207, avg grad norm (post clip)   0.053, rho_Whh  0.95, Omega  0.00, alpha  4.000, steps in the past 0.000, valid nll 1.386
  [diag] log10|dL/dh_t| hist bins=60 range=(-12.50,-11.50) mean=-12.00 p50=-12.00 p05=-12.00 p95=-12.00
  [diag] sat-dist hist bins=60 sat<0.05=0.0% mean=0.984 p10=0.983 p90=0.984
Iter 0027840: train nll 1.386, valid error 075.220%, best valid error 074.070%, avg grad norm   0.195, avg grad norm (post clip)   0.053, rho_Whh  0.95, Omega  0.00, alpha  4.000, steps in the past 0.000, valid nll 1.386
  [diag] log10|dL/dh_t| hist bins=60 range=(-12.50,-11.50) mean=-12.00 p50=-12.00 p05=-12.00 p95=-12.00
  [diag] sat-dist hist bins=60 sat<0.05=0.0% mean=0.984 p10=0.983 p90=0.984
Iter 0027860: train nll 1.386, valid error 075.220%, best valid error 074.070%, avg grad norm   0.205, avg grad norm (post clip)   0.052, rho_Whh  0.95, Omega  0.00, alpha  4.000, steps in the past 0.000, valid nll 1.386
  [diag] log10|dL/dh_t| hist bins=60 range=(-12.50,-11.50) mean=-12.00 p50=-12.00 p05=-12.00 p95=-12.00
  [diag] sat-dist hist bins=60 sat<0.05=0.0% mean=0.984 p10=0.983 p90=0.985
Iter 0027880: train nll 1.387, valid error 075.220%, best valid error 074.070%, avg grad norm   0.192, avg grad norm (post clip)   0.053, rho_Whh  0.95, Omega  0.00, alpha  4.000, steps in the past 0.000, valid nll 1.386
  [diag] log10|dL/dh_t| hist bins=60 range=(-12.50,-11.50) mean=-12.00 p50=-12.00 p05=-12.00 p95=-12.00
  [diag] sat-dist hist bins=60 sat<0.05=0.0% mean=0.984 p10=0.983 p90=0.985
Iter 0027900: train nll 1.387, valid error 075.220%, best valid error 074.070%, avg grad norm   0.200, avg grad norm (post clip)   0.053, rho_Whh  0.95, Omega  0.00, alpha  4.000, steps in the past 0.000, valid nll 1.386
  [diag] log10|dL/dh_t| hist bins=60 range=(-12.50,-11.50) mean=-12.00 p50=-12.00 p05=-12.00 p95=-12.00
  [diag] sat-dist hist bins=60 sat<0.05=0.0% mean=0.984 p10=0.983 p90=0.985
Iter 0027920: train nll 1.387, valid error 075.220%, best valid error 074.070%, avg grad norm   0.168, avg grad norm (post clip)   0.053, rho_Whh  0.95, Omega  0.00, alpha  4.000, steps in the past 0.000, valid nll 1.386
  [diag] log10|dL/dh_t| hist bins=60 range=(-12.50,-11.50) mean=-12.00 p50=-12.00 p05=-12.00 p95=-12.00
  [diag] sat-dist hist bins=60 sat<0.05=0.0% mean=0.984 p10=0.983 p90=0.985
Iter 0027940: train nll 1.386, valid error 075.220%, best valid error 074.070%, avg grad norm   0.166, avg grad norm (post clip)   0.053, rho_Whh  0.95, Omega  0.00, alpha  4.000, steps in the past 0.000, valid nll 1.386
  [diag] log10|dL/dh_t| hist bins=60 range=(-12.50,-11.50) mean=-12.00 p50=-12.00 p05=-12.00 p95=-12.00
  [diag] sat-dist hist bins=60 sat<0.05=0.0% mean=0.984 p10=0.983 p90=0.985
Iter 0027960: train nll 1.386, valid error 075.220%, best valid error 074.070%, avg grad norm   0.191, avg grad norm (post clip)   0.052, rho_Whh  0.95, Omega  0.00, alpha  4.000, steps in the past 0.000, valid nll 1.386
  [diag] log10|dL/dh_t| hist bins=60 range=(-12.50,-11.50) mean=-12.00 p50=-12.00 p05=-12.00 p95=-12.00
  [diag] sat-dist hist bins=60 sat<0.05=0.0% mean=0.984 p10=0.983 p90=0.985
Iter 0027980: train nll 1.386, valid error 075.220%, best valid error 074.070%, avg grad norm   0.189, avg grad norm (post clip)   0.053, rho_Whh  0.95, Omega  0.00, alpha  4.000, steps in the past 0.000, valid nll 1.386
  [diag] log10|dL/dh_t| hist bins=60 range=(-12.50,-11.50) mean=-12.00 p50=-12.00 p05=-12.00 p95=-12.00
  [diag] sat-dist hist bins=60 sat<0.05=0.0% mean=0.984 p10=0.983 p90=0.985
Iter 0028000: train nll 1.386, valid error 075.220%, best valid error 074.070%, avg grad norm   0.182, avg grad norm (post clip)   0.053, rho_Whh  0.95, Omega  0.00, alpha  4.000, steps in the past 0.000, valid nll 1.386
  [diag] log10|dL/dh_t| hist bins=60 range=(-12.50,-11.50) mean=-12.00 p50=-12.00 p05=-12.00 p95=-12.00
  [diag] sat-dist hist bins=60 sat<0.05=0.0% mean=0.984 p10=0.983 p90=0.985
Iter 0028020: train nll 1.386, valid error 075.220%, best valid error 074.070%, avg grad norm   0.176, avg grad norm (post clip)   0.053, rho_Whh  0.95, Omega  0.00, alpha  4.000, steps in the past 0.000, valid nll 1.386
  [diag] log10|dL/dh_t| hist bins=60 range=(-12.50,-11.50) mean=-12.00 p50=-12.00 p05=-12.00 p95=-12.00
  [diag] sat-dist hist bins=60 sat<0.05=0.0% mean=0.984 p10=0.983 p90=0.985
Iter 0028040: train nll 1.387, valid error 075.220%, best valid error 074.070%, avg grad norm   0.191, avg grad norm (post clip)   0.053, rho_Whh  0.95, Omega  0.00, alpha  4.000, steps in the past 0.000, valid nll 1.386
  [diag] log10|dL/dh_t| hist bins=60 range=(-12.50,-11.50) mean=-12.00 p50=-12.00 p05=-12.00 p95=-12.00
  [diag] sat-dist hist bins=60 sat<0.05=0.0% mean=0.984 p10=0.984 p90=0.985
Iter 0028060: train nll 1.387, valid error 075.220%, best valid error 074.070%, avg grad norm   0.201, avg grad norm (post clip)   0.053, rho_Whh  0.95, Omega  0.00, alpha  4.000, steps in the past 0.000, valid nll 1.386
  [diag] log10|dL/dh_t| hist bins=60 range=(-12.50,-11.50) mean=-12.00 p50=-12.00 p05=-12.00 p95=-12.00
  [diag] sat-dist hist bins=60 sat<0.05=0.0% mean=0.984 p10=0.984 p90=0.985
Iter 0028080: train nll 1.387, valid error 075.120%, best valid error 074.070%, avg grad norm   0.177, avg grad norm (post clip)   0.052, rho_Whh  0.95, Omega  0.00, alpha  4.000, steps in the past 0.000, valid nll 1.386
  [diag] log10|dL/dh_t| hist bins=60 range=(-12.50,-11.50) mean=-12.00 p50=-12.00 p05=-12.00 p95=-12.00
  [diag] sat-dist hist bins=60 sat<0.05=0.0% mean=0.984 p10=0.984 p90=0.985
Iter 0028100: train nll 1.386, valid error 075.220%, best valid error 074.070%, avg grad norm   0.199, avg grad norm (post clip)   0.052, rho_Whh  0.95, Omega  0.00, alpha  4.000, steps in the past 0.000, valid nll 1.386
  [diag] log10|dL/dh_t| hist bins=60 range=(-12.50,-11.50) mean=-12.00 p50=-12.00 p05=-12.00 p95=-12.00
  [diag] sat-dist hist bins=60 sat<0.05=0.0% mean=0.984 p10=0.983 p90=0.985
Iter 0028120: train nll 1.386, valid error 075.210%, best valid error 074.070%, avg grad norm   0.197, avg grad norm (post clip)   0.053, rho_Whh  0.95, Omega  0.00, alpha  4.000, steps in the past 0.000, valid nll 1.386
  [diag] log10|dL/dh_t| hist bins=60 range=(-12.50,-11.50) mean=-12.00 p50=-12.00 p05=-12.00 p95=-12.00
  [diag] sat-dist hist bins=60 sat<0.05=0.0% mean=0.984 p10=0.983 p90=0.984
Iter 0028140: train nll 1.386, valid error 075.210%, best valid error 074.070%, avg grad norm   0.188, avg grad norm (post clip)   0.053, rho_Whh  0.95, Omega  0.00, alpha  4.000, steps in the past 0.000, valid nll 1.386
  [diag] log10|dL/dh_t| hist bins=60 range=(-12.50,-11.50) mean=-12.00 p50=-12.00 p05=-12.00 p95=-12.00
  [diag] sat-dist hist bins=60 sat<0.05=0.0% mean=0.984 p10=0.983 p90=0.985
Iter 0028160: train nll 1.386, valid error 075.510%, best valid error 074.070%, avg grad norm   0.178, avg grad norm (post clip)   0.053, rho_Whh  0.95, Omega  0.00, alpha  4.000, steps in the past 0.000, valid nll 1.386
  [diag] log10|dL/dh_t| hist bins=60 range=(-12.50,-11.50) mean=-12.00 p50=-12.00 p05=-12.00 p95=-12.00
  [diag] sat-dist hist bins=60 sat<0.05=0.0% mean=0.984 p10=0.983 p90=0.985
Iter 0028180: train nll 1.386, valid error 075.350%, best valid error 074.070%, avg grad norm   0.171, avg grad norm (post clip)   0.053, rho_Whh  0.95, Omega  0.00, alpha  4.000, steps in the past 0.000, valid nll 1.386
  [diag] log10|dL/dh_t| hist bins=60 range=(-12.50,-11.50) mean=-12.00 p50=-12.00 p05=-12.00 p95=-12.00
  [diag] sat-dist hist bins=60 sat<0.05=0.0% mean=0.984 p10=0.984 p90=0.985
Iter 0028200: train nll 1.386, valid error 075.660%, best valid error 074.070%, avg grad norm   0.175, avg grad norm (post clip)   0.052, rho_Whh  0.95, Omega  0.00, alpha  4.000, steps in the past 0.000, valid nll 1.386
  [diag] log10|dL/dh_t| hist bins=60 range=(-12.50,-11.50) mean=-12.00 p50=-12.00 p05=-12.00 p95=-12.00
  [diag] sat-dist hist bins=60 sat<0.05=0.0% mean=0.984 p10=0.984 p90=0.985
Iter 0028220: train nll 1.386, valid error 075.060%, best valid error 074.070%, avg grad norm   0.189, avg grad norm (post clip)   0.053, rho_Whh  0.95, Omega  0.00, alpha  4.000, steps in the past 0.000, valid nll 1.386
  [diag] log10|dL/dh_t| hist bins=60 range=(-12.50,-11.50) mean=-12.00 p50=-12.00 p05=-12.00 p95=-12.00
  [diag] sat-dist hist bins=60 sat<0.05=0.0% mean=0.984 p10=0.984 p90=0.985
Iter 0028240: train nll 1.386, valid error 074.980%, best valid error 074.070%, avg grad norm   0.183, avg grad norm (post clip)   0.053, rho_Whh  0.95, Omega  0.00, alpha  4.000, steps in the past 0.000, valid nll 1.386
  [diag] log10|dL/dh_t| hist bins=60 range=(-12.50,-11.50) mean=-12.00 p50=-12.00 p05=-12.00 p95=-12.00
  [diag] sat-dist hist bins=60 sat<0.05=0.0% mean=0.985 p10=0.984 p90=0.985
Iter 0028260: train nll 1.386, valid error 075.280%, best valid error 074.070%, avg grad norm   0.199, avg grad norm (post clip)   0.053, rho_Whh  0.95, Omega  0.00, alpha  4.000, steps in the past 0.000, valid nll 1.386
  [diag] log10|dL/dh_t| hist bins=60 range=(-12.50,-11.50) mean=-12.00 p50=-12.00 p05=-12.00 p95=-12.00
  [diag] sat-dist hist bins=60 sat<0.05=0.0% mean=0.985 p10=0.984 p90=0.985
Iter 0028280: train nll 1.386, valid error 075.650%, best valid error 074.070%, avg grad norm   0.172, avg grad norm (post clip)   0.053, rho_Whh  0.95, Omega  0.00, alpha  4.000, steps in the past 0.000, valid nll 1.386
  [diag] log10|dL/dh_t| hist bins=60 range=(-12.50,-11.50) mean=-12.00 p50=-12.00 p05=-12.00 p95=-12.00
  [diag] sat-dist hist bins=60 sat<0.05=0.0% mean=0.985 p10=0.984 p90=0.985
Iter 0028300: train nll 1.387, valid error 075.040%, best valid error 074.070%, avg grad norm   0.197, avg grad norm (post clip)   0.052, rho_Whh  0.95, Omega  0.00, alpha  4.000, steps in the past 0.000, valid nll 1.386
  [diag] log10|dL/dh_t| hist bins=60 range=(-12.50,-11.50) mean=-12.00 p50=-12.00 p05=-12.00 p95=-12.00
  [diag] sat-dist hist bins=60 sat<0.05=0.0% mean=0.985 p10=0.984 p90=0.985
Iter 0028320: train nll 1.386, valid error 075.310%, best valid error 074.070%, avg grad norm   0.168, avg grad norm (post clip)   0.053, rho_Whh  0.95, Omega  0.00, alpha  4.000, steps in the past 0.000, valid nll 1.386
  [diag] log10|dL/dh_t| hist bins=60 range=(-12.50,-11.50) mean=-12.00 p50=-12.00 p05=-12.00 p95=-12.00
  [diag] sat-dist hist bins=60 sat<0.05=0.0% mean=0.985 p10=0.984 p90=0.985
Iter 0028340: train nll 1.386, valid error 075.570%, best valid error 074.070%, avg grad norm   0.200, avg grad norm (post clip)   0.053, rho_Whh  0.95, Omega  0.00, alpha  4.000, steps in the past 0.000, valid nll 1.386
  [diag] log10|dL/dh_t| hist bins=60 range=(-12.50,-11.50) mean=-12.00 p50=-12.00 p05=-12.00 p95=-12.00
  [diag] sat-dist hist bins=60 sat<0.05=0.0% mean=0.985 p10=0.984 p90=0.985
Iter 0028360: train nll 1.386, valid error 075.700%, best valid error 074.070%, avg grad norm   0.204, avg grad norm (post clip)   0.053, rho_Whh  0.95, Omega  0.00, alpha  4.000, steps in the past 0.000, valid nll 1.386
  [diag] log10|dL/dh_t| hist bins=60 range=(-12.50,-11.50) mean=-12.00 p50=-12.00 p05=-12.00 p95=-12.00
  [diag] sat-dist hist bins=60 sat<0.05=0.0% mean=0.984 p10=0.984 p90=0.985
Iter 0028380: train nll 1.386, valid error 075.650%, best valid error 074.070%, avg grad norm   0.166, avg grad norm (post clip)   0.052, rho_Whh  0.95, Omega  0.00, alpha  4.000, steps in the past 0.000, valid nll 1.386
  [diag] log10|dL/dh_t| hist bins=60 range=(-12.50,-11.50) mean=-12.00 p50=-12.00 p05=-12.00 p95=-12.00
  [diag] sat-dist hist bins=60 sat<0.05=0.0% mean=0.984 p10=0.984 p90=0.985
Iter 0028400: train nll 1.387, valid error 075.140%, best valid error 074.070%, avg grad norm   0.175, avg grad norm (post clip)   0.052, rho_Whh  0.95, Omega  0.00, alpha  4.000, steps in the past 0.000, valid nll 1.386
  [diag] log10|dL/dh_t| hist bins=60 range=(-12.50,-11.50) mean=-12.00 p50=-12.00 p05=-12.00 p95=-12.00
  [diag] sat-dist hist bins=60 sat<0.05=0.0% mean=0.985 p10=0.984 p90=0.985
Iter 0028420: train nll 1.386, valid error 075.110%, best valid error 074.070%, avg grad norm   0.170, avg grad norm (post clip)   0.053, rho_Whh  0.95, Omega  0.00, alpha  4.000, steps in the past 0.000, valid nll 1.386
  [diag] log10|dL/dh_t| hist bins=60 range=(-12.50,-11.50) mean=-12.00 p50=-12.00 p05=-12.00 p95=-12.00
  [diag] sat-dist hist bins=60 sat<0.05=0.0% mean=0.984 p10=0.984 p90=0.985
Iter 0028440: train nll 1.386, valid error 075.190%, best valid error 074.070%, avg grad norm   0.159, avg grad norm (post clip)   0.052, rho_Whh  0.95, Omega  0.00, alpha  4.000, steps in the past 0.000, valid nll 1.386
  [diag] log10|dL/dh_t| hist bins=60 range=(-12.50,-11.50) mean=-12.00 p50=-12.00 p05=-12.00 p95=-12.00
  [diag] sat-dist hist bins=60 sat<0.05=0.0% mean=0.984 p10=0.984 p90=0.985
Iter 0028460: train nll 1.386, valid error 075.220%, best valid error 074.070%, avg grad norm   0.179, avg grad norm (post clip)   0.053, rho_Whh  0.95, Omega  0.00, alpha  4.000, steps in the past 0.000, valid nll 1.386
  [diag] log10|dL/dh_t| hist bins=60 range=(-12.50,-11.50) mean=-12.00 p50=-12.00 p05=-12.00 p95=-12.00
  [diag] sat-dist hist bins=60 sat<0.05=0.0% mean=0.984 p10=0.983 p90=0.985
Iter 0028480: train nll 1.386, valid error 075.210%, best valid error 074.070%, avg grad norm   0.196, avg grad norm (post clip)   0.053, rho_Whh  0.95, Omega  0.00, alpha  4.000, steps in the past 0.000, valid nll 1.386
  [diag] log10|dL/dh_t| hist bins=60 range=(-12.50,-11.50) mean=-12.00 p50=-12.00 p05=-12.00 p95=-12.00
  [diag] sat-dist hist bins=60 sat<0.05=0.0% mean=0.984 p10=0.983 p90=0.985
Iter 0028500: train nll 1.386, valid error 075.070%, best valid error 074.070%, avg grad norm   0.181, avg grad norm (post clip)   0.052, rho_Whh  0.95, Omega  0.00, alpha  4.000, steps in the past 0.000, valid nll 1.386
  [diag] log10|dL/dh_t| hist bins=60 range=(-12.50,-11.50) mean=-12.00 p50=-12.00 p05=-12.00 p95=-12.00
  [diag] sat-dist hist bins=60 sat<0.05=0.0% mean=0.984 p10=0.983 p90=0.985
Iter 0028520: train nll 1.387, valid error 075.140%, best valid error 074.070%, avg grad norm   0.203, avg grad norm (post clip)   0.053, rho_Whh  0.95, Omega  0.00, alpha  4.000, steps in the past 0.000, valid nll 1.386
  [diag] log10|dL/dh_t| hist bins=60 range=(-12.50,-11.50) mean=-12.00 p50=-12.00 p05=-12.00 p95=-12.00
  [diag] sat-dist hist bins=60 sat<0.05=0.0% mean=0.984 p10=0.983 p90=0.984
Iter 0028540: train nll 1.386, valid error 074.860%, best valid error 074.070%, avg grad norm   0.186, avg grad norm (post clip)   0.052, rho_Whh  0.95, Omega  0.00, alpha  4.000, steps in the past 0.000, valid nll 1.386
  [diag] log10|dL/dh_t| hist bins=60 range=(-12.50,-11.50) mean=-12.00 p50=-12.00 p05=-12.00 p95=-12.00
  [diag] sat-dist hist bins=60 sat<0.05=0.0% mean=0.984 p10=0.983 p90=0.985
Iter 0028560: train nll 1.387, valid error 075.600%, best valid error 074.070%, avg grad norm   0.172, avg grad norm (post clip)   0.053, rho_Whh  0.95, Omega  0.00, alpha  4.000, steps in the past 0.000, valid nll 1.386
  [diag] log10|dL/dh_t| hist bins=60 range=(-12.50,-11.50) mean=-12.00 p50=-12.00 p05=-12.00 p95=-12.00
  [diag] sat-dist hist bins=60 sat<0.05=0.0% mean=0.984 p10=0.983 p90=0.985
Iter 0028580: train nll 1.386, valid error 075.600%, best valid error 074.070%, avg grad norm   0.200, avg grad norm (post clip)   0.052, rho_Whh  0.95, Omega  0.00, alpha  4.000, steps in the past 0.000, valid nll 1.386
  [diag] log10|dL/dh_t| hist bins=60 range=(-12.50,-11.50) mean=-12.00 p50=-12.00 p05=-12.00 p95=-12.00
  [diag] sat-dist hist bins=60 sat<0.05=0.0% mean=0.984 p10=0.983 p90=0.985
Iter 0028600: train nll 1.386, valid error 075.510%, best valid error 074.070%, avg grad norm   0.184, avg grad norm (post clip)   0.053, rho_Whh  0.95, Omega  0.00, alpha  4.000, steps in the past 0.000, valid nll 1.386
  [diag] log10|dL/dh_t| hist bins=60 range=(-12.50,-11.50) mean=-12.00 p50=-12.00 p05=-12.00 p95=-12.00
  [diag] sat-dist hist bins=60 sat<0.05=0.0% mean=0.984 p10=0.983 p90=0.985
Iter 0028620: train nll 1.386, valid error 075.600%, best valid error 074.070%, avg grad norm   0.166, avg grad norm (post clip)   0.052, rho_Whh  0.95, Omega  0.00, alpha  4.000, steps in the past 0.000, valid nll 1.386
  [diag] log10|dL/dh_t| hist bins=60 range=(-12.50,-11.50) mean=-12.00 p50=-12.00 p05=-12.00 p95=-12.00
  [diag] sat-dist hist bins=60 sat<0.05=0.0% mean=0.984 p10=0.983 p90=0.985
Iter 0028640: train nll 1.387, valid error 075.630%, best valid error 074.070%, avg grad norm   0.198, avg grad norm (post clip)   0.053, rho_Whh  0.95, Omega  0.00, alpha  4.000, steps in the past 0.000, valid nll 1.386
  [diag] log10|dL/dh_t| hist bins=60 range=(-12.50,-11.50) mean=-12.00 p50=-12.00 p05=-12.00 p95=-12.00
  [diag] sat-dist hist bins=60 sat<0.05=0.0% mean=0.984 p10=0.983 p90=0.985
Iter 0028660: train nll 1.386, valid error 075.430%, best valid error 074.070%, avg grad norm   0.149, avg grad norm (post clip)   0.053, rho_Whh  0.95, Omega  0.00, alpha  4.000, steps in the past 0.000, valid nll 1.386
  [diag] log10|dL/dh_t| hist bins=60 range=(-12.50,-11.50) mean=-12.00 p50=-12.00 p05=-12.00 p95=-12.00
  [diag] sat-dist hist bins=60 sat<0.05=0.0% mean=0.984 p10=0.983 p90=0.984
Iter 0028680: train nll 1.386, valid error 075.180%, best valid error 074.070%, avg grad norm   0.201, avg grad norm (post clip)   0.053, rho_Whh  0.95, Omega  0.00, alpha  4.000, steps in the past 0.000, valid nll 1.386
  [diag] log10|dL/dh_t| hist bins=60 range=(-12.50,-11.50) mean=-12.00 p50=-12.00 p05=-12.00 p95=-12.00
  [diag] sat-dist hist bins=60 sat<0.05=0.0% mean=0.984 p10=0.984 p90=0.985
Iter 0028700: train nll 1.387, valid error 075.370%, best valid error 074.070%, avg grad norm   0.180, avg grad norm (post clip)   0.052, rho_Whh  0.95, Omega  0.00, alpha  4.000, steps in the past 0.000, valid nll 1.386
  [diag] log10|dL/dh_t| hist bins=60 range=(-12.50,-11.50) mean=-12.00 p50=-12.00 p05=-12.00 p95=-12.00
  [diag] sat-dist hist bins=60 sat<0.05=0.0% mean=0.984 p10=0.983 p90=0.985
Iter 0028720: train nll 1.387, valid error 074.940%, best valid error 074.070%, avg grad norm   0.173, avg grad norm (post clip)   0.053, rho_Whh  0.95, Omega  0.00, alpha  4.000, steps in the past 0.000, valid nll 1.386
  [diag] log10|dL/dh_t| hist bins=60 range=(-12.50,-11.50) mean=-12.00 p50=-12.00 p05=-12.00 p95=-12.00
  [diag] sat-dist hist bins=60 sat<0.05=0.0% mean=0.984 p10=0.984 p90=0.985
Iter 0028740: train nll 1.387, valid error 075.200%, best valid error 074.070%, avg grad norm   0.211, avg grad norm (post clip)   0.053, rho_Whh  0.95, Omega  0.00, alpha  4.000, steps in the past 0.000, valid nll 1.386
  [diag] log10|dL/dh_t| hist bins=60 range=(-12.50,-11.50) mean=-12.00 p50=-12.00 p05=-12.00 p95=-12.00
  [diag] sat-dist hist bins=60 sat<0.05=0.0% mean=0.984 p10=0.983 p90=0.985
Iter 0028760: train nll 1.386, valid error 075.210%, best valid error 074.070%, avg grad norm   0.167, avg grad norm (post clip)   0.053, rho_Whh  0.95, Omega  0.00, alpha  4.000, steps in the past 0.000, valid nll 1.386
  [diag] log10|dL/dh_t| hist bins=60 range=(-12.50,-11.50) mean=-12.00 p50=-12.00 p05=-12.00 p95=-12.00
  [diag] sat-dist hist bins=60 sat<0.05=0.0% mean=0.984 p10=0.983 p90=0.985
Iter 0028780: train nll 1.386, valid error 075.220%, best valid error 074.070%, avg grad norm   0.187, avg grad norm (post clip)   0.053, rho_Whh  0.95, Omega  0.00, alpha  4.000, steps in the past 0.000, valid nll 1.386
  [diag] log10|dL/dh_t| hist bins=60 range=(-12.50,-11.50) mean=-12.00 p50=-12.00 p05=-12.00 p95=-12.00
  [diag] sat-dist hist bins=60 sat<0.05=0.0% mean=0.984 p10=0.983 p90=0.985
Iter 0028800: train nll 1.386, valid error 075.220%, best valid error 074.070%, avg grad norm   0.217, avg grad norm (post clip)   0.053, rho_Whh  0.95, Omega  0.00, alpha  4.000, steps in the past 0.000, valid nll 1.386
  [diag] log10|dL/dh_t| hist bins=60 range=(-12.50,-11.50) mean=-12.00 p50=-12.00 p05=-12.00 p95=-12.00
  [diag] sat-dist hist bins=60 sat<0.05=0.0% mean=0.984 p10=0.984 p90=0.985
Iter 0028820: train nll 1.386, valid error 075.220%, best valid error 074.070%, avg grad norm   0.172, avg grad norm (post clip)   0.052, rho_Whh  0.95, Omega  0.00, alpha  4.000, steps in the past 0.000, valid nll 1.386
  [diag] log10|dL/dh_t| hist bins=60 range=(-12.50,-11.50) mean=-12.00 p50=-12.00 p05=-12.00 p95=-12.00
  [diag] sat-dist hist bins=60 sat<0.05=0.0% mean=0.984 p10=0.983 p90=0.985
Iter 0028840: train nll 1.386, valid error 075.220%, best valid error 074.070%, avg grad norm   0.213, avg grad norm (post clip)   0.053, rho_Whh  0.95, Omega  0.00, alpha  4.000, steps in the past 0.000, valid nll 1.386
  [diag] log10|dL/dh_t| hist bins=60 range=(-12.50,-11.50) mean=-12.00 p50=-12.00 p05=-12.00 p95=-12.00
  [diag] sat-dist hist bins=60 sat<0.05=0.0% mean=0.984 p10=0.983 p90=0.985
Iter 0028860: train nll 1.386, valid error 075.220%, best valid error 074.070%, avg grad norm   0.186, avg grad norm (post clip)   0.053, rho_Whh  0.95, Omega  0.00, alpha  4.000, steps in the past 0.000, valid nll 1.386
  [diag] log10|dL/dh_t| hist bins=60 range=(-12.50,-11.50) mean=-12.00 p50=-12.00 p05=-12.00 p95=-12.00
  [diag] sat-dist hist bins=60 sat<0.05=0.0% mean=0.984 p10=0.983 p90=0.984
Iter 0028880: train nll 1.386, valid error 075.230%, best valid error 074.070%, avg grad norm   0.197, avg grad norm (post clip)   0.053, rho_Whh  0.95, Omega  0.00, alpha  4.000, steps in the past 0.000, valid nll 1.386
  [diag] log10|dL/dh_t| hist bins=60 range=(-12.50,-11.50) mean=-12.00 p50=-12.00 p05=-12.00 p95=-12.00
  [diag] sat-dist hist bins=60 sat<0.05=0.0% mean=0.984 p10=0.983 p90=0.985
Iter 0028900: train nll 1.386, valid error 075.220%, best valid error 074.070%, avg grad norm   0.221, avg grad norm (post clip)   0.053, rho_Whh  0.95, Omega  0.00, alpha  4.000, steps in the past 0.000, valid nll 1.386
  [diag] log10|dL/dh_t| hist bins=60 range=(-12.50,-11.50) mean=-12.00 p50=-12.00 p05=-12.00 p95=-12.00
  [diag] sat-dist hist bins=60 sat<0.05=0.0% mean=0.984 p10=0.983 p90=0.984
Iter 0028920: train nll 1.386, valid error 075.220%, best valid error 074.070%, avg grad norm   0.211, avg grad norm (post clip)   0.052, rho_Whh  0.95, Omega  0.00, alpha  4.000, steps in the past 0.000, valid nll 1.386
  [diag] log10|dL/dh_t| hist bins=60 range=(-12.50,-11.50) mean=-12.00 p50=-12.00 p05=-12.00 p95=-12.00
  [diag] sat-dist hist bins=60 sat<0.05=0.0% mean=0.984 p10=0.983 p90=0.984
Iter 0028940: train nll 1.386, valid error 075.220%, best valid error 074.070%, avg grad norm   0.210, avg grad norm (post clip)   0.053, rho_Whh  0.95, Omega  0.00, alpha  4.000, steps in the past 0.000, valid nll 1.386
  [diag] log10|dL/dh_t| hist bins=60 range=(-12.50,-11.50) mean=-12.00 p50=-12.00 p05=-12.00 p95=-12.00
  [diag] sat-dist hist bins=60 sat<0.05=0.0% mean=0.984 p10=0.983 p90=0.984
Iter 0028960: train nll 1.386, valid error 075.220%, best valid error 074.070%, avg grad norm   0.192, avg grad norm (post clip)   0.053, rho_Whh  0.95, Omega  0.00, alpha  4.000, steps in the past 0.000, valid nll 1.386
  [diag] log10|dL/dh_t| hist bins=60 range=(-12.50,-11.50) mean=-12.00 p50=-12.00 p05=-12.00 p95=-12.00
  [diag] sat-dist hist bins=60 sat<0.05=0.0% mean=0.983 p10=0.983 p90=0.984
Iter 0028980: train nll 1.386, valid error 075.240%, best valid error 074.070%, avg grad norm   0.206, avg grad norm (post clip)   0.052, rho_Whh  0.95, Omega  0.00, alpha  4.000, steps in the past 0.000, valid nll 1.386
  [diag] log10|dL/dh_t| hist bins=60 range=(-12.50,-11.50) mean=-12.00 p50=-12.00 p05=-12.00 p95=-12.00
  [diag] sat-dist hist bins=60 sat<0.05=0.0% mean=0.983 p10=0.983 p90=0.984
Iter 0029000: train nll 1.387, valid error 075.210%, best valid error 074.070%, avg grad norm   0.182, avg grad norm (post clip)   0.053, rho_Whh  0.95, Omega  0.00, alpha  4.000, steps in the past 0.000, valid nll 1.386
  [diag] log10|dL/dh_t| hist bins=60 range=(-12.50,-11.50) mean=-12.00 p50=-12.00 p05=-12.00 p95=-12.00
  [diag] sat-dist hist bins=60 sat<0.05=0.0% mean=0.983 p10=0.983 p90=0.984
Iter 0029020: train nll 1.386, valid error 075.200%, best valid error 074.070%, avg grad norm   0.172, avg grad norm (post clip)   0.052, rho_Whh  0.95, Omega  0.00, alpha  4.000, steps in the past 0.000, valid nll 1.386
  [diag] log10|dL/dh_t| hist bins=60 range=(-12.50,-11.50) mean=-12.00 p50=-12.00 p05=-12.00 p95=-12.00
  [diag] sat-dist hist bins=60 sat<0.05=0.0% mean=0.983 p10=0.983 p90=0.984
Iter 0029040: train nll 1.386, valid error 075.120%, best valid error 074.070%, avg grad norm   0.173, avg grad norm (post clip)   0.053, rho_Whh  0.95, Omega  0.00, alpha  4.000, steps in the past 0.000, valid nll 1.386
  [diag] log10|dL/dh_t| hist bins=60 range=(-12.50,-11.50) mean=-12.00 p50=-12.00 p05=-12.00 p95=-12.00
  [diag] sat-dist hist bins=60 sat<0.05=0.0% mean=0.983 p10=0.983 p90=0.984
Iter 0029060: train nll 1.386, valid error 075.050%, best valid error 074.070%, avg grad norm   0.193, avg grad norm (post clip)   0.053, rho_Whh  0.95, Omega  0.00, alpha  4.000, steps in the past 0.000, valid nll 1.386
  [diag] log10|dL/dh_t| hist bins=60 range=(-12.50,-11.50) mean=-12.00 p50=-12.00 p05=-12.00 p95=-12.00
  [diag] sat-dist hist bins=60 sat<0.05=0.0% mean=0.984 p10=0.983 p90=0.984
Iter 0029080: train nll 1.387, valid error 075.130%, best valid error 074.070%, avg grad norm   0.187, avg grad norm (post clip)   0.053, rho_Whh  0.95, Omega  0.00, alpha  4.000, steps in the past 0.000, valid nll 1.386
  [diag] log10|dL/dh_t| hist bins=60 range=(-12.50,-11.50) mean=-12.00 p50=-12.00 p05=-12.00 p95=-12.00
  [diag] sat-dist hist bins=60 sat<0.05=0.0% mean=0.983 p10=0.983 p90=0.984
Iter 0029100: train nll 1.386, valid error 075.240%, best valid error 074.070%, avg grad norm   0.153, avg grad norm (post clip)   0.053, rho_Whh  0.95, Omega  0.00, alpha  4.000, steps in the past 0.000, valid nll 1.386
  [diag] log10|dL/dh_t| hist bins=60 range=(-12.50,-11.50) mean=-12.00 p50=-12.00 p05=-12.00 p95=-12.00
  [diag] sat-dist hist bins=60 sat<0.05=0.0% mean=0.983 p10=0.983 p90=0.984
Iter 0029120: train nll 1.386, valid error 075.200%, best valid error 074.070%, avg grad norm   0.204, avg grad norm (post clip)   0.053, rho_Whh  0.95, Omega  0.00, alpha  4.000, steps in the past 0.000, valid nll 1.386
  [diag] log10|dL/dh_t| hist bins=60 range=(-12.50,-11.50) mean=-12.00 p50=-12.00 p05=-12.00 p95=-12.00
  [diag] sat-dist hist bins=60 sat<0.05=0.0% mean=0.984 p10=0.983 p90=0.984
Iter 0029140: train nll 1.387, valid error 075.230%, best valid error 074.070%, avg grad norm   0.151, avg grad norm (post clip)   0.053, rho_Whh  0.95, Omega  0.00, alpha  4.000, steps in the past 0.000, valid nll 1.386
  [diag] log10|dL/dh_t| hist bins=60 range=(-12.50,-11.50) mean=-12.00 p50=-12.00 p05=-12.00 p95=-12.00
  [diag] sat-dist hist bins=60 sat<0.05=0.0% mean=0.984 p10=0.983 p90=0.984
Iter 0029160: train nll 1.386, valid error 074.810%, best valid error 074.070%, avg grad norm   0.209, avg grad norm (post clip)   0.053, rho_Whh  0.95, Omega  0.00, alpha  4.000, steps in the past 0.000, valid nll 1.386
  [diag] log10|dL/dh_t| hist bins=60 range=(-12.50,-11.50) mean=-12.00 p50=-12.00 p05=-12.00 p95=-12.00
  [diag] sat-dist hist bins=60 sat<0.05=0.0% mean=0.984 p10=0.983 p90=0.984
Iter 0029180: train nll 1.387, valid error 074.750%, best valid error 074.070%, avg grad norm   0.186, avg grad norm (post clip)   0.053, rho_Whh  0.95, Omega  0.00, alpha  4.000, steps in the past 0.000, valid nll 1.386
  [diag] log10|dL/dh_t| hist bins=60 range=(-12.50,-11.50) mean=-12.00 p50=-12.00 p05=-12.00 p95=-12.00
  [diag] sat-dist hist bins=60 sat<0.05=0.0% mean=0.984 p10=0.983 p90=0.985
Iter 0029200: train nll 1.387, valid error 075.320%, best valid error 074.070%, avg grad norm   0.192, avg grad norm (post clip)   0.053, rho_Whh  0.95, Omega  0.00, alpha  4.000, steps in the past 0.000, valid nll 1.386
  [diag] log10|dL/dh_t| hist bins=60 range=(-12.50,-11.50) mean=-12.00 p50=-12.00 p05=-12.00 p95=-12.00
  [diag] sat-dist hist bins=60 sat<0.05=0.0% mean=0.984 p10=0.983 p90=0.985
Iter 0029220: train nll 1.386, valid error 075.170%, best valid error 074.070%, avg grad norm   0.183, avg grad norm (post clip)   0.053, rho_Whh  0.95, Omega  0.00, alpha  4.000, steps in the past 0.000, valid nll 1.386
  [diag] log10|dL/dh_t| hist bins=60 range=(-12.50,-11.50) mean=-12.00 p50=-12.00 p05=-12.00 p95=-12.00
  [diag] sat-dist hist bins=60 sat<0.05=0.0% mean=0.984 p10=0.983 p90=0.985
Iter 0029240: train nll 1.387, valid error 075.020%, best valid error 074.070%, avg grad norm   0.168, avg grad norm (post clip)   0.053, rho_Whh  0.95, Omega  0.00, alpha  4.000, steps in the past 0.000, valid nll 1.386
  [diag] log10|dL/dh_t| hist bins=60 range=(-12.50,-11.50) mean=-12.00 p50=-12.00 p05=-12.00 p95=-12.00
  [diag] sat-dist hist bins=60 sat<0.05=0.0% mean=0.984 p10=0.983 p90=0.985
Iter 0029260: train nll 1.386, valid error 075.120%, best valid error 074.070%, avg grad norm   0.169, avg grad norm (post clip)   0.052, rho_Whh  0.95, Omega  0.00, alpha  4.000, steps in the past 0.000, valid nll 1.386
  [diag] log10|dL/dh_t| hist bins=60 range=(-12.50,-11.50) mean=-12.00 p50=-12.00 p05=-12.00 p95=-12.00
  [diag] sat-dist hist bins=60 sat<0.05=0.0% mean=0.984 p10=0.983 p90=0.985
Iter 0029280: train nll 1.386, valid error 074.830%, best valid error 074.070%, avg grad norm   0.177, avg grad norm (post clip)   0.053, rho_Whh  0.95, Omega  0.00, alpha  4.000, steps in the past 0.000, valid nll 1.386
  [diag] log10|dL/dh_t| hist bins=60 range=(-12.50,-11.50) mean=-12.00 p50=-12.00 p05=-12.00 p95=-12.00
  [diag] sat-dist hist bins=60 sat<0.05=0.0% mean=0.984 p10=0.983 p90=0.985
Iter 0029300: train nll 1.386, valid error 075.110%, best valid error 074.070%, avg grad norm   0.208, avg grad norm (post clip)   0.053, rho_Whh  0.95, Omega  0.00, alpha  4.000, steps in the past 0.000, valid nll 1.386
  [diag] log10|dL/dh_t| hist bins=60 range=(-12.50,-11.50) mean=-12.00 p50=-12.00 p05=-12.00 p95=-12.00
  [diag] sat-dist hist bins=60 sat<0.05=0.0% mean=0.984 p10=0.984 p90=0.985
Iter 0029320: train nll 1.386, valid error 075.170%, best valid error 074.070%, avg grad norm   0.202, avg grad norm (post clip)   0.053, rho_Whh  0.95, Omega  0.00, alpha  4.000, steps in the past 0.000, valid nll 1.386
  [diag] log10|dL/dh_t| hist bins=60 range=(-12.50,-11.50) mean=-12.00 p50=-12.00 p05=-12.00 p95=-12.00
  [diag] sat-dist hist bins=60 sat<0.05=0.0% mean=0.985 p10=0.984 p90=0.985
Iter 0029340: train nll 1.386, valid error 075.420%, best valid error 074.070%, avg grad norm   0.204, avg grad norm (post clip)   0.053, rho_Whh  0.95, Omega  0.00, alpha  4.000, steps in the past 0.000, valid nll 1.386
  [diag] log10|dL/dh_t| hist bins=60 range=(-12.50,-11.50) mean=-12.00 p50=-12.00 p05=-12.00 p95=-12.00
  [diag] sat-dist hist bins=60 sat<0.05=0.0% mean=0.985 p10=0.984 p90=0.985
Iter 0029360: train nll 1.386, valid error 074.710%, best valid error 074.070%, avg grad norm   0.205, avg grad norm (post clip)   0.053, rho_Whh  0.95, Omega  0.00, alpha  4.000, steps in the past 0.000, valid nll 1.386
  [diag] log10|dL/dh_t| hist bins=60 range=(-12.50,-11.50) mean=-12.00 p50=-12.00 p05=-12.00 p95=-12.00
  [diag] sat-dist hist bins=60 sat<0.05=0.0% mean=0.985 p10=0.984 p90=0.985
Iter 0029380: train nll 1.386, valid error 074.780%, best valid error 074.070%, avg grad norm   0.169, avg grad norm (post clip)   0.053, rho_Whh  0.95, Omega  0.00, alpha  4.000, steps in the past 0.000, valid nll 1.386
  [diag] log10|dL/dh_t| hist bins=60 range=(-12.50,-11.50) mean=-12.00 p50=-12.00 p05=-12.00 p95=-12.00
  [diag] sat-dist hist bins=60 sat<0.05=0.0% mean=0.985 p10=0.984 p90=0.985
Iter 0029400: train nll 1.386, valid error 074.810%, best valid error 074.070%, avg grad norm   0.165, avg grad norm (post clip)   0.053, rho_Whh  0.95, Omega  0.00, alpha  4.000, steps in the past 0.000, valid nll 1.386
  [diag] log10|dL/dh_t| hist bins=60 range=(-12.50,-11.50) mean=-12.00 p50=-12.00 p05=-12.00 p95=-12.00
  [diag] sat-dist hist bins=60 sat<0.05=0.0% mean=0.985 p10=0.984 p90=0.985
Iter 0029420: train nll 1.386, valid error 074.970%, best valid error 074.070%, avg grad norm   0.158, avg grad norm (post clip)   0.053, rho_Whh  0.95, Omega  0.00, alpha  4.000, steps in the past 0.000, valid nll 1.386
  [diag] log10|dL/dh_t| hist bins=60 range=(-12.50,-11.50) mean=-12.00 p50=-12.00 p05=-12.00 p95=-12.00
  [diag] sat-dist hist bins=60 sat<0.05=0.0% mean=0.985 p10=0.984 p90=0.985
Iter 0029440: train nll 1.386, valid error 074.940%, best valid error 074.070%, avg grad norm   0.181, avg grad norm (post clip)   0.053, rho_Whh  0.95, Omega  0.00, alpha  4.000, steps in the past 0.000, valid nll 1.386
  [diag] log10|dL/dh_t| hist bins=60 range=(-12.50,-11.50) mean=-12.00 p50=-12.00 p05=-12.00 p95=-12.00
  [diag] sat-dist hist bins=60 sat<0.05=0.0% mean=0.985 p10=0.984 p90=0.985
Iter 0029460: train nll 1.386, valid error 074.980%, best valid error 074.070%, avg grad norm   0.203, avg grad norm (post clip)   0.053, rho_Whh  0.95, Omega  0.00, alpha  4.000, steps in the past 0.000, valid nll 1.386
  [diag] log10|dL/dh_t| hist bins=60 range=(-12.50,-11.50) mean=-12.00 p50=-12.00 p05=-12.00 p95=-12.00
  [diag] sat-dist hist bins=60 sat<0.05=0.0% mean=0.985 p10=0.984 p90=0.985
Iter 0029480: train nll 1.386, valid error 074.380%, best valid error 074.070%, avg grad norm   0.199, avg grad norm (post clip)   0.053, rho_Whh  0.95, Omega  0.00, alpha  4.000, steps in the past 0.000, valid nll 1.386
  [diag] log10|dL/dh_t| hist bins=60 range=(-12.50,-11.50) mean=-12.00 p50=-12.00 p05=-12.00 p95=-12.00
  [diag] sat-dist hist bins=60 sat<0.05=0.0% mean=0.985 p10=0.984 p90=0.985
Iter 0029500: train nll 1.386, valid error 074.470%, best valid error 074.070%, avg grad norm   0.180, avg grad norm (post clip)   0.053, rho_Whh  0.95, Omega  0.00, alpha  4.000, steps in the past 0.000, valid nll 1.386
  [diag] log10|dL/dh_t| hist bins=60 range=(-12.50,-11.50) mean=-12.00 p50=-12.00 p05=-12.00 p95=-12.00
  [diag] sat-dist hist bins=60 sat<0.05=0.0% mean=0.985 p10=0.984 p90=0.985
Iter 0029520: train nll 1.386, valid error 074.480%, best valid error 074.070%, avg grad norm   0.178, avg grad norm (post clip)   0.053, rho_Whh  0.95, Omega  0.00, alpha  4.000, steps in the past 0.000, valid nll 1.386
  [diag] log10|dL/dh_t| hist bins=60 range=(-12.50,-11.50) mean=-12.00 p50=-12.00 p05=-12.00 p95=-12.00
  [diag] sat-dist hist bins=60 sat<0.05=0.0% mean=0.985 p10=0.984 p90=0.985
Iter 0029540: train nll 1.386, valid error 074.600%, best valid error 074.070%, avg grad norm   0.179, avg grad norm (post clip)   0.053, rho_Whh  0.95, Omega  0.00, alpha  4.000, steps in the past 0.000, valid nll 1.386
  [diag] log10|dL/dh_t| hist bins=60 range=(-12.50,-11.50) mean=-12.00 p50=-12.00 p05=-12.00 p95=-12.00
  [diag] sat-dist hist bins=60 sat<0.05=0.0% mean=0.985 p10=0.984 p90=0.985
Iter 0029560: train nll 1.387, valid error 074.400%, best valid error 074.070%, avg grad norm   0.175, avg grad norm (post clip)   0.053, rho_Whh  0.95, Omega  0.00, alpha  4.000, steps in the past 0.000, valid nll 1.386
  [diag] log10|dL/dh_t| hist bins=60 range=(-12.50,-11.50) mean=-12.00 p50=-12.00 p05=-12.00 p95=-12.00
  [diag] sat-dist hist bins=60 sat<0.05=0.0% mean=0.985 p10=0.984 p90=0.986
Iter 0029580: train nll 1.386, valid error 074.390%, best valid error 074.070%, avg grad norm   0.197, avg grad norm (post clip)   0.053, rho_Whh  0.95, Omega  0.00, alpha  4.000, steps in the past 0.000, valid nll 1.386
  [diag] log10|dL/dh_t| hist bins=60 range=(-12.50,-11.50) mean=-12.00 p50=-12.00 p05=-12.00 p95=-12.00
  [diag] sat-dist hist bins=60 sat<0.05=0.0% mean=0.985 p10=0.984 p90=0.985
Iter 0029600: train nll 1.387, valid error 074.370%, best valid error 074.070%, avg grad norm   0.186, avg grad norm (post clip)   0.053, rho_Whh  0.95, Omega  0.00, alpha  4.000, steps in the past 0.000, valid nll 1.386
  [diag] log10|dL/dh_t| hist bins=60 range=(-12.50,-11.50) mean=-12.00 p50=-12.00 p05=-12.00 p95=-12.00
  [diag] sat-dist hist bins=60 sat<0.05=0.0% mean=0.985 p10=0.984 p90=0.985
Iter 0029620: train nll 1.386, valid error 074.360%, best valid error 074.070%, avg grad norm   0.179, avg grad norm (post clip)   0.053, rho_Whh  0.95, Omega  0.00, alpha  4.000, steps in the past 0.000, valid nll 1.386
  [diag] log10|dL/dh_t| hist bins=60 range=(-12.50,-11.50) mean=-12.00 p50=-12.00 p05=-12.00 p95=-12.00
  [diag] sat-dist hist bins=60 sat<0.05=0.0% mean=0.985 p10=0.984 p90=0.985
Iter 0029640: train nll 1.386, valid error 074.310%, best valid error 074.070%, avg grad norm   0.186, avg grad norm (post clip)   0.053, rho_Whh  0.95, Omega  0.00, alpha  4.000, steps in the past 0.000, valid nll 1.386
  [diag] log10|dL/dh_t| hist bins=60 range=(-12.50,-11.50) mean=-12.00 p50=-12.00 p05=-12.00 p95=-12.00
  [diag] sat-dist hist bins=60 sat<0.05=0.0% mean=0.985 p10=0.984 p90=0.985
Iter 0029660: train nll 1.386, valid error 074.270%, best valid error 074.070%, avg grad norm   0.161, avg grad norm (post clip)   0.052, rho_Whh  0.95, Omega  0.00, alpha  4.000, steps in the past 0.000, valid nll 1.386
  [diag] log10|dL/dh_t| hist bins=60 range=(-12.50,-11.50) mean=-12.00 p50=-12.00 p05=-12.00 p95=-12.00
  [diag] sat-dist hist bins=60 sat<0.05=0.0% mean=0.985 p10=0.984 p90=0.985
Iter 0029680: train nll 1.386, valid error 074.470%, best valid error 074.070%, avg grad norm   0.184, avg grad norm (post clip)   0.053, rho_Whh  0.95, Omega  0.00, alpha  4.000, steps in the past 0.000, valid nll 1.386
  [diag] log10|dL/dh_t| hist bins=60 range=(-12.50,-11.50) mean=-12.00 p50=-12.00 p05=-12.00 p95=-12.00
  [diag] sat-dist hist bins=60 sat<0.05=0.0% mean=0.985 p10=0.984 p90=0.985
Iter 0029700: train nll 1.386, valid error 074.850%, best valid error 074.070%, avg grad norm   0.188, avg grad norm (post clip)   0.053, rho_Whh  0.95, Omega  0.00, alpha  4.000, steps in the past 0.000, valid nll 1.386
  [diag] log10|dL/dh_t| hist bins=60 range=(-12.50,-11.50) mean=-12.00 p50=-12.00 p05=-12.00 p95=-12.00
  [diag] sat-dist hist bins=60 sat<0.05=0.0% mean=0.984 p10=0.984 p90=0.985
Iter 0029720: train nll 1.386, valid error 074.850%, best valid error 074.070%, avg grad norm   0.187, avg grad norm (post clip)   0.053, rho_Whh  0.95, Omega  0.00, alpha  4.000, steps in the past 0.000, valid nll 1.386
  [diag] log10|dL/dh_t| hist bins=60 range=(-12.50,-11.50) mean=-12.00 p50=-12.00 p05=-12.00 p95=-12.00
  [diag] sat-dist hist bins=60 sat<0.05=0.0% mean=0.984 p10=0.984 p90=0.985
Iter 0029740: train nll 1.386, valid error 074.850%, best valid error 074.070%, avg grad norm   0.167, avg grad norm (post clip)   0.053, rho_Whh  0.95, Omega  0.00, alpha  4.000, steps in the past 0.000, valid nll 1.386
  [diag] log10|dL/dh_t| hist bins=60 range=(-12.50,-11.50) mean=-12.00 p50=-12.00 p05=-12.00 p95=-12.00
  [diag] sat-dist hist bins=60 sat<0.05=0.0% mean=0.984 p10=0.984 p90=0.985
Iter 0029760: train nll 1.386, valid error 074.890%, best valid error 074.070%, avg grad norm   0.167, avg grad norm (post clip)   0.052, rho_Whh  0.95, Omega  0.00, alpha  4.000, steps in the past 0.000, valid nll 1.386
  [diag] log10|dL/dh_t| hist bins=60 range=(-12.50,-11.50) mean=-12.00 p50=-12.00 p05=-12.00 p95=-12.00
  [diag] sat-dist hist bins=60 sat<0.05=0.0% mean=0.984 p10=0.984 p90=0.985
Iter 0029780: train nll 1.387, valid error 074.890%, best valid error 074.070%, avg grad norm   0.173, avg grad norm (post clip)   0.053, rho_Whh  0.95, Omega  0.00, alpha  4.000, steps in the past 0.000, valid nll 1.386
  [diag] log10|dL/dh_t| hist bins=60 range=(-12.50,-11.50) mean=-12.00 p50=-12.00 p05=-12.00 p95=-12.00
  [diag] sat-dist hist bins=60 sat<0.05=0.0% mean=0.985 p10=0.984 p90=0.985
Iter 0029800: train nll 1.387, valid error 074.940%, best valid error 074.070%, avg grad norm   0.156, avg grad norm (post clip)   0.053, rho_Whh  0.95, Omega  0.00, alpha  4.000, steps in the past 0.000, valid nll 1.386
  [diag] log10|dL/dh_t| hist bins=60 range=(-12.50,-11.50) mean=-12.00 p50=-12.00 p05=-12.00 p95=-12.00
  [diag] sat-dist hist bins=60 sat<0.05=0.0% mean=0.984 p10=0.984 p90=0.985
Iter 0029820: train nll 1.386, valid error 075.140%, best valid error 074.070%, avg grad norm   0.186, avg grad norm (post clip)   0.052, rho_Whh  0.95, Omega  0.00, alpha  4.000, steps in the past 0.000, valid nll 1.386
  [diag] log10|dL/dh_t| hist bins=60 range=(-12.50,-11.50) mean=-12.00 p50=-12.00 p05=-12.00 p95=-12.00
  [diag] sat-dist hist bins=60 sat<0.05=0.0% mean=0.985 p10=0.984 p90=0.985
Iter 0029840: train nll 1.386, valid error 074.950%, best valid error 074.070%, avg grad norm   0.185, avg grad norm (post clip)   0.053, rho_Whh  0.95, Omega  0.00, alpha  4.000, steps in the past 0.000, valid nll 1.386
  [diag] log10|dL/dh_t| hist bins=60 range=(-12.50,-11.50) mean=-12.00 p50=-12.00 p05=-12.00 p95=-12.00
  [diag] sat-dist hist bins=60 sat<0.05=0.0% mean=0.985 p10=0.984 p90=0.985
Iter 0029860: train nll 1.387, valid error 074.370%, best valid error 074.070%, avg grad norm   0.183, avg grad norm (post clip)   0.053, rho_Whh  0.95, Omega  0.00, alpha  4.000, steps in the past 0.000, valid nll 1.386
  [diag] log10|dL/dh_t| hist bins=60 range=(-12.50,-11.50) mean=-12.00 p50=-12.00 p05=-12.00 p95=-12.00
  [diag] sat-dist hist bins=60 sat<0.05=0.0% mean=0.985 p10=0.984 p90=0.985
Iter 0029880: train nll 1.387, valid error 075.090%, best valid error 074.070%, avg grad norm   0.196, avg grad norm (post clip)   0.051, rho_Whh  0.95, Omega  0.00, alpha  4.000, steps in the past 0.000, valid nll 1.386
  [diag] log10|dL/dh_t| hist bins=60 range=(-12.50,-11.50) mean=-12.00 p50=-12.00 p05=-12.00 p95=-12.00
  [diag] sat-dist hist bins=60 sat<0.05=0.0% mean=0.985 p10=0.984 p90=0.985
Iter 0029900: train nll 1.386, valid error 075.000%, best valid error 074.070%, avg grad norm   0.154, avg grad norm (post clip)   0.053, rho_Whh  0.95, Omega  0.00, alpha  4.000, steps in the past 0.000, valid nll 1.386
  [diag] log10|dL/dh_t| hist bins=60 range=(-12.50,-11.50) mean=-12.00 p50=-12.00 p05=-12.00 p95=-12.00
  [diag] sat-dist hist bins=60 sat<0.05=0.0% mean=0.985 p10=0.984 p90=0.985
Iter 0029920: train nll 1.386, valid error 075.260%, best valid error 074.070%, avg grad norm   0.164, avg grad norm (post clip)   0.053, rho_Whh  0.95, Omega  0.00, alpha  4.000, steps in the past 0.000, valid nll 1.386
  [diag] log10|dL/dh_t| hist bins=60 range=(-12.50,-11.50) mean=-12.00 p50=-12.00 p05=-12.00 p95=-12.00
  [diag] sat-dist hist bins=60 sat<0.05=0.0% mean=0.984 p10=0.984 p90=0.985
Iter 0029940: train nll 1.386, valid error 075.430%, best valid error 074.070%, avg grad norm   0.196, avg grad norm (post clip)   0.053, rho_Whh  0.95, Omega  0.00, alpha  4.000, steps in the past 0.000, valid nll 1.386
  [diag] log10|dL/dh_t| hist bins=60 range=(-12.50,-11.50) mean=-12.00 p50=-12.00 p05=-12.00 p95=-12.00
  [diag] sat-dist hist bins=60 sat<0.05=0.0% mean=0.984 p10=0.984 p90=0.985
Iter 0029960: train nll 1.386, valid error 075.030%, best valid error 074.070%, avg grad norm   0.170, avg grad norm (post clip)   0.053, rho_Whh  0.95, Omega  0.00, alpha  4.000, steps in the past 0.000, valid nll 1.386
  [diag] log10|dL/dh_t| hist bins=60 range=(-12.50,-11.50) mean=-12.00 p50=-12.00 p05=-12.00 p95=-12.00
  [diag] sat-dist hist bins=60 sat<0.05=0.0% mean=0.984 p10=0.984 p90=0.985
Iter 0029980: train nll 1.386, valid error 075.230%, best valid error 074.070%, avg grad norm   0.193, avg grad norm (post clip)   0.052, rho_Whh  0.95, Omega  0.00, alpha  4.000, steps in the past 0.000, valid nll 1.386
  [diag] log10|dL/dh_t| hist bins=60 range=(-12.50,-11.50) mean=-12.00 p50=-12.00 p05=-12.00 p95=-12.00
  [diag] sat-dist hist bins=60 sat<0.05=0.0% mean=0.984 p10=0.984 p90=0.985
Iter 0030000: train nll 1.386, valid error 075.230%, best valid error 074.070%, avg grad norm   0.202, avg grad norm (post clip)   0.053, rho_Whh  0.95, Omega  0.00, alpha  4.000, steps in the past 0.000, valid nll 1.386
  [diag] log10|dL/dh_t| hist bins=60 range=(-12.50,-11.50) mean=-12.00 p50=-12.00 p05=-12.00 p95=-12.00
  [diag] sat-dist hist bins=60 sat<0.05=0.0% mean=0.985 p10=0.984 p90=0.985
Iter 0030020: train nll 1.387, valid error 075.120%, best valid error 074.070%, avg grad norm   0.205, avg grad norm (post clip)   0.053, rho_Whh  0.95, Omega  0.00, alpha  4.000, steps in the past 0.000, valid nll 1.386
  [diag] log10|dL/dh_t| hist bins=60 range=(-12.50,-11.50) mean=-12.00 p50=-12.00 p05=-12.00 p95=-12.00
  [diag] sat-dist hist bins=60 sat<0.05=0.0% mean=0.984 p10=0.984 p90=0.985
Iter 0030040: train nll 1.386, valid error 075.250%, best valid error 074.070%, avg grad norm   0.192, avg grad norm (post clip)   0.053, rho_Whh  0.95, Omega  0.00, alpha  4.000, steps in the past 0.000, valid nll 1.386
  [diag] log10|dL/dh_t| hist bins=60 range=(-12.50,-11.50) mean=-12.00 p50=-12.00 p05=-12.00 p95=-12.00
  [diag] sat-dist hist bins=60 sat<0.05=0.0% mean=0.985 p10=0.984 p90=0.985
Iter 0030060: train nll 1.386, valid error 075.030%, best valid error 074.070%, avg grad norm   0.172, avg grad norm (post clip)   0.052, rho_Whh  0.95, Omega  0.00, alpha  4.000, steps in the past 0.000, valid nll 1.386
  [diag] log10|dL/dh_t| hist bins=60 range=(-12.50,-11.50) mean=-12.00 p50=-12.00 p05=-12.00 p95=-12.00
  [diag] sat-dist hist bins=60 sat<0.05=0.0% mean=0.985 p10=0.984 p90=0.985
Iter 0030080: train nll 1.386, valid error 075.180%, best valid error 074.070%, avg grad norm   0.208, avg grad norm (post clip)   0.053, rho_Whh  0.95, Omega  0.00, alpha  4.000, steps in the past 0.000, valid nll 1.386
  [diag] log10|dL/dh_t| hist bins=60 range=(-12.50,-11.50) mean=-12.00 p50=-12.00 p05=-12.00 p95=-12.00
  [diag] sat-dist hist bins=60 sat<0.05=0.0% mean=0.984 p10=0.984 p90=0.985
Iter 0030100: train nll 1.386, valid error 075.310%, best valid error 074.070%, avg grad norm   0.205, avg grad norm (post clip)   0.053, rho_Whh  0.95, Omega  0.00, alpha  4.000, steps in the past 0.000, valid nll 1.386
  [diag] log10|dL/dh_t| hist bins=60 range=(-12.50,-11.50) mean=-12.00 p50=-12.00 p05=-12.00 p95=-12.00
  [diag] sat-dist hist bins=60 sat<0.05=0.0% mean=0.985 p10=0.984 p90=0.985
Iter 0030120: train nll 1.386, valid error 075.140%, best valid error 074.070%, avg grad norm   0.163, avg grad norm (post clip)   0.053, rho_Whh  0.95, Omega  0.00, alpha  4.000, steps in the past 0.000, valid nll 1.386
  [diag] log10|dL/dh_t| hist bins=60 range=(-12.50,-11.50) mean=-12.00 p50=-12.00 p05=-12.00 p95=-12.00
  [diag] sat-dist hist bins=60 sat<0.05=0.0% mean=0.985 p10=0.984 p90=0.985
Iter 0030140: train nll 1.386, valid error 075.090%, best valid error 074.070%, avg grad norm   0.191, avg grad norm (post clip)   0.053, rho_Whh  0.95, Omega  0.00, alpha  4.000, steps in the past 0.000, valid nll 1.386
  [diag] log10|dL/dh_t| hist bins=60 range=(-12.50,-11.50) mean=-12.00 p50=-12.00 p05=-12.00 p95=-12.00
  [diag] sat-dist hist bins=60 sat<0.05=0.0% mean=0.985 p10=0.984 p90=0.985
Iter 0030160: train nll 1.386, valid error 075.090%, best valid error 074.070%, avg grad norm   0.199, avg grad norm (post clip)   0.052, rho_Whh  0.95, Omega  0.00, alpha  4.000, steps in the past 0.000, valid nll 1.386
  [diag] log10|dL/dh_t| hist bins=60 range=(-12.50,-11.50) mean=-12.00 p50=-12.00 p05=-12.00 p95=-12.00
  [diag] sat-dist hist bins=60 sat<0.05=0.0% mean=0.985 p10=0.984 p90=0.985
Iter 0030180: train nll 1.386, valid error 075.180%, best valid error 074.070%, avg grad norm   0.187, avg grad norm (post clip)   0.053, rho_Whh  0.95, Omega  0.00, alpha  4.000, steps in the past 0.000, valid nll 1.386
  [diag] log10|dL/dh_t| hist bins=60 range=(-12.50,-11.50) mean=-12.00 p50=-12.00 p05=-12.00 p95=-12.00
  [diag] sat-dist hist bins=60 sat<0.05=0.0% mean=0.985 p10=0.984 p90=0.985
Iter 0030200: train nll 1.386, valid error 074.960%, best valid error 074.070%, avg grad norm   0.180, avg grad norm (post clip)   0.053, rho_Whh  0.95, Omega  0.00, alpha  4.000, steps in the past 0.000, valid nll 1.386
  [diag] log10|dL/dh_t| hist bins=60 range=(-12.50,-11.50) mean=-12.00 p50=-12.00 p05=-12.00 p95=-12.00
  [diag] sat-dist hist bins=60 sat<0.05=0.0% mean=0.985 p10=0.984 p90=0.985
Iter 0030220: train nll 1.387, valid error 075.100%, best valid error 074.070%, avg grad norm   0.180, avg grad norm (post clip)   0.053, rho_Whh  0.95, Omega  0.00, alpha  4.000, steps in the past 0.000, valid nll 1.386
  [diag] log10|dL/dh_t| hist bins=60 range=(-12.50,-11.50) mean=-12.00 p50=-12.00 p05=-12.00 p95=-12.00
  [diag] sat-dist hist bins=60 sat<0.05=0.0% mean=0.985 p10=0.984 p90=0.985
Iter 0030240: train nll 1.386, valid error 074.850%, best valid error 074.070%, avg grad norm   0.236, avg grad norm (post clip)   0.053, rho_Whh  0.95, Omega  0.00, alpha  4.000, steps in the past 0.000, valid nll 1.386
  [diag] log10|dL/dh_t| hist bins=60 range=(-12.50,-11.50) mean=-12.00 p50=-12.00 p05=-12.00 p95=-12.00
  [diag] sat-dist hist bins=60 sat<0.05=0.0% mean=0.985 p10=0.984 p90=0.985
Iter 0030260: train nll 1.386, valid error 074.950%, best valid error 074.070%, avg grad norm   0.159, avg grad norm (post clip)   0.052, rho_Whh  0.95, Omega  0.00, alpha  4.000, steps in the past 0.000, valid nll 1.386
  [diag] log10|dL/dh_t| hist bins=60 range=(-12.50,-11.50) mean=-12.00 p50=-12.00 p05=-12.00 p95=-12.00
  [diag] sat-dist hist bins=60 sat<0.05=0.0% mean=0.984 p10=0.984 p90=0.985
Iter 0030280: train nll 1.386, valid error 075.210%, best valid error 074.070%, avg grad norm   0.171, avg grad norm (post clip)   0.053, rho_Whh  0.95, Omega  0.00, alpha  4.000, steps in the past 0.000, valid nll 1.386
  [diag] log10|dL/dh_t| hist bins=60 range=(-12.50,-11.50) mean=-12.00 p50=-12.00 p05=-12.00 p95=-12.00
  [diag] sat-dist hist bins=60 sat<0.05=0.0% mean=0.984 p10=0.984 p90=0.985
Iter 0030300: train nll 1.386, valid error 075.260%, best valid error 074.070%, avg grad norm   0.190, avg grad norm (post clip)   0.052, rho_Whh  0.95, Omega  0.00, alpha  4.000, steps in the past 0.000, valid nll 1.386
  [diag] log10|dL/dh_t| hist bins=60 range=(-12.50,-11.50) mean=-12.00 p50=-12.00 p05=-12.00 p95=-12.00
  [diag] sat-dist hist bins=60 sat<0.05=0.0% mean=0.985 p10=0.984 p90=0.985
Iter 0030320: train nll 1.386, valid error 074.880%, best valid error 074.070%, avg grad norm   0.178, avg grad norm (post clip)   0.053, rho_Whh  0.95, Omega  0.00, alpha  4.000, steps in the past 0.000, valid nll 1.386
  [diag] log10|dL/dh_t| hist bins=60 range=(-12.50,-11.50) mean=-12.00 p50=-12.00 p05=-12.00 p95=-12.00
  [diag] sat-dist hist bins=60 sat<0.05=0.0% mean=0.984 p10=0.984 p90=0.985
Iter 0030340: train nll 1.386, valid error 074.980%, best valid error 074.070%, avg grad norm   0.173, avg grad norm (post clip)   0.051, rho_Whh  0.95, Omega  0.00, alpha  4.000, steps in the past 0.000, valid nll 1.386
  [diag] log10|dL/dh_t| hist bins=60 range=(-12.50,-11.50) mean=-12.00 p50=-12.00 p05=-12.00 p95=-12.00
  [diag] sat-dist hist bins=60 sat<0.05=0.0% mean=0.985 p10=0.984 p90=0.985
Iter 0030360: train nll 1.387, valid error 074.930%, best valid error 074.070%, avg grad norm   0.173, avg grad norm (post clip)   0.053, rho_Whh  0.95, Omega  0.00, alpha  4.000, steps in the past 0.000, valid nll 1.386
  [diag] log10|dL/dh_t| hist bins=60 range=(-12.50,-11.50) mean=-12.00 p50=-12.00 p05=-12.00 p95=-12.00
  [diag] sat-dist hist bins=60 sat<0.05=0.0% mean=0.985 p10=0.984 p90=0.985
Iter 0030380: train nll 1.386, valid error 074.950%, best valid error 074.070%, avg grad norm   0.169, avg grad norm (post clip)   0.051, rho_Whh  0.95, Omega  0.00, alpha  4.000, steps in the past 0.000, valid nll 1.386
  [diag] log10|dL/dh_t| hist bins=60 range=(-12.50,-11.50) mean=-12.00 p50=-12.00 p05=-12.00 p95=-12.00
  [diag] sat-dist hist bins=60 sat<0.05=0.0% mean=0.985 p10=0.984 p90=0.986
Iter 0030400: train nll 1.386, valid error 074.820%, best valid error 074.070%, avg grad norm   0.188, avg grad norm (post clip)   0.052, rho_Whh  0.95, Omega  0.00, alpha  4.000, steps in the past 0.000, valid nll 1.386
  [diag] log10|dL/dh_t| hist bins=60 range=(-12.50,-11.50) mean=-12.00 p50=-12.00 p05=-12.00 p95=-12.00
  [diag] sat-dist hist bins=60 sat<0.05=0.0% mean=0.985 p10=0.984 p90=0.986
Iter 0030420: train nll 1.386, valid error 074.510%, best valid error 074.070%, avg grad norm   0.201, avg grad norm (post clip)   0.053, rho_Whh  0.95, Omega  0.00, alpha  4.000, steps in the past 0.000, valid nll 1.386
  [diag] log10|dL/dh_t| hist bins=60 range=(-12.50,-11.50) mean=-12.00 p50=-12.00 p05=-12.00 p95=-12.00
  [diag] sat-dist hist bins=60 sat<0.05=0.0% mean=0.985 p10=0.984 p90=0.986
Iter 0030440: train nll 1.386, valid error 074.410%, best valid error 074.070%, avg grad norm   0.212, avg grad norm (post clip)   0.053, rho_Whh  0.95, Omega  0.00, alpha  4.000, steps in the past 0.000, valid nll 1.386
  [diag] log10|dL/dh_t| hist bins=60 range=(-12.50,-11.50) mean=-12.00 p50=-12.00 p05=-12.00 p95=-12.00
  [diag] sat-dist hist bins=60 sat<0.05=0.0% mean=0.985 p10=0.984 p90=0.986
Iter 0030460: train nll 1.386, valid error 074.460%, best valid error 074.070%, avg grad norm   0.184, avg grad norm (post clip)   0.053, rho_Whh  0.95, Omega  0.00, alpha  4.000, steps in the past 0.000, valid nll 1.386
  [diag] log10|dL/dh_t| hist bins=60 range=(-12.50,-11.50) mean=-12.00 p50=-12.00 p05=-12.00 p95=-12.00
  [diag] sat-dist hist bins=60 sat<0.05=0.0% mean=0.985 p10=0.984 p90=0.986
Iter 0030480: train nll 1.386, valid error 074.510%, best valid error 074.070%, avg grad norm   0.183, avg grad norm (post clip)   0.053, rho_Whh  0.95, Omega  0.00, alpha  4.000, steps in the past 0.000, valid nll 1.386
  [diag] log10|dL/dh_t| hist bins=60 range=(-12.50,-11.50) mean=-12.00 p50=-12.00 p05=-12.00 p95=-12.00
  [diag] sat-dist hist bins=60 sat<0.05=0.0% mean=0.985 p10=0.984 p90=0.986
Iter 0030500: train nll 1.386, valid error 074.480%, best valid error 074.070%, avg grad norm   0.185, avg grad norm (post clip)   0.053, rho_Whh  0.95, Omega  0.00, alpha  4.000, steps in the past 0.000, valid nll 1.386
  [diag] log10|dL/dh_t| hist bins=60 range=(-12.50,-11.50) mean=-12.00 p50=-12.00 p05=-12.00 p95=-12.00
  [diag] sat-dist hist bins=60 sat<0.05=0.0% mean=0.985 p10=0.984 p90=0.985
Iter 0030520: train nll 1.386, valid error 074.860%, best valid error 074.070%, avg grad norm   0.177, avg grad norm (post clip)   0.053, rho_Whh  0.95, Omega  0.00, alpha  4.000, steps in the past 0.000, valid nll 1.386
  [diag] log10|dL/dh_t| hist bins=60 range=(-12.50,-11.50) mean=-12.00 p50=-12.00 p05=-12.00 p95=-12.00
  [diag] sat-dist hist bins=60 sat<0.05=0.0% mean=0.985 p10=0.984 p90=0.985
Iter 0030540: train nll 1.386, valid error 074.820%, best valid error 074.070%, avg grad norm   0.179, avg grad norm (post clip)   0.053, rho_Whh  0.95, Omega  0.00, alpha  4.000, steps in the past 0.000, valid nll 1.386
  [diag] log10|dL/dh_t| hist bins=60 range=(-12.50,-11.50) mean=-12.00 p50=-12.00 p05=-12.00 p95=-12.00
  [diag] sat-dist hist bins=60 sat<0.05=0.0% mean=0.985 p10=0.984 p90=0.985
Iter 0030560: train nll 1.386, valid error 074.860%, best valid error 074.070%, avg grad norm   0.163, avg grad norm (post clip)   0.053, rho_Whh  0.95, Omega  0.00, alpha  4.000, steps in the past 0.000, valid nll 1.386
  [diag] log10|dL/dh_t| hist bins=60 range=(-12.50,-11.50) mean=-12.00 p50=-12.00 p05=-12.00 p95=-12.00
  [diag] sat-dist hist bins=60 sat<0.05=0.0% mean=0.985 p10=0.984 p90=0.985
Iter 0030580: train nll 1.386, valid error 075.280%, best valid error 074.070%, avg grad norm   0.168, avg grad norm (post clip)   0.052, rho_Whh  0.95, Omega  0.00, alpha  4.000, steps in the past 0.000, valid nll 1.386
  [diag] log10|dL/dh_t| hist bins=60 range=(-12.50,-11.50) mean=-12.00 p50=-12.00 p05=-12.00 p95=-12.00
  [diag] sat-dist hist bins=60 sat<0.05=0.0% mean=0.985 p10=0.984 p90=0.985
Iter 0030600: train nll 1.386, valid error 074.970%, best valid error 074.070%, avg grad norm   0.190, avg grad norm (post clip)   0.052, rho_Whh  0.95, Omega  0.00, alpha  4.000, steps in the past 0.000, valid nll 1.386
  [diag] log10|dL/dh_t| hist bins=60 range=(-12.50,-11.50) mean=-12.00 p50=-12.00 p05=-12.00 p95=-12.00
  [diag] sat-dist hist bins=60 sat<0.05=0.0% mean=0.985 p10=0.984 p90=0.985
Iter 0030620: train nll 1.386, valid error 075.140%, best valid error 074.070%, avg grad norm   0.167, avg grad norm (post clip)   0.053, rho_Whh  0.95, Omega  0.00, alpha  4.000, steps in the past 0.000, valid nll 1.386
  [diag] log10|dL/dh_t| hist bins=60 range=(-12.50,-11.50) mean=-12.00 p50=-12.00 p05=-12.00 p95=-12.00
  [diag] sat-dist hist bins=60 sat<0.05=0.0% mean=0.985 p10=0.984 p90=0.985
Iter 0030640: train nll 1.386, valid error 075.300%, best valid error 074.070%, avg grad norm   0.165, avg grad norm (post clip)   0.053, rho_Whh  0.95, Omega  0.00, alpha  4.000, steps in the past 0.000, valid nll 1.386
  [diag] log10|dL/dh_t| hist bins=60 range=(-12.50,-11.50) mean=-12.00 p50=-12.00 p05=-12.00 p95=-12.00
  [diag] sat-dist hist bins=60 sat<0.05=0.0% mean=0.984 p10=0.984 p90=0.985
Iter 0030660: train nll 1.386, valid error 075.080%, best valid error 074.070%, avg grad norm   0.157, avg grad norm (post clip)   0.053, rho_Whh  0.95, Omega  0.00, alpha  4.000, steps in the past 0.000, valid nll 1.386
  [diag] log10|dL/dh_t| hist bins=60 range=(-12.50,-11.50) mean=-12.00 p50=-12.00 p05=-12.00 p95=-12.00
  [diag] sat-dist hist bins=60 sat<0.05=0.0% mean=0.985 p10=0.984 p90=0.985
Iter 0030680: train nll 1.386, valid error 075.140%, best valid error 074.070%, avg grad norm   0.173, avg grad norm (post clip)   0.052, rho_Whh  0.95, Omega  0.00, alpha  4.000, steps in the past 0.000, valid nll 1.386
  [diag] log10|dL/dh_t| hist bins=60 range=(-12.50,-11.50) mean=-12.00 p50=-12.00 p05=-12.00 p95=-12.00
  [diag] sat-dist hist bins=60 sat<0.05=0.0% mean=0.985 p10=0.984 p90=0.985
Iter 0030700: train nll 1.386, valid error 074.990%, best valid error 074.070%, avg grad norm   0.190, avg grad norm (post clip)   0.053, rho_Whh  0.95, Omega  0.00, alpha  4.000, steps in the past 0.000, valid nll 1.386
  [diag] log10|dL/dh_t| hist bins=60 range=(-12.50,-11.50) mean=-12.00 p50=-12.00 p05=-12.00 p95=-12.00
  [diag] sat-dist hist bins=60 sat<0.05=0.0% mean=0.985 p10=0.984 p90=0.985
Iter 0030720: train nll 1.386, valid error 075.190%, best valid error 074.070%, avg grad norm   0.186, avg grad norm (post clip)   0.051, rho_Whh  0.95, Omega  0.00, alpha  4.000, steps in the past 0.000, valid nll 1.386
  [diag] log10|dL/dh_t| hist bins=60 range=(-12.50,-11.50) mean=-12.00 p50=-12.00 p05=-12.00 p95=-12.00
  [diag] sat-dist hist bins=60 sat<0.05=0.0% mean=0.985 p10=0.984 p90=0.985
Iter 0030740: train nll 1.386, valid error 074.910%, best valid error 074.070%, avg grad norm   0.174, avg grad norm (post clip)   0.051, rho_Whh  0.95, Omega  0.00, alpha  4.000, steps in the past 0.000, valid nll 1.386
  [diag] log10|dL/dh_t| hist bins=60 range=(-12.50,-11.50) mean=-12.00 p50=-12.00 p05=-12.00 p95=-12.00
  [diag] sat-dist hist bins=60 sat<0.05=0.0% mean=0.985 p10=0.984 p90=0.985
Iter 0030760: train nll 1.386, valid error 075.020%, best valid error 074.070%, avg grad norm   0.168, avg grad norm (post clip)   0.052, rho_Whh  0.95, Omega  0.00, alpha  4.000, steps in the past 0.000, valid nll 1.386
  [diag] log10|dL/dh_t| hist bins=60 range=(-12.50,-11.50) mean=-12.00 p50=-12.00 p05=-12.00 p95=-12.00
  [diag] sat-dist hist bins=60 sat<0.05=0.0% mean=0.985 p10=0.984 p90=0.985
Iter 0030780: train nll 1.387, valid error 075.200%, best valid error 074.070%, avg grad norm   0.198, avg grad norm (post clip)   0.053, rho_Whh  0.95, Omega  0.00, alpha  4.000, steps in the past 0.000, valid nll 1.386
  [diag] log10|dL/dh_t| hist bins=60 range=(-12.50,-11.50) mean=-12.00 p50=-12.00 p05=-12.00 p95=-12.00
  [diag] sat-dist hist bins=60 sat<0.05=0.0% mean=0.985 p10=0.984 p90=0.985
Iter 0030800: train nll 1.386, valid error 075.190%, best valid error 074.070%, avg grad norm   0.199, avg grad norm (post clip)   0.052, rho_Whh  0.95, Omega  0.00, alpha  4.000, steps in the past 0.000, valid nll 1.386
  [diag] log10|dL/dh_t| hist bins=60 range=(-12.50,-11.50) mean=-12.00 p50=-12.00 p05=-12.00 p95=-12.00
  [diag] sat-dist hist bins=60 sat<0.05=0.0% mean=0.984 p10=0.984 p90=0.985
Iter 0030820: train nll 1.386, valid error 075.070%, best valid error 074.070%, avg grad norm   0.149, avg grad norm (post clip)   0.053, rho_Whh  0.95, Omega  0.00, alpha  4.000, steps in the past 0.000, valid nll 1.386
  [diag] log10|dL/dh_t| hist bins=60 range=(-12.50,-11.50) mean=-12.00 p50=-12.00 p05=-12.00 p95=-12.00
  [diag] sat-dist hist bins=60 sat<0.05=0.0% mean=0.984 p10=0.984 p90=0.985
Iter 0030840: train nll 1.387, valid error 075.030%, best valid error 074.070%, avg grad norm   0.176, avg grad norm (post clip)   0.053, rho_Whh  0.95, Omega  0.00, alpha  4.000, steps in the past 0.000, valid nll 1.386
  [diag] log10|dL/dh_t| hist bins=60 range=(-12.50,-11.50) mean=-12.00 p50=-12.00 p05=-12.00 p95=-12.00
  [diag] sat-dist hist bins=60 sat<0.05=0.0% mean=0.984 p10=0.984 p90=0.985
Iter 0030860: train nll 1.386, valid error 075.260%, best valid error 074.070%, avg grad norm   0.198, avg grad norm (post clip)   0.053, rho_Whh  0.95, Omega  0.00, alpha  4.000, steps in the past 0.000, valid nll 1.386
  [diag] log10|dL/dh_t| hist bins=60 range=(-12.50,-11.50) mean=-12.00 p50=-12.00 p05=-12.00 p95=-12.00
  [diag] sat-dist hist bins=60 sat<0.05=0.0% mean=0.984 p10=0.984 p90=0.985
Iter 0030880: train nll 1.386, valid error 075.220%, best valid error 074.070%, avg grad norm   0.169, avg grad norm (post clip)   0.053, rho_Whh  0.95, Omega  0.00, alpha  4.000, steps in the past 0.000, valid nll 1.386
  [diag] log10|dL/dh_t| hist bins=60 range=(-12.50,-11.50) mean=-12.00 p50=-12.00 p05=-12.00 p95=-12.00
  [diag] sat-dist hist bins=60 sat<0.05=0.0% mean=0.984 p10=0.984 p90=0.985
Iter 0030900: train nll 1.386, valid error 075.020%, best valid error 074.070%, avg grad norm   0.184, avg grad norm (post clip)   0.053, rho_Whh  0.95, Omega  0.00, alpha  4.000, steps in the past 0.000, valid nll 1.386
  [diag] log10|dL/dh_t| hist bins=60 range=(-12.50,-11.50) mean=-12.00 p50=-12.00 p05=-12.00 p95=-12.00
  [diag] sat-dist hist bins=60 sat<0.05=0.0% mean=0.984 p10=0.984 p90=0.985
Iter 0030920: train nll 1.386, valid error 075.370%, best valid error 074.070%, avg grad norm   0.191, avg grad norm (post clip)   0.053, rho_Whh  0.95, Omega  0.00, alpha  4.000, steps in the past 0.000, valid nll 1.386
  [diag] log10|dL/dh_t| hist bins=60 range=(-12.50,-11.50) mean=-12.00 p50=-12.00 p05=-12.00 p95=-12.00
  [diag] sat-dist hist bins=60 sat<0.05=0.0% mean=0.984 p10=0.984 p90=0.985
Iter 0030940: train nll 1.386, valid error 075.060%, best valid error 074.070%, avg grad norm   0.167, avg grad norm (post clip)   0.053, rho_Whh  0.95, Omega  0.00, alpha  4.000, steps in the past 0.000, valid nll 1.386
  [diag] log10|dL/dh_t| hist bins=60 range=(-12.50,-11.50) mean=-12.00 p50=-12.00 p05=-12.00 p95=-12.00
  [diag] sat-dist hist bins=60 sat<0.05=0.0% mean=0.984 p10=0.984 p90=0.985
Iter 0030960: train nll 1.386, valid error 074.750%, best valid error 074.070%, avg grad norm   0.185, avg grad norm (post clip)   0.052, rho_Whh  0.95, Omega  0.00, alpha  4.000, steps in the past 0.000, valid nll 1.386
  [diag] log10|dL/dh_t| hist bins=60 range=(-12.50,-11.50) mean=-12.00 p50=-12.00 p05=-12.00 p95=-12.00
  [diag] sat-dist hist bins=60 sat<0.05=0.0% mean=0.984 p10=0.984 p90=0.985
Iter 0030980: train nll 1.386, valid error 075.030%, best valid error 074.070%, avg grad norm   0.180, avg grad norm (post clip)   0.053, rho_Whh  0.95, Omega  0.00, alpha  4.000, steps in the past 0.000, valid nll 1.386
  [diag] log10|dL/dh_t| hist bins=60 range=(-12.50,-11.50) mean=-12.00 p50=-12.00 p05=-12.00 p95=-12.00
  [diag] sat-dist hist bins=60 sat<0.05=0.0% mean=0.985 p10=0.984 p90=0.985
Iter 0031000: train nll 1.386, valid error 075.570%, best valid error 074.070%, avg grad norm   0.204, avg grad norm (post clip)   0.053, rho_Whh  0.95, Omega  0.00, alpha  4.000, steps in the past 0.000, valid nll 1.386
  [diag] log10|dL/dh_t| hist bins=60 range=(-12.50,-11.50) mean=-12.00 p50=-12.00 p05=-12.00 p95=-12.00
  [diag] sat-dist hist bins=60 sat<0.05=0.0% mean=0.984 p10=0.984 p90=0.985
Iter 0031020: train nll 1.386, valid error 075.270%, best valid error 074.070%, avg grad norm   0.191, avg grad norm (post clip)   0.053, rho_Whh  0.95, Omega  0.00, alpha  4.000, steps in the past 0.000, valid nll 1.386
  [diag] log10|dL/dh_t| hist bins=60 range=(-12.50,-11.50) mean=-12.00 p50=-12.00 p05=-12.00 p95=-12.00
  [diag] sat-dist hist bins=60 sat<0.05=0.0% mean=0.985 p10=0.984 p90=0.985
Iter 0031040: train nll 1.386, valid error 075.160%, best valid error 074.070%, avg grad norm   0.160, avg grad norm (post clip)   0.053, rho_Whh  0.95, Omega  0.00, alpha  4.000, steps in the past 0.000, valid nll 1.386
  [diag] log10|dL/dh_t| hist bins=60 range=(-12.50,-11.50) mean=-12.00 p50=-12.00 p05=-12.00 p95=-12.00
  [diag] sat-dist hist bins=60 sat<0.05=0.0% mean=0.985 p10=0.984 p90=0.985
Iter 0031060: train nll 1.386, valid error 075.540%, best valid error 074.070%, avg grad norm   0.180, avg grad norm (post clip)   0.053, rho_Whh  0.95, Omega  0.00, alpha  4.000, steps in the past 0.000, valid nll 1.386
  [diag] log10|dL/dh_t| hist bins=60 range=(-12.50,-11.50) mean=-12.00 p50=-12.00 p05=-12.00 p95=-12.00
  [diag] sat-dist hist bins=60 sat<0.05=0.0% mean=0.985 p10=0.984 p90=0.985
Iter 0031080: train nll 1.386, valid error 075.470%, best valid error 074.070%, avg grad norm   0.199, avg grad norm (post clip)   0.053, rho_Whh  0.95, Omega  0.00, alpha  4.000, steps in the past 0.000, valid nll 1.386
  [diag] log10|dL/dh_t| hist bins=60 range=(-12.50,-11.50) mean=-12.00 p50=-12.00 p05=-12.00 p95=-12.00
  [diag] sat-dist hist bins=60 sat<0.05=0.0% mean=0.985 p10=0.984 p90=0.985
Iter 0031100: train nll 1.386, valid error 075.420%, best valid error 074.070%, avg grad norm   0.189, avg grad norm (post clip)   0.053, rho_Whh  0.95, Omega  0.00, alpha  4.000, steps in the past 0.000, valid nll 1.386
  [diag] log10|dL/dh_t| hist bins=60 range=(-12.50,-11.50) mean=-12.00 p50=-12.00 p05=-12.00 p95=-12.00
  [diag] sat-dist hist bins=60 sat<0.05=0.0% mean=0.985 p10=0.984 p90=0.986
Iter 0031120: train nll 1.386, valid error 074.480%, best valid error 074.070%, avg grad norm   0.179, avg grad norm (post clip)   0.053, rho_Whh  0.95, Omega  0.00, alpha  4.000, steps in the past 0.000, valid nll 1.386
  [diag] log10|dL/dh_t| hist bins=60 range=(-12.50,-11.50) mean=-12.00 p50=-12.00 p05=-12.00 p95=-12.00
  [diag] sat-dist hist bins=60 sat<0.05=0.0% mean=0.985 p10=0.984 p90=0.986
Iter 0031140: train nll 1.386, valid error 074.420%, best valid error 074.070%, avg grad norm   0.188, avg grad norm (post clip)   0.053, rho_Whh  0.95, Omega  0.00, alpha  4.000, steps in the past 0.000, valid nll 1.386
  [diag] log10|dL/dh_t| hist bins=60 range=(-12.50,-11.50) mean=-12.00 p50=-12.00 p05=-12.00 p95=-12.00
  [diag] sat-dist hist bins=60 sat<0.05=0.0% mean=0.985 p10=0.984 p90=0.986
Iter 0031160: train nll 1.386, valid error 075.250%, best valid error 074.070%, avg grad norm   0.168, avg grad norm (post clip)   0.053, rho_Whh  0.95, Omega  0.00, alpha  4.000, steps in the past 0.000, valid nll 1.386
  [diag] log10|dL/dh_t| hist bins=60 range=(-12.50,-11.50) mean=-12.00 p50=-12.00 p05=-12.00 p95=-12.00
  [diag] sat-dist hist bins=60 sat<0.05=0.0% mean=0.985 p10=0.984 p90=0.986
Iter 0031180: train nll 1.386, valid error 075.240%, best valid error 074.070%, avg grad norm   0.184, avg grad norm (post clip)   0.053, rho_Whh  0.95, Omega  0.00, alpha  4.000, steps in the past 0.000, valid nll 1.386
  [diag] log10|dL/dh_t| hist bins=60 range=(-12.50,-11.50) mean=-12.00 p50=-12.00 p05=-12.00 p95=-12.00
  [diag] sat-dist hist bins=60 sat<0.05=0.0% mean=0.985 p10=0.985 p90=0.986
Iter 0031200: train nll 1.386, valid error 075.160%, best valid error 074.070%, avg grad norm   0.182, avg grad norm (post clip)   0.052, rho_Whh  0.95, Omega  0.00, alpha  4.000, steps in the past 0.000, valid nll 1.386
  [diag] log10|dL/dh_t| hist bins=60 range=(-12.50,-11.50) mean=-12.00 p50=-12.00 p05=-12.00 p95=-12.00
  [diag] sat-dist hist bins=60 sat<0.05=0.0% mean=0.985 p10=0.984 p90=0.986
Iter 0031220: train nll 1.387, valid error 075.370%, best valid error 074.070%, avg grad norm   0.186, avg grad norm (post clip)   0.053, rho_Whh  0.95, Omega  0.00, alpha  4.000, steps in the past 0.000, valid nll 1.386
  [diag] log10|dL/dh_t| hist bins=60 range=(-12.50,-11.50) mean=-12.00 p50=-12.00 p05=-12.00 p95=-12.00
  [diag] sat-dist hist bins=60 sat<0.05=0.0% mean=0.985 p10=0.985 p90=0.986
Iter 0031240: train nll 1.386, valid error 075.390%, best valid error 074.070%, avg grad norm   0.156, avg grad norm (post clip)   0.052, rho_Whh  0.95, Omega  0.00, alpha  4.000, steps in the past 0.000, valid nll 1.386
  [diag] log10|dL/dh_t| hist bins=60 range=(-12.50,-11.50) mean=-12.00 p50=-12.00 p05=-12.00 p95=-12.00
  [diag] sat-dist hist bins=60 sat<0.05=0.0% mean=0.985 p10=0.984 p90=0.986
Iter 0031260: train nll 1.386, valid error 075.220%, best valid error 074.070%, avg grad norm   0.175, avg grad norm (post clip)   0.052, rho_Whh  0.95, Omega  0.00, alpha  4.000, steps in the past 0.000, valid nll 1.386
  [diag] log10|dL/dh_t| hist bins=60 range=(-12.50,-11.50) mean=-12.00 p50=-12.00 p05=-12.00 p95=-12.00
  [diag] sat-dist hist bins=60 sat<0.05=0.0% mean=0.985 p10=0.984 p90=0.986
Iter 0031280: train nll 1.386, valid error 074.860%, best valid error 074.070%, avg grad norm   0.188, avg grad norm (post clip)   0.052, rho_Whh  0.95, Omega  0.00, alpha  4.000, steps in the past 0.000, valid nll 1.386
  [diag] log10|dL/dh_t| hist bins=60 range=(-12.50,-11.50) mean=-12.00 p50=-12.00 p05=-12.00 p95=-12.00
  [diag] sat-dist hist bins=60 sat<0.05=0.0% mean=0.985 p10=0.985 p90=0.986
Iter 0031300: train nll 1.386, valid error 074.890%, best valid error 074.070%, avg grad norm   0.191, avg grad norm (post clip)   0.052, rho_Whh  0.95, Omega  0.00, alpha  4.000, steps in the past 0.000, valid nll 1.386
  [diag] log10|dL/dh_t| hist bins=60 range=(-12.50,-11.50) mean=-12.00 p50=-12.00 p05=-12.00 p95=-12.00
  [diag] sat-dist hist bins=60 sat<0.05=0.0% mean=0.985 p10=0.985 p90=0.986
Iter 0031320: train nll 1.386, valid error 075.160%, best valid error 074.070%, avg grad norm   0.196, avg grad norm (post clip)   0.053, rho_Whh  0.95, Omega  0.00, alpha  4.000, steps in the past 0.000, valid nll 1.386
  [diag] log10|dL/dh_t| hist bins=60 range=(-12.50,-11.50) mean=-12.00 p50=-12.00 p05=-12.00 p95=-12.00
  [diag] sat-dist hist bins=60 sat<0.05=0.0% mean=0.985 p10=0.985 p90=0.986
Iter 0031340: train nll 1.387, valid error 075.370%, best valid error 074.070%, avg grad norm   0.167, avg grad norm (post clip)   0.053, rho_Whh  0.95, Omega  0.00, alpha  4.000, steps in the past 0.000, valid nll 1.386
  [diag] log10|dL/dh_t| hist bins=60 range=(-12.50,-11.50) mean=-12.00 p50=-12.00 p05=-12.00 p95=-12.00
  [diag] sat-dist hist bins=60 sat<0.05=0.0% mean=0.985 p10=0.985 p90=0.986
Iter 0031360: train nll 1.386, valid error 075.300%, best valid error 074.070%, avg grad norm   0.172, avg grad norm (post clip)   0.053, rho_Whh  0.95, Omega  0.00, alpha  4.000, steps in the past 0.000, valid nll 1.386
  [diag] log10|dL/dh_t| hist bins=60 range=(-12.50,-11.50) mean=-12.00 p50=-12.00 p05=-12.00 p95=-12.00
  [diag] sat-dist hist bins=60 sat<0.05=0.0% mean=0.985 p10=0.985 p90=0.986
Iter 0031380: train nll 1.386, valid error 075.370%, best valid error 074.070%, avg grad norm   0.200, avg grad norm (post clip)   0.053, rho_Whh  0.95, Omega  0.00, alpha  4.000, steps in the past 0.000, valid nll 1.386
  [diag] log10|dL/dh_t| hist bins=60 range=(-12.50,-11.50) mean=-12.00 p50=-12.00 p05=-12.00 p95=-12.00
  [diag] sat-dist hist bins=60 sat<0.05=0.0% mean=0.985 p10=0.985 p90=0.986
Iter 0031400: train nll 1.386, valid error 075.320%, best valid error 074.070%, avg grad norm   0.184, avg grad norm (post clip)   0.053, rho_Whh  0.95, Omega  0.00, alpha  4.000, steps in the past 0.000, valid nll 1.386
  [diag] log10|dL/dh_t| hist bins=60 range=(-12.50,-11.50) mean=-12.00 p50=-12.00 p05=-12.00 p95=-12.00
  [diag] sat-dist hist bins=60 sat<0.05=0.0% mean=0.985 p10=0.985 p90=0.986
Iter 0031420: train nll 1.386, valid error 075.340%, best valid error 074.070%, avg grad norm   0.166, avg grad norm (post clip)   0.053, rho_Whh  0.95, Omega  0.00, alpha  4.000, steps in the past 0.000, valid nll 1.386
  [diag] log10|dL/dh_t| hist bins=60 range=(-12.50,-11.50) mean=-12.00 p50=-12.00 p05=-12.00 p95=-12.00
  [diag] sat-dist hist bins=60 sat<0.05=0.0% mean=0.985 p10=0.985 p90=0.986
Iter 0031440: train nll 1.386, valid error 075.370%, best valid error 074.070%, avg grad norm   0.170, avg grad norm (post clip)   0.053, rho_Whh  0.95, Omega  0.00, alpha  4.000, steps in the past 0.000, valid nll 1.386
  [diag] log10|dL/dh_t| hist bins=60 range=(-12.50,-11.50) mean=-12.00 p50=-12.00 p05=-12.00 p95=-12.00
  [diag] sat-dist hist bins=60 sat<0.05=0.0% mean=0.985 p10=0.985 p90=0.986
Iter 0031460: train nll 1.386, valid error 075.200%, best valid error 074.070%, avg grad norm   0.174, avg grad norm (post clip)   0.053, rho_Whh  0.95, Omega  0.00, alpha  4.000, steps in the past 0.000, valid nll 1.386
  [diag] log10|dL/dh_t| hist bins=60 range=(-12.50,-11.50) mean=-12.00 p50=-12.00 p05=-12.00 p95=-12.00
  [diag] sat-dist hist bins=60 sat<0.05=0.0% mean=0.985 p10=0.985 p90=0.986
Iter 0031480: train nll 1.386, valid error 075.180%, best valid error 074.070%, avg grad norm   0.178, avg grad norm (post clip)   0.053, rho_Whh  0.95, Omega  0.00, alpha  4.000, steps in the past 0.000, valid nll 1.386
  [diag] log10|dL/dh_t| hist bins=60 range=(-12.50,-11.50) mean=-12.00 p50=-12.00 p05=-12.00 p95=-12.00
  [diag] sat-dist hist bins=60 sat<0.05=0.0% mean=0.985 p10=0.984 p90=0.986
Iter 0031500: train nll 1.387, valid error 075.450%, best valid error 074.070%, avg grad norm   0.197, avg grad norm (post clip)   0.053, rho_Whh  0.95, Omega  0.00, alpha  4.000, steps in the past 0.000, valid nll 1.386
  [diag] log10|dL/dh_t| hist bins=60 range=(-12.50,-11.50) mean=-12.00 p50=-12.00 p05=-12.00 p95=-12.00
  [diag] sat-dist hist bins=60 sat<0.05=0.0% mean=0.985 p10=0.984 p90=0.986
Iter 0031520: train nll 1.387, valid error 075.030%, best valid error 074.070%, avg grad norm   0.208, avg grad norm (post clip)   0.053, rho_Whh  0.95, Omega  0.00, alpha  4.000, steps in the past 0.000, valid nll 1.386
  [diag] log10|dL/dh_t| hist bins=60 range=(-12.50,-11.50) mean=-12.00 p50=-12.00 p05=-12.00 p95=-12.00
  [diag] sat-dist hist bins=60 sat<0.05=0.0% mean=0.985 p10=0.984 p90=0.986
Iter 0031540: train nll 1.386, valid error 074.420%, best valid error 074.070%, avg grad norm   0.167, avg grad norm (post clip)   0.053, rho_Whh  0.95, Omega  0.00, alpha  4.000, steps in the past 0.000, valid nll 1.386
  [diag] log10|dL/dh_t| hist bins=60 range=(-12.50,-11.50) mean=-12.00 p50=-12.00 p05=-12.00 p95=-12.00
  [diag] sat-dist hist bins=60 sat<0.05=0.0% mean=0.985 p10=0.984 p90=0.986
Iter 0031560: train nll 1.386, valid error 074.230%, best valid error 074.070%, avg grad norm   0.169, avg grad norm (post clip)   0.052, rho_Whh  0.95, Omega  0.00, alpha  4.000, steps in the past 0.000, valid nll 1.386
  [diag] log10|dL/dh_t| hist bins=60 range=(-12.50,-11.50) mean=-12.00 p50=-12.00 p05=-12.00 p95=-12.00
  [diag] sat-dist hist bins=60 sat<0.05=0.0% mean=0.985 p10=0.984 p90=0.986
Iter 0031580: train nll 1.386, valid error 074.350%, best valid error 074.070%, avg grad norm   0.166, avg grad norm (post clip)   0.053, rho_Whh  0.95, Omega  0.00, alpha  4.000, steps in the past 0.000, valid nll 1.386
  [diag] log10|dL/dh_t| hist bins=60 range=(-12.50,-11.50) mean=-12.00 p50=-12.00 p05=-12.00 p95=-12.00
  [diag] sat-dist hist bins=60 sat<0.05=0.0% mean=0.985 p10=0.984 p90=0.986
Iter 0031600: train nll 1.386, valid error 074.470%, best valid error 074.070%, avg grad norm   0.171, avg grad norm (post clip)   0.053, rho_Whh  0.95, Omega  0.00, alpha  4.000, steps in the past 0.000, valid nll 1.386
  [diag] log10|dL/dh_t| hist bins=60 range=(-12.50,-11.50) mean=-12.00 p50=-12.00 p05=-12.00 p95=-12.00
  [diag] sat-dist hist bins=60 sat<0.05=0.0% mean=0.985 p10=0.985 p90=0.986
Iter 0031620: train nll 1.386, valid error 074.330%, best valid error 074.070%, avg grad norm   0.196, avg grad norm (post clip)   0.053, rho_Whh  0.95, Omega  0.00, alpha  4.000, steps in the past 0.000, valid nll 1.386
  [diag] log10|dL/dh_t| hist bins=60 range=(-12.50,-11.50) mean=-12.00 p50=-12.00 p05=-12.00 p95=-12.00
  [diag] sat-dist hist bins=60 sat<0.05=0.0% mean=0.985 p10=0.985 p90=0.986
Iter 0031640: train nll 1.386, valid error 074.330%, best valid error 074.070%, avg grad norm   0.189, avg grad norm (post clip)   0.053, rho_Whh  0.95, Omega  0.00, alpha  4.000, steps in the past 0.000, valid nll 1.386
  [diag] log10|dL/dh_t| hist bins=60 range=(-12.50,-11.50) mean=-12.00 p50=-12.00 p05=-12.00 p95=-12.00
  [diag] sat-dist hist bins=60 sat<0.05=0.0% mean=0.985 p10=0.985 p90=0.986
Iter 0031660: train nll 1.386, valid error 074.340%, best valid error 074.070%, avg grad norm   0.179, avg grad norm (post clip)   0.053, rho_Whh  0.95, Omega  0.00, alpha  4.000, steps in the past 0.000, valid nll 1.386
  [diag] log10|dL/dh_t| hist bins=60 range=(-12.50,-11.50) mean=-12.00 p50=-12.00 p05=-12.00 p95=-12.00
  [diag] sat-dist hist bins=60 sat<0.05=0.0% mean=0.985 p10=0.985 p90=0.986
Iter 0031680: train nll 1.387, valid error 074.350%, best valid error 074.070%, avg grad norm   0.203, avg grad norm (post clip)   0.053, rho_Whh  0.95, Omega  0.00, alpha  4.000, steps in the past 0.000, valid nll 1.386
  [diag] log10|dL/dh_t| hist bins=60 range=(-12.50,-11.50) mean=-12.00 p50=-12.00 p05=-12.00 p95=-12.00
  [diag] sat-dist hist bins=60 sat<0.05=0.0% mean=0.985 p10=0.984 p90=0.986
Iter 0031700: train nll 1.386, valid error 074.480%, best valid error 074.070%, avg grad norm   0.194, avg grad norm (post clip)   0.053, rho_Whh  0.95, Omega  0.00, alpha  4.000, steps in the past 0.000, valid nll 1.386
  [diag] log10|dL/dh_t| hist bins=60 range=(-12.50,-11.50) mean=-12.00 p50=-12.00 p05=-12.00 p95=-12.00
  [diag] sat-dist hist bins=60 sat<0.05=0.0% mean=0.985 p10=0.985 p90=0.986
Iter 0031720: train nll 1.386, valid error 074.410%, best valid error 074.070%, avg grad norm   0.201, avg grad norm (post clip)   0.053, rho_Whh  0.95, Omega  0.00, alpha  4.000, steps in the past 0.000, valid nll 1.386
  [diag] log10|dL/dh_t| hist bins=60 range=(-12.50,-11.50) mean=-12.00 p50=-12.00 p05=-12.00 p95=-12.00
  [diag] sat-dist hist bins=60 sat<0.05=0.0% mean=0.985 p10=0.985 p90=0.986
Iter 0031740: train nll 1.386, valid error 074.350%, best valid error 074.070%, avg grad norm   0.194, avg grad norm (post clip)   0.053, rho_Whh  0.95, Omega  0.00, alpha  4.000, steps in the past 0.000, valid nll 1.386
  [diag] log10|dL/dh_t| hist bins=60 range=(-12.50,-11.50) mean=-12.00 p50=-12.00 p05=-12.00 p95=-12.00
  [diag] sat-dist hist bins=60 sat<0.05=0.0% mean=0.985 p10=0.985 p90=0.986
Iter 0031760: train nll 1.386, valid error 074.330%, best valid error 074.070%, avg grad norm   0.192, avg grad norm (post clip)   0.053, rho_Whh  0.95, Omega  0.00, alpha  4.000, steps in the past 0.000, valid nll 1.386
  [diag] log10|dL/dh_t| hist bins=60 range=(-12.50,-11.50) mean=-12.00 p50=-12.00 p05=-12.00 p95=-12.00
  [diag] sat-dist hist bins=60 sat<0.05=0.0% mean=0.985 p10=0.985 p90=0.986
Iter 0031780: train nll 1.386, valid error 074.330%, best valid error 074.070%, avg grad norm   0.174, avg grad norm (post clip)   0.053, rho_Whh  0.95, Omega  0.00, alpha  4.000, steps in the past 0.000, valid nll 1.386
  [diag] log10|dL/dh_t| hist bins=60 range=(-12.50,-11.50) mean=-12.00 p50=-12.00 p05=-12.00 p95=-12.00
  [diag] sat-dist hist bins=60 sat<0.05=0.0% mean=0.985 p10=0.985 p90=0.986
Iter 0031800: train nll 1.386, valid error 074.330%, best valid error 074.070%, avg grad norm   0.174, avg grad norm (post clip)   0.053, rho_Whh  0.95, Omega  0.00, alpha  4.000, steps in the past 0.000, valid nll 1.386
  [diag] log10|dL/dh_t| hist bins=60 range=(-12.50,-11.50) mean=-12.00 p50=-12.00 p05=-12.00 p95=-12.00
  [diag] sat-dist hist bins=60 sat<0.05=0.0% mean=0.985 p10=0.985 p90=0.986
Iter 0031820: train nll 1.386, valid error 074.330%, best valid error 074.070%, avg grad norm   0.169, avg grad norm (post clip)   0.053, rho_Whh  0.95, Omega  0.00, alpha  4.000, steps in the past 0.000, valid nll 1.386
  [diag] log10|dL/dh_t| hist bins=60 range=(-12.50,-11.50) mean=-12.00 p50=-12.00 p05=-12.00 p95=-12.00
  [diag] sat-dist hist bins=60 sat<0.05=0.0% mean=0.985 p10=0.985 p90=0.986
Iter 0031840: train nll 1.387, valid error 074.330%, best valid error 074.070%, avg grad norm   0.199, avg grad norm (post clip)   0.053, rho_Whh  0.95, Omega  0.00, alpha  4.000, steps in the past 0.000, valid nll 1.386
  [diag] log10|dL/dh_t| hist bins=60 range=(-12.50,-11.50) mean=-12.00 p50=-12.00 p05=-12.00 p95=-12.00
  [diag] sat-dist hist bins=60 sat<0.05=0.0% mean=0.985 p10=0.985 p90=0.986
Iter 0031860: train nll 1.386, valid error 074.330%, best valid error 074.070%, avg grad norm   0.197, avg grad norm (post clip)   0.053, rho_Whh  0.95, Omega  0.00, alpha  4.000, steps in the past 0.000, valid nll 1.386
  [diag] log10|dL/dh_t| hist bins=60 range=(-12.50,-11.50) mean=-12.00 p50=-12.00 p05=-12.00 p95=-12.00
  [diag] sat-dist hist bins=60 sat<0.05=0.0% mean=0.985 p10=0.985 p90=0.986
Iter 0031880: train nll 1.386, valid error 074.330%, best valid error 074.070%, avg grad norm   0.181, avg grad norm (post clip)   0.052, rho_Whh  0.95, Omega  0.00, alpha  4.000, steps in the past 0.000, valid nll 1.386
  [diag] log10|dL/dh_t| hist bins=60 range=(-12.50,-11.50) mean=-12.00 p50=-12.00 p05=-12.00 p95=-12.00
  [diag] sat-dist hist bins=60 sat<0.05=0.0% mean=0.985 p10=0.985 p90=0.986
Iter 0031900: train nll 1.386, valid error 074.330%, best valid error 074.070%, avg grad norm   0.179, avg grad norm (post clip)   0.053, rho_Whh  0.95, Omega  0.00, alpha  4.000, steps in the past 0.000, valid nll 1.386
  [diag] log10|dL/dh_t| hist bins=60 range=(-12.50,-11.50) mean=-12.00 p50=-12.00 p05=-12.00 p95=-12.00
  [diag] sat-dist hist bins=60 sat<0.05=0.0% mean=0.985 p10=0.985 p90=0.986
Iter 0031920: train nll 1.386, valid error 074.330%, best valid error 074.070%, avg grad norm   0.202, avg grad norm (post clip)   0.053, rho_Whh  0.95, Omega  0.00, alpha  4.000, steps in the past 0.000, valid nll 1.386
  [diag] log10|dL/dh_t| hist bins=60 range=(-12.50,-11.50) mean=-12.00 p50=-12.00 p05=-12.00 p95=-12.00
  [diag] sat-dist hist bins=60 sat<0.05=0.0% mean=0.985 p10=0.985 p90=0.986
Iter 0031940: train nll 1.386, valid error 074.330%, best valid error 074.070%, avg grad norm   0.189, avg grad norm (post clip)   0.053, rho_Whh  0.95, Omega  0.00, alpha  4.000, steps in the past 0.000, valid nll 1.386
  [diag] log10|dL/dh_t| hist bins=60 range=(-12.50,-11.50) mean=-12.00 p50=-12.00 p05=-12.00 p95=-12.00
  [diag] sat-dist hist bins=60 sat<0.05=0.0% mean=0.985 p10=0.985 p90=0.986
Iter 0031960: train nll 1.387, valid error 074.330%, best valid error 074.070%, avg grad norm   0.161, avg grad norm (post clip)   0.053, rho_Whh  0.95, Omega  0.00, alpha  4.000, steps in the past 0.000, valid nll 1.386
  [diag] log10|dL/dh_t| hist bins=60 range=(-12.50,-11.50) mean=-12.00 p50=-12.00 p05=-12.00 p95=-12.00
  [diag] sat-dist hist bins=60 sat<0.05=0.0% mean=0.985 p10=0.985 p90=0.986
Iter 0031980: train nll 1.387, valid error 074.330%, best valid error 074.070%, avg grad norm   0.186, avg grad norm (post clip)   0.053, rho_Whh  0.95, Omega  0.00, alpha  4.000, steps in the past 0.000, valid nll 1.386
  [diag] log10|dL/dh_t| hist bins=60 range=(-12.50,-11.50) mean=-12.00 p50=-12.00 p05=-12.00 p95=-12.00
  [diag] sat-dist hist bins=60 sat<0.05=0.0% mean=0.985 p10=0.985 p90=0.986
Iter 0032000: train nll 1.386, valid error 074.330%, best valid error 074.070%, avg grad norm   0.165, avg grad norm (post clip)   0.052, rho_Whh  0.95, Omega  0.00, alpha  4.000, steps in the past 0.000, valid nll 1.386
  [diag] log10|dL/dh_t| hist bins=60 range=(-12.50,-11.50) mean=-12.00 p50=-12.00 p05=-12.00 p95=-12.00
  [diag] sat-dist hist bins=60 sat<0.05=0.0% mean=0.985 p10=0.985 p90=0.986
Iter 0032020: train nll 1.386, valid error 074.330%, best valid error 074.070%, avg grad norm   0.155, avg grad norm (post clip)   0.052, rho_Whh  0.95, Omega  0.00, alpha  4.000, steps in the past 0.000, valid nll 1.386
  [diag] log10|dL/dh_t| hist bins=60 range=(-12.50,-11.50) mean=-12.00 p50=-12.00 p05=-12.00 p95=-12.00
  [diag] sat-dist hist bins=60 sat<0.05=0.0% mean=0.985 p10=0.985 p90=0.986
Iter 0032040: train nll 1.386, valid error 074.330%, best valid error 074.070%, avg grad norm   0.190, avg grad norm (post clip)   0.053, rho_Whh  0.95, Omega  0.00, alpha  4.000, steps in the past 0.000, valid nll 1.386
  [diag] log10|dL/dh_t| hist bins=60 range=(-12.50,-11.50) mean=-12.00 p50=-12.00 p05=-12.00 p95=-12.00
  [diag] sat-dist hist bins=60 sat<0.05=0.0% mean=0.985 p10=0.985 p90=0.986
Iter 0032060: train nll 1.386, valid error 074.330%, best valid error 074.070%, avg grad norm   0.175, avg grad norm (post clip)   0.053, rho_Whh  0.95, Omega  0.00, alpha  4.000, steps in the past 0.000, valid nll 1.386
  [diag] log10|dL/dh_t| hist bins=60 range=(-12.50,-11.50) mean=-12.00 p50=-12.00 p05=-12.00 p95=-12.00
  [diag] sat-dist hist bins=60 sat<0.05=0.0% mean=0.985 p10=0.985 p90=0.986
Iter 0032080: train nll 1.386, valid error 074.330%, best valid error 074.070%, avg grad norm   0.176, avg grad norm (post clip)   0.053, rho_Whh  0.95, Omega  0.00, alpha  4.000, steps in the past 0.000, valid nll 1.386
  [diag] log10|dL/dh_t| hist bins=60 range=(-12.50,-11.50) mean=-12.00 p50=-12.00 p05=-12.00 p95=-12.00
  [diag] sat-dist hist bins=60 sat<0.05=0.0% mean=0.985 p10=0.985 p90=0.986
Iter 0032100: train nll 1.386, valid error 074.330%, best valid error 074.070%, avg grad norm   0.181, avg grad norm (post clip)   0.053, rho_Whh  0.95, Omega  0.00, alpha  4.000, steps in the past 0.000, valid nll 1.386
  [diag] log10|dL/dh_t| hist bins=60 range=(-12.50,-11.50) mean=-12.00 p50=-12.00 p05=-12.00 p95=-12.00
  [diag] sat-dist hist bins=60 sat<0.05=0.0% mean=0.985 p10=0.985 p90=0.986
Iter 0032120: train nll 1.387, valid error 074.330%, best valid error 074.070%, avg grad norm   0.180, avg grad norm (post clip)   0.052, rho_Whh  0.95, Omega  0.00, alpha  4.000, steps in the past 0.000, valid nll 1.386
  [diag] log10|dL/dh_t| hist bins=60 range=(-12.50,-11.50) mean=-12.00 p50=-12.00 p05=-12.00 p95=-12.00
  [diag] sat-dist hist bins=60 sat<0.05=0.0% mean=0.986 p10=0.985 p90=0.986
Iter 0032140: train nll 1.386, valid error 074.330%, best valid error 074.070%, avg grad norm   0.199, avg grad norm (post clip)   0.053, rho_Whh  0.95, Omega  0.00, alpha  4.000, steps in the past 0.000, valid nll 1.386
  [diag] log10|dL/dh_t| hist bins=60 range=(-12.50,-11.50) mean=-12.00 p50=-12.00 p05=-12.00 p95=-12.00
  [diag] sat-dist hist bins=60 sat<0.05=0.0% mean=0.985 p10=0.985 p90=0.986
Iter 0032160: train nll 1.386, valid error 074.330%, best valid error 074.070%, avg grad norm   0.162, avg grad norm (post clip)   0.052, rho_Whh  0.95, Omega  0.00, alpha  4.000, steps in the past 0.000, valid nll 1.386
  [diag] log10|dL/dh_t| hist bins=60 range=(-12.50,-11.50) mean=-12.00 p50=-12.00 p05=-12.00 p95=-12.00
  [diag] sat-dist hist bins=60 sat<0.05=0.0% mean=0.985 p10=0.985 p90=0.986
Iter 0032180: train nll 1.386, valid error 074.330%, best valid error 074.070%, avg grad norm   0.200, avg grad norm (post clip)   0.053, rho_Whh  0.95, Omega  0.00, alpha  4.000, steps in the past 0.000, valid nll 1.386
  [diag] log10|dL/dh_t| hist bins=60 range=(-12.50,-11.50) mean=-12.00 p50=-12.00 p05=-12.00 p95=-12.00
  [diag] sat-dist hist bins=60 sat<0.05=0.0% mean=0.985 p10=0.985 p90=0.986
Iter 0032200: train nll 1.386, valid error 074.330%, best valid error 074.070%, avg grad norm   0.169, avg grad norm (post clip)   0.052, rho_Whh  0.95, Omega  0.00, alpha  4.000, steps in the past 0.000, valid nll 1.386
  [diag] log10|dL/dh_t| hist bins=60 range=(-12.50,-11.50) mean=-12.00 p50=-12.00 p05=-12.00 p95=-12.00
  [diag] sat-dist hist bins=60 sat<0.05=0.0% mean=0.985 p10=0.985 p90=0.986
Iter 0032220: train nll 1.386, valid error 074.330%, best valid error 074.070%, avg grad norm   0.162, avg grad norm (post clip)   0.053, rho_Whh  0.95, Omega  0.00, alpha  4.000, steps in the past 0.000, valid nll 1.386
  [diag] log10|dL/dh_t| hist bins=60 range=(-12.50,-11.50) mean=-12.00 p50=-12.00 p05=-12.00 p95=-12.00
  [diag] sat-dist hist bins=60 sat<0.05=0.0% mean=0.985 p10=0.985 p90=0.986
Iter 0032240: train nll 1.387, valid error 074.330%, best valid error 074.070%, avg grad norm   0.170, avg grad norm (post clip)   0.053, rho_Whh  0.95, Omega  0.00, alpha  4.000, steps in the past 0.000, valid nll 1.386
  [diag] log10|dL/dh_t| hist bins=60 range=(-12.50,-11.50) mean=-12.00 p50=-12.00 p05=-12.00 p95=-12.00
  [diag] sat-dist hist bins=60 sat<0.05=0.0% mean=0.985 p10=0.985 p90=0.986
Iter 0032260: train nll 1.386, valid error 074.330%, best valid error 074.070%, avg grad norm   0.162, avg grad norm (post clip)   0.052, rho_Whh  0.95, Omega  0.00, alpha  4.000, steps in the past 0.000, valid nll 1.386
  [diag] log10|dL/dh_t| hist bins=60 range=(-12.50,-11.50) mean=-12.00 p50=-12.00 p05=-12.00 p95=-12.00
  [diag] sat-dist hist bins=60 sat<0.05=0.0% mean=0.985 p10=0.985 p90=0.986
Iter 0032280: train nll 1.386, valid error 074.330%, best valid error 074.070%, avg grad norm   0.168, avg grad norm (post clip)   0.053, rho_Whh  0.95, Omega  0.00, alpha  4.000, steps in the past 0.000, valid nll 1.386
  [diag] log10|dL/dh_t| hist bins=60 range=(-12.50,-11.50) mean=-12.00 p50=-12.00 p05=-12.00 p95=-12.00
  [diag] sat-dist hist bins=60 sat<0.05=0.0% mean=0.985 p10=0.985 p90=0.986
Iter 0032300: train nll 1.387, valid error 074.330%, best valid error 074.070%, avg grad norm   0.192, avg grad norm (post clip)   0.053, rho_Whh  0.95, Omega  0.00, alpha  4.000, steps in the past 0.000, valid nll 1.386
  [diag] log10|dL/dh_t| hist bins=60 range=(-12.50,-11.50) mean=-12.00 p50=-12.00 p05=-12.00 p95=-12.00
  [diag] sat-dist hist bins=60 sat<0.05=0.0% mean=0.985 p10=0.985 p90=0.986
Iter 0032320: train nll 1.387, valid error 074.340%, best valid error 074.070%, avg grad norm   0.184, avg grad norm (post clip)   0.052, rho_Whh  0.95, Omega  0.00, alpha  4.000, steps in the past 0.000, valid nll 1.386
  [diag] log10|dL/dh_t| hist bins=60 range=(-12.50,-11.50) mean=-12.00 p50=-12.00 p05=-12.00 p95=-12.00
  [diag] sat-dist hist bins=60 sat<0.05=0.0% mean=0.985 p10=0.985 p90=0.986
Iter 0032340: train nll 1.386, valid error 074.330%, best valid error 074.070%, avg grad norm   0.189, avg grad norm (post clip)   0.053, rho_Whh  0.95, Omega  0.00, alpha  4.000, steps in the past 0.000, valid nll 1.386
  [diag] log10|dL/dh_t| hist bins=60 range=(-12.50,-11.50) mean=-12.00 p50=-12.00 p05=-12.00 p95=-12.00
  [diag] sat-dist hist bins=60 sat<0.05=0.0% mean=0.985 p10=0.985 p90=0.986
Iter 0032360: train nll 1.386, valid error 074.330%, best valid error 074.070%, avg grad norm   0.194, avg grad norm (post clip)   0.053, rho_Whh  0.95, Omega  0.00, alpha  4.000, steps in the past 0.000, valid nll 1.386
  [diag] log10|dL/dh_t| hist bins=60 range=(-12.50,-11.50) mean=-12.00 p50=-12.00 p05=-12.00 p95=-12.00
  [diag] sat-dist hist bins=60 sat<0.05=0.0% mean=0.986 p10=0.985 p90=0.986
Iter 0032380: train nll 1.386, valid error 074.330%, best valid error 074.070%, avg grad norm   0.192, avg grad norm (post clip)   0.053, rho_Whh  0.95, Omega  0.00, alpha  4.000, steps in the past 0.000, valid nll 1.386
  [diag] log10|dL/dh_t| hist bins=60 range=(-12.50,-11.50) mean=-12.00 p50=-12.00 p05=-12.00 p95=-12.00
  [diag] sat-dist hist bins=60 sat<0.05=0.0% mean=0.985 p10=0.985 p90=0.986
Iter 0032400: train nll 1.386, valid error 074.330%, best valid error 074.070%, avg grad norm   0.173, avg grad norm (post clip)   0.052, rho_Whh  0.95, Omega  0.00, alpha  4.000, steps in the past 0.000, valid nll 1.386
  [diag] log10|dL/dh_t| hist bins=60 range=(-12.50,-11.50) mean=-12.00 p50=-12.00 p05=-12.00 p95=-12.00
  [diag] sat-dist hist bins=60 sat<0.05=0.0% mean=0.985 p10=0.985 p90=0.986
Iter 0032420: train nll 1.386, valid error 074.330%, best valid error 074.070%, avg grad norm   0.149, avg grad norm (post clip)   0.052, rho_Whh  0.95, Omega  0.00, alpha  4.000, steps in the past 0.000, valid nll 1.386
  [diag] log10|dL/dh_t| hist bins=60 range=(-12.50,-11.50) mean=-12.00 p50=-12.00 p05=-12.00 p95=-12.00
  [diag] sat-dist hist bins=60 sat<0.05=0.0% mean=0.986 p10=0.985 p90=0.986
Iter 0032440: train nll 1.386, valid error 074.330%, best valid error 074.070%, avg grad norm   0.183, avg grad norm (post clip)   0.053, rho_Whh  0.95, Omega  0.00, alpha  4.000, steps in the past 0.000, valid nll 1.386
  [diag] log10|dL/dh_t| hist bins=60 range=(-12.50,-11.50) mean=-12.00 p50=-12.00 p05=-12.00 p95=-12.00
  [diag] sat-dist hist bins=60 sat<0.05=0.0% mean=0.985 p10=0.985 p90=0.986
Iter 0032460: train nll 1.386, valid error 074.330%, best valid error 074.070%, avg grad norm   0.191, avg grad norm (post clip)   0.053, rho_Whh  0.95, Omega  0.00, alpha  4.000, steps in the past 0.000, valid nll 1.386
  [diag] log10|dL/dh_t| hist bins=60 range=(-12.50,-11.50) mean=-12.00 p50=-12.00 p05=-12.00 p95=-12.00
  [diag] sat-dist hist bins=60 sat<0.05=0.0% mean=0.985 p10=0.985 p90=0.986
Iter 0032480: train nll 1.386, valid error 074.390%, best valid error 074.070%, avg grad norm   0.192, avg grad norm (post clip)   0.053, rho_Whh  0.95, Omega  0.00, alpha  4.000, steps in the past 0.000, valid nll 1.386
  [diag] log10|dL/dh_t| hist bins=60 range=(-12.50,-11.50) mean=-12.00 p50=-12.00 p05=-12.00 p95=-12.00
  [diag] sat-dist hist bins=60 sat<0.05=0.0% mean=0.985 p10=0.985 p90=0.986
Iter 0032500: train nll 1.386, valid error 074.470%, best valid error 074.070%, avg grad norm   0.173, avg grad norm (post clip)   0.052, rho_Whh  0.95, Omega  0.00, alpha  4.000, steps in the past 0.000, valid nll 1.386
  [diag] log10|dL/dh_t| hist bins=60 range=(-12.50,-11.50) mean=-12.00 p50=-12.00 p05=-12.00 p95=-12.00
  [diag] sat-dist hist bins=60 sat<0.05=0.0% mean=0.985 p10=0.985 p90=0.986
Iter 0032520: train nll 1.386, valid error 074.440%, best valid error 074.070%, avg grad norm   0.157, avg grad norm (post clip)   0.053, rho_Whh  0.95, Omega  0.00, alpha  4.000, steps in the past 0.000, valid nll 1.386
  [diag] log10|dL/dh_t| hist bins=60 range=(-12.50,-11.50) mean=-12.00 p50=-12.00 p05=-12.00 p95=-12.00
  [diag] sat-dist hist bins=60 sat<0.05=0.0% mean=0.986 p10=0.985 p90=0.986
Iter 0032540: train nll 1.386, valid error 074.330%, best valid error 074.070%, avg grad norm   0.193, avg grad norm (post clip)   0.053, rho_Whh  0.95, Omega  0.00, alpha  4.000, steps in the past 0.000, valid nll 1.386
  [diag] log10|dL/dh_t| hist bins=60 range=(-12.50,-11.50) mean=-12.00 p50=-12.00 p05=-12.00 p95=-12.00
  [diag] sat-dist hist bins=60 sat<0.05=0.0% mean=0.986 p10=0.985 p90=0.986
Iter 0032560: train nll 1.386, valid error 074.330%, best valid error 074.070%, avg grad norm   0.193, avg grad norm (post clip)   0.053, rho_Whh  0.95, Omega  0.00, alpha  4.000, steps in the past 0.000, valid nll 1.386
  [diag] log10|dL/dh_t| hist bins=60 range=(-12.50,-11.50) mean=-12.00 p50=-12.00 p05=-12.00 p95=-12.00
  [diag] sat-dist hist bins=60 sat<0.05=0.0% mean=0.985 p10=0.985 p90=0.986
Iter 0032580: train nll 1.386, valid error 074.330%, best valid error 074.070%, avg grad norm   0.174, avg grad norm (post clip)   0.053, rho_Whh  0.95, Omega  0.00, alpha  4.000, steps in the past 0.000, valid nll 1.386
  [diag] log10|dL/dh_t| hist bins=60 range=(-12.50,-11.50) mean=-12.00 p50=-12.00 p05=-12.00 p95=-12.00
  [diag] sat-dist hist bins=60 sat<0.05=0.0% mean=0.986 p10=0.985 p90=0.986
Iter 0032600: train nll 1.385, valid error 074.330%, best valid error 074.070%, avg grad norm   0.178, avg grad norm (post clip)   0.053, rho_Whh  0.95, Omega  0.00, alpha  4.000, steps in the past 0.000, valid nll 1.386
  [diag] log10|dL/dh_t| hist bins=60 range=(-12.50,-11.50) mean=-12.00 p50=-12.00 p05=-12.00 p95=-12.00
  [diag] sat-dist hist bins=60 sat<0.05=0.0% mean=0.986 p10=0.985 p90=0.986
Iter 0032620: train nll 1.386, valid error 074.330%, best valid error 074.070%, avg grad norm   0.191, avg grad norm (post clip)   0.053, rho_Whh  0.95, Omega  0.00, alpha  4.000, steps in the past 0.000, valid nll 1.386
  [diag] log10|dL/dh_t| hist bins=60 range=(-12.50,-11.50) mean=-12.00 p50=-12.00 p05=-12.00 p95=-12.00
  [diag] sat-dist hist bins=60 sat<0.05=0.0% mean=0.985 p10=0.985 p90=0.986
Iter 0032640: train nll 1.386, valid error 074.330%, best valid error 074.070%, avg grad norm   0.173, avg grad norm (post clip)   0.053, rho_Whh  0.95, Omega  0.00, alpha  4.000, steps in the past 0.000, valid nll 1.386
  [diag] log10|dL/dh_t| hist bins=60 range=(-12.50,-11.50) mean=-12.00 p50=-12.00 p05=-12.00 p95=-12.00
  [diag] sat-dist hist bins=60 sat<0.05=0.0% mean=0.985 p10=0.985 p90=0.986
Iter 0032660: train nll 1.387, valid error 074.330%, best valid error 074.070%, avg grad norm   0.194, avg grad norm (post clip)   0.053, rho_Whh  0.95, Omega  0.00, alpha  4.000, steps in the past 0.000, valid nll 1.386
  [diag] log10|dL/dh_t| hist bins=60 range=(-12.50,-11.50) mean=-12.00 p50=-12.00 p05=-12.00 p95=-12.00
  [diag] sat-dist hist bins=60 sat<0.05=0.0% mean=0.985 p10=0.985 p90=0.986
Iter 0032680: train nll 1.386, valid error 074.330%, best valid error 074.070%, avg grad norm   0.185, avg grad norm (post clip)   0.053, rho_Whh  0.95, Omega  0.00, alpha  4.000, steps in the past 0.000, valid nll 1.386
  [diag] log10|dL/dh_t| hist bins=60 range=(-12.50,-11.50) mean=-12.00 p50=-12.00 p05=-12.00 p95=-12.00
  [diag] sat-dist hist bins=60 sat<0.05=0.0% mean=0.985 p10=0.985 p90=0.986
Iter 0032700: train nll 1.386, valid error 074.330%, best valid error 074.070%, avg grad norm   0.143, avg grad norm (post clip)   0.052, rho_Whh  0.95, Omega  0.00, alpha  4.000, steps in the past 0.000, valid nll 1.386
  [diag] log10|dL/dh_t| hist bins=60 range=(-12.50,-11.50) mean=-12.00 p50=-12.00 p05=-12.00 p95=-12.00
  [diag] sat-dist hist bins=60 sat<0.05=0.0% mean=0.985 p10=0.985 p90=0.986
Iter 0032720: train nll 1.386, valid error 074.350%, best valid error 074.070%, avg grad norm   0.179, avg grad norm (post clip)   0.053, rho_Whh  0.95, Omega  0.00, alpha  4.000, steps in the past 0.000, valid nll 1.386
  [diag] log10|dL/dh_t| hist bins=60 range=(-12.50,-11.50) mean=-12.00 p50=-12.00 p05=-12.00 p95=-12.00
  [diag] sat-dist hist bins=60 sat<0.05=0.0% mean=0.985 p10=0.985 p90=0.986
Iter 0032740: train nll 1.386, valid error 074.330%, best valid error 074.070%, avg grad norm   0.174, avg grad norm (post clip)   0.053, rho_Whh  0.95, Omega  0.00, alpha  4.000, steps in the past 0.000, valid nll 1.386
  [diag] log10|dL/dh_t| hist bins=60 range=(-12.50,-11.50) mean=-12.00 p50=-12.00 p05=-12.00 p95=-12.00
  [diag] sat-dist hist bins=60 sat<0.05=0.0% mean=0.985 p10=0.985 p90=0.986
Iter 0032760: train nll 1.387, valid error 074.340%, best valid error 074.070%, avg grad norm   0.167, avg grad norm (post clip)   0.053, rho_Whh  0.95, Omega  0.00, alpha  4.000, steps in the past 0.000, valid nll 1.386
  [diag] log10|dL/dh_t| hist bins=60 range=(-12.50,-11.50) mean=-12.00 p50=-12.00 p05=-12.00 p95=-12.00
  [diag] sat-dist hist bins=60 sat<0.05=0.0% mean=0.985 p10=0.985 p90=0.986
Iter 0032780: train nll 1.386, valid error 074.530%, best valid error 074.070%, avg grad norm   0.173, avg grad norm (post clip)   0.051, rho_Whh  0.95, Omega  0.00, alpha  4.000, steps in the past 0.000, valid nll 1.386
  [diag] log10|dL/dh_t| hist bins=60 range=(-12.50,-11.50) mean=-12.00 p50=-12.00 p05=-12.00 p95=-12.00
  [diag] sat-dist hist bins=60 sat<0.05=0.0% mean=0.985 p10=0.985 p90=0.986
Iter 0032800: train nll 1.387, valid error 074.550%, best valid error 074.070%, avg grad norm   0.196, avg grad norm (post clip)   0.053, rho_Whh  0.95, Omega  0.00, alpha  4.000, steps in the past 0.000, valid nll 1.386
  [diag] log10|dL/dh_t| hist bins=60 range=(-12.50,-11.50) mean=-12.00 p50=-12.00 p05=-12.00 p95=-12.00
  [diag] sat-dist hist bins=60 sat<0.05=0.0% mean=0.985 p10=0.985 p90=0.986
Iter 0032820: train nll 1.386, valid error 074.480%, best valid error 074.070%, avg grad norm   0.155, avg grad norm (post clip)   0.052, rho_Whh  0.95, Omega  0.00, alpha  4.000, steps in the past 0.000, valid nll 1.386
  [diag] log10|dL/dh_t| hist bins=60 range=(-12.50,-11.50) mean=-12.00 p50=-12.00 p05=-12.00 p95=-12.00
  [diag] sat-dist hist bins=60 sat<0.05=0.0% mean=0.985 p10=0.985 p90=0.986
Iter 0032840: train nll 1.386, valid error 074.480%, best valid error 074.070%, avg grad norm   0.182, avg grad norm (post clip)   0.052, rho_Whh  0.95, Omega  0.00, alpha  4.000, steps in the past 0.000, valid nll 1.386
  [diag] log10|dL/dh_t| hist bins=60 range=(-12.50,-11.50) mean=-12.00 p50=-12.00 p05=-12.00 p95=-12.00
  [diag] sat-dist hist bins=60 sat<0.05=0.0% mean=0.985 p10=0.985 p90=0.986
Iter 0032860: train nll 1.386, valid error 074.400%, best valid error 074.070%, avg grad norm   0.182, avg grad norm (post clip)   0.053, rho_Whh  0.95, Omega  0.00, alpha  4.000, steps in the past 0.000, valid nll 1.386
  [diag] log10|dL/dh_t| hist bins=60 range=(-12.50,-11.50) mean=-12.00 p50=-12.00 p05=-12.00 p95=-12.00
  [diag] sat-dist hist bins=60 sat<0.05=0.0% mean=0.985 p10=0.985 p90=0.986
Iter 0032880: train nll 1.387, valid error 074.670%, best valid error 074.070%, avg grad norm   0.191, avg grad norm (post clip)   0.053, rho_Whh  0.95, Omega  0.00, alpha  4.000, steps in the past 0.000, valid nll 1.386
  [diag] log10|dL/dh_t| hist bins=60 range=(-12.50,-11.50) mean=-12.00 p50=-12.00 p05=-12.00 p95=-12.00
  [diag] sat-dist hist bins=60 sat<0.05=0.0% mean=0.985 p10=0.985 p90=0.986
Iter 0032900: train nll 1.386, valid error 074.400%, best valid error 074.070%, avg grad norm   0.183, avg grad norm (post clip)   0.053, rho_Whh  0.95, Omega  0.00, alpha  4.000, steps in the past 0.000, valid nll 1.386
  [diag] log10|dL/dh_t| hist bins=60 range=(-12.50,-11.50) mean=-12.00 p50=-12.00 p05=-12.00 p95=-12.00
  [diag] sat-dist hist bins=60 sat<0.05=0.0% mean=0.985 p10=0.985 p90=0.986
Iter 0032920: train nll 1.386, valid error 074.660%, best valid error 074.070%, avg grad norm   0.186, avg grad norm (post clip)   0.053, rho_Whh  0.95, Omega  0.00, alpha  4.000, steps in the past 0.000, valid nll 1.386
  [diag] log10|dL/dh_t| hist bins=60 range=(-12.50,-11.50) mean=-12.00 p50=-12.00 p05=-12.00 p95=-12.00
  [diag] sat-dist hist bins=60 sat<0.05=0.0% mean=0.985 p10=0.985 p90=0.986
Iter 0032940: train nll 1.386, valid error 074.450%, best valid error 074.070%, avg grad norm   0.172, avg grad norm (post clip)   0.053, rho_Whh  0.95, Omega  0.00, alpha  4.000, steps in the past 0.000, valid nll 1.386
  [diag] log10|dL/dh_t| hist bins=60 range=(-12.50,-11.50) mean=-12.00 p50=-12.00 p05=-12.00 p95=-12.00
  [diag] sat-dist hist bins=60 sat<0.05=0.0% mean=0.985 p10=0.985 p90=0.986
Iter 0032960: train nll 1.386, valid error 074.580%, best valid error 074.070%, avg grad norm   0.172, avg grad norm (post clip)   0.052, rho_Whh  0.95, Omega  0.00, alpha  4.000, steps in the past 0.000, valid nll 1.386
  [diag] log10|dL/dh_t| hist bins=60 range=(-12.50,-11.50) mean=-12.00 p50=-12.00 p05=-12.00 p95=-12.00
  [diag] sat-dist hist bins=60 sat<0.05=0.0% mean=0.985 p10=0.985 p90=0.986
Iter 0032980: train nll 1.386, valid error 074.510%, best valid error 074.070%, avg grad norm   0.203, avg grad norm (post clip)   0.053, rho_Whh  0.95, Omega  0.00, alpha  4.000, steps in the past 0.000, valid nll 1.386
  [diag] log10|dL/dh_t| hist bins=60 range=(-12.50,-11.50) mean=-12.00 p50=-12.00 p05=-12.00 p95=-12.00
  [diag] sat-dist hist bins=60 sat<0.05=0.0% mean=0.985 p10=0.985 p90=0.986
Iter 0033000: train nll 1.386, valid error 074.530%, best valid error 074.070%, avg grad norm   0.185, avg grad norm (post clip)   0.053, rho_Whh  0.95, Omega  0.00, alpha  4.000, steps in the past 0.000, valid nll 1.386
  [diag] log10|dL/dh_t| hist bins=60 range=(-12.50,-11.50) mean=-12.00 p50=-12.00 p05=-12.00 p95=-12.00
  [diag] sat-dist hist bins=60 sat<0.05=0.0% mean=0.985 p10=0.985 p90=0.986
Iter 0033020: train nll 1.387, valid error 074.410%, best valid error 074.070%, avg grad norm   0.210, avg grad norm (post clip)   0.053, rho_Whh  0.95, Omega  0.00, alpha  4.000, steps in the past 0.000, valid nll 1.386
  [diag] log10|dL/dh_t| hist bins=60 range=(-12.50,-11.50) mean=-12.00 p50=-12.00 p05=-12.00 p95=-12.00
  [diag] sat-dist hist bins=60 sat<0.05=0.0% mean=0.985 p10=0.985 p90=0.986
Iter 0033040: train nll 1.387, valid error 074.370%, best valid error 074.070%, avg grad norm   0.167, avg grad norm (post clip)   0.052, rho_Whh  0.95, Omega  0.00, alpha  4.000, steps in the past 0.000, valid nll 1.386
  [diag] log10|dL/dh_t| hist bins=60 range=(-12.50,-11.50) mean=-12.00 p50=-12.00 p05=-12.00 p95=-12.00
  [diag] sat-dist hist bins=60 sat<0.05=0.0% mean=0.985 p10=0.985 p90=0.986
Iter 0033060: train nll 1.387, valid error 074.480%, best valid error 074.070%, avg grad norm   0.200, avg grad norm (post clip)   0.053, rho_Whh  0.95, Omega  0.00, alpha  4.000, steps in the past 0.000, valid nll 1.386
  [diag] log10|dL/dh_t| hist bins=60 range=(-12.50,-11.50) mean=-12.00 p50=-12.00 p05=-12.00 p95=-12.00
  [diag] sat-dist hist bins=60 sat<0.05=0.0% mean=0.985 p10=0.985 p90=0.986
Iter 0033080: train nll 1.386, valid error 074.600%, best valid error 074.070%, avg grad norm   0.170, avg grad norm (post clip)   0.053, rho_Whh  0.95, Omega  0.00, alpha  4.000, steps in the past 0.000, valid nll 1.386
  [diag] log10|dL/dh_t| hist bins=60 range=(-12.50,-11.50) mean=-12.00 p50=-12.00 p05=-12.00 p95=-12.00
  [diag] sat-dist hist bins=60 sat<0.05=0.0% mean=0.985 p10=0.985 p90=0.986
Iter 0033100: train nll 1.387, valid error 074.680%, best valid error 074.070%, avg grad norm   0.206, avg grad norm (post clip)   0.053, rho_Whh  0.95, Omega  0.00, alpha  4.000, steps in the past 0.000, valid nll 1.386
